Entity,Code,Year,Egg supply per person
Afghanistan,AFG,1961,0.913467
Afghanistan,AFG,1962,0.9818181
Afghanistan,AFG,1963,1.0113602
Afghanistan,AFG,1964,1.0311283
Afghanistan,AFG,1965,1.0702966
Afghanistan,AFG,1966,1.080116
Afghanistan,AFG,1967,1.2064846
Afghanistan,AFG,1968,1.0897093
Afghanistan,AFG,1969,1.1393714
Afghanistan,AFG,1970,1.0147479
Afghanistan,AFG,1971,0.92011774
Afghanistan,AFG,1972,0.89390165
Afghanistan,AFG,1973,0.8956292
Afghanistan,AFG,1974,0.8760725
Afghanistan,AFG,1975,0.8647087
Afghanistan,AFG,1976,0.843349
Afghanistan,AFG,1977,0.84022516
Afghanistan,AFG,1978,0.82430637
Afghanistan,AFG,1979,0.8348986
Afghanistan,AFG,1980,0.8606979
Afghanistan,AFG,1981,0.9665237
Afghanistan,AFG,1982,1.0574905
Afghanistan,AFG,1983,1.053993
Afghanistan,AFG,1984,1.0275382
Afghanistan,AFG,1985,1.008939
Afghanistan,AFG,1986,1.0157429
Afghanistan,AFG,1987,1.0103354
Afghanistan,AFG,1988,1.0035017
Afghanistan,AFG,1989,1.0011631
Afghanistan,AFG,1990,0.9641386
Afghanistan,AFG,1991,0.94804764
Afghanistan,AFG,1992,0.8737175
Afghanistan,AFG,1993,0.7819456
Afghanistan,AFG,1994,0.73037636
Afghanistan,AFG,1995,0.7007263
Afghanistan,AFG,1996,0.8500858
Afghanistan,AFG,1997,0.8143566
Afghanistan,AFG,1998,0.78354347
Afghanistan,AFG,1999,0.75374126
Afghanistan,AFG,2000,0.60361886
Afghanistan,AFG,2001,0.51569533
Afghanistan,AFG,2002,0.7373954
Afghanistan,AFG,2003,0.7524656
Afghanistan,AFG,2004,0.6422559
Afghanistan,AFG,2005,0.7232787
Afghanistan,AFG,2006,0.6855338
Afghanistan,AFG,2007,0.9355932
Afghanistan,AFG,2008,1.0717816
Afghanistan,AFG,2009,0.9987191
Afghanistan,AFG,2010,0.90000004
Afghanistan,AFG,2011,1.0800002
Afghanistan,AFG,2012,0.8999998
Afghanistan,AFG,2013,1.2599996
Afghanistan,AFG,2014,1.7199996
Afghanistan,AFG,2015,1.7699997
Afghanistan,AFG,2016,1.7099999
Afghanistan,AFG,2017,1.8099993
Afghanistan,AFG,2018,1.56
Afghanistan,AFG,2019,0.89999986
Afghanistan,AFG,2020,2.9200003
Afghanistan,AFG,2021,2.86
Afghanistan,AFG,2022,0.69999987
Afghanistan,AFG,2023,0.58
Africa,OWID_AFR,1961,1.2004286
Africa,OWID_AFR,1962,1.2100682
Africa,OWID_AFR,1963,1.2060422
Africa,OWID_AFR,1964,1.2404896
Africa,OWID_AFR,1965,1.3081195
Africa,OWID_AFR,1966,1.3526267
Africa,OWID_AFR,1967,1.3839482
Africa,OWID_AFR,1968,1.4305131
Africa,OWID_AFR,1969,1.4436878
Africa,OWID_AFR,1970,1.4191836
Africa,OWID_AFR,1971,1.4327145
Africa,OWID_AFR,1972,1.4481261
Africa,OWID_AFR,1973,1.4554027
Africa,OWID_AFR,1974,1.5271155
Africa,OWID_AFR,1975,1.6079009
Africa,OWID_AFR,1976,1.6041665
Africa,OWID_AFR,1977,1.6830574
Africa,OWID_AFR,1978,1.7697359
Africa,OWID_AFR,1979,1.771688
Africa,OWID_AFR,1980,1.8299803
Africa,OWID_AFR,1981,1.8397046
Africa,OWID_AFR,1982,1.9811873
Africa,OWID_AFR,1983,1.9749807
Africa,OWID_AFR,1984,1.8843125
Africa,OWID_AFR,1985,1.9274031
Africa,OWID_AFR,1986,1.9691092
Africa,OWID_AFR,1987,2.0571313
Africa,OWID_AFR,1988,2.0888119
Africa,OWID_AFR,1989,1.9450129
Africa,OWID_AFR,1990,2.13932
Africa,OWID_AFR,1991,2.1184936
Africa,OWID_AFR,1992,2.0771263
Africa,OWID_AFR,1993,2.0274215
Africa,OWID_AFR,1994,2.065674
Africa,OWID_AFR,1995,2.0668006
Africa,OWID_AFR,1996,1.9132836
Africa,OWID_AFR,1997,1.8752443
Africa,OWID_AFR,1998,2.0699153
Africa,OWID_AFR,1999,2.112696
Africa,OWID_AFR,2000,2.036537
Africa,OWID_AFR,2001,2.0865595
Africa,OWID_AFR,2002,2.2036095
Africa,OWID_AFR,2003,2.1709583
Africa,OWID_AFR,2004,2.1731355
Africa,OWID_AFR,2005,2.1276693
Africa,OWID_AFR,2006,2.1752925
Africa,OWID_AFR,2007,2.2547646
Africa,OWID_AFR,2008,2.292906
Africa,OWID_AFR,2009,2.1600091
Africa,OWID_AFR,2010,2.1368253
Africa,OWID_AFR,2011,2.191477
Africa,OWID_AFR,2012,2.3753726
Africa,OWID_AFR,2013,2.3256285
Africa,OWID_AFR,2014,2.320704
Africa,OWID_AFR,2015,2.3319416
Africa,OWID_AFR,2016,2.1979923
Africa,OWID_AFR,2017,2.2630918
Africa,OWID_AFR,2018,2.119094
Africa,OWID_AFR,2019,2.1921089
Africa,OWID_AFR,2020,2.293466
Africa,OWID_AFR,2021,2.2663982
Africa,OWID_AFR,2022,2.2159507
Africa,OWID_AFR,2023,2.2728367
Africa (FAO),,1961,1.2
Africa (FAO),,1962,1.21
Africa (FAO),,1963,1.2
Africa (FAO),,1964,1.24
Africa (FAO),,1965,1.3
Africa (FAO),,1966,1.35
Africa (FAO),,1967,1.38
Africa (FAO),,1968,1.42
Africa (FAO),,1969,1.44
Africa (FAO),,1970,1.41
Africa (FAO),,1971,1.43
Africa (FAO),,1972,1.44
Africa (FAO),,1973,1.45
Africa (FAO),,1974,1.53
Africa (FAO),,1975,1.61
Africa (FAO),,1976,1.61
Africa (FAO),,1977,1.69
Africa (FAO),,1978,1.78
Africa (FAO),,1979,1.78
Africa (FAO),,1980,1.84
Africa (FAO),,1981,1.86
Africa (FAO),,1982,2
Africa (FAO),,1983,2
Africa (FAO),,1984,1.9
Africa (FAO),,1985,1.95
Africa (FAO),,1986,1.99
Africa (FAO),,1987,2.08
Africa (FAO),,1988,2.11
Africa (FAO),,1989,1.97
Africa (FAO),,1990,2.17
Africa (FAO),,1991,2.15
Africa (FAO),,1992,2.12
Africa (FAO),,1993,2.07
Africa (FAO),,1994,2.11
Africa (FAO),,1995,2.11
Africa (FAO),,1996,1.96
Africa (FAO),,1997,1.92
Africa (FAO),,1998,2.12
Africa (FAO),,1999,2.17
Africa (FAO),,2000,2.09
Africa (FAO),,2001,2.14
Africa (FAO),,2002,2.27
Africa (FAO),,2003,2.23
Africa (FAO),,2004,2.24
Africa (FAO),,2005,2.2
Africa (FAO),,2006,2.25
Africa (FAO),,2007,2.33
Africa (FAO),,2008,2.38
Africa (FAO),,2009,2.24
Africa (FAO),,2010,2.2
Africa (FAO),,2011,2.26
Africa (FAO),,2012,2.37
Africa (FAO),,2013,2.32
Africa (FAO),,2014,2.32
Africa (FAO),,2015,2.33
Africa (FAO),,2016,2.2
Africa (FAO),,2017,2.26
Africa (FAO),,2018,2.12
Africa (FAO),,2019,2.19
Africa (FAO),,2020,2.29
Africa (FAO),,2021,2.27
Africa (FAO),,2022,2.21
Africa (FAO),,2023,2.1
Albania,ALB,1961,1.4736865
Albania,ALB,1962,1.4885771
Albania,ALB,1963,1.3940296
Albania,ALB,1964,1.3852165
Albania,ALB,1965,1.3750919
Albania,ALB,1966,1.3333511
Albania,ALB,1967,1.448392
Albania,ALB,1968,1.5020097
Albania,ALB,1969,1.5979002
Albania,ALB,1970,1.5886387
Albania,ALB,1971,1.4731576
Albania,ALB,1972,1.5044261
Albania,ALB,1973,1.7533407
Albania,ALB,1974,1.9631307
Albania,ALB,1975,2.5210593
Albania,ALB,1976,2.4656224
Albania,ALB,1977,2.341975
Albania,ALB,1978,2.6630294
Albania,ALB,1979,2.609845
Albania,ALB,1980,2.5596032
Albania,ALB,1981,2.5076933
Albania,ALB,1982,2.8067484
Albania,ALB,1983,3.0962834
Albania,ALB,1984,3.2085314
Albania,ALB,1985,3.468318
Albania,ALB,1986,3.6559553
Albania,ALB,1987,3.9967823
Albania,ALB,1988,3.9559479
Albania,ALB,1989,4.4476686
Albania,ALB,1990,4.6374106
Albania,ALB,1991,3.6575186
Albania,ALB,1992,3.7278986
Albania,ALB,1993,5.128892
Albania,ALB,1994,5.051029
Albania,ALB,1995,5.2143927
Albania,ALB,1996,5.8571057
Albania,ALB,1997,4.9506063
Albania,ALB,1998,5.2928476
Albania,ALB,1999,5.6815815
Albania,ALB,2000,6.555413
Albania,ALB,2001,6.127436
Albania,ALB,2002,6.6965165
Albania,ALB,2003,7.250656
Albania,ALB,2004,7.2650714
Albania,ALB,2005,7.303882
Albania,ALB,2006,7.3902464
Albania,ALB,2007,6.964832
Albania,ALB,2008,7.394275
Albania,ALB,2009,8.075704
Albania,ALB,2010,7.94997
Albania,ALB,2011,8.370003
Albania,ALB,2012,13.649985
Albania,ALB,2013,13.619995
Albania,ALB,2014,13.940009
Albania,ALB,2015,14.919979
Albania,ALB,2016,15.200011
Albania,ALB,2017,14.619975
Albania,ALB,2018,15.190004
Albania,ALB,2019,15.789994
Albania,ALB,2020,15.87
Albania,ALB,2021,16.819994
Albania,ALB,2022,15.189979
Albania,ALB,2023,11.62
Algeria,DZA,1961,1.1731124
Algeria,DZA,1962,1.0037482
Algeria,DZA,1963,0.71911806
Algeria,DZA,1964,0.6946941
Algeria,DZA,1965,0.70227194
Algeria,DZA,1966,0.6775142
Algeria,DZA,1967,0.71278954
Algeria,DZA,1968,0.7695898
Algeria,DZA,1969,0.80574006
Algeria,DZA,1970,0.7887086
Algeria,DZA,1971,0.78172845
Algeria,DZA,1972,0.8064005
Algeria,DZA,1973,0.8199334
Algeria,DZA,1974,0.8656288
Algeria,DZA,1975,1.1059034
Algeria,DZA,1976,1.4136449
Algeria,DZA,1977,1.862955
Algeria,DZA,1978,3.2773237
Algeria,DZA,1979,2.5966456
Algeria,DZA,1980,3.5481071
Algeria,DZA,1981,3.6922219
Algeria,DZA,1982,5.110146
Algeria,DZA,1983,5.4367876
Algeria,DZA,1984,4.0609784
Algeria,DZA,1985,4.3081026
Algeria,DZA,1986,2.81489
Algeria,DZA,1987,3.2654572
Algeria,DZA,1988,3.5018487
Algeria,DZA,1989,3.6369584
Algeria,DZA,1990,5.02551
Algeria,DZA,1991,4.460267
Algeria,DZA,1992,3.3089273
Algeria,DZA,1993,3.2207656
Algeria,DZA,1994,3.4849277
Algeria,DZA,1995,3.9951327
Algeria,DZA,1996,2.3540435
Algeria,DZA,1997,2.6467867
Algeria,DZA,1998,3.0867033
Algeria,DZA,1999,2.5452373
Algeria,DZA,2000,2.730159
Algeria,DZA,2001,2.8936946
Algeria,DZA,2002,4.431864
Algeria,DZA,2003,4.5438876
Algeria,DZA,2004,4.871226
Algeria,DZA,2005,4.615763
Algeria,DZA,2006,4.649031
Algeria,DZA,2007,5.019808
Algeria,DZA,2008,4.6071005
Algeria,DZA,2009,4.7771955
Algeria,DZA,2010,6.51
Algeria,DZA,2011,6.860001
Algeria,DZA,2012,7.4200015
Algeria,DZA,2013,8.169999
Algeria,DZA,2014,8.099999
Algeria,DZA,2015,8.700001
Algeria,DZA,2016,8.59
Algeria,DZA,2017,7.11
Algeria,DZA,2018,6.680001
Algeria,DZA,2019,6.73
Algeria,DZA,2020,6.3399997
Algeria,DZA,2021,6.1800003
Algeria,DZA,2022,6.2
Algeria,DZA,2023,6.0499997
Americas (FAO),,1961,10.22
Americas (FAO),,1962,10.15
Americas (FAO),,1963,10
Americas (FAO),,1964,10.1
Americas (FAO),,1965,10.03
Americas (FAO),,1966,10.02
Americas (FAO),,1967,10.27
Americas (FAO),,1968,10.09
Americas (FAO),,1969,9.98
Americas (FAO),,1970,10.06
Americas (FAO),,1971,10.09
Americas (FAO),,1972,10.01
Americas (FAO),,1973,9.61
Americas (FAO),,1974,9.45
Americas (FAO),,1975,9.44
Americas (FAO),,1976,9.34
Americas (FAO),,1977,9.29
Americas (FAO),,1978,9.62
Americas (FAO),,1979,9.95
Americas (FAO),,1980,9.99
Americas (FAO),,1981,9.8
Americas (FAO),,1982,9.86
Americas (FAO),,1983,9.62
Americas (FAO),,1984,9.68
Americas (FAO),,1985,9.79
Americas (FAO),,1986,10.04
Americas (FAO),,1987,10.06
Americas (FAO),,1988,9.9
Americas (FAO),,1989,9.66
Americas (FAO),,1990,9.51
Americas (FAO),,1991,9.72
Americas (FAO),,1992,9.58
Americas (FAO),,1993,9.58
Americas (FAO),,1994,9.67
Americas (FAO),,1995,9.58
Americas (FAO),,1996,9.54
Americas (FAO),,1997,9.84
Americas (FAO),,1998,9.87
Americas (FAO),,1999,10.27
Americas (FAO),,2000,10.51
Americas (FAO),,2001,10.74
Americas (FAO),,2002,10.67
Americas (FAO),,2003,10.69
Americas (FAO),,2004,10.82
Americas (FAO),,2005,10.93
Americas (FAO),,2006,11.37
Americas (FAO),,2007,11.12
Americas (FAO),,2008,11.18
Americas (FAO),,2009,11.46
Americas (FAO),,2010,11.73
Americas (FAO),,2011,11.95
Americas (FAO),,2012,11.92
Americas (FAO),,2013,12.4
Americas (FAO),,2014,12.64
Americas (FAO),,2015,12.69
Americas (FAO),,2016,12.89
Americas (FAO),,2017,13.38
Americas (FAO),,2018,14.05
Americas (FAO),,2019,14.22
Americas (FAO),,2020,14.44
Americas (FAO),,2021,14.45
Americas (FAO),,2022,14.46
Americas (FAO),,2023,14.45
Angola,AGO,1961,0.33385304
Angola,AGO,1962,0.34626278
Angola,AGO,1963,0.34912786
Angola,AGO,1964,0.3518182
Angola,AGO,1965,0.36410478
Angola,AGO,1966,0.36639434
Angola,AGO,1967,0.36856967
Angola,AGO,1968,0.39084077
Angola,AGO,1969,0.38351452
Angola,AGO,1970,0.3848831
Angola,AGO,1971,0.39376816
Angola,AGO,1972,0.38041425
Angola,AGO,1973,0.38599935
Angola,AGO,1974,0.37204945
Angola,AGO,1975,0.3686187
Angola,AGO,1976,0.36573023
Angola,AGO,1977,0.49670413
Angola,AGO,1978,0.42667416
Angola,AGO,1979,0.35829562
Angola,AGO,1980,0.35678723
Angola,AGO,1981,0.34659517
Angola,AGO,1982,0.33689636
Angola,AGO,1983,0.32715017
Angola,AGO,1984,0.32620153
Angola,AGO,1985,0.35221148
Angola,AGO,1986,0.32174793
Angola,AGO,1987,0.3096573
Angola,AGO,1988,0.3157357
Angola,AGO,1989,0.28618607
Angola,AGO,1990,0.33776003
Angola,AGO,1991,0.283524
Angola,AGO,1992,0.28340632
Angola,AGO,1993,0.2659674
Angola,AGO,1994,0.2747468
Angola,AGO,1995,0.30042088
Angola,AGO,1996,0.41298786
Angola,AGO,1997,0.9335593
Angola,AGO,1998,0.82332534
Angola,AGO,1999,0.5605424
Angola,AGO,2000,0.558896
Angola,AGO,2001,0.7816439
Angola,AGO,2002,0.9192847
Angola,AGO,2003,0.6101807
Angola,AGO,2004,0.8503692
Angola,AGO,2005,0.99481004
Angola,AGO,2006,1.1120802
Angola,AGO,2007,0.9036127
Angola,AGO,2008,1.2730635
Angola,AGO,2009,1.063942
Angola,AGO,2010,1.3900005
Angola,AGO,2011,1.4899995
Angola,AGO,2012,1.8899994
Angola,AGO,2013,1.1200001
Angola,AGO,2014,0.76000005
Angola,AGO,2015,0.41999996
Angola,AGO,2016,0.11999999
Angola,AGO,2017,0.09000002
Angola,AGO,2018,0.06999998
Angola,AGO,2019,0.06999999
Angola,AGO,2020,0.06999998
Angola,AGO,2021,1.2000002
Angola,AGO,2022,1.8000001
Angola,AGO,2023,1.74
Antigua and Barbuda,ATG,1961,1.643562
Antigua and Barbuda,ATG,1962,1.7575979
Antigua and Barbuda,ATG,1963,1.8720016
Antigua and Barbuda,ATG,1964,2.118743
Antigua and Barbuda,ATG,1965,2.0304399
Antigua and Barbuda,ATG,1966,2.5937843
Antigua and Barbuda,ATG,1967,2.8164961
Antigua and Barbuda,ATG,1968,3.0681818
Antigua and Barbuda,ATG,1969,3.5693696
Antigua and Barbuda,ATG,1970,3.947389
Antigua and Barbuda,ATG,1971,3.955087
Antigua and Barbuda,ATG,1972,4.0222187
Antigua and Barbuda,ATG,1973,3.3069203
Antigua and Barbuda,ATG,1974,4.630584
Antigua and Barbuda,ATG,1975,4.786864
Antigua and Barbuda,ATG,1976,4.7962494
Antigua and Barbuda,ATG,1977,2.3339908
Antigua and Barbuda,ATG,1978,2.9040668
Antigua and Barbuda,ATG,1979,3.820707
Antigua and Barbuda,ATG,1980,4.4583225
Antigua and Barbuda,ATG,1981,5.6704693
Antigua and Barbuda,ATG,1982,5.249375
Antigua and Barbuda,ATG,1983,5.4544897
Antigua and Barbuda,ATG,1984,5.9464707
Antigua and Barbuda,ATG,1985,5.761694
Antigua and Barbuda,ATG,1986,5.9144216
Antigua and Barbuda,ATG,1987,5.939122
Antigua and Barbuda,ATG,1988,4.0389056
Antigua and Barbuda,ATG,1989,4.1988444
Antigua and Barbuda,ATG,1990,3.6165931
Antigua and Barbuda,ATG,1991,3.5983977
Antigua and Barbuda,ATG,1992,3.2271583
Antigua and Barbuda,ATG,1993,3.319309
Antigua and Barbuda,ATG,1994,3.8279986
Antigua and Barbuda,ATG,1995,2.4923031
Antigua and Barbuda,ATG,1996,2.6239066
Antigua and Barbuda,ATG,1997,2.7960773
Antigua and Barbuda,ATG,1998,2.9730775
Antigua and Barbuda,ATG,1999,2.6921458
Antigua and Barbuda,ATG,2000,2.6128736
Antigua and Barbuda,ATG,2001,3.6757708
Antigua and Barbuda,ATG,2002,2.9383898
Antigua and Barbuda,ATG,2003,3.0155592
Antigua and Barbuda,ATG,2004,3.3952296
Antigua and Barbuda,ATG,2005,4.544633
Antigua and Barbuda,ATG,2006,5.096193
Antigua and Barbuda,ATG,2007,6.476088
Antigua and Barbuda,ATG,2008,7.113571
Antigua and Barbuda,ATG,2009,7.0276628
Antigua and Barbuda,ATG,2010,4.3591313
Antigua and Barbuda,ATG,2011,3.2792404
Antigua and Barbuda,ATG,2012,4.519223
Antigua and Barbuda,ATG,2013,2.969528
Antigua and Barbuda,ATG,2014,3.0495188
Antigua and Barbuda,ATG,2015,4.0794983
Antigua and Barbuda,ATG,2016,2.889679
Antigua and Barbuda,ATG,2017,3.089556
Antigua and Barbuda,ATG,2018,3.3295605
Antigua and Barbuda,ATG,2019,4.7891088
Antigua and Barbuda,ATG,2020,6.1890564
Antigua and Barbuda,ATG,2021,6.419444
Antigua and Barbuda,ATG,2022,10.94882
Antigua and Barbuda,ATG,2023,6.0192904
Argentina,ARG,1961,8.838135
Argentina,ARG,1962,6.912208
Argentina,ARG,1963,5.7960815
Argentina,ARG,1964,6.0233526
Argentina,ARG,1965,6.321426
Argentina,ARG,1966,6.316103
Argentina,ARG,1967,6.1077895
Argentina,ARG,1968,6.553351
Argentina,ARG,1969,6.558967
Argentina,ARG,1970,6.8186264
Argentina,ARG,1971,7.073024
Argentina,ARG,1972,7.3419642
Argentina,ARG,1973,6.845882
Argentina,ARG,1974,7.2726436
Argentina,ARG,1975,6.7708774
Argentina,ARG,1976,6.41889
Argentina,ARG,1977,6.0926385
Argentina,ARG,1978,6.7195983
Argentina,ARG,1979,7.3550763
Argentina,ARG,1980,8.733668
Argentina,ARG,1981,8.987085
Argentina,ARG,1982,8.789628
Argentina,ARG,1983,8.412479
Argentina,ARG,1984,8.186549
Argentina,ARG,1985,7.900925
Argentina,ARG,1986,8.295695
Argentina,ARG,1987,7.391306
Argentina,ARG,1988,6.5859747
Argentina,ARG,1989,8.61297
Argentina,ARG,1990,8.017829
Argentina,ARG,1991,8.052194
Argentina,ARG,1992,6.7353334
Argentina,ARG,1993,6.781915
Argentina,ARG,1994,6.747924
Argentina,ARG,1995,7.0520153
Argentina,ARG,1996,7.040131
Argentina,ARG,1997,7.0095673
Argentina,ARG,1998,7.266898
Argentina,ARG,1999,7.462838
Argentina,ARG,2000,7.6158204
Argentina,ARG,2001,6.9147325
Argentina,ARG,2002,5.7288947
Argentina,ARG,2003,6.808541
Argentina,ARG,2004,7.846177
Argentina,ARG,2005,8.435849
Argentina,ARG,2006,8.954594
Argentina,ARG,2007,9.366684
Argentina,ARG,2008,9.795295
Argentina,ARG,2009,10.629353
Argentina,ARG,2010,10.859999
Argentina,ARG,2011,11.300001
Argentina,ARG,2012,11.5
Argentina,ARG,2013,10.780002
Argentina,ARG,2014,11.91
Argentina,ARG,2015,14.89
Argentina,ARG,2016,15.539999
Argentina,ARG,2017,15.649997
Argentina,ARG,2018,15.970001
Argentina,ARG,2019,15.84
Argentina,ARG,2020,16.67
Argentina,ARG,2021,16.82
Argentina,ARG,2022,18.419998
Argentina,ARG,2023,18.409998
Armenia,ARM,1992,3.5147865
Armenia,ARM,1993,2.4591851
Armenia,ARM,1994,3.129031
Armenia,ARM,1995,3.507936
Armenia,ARM,1996,3.7935817
Armenia,ARM,1997,3.7892342
Armenia,ARM,1998,3.2600932
Armenia,ARM,1999,4.4740314
Armenia,ARM,2000,4.959973
Armenia,ARM,2001,5.2879214
Armenia,ARM,2002,5.733749
Armenia,ARM,2003,8.231931
Armenia,ARM,2004,8.810062
Armenia,ARM,2005,8.725003
Armenia,ARM,2006,8.033786
Armenia,ARM,2007,9.116267
Armenia,ARM,2008,10.027274
Armenia,ARM,2009,10.963043
Armenia,ARM,2010,13.289987
Armenia,ARM,2011,12.370005
Armenia,ARM,2012,12.050004
Armenia,ARM,2013,11.669976
Armenia,ARM,2014,12.049946
Armenia,ARM,2015,12.220004
Armenia,ARM,2016,11.679976
Armenia,ARM,2017,11.709976
Armenia,ARM,2018,12.129954
Armenia,ARM,2019,11.969979
Armenia,ARM,2020,13.899984
Armenia,ARM,2021,13.350052
Armenia,ARM,2022,13.969953
Armenia,ARM,2023,13.419963
Asia,OWID_ASI,1961,1.8654923
Asia,OWID_ASI,1962,1.9220886
Asia,OWID_ASI,1963,1.9205492
Asia,OWID_ASI,1964,2.0262938
Asia,OWID_ASI,1965,2.083586
Asia,OWID_ASI,1966,2.0339947
Asia,OWID_ASI,1967,2.1097376
Asia,OWID_ASI,1968,2.1835053
Asia,OWID_ASI,1969,2.3111398
Asia,OWID_ASI,1970,2.3630295
Asia,OWID_ASI,1971,2.393806
Asia,OWID_ASI,1972,2.4210134
Asia,OWID_ASI,1973,2.4399555
Asia,OWID_ASI,1974,2.4393744
Asia,OWID_ASI,1975,2.502829
Asia,OWID_ASI,1976,2.5688653
Asia,OWID_ASI,1977,2.6843822
Asia,OWID_ASI,1978,2.748971
Asia,OWID_ASI,1979,2.7295547
Asia,OWID_ASI,1980,2.8320656
Asia,OWID_ASI,1981,2.8438935
Asia,OWID_ASI,1982,2.928333
Asia,OWID_ASI,1983,3.052006
Asia,OWID_ASI,1984,3.406262
Asia,OWID_ASI,1985,3.7412949
Asia,OWID_ASI,1986,3.8032107
Asia,OWID_ASI,1987,3.9112153
Asia,OWID_ASI,1988,4.212962
Asia,OWID_ASI,1989,4.3227544
Asia,OWID_ASI,1990,4.5005083
Asia,OWID_ASI,1991,4.858703
Asia,OWID_ASI,1992,5.14981
Asia,OWID_ASI,1993,5.5492954
Asia,OWID_ASI,1994,6.349649
Asia,OWID_ASI,1995,6.784884
Asia,OWID_ASI,1996,7.5250874
Asia,OWID_ASI,1997,7.2906833
Asia,OWID_ASI,1998,7.4716825
Asia,OWID_ASI,1999,7.735881
Asia,OWID_ASI,2000,7.8786664
Asia,OWID_ASI,2001,7.855021
Asia,OWID_ASI,2002,7.963005
Asia,OWID_ASI,2003,8.1004305
Asia,OWID_ASI,2004,8.13123
Asia,OWID_ASI,2005,8.274315
Asia,OWID_ASI,2006,8.2174425
Asia,OWID_ASI,2007,8.498909
Asia,OWID_ASI,2008,8.832728
Asia,OWID_ASI,2009,8.905246
Asia,OWID_ASI,2010,9.023864
Asia,OWID_ASI,2011,9.055766
Asia,OWID_ASI,2012,9.255547
Asia,OWID_ASI,2013,9.308321
Asia,OWID_ASI,2014,9.408105
Asia,OWID_ASI,2015,9.739288
Asia,OWID_ASI,2016,10.036757
Asia,OWID_ASI,2017,10.462409
Asia,OWID_ASI,2018,10.587785
Asia,OWID_ASI,2019,11.1319475
Asia,OWID_ASI,2020,11.593976
Asia,OWID_ASI,2021,11.569014
Asia,OWID_ASI,2022,11.789051
Asia,OWID_ASI,2023,11.911537
Asia (FAO),,1961,1.86
Asia (FAO),,1962,1.91
Asia (FAO),,1963,1.92
Asia (FAO),,1964,2.04
Asia (FAO),,1965,2.1
Asia (FAO),,1966,2.05
Asia (FAO),,1967,2.13
Asia (FAO),,1968,2.2
Asia (FAO),,1969,2.32
Asia (FAO),,1970,2.37
Asia (FAO),,1971,2.4
Asia (FAO),,1972,2.43
Asia (FAO),,1973,2.45
Asia (FAO),,1974,2.45
Asia (FAO),,1975,2.51
Asia (FAO),,1976,2.57
Asia (FAO),,1977,2.69
Asia (FAO),,1978,2.75
Asia (FAO),,1979,2.73
Asia (FAO),,1980,2.83
Asia (FAO),,1981,2.84
Asia (FAO),,1982,2.93
Asia (FAO),,1983,3.05
Asia (FAO),,1984,3.41
Asia (FAO),,1985,3.74
Asia (FAO),,1986,3.8
Asia (FAO),,1987,3.91
Asia (FAO),,1988,4.21
Asia (FAO),,1989,4.32
Asia (FAO),,1990,4.49
Asia (FAO),,1991,4.86
Asia (FAO),,1992,5.15
Asia (FAO),,1993,5.55
Asia (FAO),,1994,6.35
Asia (FAO),,1995,6.8
Asia (FAO),,1996,7.54
Asia (FAO),,1997,7.32
Asia (FAO),,1998,7.51
Asia (FAO),,1999,7.79
Asia (FAO),,2000,7.94
Asia (FAO),,2001,7.93
Asia (FAO),,2002,8.05
Asia (FAO),,2003,8.19
Asia (FAO),,2004,8.23
Asia (FAO),,2005,8.38
Asia (FAO),,2006,8.33
Asia (FAO),,2007,8.62
Asia (FAO),,2008,8.97
Asia (FAO),,2009,9.05
Asia (FAO),,2010,9.03
Asia (FAO),,2011,9.06
Asia (FAO),,2012,9.26
Asia (FAO),,2013,9.31
Asia (FAO),,2014,9.42
Asia (FAO),,2015,9.75
Asia (FAO),,2016,10.04
Asia (FAO),,2017,10.47
Asia (FAO),,2018,10.6
Asia (FAO),,2019,11.1
Asia (FAO),,2020,11.56
Asia (FAO),,2021,11.54
Asia (FAO),,2022,11.75
Asia (FAO),,2023,12.06
Australia,AUS,1961,11.713927
Australia,AUS,1962,11.552457
Australia,AUS,1963,11.378825
Australia,AUS,1964,11.785943
Australia,AUS,1965,12.011116
Australia,AUS,1966,11.996393
Australia,AUS,1967,12.076873
Australia,AUS,1968,12.254843
Australia,AUS,1969,12.114626
Australia,AUS,1970,12.198865
Australia,AUS,1971,12.201994
Australia,AUS,1972,12.555528
Australia,AUS,1973,11.177474
Australia,AUS,1974,11.614655
Australia,AUS,1975,12.269128
Australia,AUS,1976,11.656836
Australia,AUS,1977,11.546897
Australia,AUS,1978,12.081598
Australia,AUS,1979,11.639173
Australia,AUS,1980,11.43962
Australia,AUS,1981,11.630023
Australia,AUS,1982,11.530149
Australia,AUS,1983,11.65627
Australia,AUS,1984,10.621056
Australia,AUS,1985,10.121322
Australia,AUS,1986,9.995903
Australia,AUS,1987,9.976165
Australia,AUS,1988,9.736417
Australia,AUS,1989,9.69943
Australia,AUS,1990,9.663437
Australia,AUS,1991,7.9456925
Australia,AUS,1992,6.6223364
Australia,AUS,1993,6.6907907
Australia,AUS,1994,6.538599
Australia,AUS,1995,6.2198358
Australia,AUS,1996,6.0010257
Australia,AUS,1997,6.079023
Australia,AUS,1998,6.361576
Australia,AUS,1999,6.4496665
Australia,AUS,2000,5.9289517
Australia,AUS,2001,5.7458434
Australia,AUS,2002,5.553704
Australia,AUS,2003,5.033692
Australia,AUS,2004,5.012474
Australia,AUS,2005,5.247926
Australia,AUS,2006,6.8301587
Australia,AUS,2007,6.245679
Australia,AUS,2008,6.0263996
Australia,AUS,2009,5.7968106
Australia,AUS,2010,6.429999
Australia,AUS,2011,7.42
Australia,AUS,2012,7.6199975
Australia,AUS,2013,8.399999
Australia,AUS,2014,8.01
Australia,AUS,2015,7.760001
Australia,AUS,2016,7.9199996
Australia,AUS,2017,8.079998
Australia,AUS,2018,8.290004
Australia,AUS,2019,8.229999
Australia,AUS,2020,7.6800003
Australia,AUS,2021,8.460001
Australia,AUS,2022,7.0899982
Australia,AUS,2023,7.639998
Austria,AUT,1961,12.984533
Austria,AUT,1962,13.958416
Austria,AUT,1963,13.96428
Austria,AUT,1964,14.216732
Austria,AUT,1965,13.226483
Austria,AUT,1966,13.207071
Austria,AUT,1967,13.405831
Austria,AUT,1968,13.47886
Austria,AUT,1969,13.502998
Austria,AUT,1970,13.801798
Austria,AUT,1971,13.565727
Austria,AUT,1972,14.029207
Austria,AUT,1973,13.74524
Austria,AUT,1974,13.31932
Austria,AUT,1975,13.85486
Austria,AUT,1976,14.288564
Austria,AUT,1977,14.329098
Austria,AUT,1978,14.78834
Austria,AUT,1979,14.918746
Austria,AUT,1980,14.482638
Austria,AUT,1981,14.376581
Austria,AUT,1982,13.600235
Austria,AUT,1983,14.064108
Austria,AUT,1984,14.111721
Austria,AUT,1985,14.0316515
Austria,AUT,1986,14.177298
Austria,AUT,1987,14.305204
Austria,AUT,1988,14.421051
Austria,AUT,1989,13.498741
Austria,AUT,1990,14.042376
Austria,AUT,1991,13.21673
Austria,AUT,1992,13.232417
Austria,AUT,1993,13.349811
Austria,AUT,1994,14.409715
Austria,AUT,1995,13.699495
Austria,AUT,1996,13.772686
Austria,AUT,1997,14.137969
Austria,AUT,1998,14.033504
Austria,AUT,1999,13.213275
Austria,AUT,2000,12.270819
Austria,AUT,2001,12.680661
Austria,AUT,2002,13.0166645
Austria,AUT,2003,12.830565
Austria,AUT,2004,12.670162
Austria,AUT,2005,13.325845
Austria,AUT,2006,13.591658
Austria,AUT,2007,13.903508
Austria,AUT,2008,13.961381
Austria,AUT,2009,13.633851
Austria,AUT,2010,13.460005
Austria,AUT,2011,13.359996
Austria,AUT,2012,13.900001
Austria,AUT,2013,14.149999
Austria,AUT,2014,14.050014
Austria,AUT,2015,13.400004
Austria,AUT,2016,13.94
Austria,AUT,2017,15.200002
Austria,AUT,2018,15.599996
Austria,AUT,2019,14.810007
Austria,AUT,2020,14.220014
Austria,AUT,2021,14.180011
Austria,AUT,2022,14.750003
Austria,AUT,2023,15.119993
Azerbaijan,AZE,1992,5.8555365
Azerbaijan,AZE,1993,3.952848
Azerbaijan,AZE,1994,4.297011
Azerbaijan,AZE,1995,4.288541
Azerbaijan,AZE,1996,4.381729
Azerbaijan,AZE,1997,4.252367
Azerbaijan,AZE,1998,4.2974963
Azerbaijan,AZE,1999,4.2920165
Azerbaijan,AZE,2000,4.1211734
Azerbaijan,AZE,2001,3.9526157
Azerbaijan,AZE,2002,3.838609
Azerbaijan,AZE,2003,4.244519
Azerbaijan,AZE,2004,5.1448817
Azerbaijan,AZE,2005,5.4681296
Azerbaijan,AZE,2006,4.8042846
Azerbaijan,AZE,2007,5.6126804
Azerbaijan,AZE,2008,7.138031
Azerbaijan,AZE,2009,7.5195107
Azerbaijan,AZE,2010,7.359998
Azerbaijan,AZE,2011,7.7799954
Azerbaijan,AZE,2012,7.5200005
Azerbaijan,AZE,2013,8.159994
Azerbaijan,AZE,2014,8.640003
Azerbaijan,AZE,2015,8.3799925
Azerbaijan,AZE,2016,8.269997
Azerbaijan,AZE,2017,9.08
Azerbaijan,AZE,2018,8.5599985
Azerbaijan,AZE,2019,9.079998
Azerbaijan,AZE,2020,9.639996
Azerbaijan,AZE,2021,9.369998
Azerbaijan,AZE,2022,9.949993
Azerbaijan,AZE,2023,10.640001
Bahamas,BHS,1961,1.9102209
Bahamas,BHS,1962,1.4029586
Bahamas,BHS,1963,1.4100771
Bahamas,BHS,1964,1.4485155
Bahamas,BHS,1965,1.1921415
Bahamas,BHS,1966,1.5742103
Bahamas,BHS,1967,1.4896567
Bahamas,BHS,1968,1.4207946
Bahamas,BHS,1969,1.4373598
Bahamas,BHS,1970,0.9957567
Bahamas,BHS,1971,1.1030602
Bahamas,BHS,1972,1.1076201
Bahamas,BHS,1973,1.1447709
Bahamas,BHS,1974,1.3783314
Bahamas,BHS,1975,1.4407066
Bahamas,BHS,1976,0.9986621
Bahamas,BHS,1977,1.2853551
Bahamas,BHS,1978,1.3992045
Bahamas,BHS,1979,1.0018226
Bahamas,BHS,1980,1.333835
Bahamas,BHS,1981,1.1357585
Bahamas,BHS,1982,1.1702906
Bahamas,BHS,1983,1.2596132
Bahamas,BHS,1984,1.940702
Bahamas,BHS,1985,1.3552213
Bahamas,BHS,1986,1.4383782
Bahamas,BHS,1987,1.2801826
Bahamas,BHS,1988,2.308215
Bahamas,BHS,1989,2.1186857
Bahamas,BHS,1990,1.7811664
Bahamas,BHS,1991,1.450284
Bahamas,BHS,1992,1.5907645
Bahamas,BHS,1993,1.7486871
Bahamas,BHS,1994,2.131533
Bahamas,BHS,1995,2.94423
Bahamas,BHS,1996,2.253225
Bahamas,BHS,1997,4.6523476
Bahamas,BHS,1998,3.9724014
Bahamas,BHS,1999,2.9792912
Bahamas,BHS,2000,4.0120306
Bahamas,BHS,2001,3.9925942
Bahamas,BHS,2002,2.7766905
Bahamas,BHS,2003,2.372648
Bahamas,BHS,2004,2.9566147
Bahamas,BHS,2005,3.9988368
Bahamas,BHS,2006,5.516639
Bahamas,BHS,2007,6.3203745
Bahamas,BHS,2008,6.3452406
Bahamas,BHS,2009,6.156844
Bahamas,BHS,2010,8.489954
Bahamas,BHS,2011,8.489818
Bahamas,BHS,2012,7.4799204
Bahamas,BHS,2013,6.219885
Bahamas,BHS,2014,5.069841
Bahamas,BHS,2015,4.64994
Bahamas,BHS,2016,9.15
Bahamas,BHS,2017,11.079829
Bahamas,BHS,2018,8.370043
Bahamas,BHS,2019,9.449665
Bahamas,BHS,2020,10.719621
Bahamas,BHS,2021,10.769701
Bahamas,BHS,2022,13.219934
Bahamas,BHS,2023,13.689589
Bahrain,BHR,2019,11.759961
Bahrain,BHR,2020,11.529991
Bahrain,BHR,2021,10.849986
Bahrain,BHR,2022,12.79
Bahrain,BHR,2023,10.689973
Bangladesh,BGD,1961,0.30585584
Bangladesh,BGD,1962,0.37238955
Bangladesh,BGD,1963,0.41978955
Bangladesh,BGD,1964,0.44838673
Bangladesh,BGD,1965,0.49654
Bangladesh,BGD,1966,0.5647447
Bangladesh,BGD,1967,0.58556646
Bangladesh,BGD,1968,0.61554533
Bangladesh,BGD,1969,0.63475376
Bangladesh,BGD,1970,0.68172807
Bangladesh,BGD,1971,0.66399366
Bangladesh,BGD,1972,0.6523647
Bangladesh,BGD,1973,0.6149856
Bangladesh,BGD,1974,0.59817386
Bangladesh,BGD,1975,0.5847708
Bangladesh,BGD,1976,0.5648522
Bangladesh,BGD,1977,0.55611974
Bangladesh,BGD,1978,0.7346493
Bangladesh,BGD,1979,0.7563387
Bangladesh,BGD,1980,0.5623813
Bangladesh,BGD,1981,0.5819698
Bangladesh,BGD,1982,0.60032684
Bangladesh,BGD,1983,0.6189112
Bangladesh,BGD,1984,0.5162012
Bangladesh,BGD,1985,0.5454858
Bangladesh,BGD,1986,0.55675316
Bangladesh,BGD,1987,0.49283907
Bangladesh,BGD,1988,0.5810805
Bangladesh,BGD,1989,0.4691577
Bangladesh,BGD,1990,0.6156477
Bangladesh,BGD,1991,0.61833364
Bangladesh,BGD,1992,0.630261
Bangladesh,BGD,1993,0.6808346
Bangladesh,BGD,1994,0.75097007
Bangladesh,BGD,1995,0.82129276
Bangladesh,BGD,1996,1.039106
Bangladesh,BGD,1997,1.1787443
Bangladesh,BGD,1998,1.1506537
Bangladesh,BGD,1999,1.0624965
Bangladesh,BGD,2000,1.1020085
Bangladesh,BGD,2001,1.1719437
Bangladesh,BGD,2002,1.2326567
Bangladesh,BGD,2003,1.3032919
Bangladesh,BGD,2004,1.2848274
Bangladesh,BGD,2005,1.5033964
Bangladesh,BGD,2006,1.4149877
Bangladesh,BGD,2007,1.3855044
Bangladesh,BGD,2008,1.445307
Bangladesh,BGD,2009,1.1692795
Bangladesh,BGD,2010,1.4600002
Bangladesh,BGD,2011,1.53
Bangladesh,BGD,2012,1.8199998
Bangladesh,BGD,2013,1.8900001
Bangladesh,BGD,2014,2.44
Bangladesh,BGD,2015,2.6200001
Bangladesh,BGD,2016,2.81
Bangladesh,BGD,2017,3.5500002
Bangladesh,BGD,2018,3.5999997
Bangladesh,BGD,2019,2.7399998
Bangladesh,BGD,2020,3.9899998
Bangladesh,BGD,2021,3.9499998
Bangladesh,BGD,2022,3.6200001
Bangladesh,BGD,2023,3.77
Barbados,BRB,1961,1.9204391
Barbados,BRB,1962,1.9512745
Barbados,BRB,1963,1.8911797
Barbados,BRB,1964,1.9307494
Barbados,BRB,1965,2.0551023
Barbados,BRB,1966,1.9842455
Barbados,BRB,1967,2.2062411
Barbados,BRB,1968,2.2598307
Barbados,BRB,1969,3.0245304
Barbados,BRB,1970,2.8749228
Barbados,BRB,1971,2.841354
Barbados,BRB,1972,2.9055219
Barbados,BRB,1973,2.8733273
Barbados,BRB,1974,2.8993645
Barbados,BRB,1975,5.239502
Barbados,BRB,1976,5.353464
Barbados,BRB,1977,5.408616
Barbados,BRB,1978,5.974098
Barbados,BRB,1979,5.201272
Barbados,BRB,1980,5.949478
Barbados,BRB,1981,4.538716
Barbados,BRB,1982,5.1370616
Barbados,BRB,1983,3.5023012
Barbados,BRB,1984,6.1828346
Barbados,BRB,1985,4.29901
Barbados,BRB,1986,4.5906916
Barbados,BRB,1987,6.322914
Barbados,BRB,1988,5.144626
Barbados,BRB,1989,4.6979423
Barbados,BRB,1990,5.078176
Barbados,BRB,1991,4.5107217
Barbados,BRB,1992,3.9309647
Barbados,BRB,1993,3.9043658
Barbados,BRB,1994,4.0658193
Barbados,BRB,1995,3.21165
Barbados,BRB,1996,3.6838615
Barbados,BRB,1997,2.3934376
Barbados,BRB,1998,2.0397508
Barbados,BRB,1999,3.2424073
Barbados,BRB,2000,3.2296212
Barbados,BRB,2001,4.391283
Barbados,BRB,2002,4.5791297
Barbados,BRB,2003,5.230578
Barbados,BRB,2004,6.4515505
Barbados,BRB,2005,3.9256911
Barbados,BRB,2006,5.805319
Barbados,BRB,2007,6.724561
Barbados,BRB,2008,5.402631
Barbados,BRB,2009,6.238742
Barbados,BRB,2010,7.4097033
Barbados,BRB,2011,7.3697333
Barbados,BRB,2012,8.129736
Barbados,BRB,2013,8.890033
Barbados,BRB,2014,7.7198615
Barbados,BRB,2015,9.039708
Barbados,BRB,2016,11.099842
Barbados,BRB,2017,9.859754
Barbados,BRB,2018,9.699689
Barbados,BRB,2019,11.169762
Barbados,BRB,2020,12.219741
Barbados,BRB,2021,10.169747
Barbados,BRB,2022,9.839861
Barbados,BRB,2023,9.8597555
Belarus,BLR,1992,17.29995
Belarus,BLR,1993,17.417955
Belarus,BLR,1994,17.202843
Belarus,BLR,1995,16.616194
Belarus,BLR,1996,16.766752
Belarus,BLR,1997,16.627756
Belarus,BLR,1998,15.190634
Belarus,BLR,1999,13.284412
Belarus,BLR,2000,12.53705
Belarus,BLR,2001,12.577093
Belarus,BLR,2002,12.793446
Belarus,BLR,2003,12.645218
Belarus,BLR,2004,13.48906
Belarus,BLR,2005,14.695692
Belarus,BLR,2006,15.609405
Belarus,BLR,2007,15.345005
Belarus,BLR,2008,15.703783
Belarus,BLR,2009,15.85106
Belarus,BLR,2010,14.189997
Belarus,BLR,2011,14.380004
Belarus,BLR,2012,15.320008
Belarus,BLR,2013,14.019995
Belarus,BLR,2014,13.490008
Belarus,BLR,2015,13.760002
Belarus,BLR,2016,13.099992
Belarus,BLR,2017,13.039996
Belarus,BLR,2018,13.879999
Belarus,BLR,2019,13.330007
Belarus,BLR,2020,14.439996
Belarus,BLR,2021,13.479988
Belarus,BLR,2022,13.68
Belarus,BLR,2023,16.700003
Belgium,BEL,2000,10.977406
Belgium,BEL,2001,13.117823
Belgium,BEL,2002,12.117061
Belgium,BEL,2003,11.7498865
Belgium,BEL,2004,14.1567135
Belgium,BEL,2005,11.351454
Belgium,BEL,2006,13.400061
Belgium,BEL,2007,13.014
Belgium,BEL,2008,12.211741
Belgium,BEL,2009,10.065467
Belgium,BEL,2010,12.250012
Belgium,BEL,2011,14.460008
Belgium,BEL,2012,11.809998
Belgium,BEL,2013,12.530004
Belgium,BEL,2014,8.080005
Belgium,BEL,2015,8.169999
Belgium,BEL,2016,7.4099956
Belgium,BEL,2017,8.769999
Belgium,BEL,2018,8.2599945
Belgium,BEL,2019,9.979997
Belgium,BEL,2020,13.87001
Belgium,BEL,2021,15.199996
Belgium,BEL,2022,19.32001
Belgium,BEL,2023,31.829996
Belgium-Luxembourg (FAO),,1961,15.21
Belgium-Luxembourg (FAO),,1962,12.5
Belgium-Luxembourg (FAO),,1963,13.24
Belgium-Luxembourg (FAO),,1964,14.39
Belgium-Luxembourg (FAO),,1965,12.98
Belgium-Luxembourg (FAO),,1966,13.94
Belgium-Luxembourg (FAO),,1967,13.27
Belgium-Luxembourg (FAO),,1968,13.03
Belgium-Luxembourg (FAO),,1969,13.69
Belgium-Luxembourg (FAO),,1970,13.24
Belgium-Luxembourg (FAO),,1971,13.09
Belgium-Luxembourg (FAO),,1972,12.54
Belgium-Luxembourg (FAO),,1973,12.6
Belgium-Luxembourg (FAO),,1974,12.36
Belgium-Luxembourg (FAO),,1975,14.5
Belgium-Luxembourg (FAO),,1976,12.9
Belgium-Luxembourg (FAO),,1977,13.37
Belgium-Luxembourg (FAO),,1978,13.45
Belgium-Luxembourg (FAO),,1979,13.44
Belgium-Luxembourg (FAO),,1980,13.05
Belgium-Luxembourg (FAO),,1981,13.84
Belgium-Luxembourg (FAO),,1982,13.26
Belgium-Luxembourg (FAO),,1983,13.95
Belgium-Luxembourg (FAO),,1984,13.17
Belgium-Luxembourg (FAO),,1985,13.36
Belgium-Luxembourg (FAO),,1986,13.04
Belgium-Luxembourg (FAO),,1987,12.72
Belgium-Luxembourg (FAO),,1988,12.29
Belgium-Luxembourg (FAO),,1989,10.8
Belgium-Luxembourg (FAO),,1990,11.83
Belgium-Luxembourg (FAO),,1991,12.56
Belgium-Luxembourg (FAO),,1992,12.8
Belgium-Luxembourg (FAO),,1993,13.33
Belgium-Luxembourg (FAO),,1994,14.63
Belgium-Luxembourg (FAO),,1995,14.01
Belgium-Luxembourg (FAO),,1996,13.02
Belgium-Luxembourg (FAO),,1997,14.22
Belgium-Luxembourg (FAO),,1998,15.14
Belgium-Luxembourg (FAO),,1999,14.53
Belize,BLZ,1961,2.3028212
Belize,BLZ,1962,2.362898
Belize,BLZ,1963,1.8133008
Belize,BLZ,1964,2.3413928
Belize,BLZ,1965,2.5414321
Belize,BLZ,1966,2.92913
Belize,BLZ,1967,2.7719223
Belize,BLZ,1968,2.750085
Belize,BLZ,1969,2.5603971
Belize,BLZ,1970,3.1928182
Belize,BLZ,1971,3.0125387
Belize,BLZ,1972,3.687123
Belize,BLZ,1973,4.0293055
Belize,BLZ,1974,4.0464897
Belize,BLZ,1975,5.4157495
Belize,BLZ,1976,5.6386485
Belize,BLZ,1977,5.46371
Belize,BLZ,1978,5.901846
Belize,BLZ,1979,6.448307
Belize,BLZ,1980,7.0872393
Belize,BLZ,1981,6.743458
Belize,BLZ,1982,6.9184785
Belize,BLZ,1983,6.596891
Belize,BLZ,1984,6.477571
Belize,BLZ,1985,6.2449636
Belize,BLZ,1986,6.4421606
Belize,BLZ,1987,6.082673
Belize,BLZ,1988,6.3244386
Belize,BLZ,1989,6.477189
Belize,BLZ,1990,5.8015184
Belize,BLZ,1991,5.360694
Belize,BLZ,1992,5.533653
Belize,BLZ,1993,5.0587945
Belize,BLZ,1994,5.722121
Belize,BLZ,1995,5.870399
Belize,BLZ,1996,6.1486964
Belize,BLZ,1997,6.045002
Belize,BLZ,1998,6.1948786
Belize,BLZ,1999,5.8829684
Belize,BLZ,2000,5.7465043
Belize,BLZ,2001,5.395281
Belize,BLZ,2002,4.645905
Belize,BLZ,2003,4.8803988
Belize,BLZ,2004,4.3696055
Belize,BLZ,2005,3.2863982
Belize,BLZ,2006,3.6923606
Belize,BLZ,2007,4.0854797
Belize,BLZ,2008,4.8875556
Belize,BLZ,2009,4.871937
Belize,BLZ,2010,4.6299133
Belize,BLZ,2011,3.9999266
Belize,BLZ,2012,3.0498996
Belize,BLZ,2013,4.10994
Belize,BLZ,2014,4.4198227
Belize,BLZ,2015,4.85985
Belize,BLZ,2016,6.1697125
Belize,BLZ,2017,4.649813
Belize,BLZ,2018,4.719975
Belize,BLZ,2019,4.649964
Belize,BLZ,2020,5.039884
Belize,BLZ,2021,4.8099394
Belize,BLZ,2022,4.6598725
Belize,BLZ,2023,4.779977
Benin,BEN,1961,1.0599287
Benin,BEN,1962,1.0378448
Benin,BEN,1963,1.0160838
Benin,BEN,1964,0.9946135
Benin,BEN,1965,1.0306839
Benin,BEN,1966,1.0097853
Benin,BEN,1967,1.0368848
Benin,BEN,1968,1.0550493
Benin,BEN,1969,1.0824987
Benin,BEN,1970,1.1479968
Benin,BEN,1971,1.1661341
Benin,BEN,1972,1.1843154
Benin,BEN,1973,1.1934216
Benin,BEN,1974,1.2502718
Benin,BEN,1975,1.2595874
Benin,BEN,1976,1.307254
Benin,BEN,1977,1.3450651
Benin,BEN,1978,1.3075141
Benin,BEN,1979,1.4500505
Benin,BEN,1980,1.5155182
Benin,BEN,1981,1.5332263
Benin,BEN,1982,1.7023076
Benin,BEN,1983,2.0229816
Benin,BEN,1984,2.2115245
Benin,BEN,1985,2.5034173
Benin,BEN,1986,1.963699
Benin,BEN,1987,1.6793404
Benin,BEN,1988,1.4147402
Benin,BEN,1989,1.1613971
Benin,BEN,1990,0.984769
Benin,BEN,1991,0.78978175
Benin,BEN,1992,0.7945642
Benin,BEN,1993,0.78891385
Benin,BEN,1994,0.7688776
Benin,BEN,1995,0.7786792
Benin,BEN,1996,0.772983
Benin,BEN,1997,0.7729774
Benin,BEN,1998,0.77130955
Benin,BEN,1999,0.77960044
Benin,BEN,2000,0.7409323
Benin,BEN,2001,0.7034693
Benin,BEN,2002,0.71489155
Benin,BEN,2003,0.658768
Benin,BEN,2004,0.68945485
Benin,BEN,2005,0.6602972
Benin,BEN,2006,0.8741962
Benin,BEN,2007,0.90434825
Benin,BEN,2008,0.8167466
Benin,BEN,2009,0.84544176
Benin,BEN,2010,0.73271227
Benin,BEN,2011,0.7612567
Benin,BEN,2012,0.80901164
Benin,BEN,2013,0.84712166
Benin,BEN,2014,0.9046185
Benin,BEN,2015,0.93346494
Benin,BEN,2016,0.91444844
Benin,BEN,2017,0.9054132
Benin,BEN,2018,0.89675516
Benin,BEN,2019,0.89811623
Benin,BEN,2020,0.9286334
Benin,BEN,2021,0.82360524
Benin,BEN,2022,0.9219238
Bermuda,BMU,1961,11.621816
Bermuda,BMU,1962,10.6732645
Bermuda,BMU,1963,11.096733
Bermuda,BMU,1964,12.922679
Bermuda,BMU,1965,13.07451
Bermuda,BMU,1966,14.128017
Bermuda,BMU,1967,13.404663
Bermuda,BMU,1968,13.229152
Bermuda,BMU,1969,14.009352
Bermuda,BMU,1970,14.97766
Bermuda,BMU,1971,14.70244
Bermuda,BMU,1972,12.461145
Bermuda,BMU,1973,10.967657
Bermuda,BMU,1974,12.045896
Bermuda,BMU,1975,11.59291
Bermuda,BMU,1976,14.795611
Bermuda,BMU,1977,13.196866
Bermuda,BMU,1978,14.29253
Bermuda,BMU,1979,16.108185
Bermuda,BMU,1980,16.989925
Bermuda,BMU,1981,18.027397
Bermuda,BMU,1982,16.804457
Bermuda,BMU,1983,17.130579
Bermuda,BMU,1984,16.47339
Bermuda,BMU,1985,15.624899
Bermuda,BMU,1986,17.231833
Bermuda,BMU,1987,16.56214
Bermuda,BMU,1988,17.341927
Bermuda,BMU,1989,15.754256
Bermuda,BMU,1990,19.599194
Bermuda,BMU,1991,16.167015
Bermuda,BMU,1992,15.721376
Bermuda,BMU,1993,14.8160925
Bermuda,BMU,1994,12.238322
Bermuda,BMU,1995,10.120741
Bermuda,BMU,1996,9.170065
Bermuda,BMU,1997,9.177326
Bermuda,BMU,1998,9.209186
Bermuda,BMU,1999,5.965948
Bermuda,BMU,2000,5.9859667
Bermuda,BMU,2001,6.016288
Bermuda,BMU,2002,5.9287677
Bermuda,BMU,2003,6.081564
Bermuda,BMU,2004,5.972897
Bermuda,BMU,2005,8.427228
Bermuda,BMU,2006,10.0090685
Bermuda,BMU,2007,10.518801
Bermuda,BMU,2008,10.789021
Bermuda,BMU,2009,10.048437
Bhutan,BTN,2019,7.349904
Bhutan,BTN,2020,8.9099655
Bhutan,BTN,2021,6.839912
Bhutan,BTN,2022,5.1899266
Bhutan,BTN,2023,4.279968
Bolivia,BOL,1961,2.0230157
Bolivia,BOL,1962,1.9717071
Bolivia,BOL,1963,2.0569375
Bolivia,BOL,1964,2.01443
Bolivia,BOL,1965,1.9805515
Bolivia,BOL,1966,2.2116535
Bolivia,BOL,1967,2.1961648
Bolivia,BOL,1968,2.1713116
Bolivia,BOL,1969,2.1097622
Bolivia,BOL,1970,1.8099076
Bolivia,BOL,1971,2.0526438
Bolivia,BOL,1972,2.3616486
Bolivia,BOL,1973,1.9046881
Bolivia,BOL,1974,2.34388
Bolivia,BOL,1975,2.589317
Bolivia,BOL,1976,2.796699
Bolivia,BOL,1977,2.4362943
Bolivia,BOL,1978,2.6521351
Bolivia,BOL,1979,2.7193892
Bolivia,BOL,1980,3.514753
Bolivia,BOL,1981,3.5195804
Bolivia,BOL,1982,3.5630367
Bolivia,BOL,1983,3.5801632
Bolivia,BOL,1984,3.5971785
Bolivia,BOL,1985,3.5212998
Bolivia,BOL,1986,3.5674305
Bolivia,BOL,1987,3.6989822
Bolivia,BOL,1988,3.9347703
Bolivia,BOL,1989,5.3606796
Bolivia,BOL,1990,5.831479
Bolivia,BOL,1991,6.0106816
Bolivia,BOL,1992,6.1161075
Bolivia,BOL,1993,5.975506
Bolivia,BOL,1994,6.577939
Bolivia,BOL,1995,7.126293
Bolivia,BOL,1996,6.8223424
Bolivia,BOL,1997,7.1604686
Bolivia,BOL,1998,3.4704213
Bolivia,BOL,1999,3.4921706
Bolivia,BOL,2000,3.306665
Bolivia,BOL,2001,3.2882366
Bolivia,BOL,2002,3.3681533
Bolivia,BOL,2003,4.1146207
Bolivia,BOL,2004,4.2524576
Bolivia,BOL,2005,4.457257
Bolivia,BOL,2006,4.6876926
Bolivia,BOL,2007,4.864992
Bolivia,BOL,2008,4.971477
Bolivia,BOL,2009,5.337566
Bolivia,BOL,2010,5.1499977
Bolivia,BOL,2011,5.1599994
Bolivia,BOL,2012,5.079998
Bolivia,BOL,2013,5.049999
Bolivia,BOL,2014,5.3000007
Bolivia,BOL,2015,5.999996
Bolivia,BOL,2016,6.0599995
Bolivia,BOL,2017,7.549999
Bolivia,BOL,2018,7.31
Bolivia,BOL,2019,7.2900023
Bolivia,BOL,2020,7.209999
Bolivia,BOL,2021,7.209995
Bolivia,BOL,2022,6.7199965
Bolivia,BOL,2023,6.8899994
Bosnia and Herzegovina,BIH,1992,3.8058362
Bosnia and Herzegovina,BIH,1993,3.6000812
Bosnia and Herzegovina,BIH,1994,4.4296017
Bosnia and Herzegovina,BIH,1995,4.719223
Bosnia and Herzegovina,BIH,1996,6.9535666
Bosnia and Herzegovina,BIH,1997,4.452749
Bosnia and Herzegovina,BIH,1998,4.905884
Bosnia and Herzegovina,BIH,1999,4.496609
Bosnia and Herzegovina,BIH,2000,4.7466636
Bosnia and Herzegovina,BIH,2001,4.1950727
Bosnia and Herzegovina,BIH,2002,4.2814646
Bosnia and Herzegovina,BIH,2003,4.0372353
Bosnia and Herzegovina,BIH,2004,3.8860705
Bosnia and Herzegovina,BIH,2005,4.678929
Bosnia and Herzegovina,BIH,2006,4.2914953
Bosnia and Herzegovina,BIH,2007,4.974321
Bosnia and Herzegovina,BIH,2008,6.0934153
Bosnia and Herzegovina,BIH,2009,5.432218
Bosnia and Herzegovina,BIH,2010,3.81999
Bosnia and Herzegovina,BIH,2011,3.430001
Bosnia and Herzegovina,BIH,2012,4.490001
Bosnia and Herzegovina,BIH,2013,4.1800036
Bosnia and Herzegovina,BIH,2014,4.6099987
Bosnia and Herzegovina,BIH,2015,4.9899983
Bosnia and Herzegovina,BIH,2016,5.5200047
Bosnia and Herzegovina,BIH,2017,5.4099936
Bosnia and Herzegovina,BIH,2018,5.3200016
Bosnia and Herzegovina,BIH,2019,5.7199965
Bosnia and Herzegovina,BIH,2020,6.029997
Bosnia and Herzegovina,BIH,2021,5.1499968
Bosnia and Herzegovina,BIH,2022,5.6799965
Bosnia and Herzegovina,BIH,2023,6.9999957
Botswana,BWA,1961,0.29496998
Botswana,BWA,1962,0.33599353
Botswana,BWA,1963,0.36717623
Botswana,BWA,1964,0.39944762
Botswana,BWA,1965,0.4355891
Botswana,BWA,1966,0.7001156
Botswana,BWA,1967,0.74946034
Botswana,BWA,1968,0.7914907
Botswana,BWA,1969,0.6971987
Botswana,BWA,1970,0.82173264
Botswana,BWA,1971,0.59618175
Botswana,BWA,1972,0.9035757
Botswana,BWA,1973,0.86882687
Botswana,BWA,1974,0.8561029
Botswana,BWA,1975,1.0167701
Botswana,BWA,1976,0.9581234
Botswana,BWA,1977,0.95616865
Botswana,BWA,1978,0.9465808
Botswana,BWA,1979,0.9165027
Botswana,BWA,1980,0.979378
Botswana,BWA,1981,1.0446566
Botswana,BWA,1982,0.9232091
Botswana,BWA,1983,0.7413865
Botswana,BWA,1984,0.5816373
Botswana,BWA,1985,0.6970874
Botswana,BWA,1986,0.80147845
Botswana,BWA,1987,0.88470453
Botswana,BWA,1988,1.2761192
Botswana,BWA,1989,1.2264076
Botswana,BWA,1990,1.4415574
Botswana,BWA,1991,1.6036689
Botswana,BWA,1992,1.1571058
Botswana,BWA,1993,1.2611259
Botswana,BWA,1994,1.1851811
Botswana,BWA,1995,1.7637682
Botswana,BWA,1996,0.70711505
Botswana,BWA,1997,1.0753579
Botswana,BWA,1998,1.3899009
Botswana,BWA,1999,1.7859253
Botswana,BWA,2000,2.0088422
Botswana,BWA,2001,2.8115408
Botswana,BWA,2002,2.6438804
Botswana,BWA,2003,2.9109263
Botswana,BWA,2004,2.1556005
Botswana,BWA,2005,2.10044
Botswana,BWA,2006,2.326348
Botswana,BWA,2007,2.6552691
Botswana,BWA,2008,2.2712417
Botswana,BWA,2009,1.9415363
Botswana,BWA,2010,2.1
Botswana,BWA,2011,2.0099924
Botswana,BWA,2012,2.110003
Botswana,BWA,2013,1.8599938
Botswana,BWA,2014,1.7299896
Botswana,BWA,2015,1.3099964
Botswana,BWA,2016,1.4699974
Botswana,BWA,2017,1.0700005
Botswana,BWA,2018,1.3799945
Botswana,BWA,2019,1.3999988
Botswana,BWA,2020,1.369997
Botswana,BWA,2021,1.5299948
Botswana,BWA,2022,1.5099968
Botswana,BWA,2023,1.4099988
Brazil,BRA,1961,2.7439988
Brazil,BRA,1962,2.8153605
Brazil,BRA,1963,2.8873568
Brazil,BRA,1964,2.9791937
Brazil,BRA,1965,2.9999602
Brazil,BRA,1966,3.0907652
Brazil,BRA,1967,3.0406878
Brazil,BRA,1968,3.1116493
Brazil,BRA,1969,3.2027013
Brazil,BRA,1970,3.222961
Brazil,BRA,1971,3.3534648
Brazil,BRA,1972,3.3924181
Brazil,BRA,1973,3.4509954
Brazil,BRA,1974,3.5603232
Brazil,BRA,1975,4.3038793
Brazil,BRA,1976,4.564495
Brazil,BRA,1977,4.442701
Brazil,BRA,1978,4.994078
Brazil,BRA,1979,5.51519
Brazil,BRA,1980,5.594473
Brazil,BRA,1981,5.443936
Brazil,BRA,1982,5.727028
Brazil,BRA,1983,5.3171415
Brazil,BRA,1984,6.594869
Brazil,BRA,1985,6.9862795
Brazil,BRA,1986,7.4467793
Brazil,BRA,1987,7.9371223
Brazil,BRA,1988,7.4322414
Brazil,BRA,1989,7.308624
Brazil,BRA,1990,7.374876
Brazil,BRA,1991,7.6816964
Brazil,BRA,1992,7.475615
Brazil,BRA,1993,7.370159
Brazil,BRA,1994,7.48789
Brazil,BRA,1995,7.4171433
Brazil,BRA,1996,7.0681458
Brazil,BRA,1997,7.601993
Brazil,BRA,1998,7.022944
Brazil,BRA,1999,7.265394
Brazil,BRA,2000,7.4206977
Brazil,BRA,2001,7.3978744
Brazil,BRA,2002,7.2158194
Brazil,BRA,2003,7.2249312
Brazil,BRA,2004,7.232466
Brazil,BRA,2005,7.307073
Brazil,BRA,2006,7.740933
Brazil,BRA,2007,7.527235
Brazil,BRA,2008,7.6659136
Brazil,BRA,2009,8.038622
Brazil,BRA,2010,8.41
Brazil,BRA,2011,8.83
Brazil,BRA,2012,8.98
Brazil,BRA,2013,9.49
Brazil,BRA,2014,9.79
Brazil,BRA,2015,9.74
Brazil,BRA,2016,9.6
Brazil,BRA,2017,10.4800005
Brazil,BRA,2018,12.32
Brazil,BRA,2019,12.72
Brazil,BRA,2020,13.05
Brazil,BRA,2021,13.02
Brazil,BRA,2022,12.52
Brazil,BRA,2023,12.73
Brunei,BRN,1961,4.0616455
Brunei,BRN,1962,4.1866093
Brunei,BRN,1963,5.286693
Brunei,BRN,1964,5.624528
Brunei,BRN,1965,6.708342
Brunei,BRN,1966,7.543274
Brunei,BRN,1967,7.0767374
Brunei,BRN,1968,8.319272
Brunei,BRN,1969,8.366906
Brunei,BRN,1970,9.358746
Brunei,BRN,1971,9.919163
Brunei,BRN,1972,9.856326
Brunei,BRN,1973,10.09221
Brunei,BRN,1974,11.146337
Brunei,BRN,1975,11.172564
Brunei,BRN,1976,12.41112
Brunei,BRN,1977,14.28698
Brunei,BRN,1978,11.938114
Brunei,BRN,1979,14.3025
Brunei,BRN,1980,16.197313
Brunei,BRN,1981,10.479139
Brunei,BRN,1982,10.923569
Brunei,BRN,1983,10.212303
Brunei,BRN,1984,13.0913725
Brunei,BRN,1985,11.479619
Brunei,BRN,1986,12.324003
Brunei,BRN,1987,12.068618
Brunei,BRN,1988,13.636273
Brunei,BRN,1989,12.213949
Brunei,BRN,1990,10.911882
Brunei,BRN,1991,11.943154
Brunei,BRN,1992,11.843704
Brunei,BRN,1993,12.151146
Brunei,BRN,1994,13.21361
Brunei,BRN,1995,17.586117
Brunei,BRN,1996,20.072481
Brunei,BRN,1997,13.096146
Brunei,BRN,1998,15.7384815
Brunei,BRN,1999,12.209936
Brunei,BRN,2000,12.214969
Brunei,BRN,2001,12.610056
Brunei,BRN,2002,21.597786
Brunei,BRN,2003,16.257551
Brunei,BRN,2004,17.286871
Brunei,BRN,2005,16.383806
Brunei,BRN,2006,16.124166
Brunei,BRN,2007,13.683345
Brunei,BRN,2008,15.343356
Brunei,BRN,2009,15.505565
Bulgaria,BGR,1961,5.497708
Bulgaria,BGR,1962,5.4970274
Bulgaria,BGR,1963,5.499502
Bulgaria,BGR,1964,5.5006256
Bulgaria,BGR,1965,5.5931234
Bulgaria,BGR,1966,6.0975313
Bulgaria,BGR,1967,6.4037414
Bulgaria,BGR,1968,6.201355
Bulgaria,BGR,1969,6.5944743
Bulgaria,BGR,1970,6.793341
Bulgaria,BGR,1971,7.086716
Bulgaria,BGR,1972,7.1041207
Bulgaria,BGR,1973,7.6068974
Bulgaria,BGR,1974,7.8047166
Bulgaria,BGR,1975,8.213628
Bulgaria,BGR,1976,8.3314905
Bulgaria,BGR,1977,9.60395
Bulgaria,BGR,1978,11.002818
Bulgaria,BGR,1979,10.507837
Bulgaria,BGR,1980,11.427039
Bulgaria,BGR,1981,11.714212
Bulgaria,BGR,1982,12.215838
Bulgaria,BGR,1983,12.918197
Bulgaria,BGR,1984,13.223533
Bulgaria,BGR,1985,14.31183
Bulgaria,BGR,1986,14.299666
Bulgaria,BGR,1987,15.095642
Bulgaria,BGR,1988,14.789364
Bulgaria,BGR,1989,14.067485
Bulgaria,BGR,1990,13.567899
Bulgaria,BGR,1991,11.082353
Bulgaria,BGR,1992,9.706451
Bulgaria,BGR,1993,9.82822
Bulgaria,BGR,1994,10.664257
Bulgaria,BGR,1995,11.460582
Bulgaria,BGR,1996,11.227745
Bulgaria,BGR,1997,9.979189
Bulgaria,BGR,1998,11.190101
Bulgaria,BGR,1999,10.728052
Bulgaria,BGR,2000,9.780588
Bulgaria,BGR,2001,9.948205
Bulgaria,BGR,2002,10.87112
Bulgaria,BGR,2003,11.323764
Bulgaria,BGR,2004,12.173038
Bulgaria,BGR,2005,12.210853
Bulgaria,BGR,2006,12.212297
Bulgaria,BGR,2007,11.274378
Bulgaria,BGR,2008,10.366362
Bulgaria,BGR,2009,9.953834
Bulgaria,BGR,2010,9.310008
Bulgaria,BGR,2011,7.3799973
Bulgaria,BGR,2012,7.829989
Bulgaria,BGR,2013,8.329994
Bulgaria,BGR,2014,7.79
Bulgaria,BGR,2015,8.300006
Bulgaria,BGR,2016,8.399993
Bulgaria,BGR,2017,8.509998
Bulgaria,BGR,2018,8.250006
Bulgaria,BGR,2019,8.650004
Bulgaria,BGR,2020,4.9899955
Bulgaria,BGR,2021,3.6200042
Bulgaria,BGR,2022,5.1399984
Bulgaria,BGR,2023,5.199996
Burkina Faso,BFA,1961,0.49472776
Burkina Faso,BFA,1962,0.4940166
Burkina Faso,BFA,1963,0.49337366
Burkina Faso,BFA,1964,0.4927017
Burkina Faso,BFA,1965,0.50215083
Burkina Faso,BFA,1966,0.50172406
Burkina Faso,BFA,1967,0.49153182
Burkina Faso,BFA,1968,0.5114453
Burkina Faso,BFA,1969,0.5414517
Burkina Faso,BFA,1970,0.5614666
Burkina Faso,BFA,1971,0.58152395
Burkina Faso,BFA,1972,0.59180456
Burkina Faso,BFA,1973,0.60183436
Burkina Faso,BFA,1974,0.551378
Burkina Faso,BFA,1975,0.5706884
Burkina Faso,BFA,1976,0.5893764
Burkina Faso,BFA,1977,0.6071782
Burkina Faso,BFA,1978,0.62426615
Burkina Faso,BFA,1979,0.67076075
Burkina Faso,BFA,1980,0.7070568
Burkina Faso,BFA,1981,0.7239082
Burkina Faso,BFA,1982,0.80939764
Burkina Faso,BFA,1983,0.9041196
Burkina Faso,BFA,1984,0.99802756
Burkina Faso,BFA,1985,1.1398892
Burkina Faso,BFA,1986,1.1372893
Burkina Faso,BFA,1987,1.1357541
Burkina Faso,BFA,1988,1.1253624
Burkina Faso,BFA,1989,1.0964023
Burkina Faso,BFA,1990,2.3760586
Burkina Faso,BFA,1991,2.389024
Burkina Faso,BFA,1992,2.384767
Burkina Faso,BFA,1993,2.3900042
Burkina Faso,BFA,1994,2.3951454
Burkina Faso,BFA,1995,2.3994381
Burkina Faso,BFA,1996,2.3946807
Burkina Faso,BFA,1997,2.39943
Burkina Faso,BFA,1998,2.4003272
Burkina Faso,BFA,1999,2.3879972
Burkina Faso,BFA,2000,2.3750288
Burkina Faso,BFA,2001,2.3901725
Burkina Faso,BFA,2002,2.3853316
Burkina Faso,BFA,2003,2.3803606
Burkina Faso,BFA,2004,2.3653357
Burkina Faso,BFA,2005,2.360293
Burkina Faso,BFA,2006,2.3463445
Burkina Faso,BFA,2007,2.3442674
Burkina Faso,BFA,2008,2.5269067
Burkina Faso,BFA,2009,2.5366411
Burkina Faso,BFA,2010,2.6199994
Burkina Faso,BFA,2011,2.5900004
Burkina Faso,BFA,2012,2.5500007
Burkina Faso,BFA,2013,2.49
Burkina Faso,BFA,2014,2.3899994
Burkina Faso,BFA,2015,2.0700002
Burkina Faso,BFA,2016,1.9800006
Burkina Faso,BFA,2017,1.7699997
Burkina Faso,BFA,2018,2.05
Burkina Faso,BFA,2019,1.1499996
Burkina Faso,BFA,2020,1.1499999
Burkina Faso,BFA,2021,1.1199995
Burkina Faso,BFA,2022,1.06
Burkina Faso,BFA,2023,1.0900002
Burundi,BDI,2010,0.21413805
Burundi,BDI,2011,0.21406308
Burundi,BDI,2012,0.24315977
Burundi,BDI,2013,0.24306072
Burundi,BDI,2014,0.15548319
Burundi,BDI,2015,0.14564931
Burundi,BDI,2016,0.14551409
Burundi,BDI,2017,0.19389622
Burundi,BDI,2018,0.13567969
Burundi,BDI,2019,0.13565333
Burundi,BDI,2020,0.14528245
Burundi,BDI,2021,0.15488763
Burundi,BDI,2022,0.13546486
Cambodia,KHM,1961,0.695401
Cambodia,KHM,1962,0.7189605
Cambodia,KHM,1963,0.7427943
Cambodia,KHM,1964,0.7554708
Cambodia,KHM,1965,0.74527097
Cambodia,KHM,1966,0.76478964
Cambodia,KHM,1967,0.8771889
Cambodia,KHM,1968,0.9034403
Cambodia,KHM,1969,0.96126854
Cambodia,KHM,1970,1.0047766
Cambodia,KHM,1971,1.0611309
Cambodia,KHM,1972,1.0769311
Cambodia,KHM,1973,1.0769724
Cambodia,KHM,1974,1.0820756
Cambodia,KHM,1975,1.1366079
Cambodia,KHM,1976,1.283924
Cambodia,KHM,1977,1.3998967
Cambodia,KHM,1978,1.3904836
Cambodia,KHM,1979,1.344864
Cambodia,KHM,1980,1.3398324
Cambodia,KHM,1981,1.3691645
Cambodia,KHM,1982,1.3665222
Cambodia,KHM,1983,1.4195507
Cambodia,KHM,1984,1.4240763
Cambodia,KHM,1985,1.4411904
Cambodia,KHM,1986,1.4563535
Cambodia,KHM,1987,1.3873346
Cambodia,KHM,1988,1.3493634
Cambodia,KHM,1989,1.4008636
Cambodia,KHM,1990,1.400044
Cambodia,KHM,1991,1.4274052
Cambodia,KHM,1992,1.3900409
Cambodia,KHM,1993,1.3332485
Cambodia,KHM,1994,1.2982241
Cambodia,KHM,1995,1.225399
Cambodia,KHM,1996,1.119238
Cambodia,KHM,1997,1.0932137
Cambodia,KHM,1998,1.0950284
Cambodia,KHM,1999,1.0920831
Cambodia,KHM,2000,1.0788742
Cambodia,KHM,2001,1.0543213
Cambodia,KHM,2002,1.1764619
Cambodia,KHM,2003,1.1595131
Cambodia,KHM,2004,1.1714705
Cambodia,KHM,2005,1.1627564
Cambodia,KHM,2006,1.2621753
Cambodia,KHM,2007,1.4003458
Cambodia,KHM,2008,1.368955
Cambodia,KHM,2009,1.258185
Cambodia,KHM,2010,1.21
Cambodia,KHM,2011,1.2299994
Cambodia,KHM,2012,1.23
Cambodia,KHM,2013,1.24
Cambodia,KHM,2014,1.2799999
Cambodia,KHM,2015,1.2099998
Cambodia,KHM,2016,1.1699998
Cambodia,KHM,2017,1.1999998
Cambodia,KHM,2018,1.1499999
Cambodia,KHM,2019,1.1299998
Cambodia,KHM,2020,1.129999
Cambodia,KHM,2021,1.1000001
Cambodia,KHM,2022,1.09
Cambodia,KHM,2023,1.0899998
Cameroon,CMR,1961,0.35529685
Cameroon,CMR,1962,0.36674228
Cameroon,CMR,1963,0.4087534
Cameroon,CMR,1964,0.5558184
Cameroon,CMR,1965,0.56681806
Cameroon,CMR,1966,0.66169804
Cameroon,CMR,1967,0.7460724
Cameroon,CMR,1968,0.78809345
Cameroon,CMR,1969,0.8613075
Cameroon,CMR,1970,0.83984065
Cameroon,CMR,1971,0.81821865
Cameroon,CMR,1972,0.79652435
Cameroon,CMR,1973,0.7855176
Cameroon,CMR,1974,0.76413876
Cameroon,CMR,1975,0.74291015
Cameroon,CMR,1976,0.7333545
Cameroon,CMR,1977,0.73514944
Cameroon,CMR,1978,0.75721204
Cameroon,CMR,1979,0.76848245
Cameroon,CMR,1980,0.81846595
Cameroon,CMR,1981,0.84533703
Cameroon,CMR,1982,0.8715818
Cameroon,CMR,1983,0.9860706
Cameroon,CMR,1984,0.73339605
Cameroon,CMR,1985,0.8294822
Cameroon,CMR,1986,0.95731336
Cameroon,CMR,1987,0.86164623
Cameroon,CMR,1988,0.8832124
Cameroon,CMR,1989,0.8732309
Cameroon,CMR,1990,0.85211325
Cameroon,CMR,1991,0.78838205
Cameroon,CMR,1992,0.8207057
Cameroon,CMR,1993,0.79953414
Cameroon,CMR,1994,0.7997111
Cameroon,CMR,1995,0.7467157
Cameroon,CMR,1996,0.70438975
Cameroon,CMR,1997,0.6940617
Cameroon,CMR,1998,0.6728976
Cameroon,CMR,1999,0.6515281
Cameroon,CMR,2000,0.6728953
Cameroon,CMR,2001,0.61941975
Cameroon,CMR,2002,0.6082935
Cameroon,CMR,2003,0.59682405
Cameroon,CMR,2004,0.5214026
Cameroon,CMR,2005,0.46740305
Cameroon,CMR,2006,0.46661493
Cameroon,CMR,2007,0.4126461
Cameroon,CMR,2008,0.39033756
Cameroon,CMR,2009,0.43123624
Cameroon,CMR,2010,0.42000014
Cameroon,CMR,2011,0.3999998
Cameroon,CMR,2012,0.42
Cameroon,CMR,2013,0.42000002
Cameroon,CMR,2014,0.38999993
Cameroon,CMR,2015,0.37999988
Cameroon,CMR,2016,0.3799999
Cameroon,CMR,2017,0.37999985
Cameroon,CMR,2018,0.44000006
Cameroon,CMR,2019,0.37000006
Cameroon,CMR,2020,1.9699997
Cameroon,CMR,2021,1.8799996
Cameroon,CMR,2022,1.69
Cameroon,CMR,2023,1.74
Canada,CAN,1961,15.206533
Canada,CAN,1962,15.156069
Canada,CAN,1963,14.480282
Canada,CAN,1964,14.457436
Canada,CAN,1965,14.2525215
Canada,CAN,1966,13.867772
Canada,CAN,1967,14.352555
Canada,CAN,1968,14.189881
Canada,CAN,1969,14.562033
Canada,CAN,1970,14.655882
Canada,CAN,1971,14.27811
Canada,CAN,1972,13.771599
Canada,CAN,1973,13.17346
Canada,CAN,1974,13.067088
Canada,CAN,1975,12.962728
Canada,CAN,1976,12.938525
Canada,CAN,1977,12.573988
Canada,CAN,1978,12.365803
Canada,CAN,1979,12.868398
Canada,CAN,1980,12.70819
Canada,CAN,1981,12.499128
Canada,CAN,1982,12.456672
Canada,CAN,1983,12.249895
Canada,CAN,1984,11.810638
Canada,CAN,1985,11.771527
Canada,CAN,1986,11.654846
Canada,CAN,1987,11.508304
Canada,CAN,1988,10.954327
Canada,CAN,1989,10.671048
Canada,CAN,1990,10.589676
Canada,CAN,1991,10.534279
Canada,CAN,1992,10.434397
Canada,CAN,1993,10.274594
Canada,CAN,1994,10.244739
Canada,CAN,1995,10.19289
Canada,CAN,1996,10.366507
Canada,CAN,1997,10.770729
Canada,CAN,1998,11.219658
Canada,CAN,1999,10.81477
Canada,CAN,2000,11.030005
Canada,CAN,2001,11.704417
Canada,CAN,2002,11.219773
Canada,CAN,2003,11.074299
Canada,CAN,2004,11.08405
Canada,CAN,2005,11.214917
Canada,CAN,2006,10.990065
Canada,CAN,2007,10.934805
Canada,CAN,2008,11.632431
Canada,CAN,2009,12.393061
Canada,CAN,2010,12.479999
Canada,CAN,2011,12.54
Canada,CAN,2012,12.660002
Canada,CAN,2013,12.840003
Canada,CAN,2014,13.119999
Canada,CAN,2015,13.659998
Canada,CAN,2016,14.139998
Canada,CAN,2017,14.390001
Canada,CAN,2018,14.920002
Canada,CAN,2019,15.299998
Canada,CAN,2020,14.919998
Canada,CAN,2021,15.39
Canada,CAN,2022,15.580001
Canada,CAN,2023,15.890002
Cape Verde,CPV,1961,0.11097422
Cape Verde,CPV,1962,0.11053035
Cape Verde,CPV,1963,0.09983172
Cape Verde,CPV,1964,0.0099149
Cape Verde,CPV,1965,0
Cape Verde,CPV,1966,0.009802798
Cape Verde,CPV,1967,0.029149722
Cape Verde,CPV,1968,0.03864205
Cape Verde,CPV,1969,0.057581984
Cape Verde,CPV,1970,0.11462512
Cape Verde,CPV,1971,0.12555602
Cape Verde,CPV,1972,0.17734408
Cape Verde,CPV,1973,0.13091466
Cape Verde,CPV,1974,0.20424485
Cape Verde,CPV,1975,0.14281371
Cape Verde,CPV,1976,0.17194358
Cape Verde,CPV,1977,0.23781897
Cape Verde,CPV,1978,0.35693616
Cape Verde,CPV,1979,0.47263566
Cape Verde,CPV,1980,0.6071572
Cape Verde,CPV,1981,0.6490595
Cape Verde,CPV,1982,0.72671753
Cape Verde,CPV,1983,0.69472045
Cape Verde,CPV,1984,0.82552093
Cape Verde,CPV,1985,0.75277084
Cape Verde,CPV,1986,1.0681169
Cape Verde,CPV,1987,1.1859516
Cape Verde,CPV,1988,1.3591692
Cape Verde,CPV,1989,1.1664401
Cape Verde,CPV,1990,1.1625918
Cape Verde,CPV,1991,1.8533397
Cape Verde,CPV,1992,2.6542983
Cape Verde,CPV,1993,4.167353
Cape Verde,CPV,1994,4.192526
Cape Verde,CPV,1995,4.714146
Cape Verde,CPV,1996,4.660919
Cape Verde,CPV,1997,4.790355
Cape Verde,CPV,1998,4.6495028
Cape Verde,CPV,1999,4.5486956
Cape Verde,CPV,2000,4.114485
Cape Verde,CPV,2001,3.9779708
Cape Verde,CPV,2002,3.7442832
Cape Verde,CPV,2003,3.3738785
Cape Verde,CPV,2004,3.5200686
Cape Verde,CPV,2005,3.4952836
Cape Verde,CPV,2006,3.752058
Cape Verde,CPV,2007,3.9114385
Cape Verde,CPV,2008,4.0339117
Cape Verde,CPV,2009,4.2056475
Cape Verde,CPV,2010,4.1898932
Cape Verde,CPV,2011,4.2799754
Cape Verde,CPV,2012,4.609856
Cape Verde,CPV,2013,4.8099904
Cape Verde,CPV,2014,4.6799636
Cape Verde,CPV,2015,5.46984
Cape Verde,CPV,2016,6.1599274
Cape Verde,CPV,2017,6.2598906
Cape Verde,CPV,2018,5.4099154
Cape Verde,CPV,2019,5.969814
Cape Verde,CPV,2020,4.8899713
Cape Verde,CPV,2021,4.6899548
Cape Verde,CPV,2022,5.7498894
Cape Verde,CPV,2023,4.7999544
Caribbean (FAO),,1961,2.35
Caribbean (FAO),,1962,2.51
Caribbean (FAO),,1963,2.65
Caribbean (FAO),,1964,2.8
Caribbean (FAO),,1965,3.06
Caribbean (FAO),,1966,3.37
Caribbean (FAO),,1967,3.87
Caribbean (FAO),,1968,3.88
Caribbean (FAO),,1969,4.17
Caribbean (FAO),,1970,4.4
Caribbean (FAO),,1971,4.5
Caribbean (FAO),,1972,4.46
Caribbean (FAO),,1973,4.67
Caribbean (FAO),,1974,4.85
Caribbean (FAO),,1975,5.02
Caribbean (FAO),,1976,4.9
Caribbean (FAO),,1977,4.87
Caribbean (FAO),,1978,5.03
Caribbean (FAO),,1979,5.02
Caribbean (FAO),,1980,5.32
Caribbean (FAO),,1981,5.29
Caribbean (FAO),,1982,5.12
Caribbean (FAO),,1983,5.36
Caribbean (FAO),,1984,5.27
Caribbean (FAO),,1985,5.02
Caribbean (FAO),,1986,5.01
Caribbean (FAO),,1987,5.06
Caribbean (FAO),,1988,4.82
Caribbean (FAO),,1989,4.56
Caribbean (FAO),,1990,5.27
Caribbean (FAO),,1991,5.41
Caribbean (FAO),,1992,4.69
Caribbean (FAO),,1993,3.53
Caribbean (FAO),,1994,3.59
Caribbean (FAO),,1995,3.5
Caribbean (FAO),,1996,3.32
Caribbean (FAO),,1997,3.6
Caribbean (FAO),,1998,3.47
Caribbean (FAO),,1999,3.88
Caribbean (FAO),,2000,3.85
Caribbean (FAO),,2001,3.86
Caribbean (FAO),,2002,4.46
Caribbean (FAO),,2003,4.26
Caribbean (FAO),,2004,3.97
Caribbean (FAO),,2005,4.65
Caribbean (FAO),,2006,5.22
Caribbean (FAO),,2007,5.09
Caribbean (FAO),,2008,5.12
Caribbean (FAO),,2009,5.38
Caribbean (FAO),,2010,5.58
Caribbean (FAO),,2011,5.59
Caribbean (FAO),,2012,5.45
Caribbean (FAO),,2013,5.45
Caribbean (FAO),,2014,6.33
Caribbean (FAO),,2015,5.87
Caribbean (FAO),,2016,5.94
Caribbean (FAO),,2017,6.27
Caribbean (FAO),,2018,6.99
Caribbean (FAO),,2019,7.19
Caribbean (FAO),,2020,7.49
Caribbean (FAO),,2021,7.26
Caribbean (FAO),,2022,8
Caribbean (FAO),,2023,7.08
Central African Republic,CAF,1961,0.30851796
Central African Republic,CAF,1962,0.31701398
Central African Republic,CAF,1963,0.32545656
Central African Republic,CAF,1964,0.35160163
Central African Republic,CAF,1965,0.34247035
Central African Republic,CAF,1966,0.2983285
Central African Republic,CAF,1967,0.333199
Central African Republic,CAF,1968,0.32384855
Central African Republic,CAF,1969,0.33192998
Central African Republic,CAF,1970,0.33135432
Central African Republic,CAF,1971,0.3309432
Central African Republic,CAF,1972,0.3482047
Central African Republic,CAF,1973,0.3480672
Central African Republic,CAF,1974,0.34829435
Central African Republic,CAF,1975,0.33995482
Central African Republic,CAF,1976,0.34241304
Central African Republic,CAF,1977,0.3466218
Central African Republic,CAF,1978,0.35113552
Central African Republic,CAF,1979,0.36537668
Central African Republic,CAF,1980,0.37118396
Central African Republic,CAF,1981,0.35877797
Central African Republic,CAF,1982,0.34616297
Central African Republic,CAF,1983,0.34263325
Central African Republic,CAF,1984,0.33833086
Central African Republic,CAF,1985,0.35296866
Central African Republic,CAF,1986,0.32604197
Central African Republic,CAF,1987,0.41076687
Central African Republic,CAF,1988,0.4119431
Central African Republic,CAF,1989,0.4097735
Central African Republic,CAF,1990,0.41586536
Central African Republic,CAF,1991,0.46260878
Central African Republic,CAF,1992,0.44884706
Central African Republic,CAF,1993,0.49479994
Central African Republic,CAF,1994,0.48143378
Central African Republic,CAF,1995,0.51859254
Central African Republic,CAF,1996,0.49723905
Central African Republic,CAF,1997,0.48489395
Central African Republic,CAF,1998,0.48197314
Central African Republic,CAF,1999,0.46905014
Central African Republic,CAF,2000,0.4650207
Central African Republic,CAF,2001,0.4536091
Central African Republic,CAF,2002,0.45135406
Central African Republic,CAF,2003,0.44805235
Central African Republic,CAF,2004,0.43650252
Central African Republic,CAF,2005,0.4340757
Central African Republic,CAF,2006,0.45131767
Central African Republic,CAF,2007,0.48774785
Central African Republic,CAF,2008,0.49570203
Central African Republic,CAF,2009,0.50863636
Central African Republic,CAF,2010,0.5185919
Central African Republic,CAF,2011,0.55975425
Central African Republic,CAF,2012,0.44515094
Central African Republic,CAF,2013,0.43447584
Central African Republic,CAF,2014,0.43594745
Central African Republic,CAF,2015,0.42682824
Central African Republic,CAF,2016,0.35374215
Central African Republic,CAF,2017,0.5107743
Central African Republic,CAF,2018,0.42816234
Central African Republic,CAF,2019,0.821741
Central African Republic,CAF,2020,0.5421009
Central African Republic,CAF,2021,0.5017232
Central African Republic,CAF,2022,0.72228426
Central America (FAO),,1961,3.52
Central America (FAO),,1962,3.63
Central America (FAO),,1963,3.94
Central America (FAO),,1964,3.82
Central America (FAO),,1965,4.14
Central America (FAO),,1966,4.4
Central America (FAO),,1967,4.97
Central America (FAO),,1968,4.87
Central America (FAO),,1969,5.21
Central America (FAO),,1970,5.46
Central America (FAO),,1971,5.43
Central America (FAO),,1972,5.94
Central America (FAO),,1973,5.89
Central America (FAO),,1974,5.51
Central America (FAO),,1975,5.9
Central America (FAO),,1976,6.2
Central America (FAO),,1977,6.59
Central America (FAO),,1978,7.07
Central America (FAO),,1979,7.31
Central America (FAO),,1980,7.58
Central America (FAO),,1981,7.5
Central America (FAO),,1982,7.73
Central America (FAO),,1983,7.69
Central America (FAO),,1984,7.78
Central America (FAO),,1985,8.41
Central America (FAO),,1986,9.69
Central America (FAO),,1987,9.5
Central America (FAO),,1988,10.43
Central America (FAO),,1989,9.82
Central America (FAO),,1990,9.25
Central America (FAO),,1991,10.14
Central America (FAO),,1992,10.13
Central America (FAO),,1993,10.48
Central America (FAO),,1994,10.45
Central America (FAO),,1995,10.23
Central America (FAO),,1996,10.01
Central America (FAO),,1997,10.53
Central America (FAO),,1998,11.02
Central America (FAO),,1999,11.79
Central America (FAO),,2000,12.67
Central America (FAO),,2001,13.59
Central America (FAO),,2002,13.73
Central America (FAO),,2003,13.5
Central America (FAO),,2004,13.95
Central America (FAO),,2005,13.9
Central America (FAO),,2006,15.48
Central America (FAO),,2007,15.22
Central America (FAO),,2008,15.3
Central America (FAO),,2009,15.21
Central America (FAO),,2010,15.67
Central America (FAO),,2011,15.89
Central America (FAO),,2012,15.15
Central America (FAO),,2013,16.52
Central America (FAO),,2014,16.54
Central America (FAO),,2015,16.8
Central America (FAO),,2016,17.11
Central America (FAO),,2017,17.12
Central America (FAO),,2018,17.38
Central America (FAO),,2019,17.12
Central America (FAO),,2020,17.68
Central America (FAO),,2021,17.85
Central America (FAO),,2022,17.75
Central America (FAO),,2023,17.9
Central Asia (FAO),,1992,6.14
Central Asia (FAO),,1993,5.43
Central Asia (FAO),,1994,4.27
Central Asia (FAO),,1995,3.2
Central Asia (FAO),,1996,2.48
Central Asia (FAO),,1997,2.5
Central Asia (FAO),,1998,2.75
Central Asia (FAO),,1999,2.89
Central Asia (FAO),,2000,3.26
Central Asia (FAO),,2001,3.2
Central Asia (FAO),,2002,3.44
Central Asia (FAO),,2003,3.95
Central Asia (FAO),,2004,4.27
Central Asia (FAO),,2005,4.63
Central Asia (FAO),,2006,4.62
Central Asia (FAO),,2007,5.06
Central Asia (FAO),,2008,5.28
Central Asia (FAO),,2009,5.52
Central Asia (FAO),,2010,5.77
Central Asia (FAO),,2011,5.93
Central Asia (FAO),,2012,5.85
Central Asia (FAO),,2013,6.16
Central Asia (FAO),,2014,6.84
Central Asia (FAO),,2015,7.29
Central Asia (FAO),,2016,7.51
Central Asia (FAO),,2017,7.56
Central Asia (FAO),,2018,7.47
Central Asia (FAO),,2019,8.66
Central Asia (FAO),,2020,8.67
Central Asia (FAO),,2021,7.3
Central Asia (FAO),,2022,10.03
Central Asia (FAO),,2023,10.4
Chad,TCD,1961,0.58033913
Chad,TCD,1962,0.5702105
Chad,TCD,1963,0.5601669
Chad,TCD,1964,0.5499289
Chad,TCD,1965,0.5593204
Chad,TCD,1966,0.549111
Chad,TCD,1967,0.53863275
Chad,TCD,1968,0.5479137
Chad,TCD,1969,0.5475579
Chad,TCD,1970,0.5084454
Chad,TCD,1971,0.46987307
Chad,TCD,1972,0.44107074
Chad,TCD,1973,0.41189548
Chad,TCD,1974,0.38260204
Chad,TCD,1975,0.37286577
Chad,TCD,1976,0.37300128
Chad,TCD,1977,0.6974334
Chad,TCD,1978,0.64872366
Chad,TCD,1979,0.6574512
Chad,TCD,1980,0.6796294
Chad,TCD,1981,0.5813515
Chad,TCD,1982,0.5573426
Chad,TCD,1983,0.54322666
Chad,TCD,1984,0.54017204
Chad,TCD,1985,0.54953873
Chad,TCD,1986,0.47926193
Chad,TCD,1987,0.4772364
Chad,TCD,1988,0.4564348
Chad,TCD,1989,0.46559137
Chad,TCD,1990,0.4277836
Chad,TCD,1991,0.4256563
Chad,TCD,1992,0.41120052
Chad,TCD,1993,0.41447866
Chad,TCD,1994,0.41830003
Chad,TCD,1995,0.40369228
Chad,TCD,1996,0.39926007
Chad,TCD,1997,0.3502673
Chad,TCD,1998,0.34052828
Chad,TCD,1999,0.34064803
Chad,TCD,2000,0.3413203
Chad,TCD,2001,0.32313615
Chad,TCD,2002,0.32434586
Chad,TCD,2003,0.30422235
Chad,TCD,2004,0.30203015
Chad,TCD,2005,0.28118062
Chad,TCD,2006,0.28053525
Chad,TCD,2007,0.279855
Chad,TCD,2008,0.26913553
Chad,TCD,2009,0.258133
Chad,TCD,2010,0.5409954
Chad,TCD,2011,0.5214875
Chad,TCD,2012,0.50204754
Chad,TCD,2013,0.4826781
Chad,TCD,2014,0.2509926
Chad,TCD,2015,0.25099427
Chad,TCD,2016,0
Chad,TCD,2017,0.24140875
Chad,TCD,2018,0.23179539
Chad,TCD,2019,0.2223033
Chad,TCD,2020,0.2125922
Chad,TCD,2021,0.21199712
Chad,TCD,2022,0.20167059
Chile,CHL,1961,3.2515728
Chile,CHL,1962,3.6370568
Chile,CHL,1963,4.3210425
Chile,CHL,1964,4.8573623
Chile,CHL,1965,5.4921985
Chile,CHL,1966,5.627733
Chile,CHL,1967,5.586524
Chile,CHL,1968,5.3490214
Chile,CHL,1969,5.3704567
Chile,CHL,1970,5.4193144
Chile,CHL,1971,5.6329274
Chile,CHL,1972,5.8264346
Chile,CHL,1973,6.202391
Chile,CHL,1974,6.0780153
Chile,CHL,1975,5.1487303
Chile,CHL,1976,4.451344
Chile,CHL,1977,4.7285824
Chile,CHL,1978,4.7123375
Chile,CHL,1979,4.7471194
Chile,CHL,1980,4.8138456
Chile,CHL,1981,4.96213
Chile,CHL,1982,5.3963766
Chile,CHL,1983,5.2581697
Chile,CHL,1984,5.2758207
Chile,CHL,1985,6.1147285
Chile,CHL,1986,6.151834
Chile,CHL,1987,5.98117
Chile,CHL,1988,5.7605305
Chile,CHL,1989,6.070563
Chile,CHL,1990,6.16586
Chile,CHL,1991,6.2146363
Chile,CHL,1992,6.2091
Chile,CHL,1993,6.0771832
Chile,CHL,1994,5.2588096
Chile,CHL,1995,5.1090827
Chile,CHL,1996,5.383545
Chile,CHL,1997,5.617173
Chile,CHL,1998,5.4996395
Chile,CHL,1999,5.700094
Chile,CHL,2000,5.960854
Chile,CHL,2001,6.152355
Chile,CHL,2002,6.1153398
Chile,CHL,2003,6.2288027
Chile,CHL,2004,6.2725034
Chile,CHL,2005,6.565668
Chile,CHL,2006,6.3683815
Chile,CHL,2007,6.878939
Chile,CHL,2008,7.106628
Chile,CHL,2009,9.510077
Chile,CHL,2010,9.059999
Chile,CHL,2011,9.270006
Chile,CHL,2012,9.530002
Chile,CHL,2013,9.640002
Chile,CHL,2014,9.729999
Chile,CHL,2015,10.250001
Chile,CHL,2016,10.369997
Chile,CHL,2017,10.100001
Chile,CHL,2018,10.840003
Chile,CHL,2019,9.509996
Chile,CHL,2020,9.949999
Chile,CHL,2021,9.960004
Chile,CHL,2022,10.130003
Chile,CHL,2023,9.889998
China,CHN,1961,2.0559757
China,CHN,1962,2.039403
China,CHN,1963,1.9653794
China,CHN,1964,1.9754305
China,CHN,1965,1.9475151
China,CHN,1966,1.9649106
China,CHN,1967,1.9791062
China,CHN,1968,1.9737084
China,CHN,1969,1.9961689
China,CHN,1970,2.0079792
China,CHN,1971,2.0198123
China,CHN,1972,2.0334733
China,CHN,1973,2.0568259
China,CHN,1974,2.0999162
China,CHN,1975,2.1539953
China,CHN,1976,2.207826
China,CHN,1977,2.260665
China,CHN,1978,2.3325648
China,CHN,1979,2.4127846
China,CHN,1980,2.5121763
China,CHN,1981,2.560908
China,CHN,1982,2.7071815
China,CHN,1983,2.8664386
China,CHN,1984,3.7015715
China,CHN,1985,4.5506716
China,CHN,1986,4.640562
China,CHN,1987,4.8406467
China,CHN,1988,5.6183653
China,CHN,1989,5.740031
China,CHN,1990,6.243463
China,CHN,1991,7.1538935
China,CHN,1992,7.8131995
China,CHN,1993,8.9363575
China,CHN,1994,11.123515
China,CHN,1995,12.48552
China,CHN,1996,14.537486
China,CHN,1997,13.855058
China,CHN,1998,14.636303
China,CHN,1999,15.353647
China,CHN,2000,15.571925
China,CHN,2001,15.661451
China,CHN,2002,15.964206
China,CHN,2003,16.33397
China,CHN,2004,16.494646
China,CHN,2005,16.854204
China,CHN,2006,16.661667
China,CHN,2007,17.240215
China,CHN,2008,18.301472
China,CHN,2009,18.459194
China,CHN,2010,18.77
China,CHN,2011,18.98
China,CHN,2012,19.19
China,CHN,2013,19.11
China,CHN,2014,19.15
China,CHN,2015,20.04
China,CHN,2016,20.68
China,CHN,2017,20.13
China,CHN,2018,20.25
China,CHN,2019,21.36
China,CHN,2020,22.35
China,CHN,2021,21.95
China,CHN,2022,22.270002
China,CHN,2023,22.96
China (FAO),,1961,2.06
China (FAO),,1962,2.04
China (FAO),,1963,2.01
China (FAO),,1964,2.04
China (FAO),,1965,2.03
China (FAO),,1966,2.04
China (FAO),,1967,2.06
China (FAO),,1968,2.05
China (FAO),,1969,2.08
China (FAO),,1970,2.09
China (FAO),,1971,2.11
China (FAO),,1972,2.12
China (FAO),,1973,2.15
China (FAO),,1974,2.18
China (FAO),,1975,2.23
China (FAO),,1976,2.29
China (FAO),,1977,2.35
China (FAO),,1978,2.44
China (FAO),,1979,2.53
China (FAO),,1980,2.63
China (FAO),,1981,2.67
China (FAO),,1982,2.82
China (FAO),,1983,3.01
China (FAO),,1984,3.83
China (FAO),,1985,4.65
China (FAO),,1986,4.72
China (FAO),,1987,4.92
China (FAO),,1988,5.66
China (FAO),,1989,5.77
China (FAO),,1990,6.26
China (FAO),,1991,7.14
China (FAO),,1992,7.79
China (FAO),,1993,8.87
China (FAO),,1994,10.98
China (FAO),,1995,12.31
China (FAO),,1996,14.31
China (FAO),,1997,13.69
China (FAO),,1998,14.46
China (FAO),,1999,15.18
China (FAO),,2000,15.41
China (FAO),,2001,15.52
China (FAO),,2002,15.8
China (FAO),,2003,16.16
China (FAO),,2004,16.32
China (FAO),,2005,16.66
China (FAO),,2006,16.47
China (FAO),,2007,17.04
China (FAO),,2008,18.07
China (FAO),,2009,18.21
China (FAO),,2010,18.65
China (FAO),,2011,18.86
China (FAO),,2012,19.07
China (FAO),,2013,18.99
China (FAO),,2014,19.06
China (FAO),,2015,19.94
China (FAO),,2016,20.58
China (FAO),,2017,20.05
China (FAO),,2018,20.17
China (FAO),,2019,21.28
China (FAO),,2020,22.26
China (FAO),,2021,21.88
China (FAO),,2022,22.18
China (FAO),,2023,22.85
Colombia,COL,1961,2.4689643
Colombia,COL,1962,2.3945518
Colombia,COL,1963,2.3209577
Colombia,COL,1964,2.2581892
Colombia,COL,1965,2.185929
Colombia,COL,1966,2.125187
Colombia,COL,1967,2.0656154
Colombia,COL,1968,2.0064247
Colombia,COL,1969,1.9573513
Colombia,COL,1970,1.9076543
Colombia,COL,1971,2.6786685
Colombia,COL,1972,2.8749967
Colombia,COL,1973,3.5015874
Colombia,COL,1974,3.5025213
Colombia,COL,1975,3.8340726
Colombia,COL,1976,4.0451694
Colombia,COL,1977,5.0386434
Colombia,COL,1978,5.15524
Colombia,COL,1979,5.8088083
Colombia,COL,1980,5.561479
Colombia,COL,1981,5.486637
Colombia,COL,1982,5.399982
Colombia,COL,1983,5.3719707
Colombia,COL,1984,5.447163
Colombia,COL,1985,5.518344
Colombia,COL,1986,5.387118
Colombia,COL,1987,5.4704504
Colombia,COL,1988,5.4906893
Colombia,COL,1989,5.621608
Colombia,COL,1990,5.7701902
Colombia,COL,1991,5.858127
Colombia,COL,1992,6.355627
Colombia,COL,1993,6.7670903
Colombia,COL,1994,6.9115663
Colombia,COL,1995,7.1197634
Colombia,COL,1996,7.4343863
Colombia,COL,1997,7.861762
Colombia,COL,1998,8.021358
Colombia,COL,1999,7.8866186
Colombia,COL,2000,8.022481
Colombia,COL,2001,8.763603
Colombia,COL,2002,8.156385
Colombia,COL,2003,8.898615
Colombia,COL,2004,8.660553
Colombia,COL,2005,9.440643
Colombia,COL,2006,9.899662
Colombia,COL,2007,8.943778
Colombia,COL,2008,9.369297
Colombia,COL,2009,10.366616
Colombia,COL,2010,10.099999
Colombia,COL,2011,10.939999
Colombia,COL,2012,10.76
Colombia,COL,2013,11.169999
Colombia,COL,2014,11.490001
Colombia,COL,2015,11.990001
Colombia,COL,2016,12.53
Colombia,COL,2017,13.320001
Colombia,COL,2018,13.810002
Colombia,COL,2019,13.36
Colombia,COL,2020,15.000001
Colombia,COL,2021,15.429999
Colombia,COL,2022,15.0199995
Colombia,COL,2023,14.959999
Comoros,COM,2010,1.429987
Comoros,COM,2011,1.4199915
Comoros,COM,2012,1.2999866
Comoros,COM,2013,1.6799686
Comoros,COM,2014,1.6399723
Comoros,COM,2015,1.5399894
Comoros,COM,2016,2.0399861
Comoros,COM,2017,1.5899957
Comoros,COM,2018,1.5599859
Comoros,COM,2019,1.4799963
Comoros,COM,2020,2.3299649
Comoros,COM,2021,2.0599797
Comoros,COM,2022,1.3599983
Comoros,COM,2023,1.48
Congo,COG,1961,0.31649074
Congo,COG,1962,0.2974182
Congo,COG,1963,0.2780098
Congo,COG,1964,0.25900924
Congo,COG,1965,0.23008794
Congo,COG,1966,0.2202739
Congo,COG,1967,0.21058938
Congo,COG,1968,0.21995026
Congo,COG,1969,0.22934873
Congo,COG,1970,0.22924358
Congo,COG,1971,0.24826393
Congo,COG,1972,0.26728952
Congo,COG,1973,0.25755617
Congo,COG,1974,0.24779056
Congo,COG,1975,0.24832931
Congo,COG,1976,0.33588585
Congo,COG,1977,0.42439204
Congo,COG,1978,0.41693887
Congo,COG,1979,0.507346
Congo,COG,1980,0.46152222
Congo,COG,1981,0.33640608
Congo,COG,1982,0.358977
Congo,COG,1983,0.36215448
Congo,COG,1984,0.35358256
Congo,COG,1985,0.3533453
Congo,COG,1986,0.3931993
Congo,COG,1987,0.40266034
Congo,COG,1988,0.3517669
Congo,COG,1989,0.3309183
Congo,COG,1990,0.3403482
Congo,COG,1991,0.41961673
Congo,COG,1992,0.4785774
Congo,COG,1993,0.49670017
Congo,COG,1994,0.33680153
Congo,COG,1995,0.31668717
Congo,COG,1996,0.4850102
Congo,COG,1997,0.38866815
Congo,COG,1998,0.64193773
Congo,COG,1999,0.42154047
Congo,COG,2000,0.51581717
Congo,COG,2001,0.6857666
Congo,COG,2002,0.8232615
Congo,COG,2003,0.5855896
Congo,COG,2004,0.7545003
Congo,COG,2005,0.5655152
Congo,COG,2006,0.46568638
Congo,COG,2007,0.46274146
Congo,COG,2008,0.40517184
Congo,COG,2009,0.46657282
Congo,COG,2010,0.4499986
Congo,COG,2011,0.6699989
Congo,COG,2012,0.53999925
Congo,COG,2013,0.5399996
Congo,COG,2014,0.5599992
Congo,COG,2015,0.6799996
Congo,COG,2016,0.7099993
Congo,COG,2017,0.5399997
Congo,COG,2018,0.3499995
Congo,COG,2019,0.34000024
Congo,COG,2020,0.40999985
Congo,COG,2021,0.34999958
Congo,COG,2022,0.19999987
Congo,COG,2023,0.19
Costa Rica,CRI,1961,5.275583
Costa Rica,CRI,1962,5.285744
Costa Rica,CRI,1963,5.3814344
Costa Rica,CRI,1964,5.546505
Costa Rica,CRI,1965,5.6884503
Costa Rica,CRI,1966,7.2373133
Costa Rica,CRI,1967,7.2332783
Costa Rica,CRI,1968,7.2152066
Costa Rica,CRI,1969,7.225964
Costa Rica,CRI,1970,7.2426376
Costa Rica,CRI,1971,7.256252
Costa Rica,CRI,1972,7.3156404
Costa Rica,CRI,1973,7.437008
Costa Rica,CRI,1974,7.292853
Costa Rica,CRI,1975,7.157971
Costa Rica,CRI,1976,7.213429
Costa Rica,CRI,1977,7.2359667
Costa Rica,CRI,1978,7.064821
Costa Rica,CRI,1979,7.0783195
Costa Rica,CRI,1980,6.7965703
Costa Rica,CRI,1981,6.547105
Costa Rica,CRI,1982,6.471035
Costa Rica,CRI,1983,4.851818
Costa Rica,CRI,1984,4.2723246
Costa Rica,CRI,1985,4.242561
Costa Rica,CRI,1986,5.9255104
Costa Rica,CRI,1987,7.216737
Costa Rica,CRI,1988,7.930388
Costa Rica,CRI,1989,8.163502
Costa Rica,CRI,1990,9.577161
Costa Rica,CRI,1991,10.565396
Costa Rica,CRI,1992,10.920283
Costa Rica,CRI,1993,11.340189
Costa Rica,CRI,1994,11.03429
Costa Rica,CRI,1995,13.084882
Costa Rica,CRI,1996,10.76306
Costa Rica,CRI,1997,11.314789
Costa Rica,CRI,1998,9.390291
Costa Rica,CRI,1999,8.982997
Costa Rica,CRI,2000,9.052178
Costa Rica,CRI,2001,10.09018
Costa Rica,CRI,2002,10.225683
Costa Rica,CRI,2003,9.684787
Costa Rica,CRI,2004,10.220536
Costa Rica,CRI,2005,9.296449
Costa Rica,CRI,2006,9.055697
Costa Rica,CRI,2007,7.6518764
Costa Rica,CRI,2008,9.923465
Costa Rica,CRI,2009,9.662555
Costa Rica,CRI,2010,10.299989
Costa Rica,CRI,2011,10.009992
Costa Rica,CRI,2012,10.02
Costa Rica,CRI,2013,11.199992
Costa Rica,CRI,2014,11.059987
Costa Rica,CRI,2015,10.999989
Costa Rica,CRI,2016,11.829992
Costa Rica,CRI,2017,11.760008
Costa Rica,CRI,2018,11.790016
Costa Rica,CRI,2019,11.870002
Costa Rica,CRI,2020,13.049992
Costa Rica,CRI,2021,14.299998
Costa Rica,CRI,2022,14.169989
Costa Rica,CRI,2023,13.61001
Cote d'Ivoire,CIV,1961,0.3119718
Cote d'Ivoire,CIV,1962,0.31199032
Cote d'Ivoire,CIV,1963,0.31217855
Cote d'Ivoire,CIV,1964,0.31270802
Cote d'Ivoire,CIV,1965,0.29448152
Cote d'Ivoire,CIV,1966,0.31445438
Cote d'Ivoire,CIV,1967,0.30608305
Cote d'Ivoire,CIV,1968,0.30742943
Cote d'Ivoire,CIV,1969,0.30883086
Cote d'Ivoire,CIV,1970,0.31965938
Cote d'Ivoire,CIV,1971,0.32048842
Cote d'Ivoire,CIV,1972,0.34042215
Cote d'Ivoire,CIV,1973,0.3407223
Cote d'Ivoire,CIV,1974,0.35076588
Cote d'Ivoire,CIV,1975,0.3996958
Cote d'Ivoire,CIV,1976,0.48994306
Cote d'Ivoire,CIV,1977,0.5831543
Cote d'Ivoire,CIV,1978,0.6968574
Cote d'Ivoire,CIV,1979,0.7509239
Cote d'Ivoire,CIV,1980,0.9451779
Cote d'Ivoire,CIV,1981,1.2002081
Cote d'Ivoire,CIV,1982,0.85926133
Cote d'Ivoire,CIV,1983,0.9919698
Cote d'Ivoire,CIV,1984,1.0024618
Cote d'Ivoire,CIV,1985,0.7790121
Cote d'Ivoire,CIV,1986,1.0603659
Cote d'Ivoire,CIV,1987,1.1280009
Cote d'Ivoire,CIV,1988,0.94340193
Cote d'Ivoire,CIV,1989,0.739446
Cote d'Ivoire,CIV,1990,0.88461316
Cote d'Ivoire,CIV,1991,0.7606587
Cote d'Ivoire,CIV,1992,1.0007354
Cote d'Ivoire,CIV,1993,0.9542475
Cote d'Ivoire,CIV,1994,0.90787905
Cote d'Ivoire,CIV,1995,0.8804538
Cote d'Ivoire,CIV,1996,0.87172383
Cote d'Ivoire,CIV,1997,1.2373166
Cote d'Ivoire,CIV,1998,2.0378845
Cote d'Ivoire,CIV,1999,1.7898475
Cote d'Ivoire,CIV,2000,1.6587609
Cote d'Ivoire,CIV,2001,1.6890663
Cote d'Ivoire,CIV,2002,1.698359
Cote d'Ivoire,CIV,2003,1.4765434
Cote d'Ivoire,CIV,2004,1.6885902
Cote d'Ivoire,CIV,2005,1.26543
Cote d'Ivoire,CIV,2006,1.1948415
Cote d'Ivoire,CIV,2007,1.0412363
Cote d'Ivoire,CIV,2008,1.2221742
Cote d'Ivoire,CIV,2009,1.1753553
Cote d'Ivoire,CIV,2010,1.1899997
Cote d'Ivoire,CIV,2011,1.1699998
Cote d'Ivoire,CIV,2012,1.4299998
Cote d'Ivoire,CIV,2013,1.5800003
Cote d'Ivoire,CIV,2014,1.6200005
Cote d'Ivoire,CIV,2015,1.8699995
Cote d'Ivoire,CIV,2016,1.7999997
Cote d'Ivoire,CIV,2017,1.7799995
Cote d'Ivoire,CIV,2018,1.5799998
Cote d'Ivoire,CIV,2019,2.0699997
Cote d'Ivoire,CIV,2020,1.9899998
Cote d'Ivoire,CIV,2021,1.9500003
Cote d'Ivoire,CIV,2022,2.2699997
Cote d'Ivoire,CIV,2023,1.9899999
Croatia,HRV,1992,9.911934
Croatia,HRV,1993,9.786309
Croatia,HRV,1994,9.7705
Croatia,HRV,1995,9.614813
Croatia,HRV,1996,10.687072
Croatia,HRV,1997,9.848381
Croatia,HRV,1998,10.522568
Croatia,HRV,1999,10.34942
Croatia,HRV,2000,10.157983
Croatia,HRV,2001,10.370283
Croatia,HRV,2002,10.053057
Croatia,HRV,2003,11.399592
Croatia,HRV,2004,10.535377
Croatia,HRV,2005,10.91668
Croatia,HRV,2006,11.130638
Croatia,HRV,2007,11.226291
Croatia,HRV,2008,10.863028
Croatia,HRV,2009,11.100705
Croatia,HRV,2010,10.05
Croatia,HRV,2011,9.589984
Croatia,HRV,2012,8.190014
Croatia,HRV,2013,8.569993
Croatia,HRV,2014,8.36999
Croatia,HRV,2015,8.519997
Croatia,HRV,2016,9.820004
Croatia,HRV,2017,9.660005
Croatia,HRV,2018,7.6000037
Croatia,HRV,2019,8.099984
Croatia,HRV,2020,8.640009
Croatia,HRV,2021,8.960007
Croatia,HRV,2022,8.669998
Croatia,HRV,2023,8.939993
Cuba,CUB,1961,3.197403
Cuba,CUB,1962,3.5466297
Cuba,CUB,1963,3.8873076
Cuba,CUB,1964,4.2370067
Cuba,CUB,1965,4.703388
Cuba,CUB,1966,5.117342
Cuba,CUB,1967,5.8967605
Cuba,CUB,1968,5.892397
Cuba,CUB,1969,6.254304
Cuba,CUB,1970,6.6663256
Cuba,CUB,1971,6.9248343
Cuba,CUB,1972,6.9834757
Cuba,CUB,1973,7.2076855
Cuba,CUB,1974,7.641449
Cuba,CUB,1975,7.974741
Cuba,CUB,1976,7.7578583
Cuba,CUB,1977,7.738399
Cuba,CUB,1978,8.008363
Cuba,CUB,1979,8.320761
Cuba,CUB,1980,9.629572
Cuba,CUB,1981,9.093737
Cuba,CUB,1982,8.956521
Cuba,CUB,1983,9.794264
Cuba,CUB,1984,9.826588
Cuba,CUB,1985,9.592778
Cuba,CUB,1986,9.414304
Cuba,CUB,1987,9.305367
Cuba,CUB,1988,8.888715
Cuba,CUB,1989,8.984981
Cuba,CUB,1990,10.320021
Cuba,CUB,1991,10.826926
Cuba,CUB,1992,8.837157
Cuba,CUB,1993,5.709954
Cuba,CUB,1994,5.8662133
Cuba,CUB,1995,5.4733233
Cuba,CUB,1996,4.998645
Cuba,CUB,1997,5.7536044
Cuba,CUB,1998,4.973163
Cuba,CUB,1999,6.246751
Cuba,CUB,2000,6.1559663
Cuba,CUB,2001,5.3949013
Cuba,CUB,2002,6.5301394
Cuba,CUB,2003,6.561366
Cuba,CUB,2004,6.4495916
Cuba,CUB,2005,7.5897927
Cuba,CUB,2006,8.53696
Cuba,CUB,2007,8.591194
Cuba,CUB,2008,8.583219
Cuba,CUB,2009,8.885499
Cuba,CUB,2010,8.589997
Cuba,CUB,2011,9.379993
Cuba,CUB,2012,9.080006
Cuba,CUB,2013,9.500006
Cuba,CUB,2014,9.71
Cuba,CUB,2015,8.709992
Cuba,CUB,2016,9.029996
Cuba,CUB,2017,9.590005
Cuba,CUB,2018,10.710004
Cuba,CUB,2019,9.410002
Cyprus,CYP,1961,5.019865
Cyprus,CYP,1962,5.2757654
Cyprus,CYP,1963,5.2350416
Cyprus,CYP,1964,5.529761
Cyprus,CYP,1965,6.3297033
Cyprus,CYP,1966,6.5031905
Cyprus,CYP,1967,6.7904587
Cyprus,CYP,1968,7.475424
Cyprus,CYP,1969,7.145023
Cyprus,CYP,1970,7.4065824
Cyprus,CYP,1971,7.2158737
Cyprus,CYP,1972,7.618835
Cyprus,CYP,1973,7.2372985
Cyprus,CYP,1974,6.3787174
Cyprus,CYP,1975,5.7961082
Cyprus,CYP,1976,6.440408
Cyprus,CYP,1977,6.229673
Cyprus,CYP,1978,6.537198
Cyprus,CYP,1979,5.5198717
Cyprus,CYP,1980,5.435219
Cyprus,CYP,1981,6.5509987
Cyprus,CYP,1982,6.050627
Cyprus,CYP,1983,5.6326704
Cyprus,CYP,1984,6.6273346
Cyprus,CYP,1985,5.824229
Cyprus,CYP,1986,5.5954657
Cyprus,CYP,1987,6.6859655
Cyprus,CYP,1988,6.493231
Cyprus,CYP,1989,8.1723995
Cyprus,CYP,1990,8.902144
Cyprus,CYP,1991,8.36951
Cyprus,CYP,1992,6.6128583
Cyprus,CYP,1993,8.169754
Cyprus,CYP,1994,8.86874
Cyprus,CYP,1995,9.088175
Cyprus,CYP,1996,9.520445
Cyprus,CYP,1997,8.308697
Cyprus,CYP,1998,9.680149
Cyprus,CYP,1999,9.32713
Cyprus,CYP,2000,9.234299
Cyprus,CYP,2001,9.658551
Cyprus,CYP,2002,10.734195
Cyprus,CYP,2003,11.900921
Cyprus,CYP,2004,9.272887
Cyprus,CYP,2005,8.065359
Cyprus,CYP,2006,7.8419304
Cyprus,CYP,2007,8.165283
Cyprus,CYP,2008,8.913887
Cyprus,CYP,2009,8.378865
Cyprus,CYP,2010,8.279955
Cyprus,CYP,2011,8.819977
Cyprus,CYP,2012,8.479978
Cyprus,CYP,2013,8.799933
Cyprus,CYP,2014,9.499953
Cyprus,CYP,2015,8.699971
Cyprus,CYP,2016,8.719972
Cyprus,CYP,2017,8.970043
Cyprus,CYP,2018,8.669979
Cyprus,CYP,2019,8.730006
Cyprus,CYP,2020,7.55
Cyprus,CYP,2021,7.3699946
Cyprus,CYP,2022,7.0099688
Cyprus,CYP,2023,7.6099944
Czechia,CZE,1993,12.726575
Czechia,CZE,1994,13.578444
Czechia,CZE,1995,13.124222
Czechia,CZE,1996,12.488524
Czechia,CZE,1997,14.383175
Czechia,CZE,1998,19.41825
Czechia,CZE,1999,17.481688
Czechia,CZE,2000,16.571325
Czechia,CZE,2001,16.668465
Czechia,CZE,2002,14.932757
Czechia,CZE,2003,14.516115
Czechia,CZE,2004,14.255353
Czechia,CZE,2005,13.913154
Czechia,CZE,2006,15.694798
Czechia,CZE,2007,15.01067
Czechia,CZE,2008,15.068776
Czechia,CZE,2009,15.264644
Czechia,CZE,2010,12.860005
Czechia,CZE,2011,13.140002
Czechia,CZE,2012,11.80999
Czechia,CZE,2013,11.869995
Czechia,CZE,2014,8.680006
Czechia,CZE,2015,8.810002
Czechia,CZE,2016,9.0700035
Czechia,CZE,2017,8.919997
Czechia,CZE,2018,8.970006
Czechia,CZE,2019,9.470007
Czechia,CZE,2020,10.300001
Czechia,CZE,2021,9.589997
Czechia,CZE,2022,8.079995
Czechia,CZE,2023,8.939998
Czechoslovakia,OWID_CZS,1961,9.357464
Czechoslovakia,OWID_CZS,1962,9.450216
Czechoslovakia,OWID_CZS,1963,9.96
Czechoslovakia,OWID_CZS,1964,10.31645
Czechoslovakia,OWID_CZS,1965,11.799652
Czechoslovakia,OWID_CZS,1966,11.955552
Czechoslovakia,OWID_CZS,1967,12.741053
Czechoslovakia,OWID_CZS,1968,12.776482
Czechoslovakia,OWID_CZS,1969,13.797101
Czechoslovakia,OWID_CZS,1970,14.524186
Czechoslovakia,OWID_CZS,1971,14.808514
Czechoslovakia,OWID_CZS,1972,15.349548
Czechoslovakia,OWID_CZS,1973,15.327892
Czechoslovakia,OWID_CZS,1974,15.344837
Czechoslovakia,OWID_CZS,1975,15.570895
Czechoslovakia,OWID_CZS,1976,15.458333
Czechoslovakia,OWID_CZS,1977,16.212057
Czechoslovakia,OWID_CZS,1978,16.23845
Czechoslovakia,OWID_CZS,1979,16.273565
Czechoslovakia,OWID_CZS,1980,16.590872
Czechoslovakia,OWID_CZS,1981,16.525097
Czechoslovakia,OWID_CZS,1982,16.99991
Czechoslovakia,OWID_CZS,1983,17.278978
Czechoslovakia,OWID_CZS,1984,17.642288
Czechoslovakia,OWID_CZS,1985,17.924198
Czechoslovakia,OWID_CZS,1986,18.027182
Czechoslovakia,OWID_CZS,1987,17.987938
Czechoslovakia,OWID_CZS,1988,18.338083
Czechoslovakia,OWID_CZS,1989,17.733747
Czechoslovakia,OWID_CZS,1990,17.151182
Czechoslovakia,OWID_CZS,1991,15.781012
Czechoslovakia,OWID_CZS,1992,15.492975
Democratic Republic of Congo,COD,2010,0.14
Democratic Republic of Congo,COD,2011,0.13
Democratic Republic of Congo,COD,2012,0.11999999
Democratic Republic of Congo,COD,2013,0.12
Democratic Republic of Congo,COD,2014,0.10999999
Democratic Republic of Congo,COD,2015,0.11
Democratic Republic of Congo,COD,2016,0.09999999
Democratic Republic of Congo,COD,2017,0.08
Democratic Republic of Congo,COD,2018,0.06999999
Democratic Republic of Congo,COD,2019,0.06999999
Democratic Republic of Congo,COD,2020,0.07
Democratic Republic of Congo,COD,2021,0.07
Democratic Republic of Congo,COD,2022,0.07
Democratic Republic of Congo,COD,2023,0.059999995
Denmark,DNK,1961,10.465993
Denmark,DNK,1962,11.42377
Denmark,DNK,1963,12.704696
Denmark,DNK,1964,12.953047
Denmark,DNK,1965,12.683099
Denmark,DNK,1966,12.746813
Denmark,DNK,1967,12.359196
Denmark,DNK,1968,12.110495
Denmark,DNK,1969,11.784923
Denmark,DNK,1970,11.943212
Denmark,DNK,1971,11.163104
Denmark,DNK,1972,11.354153
Denmark,DNK,1973,10.787601
Denmark,DNK,1974,11.46717
Denmark,DNK,1975,11.641374
Denmark,DNK,1976,11.846784
Denmark,DNK,1977,12.12768
Denmark,DNK,1978,12.901766
Denmark,DNK,1979,13.162927
Denmark,DNK,1980,13.499792
Denmark,DNK,1981,14.159316
Denmark,DNK,1982,14.424368
Denmark,DNK,1983,14.212583
Denmark,DNK,1984,14.448952
Denmark,DNK,1985,14.857449
Denmark,DNK,1986,14.720739
Denmark,DNK,1987,15.027296
Denmark,DNK,1988,14.907735
Denmark,DNK,1989,14.349601
Denmark,DNK,1990,14.0871935
Denmark,DNK,1991,14.559023
Denmark,DNK,1992,15.398891
Denmark,DNK,1993,15.236933
Denmark,DNK,1994,15.824614
Denmark,DNK,1995,16.11888
Denmark,DNK,1996,13.64644
Denmark,DNK,1997,15.85584
Denmark,DNK,1998,15.484621
Denmark,DNK,1999,14.652248
Denmark,DNK,2000,13.725734
Denmark,DNK,2001,16.218414
Denmark,DNK,2002,16.308838
Denmark,DNK,2003,17.3754
Denmark,DNK,2004,19.889393
Denmark,DNK,2005,18.954576
Denmark,DNK,2006,19.46279
Denmark,DNK,2007,18.992214
Denmark,DNK,2008,18.85768
Denmark,DNK,2009,16.82253
Denmark,DNK,2010,16.069984
Denmark,DNK,2011,15.080006
Denmark,DNK,2012,15.270025
Denmark,DNK,2013,15.399992
Denmark,DNK,2014,16.059986
Denmark,DNK,2015,16.150005
Denmark,DNK,2016,15.890012
Denmark,DNK,2017,15.700016
Denmark,DNK,2018,15.769989
Denmark,DNK,2019,14.940005
Denmark,DNK,2020,15.660002
Denmark,DNK,2021,15.070015
Denmark,DNK,2022,14.579997
Denmark,DNK,2023,13.450014
Djibouti,DJI,1961,0
Djibouti,DJI,1962,0
Djibouti,DJI,1963,0
Djibouti,DJI,1964,0
Djibouti,DJI,1965,0
Djibouti,DJI,1966,0
Djibouti,DJI,1967,0
Djibouti,DJI,1968,0
Djibouti,DJI,1969,0
Djibouti,DJI,1970,0
Djibouti,DJI,1971,0
Djibouti,DJI,1972,0
Djibouti,DJI,1973,0
Djibouti,DJI,1974,0
Djibouti,DJI,1975,0
Djibouti,DJI,1976,0
Djibouti,DJI,1977,0.39304245
Djibouti,DJI,1978,0.49492574
Djibouti,DJI,1979,0.47444382
Djibouti,DJI,1980,0.52887774
Djibouti,DJI,1981,0.67773193
Djibouti,DJI,1982,0.6149005
Djibouti,DJI,1983,0.75503707
Djibouti,DJI,1984,0.927951
Djibouti,DJI,1985,0.8739207
Djibouti,DJI,1986,1.0813777
Djibouti,DJI,1987,1.082439
Djibouti,DJI,1988,0.99494153
Djibouti,DJI,1989,0.845304
Djibouti,DJI,1990,0.7533509
Djibouti,DJI,1991,0.7867741
Djibouti,DJI,1992,0.61290765
Djibouti,DJI,1993,0.73162746
Djibouti,DJI,1994,0.7501951
Djibouti,DJI,1995,0.78663665
Djibouti,DJI,1996,0.52132016
Djibouti,DJI,1997,0.7373338
Djibouti,DJI,1998,0.6505995
Djibouti,DJI,1999,0.6095318
Djibouti,DJI,2000,0.28056028
Djibouti,DJI,2001,0.28548798
Djibouti,DJI,2002,0.55175114
Djibouti,DJI,2003,0.57539505
Djibouti,DJI,2004,0.10199326
Djibouti,DJI,2005,0.5740645
Djibouti,DJI,2006,0.36832455
Djibouti,DJI,2007,0.4019988
Djibouti,DJI,2008,0.4627332
Djibouti,DJI,2009,0.20741089
Djibouti,DJI,2010,0.23999947
Djibouti,DJI,2011,0.40999782
Djibouti,DJI,2012,0.5999975
Djibouti,DJI,2013,0.61999184
Djibouti,DJI,2014,1.19
Djibouti,DJI,2015,1.69999
Djibouti,DJI,2016,1.8299824
Djibouti,DJI,2017,1.7599933
Djibouti,DJI,2018,2.2699873
Djibouti,DJI,2019,0.9599999
Djibouti,DJI,2020,1.2199967
Djibouti,DJI,2021,1.4999987
Djibouti,DJI,2022,2.019998
Djibouti,DJI,2023,2.0199807
Dominica,DMA,1961,1.2761083
Dominica,DMA,1962,1.3118142
Dominica,DMA,1963,1.4281319
Dominica,DMA,1964,1.4721575
Dominica,DMA,1965,1.514436
Dominica,DMA,1966,1.6775674
Dominica,DMA,1967,1.6896857
Dominica,DMA,1968,1.6642448
Dominica,DMA,1969,1.6790276
Dominica,DMA,1970,1.7717296
Dominica,DMA,1971,1.8013458
Dominica,DMA,1972,1.8289759
Dominica,DMA,1973,1.7948246
Dominica,DMA,1974,1.9238882
Dominica,DMA,1975,1.9511378
Dominica,DMA,1976,2.0368981
Dominica,DMA,1977,2.086463
Dominica,DMA,1978,2.1566927
Dominica,DMA,1979,2.2301242
Dominica,DMA,1980,2.1237447
Dominica,DMA,1981,2.054682
Dominica,DMA,1982,1.9806337
Dominica,DMA,1983,1.9893624
Dominica,DMA,1984,2.0020812
Dominica,DMA,1985,1.8353584
Dominica,DMA,1986,1.9214292
Dominica,DMA,1987,1.9154327
Dominica,DMA,1988,1.9776859
Dominica,DMA,1989,1.7099657
Dominica,DMA,1990,1.8554363
Dominica,DMA,1991,1.9460192
Dominica,DMA,1992,2.088717
Dominica,DMA,1993,2.3512304
Dominica,DMA,1994,2.6052983
Dominica,DMA,1995,2.196719
Dominica,DMA,1996,2.2602346
Dominica,DMA,1997,2.0178893
Dominica,DMA,1998,2.0956264
Dominica,DMA,1999,1.9714589
Dominica,DMA,2000,2.0327754
Dominica,DMA,2001,1.5681049
Dominica,DMA,2002,2.6204576
Dominica,DMA,2003,2.614074
Dominica,DMA,2004,2.5078645
Dominica,DMA,2005,2.5611637
Dominica,DMA,2006,2.6719265
Dominica,DMA,2007,2.7322762
Dominica,DMA,2008,2.7836668
Dominica,DMA,2009,2.844989
Dominica,DMA,2010,3.5536938
Dominica,DMA,2011,3.552789
Dominica,DMA,2012,3.537266
Dominica,DMA,2013,3.5133896
Dominica,DMA,2014,3.4494298
Dominica,DMA,2015,3.4493563
Dominica,DMA,2016,3.5026414
Dominica,DMA,2017,3.575795
Dominica,DMA,2018,3.9878113
Dominica,DMA,2019,3.0296817
Dominica,DMA,2020,2.780375
Dominica,DMA,2021,9.479159
Dominica,DMA,2022,9.086107
Dominican Republic,DOM,1961,3.1069562
Dominican Republic,DOM,1962,3.0517766
Dominican Republic,DOM,1963,3.0888615
Dominican Republic,DOM,1964,3.0337892
Dominican Republic,DOM,1965,3.2662418
Dominican Republic,DOM,1966,3.2817175
Dominican Republic,DOM,1967,3.3772144
Dominican Republic,DOM,1968,3.2465096
Dominican Republic,DOM,1969,3.2486308
Dominican Republic,DOM,1970,3.4758124
Dominican Republic,DOM,1971,3.4548845
Dominican Republic,DOM,1972,3.4422553
Dominican Republic,DOM,1973,3.9417887
Dominican Republic,DOM,1974,3.8862517
Dominican Republic,DOM,1975,3.7588758
Dominican Republic,DOM,1976,3.6414998
Dominican Republic,DOM,1977,3.5134888
Dominican Republic,DOM,1978,3.5177796
Dominican Republic,DOM,1979,2.9938097
Dominican Republic,DOM,1980,2.1355398
Dominican Republic,DOM,1981,2.9665437
Dominican Republic,DOM,1982,2.5691202
Dominican Republic,DOM,1983,2.030178
Dominican Republic,DOM,1984,1.674387
Dominican Republic,DOM,1985,1.6841617
Dominican Republic,DOM,1986,1.7853873
Dominican Republic,DOM,1987,1.8362852
Dominican Republic,DOM,1988,1.846086
Dominican Republic,DOM,1989,3.132672
Dominican Republic,DOM,1990,4.1537986
Dominican Republic,DOM,1991,4.242893
Dominican Republic,DOM,1992,4.5356574
Dominican Republic,DOM,1993,4.3832703
Dominican Republic,DOM,1994,4.3209124
Dominican Republic,DOM,1995,4.4299073
Dominican Republic,DOM,1996,4.416842
Dominican Republic,DOM,1997,4.444096
Dominican Republic,DOM,1998,4.7467327
Dominican Republic,DOM,1999,4.957548
Dominican Republic,DOM,2000,5.076176
Dominican Republic,DOM,2001,5.832173
Dominican Republic,DOM,2002,6.944329
Dominican Republic,DOM,2003,6.009876
Dominican Republic,DOM,2004,5.0156264
Dominican Republic,DOM,2005,6.228643
Dominican Republic,DOM,2006,6.9307647
Dominican Republic,DOM,2007,6.629868
Dominican Republic,DOM,2008,6.7830443
Dominican Republic,DOM,2009,7.197431
Dominican Republic,DOM,2010,8.359991
Dominican Republic,DOM,2011,7.4999976
Dominican Republic,DOM,2012,7.320001
Dominican Republic,DOM,2013,6.8299947
Dominican Republic,DOM,2014,9.120007
Dominican Republic,DOM,2015,9.160004
Dominican Republic,DOM,2016,8.97
Dominican Republic,DOM,2017,9.349995
Dominican Republic,DOM,2018,10.540002
Dominican Republic,DOM,2019,12.569996
Dominican Republic,DOM,2020,13.920002
Dominican Republic,DOM,2021,14.400001
Dominican Republic,DOM,2022,16.309994
Dominican Republic,DOM,2023,16.75
East Timor,TLS,1961,1.1030296
East Timor,TLS,1962,1.1587839
East Timor,TLS,1963,1.203167
East Timor,TLS,1964,1.1845652
East Timor,TLS,1965,1.2320896
East Timor,TLS,1966,1.2767937
East Timor,TLS,1967,1.2558444
East Timor,TLS,1968,1.2363452
East Timor,TLS,1969,1.218198
East Timor,TLS,1970,1.1903543
East Timor,TLS,1971,1.2334495
East Timor,TLS,1972,1.2137004
East Timor,TLS,1973,1.1987572
East Timor,TLS,1974,1.1782557
East Timor,TLS,1975,1.1638035
East Timor,TLS,1976,1.1481292
East Timor,TLS,1977,1.1243387
East Timor,TLS,1978,1.1041381
East Timor,TLS,1979,1.0899839
East Timor,TLS,1980,1.0728184
East Timor,TLS,1981,1.0521679
East Timor,TLS,1982,1.0438373
East Timor,TLS,1983,1.0287825
East Timor,TLS,1984,1.0141587
East Timor,TLS,1985,1.1463087
East Timor,TLS,1986,1.1312926
East Timor,TLS,1987,1.0640415
East Timor,TLS,1988,0.8574169
East Timor,TLS,1989,0.93104744
East Timor,TLS,1990,1.0568451
East Timor,TLS,1991,1.1580832
East Timor,TLS,1992,1.2185937
East Timor,TLS,1993,1.2255477
East Timor,TLS,1994,1.1123729
East Timor,TLS,1995,1.1984076
East Timor,TLS,1996,1.2465916
East Timor,TLS,1997,1.2514215
East Timor,TLS,1998,1.3303562
East Timor,TLS,1999,1.5848587
East Timor,TLS,2000,1.3983184
East Timor,TLS,2001,1.318961
East Timor,TLS,2002,1.0327809
East Timor,TLS,2003,0.7631894
East Timor,TLS,2004,0.8430589
East Timor,TLS,2005,0.8507345
East Timor,TLS,2006,0.8756003
East Timor,TLS,2007,0.90723634
East Timor,TLS,2008,1.6882484
East Timor,TLS,2009,1.5576373
East Timor,TLS,2010,2.0099852
East Timor,TLS,2011,1.4999973
East Timor,TLS,2012,2.9599714
East Timor,TLS,2013,1.5599904
East Timor,TLS,2014,1.6699816
East Timor,TLS,2015,2.009995
East Timor,TLS,2016,2.0699933
East Timor,TLS,2017,7.0899377
East Timor,TLS,2018,1.6599973
East Timor,TLS,2019,1.6099925
East Timor,TLS,2020,2.1799984
East Timor,TLS,2021,2.6699963
East Timor,TLS,2022,2.3200016
East Timor,TLS,2023,2.4099967
Eastern Africa (FAO),,1961,1.17
Eastern Africa (FAO),,1962,1.17
Eastern Africa (FAO),,1963,1.14
Eastern Africa (FAO),,1964,1.16
Eastern Africa (FAO),,1965,1.17
Eastern Africa (FAO),,1966,1.17
Eastern Africa (FAO),,1967,1.18
Eastern Africa (FAO),,1968,1.2
Eastern Africa (FAO),,1969,1.24
Eastern Africa (FAO),,1970,1.22
Eastern Africa (FAO),,1971,1.23
Eastern Africa (FAO),,1972,1.23
Eastern Africa (FAO),,1973,1.22
Eastern Africa (FAO),,1974,1.28
Eastern Africa (FAO),,1975,1.32
Eastern Africa (FAO),,1976,1.38
Eastern Africa (FAO),,1977,1.33
Eastern Africa (FAO),,1978,1.31
Eastern Africa (FAO),,1979,1.29
Eastern Africa (FAO),,1980,1.28
Eastern Africa (FAO),,1981,1.23
Eastern Africa (FAO),,1982,1.27
Eastern Africa (FAO),,1983,1.25
Eastern Africa (FAO),,1984,1.12
Eastern Africa (FAO),,1985,1.18
Eastern Africa (FAO),,1986,1.15
Eastern Africa (FAO),,1987,1.12
Eastern Africa (FAO),,1988,1.12
Eastern Africa (FAO),,1989,1.1
Eastern Africa (FAO),,1990,1.14
Eastern Africa (FAO),,1991,1.14
Eastern Africa (FAO),,1992,1.13
Eastern Africa (FAO),,1993,0.92
Eastern Africa (FAO),,1994,0.91
Eastern Africa (FAO),,1995,0.94
Eastern Africa (FAO),,1996,0.94
Eastern Africa (FAO),,1997,0.96
Eastern Africa (FAO),,1998,0.94
Eastern Africa (FAO),,1999,0.95
Eastern Africa (FAO),,2000,0.93
Eastern Africa (FAO),,2001,0.93
Eastern Africa (FAO),,2002,0.87
Eastern Africa (FAO),,2003,0.92
Eastern Africa (FAO),,2004,0.91
Eastern Africa (FAO),,2005,0.88
Eastern Africa (FAO),,2006,0.88
Eastern Africa (FAO),,2007,0.9
Eastern Africa (FAO),,2008,0.91
Eastern Africa (FAO),,2009,0.96
Eastern Africa (FAO),,2010,1.04
Eastern Africa (FAO),,2011,1.02
Eastern Africa (FAO),,2012,1.06
Eastern Africa (FAO),,2013,1.02
Eastern Africa (FAO),,2014,1.08
Eastern Africa (FAO),,2015,0.98
Eastern Africa (FAO),,2016,0.97
Eastern Africa (FAO),,2017,1.03
Eastern Africa (FAO),,2018,0.98
Eastern Africa (FAO),,2019,0.9
Eastern Africa (FAO),,2020,1.08
Eastern Africa (FAO),,2021,0.98
Eastern Africa (FAO),,2022,1
Eastern Africa (FAO),,2023,1.02
Eastern Asia (FAO),,1961,2.86
Eastern Asia (FAO),,1962,2.95
Eastern Asia (FAO),,1963,2.96
Eastern Asia (FAO),,1964,3.2
Eastern Asia (FAO),,1965,3.29
Eastern Asia (FAO),,1966,3.16
Eastern Asia (FAO),,1967,3.27
Eastern Asia (FAO),,1968,3.37
Eastern Asia (FAO),,1969,3.58
Eastern Asia (FAO),,1970,3.69
Eastern Asia (FAO),,1971,3.7
Eastern Asia (FAO),,1972,3.69
Eastern Asia (FAO),,1973,3.68
Eastern Asia (FAO),,1974,3.66
Eastern Asia (FAO),,1975,3.7
Eastern Asia (FAO),,1976,3.78
Eastern Asia (FAO),,1977,3.88
Eastern Asia (FAO),,1978,3.99
Eastern Asia (FAO),,1979,4.08
Eastern Asia (FAO),,1980,4.16
Eastern Asia (FAO),,1981,4.18
Eastern Asia (FAO),,1982,4.32
Eastern Asia (FAO),,1983,4.5
Eastern Asia (FAO),,1984,5.22
Eastern Asia (FAO),,1985,5.92
Eastern Asia (FAO),,1986,6.04
Eastern Asia (FAO),,1987,6.3
Eastern Asia (FAO),,1988,6.96
Eastern Asia (FAO),,1989,7.04
Eastern Asia (FAO),,1990,7.45
Eastern Asia (FAO),,1991,8.28
Eastern Asia (FAO),,1992,8.84
Eastern Asia (FAO),,1993,9.78
Eastern Asia (FAO),,1994,11.57
Eastern Asia (FAO),,1995,12.7
Eastern Asia (FAO),,1996,14.46
Eastern Asia (FAO),,1997,13.91
Eastern Asia (FAO),,1998,14.54
Eastern Asia (FAO),,1999,15.17
Eastern Asia (FAO),,2000,15.39
Eastern Asia (FAO),,2001,15.5
Eastern Asia (FAO),,2002,15.76
Eastern Asia (FAO),,2003,16.07
Eastern Asia (FAO),,2004,16.16
Eastern Asia (FAO),,2005,16.46
Eastern Asia (FAO),,2006,16.28
Eastern Asia (FAO),,2007,16.82
Eastern Asia (FAO),,2008,17.71
Eastern Asia (FAO),,2009,17.81
Eastern Asia (FAO),,2010,18.16
Eastern Asia (FAO),,2011,18.34
Eastern Asia (FAO),,2012,18.54
Eastern Asia (FAO),,2013,18.48
Eastern Asia (FAO),,2014,18.54
Eastern Asia (FAO),,2015,19.35
Eastern Asia (FAO),,2016,19.93
Eastern Asia (FAO),,2017,19.51
Eastern Asia (FAO),,2018,19.65
Eastern Asia (FAO),,2019,20.6
Eastern Asia (FAO),,2020,21.46
Eastern Asia (FAO),,2021,21.13
Eastern Asia (FAO),,2022,21.39
Eastern Asia (FAO),,2023,21.92
Eastern Europe (FAO),,1961,7.18
Eastern Europe (FAO),,1962,7.2
Eastern Europe (FAO),,1963,6.85
Eastern Europe (FAO),,1964,6.74
Eastern Europe (FAO),,1965,7.22
Eastern Europe (FAO),,1966,7.59
Eastern Europe (FAO),,1967,8.06
Eastern Europe (FAO),,1968,8.29
Eastern Europe (FAO),,1969,8.57
Eastern Europe (FAO),,1970,9.18
Eastern Europe (FAO),,1971,9.99
Eastern Europe (FAO),,1972,10.43
Eastern Europe (FAO),,1973,10.96
Eastern Europe (FAO),,1974,11.56
Eastern Europe (FAO),,1975,11.91
Eastern Europe (FAO),,1976,11.64
Eastern Europe (FAO),,1977,12.46
Eastern Europe (FAO),,1978,12.96
Eastern Europe (FAO),,1979,13.26
Eastern Europe (FAO),,1980,13.45
Eastern Europe (FAO),,1981,13.86
Eastern Europe (FAO),,1982,13.73
Eastern Europe (FAO),,1983,14.12
Eastern Europe (FAO),,1984,14.22
Eastern Europe (FAO),,1985,14.5
Eastern Europe (FAO),,1986,14.81
Eastern Europe (FAO),,1987,14.92
Eastern Europe (FAO),,1988,15.13
Eastern Europe (FAO),,1989,14.62
Eastern Europe (FAO),,1990,14.51
Eastern Europe (FAO),,1991,13.93
Eastern Europe (FAO),,1992,13.5
Eastern Europe (FAO),,1993,12.72
Eastern Europe (FAO),,1994,11.97
Eastern Europe (FAO),,1995,11.38
Eastern Europe (FAO),,1996,6.22
Eastern Europe (FAO),,1997,11.29
Eastern Europe (FAO),,1998,11.75
Eastern Europe (FAO),,1999,11.69
Eastern Europe (FAO),,2000,11.78
Eastern Europe (FAO),,2001,12.41
Eastern Europe (FAO),,2002,13.12
Eastern Europe (FAO),,2003,13.12
Eastern Europe (FAO),,2004,13.15
Eastern Europe (FAO),,2005,13.62
Eastern Europe (FAO),,2006,13.95
Eastern Europe (FAO),,2007,13.94
Eastern Europe (FAO),,2008,13.92
Eastern Europe (FAO),,2009,14.09
Eastern Europe (FAO),,2010,14.49
Eastern Europe (FAO),,2011,14.44
Eastern Europe (FAO),,2012,14.34
Eastern Europe (FAO),,2013,14.29
Eastern Europe (FAO),,2014,14.21
Eastern Europe (FAO),,2015,13.66
Eastern Europe (FAO),,2016,13.63
Eastern Europe (FAO),,2017,13.66
Eastern Europe (FAO),,2018,14.64
Eastern Europe (FAO),,2019,14.87
Eastern Europe (FAO),,2020,14.9
Eastern Europe (FAO),,2021,14.17
Eastern Europe (FAO),,2022,13.86
Eastern Europe (FAO),,2023,14.06
Ecuador,ECU,1961,1.5737981
Ecuador,ECU,1962,1.5837352
Ecuador,ECU,1963,1.66205
Ecuador,ECU,1964,1.7109686
Ecuador,ECU,1965,1.7593025
Ecuador,ECU,1966,1.709189
Ecuador,ECU,1967,1.6685735
Ecuador,ECU,1968,1.6182264
Ecuador,ECU,1969,1.567537
Ecuador,ECU,1970,1.703141
Ecuador,ECU,1971,1.9066157
Ecuador,ECU,1972,2.763665
Ecuador,ECU,1973,2.8580642
Ecuador,ECU,1974,2.9424891
Ecuador,ECU,1975,2.443265
Ecuador,ECU,1976,2.6449816
Ecuador,ECU,1977,3.4685814
Ecuador,ECU,1978,3.9310703
Ecuador,ECU,1979,4.6157603
Ecuador,ECU,1980,5.133273
Ecuador,ECU,1981,4.9818034
Ecuador,ECU,1982,5.2939906
Ecuador,ECU,1983,3.752966
Ecuador,ECU,1984,3.9019282
Ecuador,ECU,1985,4.1098824
Ecuador,ECU,1986,4.792716
Ecuador,ECU,1987,4.0732927
Ecuador,ECU,1988,3.8562338
Ecuador,ECU,1989,3.5718029
Ecuador,ECU,1990,4.6590796
Ecuador,ECU,1991,4.5500827
Ecuador,ECU,1992,4.149946
Ecuador,ECU,1993,3.9830081
Ecuador,ECU,1994,4.051284
Ecuador,ECU,1995,4.383655
Ecuador,ECU,1996,3.5323792
Ecuador,ECU,1997,3.608998
Ecuador,ECU,1998,4.0889683
Ecuador,ECU,1999,3.5567942
Ecuador,ECU,2000,4.444601
Ecuador,ECU,2001,4.2567906
Ecuador,ECU,2002,4.224829
Ecuador,ECU,2003,4.7370744
Ecuador,ECU,2004,4.78183
Ecuador,ECU,2005,4.756124
Ecuador,ECU,2006,5.1571493
Ecuador,ECU,2007,5.237687
Ecuador,ECU,2008,5.386541
Ecuador,ECU,2009,5.5636225
Ecuador,ECU,2010,6.239997
Ecuador,ECU,2011,7.169999
Ecuador,ECU,2012,8.479997
Ecuador,ECU,2013,9.459999
Ecuador,ECU,2014,8.999996
Ecuador,ECU,2015,8.460001
Ecuador,ECU,2016,5.3699994
Ecuador,ECU,2017,6.0800014
Ecuador,ECU,2018,5.340003
Ecuador,ECU,2019,7.980001
Ecuador,ECU,2020,7.860001
Ecuador,ECU,2021,7.809998
Ecuador,ECU,2022,7.9
Ecuador,ECU,2023,7.7200003
Egypt,EGY,1961,1.0325075
Egypt,EGY,1962,1.054695
Egypt,EGY,1963,1.118481
Egypt,EGY,1964,1.2032683
Egypt,EGY,1965,1.1731979
Egypt,EGY,1966,1.3004259
Egypt,EGY,1967,1.3962033
Egypt,EGY,1968,1.4494919
Egypt,EGY,1969,1.270815
Egypt,EGY,1970,1.3120239
Egypt,EGY,1971,1.342084
Egypt,EGY,1972,1.3709388
Egypt,EGY,1973,1.4615798
Egypt,EGY,1974,1.3847954
Egypt,EGY,1975,1.5468657
Egypt,EGY,1976,1.5223587
Egypt,EGY,1977,1.6114956
Egypt,EGY,1978,1.6579808
Egypt,EGY,1979,1.5909907
Egypt,EGY,1980,1.3290341
Egypt,EGY,1981,1.7199006
Egypt,EGY,1982,2.055519
Egypt,EGY,1983,2.1226106
Egypt,EGY,1984,2.177462
Egypt,EGY,1985,2.0144763
Egypt,EGY,1986,2.359726
Egypt,EGY,1987,2.4090362
Egypt,EGY,1988,2.779447
Egypt,EGY,1989,2.307161
Egypt,EGY,1990,2.0452282
Egypt,EGY,1991,1.9598093
Egypt,EGY,1992,1.7469337
Egypt,EGY,1993,1.8664638
Egypt,EGY,1994,2.0331683
Egypt,EGY,1995,2.0497217
Egypt,EGY,1996,1.9926974
Egypt,EGY,1997,1.9822981
Egypt,EGY,1998,1.9240785
Egypt,EGY,1999,1.765778
Egypt,EGY,2000,2.0361462
Egypt,EGY,2001,2.1515498
Egypt,EGY,2002,3.2252567
Egypt,EGY,2003,2.9965432
Egypt,EGY,2004,2.5224571
Egypt,EGY,2005,2.3011155
Egypt,EGY,2006,2.1711848
Egypt,EGY,2007,2.4750314
Egypt,EGY,2008,3.3145697
Egypt,EGY,2009,2.1057894
Egypt,EGY,2010,2.4
Egypt,EGY,2011,2.48
Egypt,EGY,2012,3.97
Egypt,EGY,2013,3.8899999
Egypt,EGY,2014,3.8799999
Egypt,EGY,2015,3.6200001
Egypt,EGY,2016,3.3000002
Egypt,EGY,2017,3.9800003
Egypt,EGY,2018,2.96
Egypt,EGY,2019,3.82
Egypt,EGY,2020,4.17
Egypt,EGY,2021,4.64
Egypt,EGY,2022,4.02
Egypt,EGY,2023,3.69
El Salvador,SLV,1961,4.5424876
El Salvador,SLV,1962,4.8029118
El Salvador,SLV,1963,4.738493
El Salvador,SLV,1964,4.9521303
El Salvador,SLV,1965,5.181114
El Salvador,SLV,1966,5.33142
El Salvador,SLV,1967,5.3045144
El Salvador,SLV,1968,5.151896
El Salvador,SLV,1969,5.3475256
El Salvador,SLV,1970,5.1832333
El Salvador,SLV,1971,5.441307
El Salvador,SLV,1972,5.0673084
El Salvador,SLV,1973,5.331948
El Salvador,SLV,1974,5.5643544
El Salvador,SLV,1975,6.265139
El Salvador,SLV,1976,7.1084995
El Salvador,SLV,1977,7.4708176
El Salvador,SLV,1978,7.987937
El Salvador,SLV,1979,7.6291857
El Salvador,SLV,1980,7.5760627
El Salvador,SLV,1981,7.3745384
El Salvador,SLV,1982,7.754564
El Salvador,SLV,1983,7.596704
El Salvador,SLV,1984,7.4821253
El Salvador,SLV,1985,7.493676
El Salvador,SLV,1986,7.259164
El Salvador,SLV,1987,7.6216936
El Salvador,SLV,1988,8.556866
El Salvador,SLV,1989,7.9149694
El Salvador,SLV,1990,7.7491903
El Salvador,SLV,1991,7.7400136
El Salvador,SLV,1992,7.6563444
El Salvador,SLV,1993,6.437586
El Salvador,SLV,1994,6.7669315
El Salvador,SLV,1995,6.3643494
El Salvador,SLV,1996,6.021777
El Salvador,SLV,1997,6.611769
El Salvador,SLV,1998,6.2049613
El Salvador,SLV,1999,7.0579658
El Salvador,SLV,2000,7.7503376
El Salvador,SLV,2001,8.27342
El Salvador,SLV,2002,9.604162
El Salvador,SLV,2003,9.668757
El Salvador,SLV,2004,9.763145
El Salvador,SLV,2005,9.697655
El Salvador,SLV,2006,9.903794
El Salvador,SLV,2007,9.66872
El Salvador,SLV,2008,9.101524
El Salvador,SLV,2009,8.924446
El Salvador,SLV,2010,8.829995
El Salvador,SLV,2011,8.280003
El Salvador,SLV,2012,8.560004
El Salvador,SLV,2013,9.709991
El Salvador,SLV,2014,10.039997
El Salvador,SLV,2015,10.060009
El Salvador,SLV,2016,10.109986
El Salvador,SLV,2017,9.219988
El Salvador,SLV,2018,9.40001
El Salvador,SLV,2019,9.450006
El Salvador,SLV,2020,9.169987
El Salvador,SLV,2021,8.29
El Salvador,SLV,2022,8.730005
El Salvador,SLV,2023,8.539988
Estonia,EST,1992,15.217996
Estonia,EST,1993,13.231582
Estonia,EST,1994,14.256537
Estonia,EST,1995,13.257065
Estonia,EST,1996,11.838568
Estonia,EST,1997,11.22322
Estonia,EST,1998,12.3847685
Estonia,EST,1999,11.225026
Estonia,EST,2000,11.635925
Estonia,EST,2001,12.434349
Estonia,EST,2002,11.120645
Estonia,EST,2003,10.304892
Estonia,EST,2004,10.107185
Estonia,EST,2005,10.288247
Estonia,EST,2006,10.174892
Estonia,EST,2007,11.350465
Estonia,EST,2008,10.799909
Estonia,EST,2009,11.06233
Estonia,EST,2010,11.61
Estonia,EST,2011,11.319948
Estonia,EST,2012,11.590044
Estonia,EST,2013,12.37
Estonia,EST,2014,12.1399355
Estonia,EST,2015,12.14
Estonia,EST,2016,12.95
Estonia,EST,2017,12.389907
Estonia,EST,2018,12.869883
Estonia,EST,2019,12.90998
Estonia,EST,2020,12.539953
Estonia,EST,2021,12.58
Estonia,EST,2022,12.719972
Estonia,EST,2023,12.790047
Eswatini,SWZ,1961,0.47629967
Eswatini,SWZ,1962,0.5165257
Eswatini,SWZ,1963,0.47537917
Eswatini,SWZ,1964,0.4753869
Eswatini,SWZ,1965,0.4340504
Eswatini,SWZ,1966,0.46256894
Eswatini,SWZ,1967,0.4621997
Eswatini,SWZ,1968,0.46312335
Eswatini,SWZ,1969,0.676415
Eswatini,SWZ,1970,0.5761712
Eswatini,SWZ,1971,0.64820206
Eswatini,SWZ,1972,0.7194643
Eswatini,SWZ,1973,0.72179323
Eswatini,SWZ,1974,0.9876999
Eswatini,SWZ,1975,0.86561286
Eswatini,SWZ,1976,0.7638452
Eswatini,SWZ,1977,0.7939254
Eswatini,SWZ,1978,1.0272793
Eswatini,SWZ,1979,0.96282446
Eswatini,SWZ,1980,0.97020566
Eswatini,SWZ,1981,1.5303105
Eswatini,SWZ,1982,1.182487
Eswatini,SWZ,1983,1.2781391
Eswatini,SWZ,1984,1.3783987
Eswatini,SWZ,1985,1.1081076
Eswatini,SWZ,1986,0.76027304
Eswatini,SWZ,1987,1.1648415
Eswatini,SWZ,1988,2.2633739
Eswatini,SWZ,1989,2.299495
Eswatini,SWZ,1990,2.7301488
Eswatini,SWZ,1991,2.627228
Eswatini,SWZ,1992,4.2540274
Eswatini,SWZ,1993,2.2784708
Eswatini,SWZ,1994,1.7884293
Eswatini,SWZ,1995,1.9846689
Eswatini,SWZ,1996,1.9404515
Eswatini,SWZ,1997,1.0503682
Eswatini,SWZ,1998,1.4431028
Eswatini,SWZ,1999,2.440082
Eswatini,SWZ,2000,2.7483034
Eswatini,SWZ,2001,2.5262449
Eswatini,SWZ,2002,2.8085167
Eswatini,SWZ,2003,2.6315029
Eswatini,SWZ,2004,7.2240186
Eswatini,SWZ,2005,5.01797
Eswatini,SWZ,2006,4.907298
Eswatini,SWZ,2007,2.6847575
Eswatini,SWZ,2008,0.9668354
Eswatini,SWZ,2009,0.94543946
Eswatini,SWZ,2010,1.6399986
Eswatini,SWZ,2011,1.6299781
Eswatini,SWZ,2012,1.6399853
Eswatini,SWZ,2013,1.6199857
Eswatini,SWZ,2014,1.4599937
Eswatini,SWZ,2015,1.2899865
Eswatini,SWZ,2016,1.6899912
Eswatini,SWZ,2017,1.9399866
Eswatini,SWZ,2018,1.6999958
Eswatini,SWZ,2019,2.0599737
Eswatini,SWZ,2020,1.7199942
Eswatini,SWZ,2021,1.5199898
Eswatini,SWZ,2022,1.5199988
Eswatini,SWZ,2023,1.4300034
Ethiopia,ETH,1993,0.44706005
Ethiopia,ETH,1994,0.4367441
Ethiopia,ETH,1995,0.44598514
Ethiopia,ETH,1996,0.40550035
Ethiopia,ETH,1997,0.38478845
Ethiopia,ETH,1998,0.3837864
Ethiopia,ETH,1999,0.37293434
Ethiopia,ETH,2000,0.3623845
Ethiopia,ETH,2001,0.45964622
Ethiopia,ETH,2002,0.4589282
Ethiopia,ETH,2003,0.41926837
Ethiopia,ETH,2004,0.39916104
Ethiopia,ETH,2005,0.3790492
Ethiopia,ETH,2006,0.39774373
Ethiopia,ETH,2007,0.38718596
Ethiopia,ETH,2008,0.3766753
Ethiopia,ETH,2009,0.37595394
Ethiopia,ETH,2010,0.33999997
Ethiopia,ETH,2011,0.33999997
Ethiopia,ETH,2012,0.33
Ethiopia,ETH,2013,0.33
Ethiopia,ETH,2014,0.33999997
Ethiopia,ETH,2015,0.40999997
Ethiopia,ETH,2016,0.39999998
Ethiopia,ETH,2017,0.39999998
Ethiopia,ETH,2018,0.36999997
Ethiopia,ETH,2019,0.36
Ethiopia,ETH,2020,0.33
Ethiopia,ETH,2021,0.33000004
Ethiopia,ETH,2022,0.33
Ethiopia,ETH,2023,0.29999998
Ethiopia (former),OWID_ERE,1961,1.9000137
Ethiopia (former),OWID_ERE,1962,1.9014691
Ethiopia (former),OWID_ERE,1963,1.8262424
Ethiopia (former),OWID_ERE,1964,1.8660651
Ethiopia (former),OWID_ERE,1965,1.8574625
Ethiopia (former),OWID_ERE,1966,1.8585299
Ethiopia (former),OWID_ERE,1967,1.8497242
Ethiopia (former),OWID_ERE,1968,1.879666
Ethiopia (former),OWID_ERE,1969,1.8403755
Ethiopia (former),OWID_ERE,1970,1.8027229
Ethiopia (former),OWID_ERE,1971,1.7661594
Ethiopia (former),OWID_ERE,1972,1.7593551
Ethiopia (former),OWID_ERE,1973,1.626914
Ethiopia (former),OWID_ERE,1974,1.7038195
Ethiopia (former),OWID_ERE,1975,1.692097
Ethiopia (former),OWID_ERE,1976,1.6813955
Ethiopia (former),OWID_ERE,1977,1.6689414
Ethiopia (former),OWID_ERE,1978,1.6658984
Ethiopia (former),OWID_ERE,1979,1.6432874
Ethiopia (former),OWID_ERE,1980,1.6618204
Ethiopia (former),OWID_ERE,1981,1.6098385
Ethiopia (former),OWID_ERE,1982,1.5934604
Ethiopia (former),OWID_ERE,1983,1.5492673
Ethiopia (former),OWID_ERE,1984,1.5460893
Ethiopia (former),OWID_ERE,1985,1.5418159
Ethiopia (former),OWID_ERE,1986,1.5028493
Ethiopia (former),OWID_ERE,1987,1.482533
Ethiopia (former),OWID_ERE,1988,1.434517
Ethiopia (former),OWID_ERE,1989,1.3736368
Ethiopia (former),OWID_ERE,1990,1.3473119
Ethiopia (former),OWID_ERE,1991,1.2873399
Ethiopia (former),OWID_ERE,1992,1.2356201
Europe,OWID_EUR,1961,8.95466
Europe,OWID_EUR,1962,9.058745
Europe,OWID_EUR,1963,9.003066
Europe,OWID_EUR,1964,9.158654
Europe,OWID_EUR,1965,9.258103
Europe,OWID_EUR,1966,9.558183
Europe,OWID_EUR,1967,9.8318205
Europe,OWID_EUR,1968,10.027052
Europe,OWID_EUR,1969,10.400162
Europe,OWID_EUR,1970,11.049151
Europe,OWID_EUR,1971,11.429149
Europe,OWID_EUR,1972,11.806244
Europe,OWID_EUR,1973,11.890303
Europe,OWID_EUR,1974,12.254835
Europe,OWID_EUR,1975,12.51295
Europe,OWID_EUR,1976,12.401719
Europe,OWID_EUR,1977,12.894427
Europe,OWID_EUR,1978,13.243863
Europe,OWID_EUR,1979,13.42465
Europe,OWID_EUR,1980,13.501145
Europe,OWID_EUR,1981,13.757966
Europe,OWID_EUR,1982,13.820495
Europe,OWID_EUR,1983,13.818708
Europe,OWID_EUR,1984,13.811205
Europe,OWID_EUR,1985,14.077
Europe,OWID_EUR,1986,14.170969
Europe,OWID_EUR,1987,14.124499
Europe,OWID_EUR,1988,14.218148
Europe,OWID_EUR,1989,13.754955
Europe,OWID_EUR,1990,13.563032
Europe,OWID_EUR,1991,13.243216
Europe,OWID_EUR,1992,12.834334
Europe,OWID_EUR,1993,12.130957
Europe,OWID_EUR,1994,12.010408
Europe,OWID_EUR,1995,11.813487
Europe,OWID_EUR,1996,9.588335
Europe,OWID_EUR,1997,11.834857
Europe,OWID_EUR,1998,12.084406
Europe,OWID_EUR,1999,11.820897
Europe,OWID_EUR,2000,12.045373
Europe,OWID_EUR,2001,12.345301
Europe,OWID_EUR,2002,12.675378
Europe,OWID_EUR,2003,12.46507
Europe,OWID_EUR,2004,12.813475
Europe,OWID_EUR,2005,12.541311
Europe,OWID_EUR,2006,12.767941
Europe,OWID_EUR,2007,12.929797
Europe,OWID_EUR,2008,12.790798
Europe,OWID_EUR,2009,12.821958
Europe,OWID_EUR,2010,13.194034
Europe,OWID_EUR,2011,13.161742
Europe,OWID_EUR,2012,13.083413
Europe,OWID_EUR,2013,13.274952
Europe,OWID_EUR,2014,13.21667
Europe,OWID_EUR,2015,13.058679
Europe,OWID_EUR,2016,13.051151
Europe,OWID_EUR,2017,13.136821
Europe,OWID_EUR,2018,13.51155
Europe,OWID_EUR,2019,14.112258
Europe,OWID_EUR,2020,14.099332
Europe,OWID_EUR,2021,13.552012
Europe,OWID_EUR,2022,13.777531
Europe,OWID_EUR,2023,13.95532
Europe (FAO),,1961,9.04
Europe (FAO),,1962,9.09
Europe (FAO),,1963,9.04
Europe (FAO),,1964,9.21
Europe (FAO),,1965,9.28
Europe (FAO),,1966,9.59
Europe (FAO),,1967,9.85
Europe (FAO),,1968,10.04
Europe (FAO),,1969,10.42
Europe (FAO),,1970,11.05
Europe (FAO),,1971,11.42
Europe (FAO),,1972,11.79
Europe (FAO),,1973,11.87
Europe (FAO),,1974,12.23
Europe (FAO),,1975,12.51
Europe (FAO),,1976,12.38
Europe (FAO),,1977,12.87
Europe (FAO),,1978,13.22
Europe (FAO),,1979,13.41
Europe (FAO),,1980,13.49
Europe (FAO),,1981,13.76
Europe (FAO),,1982,13.81
Europe (FAO),,1983,13.82
Europe (FAO),,1984,13.8
Europe (FAO),,1985,14.07
Europe (FAO),,1986,14.16
Europe (FAO),,1987,14.11
Europe (FAO),,1988,14.2
Europe (FAO),,1989,13.73
Europe (FAO),,1990,13.56
Europe (FAO),,1991,13.26
Europe (FAO),,1992,12.85
Europe (FAO),,1993,12.14
Europe (FAO),,1994,12.04
Europe (FAO),,1995,11.84
Europe (FAO),,1996,9.62
Europe (FAO),,1997,11.86
Europe (FAO),,1998,12.12
Europe (FAO),,1999,11.84
Europe (FAO),,2000,12.03
Europe (FAO),,2001,12.32
Europe (FAO),,2002,12.66
Europe (FAO),,2003,12.45
Europe (FAO),,2004,12.8
Europe (FAO),,2005,12.52
Europe (FAO),,2006,12.71
Europe (FAO),,2007,12.87
Europe (FAO),,2008,12.73
Europe (FAO),,2009,12.76
Europe (FAO),,2010,13.21
Europe (FAO),,2011,13.18
Europe (FAO),,2012,13.1
Europe (FAO),,2013,13.29
Europe (FAO),,2014,13.23
Europe (FAO),,2015,13.08
Europe (FAO),,2016,13.07
Europe (FAO),,2017,13.15
Europe (FAO),,2018,13.53
Europe (FAO),,2019,14.13
Europe (FAO),,2020,14.12
Europe (FAO),,2021,13.57
Europe (FAO),,2022,13.8
Europe (FAO),,2023,13.98
European Union (27),OWID_EU27,1961,9.156398
European Union (27),OWID_EU27,1962,9.20259
European Union (27),OWID_EU27,1963,9.406722
European Union (27),OWID_EU27,1964,9.702044
European Union (27),OWID_EU27,1965,9.659327
European Union (27),OWID_EU27,1966,9.986967
European Union (27),OWID_EU27,1967,10.036534
European Union (27),OWID_EU27,1968,10.242151
European Union (27),OWID_EU27,1969,10.721502
European Union (27),OWID_EU27,1970,11.277808
European Union (27),OWID_EU27,1971,11.366687
European Union (27),OWID_EU27,1972,11.7118
European Union (27),OWID_EU27,1973,11.510378
European Union (27),OWID_EU27,1974,11.630243
European Union (27),OWID_EU27,1975,12.093588
European Union (27),OWID_EU27,1976,12.146958
European Union (27),OWID_EU27,1977,12.361264
European Union (27),OWID_EU27,1978,12.621003
European Union (27),OWID_EU27,1979,12.70805
European Union (27),OWID_EU27,1980,12.727715
European Union (27),OWID_EU27,1981,12.982353
European Union (27),OWID_EU27,1982,13.090606
European Union (27),OWID_EU27,1983,13.009404
European Union (27),OWID_EU27,1984,12.977484
European Union (27),OWID_EU27,1985,13.121338
European Union (27),OWID_EU27,1986,13.131824
European Union (27),OWID_EU27,1987,12.861939
European Union (27),OWID_EU27,1988,13.100091
European Union (27),OWID_EU27,1989,12.682941
European Union (27),OWID_EU27,1990,12.324425
European Union (27),OWID_EU27,1991,12.259567
European Union (27),OWID_EU27,1992,12.284236
European Union (27),OWID_EU27,1993,12.097203
European Union (27),OWID_EU27,1994,12.337998
European Union (27),OWID_EU27,1995,12.504093
European Union (27),OWID_EU27,1996,12.480576
European Union (27),OWID_EU27,1997,12.716393
European Union (27),OWID_EU27,1998,12.934145
European Union (27),OWID_EU27,1999,12.610828
European Union (27),OWID_EU27,2000,12.862602
European Union (27),OWID_EU27,2001,13.019665
European Union (27),OWID_EU27,2002,13.186139
European Union (27),OWID_EU27,2003,12.829618
European Union (27),OWID_EU27,2004,13.347492
European Union (27),OWID_EU27,2005,12.600365
European Union (27),OWID_EU27,2006,12.744994
European Union (27),OWID_EU27,2007,12.98267
European Union (27),OWID_EU27,2008,12.696914
European Union (27),OWID_EU27,2009,12.560444
European Union (27),OWID_EU27,2010,12.809999
European Union (27),OWID_EU27,2011,12.7
European Union (27),OWID_EU27,2012,12.199999
European Union (27),OWID_EU27,2013,12.599999
European Union (27),OWID_EU27,2014,12.469999
European Union (27),OWID_EU27,2015,12.45
European Union (27),OWID_EU27,2016,12.47
European Union (27),OWID_EU27,2017,12.509999
European Union (27),OWID_EU27,2018,12.69
European Union (27),OWID_EU27,2019,13.52
European Union (27),OWID_EU27,2020,13.39
European Union (27),OWID_EU27,2021,12.72
European Union (27),OWID_EU27,2022,13.379999
European Union (27),OWID_EU27,2023,13.449999
Fiji,FJI,1961,1.5893182
Fiji,FJI,1962,1.7544535
Fiji,FJI,1963,1.9332505
Fiji,FJI,1964,2.0029106
Fiji,FJI,1965,2.0716784
Fiji,FJI,1966,1.7905294
Fiji,FJI,1967,1.7998681
Fiji,FJI,1968,1.4382716
Fiji,FJI,1969,1.4982575
Fiji,FJI,1970,1.539859
Fiji,FJI,1971,1.74013
Fiji,FJI,1972,1.7951783
Fiji,FJI,1973,1.7831597
Fiji,FJI,1974,1.8916366
Fiji,FJI,1975,2.2341857
Fiji,FJI,1976,2.319689
Fiji,FJI,1977,2.1906924
Fiji,FJI,1978,2.9947507
Fiji,FJI,1979,2.8476763
Fiji,FJI,1980,2.8091
Fiji,FJI,1981,2.7526302
Fiji,FJI,1982,2.8667314
Fiji,FJI,1983,3.0385087
Fiji,FJI,1984,3.0705142
Fiji,FJI,1985,2.6364286
Fiji,FJI,1986,2.6609857
Fiji,FJI,1987,2.568433
Fiji,FJI,1988,2.8969285
Fiji,FJI,1989,2.8059416
Fiji,FJI,1990,2.7394433
Fiji,FJI,1991,2.9035509
Fiji,FJI,1992,2.680999
Fiji,FJI,1993,2.8466055
Fiji,FJI,1994,2.8142667
Fiji,FJI,1995,2.9534147
Fiji,FJI,1996,3.535385
Fiji,FJI,1997,3.368672
Fiji,FJI,1998,4.9876256
Fiji,FJI,1999,3.5604298
Fiji,FJI,2000,3.9590302
Fiji,FJI,2001,7.741294
Fiji,FJI,2002,5.3065004
Fiji,FJI,2003,2.4992008
Fiji,FJI,2004,2.3229551
Fiji,FJI,2005,3.6331122
Fiji,FJI,2006,3.626807
Fiji,FJI,2007,3.348024
Fiji,FJI,2008,2.1581066
Fiji,FJI,2009,2.6200995
Fiji,FJI,2010,3.4499733
Fiji,FJI,2011,3.2999964
Fiji,FJI,2012,2.85
Fiji,FJI,2013,5.07995
Fiji,FJI,2014,5.3799477
Fiji,FJI,2015,4.649975
Fiji,FJI,2016,3.3600109
Fiji,FJI,2017,5.7199874
Fiji,FJI,2018,6.649964
Fiji,FJI,2019,7.6199503
Fiji,FJI,2020,5.739931
Fiji,FJI,2021,6.1299467
Fiji,FJI,2022,4.7599587
Fiji,FJI,2023,12.36
Finland,FIN,1961,7.3532987
Finland,FIN,1962,7.8356843
Finland,FIN,1963,8.208372
Finland,FIN,1964,9.113801
Finland,FIN,1965,9.061687
Finland,FIN,1966,9.251014
Finland,FIN,1967,8.30896
Finland,FIN,1968,8.548556
Finland,FIN,1969,9.5416975
Finland,FIN,1970,10.151525
Finland,FIN,1971,10.023558
Finland,FIN,1972,10.462279
Finland,FIN,1973,10.2167635
Finland,FIN,1974,10.503658
Finland,FIN,1975,10.599613
Finland,FIN,1976,10.503689
Finland,FIN,1977,10.29091
Finland,FIN,1978,11.134743
Finland,FIN,1979,11.086656
Finland,FIN,1980,10.55921
Finland,FIN,1981,10.4024935
Finland,FIN,1982,10.188133
Finland,FIN,1983,9.8843155
Finland,FIN,1984,10.553885
Finland,FIN,1985,10.859419
Finland,FIN,1986,11.516422
Finland,FIN,1987,11.21077
Finland,FIN,1988,11.222172
Finland,FIN,1989,10.817567
Finland,FIN,1990,10.610902
Finland,FIN,1991,10.180063
Finland,FIN,1992,10.425205
Finland,FIN,1993,10.148782
Finland,FIN,1994,9.855245
Finland,FIN,1995,11.230178
Finland,FIN,1996,10.402607
Finland,FIN,1997,9.682021
Finland,FIN,1998,9.498996
Finland,FIN,1999,9.229077
Finland,FIN,2000,9.289646
Finland,FIN,2001,8.650049
Finland,FIN,2002,8.899062
Finland,FIN,2003,8.380068
Finland,FIN,2004,8.339766
Finland,FIN,2005,8.329876
Finland,FIN,2006,8.372785
Finland,FIN,2007,8.545304
Finland,FIN,2008,8.67754
Finland,FIN,2009,8.438126
Finland,FIN,2010,8.750005
Finland,FIN,2011,8.930007
Finland,FIN,2012,9.289987
Finland,FIN,2013,9.529987
Finland,FIN,2014,9.689989
Finland,FIN,2015,10.140002
Finland,FIN,2016,10.740005
Finland,FIN,2017,10.760004
Finland,FIN,2018,10.78002
Finland,FIN,2019,10.910011
Finland,FIN,2020,11.389988
Finland,FIN,2021,10.920002
Finland,FIN,2022,9.9
Finland,FIN,2023,10.450009
France,FRA,1961,10.411022
France,FRA,1962,10.638359
France,FRA,1963,10.488359
France,FRA,1964,10.878855
France,FRA,1965,10.872508
France,FRA,1966,11.093359
France,FRA,1967,11.459994
France,FRA,1968,11.487855
France,FRA,1969,11.927797
France,FRA,1970,12.483148
France,FRA,1971,12.187068
France,FRA,1972,12.484989
France,FRA,1973,12.633272
France,FRA,1974,12.602275
France,FRA,1975,12.900918
France,FRA,1976,12.8693075
France,FRA,1977,13.048114
France,FRA,1978,14.151773
France,FRA,1979,14.153729
France,FRA,1980,14.349984
France,FRA,1981,14.66593
France,FRA,1982,15.224462
France,FRA,1983,14.49582
France,FRA,1984,14.881738
France,FRA,1985,14.915693
France,FRA,1986,15.5591545
France,FRA,1987,14.999993
France,FRA,1988,15.982727
France,FRA,1989,15.271638
France,FRA,1990,14.622896
France,FRA,1991,14.635512
France,FRA,1992,14.634903
France,FRA,1993,14.501746
France,FRA,1994,15.045883
France,FRA,1995,15.790131
France,FRA,1996,15.546035
France,FRA,1997,15.639665
France,FRA,1998,15.751635
France,FRA,1999,15.9686985
France,FRA,2000,15.887364
France,FRA,2001,15.679989
France,FRA,2002,15.36853
France,FRA,2003,15.236353
France,FRA,2004,15.715627
France,FRA,2005,14.2881365
France,FRA,2006,13.744478
France,FRA,2007,14.398748
France,FRA,2008,13.471075
France,FRA,2009,14.011328
France,FRA,2010,13.389999
France,FRA,2011,12.710001
France,FRA,2012,12.490001
France,FRA,2013,13.069999
France,FRA,2014,13.029999
France,FRA,2015,13.350001
France,FRA,2016,11.430001
France,FRA,2017,12.370001
France,FRA,2018,12
France,FRA,2019,13.31
France,FRA,2020,13.750002
France,FRA,2021,12.88
France,FRA,2022,13.379999
France,FRA,2023,13.139998
French Polynesia,PYF,1961,1.5640359
French Polynesia,PYF,1962,1.6457756
French Polynesia,PYF,1963,1.8030485
French Polynesia,PYF,1964,2.1134498
French Polynesia,PYF,1965,3.0311456
French Polynesia,PYF,1966,4.9898324
French Polynesia,PYF,1967,5.955103
French Polynesia,PYF,1968,6.0907784
French Polynesia,PYF,1969,4.7417793
French Polynesia,PYF,1970,7.8621726
French Polynesia,PYF,1971,4.387626
French Polynesia,PYF,1972,3.1653814
French Polynesia,PYF,1973,3.6238008
French Polynesia,PYF,1974,4.0715833
French Polynesia,PYF,1975,4.299728
French Polynesia,PYF,1976,4.1730914
French Polynesia,PYF,1977,4.346161
French Polynesia,PYF,1978,4.7233286
French Polynesia,PYF,1979,5.4307237
French Polynesia,PYF,1980,5.3229384
French Polynesia,PYF,1981,4.6842785
French Polynesia,PYF,1982,4.9464145
French Polynesia,PYF,1983,5.5669026
French Polynesia,PYF,1984,5.7315273
French Polynesia,PYF,1985,6.4294515
French Polynesia,PYF,1986,6.3882384
French Polynesia,PYF,1987,6.031912
French Polynesia,PYF,1988,5.800992
French Polynesia,PYF,1989,5.1014276
French Polynesia,PYF,1990,5.5091767
French Polynesia,PYF,1991,6.572742
French Polynesia,PYF,1992,6.5403886
French Polynesia,PYF,1993,5.711498
French Polynesia,PYF,1994,5.301284
French Polynesia,PYF,1995,6.2817383
French Polynesia,PYF,1996,5.1375165
French Polynesia,PYF,1997,5.4256935
French Polynesia,PYF,1998,5.717181
French Polynesia,PYF,1999,5.662367
French Polynesia,PYF,2000,4.930392
French Polynesia,PYF,2001,6.8911586
French Polynesia,PYF,2002,7.5046916
French Polynesia,PYF,2003,7.183549
French Polynesia,PYF,2004,7.0574155
French Polynesia,PYF,2005,7.7821493
French Polynesia,PYF,2006,7.5370965
French Polynesia,PYF,2007,7.3477755
French Polynesia,PYF,2008,7.8589373
French Polynesia,PYF,2009,8.633587
French Polynesia,PYF,2010,9.1296625
French Polynesia,PYF,2011,8.789871
French Polynesia,PYF,2012,9.259593
French Polynesia,PYF,2013,9.329797
French Polynesia,PYF,2014,9.379967
French Polynesia,PYF,2015,9.029772
French Polynesia,PYF,2016,7.78
French Polynesia,PYF,2017,7.7298346
French Polynesia,PYF,2018,7.939915
French Polynesia,PYF,2019,12.959536
French Polynesia,PYF,2020,12.759634
French Polynesia,PYF,2021,12.789178
French Polynesia,PYF,2022,10.5397
French Polynesia,PYF,2023,11.509795
Gabon,GAB,1961,0.25283873
Gabon,GAB,1962,0.26194307
Gabon,GAB,1963,0.25243714
Gabon,GAB,1964,0.24272971
Gabon,GAB,1965,0.24344707
Gabon,GAB,1966,0.23460199
Gabon,GAB,1967,0.27497098
Gabon,GAB,1968,0.27644438
Gabon,GAB,1969,0.29676798
Gabon,GAB,1970,0.3064331
Gabon,GAB,1971,0.27661481
Gabon,GAB,1972,0.2858118
Gabon,GAB,1973,0.3537523
Gabon,GAB,1974,0.46078503
Gabon,GAB,1975,0.71434075
Gabon,GAB,1976,0.771777
Gabon,GAB,1977,1.1120845
Gabon,GAB,1978,1.3153603
Gabon,GAB,1979,1.2150731
Gabon,GAB,1980,1.329004
Gabon,GAB,1981,1.4058543
Gabon,GAB,1982,1.1034713
Gabon,GAB,1983,1.1890403
Gabon,GAB,1984,1.311864
Gabon,GAB,1985,1.3015664
Gabon,GAB,1986,1.445999
Gabon,GAB,1987,1.483057
Gabon,GAB,1988,1.4820687
Gabon,GAB,1989,1.4914637
Gabon,GAB,1990,1.4824852
Gabon,GAB,1991,1.5401342
Gabon,GAB,1992,1.5777948
Gabon,GAB,1993,1.5682424
Gabon,GAB,1994,1.5582558
Gabon,GAB,1995,1.6249827
Gabon,GAB,1996,1.6365197
Gabon,GAB,1997,1.6456712
Gabon,GAB,1998,1.637227
Gabon,GAB,1999,1.6741766
Gabon,GAB,2000,1.6531487
Gabon,GAB,2001,1.6003815
Gabon,GAB,2002,1.5093575
Gabon,GAB,2003,1.4375188
Gabon,GAB,2004,1.4591663
Gabon,GAB,2005,1.4228122
Gabon,GAB,2006,1.4707645
Gabon,GAB,2007,1.4318981
Gabon,GAB,2008,1.3195083
Gabon,GAB,2009,1.0878948
Gabon,GAB,2010,1.0599982
Gabon,GAB,2011,1.009996
Gabon,GAB,2012,1.0199983
Gabon,GAB,2013,0.7099996
Gabon,GAB,2014,0.73
Gabon,GAB,2015,0.93
Gabon,GAB,2016,0.91
Gabon,GAB,2017,0.87999916
Gabon,GAB,2018,0.94
Gabon,GAB,2019,0.8699996
Gabon,GAB,2020,0.8400007
Gabon,GAB,2021,0.8199969
Gabon,GAB,2022,0.81
Gabon,GAB,2023,0.85
Gambia,GMB,1961,0.37798
Gambia,GMB,1962,0.3564263
Gambia,GMB,1963,0.35137087
Gambia,GMB,1964,0.37390718
Gambia,GMB,1965,0.40455303
Gambia,GMB,1966,0.43540993
Gambia,GMB,1967,0.45780918
Gambia,GMB,1968,0.44726396
Gambia,GMB,1969,0.44503504
Gambia,GMB,1970,0.4520191
Gambia,GMB,1971,0.4434606
Gambia,GMB,1972,0.4532932
Gambia,GMB,1973,0.44544986
Gambia,GMB,1974,0.4466527
Gambia,GMB,1975,0.46362323
Gambia,GMB,1976,0.5054357
Gambia,GMB,1977,0.4188417
Gambia,GMB,1978,0.40869007
Gambia,GMB,1979,0.4240464
Gambia,GMB,1980,0.4653176
Gambia,GMB,1981,0.46507254
Gambia,GMB,1982,0.49926934
Gambia,GMB,1983,0.52516717
Gambia,GMB,1984,0.5518789
Gambia,GMB,1985,0.5113643
Gambia,GMB,1986,0.5490711
Gambia,GMB,1987,0.6303499
Gambia,GMB,1988,0.86892706
Gambia,GMB,1989,0.8449653
Gambia,GMB,1990,0.66946805
Gambia,GMB,1991,0.69020694
Gambia,GMB,1992,0.75280446
Gambia,GMB,1993,0.88214797
Gambia,GMB,1994,0.8618901
Gambia,GMB,1995,0.9443179
Gambia,GMB,1996,0.6063526
Gambia,GMB,1997,0.63972014
Gambia,GMB,1998,0.6733508
Gambia,GMB,1999,1.9802073
Gambia,GMB,2000,0.7854951
Gambia,GMB,2001,1.5254614
Gambia,GMB,2002,1.0468255
Gambia,GMB,2003,0.6584163
Gambia,GMB,2004,1.3651192
Gambia,GMB,2005,1.5171367
Gambia,GMB,2006,1.8662322
Gambia,GMB,2007,2.944085
Gambia,GMB,2008,3.4027722
Gambia,GMB,2009,0.80033004
Gambia,GMB,2010,1.9899958
Gambia,GMB,2011,1.0999973
Gambia,GMB,2012,0.5299981
Gambia,GMB,2013,1.2999969
Gambia,GMB,2014,0.7499983
Gambia,GMB,2015,0.72
Gambia,GMB,2016,0.6699985
Gambia,GMB,2017,1.2099994
Gambia,GMB,2018,0.90999883
Gambia,GMB,2019,5.839984
Gambia,GMB,2020,3.1199825
Gambia,GMB,2021,8.669983
Gambia,GMB,2022,2.3799982
Gambia,GMB,2023,1.970003
Georgia,GEO,1992,3.150535
Georgia,GEO,1993,2.6981199
Georgia,GEO,1994,2.8915393
Georgia,GEO,1995,5.8634615
Georgia,GEO,1996,5.972107
Georgia,GEO,1997,6.331546
Georgia,GEO,1998,7.309286
Georgia,GEO,1999,8.020125
Georgia,GEO,2000,5.940466
Georgia,GEO,2001,6.8734508
Georgia,GEO,2002,6.427136
Georgia,GEO,2003,7.229379
Georgia,GEO,2004,8.359718
Georgia,GEO,2005,8.069402
Georgia,GEO,2006,3.7712057
Georgia,GEO,2007,5.376894
Georgia,GEO,2008,5.766517
Georgia,GEO,2009,5.727347
Georgia,GEO,2010,6.149981
Georgia,GEO,2011,6.6799927
Georgia,GEO,2012,6.5400033
Georgia,GEO,2013,7.280004
Georgia,GEO,2014,9.3499975
Georgia,GEO,2015,9.37
Georgia,GEO,2016,9.439998
Georgia,GEO,2017,9.7
Georgia,GEO,2018,10.219997
Georgia,GEO,2019,10.929995
Georgia,GEO,2020,11.05
Georgia,GEO,2021,10.64
Georgia,GEO,2022,10.989994
Georgia,GEO,2023,11.269989
Germany,DEU,1961,12.720175
Germany,DEU,1962,12.331803
Germany,DEU,1963,12.160325
Germany,DEU,1964,12.881488
Germany,DEU,1965,12.91593
Germany,DEU,1966,13.419783
Germany,DEU,1967,13.846925
Germany,DEU,1968,14.226112
Germany,DEU,1969,14.864381
Germany,DEU,1970,15.785397
Germany,DEU,1971,15.909437
Germany,DEU,1972,16.440746
Germany,DEU,1973,16.452974
Germany,DEU,1974,16.537857
Germany,DEU,1975,16.814537
Germany,DEU,1976,16.688936
Germany,DEU,1977,17.235626
Germany,DEU,1978,17.072783
Germany,DEU,1979,16.824644
Germany,DEU,1980,17.25606
Germany,DEU,1981,17.117987
Germany,DEU,1982,17.295784
Germany,DEU,1983,16.982878
Germany,DEU,1984,16.887344
Germany,DEU,1985,17.073454
Germany,DEU,1986,16.810753
Germany,DEU,1987,16.446486
Germany,DEU,1988,16.201504
Germany,DEU,1989,15.780143
Germany,DEU,1990,14.399372
Germany,DEU,1991,14.559885
Germany,DEU,1992,13.746218
Germany,DEU,1993,11.856449
Germany,DEU,1994,12.426624
Germany,DEU,1995,12.2360115
Germany,DEU,1996,12.681205
Germany,DEU,1997,12.83937
Germany,DEU,1998,12.869501
Germany,DEU,1999,12.511647
Germany,DEU,2000,12.588478
Germany,DEU,2001,12.680184
Germany,DEU,2002,12.654466
Germany,DEU,2003,12.142948
Germany,DEU,2004,12.164803
Germany,DEU,2005,11.873407
Germany,DEU,2006,12.371082
Germany,DEU,2007,12.264641
Germany,DEU,2008,12.459079
Germany,DEU,2009,12.549094
Germany,DEU,2010,14.180001
Germany,DEU,2011,14.379998
Germany,DEU,2012,13.74
Germany,DEU,2013,13.809999
Germany,DEU,2014,13.84
Germany,DEU,2015,13.92
Germany,DEU,2016,14.43
Germany,DEU,2017,14.33
Germany,DEU,2018,14.82
Germany,DEU,2019,17.37
Germany,DEU,2020,16.47
Germany,DEU,2021,15.9
Germany,DEU,2022,15.52
Germany,DEU,2023,15.899999
Ghana,GHA,1961,0.4505986
Ghana,GHA,1962,0.44424045
Ghana,GHA,1963,0.44710112
Ghana,GHA,1964,0.4881919
Ghana,GHA,1965,0.54780847
Ghana,GHA,1966,0.57658964
Ghana,GHA,1967,0.5942245
Ghana,GHA,1968,0.6013662
Ghana,GHA,1969,0.61846745
Ghana,GHA,1970,0.65494984
Ghana,GHA,1971,0.67335683
Ghana,GHA,1972,0.71222985
Ghana,GHA,1973,0.74109983
Ghana,GHA,1974,0.720262
Ghana,GHA,1975,0.7354197
Ghana,GHA,1976,0.7095855
Ghana,GHA,1977,0.8964917
Ghana,GHA,1978,0.8837482
Ghana,GHA,1979,0.8642953
Ghana,GHA,1980,0.7688932
Ghana,GHA,1981,0.66988325
Ghana,GHA,1982,0.54519916
Ghana,GHA,1983,0.4656204
Ghana,GHA,1984,0.43278864
Ghana,GHA,1985,0.40027928
Ghana,GHA,1986,0.37536106
Ghana,GHA,1987,0.4622884
Ghana,GHA,1988,0.4448383
Ghana,GHA,1989,0.47421792
Ghana,GHA,1990,0.51314324
Ghana,GHA,1991,0.5335919
Ghana,GHA,1992,0.55445385
Ghana,GHA,1993,0.59449214
Ghana,GHA,1994,0.58651674
Ghana,GHA,1995,0.5876313
Ghana,GHA,1996,0.5880394
Ghana,GHA,1997,0.7031453
Ghana,GHA,1998,0.7499887
Ghana,GHA,1999,0.78720516
Ghana,GHA,2000,0.83402145
Ghana,GHA,2001,0.8322928
Ghana,GHA,2002,0.8494962
Ghana,GHA,2003,0.8484306
Ghana,GHA,2004,0.86704326
Ghana,GHA,2005,0.8477608
Ghana,GHA,2006,0.90494627
Ghana,GHA,2007,0.99089575
Ghana,GHA,2008,1.0387611
Ghana,GHA,2009,1.105381
Ghana,GHA,2010,1.0199996
Ghana,GHA,2011,1.08
Ghana,GHA,2012,1.0499998
Ghana,GHA,2013,1.0899999
Ghana,GHA,2014,1.0299999
Ghana,GHA,2015,1.14
Ghana,GHA,2016,1.1500001
Ghana,GHA,2017,1.1099995
Ghana,GHA,2018,0.9699997
Ghana,GHA,2019,1.0299999
Ghana,GHA,2020,1.1100003
Ghana,GHA,2021,1.1400002
Ghana,GHA,2022,1.0799999
Ghana,GHA,2023,1.0599997
Greece,GRC,1961,5.658832
Greece,GRC,1962,5.741145
Greece,GRC,1963,7.115409
Greece,GRC,1964,6.834819
Greece,GRC,1965,9.111574
Greece,GRC,1966,9.609012
Greece,GRC,1967,9.240218
Greece,GRC,1968,9.377447
Greece,GRC,1969,10.12992
Greece,GRC,1970,10.172316
Greece,GRC,1971,11.229707
Greece,GRC,1972,10.786289
Greece,GRC,1973,10.481872
Greece,GRC,1974,10.577041
Greece,GRC,1975,10.464737
Greece,GRC,1976,11.297393
Greece,GRC,1977,10.640792
Greece,GRC,1978,11.431913
Greece,GRC,1979,12.081393
Greece,GRC,1980,10.918203
Greece,GRC,1981,11.119824
Greece,GRC,1982,11.539964
Greece,GRC,1983,11.197804
Greece,GRC,1984,11.738222
Greece,GRC,1985,12.391473
Greece,GRC,1986,12.010581
Greece,GRC,1987,10.683841
Greece,GRC,1988,11.183038
Greece,GRC,1989,11.241854
Greece,GRC,1990,10.845934
Greece,GRC,1991,10.498889
Greece,GRC,1992,10.320133
Greece,GRC,1993,10.449187
Greece,GRC,1994,10.292943
Greece,GRC,1995,9.911886
Greece,GRC,1996,10.238849
Greece,GRC,1997,10.189073
Greece,GRC,1998,10.207569
Greece,GRC,1999,10.613319
Greece,GRC,2000,10.138581
Greece,GRC,2001,9.699579
Greece,GRC,2002,9.314649
Greece,GRC,2003,8.952128
Greece,GRC,2004,9.223243
Greece,GRC,2005,9.280985
Greece,GRC,2006,8.819438
Greece,GRC,2007,8.82696
Greece,GRC,2008,9.024989
Greece,GRC,2009,9.741164
Greece,GRC,2010,8.980002
Greece,GRC,2011,8.410001
Greece,GRC,2012,9.010008
Greece,GRC,2013,10.280005
Greece,GRC,2014,10.660001
Greece,GRC,2015,10.219998
Greece,GRC,2016,8.7199955
Greece,GRC,2017,9.119998
Greece,GRC,2018,9.519995
Greece,GRC,2019,8.829999
Greece,GRC,2020,8.51
Greece,GRC,2021,8.669999
Greece,GRC,2022,9.449999
Greece,GRC,2023,9.65
Grenada,GRD,1961,5.726452
Grenada,GRD,1962,5.6120257
Grenada,GRD,1963,5.7208986
Grenada,GRD,1964,5.6146955
Grenada,GRD,1965,5.60812
Grenada,GRD,1966,5.4984355
Grenada,GRD,1967,5.482315
Grenada,GRD,1968,6.3528957
Grenada,GRD,1969,7.186418
Grenada,GRD,1970,7.697169
Grenada,GRD,1971,7.3077974
Grenada,GRD,1972,6.841173
Grenada,GRD,1973,7.4839706
Grenada,GRD,1974,7.8836765
Grenada,GRD,1975,7.930388
Grenada,GRD,1976,8.0139265
Grenada,GRD,1977,7.596541
Grenada,GRD,1978,7.58591
Grenada,GRD,1979,7.715874
Grenada,GRD,1980,7.5489144
Grenada,GRD,1981,8.310017
Grenada,GRD,1982,7.487367
Grenada,GRD,1983,7.5010266
Grenada,GRD,1984,7.643585
Grenada,GRD,1985,7.4279056
Grenada,GRD,1986,7.3341804
Grenada,GRD,1987,7.236946
Grenada,GRD,1988,7.156413
Grenada,GRD,1989,7.162499
Grenada,GRD,1990,8.104588
Grenada,GRD,1991,8.561395
Grenada,GRD,1992,7.741443
Grenada,GRD,1993,6.010274
Grenada,GRD,1994,5.950557
Grenada,GRD,1995,5.8619695
Grenada,GRD,1996,5.6294036
Grenada,GRD,1997,5.965492
Grenada,GRD,1998,5.6585836
Grenada,GRD,1999,6.093457
Grenada,GRD,2000,6.1978674
Grenada,GRD,2001,6.1106687
Grenada,GRD,2002,7.2162266
Grenada,GRD,2003,6.6223426
Grenada,GRD,2004,6.424665
Grenada,GRD,2005,7.8368754
Grenada,GRD,2006,8.500031
Grenada,GRD,2007,8.5339985
Grenada,GRD,2008,8.439199
Grenada,GRD,2009,9.075909
Grenada,GRD,2010,9.349162
Grenada,GRD,2011,9.508898
Grenada,GRD,2012,9.458155
Grenada,GRD,2013,9.239267
Grenada,GRD,2014,9.31853
Grenada,GRD,2015,9.169121
Grenada,GRD,2016,9.198642
Grenada,GRD,2017,9.229361
Grenada,GRD,2018,9.238962
Grenada,GRD,2019,19.687454
Grenada,GRD,2020,21.107641
Grenada,GRD,2021,21.01892
Grenada,GRD,2022,21.206736
Grenada,GRD,2023,21.357447
Guatemala,GTM,1961,6.0042996
Guatemala,GTM,1962,5.815809
Guatemala,GTM,1963,5.8724523
Guatemala,GTM,1964,5.68799
Guatemala,GTM,1965,5.546336
Guatemala,GTM,1966,5.485986
Guatemala,GTM,1967,5.4085474
Guatemala,GTM,1968,5.4146457
Guatemala,GTM,1969,5.293973
Guatemala,GTM,1970,5.148087
Guatemala,GTM,1971,5.1848207
Guatemala,GTM,1972,5.152584
Guatemala,GTM,1973,5.099358
Guatemala,GTM,1974,5.0458093
Guatemala,GTM,1975,4.8207974
Guatemala,GTM,1976,4.4426613
Guatemala,GTM,1977,5.623715
Guatemala,GTM,1978,5.5697474
Guatemala,GTM,1979,5.4937916
Guatemala,GTM,1980,6.4224563
Guatemala,GTM,1981,5.2541986
Guatemala,GTM,1982,5.6809125
Guatemala,GTM,1983,5.906596
Guatemala,GTM,1984,6.1295376
Guatemala,GTM,1985,6.56831
Guatemala,GTM,1986,6.6111293
Guatemala,GTM,1987,6.712032
Guatemala,GTM,1988,7.0268154
Guatemala,GTM,1989,6.6727586
Guatemala,GTM,1990,6.530988
Guatemala,GTM,1991,6.6236334
Guatemala,GTM,1992,6.9048467
Guatemala,GTM,1993,7.651931
Guatemala,GTM,1994,7.955388
Guatemala,GTM,1995,8.374053
Guatemala,GTM,1996,8.561138
Guatemala,GTM,1997,7.651444
Guatemala,GTM,1998,6.900734
Guatemala,GTM,1999,6.3604155
Guatemala,GTM,2000,6.3119283
Guatemala,GTM,2001,10.2903595
Guatemala,GTM,2002,13.930601
Guatemala,GTM,2003,14.118298
Guatemala,GTM,2004,14.00252
Guatemala,GTM,2005,14.037577
Guatemala,GTM,2006,14.115433
Guatemala,GTM,2007,14.174476
Guatemala,GTM,2008,14.299128
Guatemala,GTM,2009,14.318056
Guatemala,GTM,2010,14.419992
Guatemala,GTM,2011,14.420007
Guatemala,GTM,2012,14.560012
Guatemala,GTM,2013,14.7300005
Guatemala,GTM,2014,14.980004
Guatemala,GTM,2015,15.359995
Guatemala,GTM,2016,15.469999
Guatemala,GTM,2017,15.569996
Guatemala,GTM,2018,15.410001
Guatemala,GTM,2019,10.469999
Guatemala,GTM,2020,13.2699995
Guatemala,GTM,2021,13.089999
Guatemala,GTM,2022,12.190002
Guatemala,GTM,2023,12.419999
Guinea,GIN,1961,0.742749
Guinea,GIN,1962,0.76118034
Guinea,GIN,1963,0.76939213
Guinea,GIN,1964,0.7780133
Guinea,GIN,1965,0.7868073
Guinea,GIN,1966,0.7961336
Guinea,GIN,1967,0.7956129
Guinea,GIN,1968,0.80438447
Guinea,GIN,1969,0.8115424
Guinea,GIN,1970,0.77734166
Guinea,GIN,1971,0.72246426
Guinea,GIN,1972,0.7931139
Guinea,GIN,1973,0.84185654
Guinea,GIN,1974,0.88900083
Guinea,GIN,1975,0.95339864
Guinea,GIN,1976,0.9792658
Guinea,GIN,1977,1.0133305
Guinea,GIN,1978,1.0746429
Guinea,GIN,1979,1.0656351
Guinea,GIN,1980,1.050853
Guinea,GIN,1981,1.0402687
Guinea,GIN,1982,0.99756235
Guinea,GIN,1983,0.983672
Guinea,GIN,1984,0.9528223
Guinea,GIN,1985,0.8850862
Guinea,GIN,1986,1.0604053
Guinea,GIN,1987,1.0362058
Guinea,GIN,1988,1.0328742
Guinea,GIN,1989,1.0362469
Guinea,GIN,1990,1.0291585
Guinea,GIN,1991,1.014853
Guinea,GIN,1992,1.0323485
Guinea,GIN,1993,1.0311308
Guinea,GIN,1994,1.0434539
Guinea,GIN,1995,1.0686933
Guinea,GIN,1996,1.0834957
Guinea,GIN,1997,1.0982716
Guinea,GIN,1998,1.1405764
Guinea,GIN,1999,1.1759211
Guinea,GIN,2000,1.2036488
Guinea,GIN,2001,1.2603041
Guinea,GIN,2002,1.6060323
Guinea,GIN,2003,1.5150061
Guinea,GIN,2004,1.5939137
Guinea,GIN,2005,1.7089192
Guinea,GIN,2006,1.743673
Guinea,GIN,2007,1.8092815
Guinea,GIN,2008,1.8756686
Guinea,GIN,2009,1.9319735
Guinea,GIN,2010,2.16
Guinea,GIN,2011,2.1899996
Guinea,GIN,2012,2.13
Guinea,GIN,2013,2.0799992
Guinea,GIN,2014,1.9899998
Guinea,GIN,2015,1.4999992
Guinea,GIN,2016,1.7099999
Guinea,GIN,2017,1.9099988
Guinea,GIN,2018,2.039999
Guinea,GIN,2019,2.22
Guinea,GIN,2020,1.9699992
Guinea,GIN,2021,2.0099993
Guinea,GIN,2022,1.9700005
Guinea,GIN,2023,1.8700001
Guinea-Bissau,GNB,1961,0.1983706
Guinea-Bissau,GNB,1962,0.19786966
Guinea-Bissau,GNB,1963,0.19743417
Guinea-Bissau,GNB,1964,0.23406677
Guinea-Bissau,GNB,1965,0.24067323
Guinea-Bissau,GNB,1966,0.24522194
Guinea-Bissau,GNB,1967,0.24505462
Guinea-Bissau,GNB,1968,0.2768688
Guinea-Bissau,GNB,1969,0.2661337
Guinea-Bissau,GNB,1970,0.26880148
Guinea-Bissau,GNB,1971,0.2980912
Guinea-Bissau,GNB,1972,0.30641016
Guinea-Bissau,GNB,1973,0.2999924
Guinea-Bissau,GNB,1974,0.2857441
Guinea-Bissau,GNB,1975,0.29878396
Guinea-Bissau,GNB,1976,0.28414246
Guinea-Bissau,GNB,1977,0.29009324
Guinea-Bissau,GNB,1978,0.27351514
Guinea-Bissau,GNB,1979,0.26608837
Guinea-Bissau,GNB,1980,0.28604364
Guinea-Bissau,GNB,1981,0.30615976
Guinea-Bissau,GNB,1982,0.32734004
Guinea-Bissau,GNB,1983,0.33976698
Guinea-Bissau,GNB,1984,0.38278356
Guinea-Bissau,GNB,1985,0.39534056
Guinea-Bissau,GNB,1986,0.42868936
Guinea-Bissau,GNB,1987,0.46219972
Guinea-Bissau,GNB,1988,0.46477684
Guinea-Bissau,GNB,1989,0.45709297
Guinea-Bissau,GNB,1990,0.4073523
Guinea-Bissau,GNB,1991,0.47097442
Guinea-Bissau,GNB,1992,0.45745412
Guinea-Bissau,GNB,1993,0.46285495
Guinea-Bissau,GNB,1994,0.428447
Guinea-Bissau,GNB,1995,0.41734007
Guinea-Bissau,GNB,1996,0.47881848
Guinea-Bissau,GNB,1997,0.6033889
Guinea-Bissau,GNB,1998,0.61542195
Guinea-Bissau,GNB,1999,0.6486307
Guinea-Bissau,GNB,2000,0.6598275
Guinea-Bissau,GNB,2001,0.8051814
Guinea-Bissau,GNB,2002,0.6916608
Guinea-Bissau,GNB,2003,0.65015477
Guinea-Bissau,GNB,2004,0.6699546
Guinea-Bissau,GNB,2005,0.6690118
Guinea-Bissau,GNB,2006,0.6981061
Guinea-Bissau,GNB,2007,0.70569795
Guinea-Bissau,GNB,2008,0.71361417
Guinea-Bissau,GNB,2009,0.72145015
Guinea-Bissau,GNB,2010,0.6599992
Guinea-Bissau,GNB,2011,0.65999836
Guinea-Bissau,GNB,2012,0.65999806
Guinea-Bissau,GNB,2013,0.63999623
Guinea-Bissau,GNB,2014,1.4699949
Guinea-Bissau,GNB,2015,1.659999
Guinea-Bissau,GNB,2016,1.609993
Guinea-Bissau,GNB,2017,1.6599964
Guinea-Bissau,GNB,2018,1.3400022
Guinea-Bissau,GNB,2019,1.2299975
Guinea-Bissau,GNB,2020,1.1900007
Guinea-Bissau,GNB,2021,1.6099993
Guinea-Bissau,GNB,2022,1.249997
Guinea-Bissau,GNB,2023,0.81999886
Guyana,GUY,1961,2.610178
Guyana,GUY,1962,2.6643918
Guyana,GUY,1963,2.9573636
Guyana,GUY,1964,3.0809908
Guyana,GUY,1965,3.1084414
Guyana,GUY,1966,3.1446657
Guyana,GUY,1967,3.7152054
Guyana,GUY,1968,3.9253235
Guyana,GUY,1969,4.913326
Guyana,GUY,1970,5.4789577
Guyana,GUY,1971,6.309775
Guyana,GUY,1972,6.945609
Guyana,GUY,1973,7.97618
Guyana,GUY,1974,7.9534674
Guyana,GUY,1975,8.370152
Guyana,GUY,1976,8.96255
Guyana,GUY,1977,9.323043
Guyana,GUY,1978,8.539957
Guyana,GUY,1979,8.564515
Guyana,GUY,1980,7.7863355
Guyana,GUY,1981,7.825351
Guyana,GUY,1982,5.565984
Guyana,GUY,1983,3.287524
Guyana,GUY,1984,3.2453537
Guyana,GUY,1985,2.553831
Guyana,GUY,1986,2.5508916
Guyana,GUY,1987,3.0077407
Guyana,GUY,1988,3.3192134
Guyana,GUY,1989,2.1409695
Guyana,GUY,1990,1.9819547
Guyana,GUY,1991,0.34802842
Guyana,GUY,1992,0.38564166
Guyana,GUY,1993,0.43268713
Guyana,GUY,1994,1.0085721
Guyana,GUY,1995,1.7278595
Guyana,GUY,1996,1.9415543
Guyana,GUY,1997,1.819954
Guyana,GUY,1998,1.4787139
Guyana,GUY,1999,1.3666757
Guyana,GUY,2000,1.8774221
Guyana,GUY,2001,1.6926973
Guyana,GUY,2002,1.1309396
Guyana,GUY,2003,0.29641977
Guyana,GUY,2004,1.6084751
Guyana,GUY,2005,1.4201455
Guyana,GUY,2006,0.9776989
Guyana,GUY,2007,0.081387386
Guyana,GUY,2008,1.3059921
Guyana,GUY,2009,0.38421905
Guyana,GUY,2010,2.180003
Guyana,GUY,2011,2.1199687
Guyana,GUY,2012,2.6899784
Guyana,GUY,2013,2.32
Guyana,GUY,2014,1.2999982
Guyana,GUY,2015,1.3299948
Guyana,GUY,2016,1.3699946
Guyana,GUY,2017,1.3999945
Guyana,GUY,2018,1.4399946
Guyana,GUY,2019,1.209988
Guyana,GUY,2020,1.1399915
Guyana,GUY,2021,1.2199941
Guyana,GUY,2022,1.4100034
Guyana,GUY,2023,1.5999864
Haiti,HTI,1961,0.35160023
Haiti,HTI,1962,0.35213608
Haiti,HTI,1963,0.3529158
Haiti,HTI,1964,0.35369352
Haiti,HTI,1965,0.35424078
Haiti,HTI,1966,0.34469014
Haiti,HTI,1967,0.3451971
Haiti,HTI,1968,0.34560964
Haiti,HTI,1969,0.345804
Haiti,HTI,1970,0.3558803
Haiti,HTI,1971,0.355539
Haiti,HTI,1972,0.35488108
Haiti,HTI,1973,0.35415527
Haiti,HTI,1974,0.35351253
Haiti,HTI,1975,0.37325838
Haiti,HTI,1976,0.36302263
Haiti,HTI,1977,0.36309224
Haiti,HTI,1978,0.50475883
Haiti,HTI,1979,0.53590953
Haiti,HTI,1980,0.5271784
Haiti,HTI,1981,0.5085847
Haiti,HTI,1982,0.5309651
Haiti,HTI,1983,0.70738006
Haiti,HTI,1984,0.6996924
Haiti,HTI,1985,0.7430428
Haiti,HTI,1986,0.7344917
Haiti,HTI,1987,0.7251837
Haiti,HTI,1988,0.67399645
Haiti,HTI,1989,0.6845992
Haiti,HTI,1990,0.61199707
Haiti,HTI,1991,0.62226117
Haiti,HTI,1992,0.45624113
Haiti,HTI,1993,0.4457638
Haiti,HTI,1994,0.45608383
Haiti,HTI,1995,0.5078472
Haiti,HTI,1996,0.46631488
Haiti,HTI,1997,0.47649798
Haiti,HTI,1998,0.40383425
Haiti,HTI,1999,0.4241691
Haiti,HTI,2000,0.46489578
Haiti,HTI,2001,0.46405375
Haiti,HTI,2002,0.46319273
Haiti,HTI,2003,0.4723974
Haiti,HTI,2004,0.4713439
Haiti,HTI,2005,0.4701392
Haiti,HTI,2006,0.46860605
Haiti,HTI,2007,0.47705504
Haiti,HTI,2008,0.4853998
Haiti,HTI,2009,0.5038915
Haiti,HTI,2010,0.48999956
Haiti,HTI,2011,0.53999984
Haiti,HTI,2012,0.53
Haiti,HTI,2013,0.51999974
Haiti,HTI,2014,1.2199999
Haiti,HTI,2015,0.79999936
Haiti,HTI,2016,0.70999986
Haiti,HTI,2017,0.63999945
Haiti,HTI,2018,0.879999
Haiti,HTI,2019,0.6799997
Haiti,HTI,2020,0.59000015
Haiti,HTI,2021,0.48999992
Haiti,HTI,2022,0.38000023
Haiti,HTI,2023,0.38999993
High-income countries,OWID_HIC,1961,11.615207
High-income countries,OWID_HIC,1962,11.8077
High-income countries,OWID_HIC,1963,11.872321
High-income countries,OWID_HIC,1964,12.380595
High-income countries,OWID_HIC,1965,12.361123
High-income countries,OWID_HIC,1966,12.314347
High-income countries,OWID_HIC,1967,12.653843
High-income countries,OWID_HIC,1968,12.775534
High-income countries,OWID_HIC,1969,13.148831
High-income countries,OWID_HIC,1970,13.623298
High-income countries,OWID_HIC,1971,13.665814
High-income countries,OWID_HIC,1972,13.70871
High-income countries,OWID_HIC,1973,13.296087
High-income countries,OWID_HIC,1974,13.246462
High-income countries,OWID_HIC,1975,13.3054285
High-income countries,OWID_HIC,1976,13.296751
High-income countries,OWID_HIC,1977,13.386012
High-income countries,OWID_HIC,1978,13.705791
High-income countries,OWID_HIC,1979,13.857944
High-income countries,OWID_HIC,1980,13.779372
High-income countries,OWID_HIC,1981,13.755308
High-income countries,OWID_HIC,1982,13.851708
High-income countries,OWID_HIC,1983,13.767505
High-income countries,OWID_HIC,1984,13.672206
High-income countries,OWID_HIC,1985,13.745261
High-income countries,OWID_HIC,1986,13.728412
High-income countries,OWID_HIC,1987,13.719828
High-income countries,OWID_HIC,1988,13.667807
High-income countries,OWID_HIC,1989,13.322453
High-income countries,OWID_HIC,1990,13.171575
High-income countries,OWID_HIC,1991,13.141932
High-income countries,OWID_HIC,1992,13.235425
High-income countries,OWID_HIC,1993,12.904662
High-income countries,OWID_HIC,1994,12.869392
High-income countries,OWID_HIC,1995,12.720141
High-income countries,OWID_HIC,1996,11.454396
High-income countries,OWID_HIC,1997,12.876705
High-income countries,OWID_HIC,1998,13.045595
High-income countries,OWID_HIC,1999,13.022172
High-income countries,OWID_HIC,2000,13.147692
High-income countries,OWID_HIC,2001,13.36168
High-income countries,OWID_HIC,2002,13.471582
High-income countries,OWID_HIC,2003,13.301506
High-income countries,OWID_HIC,2004,13.439178
High-income countries,OWID_HIC,2005,13.21332
High-income countries,OWID_HIC,2006,13.262831
High-income countries,OWID_HIC,2007,13.326881
High-income countries,OWID_HIC,2008,13.184917
High-income countries,OWID_HIC,2009,13.157339
High-income countries,OWID_HIC,2010,13.316207
High-income countries,OWID_HIC,2011,13.261386
High-income countries,OWID_HIC,2012,13.26004
High-income countries,OWID_HIC,2013,13.478677
High-income countries,OWID_HIC,2014,13.518861
High-income countries,OWID_HIC,2015,13.546831
High-income countries,OWID_HIC,2016,13.804062
High-income countries,OWID_HIC,2017,14.045246
High-income countries,OWID_HIC,2018,14.331876
High-income countries,OWID_HIC,2019,14.698124
High-income countries,OWID_HIC,2020,14.645464
High-income countries,OWID_HIC,2021,14.401726
High-income countries,OWID_HIC,2022,14.537679
High-income countries,OWID_HIC,2023,14.052418
Honduras,HND,1961,4.0672956
Honduras,HND,1962,4.146519
Honduras,HND,1963,4.2547946
Honduras,HND,1964,4.151159
Honduras,HND,1965,4.1870036
Honduras,HND,1966,4.074953
Honduras,HND,1967,4.2837396
Honduras,HND,1968,4.4385915
Honduras,HND,1969,4.268082
Honduras,HND,1970,3.9914188
Honduras,HND,1971,4.049532
Honduras,HND,1972,4.2157884
Honduras,HND,1973,4.3072104
Honduras,HND,1974,4.4463916
Honduras,HND,1975,4.5550737
Honduras,HND,1976,4.698843
Honduras,HND,1977,4.5927052
Honduras,HND,1978,4.8973207
Honduras,HND,1979,4.911748
Honduras,HND,1980,4.6825767
Honduras,HND,1981,5.0087786
Honduras,HND,1982,4.8170033
Honduras,HND,1983,4.840545
Honduras,HND,1984,4.786544
Honduras,HND,1985,4.852292
Honduras,HND,1986,4.7988753
Honduras,HND,1987,4.7958636
Honduras,HND,1988,5.1655984
Honduras,HND,1989,5.1590023
Honduras,HND,1990,5.2382927
Honduras,HND,1991,5.2645917
Honduras,HND,1992,5.051818
Honduras,HND,1993,4.9244246
Honduras,HND,1994,5.6044497
Honduras,HND,1995,6.0112944
Honduras,HND,1996,7.155046
Honduras,HND,1997,6.931296
Honduras,HND,1998,6.704728
Honduras,HND,1999,6.488211
Honduras,HND,2000,6.664722
Honduras,HND,2001,6.6306086
Honduras,HND,2002,4.802583
Honduras,HND,2003,4.8970695
Honduras,HND,2004,4.2708325
Honduras,HND,2005,4.225179
Honduras,HND,2006,5.321291
Honduras,HND,2007,5.322937
Honduras,HND,2008,5.327523
Honduras,HND,2009,4.633461
Honduras,HND,2010,4.3699994
Honduras,HND,2011,4.6499963
Honduras,HND,2012,4.8799996
Honduras,HND,2013,4.700002
Honduras,HND,2014,4.5999966
Honduras,HND,2015,4.350002
Honduras,HND,2016,4.3
Honduras,HND,2017,4.289998
Honduras,HND,2018,4.2000003
Honduras,HND,2019,4.1299973
Honduras,HND,2020,4.1600003
Honduras,HND,2021,4.0999994
Honduras,HND,2022,4.019996
Honduras,HND,2023,3.9399989
Hong Kong,HKG,1961,7.7301326
Hong Kong,HKG,1962,9.345611
Hong Kong,HKG,1963,11.63933
Hong Kong,HKG,1964,11.582071
Hong Kong,HKG,1965,9.506418
Hong Kong,HKG,1966,9.276717
Hong Kong,HKG,1967,10.344284
Hong Kong,HKG,1968,12.720784
Hong Kong,HKG,1969,12.381083
Hong Kong,HKG,1970,11.990681
Hong Kong,HKG,1971,12.110696
Hong Kong,HKG,1972,11.135529
Hong Kong,HKG,1973,11.68797
Hong Kong,HKG,1974,10.59352
Hong Kong,HKG,1975,11.647003
Hong Kong,HKG,1976,10.916105
Hong Kong,HKG,1977,12.124238
Hong Kong,HKG,1978,12.838318
Hong Kong,HKG,1979,13.822805
Hong Kong,HKG,1980,13.433233
Hong Kong,HKG,1981,12.724858
Hong Kong,HKG,1982,12.813347
Hong Kong,HKG,1983,12.360555
Hong Kong,HKG,1984,13.284474
Hong Kong,HKG,1985,12.369978
Hong Kong,HKG,1986,13.205589
Hong Kong,HKG,1987,13.926761
Hong Kong,HKG,1988,14.422381
Hong Kong,HKG,1989,13.355721
Hong Kong,HKG,1990,13.399786
Hong Kong,HKG,1991,13.869797
Hong Kong,HKG,1992,14.152595
Hong Kong,HKG,1993,12.903747
Hong Kong,HKG,1994,12.993743
Hong Kong,HKG,1995,12.940275
Hong Kong,HKG,1996,13.162381
Hong Kong,HKG,1997,12.477796
Hong Kong,HKG,1998,12.342315
Hong Kong,HKG,1999,12.058605
Hong Kong,HKG,2000,11.62161
Hong Kong,HKG,2001,11.79318
Hong Kong,HKG,2002,11.602056
Hong Kong,HKG,2003,11.600778
Hong Kong,HKG,2004,11.835162
Hong Kong,HKG,2005,11.82032
Hong Kong,HKG,2006,11.596292
Hong Kong,HKG,2007,12.235876
Hong Kong,HKG,2008,12.3565645
Hong Kong,HKG,2009,12.4181595
Hong Kong,HKG,2010,14.080012
Hong Kong,HKG,2011,15.070003
Hong Kong,HKG,2012,16.260002
Hong Kong,HKG,2013,15.680021
Hong Kong,HKG,2014,20.289995
Hong Kong,HKG,2015,20.219997
Hong Kong,HKG,2016,21.750011
Hong Kong,HKG,2017,22.290005
Hong Kong,HKG,2018,23.41
Hong Kong,HKG,2019,26.239975
Hong Kong,HKG,2020,25.9
Hong Kong,HKG,2021,26.059986
Hong Kong,HKG,2022,24.119991
Hong Kong,HKG,2023,28.299969
Hungary,HUN,1961,9.254138
Hungary,HUN,1962,8.996197
Hungary,HUN,1963,9.334933
Hungary,HUN,1964,10.261893
Hungary,HUN,1965,10.570018
Hungary,HUN,1966,10.646086
Hungary,HUN,1967,11.295509
Hungary,HUN,1968,12.204988
Hungary,HUN,1969,12.463132
Hungary,HUN,1970,13.831253
Hungary,HUN,1971,14.503123
Hungary,HUN,1972,14.469306
Hungary,HUN,1973,14.676764
Hungary,HUN,1974,15.30993
Hungary,HUN,1975,16.64001
Hungary,HUN,1976,16.922314
Hungary,HUN,1977,17.646149
Hungary,HUN,1978,17.692413
Hungary,HUN,1979,18.43393
Hungary,HUN,1980,18.278095
Hungary,HUN,1981,18.038586
Hungary,HUN,1982,17.967085
Hungary,HUN,1983,19.000805
Hungary,HUN,1984,17.955362
Hungary,HUN,1985,18.896006
Hungary,HUN,1986,18.778364
Hungary,HUN,1987,18.51218
Hungary,HUN,1988,20.814915
Hungary,HUN,1989,21.623667
Hungary,HUN,1990,22.52807
Hungary,HUN,1991,20.863554
Hungary,HUN,1992,20.557154
Hungary,HUN,1993,20.524122
Hungary,HUN,1994,19.018665
Hungary,HUN,1995,16.75728
Hungary,HUN,1996,15.689737
Hungary,HUN,1997,15.007156
Hungary,HUN,1998,15.858245
Hungary,HUN,1999,15.309578
Hungary,HUN,2000,15.671198
Hungary,HUN,2001,16.33696
Hungary,HUN,2002,17.111387
Hungary,HUN,2003,16.523813
Hungary,HUN,2004,16.362091
Hungary,HUN,2005,16.178549
Hungary,HUN,2006,16.143341
Hungary,HUN,2007,15.992785
Hungary,HUN,2008,15.72594
Hungary,HUN,2009,14.8338
Hungary,HUN,2010,14.020003
Hungary,HUN,2011,13.170007
Hungary,HUN,2012,12.559999
Hungary,HUN,2013,12.540007
Hungary,HUN,2014,12.649996
Hungary,HUN,2015,13.409999
Hungary,HUN,2016,13.710002
Hungary,HUN,2017,13.8299885
Hungary,HUN,2018,13.689992
Hungary,HUN,2019,14.040005
Hungary,HUN,2020,14.550002
Hungary,HUN,2021,13.850002
Hungary,HUN,2022,13.790002
Hungary,HUN,2023,14.299993
Iceland,ISL,1961,4.369658
Iceland,ISL,1962,4.816846
Iceland,ISL,1963,5.480076
Iceland,ISL,1964,5.638717
Iceland,ISL,1965,5.789627
Iceland,ISL,1966,6.400176
Iceland,ISL,1967,7.045766
Iceland,ISL,1968,7.3938437
Iceland,ISL,1969,7.816484
Iceland,ISL,1970,8.43977
Iceland,ISL,1971,9.016108
Iceland,ISL,1972,9.555995
Iceland,ISL,1973,10.069073
Iceland,ISL,1974,10.796291
Iceland,ISL,1975,11.19851
Iceland,ISL,1976,12.748642
Iceland,ISL,1977,11.898469
Iceland,ISL,1978,12.743896
Iceland,ISL,1979,14.364938
Iceland,ISL,1980,11.202777
Iceland,ISL,1981,12.233027
Iceland,ISL,1982,12.215333
Iceland,ISL,1983,12.110327
Iceland,ISL,1984,12.353484
Iceland,ISL,1985,12.678221
Iceland,ISL,1986,13.123296
Iceland,ISL,1987,12.4372015
Iceland,ISL,1988,10.821514
Iceland,ISL,1989,10.085541
Iceland,ISL,1990,9.355798
Iceland,ISL,1991,9.430022
Iceland,ISL,1992,9.121863
Iceland,ISL,1993,8.920078
Iceland,ISL,1994,7.9082775
Iceland,ISL,1995,7.2859197
Iceland,ISL,1996,7.036923
Iceland,ISL,1997,7.1372156
Iceland,ISL,1998,6.433801
Iceland,ISL,1999,5.7613983
Iceland,ISL,2000,7.1925
Iceland,ISL,2001,8.348898
Iceland,ISL,2002,7.9531236
Iceland,ISL,2003,7.8003287
Iceland,ISL,2004,7.7519064
Iceland,ISL,2005,8.634303
Iceland,ISL,2006,8.13211
Iceland,ISL,2007,8.494459
Iceland,ISL,2008,8.155166
Iceland,ISL,2009,8.219095
Iceland,ISL,2010,7.779927
Iceland,ISL,2011,9.320029
Iceland,ISL,2012,7.5497413
Iceland,ISL,2013,9.279971
Iceland,ISL,2014,10.099785
Iceland,ISL,2015,9.949639
Iceland,ISL,2016,11.189966
Iceland,ISL,2017,12.059754
Iceland,ISL,2018,12.6296425
Iceland,ISL,2019,12.719684
Iceland,ISL,2020,10.459543
Iceland,ISL,2021,10.519803
Iceland,ISL,2022,9.589798
Iceland,ISL,2023,9.940025
India,IND,1961,0.3183735
India,IND,1962,0.34794
India,IND,1963,0.34688327
India,IND,1964,0.33576873
India,IND,1965,0.3657377
India,IND,1966,0.36569092
India,IND,1967,0.40634522
India,IND,1968,0.41662323
India,IND,1969,0.44750264
India,IND,1970,0.45769617
India,IND,1971,0.4781761
India,IND,1972,0.5294039
India,IND,1973,0.60084754
India,IND,1974,0.6008323
India,IND,1975,0.66161376
India,IND,1976,0.69197553
India,IND,1977,0.7223362
India,IND,1978,0.71239465
India,IND,1979,0.6818568
India,IND,1980,0.74233246
India,IND,1981,0.74183524
India,IND,1982,0.7615892
India,IND,1983,0.84194654
India,IND,1984,0.92190254
India,IND,1985,1.0117637
India,IND,1986,1.0609583
India,IND,1987,1.0596023
India,IND,1988,1.0985518
India,IND,1989,1.1471893
India,IND,1990,1.1451647
India,IND,1991,1.1631776
India,IND,1992,1.191045
India,IND,1993,1.2286522
India,IND,1994,1.2962556
India,IND,1995,1.3237717
India,IND,1996,1.3211343
India,IND,1997,1.3481935
India,IND,1998,1.3652091
India,IND,1999,1.3821858
India,IND,2000,1.6452785
India,IND,2001,1.7004724
India,IND,2002,1.7068766
India,IND,2003,1.664965
India,IND,2004,1.8282448
India,IND,2005,1.8449345
India,IND,2006,1.9982817
India,IND,2007,2.0443003
India,IND,2008,2.0907845
India,IND,2009,2.1850317
India,IND,2010,2.2999997
India,IND,2011,2.33
India,IND,2012,2.42
India,IND,2013,2.52
India,IND,2014,2.6600003
India,IND,2015,2.75
India,IND,2016,2.89
India,IND,2017,3.04
India,IND,2018,3.2599998
India,IND,2019,3.8999999
India,IND,2020,4.16
India,IND,2021,4.4
India,IND,2022,4.64
India,IND,2023,4.72
Indonesia,IDN,1961,0.45034072
Indonesia,IDN,1962,0.45864603
Indonesia,IDN,1963,0.45698082
Indonesia,IDN,1964,0.45532358
Indonesia,IDN,1965,0.43550676
Indonesia,IDN,1966,0.4065722
Indonesia,IDN,1967,0.40645754
Indonesia,IDN,1968,0.43563414
Indonesia,IDN,1969,0.51385504
Indonesia,IDN,1970,0.5029866
Indonesia,IDN,1971,0.5513399
Indonesia,IDN,1972,0.52102834
Indonesia,IDN,1973,0.569415
Indonesia,IDN,1974,0.60806805
Indonesia,IDN,1975,0.6762158
Indonesia,IDN,1976,0.68555886
Indonesia,IDN,1977,0.7634886
Indonesia,IDN,1978,0.8510304
Indonesia,IDN,1979,0.88948405
Indonesia,IDN,1980,1.4554231
Indonesia,IDN,1981,1.5132737
Indonesia,IDN,1982,1.6003678
Indonesia,IDN,1983,1.6286464
Indonesia,IDN,1984,1.8126814
Indonesia,IDN,1985,1.8410753
Indonesia,IDN,1986,2.1138542
Indonesia,IDN,1987,2.1238117
Indonesia,IDN,1988,2.0357563
Indonesia,IDN,1989,2.0544913
Indonesia,IDN,1990,2.1221669
Indonesia,IDN,1991,2.1898615
Indonesia,IDN,1992,2.4228282
Indonesia,IDN,1993,2.3635488
Indonesia,IDN,1994,2.8090615
Indonesia,IDN,1995,2.9618812
Indonesia,IDN,1996,3.0941396
Indonesia,IDN,1997,2.9832752
Indonesia,IDN,1998,2.002563
Indonesia,IDN,1999,2.5041833
Indonesia,IDN,2000,2.9879124
Indonesia,IDN,2001,3.1442678
Indonesia,IDN,2002,3.466348
Indonesia,IDN,2003,3.4992847
Indonesia,IDN,2004,4.0098176
Indonesia,IDN,2005,3.7239835
Indonesia,IDN,2006,4.263145
Indonesia,IDN,2007,4.88131
Indonesia,IDN,2008,4.5354743
Indonesia,IDN,2009,4.3744
Indonesia,IDN,2010,4.3499994
Indonesia,IDN,2011,4.03
Indonesia,IDN,2012,4.39
Indonesia,IDN,2013,4.58
Indonesia,IDN,2014,4.68
Indonesia,IDN,2015,5.03
Indonesia,IDN,2016,5.3599997
Indonesia,IDN,2017,15.02
Indonesia,IDN,2018,15.05
Indonesia,IDN,2019,14.8
Indonesia,IDN,2020,16.96
Indonesia,IDN,2021,18.23
Indonesia,IDN,2022,19.29
Indonesia,IDN,2023,20.87
Iran,IRN,1961,2.4241319
Iran,IRN,1962,2.4034688
Iran,IRN,1963,2.3319018
Iran,IRN,1964,2.270259
Iran,IRN,1965,2.5186934
Iran,IRN,1966,2.5568388
Iran,IRN,1967,3.3998032
Iran,IRN,1968,3.488265
Iran,IRN,1969,3.6348615
Iran,IRN,1970,3.739657
Iran,IRN,1971,3.884454
Iran,IRN,1972,4.353671
Iran,IRN,1973,4.8330655
Iran,IRN,1974,5.265093
Iran,IRN,1975,5.24251
Iran,IRN,1976,5.7511635
Iran,IRN,1977,6.1349874
Iran,IRN,1978,5.7483096
Iran,IRN,1979,4.0366797
Iran,IRN,1980,4.236264
Iran,IRN,1981,4.4495316
Iran,IRN,1982,4.146084
Iran,IRN,1983,4.5635014
Iran,IRN,1984,4.672889
Iran,IRN,1985,4.3522654
Iran,IRN,1986,4.0170894
Iran,IRN,1987,4.027494
Iran,IRN,1988,3.8772848
Iran,IRN,1989,4.446976
Iran,IRN,1990,4.3154798
Iran,IRN,1991,4.8670225
Iran,IRN,1992,5.5271835
Iran,IRN,1993,6.3012958
Iran,IRN,1994,6.992296
Iran,IRN,1995,6.3767614
Iran,IRN,1996,7.191419
Iran,IRN,1997,6.299543
Iran,IRN,1998,6.4779625
Iran,IRN,1999,7.3138757
Iran,IRN,2000,6.6785603
Iran,IRN,2001,6.611262
Iran,IRN,2002,6.2437887
Iran,IRN,2003,6.917158
Iran,IRN,2004,7.372785
Iran,IRN,2005,8.594611
Iran,IRN,2006,6.8566303
Iran,IRN,2007,7.267275
Iran,IRN,2008,7.4186883
Iran,IRN,2009,7.069793
Iran,IRN,2010,8.959999
Iran,IRN,2011,8.64
Iran,IRN,2012,10.709999
Iran,IRN,2013,10.35
Iran,IRN,2014,9.16
Iran,IRN,2015,8.579999
Iran,IRN,2016,8.81
Iran,IRN,2017,7.229999
Iran,IRN,2018,7.89
Iran,IRN,2019,9.78
Iran,IRN,2020,8.389999
Iran,IRN,2021,8.81
Iran,IRN,2022,8.86
Iran,IRN,2023,8.47
Iraq,IRQ,1961,1.2987242
Iraq,IRQ,1962,1.3249102
Iraq,IRQ,1963,1.3374792
Iraq,IRQ,1964,1.4442166
Iraq,IRQ,1965,1.6339141
Iraq,IRQ,1966,2.1410582
Iraq,IRQ,1967,1.9465783
Iraq,IRQ,1968,2.2528095
Iraq,IRQ,1969,2.2019544
Iraq,IRQ,1970,2.2819645
Iraq,IRQ,1971,2.727384
Iraq,IRQ,1972,3.0285225
Iraq,IRQ,1973,2.4649172
Iraq,IRQ,1974,1.9853132
Iraq,IRQ,1975,3.9882472
Iraq,IRQ,1976,2.7115345
Iraq,IRQ,1977,3.6177273
Iraq,IRQ,1978,4.5678806
Iraq,IRQ,1979,4.167545
Iraq,IRQ,1980,4.379569
Iraq,IRQ,1981,4.983704
Iraq,IRQ,1982,5.511422
Iraq,IRQ,1983,5.07399
Iraq,IRQ,1984,6.146446
Iraq,IRQ,1985,5.978763
Iraq,IRQ,1986,5.513945
Iraq,IRQ,1987,5.180391
Iraq,IRQ,1988,4.2498894
Iraq,IRQ,1989,4.3952055
Iraq,IRQ,1990,3.9955835
Iraq,IRQ,1991,1.3278977
Iraq,IRQ,1992,1.3681579
Iraq,IRQ,1993,1.3346128
Iraq,IRQ,1994,1.2834733
Iraq,IRQ,1995,0.92888606
Iraq,IRQ,1996,0.93837583
Iraq,IRQ,1997,0.5086838
Iraq,IRQ,1998,0.039130583
Iraq,IRQ,1999,1.2602268
Iraq,IRQ,2000,1.3740307
Iraq,IRQ,2001,1.7221749
Iraq,IRQ,2002,1.8050324
Iraq,IRQ,2003,1.772466
Iraq,IRQ,2004,1.8570712
Iraq,IRQ,2005,1.6479716
Iraq,IRQ,2006,2.0594537
Iraq,IRQ,2007,3.2596262
Iraq,IRQ,2008,5.475388
Iraq,IRQ,2009,6.813672
Iraq,IRQ,2010,7.6165504
Iraq,IRQ,2011,7.1104946
Iraq,IRQ,2012,8.851664
Iraq,IRQ,2013,9.5549965
Iraq,IRQ,2014,9.615036
Iraq,IRQ,2015,6.793138
Iraq,IRQ,2016,8.079718
Iraq,IRQ,2017,9.503532
Iraq,IRQ,2018,9.04894
Iraq,IRQ,2019,4.348638
Iraq,IRQ,2020,2.2300706
Iraq,IRQ,2021,3.6881945
Iraq,IRQ,2022,1.852674
Iraq,IRQ,2023,2.1442986
Ireland,IRL,1961,13.916258
Ireland,IRL,1962,13.787041
Ireland,IRL,1963,13.659023
Ireland,IRL,1964,13.397941
Ireland,IRL,1965,13.328544
Ireland,IRL,1966,13.181397
Ireland,IRL,1967,12.53657
Ireland,IRL,1968,11.928127
Ireland,IRL,1969,11.681066
Ireland,IRL,1970,11.616264
Ireland,IRL,1971,11.138134
Ireland,IRL,1972,10.686495
Ireland,IRL,1973,11.432091
Ireland,IRL,1974,11.136478
Ireland,IRL,1975,11.724291
Ireland,IRL,1976,10.538271
Ireland,IRL,1977,10.139278
Ireland,IRL,1978,9.641035
Ireland,IRL,1979,9.7163105
Ireland,IRL,1980,10.498477
Ireland,IRL,1981,13.906815
Ireland,IRL,1982,12.04237
Ireland,IRL,1983,12.129012
Ireland,IRL,1984,11.58317
Ireland,IRL,1985,11.298712
Ireland,IRL,1986,10.448556
Ireland,IRL,1987,9.211193
Ireland,IRL,1988,8.639338
Ireland,IRL,1989,8.1034565
Ireland,IRL,1990,7.9683294
Ireland,IRL,1991,9.5801325
Ireland,IRL,1992,8.706897
Ireland,IRL,1993,8.156857
Ireland,IRL,1994,7.613289
Ireland,IRL,1995,7.630645
Ireland,IRL,1996,8.878763
Ireland,IRL,1997,8.184899
Ireland,IRL,1998,7.1521378
Ireland,IRL,1999,6.8564577
Ireland,IRL,2000,7.362731
Ireland,IRL,2001,7.856135
Ireland,IRL,2002,7.3541236
Ireland,IRL,2003,6.740358
Ireland,IRL,2004,6.6122584
Ireland,IRL,2005,7.0446033
Ireland,IRL,2006,7.6327424
Ireland,IRL,2007,7.071062
Ireland,IRL,2008,8.44014
Ireland,IRL,2009,8.277718
Ireland,IRL,2010,10.72999
Ireland,IRL,2011,10.769994
Ireland,IRL,2012,10.759988
Ireland,IRL,2013,11.02001
Ireland,IRL,2014,11.61001
Ireland,IRL,2015,11.269984
Ireland,IRL,2016,11.339986
Ireland,IRL,2017,12.100005
Ireland,IRL,2018,11.260003
Ireland,IRL,2019,12.269994
Ireland,IRL,2020,12.360019
Ireland,IRL,2021,10.410005
Ireland,IRL,2022,13.140014
Ireland,IRL,2023,13.370002
Israel,ISR,1961,19.274881
Israel,ISR,1962,21.165026
Israel,ISR,1963,21.264206
Israel,ISR,1964,21.574667
Israel,ISR,1965,22.995882
Israel,ISR,1966,22.364695
Israel,ISR,1967,22.426565
Israel,ISR,1968,20.208462
Israel,ISR,1969,21.551859
Israel,ISR,1970,21.468718
Israel,ISR,1971,22.175694
Israel,ISR,1972,20.976093
Israel,ISR,1973,20.797348
Israel,ISR,1974,21.350086
Israel,ISR,1975,22.115341
Israel,ISR,1976,21.758732
Israel,ISR,1977,21.197395
Israel,ISR,1978,21.945139
Israel,ISR,1979,21.738377
Israel,ISR,1980,20.135458
Israel,ISR,1981,18.702589
Israel,ISR,1982,20.861935
Israel,ISR,1983,21.058655
Israel,ISR,1984,22.88892
Israel,ISR,1985,22.248152
Israel,ISR,1986,19.585749
Israel,ISR,1987,18.378998
Israel,ISR,1988,20.203142
Israel,ISR,1989,19.686684
Israel,ISR,1990,17.877234
Israel,ISR,1991,17.276789
Israel,ISR,1992,17.570835
Israel,ISR,1993,15.04807
Israel,ISR,1994,15.254334
Israel,ISR,1995,13.213661
Israel,ISR,1996,12.61882
Israel,ISR,1997,11.576122
Israel,ISR,1998,11.428166
Israel,ISR,1999,11.779862
Israel,ISR,2000,9.673661
Israel,ISR,2001,9.381088
Israel,ISR,2002,9.249527
Israel,ISR,2003,8.611367
Israel,ISR,2004,9.445213
Israel,ISR,2005,9.108678
Israel,ISR,2006,9.095576
Israel,ISR,2007,9.05758
Israel,ISR,2008,8.870428
Israel,ISR,2009,9.670274
Israel,ISR,2010,9.329993
Israel,ISR,2011,10.459996
Israel,ISR,2012,10.209998
Israel,ISR,2013,10.440014
Israel,ISR,2014,11.11001
Israel,ISR,2015,11.539991
Israel,ISR,2016,11.550006
Israel,ISR,2017,11.620006
Israel,ISR,2018,13.650005
Israel,ISR,2019,11.080005
Israel,ISR,2020,11.52
Israel,ISR,2021,12.129993
Israel,ISR,2022,12.280009
Israel,ISR,2023,12.499998
Italy,ITA,1961,9.059219
Italy,ITA,1962,9.444174
Italy,ITA,1963,9.524485
Italy,ITA,1964,9.696727
Italy,ITA,1965,9.744747
Italy,ITA,1966,9.714994
Italy,ITA,1967,9.357896
Italy,ITA,1968,9.456951
Italy,ITA,1969,10.199364
Italy,ITA,1970,11.036293
Italy,ITA,1971,10.688448
Italy,ITA,1972,11.091321
Italy,ITA,1973,11.487347
Italy,ITA,1974,11.681446
Italy,ITA,1975,11.754843
Italy,ITA,1976,11.75251
Italy,ITA,1977,11.501898
Italy,ITA,1978,11.900828
Italy,ITA,1979,11.602118
Italy,ITA,1980,11.361384
Italy,ITA,1981,11.425129
Italy,ITA,1982,11.467552
Italy,ITA,1983,11.61045
Italy,ITA,1984,11.739019
Italy,ITA,1985,11.602935
Italy,ITA,1986,11.276704
Italy,ITA,1987,11.865608
Italy,ITA,1988,12.217479
Italy,ITA,1989,12.426596
Italy,ITA,1990,11.559431
Italy,ITA,1991,12.601152
Italy,ITA,1992,12.449454
Italy,ITA,1993,12.170034
Italy,ITA,1994,11.855071
Italy,ITA,1995,11.928633
Italy,ITA,1996,12.600185
Italy,ITA,1997,12.712452
Italy,ITA,1998,12.450024
Italy,ITA,1999,12.201096
Italy,ITA,2000,12.477335
Italy,ITA,2001,11.997817
Italy,ITA,2002,11.836542
Italy,ITA,2003,11.635798
Italy,ITA,2004,11.818309
Italy,ITA,2005,11.660269
Italy,ITA,2006,10.909752
Italy,ITA,2007,11.653913
Italy,ITA,2008,11.881978
Italy,ITA,2009,12.756937
Italy,ITA,2010,11.59
Italy,ITA,2011,11.749999
Italy,ITA,2012,12.259998
Italy,ITA,2013,13.420002
Italy,ITA,2014,11.880001
Italy,ITA,2015,11.380001
Italy,ITA,2016,11.690001
Italy,ITA,2017,11.690001
Italy,ITA,2018,11.810001
Italy,ITA,2019,11.350001
Italy,ITA,2020,11.570001
Italy,ITA,2021,11.23
Italy,ITA,2022,13.770001
Italy,ITA,2023,13.139999
Jamaica,JAM,1961,2.1819112
Jamaica,JAM,1962,2.4537888
Jamaica,JAM,1963,2.4001675
Jamaica,JAM,1964,2.3357646
Jamaica,JAM,1965,2.536731
Jamaica,JAM,1966,3.752161
Jamaica,JAM,1967,5.0053897
Jamaica,JAM,1968,5.2717657
Jamaica,JAM,1969,5.7981586
Jamaica,JAM,1970,5.811422
Jamaica,JAM,1971,6.095137
Jamaica,JAM,1972,4.8235826
Jamaica,JAM,1973,5.183495
Jamaica,JAM,1974,5.600511
Jamaica,JAM,1975,6.128723
Jamaica,JAM,1976,6.213833
Jamaica,JAM,1977,6.3838577
Jamaica,JAM,1978,6.496767
Jamaica,JAM,1979,6.594599
Jamaica,JAM,1980,6.726897
Jamaica,JAM,1981,6.9317513
Jamaica,JAM,1982,7.0475225
Jamaica,JAM,1983,7.567327
Jamaica,JAM,1984,7.2874546
Jamaica,JAM,1985,5.745867
Jamaica,JAM,1986,6.5036864
Jamaica,JAM,1987,7.7772837
Jamaica,JAM,1988,7.5577826
Jamaica,JAM,1989,2.5503287
Jamaica,JAM,1990,2.5638688
Jamaica,JAM,1991,2.280962
Jamaica,JAM,1992,1.9689091
Jamaica,JAM,1993,1.9846379
Jamaica,JAM,1994,2.1686919
Jamaica,JAM,1995,2.2452075
Jamaica,JAM,1996,2.3231013
Jamaica,JAM,1997,2.176299
Jamaica,JAM,1998,2.5046735
Jamaica,JAM,1999,2.2331257
Jamaica,JAM,2000,1.623758
Jamaica,JAM,2001,2.6204748
Jamaica,JAM,2002,2.0394557
Jamaica,JAM,2003,2.1720986
Jamaica,JAM,2004,2.4542675
Jamaica,JAM,2005,2.2457547
Jamaica,JAM,2006,2.9046423
Jamaica,JAM,2007,1.8659979
Jamaica,JAM,2008,1.8953762
Jamaica,JAM,2009,2.114577
Jamaica,JAM,2010,1.939998
Jamaica,JAM,2011,2.0899975
Jamaica,JAM,2012,2.1699984
Jamaica,JAM,2013,1.9100006
Jamaica,JAM,2014,1.8399961
Jamaica,JAM,2015,1.9099959
Jamaica,JAM,2016,1.4899952
Jamaica,JAM,2017,2.5799954
Jamaica,JAM,2018,2.819997
Jamaica,JAM,2019,2.899995
Jamaica,JAM,2020,2.859995
Jamaica,JAM,2021,3.15
Jamaica,JAM,2022,3.4999876
Jamaica,JAM,2023,3.5300062
Japan,JPN,1961,8.777043
Japan,JPN,1962,9.5440035
Japan,JPN,1963,9.911741
Japan,JPN,1964,11.72687
Japan,JPN,1965,12.626408
Japan,JPN,1966,11.494067
Japan,JPN,1967,12.453522
Japan,JPN,1968,13.5346365
Japan,JPN,1969,14.978715
Japan,JPN,1970,16.074335
Japan,JPN,1971,16.17779
Japan,JPN,1972,16.055166
Japan,JPN,1973,15.917599
Japan,JPN,1974,15.484382
Japan,JPN,1975,15.439397
Japan,JPN,1976,15.737323
Japan,JPN,1977,15.95631
Japan,JPN,1978,16.338726
Japan,JPN,1979,16.321117
Japan,JPN,1980,16.20787
Japan,JPN,1981,16.120277
Japan,JPN,1982,16.45167
Japan,JPN,1983,16.545044
Japan,JPN,1984,16.809904
Japan,JPN,1985,16.931026
Japan,JPN,1986,17.600899
Japan,JPN,1987,18.548752
Japan,JPN,1988,18.699244
Japan,JPN,1989,18.837381
Japan,JPN,1990,18.783188
Japan,JPN,1991,19.441942
Japan,JPN,1992,19.855968
Japan,JPN,1993,20.028723
Japan,JPN,1994,19.771235
Japan,JPN,1995,19.612566
Japan,JPN,1996,19.703644
Japan,JPN,1997,19.718111
Japan,JPN,1998,19.36182
Japan,JPN,1999,19.356293
Japan,JPN,2000,19.328163
Japan,JPN,2001,19.184137
Japan,JPN,2002,19.241682
Japan,JPN,2003,19.17612
Japan,JPN,2004,18.874746
Japan,JPN,2005,19.020048
Japan,JPN,2006,18.832424
Japan,JPN,2007,19.491535
Japan,JPN,2008,19.243494
Japan,JPN,2009,18.845774
Japan,JPN,2010,18.948189
Japan,JPN,2011,18.766928
Japan,JPN,2012,18.928957
Japan,JPN,2013,19.063322
Japan,JPN,2014,18.938536
Japan,JPN,2015,19.116255
Japan,JPN,2016,19.444569
Japan,JPN,2017,19.677513
Japan,JPN,2018,19.886427
Japan,JPN,2019,19.955994
Japan,JPN,2020,19.881767
Japan,JPN,2021,19.59227
Japan,JPN,2022,19.753323
Jordan,JOR,1961,4.1100316
Jordan,JOR,1962,4.3691764
Jordan,JOR,1963,4.565511
Jordan,JOR,1964,5.238692
Jordan,JOR,1965,6.3886356
Jordan,JOR,1966,6.4601893
Jordan,JOR,1967,4.918273
Jordan,JOR,1968,5.5045
Jordan,JOR,1969,5.3589807
Jordan,JOR,1970,5.6781936
Jordan,JOR,1971,4.008515
Jordan,JOR,1972,5.5060825
Jordan,JOR,1973,4.7005563
Jordan,JOR,1974,3.2950358
Jordan,JOR,1975,5.2053676
Jordan,JOR,1976,5.1647115
Jordan,JOR,1977,5.294739
Jordan,JOR,1978,6.9141593
Jordan,JOR,1979,6.379143
Jordan,JOR,1980,6.9016275
Jordan,JOR,1981,6.257031
Jordan,JOR,1982,6.190653
Jordan,JOR,1983,6.2268186
Jordan,JOR,1984,6.463872
Jordan,JOR,1985,7.160758
Jordan,JOR,1986,6.838595
Jordan,JOR,1987,3.9138558
Jordan,JOR,1988,3.6641304
Jordan,JOR,1989,3.908697
Jordan,JOR,1990,6.3972235
Jordan,JOR,1991,8.160128
Jordan,JOR,1992,8.333497
Jordan,JOR,1993,9.31676
Jordan,JOR,1994,8.952019
Jordan,JOR,1995,6.736226
Jordan,JOR,1996,6.840698
Jordan,JOR,1997,7.5411325
Jordan,JOR,1998,7.451869
Jordan,JOR,1999,6.590151
Jordan,JOR,2000,5.999738
Jordan,JOR,2001,5.5217953
Jordan,JOR,2002,5.35167
Jordan,JOR,2003,4.860883
Jordan,JOR,2004,5.254691
Jordan,JOR,2005,4.405225
Jordan,JOR,2006,4.594994
Jordan,JOR,2007,3.5788896
Jordan,JOR,2008,4.5411506
Jordan,JOR,2009,3.4618902
Jordan,JOR,2010,6.569995
Jordan,JOR,2011,5.0799923
Jordan,JOR,2012,4.459998
Jordan,JOR,2013,4.219999
Jordan,JOR,2014,4.969997
Jordan,JOR,2015,4.02
Jordan,JOR,2016,3.5100005
Jordan,JOR,2017,3.020001
Jordan,JOR,2018,5.73
Jordan,JOR,2019,5.519998
Jordan,JOR,2020,4.6699996
Jordan,JOR,2021,3.5400014
Jordan,JOR,2022,4.2899966
Jordan,JOR,2023,4.579996
Kazakhstan,KAZ,1992,9.243719
Kazakhstan,KAZ,1993,8.594617
Kazakhstan,KAZ,1994,6.5984287
Kazakhstan,KAZ,1995,4.6471896
Kazakhstan,KAZ,1996,3.1088858
Kazakhstan,KAZ,1997,3.1877296
Kazakhstan,KAZ,1998,3.6746697
Kazakhstan,KAZ,1999,4.0176563
Kazakhstan,KAZ,2000,4.8050346
Kazakhstan,KAZ,2001,4.3839035
Kazakhstan,KAZ,2002,4.950085
Kazakhstan,KAZ,2003,5.422549
Kazakhstan,KAZ,2004,5.6598806
Kazakhstan,KAZ,2005,6.028197
Kazakhstan,KAZ,2006,6.108305
Kazakhstan,KAZ,2007,6.9322295
Kazakhstan,KAZ,2008,7.780907
Kazakhstan,KAZ,2009,8.241518
Kazakhstan,KAZ,2010,11.350002
Kazakhstan,KAZ,2011,11.250003
Kazakhstan,KAZ,2012,10.469996
Kazakhstan,KAZ,2013,10.819999
Kazakhstan,KAZ,2014,11.499996
Kazakhstan,KAZ,2015,12.339996
Kazakhstan,KAZ,2016,12.26
Kazakhstan,KAZ,2017,12.339999
Kazakhstan,KAZ,2018,11.3600025
Kazakhstan,KAZ,2019,11.590003
Kazakhstan,KAZ,2020,11.060002
Kazakhstan,KAZ,2021,10.629996
Kazakhstan,KAZ,2022,9.649999
Kazakhstan,KAZ,2023,9.709995
Kenya,KEN,1961,0.8897166
Kenya,KEN,1962,0.89416337
Kenya,KEN,1963,0.88791203
Kenya,KEN,1964,0.88170344
Kenya,KEN,1965,0.88555104
Kenya,KEN,1966,0.7176842
Kenya,KEN,1967,0.71301514
Kenya,KEN,1968,0.7088641
Kenya,KEN,1969,0.8245603
Kenya,KEN,1970,0.78188336
Kenya,KEN,1971,0.8306012
Kenya,KEN,1972,0.8612286
Kenya,KEN,1973,0.892532
Kenya,KEN,1974,0.9148561
Kenya,KEN,1975,0.938214
Kenya,KEN,1976,1.0027498
Kenya,KEN,1977,0.9866681
Kenya,KEN,1978,0.97960466
Kenya,KEN,1979,0.9521801
Kenya,KEN,1980,0.9444875
Kenya,KEN,1981,0.9569575
Kenya,KEN,1982,1.3879666
Kenya,KEN,1983,1.901129
Kenya,KEN,1984,1.3709104
Kenya,KEN,1985,1.6893753
Kenya,KEN,1986,1.5574512
Kenya,KEN,1987,1.5174671
Kenya,KEN,1988,1.4764634
Kenya,KEN,1989,1.4449697
Kenya,KEN,1990,1.5567403
Kenya,KEN,1991,1.4247102
Kenya,KEN,1992,1.4273138
Kenya,KEN,1993,1.2756346
Kenya,KEN,1994,1.4421164
Kenya,KEN,1995,1.5563327
Kenya,KEN,1996,1.5667931
Kenya,KEN,1997,1.7921495
Kenya,KEN,1998,1.7273349
Kenya,KEN,1999,1.6811242
Kenya,KEN,2000,1.6539463
Kenya,KEN,2001,1.4326011
Kenya,KEN,2002,1.2642198
Kenya,KEN,2003,1.4105155
Kenya,KEN,2004,1.4450421
Kenya,KEN,2005,1.3396076
Kenya,KEN,2006,1.4940246
Kenya,KEN,2007,1.4987115
Kenya,KEN,2008,1.621873
Kenya,KEN,2009,1.6655805
Kenya,KEN,2010,1.84
Kenya,KEN,2011,1.5999998
Kenya,KEN,2012,1.5799998
Kenya,KEN,2013,1.5099999
Kenya,KEN,2014,1.31
Kenya,KEN,2015,1.3900001
Kenya,KEN,2016,1.5400002
Kenya,KEN,2017,1.3600004
Kenya,KEN,2018,1.53
Kenya,KEN,2019,1.61
Kenya,KEN,2020,1.76
Kenya,KEN,2021,1.4100001
Kenya,KEN,2022,1.1300001
Kenya,KEN,2023,1.2499999
Kiribati,KIR,1961,1.2025565
Kiribati,KIR,1962,1.1722691
Kiribati,KIR,1963,1.1831851
Kiribati,KIR,1964,1.1929528
Kiribati,KIR,1965,1.1943425
Kiribati,KIR,1966,1.2104906
Kiribati,KIR,1967,1.2214628
Kiribati,KIR,1968,1.2400756
Kiribati,KIR,1969,1.258425
Kiribati,KIR,1970,1.2695985
Kiribati,KIR,1971,1.2808495
Kiribati,KIR,1972,1.2693156
Kiribati,KIR,1973,1.6145892
Kiribati,KIR,1974,1.6502001
Kiribati,KIR,1975,1.4397404
Kiribati,KIR,1976,1.9944631
Kiribati,KIR,1977,1.6242846
Kiribati,KIR,1978,1.4850196
Kiribati,KIR,1979,1.7258108
Kiribati,KIR,1980,1.6544058
Kiribati,KIR,1981,1.5140737
Kiribati,KIR,1982,1.6428595
Kiribati,KIR,1983,1.5719116
Kiribati,KIR,1984,1.5633383
Kiribati,KIR,1985,1.4169297
Kiribati,KIR,1986,1.438329
Kiribati,KIR,1987,1.3720627
Kiribati,KIR,1988,1.3324935
Kiribati,KIR,1989,1.282598
Kiribati,KIR,1990,1.2991506
Kiribati,KIR,1991,1.2536494
Kiribati,KIR,1992,1.2784753
Kiribati,KIR,1993,1.3326062
Kiribati,KIR,1994,1.386928
Kiribati,KIR,1995,1.356291
Kiribati,KIR,1996,1.3214419
Kiribati,KIR,1997,1.2578273
Kiribati,KIR,1998,1.3353254
Kiribati,KIR,1999,1.2827781
Kiribati,KIR,2000,1.9665582
Kiribati,KIR,2001,1.9152186
Kiribati,KIR,2002,1.9291078
Kiribati,KIR,2003,1.8935332
Kiribati,KIR,2004,1.9356685
Kiribati,KIR,2005,2.2030702
Kiribati,KIR,2006,2.0694206
Kiribati,KIR,2007,2.1591675
Kiribati,KIR,2008,2.1235669
Kiribati,KIR,2009,2.163807
Kiribati,KIR,2010,2.319637
Kiribati,KIR,2011,2.2197995
Kiribati,KIR,2012,2.3197312
Kiribati,KIR,2013,1.559904
Kiribati,KIR,2014,1.5698776
Kiribati,KIR,2015,1.539789
Kiribati,KIR,2016,1.599892
Kiribati,KIR,2017,1.9397097
Kiribati,KIR,2018,2.4596577
Kiribati,KIR,2019,2.3998451
Kiribati,KIR,2020,2.369812
Kiribati,KIR,2021,3.8897882
Kiribati,KIR,2022,2.9297082
Kiribati,KIR,2023,3.4797375
Kuwait,KWT,1961,1.3984559
Kuwait,KWT,1962,1.2703731
Kuwait,KWT,1963,5.0909276
Kuwait,KWT,1964,5.5660276
Kuwait,KWT,1965,6.74197
Kuwait,KWT,1966,6.0245514
Kuwait,KWT,1967,10.477214
Kuwait,KWT,1968,8.418092
Kuwait,KWT,1969,8.158061
Kuwait,KWT,1970,9.176659
Kuwait,KWT,1971,9.106683
Kuwait,KWT,1972,9.994882
Kuwait,KWT,1973,8.780125
Kuwait,KWT,1974,8.611129
Kuwait,KWT,1975,9.484382
Kuwait,KWT,1976,10.490593
Kuwait,KWT,1977,10.320708
Kuwait,KWT,1978,9.328946
Kuwait,KWT,1979,11.139012
Kuwait,KWT,1980,13.0286045
Kuwait,KWT,1981,13.095637
Kuwait,KWT,1982,12.817516
Kuwait,KWT,1983,11.637251
Kuwait,KWT,1984,14.409356
Kuwait,KWT,1985,11.927539
Kuwait,KWT,1986,14.954566
Kuwait,KWT,1987,10.8765335
Kuwait,KWT,1988,10.182099
Kuwait,KWT,1989,9.675342
Kuwait,KWT,1990,7.641707
Kuwait,KWT,1991,2.515904
Kuwait,KWT,1992,10.045517
Kuwait,KWT,1993,11.097905
Kuwait,KWT,1994,10.57495
Kuwait,KWT,1995,12.233244
Kuwait,KWT,1996,11.4689455
Kuwait,KWT,1997,11.750481
Kuwait,KWT,1998,10.550624
Kuwait,KWT,1999,11.290529
Kuwait,KWT,2000,13.241575
Kuwait,KWT,2001,12.923038
Kuwait,KWT,2002,8.172184
Kuwait,KWT,2003,11.844223
Kuwait,KWT,2004,14.841352
Kuwait,KWT,2005,15.509928
Kuwait,KWT,2006,15.331489
Kuwait,KWT,2007,19.82555
Kuwait,KWT,2008,13.207168
Kuwait,KWT,2009,11.163521
Kuwait,KWT,2010,12.439983
Kuwait,KWT,2011,10.749983
Kuwait,KWT,2012,12.120018
Kuwait,KWT,2013,11.559984
Kuwait,KWT,2014,15.220004
Kuwait,KWT,2015,14.079945
Kuwait,KWT,2016,16.299974
Kuwait,KWT,2017,17.749975
Kuwait,KWT,2018,14.650003
Kuwait,KWT,2019,14.2399645
Kuwait,KWT,2020,15.14998
Kuwait,KWT,2021,20.769964
Kuwait,KWT,2022,14.509987
Kuwait,KWT,2023,14.029996
Kyrgyzstan,KGZ,1992,6.976255
Kyrgyzstan,KGZ,1993,4.412698
Kyrgyzstan,KGZ,1994,2.5112998
Kyrgyzstan,KGZ,1995,1.6950973
Kyrgyzstan,KGZ,1996,1.8507867
Kyrgyzstan,KGZ,1997,2.02346
Kyrgyzstan,KGZ,1998,2.4966338
Kyrgyzstan,KGZ,1999,2.4748435
Kyrgyzstan,KGZ,2000,2.642588
Kyrgyzstan,KGZ,2001,2.576629
Kyrgyzstan,KGZ,2002,2.7184627
Kyrgyzstan,KGZ,2003,2.9319525
Kyrgyzstan,KGZ,2004,3.1350374
Kyrgyzstan,KGZ,2005,3.2387433
Kyrgyzstan,KGZ,2006,3.511495
Kyrgyzstan,KGZ,2007,3.8456378
Kyrgyzstan,KGZ,2008,3.9396787
Kyrgyzstan,KGZ,2009,4.008725
Kyrgyzstan,KGZ,2010,3.9399977
Kyrgyzstan,KGZ,2011,4.1599946
Kyrgyzstan,KGZ,2012,4.0099998
Kyrgyzstan,KGZ,2013,4.059997
Kyrgyzstan,KGZ,2014,4.3999987
Kyrgyzstan,KGZ,2015,3.8600023
Kyrgyzstan,KGZ,2016,3.7
Kyrgyzstan,KGZ,2017,4.1200013
Kyrgyzstan,KGZ,2018,4.179998
Kyrgyzstan,KGZ,2019,4.649996
Kyrgyzstan,KGZ,2020,4.7999983
Kyrgyzstan,KGZ,2021,4.7799983
Kyrgyzstan,KGZ,2022,5.6099987
Kyrgyzstan,KGZ,2023,6.479997
Land Locked Developing Countries (FAO),,1961,0.91
Land Locked Developing Countries (FAO),,1962,0.92
Land Locked Developing Countries (FAO),,1963,0.93
Land Locked Developing Countries (FAO),,1964,0.95
Land Locked Developing Countries (FAO),,1965,0.98
Land Locked Developing Countries (FAO),,1966,1.01
Land Locked Developing Countries (FAO),,1967,1.04
Land Locked Developing Countries (FAO),,1968,1.05
Land Locked Developing Countries (FAO),,1969,1.11
Land Locked Developing Countries (FAO),,1970,1.1
Land Locked Developing Countries (FAO),,1971,1.1
Land Locked Developing Countries (FAO),,1972,1.14
Land Locked Developing Countries (FAO),,1973,1.12
Land Locked Developing Countries (FAO),,1974,1.2
Land Locked Developing Countries (FAO),,1975,1.29
Land Locked Developing Countries (FAO),,1976,1.34
Land Locked Developing Countries (FAO),,1977,1.28
Land Locked Developing Countries (FAO),,1978,1.29
Land Locked Developing Countries (FAO),,1979,1.31
Land Locked Developing Countries (FAO),,1980,1.4
Land Locked Developing Countries (FAO),,1981,1.33
Land Locked Developing Countries (FAO),,1982,1.34
Land Locked Developing Countries (FAO),,1983,1.34
Land Locked Developing Countries (FAO),,1984,1.32
Land Locked Developing Countries (FAO),,1985,1.29
Land Locked Developing Countries (FAO),,1986,1.3
Land Locked Developing Countries (FAO),,1987,1.29
Land Locked Developing Countries (FAO),,1988,1.33
Land Locked Developing Countries (FAO),,1989,1.41
Land Locked Developing Countries (FAO),,1990,1.53
Land Locked Developing Countries (FAO),,1991,1.56
Land Locked Developing Countries (FAO),,1992,3.03
Land Locked Developing Countries (FAO),,1993,2.27
Land Locked Developing Countries (FAO),,1994,2.06
Land Locked Developing Countries (FAO),,1995,1.85
Land Locked Developing Countries (FAO),,1996,1.71
Land Locked Developing Countries (FAO),,1997,1.74
Land Locked Developing Countries (FAO),,1998,1.69
Land Locked Developing Countries (FAO),,1999,1.78
Land Locked Developing Countries (FAO),,2000,1.79
Land Locked Developing Countries (FAO),,2001,1.88
Land Locked Developing Countries (FAO),,2002,1.91
Land Locked Developing Countries (FAO),,2003,2.04
Land Locked Developing Countries (FAO),,2004,2.11
Land Locked Developing Countries (FAO),,2005,2.17
Land Locked Developing Countries (FAO),,2006,2.15
Land Locked Developing Countries (FAO),,2007,2.28
Land Locked Developing Countries (FAO),,2008,2.36
Land Locked Developing Countries (FAO),,2009,2.44
Land Locked Developing Countries (FAO),,2010,2.43
Land Locked Developing Countries (FAO),,2011,2.45
Land Locked Developing Countries (FAO),,2012,2.39
Land Locked Developing Countries (FAO),,2013,2.46
Land Locked Developing Countries (FAO),,2014,2.62
Land Locked Developing Countries (FAO),,2015,2.54
Land Locked Developing Countries (FAO),,2016,2.59
Land Locked Developing Countries (FAO),,2017,2.71
Land Locked Developing Countries (FAO),,2018,2.65
Land Locked Developing Countries (FAO),,2019,2.65
Land Locked Developing Countries (FAO),,2020,2.77
Land Locked Developing Countries (FAO),,2021,2.51
Land Locked Developing Countries (FAO),,2022,2.75
Land Locked Developing Countries (FAO),,2023,2.79
Laos,LAO,1961,0.33987466
Laos,LAO,1962,0.3000111
Laos,LAO,1963,0.28011492
Laos,LAO,1964,0.22020571
Laos,LAO,1965,0.2104242
Laos,LAO,1966,0.19046205
Laos,LAO,1967,0.30075744
Laos,LAO,1968,0.30089763
Laos,LAO,1969,0.32123178
Laos,LAO,1970,0.5129222
Laos,LAO,1971,0.5246327
Laos,LAO,1972,0.5670644
Laos,LAO,1973,0.609285
Laos,LAO,1974,0.5992804
Laos,LAO,1975,0.94283396
Laos,LAO,1976,0.89845544
Laos,LAO,1977,0.88312453
Laos,LAO,1978,0.8576267
Laos,LAO,1979,0.8329229
Laos,LAO,1980,1.1157316
Laos,LAO,1981,1.0637556
Laos,LAO,1982,1.0326456
Laos,LAO,1983,0.99317056
Laos,LAO,1984,0.963609
Laos,LAO,1985,0.95392364
Laos,LAO,1986,0.92418474
Laos,LAO,1987,0.8651858
Laos,LAO,1988,0.87522537
Laos,LAO,1989,0.8263763
Laos,LAO,1990,0.7875769
Laos,LAO,1991,0.7784004
Laos,LAO,1992,0.7398594
Laos,LAO,1993,0.74054486
Laos,LAO,1994,0.92861986
Laos,LAO,1995,0.741113
Laos,LAO,1996,0.958718
Laos,LAO,1997,1.0783607
Laos,LAO,1998,1.2387408
Laos,LAO,1999,1.3887849
Laos,LAO,2000,1.6368719
Laos,LAO,2001,1.8624713
Laos,LAO,2002,1.9765142
Laos,LAO,2003,1.9229832
Laos,LAO,2004,1.912275
Laos,LAO,2005,1.9041777
Laos,LAO,2006,1.9675748
Laos,LAO,2007,1.896364
Laos,LAO,2008,2.0267072
Laos,LAO,2009,2.028528
Laos,LAO,2010,1.8999976
Laos,LAO,2011,1.9299994
Laos,LAO,2012,1.9599997
Laos,LAO,2013,1.9899985
Laos,LAO,2014,2.02
Laos,LAO,2015,1.8800008
Laos,LAO,2016,1.88
Laos,LAO,2017,1.72
Laos,LAO,2018,1.7900016
Laos,LAO,2019,1.8500013
Laos,LAO,2020,1.9299989
Laos,LAO,2021,1.9699994
Laos,LAO,2022,2.0600004
Laos,LAO,2023,1.8299974
Latvia,LVA,1992,11.782703
Latvia,LVA,1993,7.5953145
Latvia,LVA,1994,7.7014747
Latvia,LVA,1995,9.34771
Latvia,LVA,1996,10.520398
Latvia,LVA,1997,10.577693
Latvia,LVA,1998,9.789389
Latvia,LVA,1999,9.606759
Latvia,LVA,2000,9.730999
Latvia,LVA,2001,11.4426985
Latvia,LVA,2002,12.32
Latvia,LVA,2003,12.284722
Latvia,LVA,2004,12.695259
Latvia,LVA,2005,13.707481
Latvia,LVA,2006,15.336157
Latvia,LVA,2007,15.852923
Latvia,LVA,2008,15.835873
Latvia,LVA,2009,14.119149
Latvia,LVA,2010,13.919974
Latvia,LVA,2011,14.16
Latvia,LVA,2012,13.999938
Latvia,LVA,2013,14.290043
Latvia,LVA,2014,13.18998
Latvia,LVA,2015,12.929975
Latvia,LVA,2016,11.289983
Latvia,LVA,2017,11.849945
Latvia,LVA,2018,12.970027
Latvia,LVA,2019,13.749949
Latvia,LVA,2020,12.330007
Latvia,LVA,2021,12.36998
Latvia,LVA,2022,7.4000044
Latvia,LVA,2023,9.000005
Least Developed Countries (FAO),,1961,0.74
Least Developed Countries (FAO),,1962,0.76
Least Developed Countries (FAO),,1963,0.77
Least Developed Countries (FAO),,1964,0.79
Least Developed Countries (FAO),,1965,0.82
Least Developed Countries (FAO),,1966,0.85
Least Developed Countries (FAO),,1967,0.86
Least Developed Countries (FAO),,1968,0.87
Least Developed Countries (FAO),,1969,0.89
Least Developed Countries (FAO),,1970,0.9
Least Developed Countries (FAO),,1971,0.9
Least Developed Countries (FAO),,1972,0.9
Least Developed Countries (FAO),,1973,0.9
Least Developed Countries (FAO),,1974,0.91
Least Developed Countries (FAO),,1975,0.93
Least Developed Countries (FAO),,1976,0.96
Least Developed Countries (FAO),,1977,0.97
Least Developed Countries (FAO),,1978,1.02
Least Developed Countries (FAO),,1979,1.03
Least Developed Countries (FAO),,1980,0.99
Least Developed Countries (FAO),,1981,0.98
Least Developed Countries (FAO),,1982,0.99
Least Developed Countries (FAO),,1983,0.98
Least Developed Countries (FAO),,1984,0.95
Least Developed Countries (FAO),,1985,0.96
Least Developed Countries (FAO),,1986,0.96
Least Developed Countries (FAO),,1987,0.94
Least Developed Countries (FAO),,1988,0.95
Least Developed Countries (FAO),,1989,0.86
Least Developed Countries (FAO),,1990,0.93
Least Developed Countries (FAO),,1991,0.93
Least Developed Countries (FAO),,1992,0.93
Least Developed Countries (FAO),,1993,0.86
Least Developed Countries (FAO),,1994,0.86
Least Developed Countries (FAO),,1995,0.88
Least Developed Countries (FAO),,1996,0.94
Least Developed Countries (FAO),,1997,1.01
Least Developed Countries (FAO),,1998,1
Least Developed Countries (FAO),,1999,1
Least Developed Countries (FAO),,2000,1.03
Least Developed Countries (FAO),,2001,1.04
Least Developed Countries (FAO),,2002,1.07
Least Developed Countries (FAO),,2003,1.11
Least Developed Countries (FAO),,2004,1.14
Least Developed Countries (FAO),,2005,1.23
Least Developed Countries (FAO),,2006,1.24
Least Developed Countries (FAO),,2007,1.27
Least Developed Countries (FAO),,2008,1.35
Least Developed Countries (FAO),,2009,1.35
Least Developed Countries (FAO),,2010,1.36
Least Developed Countries (FAO),,2011,1.42
Least Developed Countries (FAO),,2012,1.49
Least Developed Countries (FAO),,2013,1.51
Least Developed Countries (FAO),,2014,1.67
Least Developed Countries (FAO),,2015,1.66
Least Developed Countries (FAO),,2016,1.71
Least Developed Countries (FAO),,2017,1.87
Least Developed Countries (FAO),,2018,1.84
Least Developed Countries (FAO),,2019,1.62
Least Developed Countries (FAO),,2020,1.57
Least Developed Countries (FAO),,2021,1.56
Least Developed Countries (FAO),,2022,1.43
Least Developed Countries (FAO),,2023,1.44
Lebanon,LBN,1961,2.7620819
Lebanon,LBN,1962,2.7621214
Lebanon,LBN,1963,2.206318
Lebanon,LBN,1964,3.025495
Lebanon,LBN,1965,3.7256312
Lebanon,LBN,1966,6.7245836
Lebanon,LBN,1967,7.1260223
Lebanon,LBN,1968,6.097289
Lebanon,LBN,1969,3.58704
Lebanon,LBN,1970,3.3981583
Lebanon,LBN,1971,2.819428
Lebanon,LBN,1972,2.080192
Lebanon,LBN,1973,3.788052
Lebanon,LBN,1974,3.7147145
Lebanon,LBN,1975,4.2276597
Lebanon,LBN,1976,3.4970663
Lebanon,LBN,1977,4.31163
Lebanon,LBN,1978,4.4206023
Lebanon,LBN,1979,5.1831813
Lebanon,LBN,1980,11.225836
Lebanon,LBN,1981,11.249986
Lebanon,LBN,1982,10.123302
Lebanon,LBN,1983,10.97231
Lebanon,LBN,1984,10.032733
Lebanon,LBN,1985,10.067736
Lebanon,LBN,1986,9.22244
Lebanon,LBN,1987,8.105444
Lebanon,LBN,1988,7.9807777
Lebanon,LBN,1989,8.110078
Lebanon,LBN,1990,7.6913333
Lebanon,LBN,1991,6.9907947
Lebanon,LBN,1992,5.685607
Lebanon,LBN,1993,4.965786
Lebanon,LBN,1994,4.4741993
Lebanon,LBN,1995,5.0004506
Lebanon,LBN,1996,5.8531017
Lebanon,LBN,1997,6.4443636
Lebanon,LBN,1998,6.8740125
Lebanon,LBN,1999,7.5822406
Lebanon,LBN,2000,7.218205
Lebanon,LBN,2001,7.514057
Lebanon,LBN,2002,6.987092
Lebanon,LBN,2003,6.8573217
Lebanon,LBN,2004,6.2846727
Lebanon,LBN,2005,6.273558
Lebanon,LBN,2006,5.513112
Lebanon,LBN,2007,4.5296164
Lebanon,LBN,2008,4.895351
Lebanon,LBN,2009,5.3509717
Lebanon,LBN,2010,4.34
Lebanon,LBN,2011,2.180001
Lebanon,LBN,2012,2.559999
Lebanon,LBN,2013,2.9799995
Lebanon,LBN,2014,5.6099977
Lebanon,LBN,2015,5.72
Lebanon,LBN,2016,3.6899996
Lebanon,LBN,2017,5.250001
Lebanon,LBN,2018,5.46
Lebanon,LBN,2019,5.09999
Lebanon,LBN,2020,5.52
Lebanon,LBN,2021,7.689988
Lebanon,LBN,2022,6.229998
Lebanon,LBN,2023,7.1099954
Lesotho,LSO,1961,1.1526383
Lesotho,LSO,1962,1.2183895
Lesotho,LSO,1963,1.1150099
Lesotho,LSO,1964,1.0921198
Lesotho,LSO,1965,1.8352078
Lesotho,LSO,1966,0.6692982
Lesotho,LSO,1967,0.66929907
Lesotho,LSO,1968,0.5748818
Lesotho,LSO,1969,0.5655513
Lesotho,LSO,1970,0.58724207
Lesotho,LSO,1971,0.5787656
Lesotho,LSO,1972,1.4149017
Lesotho,LSO,1973,0.99844086
Lesotho,LSO,1974,0.8421555
Lesotho,LSO,1975,1.0130022
Lesotho,LSO,1976,1.0997776
Lesotho,LSO,1977,0.69355315
Lesotho,LSO,1978,1.3464292
Lesotho,LSO,1979,0.783328
Lesotho,LSO,1980,1.2358855
Lesotho,LSO,1981,0.5463744
Lesotho,LSO,1982,0.71892196
Lesotho,LSO,1983,0.5410078
Lesotho,LSO,1984,0.5555316
Lesotho,LSO,1985,0.5331987
Lesotho,LSO,1986,0.5204244
Lesotho,LSO,1987,0.51755464
Lesotho,LSO,1988,0.5061652
Lesotho,LSO,1989,0.5040449
Lesotho,LSO,1990,0.43267992
Lesotho,LSO,1991,0.45949185
Lesotho,LSO,1992,0.4430729
Lesotho,LSO,1993,0.4094965
Lesotho,LSO,1994,0.5458555
Lesotho,LSO,1995,0.5752467
Lesotho,LSO,1996,0.6133164
Lesotho,LSO,1997,0.63446236
Lesotho,LSO,1998,0.6018474
Lesotho,LSO,1999,0.6245888
Lesotho,LSO,2000,0.6668533
Lesotho,LSO,2001,0.7016986
Lesotho,LSO,2002,0.7087582
Lesotho,LSO,2003,0.7270511
Lesotho,LSO,2004,0.70810145
Lesotho,LSO,2005,0.739601
Lesotho,LSO,2006,0.6981768
Lesotho,LSO,2007,0.74103314
Lesotho,LSO,2008,0.78216285
Lesotho,LSO,2009,0.77354354
Lesotho,LSO,2010,0.7999976
Lesotho,LSO,2011,0.78999805
Lesotho,LSO,2012,0.77999496
Lesotho,LSO,2013,1.0799953
Lesotho,LSO,2014,0.9299996
Lesotho,LSO,2015,1.079998
Lesotho,LSO,2016,0.8299984
Lesotho,LSO,2017,0.9199971
Lesotho,LSO,2018,0.5099974
Lesotho,LSO,2019,0.5899989
Lesotho,LSO,2020,0.58000076
Lesotho,LSO,2021,0.61999756
Lesotho,LSO,2022,0.5599995
Lesotho,LSO,2023,0.5499986
Liberia,LBR,1961,1.686533
Liberia,LBR,1962,1.7104663
Liberia,LBR,1963,1.7358892
Liberia,LBR,1964,1.7600331
Liberia,LBR,1965,1.785626
Liberia,LBR,1966,1.8018711
Liberia,LBR,1967,1.819883
Liberia,LBR,1968,1.8379197
Liberia,LBR,1969,1.857399
Liberia,LBR,1970,1.8588959
Liberia,LBR,1971,1.9290304
Liberia,LBR,1972,1.931082
Liberia,LBR,1973,1.9339665
Liberia,LBR,1974,1.9077414
Liberia,LBR,1975,1.6281089
Liberia,LBR,1976,1.5812509
Liberia,LBR,1977,1.5423992
Liberia,LBR,1978,1.5033644
Liberia,LBR,1979,1.466588
Liberia,LBR,1980,1.4227476
Liberia,LBR,1981,1.4219797
Liberia,LBR,1982,1.4535205
Liberia,LBR,1983,1.4906266
Liberia,LBR,1984,1.453743
Liberia,LBR,1985,1.5002618
Liberia,LBR,1986,1.4913996
Liberia,LBR,1987,1.4964961
Liberia,LBR,1988,1.4100457
Liberia,LBR,1989,1.4004132
Liberia,LBR,1990,1.6550364
Liberia,LBR,1991,1.8690401
Liberia,LBR,1992,2.0853274
Liberia,LBR,1993,1.6195923
Liberia,LBR,1994,1.9157655
Liberia,LBR,1995,1.764364
Liberia,LBR,1996,1.496654
Liberia,LBR,1997,1.8720096
Liberia,LBR,1998,1.6669314
Liberia,LBR,1999,1.9629519
Liberia,LBR,2000,1.600018
Liberia,LBR,2001,1.4819243
Liberia,LBR,2002,1.2006974
Liberia,LBR,2003,1.301861
Liberia,LBR,2004,1.6546016
Liberia,LBR,2005,2.5161345
Liberia,LBR,2006,2.2981746
Liberia,LBR,2007,1.4494815
Liberia,LBR,2008,1.8552418
Liberia,LBR,2009,1.6861478
Liberia,LBR,2010,1.8799967
Liberia,LBR,2011,2.7600021
Liberia,LBR,2012,2.2999969
Liberia,LBR,2013,2.1199973
Liberia,LBR,2014,2.0799959
Liberia,LBR,2015,2.3799973
Liberia,LBR,2016,2.3700013
Liberia,LBR,2017,1.9299971
Liberia,LBR,2018,2.140001
Liberia,LBR,2019,1.3300004
Liberia,LBR,2020,1.6099969
Liberia,LBR,2021,2.5799963
Liberia,LBR,2022,2.429997
Liberia,LBR,2023,1.4999986
Libya,LBY,2010,9.980004
Libya,LBY,2011,9.699985
Libya,LBY,2012,9.420005
Libya,LBY,2013,8.499991
Libya,LBY,2014,8.199987
Libya,LBY,2015,9.969993
Libya,LBY,2016,9.89
Libya,LBY,2017,9.819999
Libya,LBY,2018,9.479988
Libya,LBY,2019,8.989986
Libya,LBY,2020,8.629996
Libya,LBY,2021,9.160002
Libya,LBY,2022,8.599996
Libya,LBY,2023,8.880001
Lithuania,LTU,1992,12.111922
Lithuania,LTU,1993,8.4611025
Lithuania,LTU,1994,9.627095
Lithuania,LTU,1995,10.392756
Lithuania,LTU,1996,10.077548
Lithuania,LTU,1997,10.899147
Lithuania,LTU,1998,11.686883
Lithuania,LTU,1999,11.10546
Lithuania,LTU,2000,10.71262
Lithuania,LTU,2001,12.251046
Lithuania,LTU,2002,12.9725895
Lithuania,LTU,2003,12.215206
Lithuania,LTU,2004,12.515889
Lithuania,LTU,2005,11.298783
Lithuania,LTU,2006,11.480796
Lithuania,LTU,2007,11.668644
Lithuania,LTU,2008,12.538661
Lithuania,LTU,2009,12.189299
Lithuania,LTU,2010,12.789996
Lithuania,LTU,2011,13.099991
Lithuania,LTU,2012,12.999983
Lithuania,LTU,2013,13.360004
Lithuania,LTU,2014,14.179996
Lithuania,LTU,2015,13.18995
Lithuania,LTU,2016,15.810006
Lithuania,LTU,2017,14.989963
Lithuania,LTU,2018,15.369972
Lithuania,LTU,2019,13.070014
Lithuania,LTU,2020,11.169976
Lithuania,LTU,2021,12.68
Lithuania,LTU,2022,13.319985
Lithuania,LTU,2023,13.809981
Low Income Food Deficit Countries (FAO),,1961,0.54
Low Income Food Deficit Countries (FAO),,1962,0.57
Low Income Food Deficit Countries (FAO),,1963,0.57
Low Income Food Deficit Countries (FAO),,1964,0.58
Low Income Food Deficit Countries (FAO),,1965,0.61
Low Income Food Deficit Countries (FAO),,1966,0.62
Low Income Food Deficit Countries (FAO),,1967,0.65
Low Income Food Deficit Countries (FAO),,1968,0.66
Low Income Food Deficit Countries (FAO),,1969,0.69
Low Income Food Deficit Countries (FAO),,1970,0.7
Low Income Food Deficit Countries (FAO),,1971,0.72
Low Income Food Deficit Countries (FAO),,1972,0.76
Low Income Food Deficit Countries (FAO),,1973,0.8
Low Income Food Deficit Countries (FAO),,1974,0.82
Low Income Food Deficit Countries (FAO),,1975,0.86
Low Income Food Deficit Countries (FAO),,1976,0.9
Low Income Food Deficit Countries (FAO),,1977,0.94
Low Income Food Deficit Countries (FAO),,1978,0.98
Low Income Food Deficit Countries (FAO),,1979,0.98
Low Income Food Deficit Countries (FAO),,1980,1.01
Low Income Food Deficit Countries (FAO),,1981,1.01
Low Income Food Deficit Countries (FAO),,1982,1.05
Low Income Food Deficit Countries (FAO),,1983,1.11
Low Income Food Deficit Countries (FAO),,1984,1.15
Low Income Food Deficit Countries (FAO),,1985,1.21
Low Income Food Deficit Countries (FAO),,1986,1.24
Low Income Food Deficit Countries (FAO),,1987,1.24
Low Income Food Deficit Countries (FAO),,1988,1.26
Low Income Food Deficit Countries (FAO),,1989,1.25
Low Income Food Deficit Countries (FAO),,1990,1.34
Low Income Food Deficit Countries (FAO),,1991,1.35
Low Income Food Deficit Countries (FAO),,1992,1.41
Low Income Food Deficit Countries (FAO),,1993,1.4
Low Income Food Deficit Countries (FAO),,1994,1.43
Low Income Food Deficit Countries (FAO),,1995,1.41
Low Income Food Deficit Countries (FAO),,1996,1.37
Low Income Food Deficit Countries (FAO),,1997,1.37
Low Income Food Deficit Countries (FAO),,1998,1.45
Low Income Food Deficit Countries (FAO),,1999,1.48
Low Income Food Deficit Countries (FAO),,2000,1.61
Low Income Food Deficit Countries (FAO),,2001,1.66
Low Income Food Deficit Countries (FAO),,2002,1.67
Low Income Food Deficit Countries (FAO),,2003,1.67
Low Income Food Deficit Countries (FAO),,2004,1.77
Low Income Food Deficit Countries (FAO),,2005,1.79
Low Income Food Deficit Countries (FAO),,2006,1.89
Low Income Food Deficit Countries (FAO),,2007,1.93
Low Income Food Deficit Countries (FAO),,2008,1.99
Low Income Food Deficit Countries (FAO),,2009,2.03
Low Income Food Deficit Countries (FAO),,2010,1.24
Low Income Food Deficit Countries (FAO),,2011,1.3
Low Income Food Deficit Countries (FAO),,2012,1.35
Low Income Food Deficit Countries (FAO),,2013,1.37
Low Income Food Deficit Countries (FAO),,2014,1.45
Low Income Food Deficit Countries (FAO),,2015,1.39
Low Income Food Deficit Countries (FAO),,2016,1.43
Low Income Food Deficit Countries (FAO),,2017,1.43
Low Income Food Deficit Countries (FAO),,2018,1.4
Low Income Food Deficit Countries (FAO),,2019,1.47
Low Income Food Deficit Countries (FAO),,2020,1.68
Low Income Food Deficit Countries (FAO),,2021,1.49
Low Income Food Deficit Countries (FAO),,2022,1.57
Low Income Food Deficit Countries (FAO),,2023,1.6
Low-income countries,OWID_LIC,1961,0.9521108
Low-income countries,OWID_LIC,1962,0.9702018
Low-income countries,OWID_LIC,1963,0.9858268
Low-income countries,OWID_LIC,1964,1.0564818
Low-income countries,OWID_LIC,1965,1.065331
Low-income countries,OWID_LIC,1966,1.0601248
Low-income countries,OWID_LIC,1967,1.0958283
Low-income countries,OWID_LIC,1968,1.0763282
Low-income countries,OWID_LIC,1969,1.1281743
Low-income countries,OWID_LIC,1970,1.1069062
Low-income countries,OWID_LIC,1971,1.1239985
Low-income countries,OWID_LIC,1972,1.1238525
Low-income countries,OWID_LIC,1973,1.1523322
Low-income countries,OWID_LIC,1974,1.1533117
Low-income countries,OWID_LIC,1975,1.1645402
Low-income countries,OWID_LIC,1976,1.207178
Low-income countries,OWID_LIC,1977,1.267493
Low-income countries,OWID_LIC,1978,1.3553562
Low-income countries,OWID_LIC,1979,1.4004704
Low-income countries,OWID_LIC,1980,1.416049
Low-income countries,OWID_LIC,1981,1.4213663
Low-income countries,OWID_LIC,1982,1.4796466
Low-income countries,OWID_LIC,1983,1.4669476
Low-income countries,OWID_LIC,1984,1.5128012
Low-income countries,OWID_LIC,1985,1.5499494
Low-income countries,OWID_LIC,1986,1.5908971
Low-income countries,OWID_LIC,1987,1.5833817
Low-income countries,OWID_LIC,1988,1.5683748
Low-income countries,OWID_LIC,1989,1.5438565
Low-income countries,OWID_LIC,1990,1.6309925
Low-income countries,OWID_LIC,1991,1.6465151
Low-income countries,OWID_LIC,1992,1.4154086
Low-income countries,OWID_LIC,1993,1.0941023
Low-income countries,OWID_LIC,1994,1.0258154
Low-income countries,OWID_LIC,1995,0.9637513
Low-income countries,OWID_LIC,1996,0.9986069
Low-income countries,OWID_LIC,1997,0.925213
Low-income countries,OWID_LIC,1998,0.9720975
Low-income countries,OWID_LIC,1999,1.015492
Low-income countries,OWID_LIC,2000,1.0162331
Low-income countries,OWID_LIC,2001,1.0484176
Low-income countries,OWID_LIC,2002,1.0642434
Low-income countries,OWID_LIC,2003,1.1008419
Low-income countries,OWID_LIC,2004,1.1038553
Low-income countries,OWID_LIC,2005,1.0701112
Low-income countries,OWID_LIC,2006,1.0007209
Low-income countries,OWID_LIC,2007,1.0026342
Low-income countries,OWID_LIC,2008,1.0854365
Low-income countries,OWID_LIC,2009,1.0821719
Low-income countries,OWID_LIC,2010,1.0046836
Low-income countries,OWID_LIC,2011,1.0780244
Low-income countries,OWID_LIC,2012,1.1479179
Low-income countries,OWID_LIC,2013,1.1528901
Low-income countries,OWID_LIC,2014,1.1995914
Low-income countries,OWID_LIC,2015,1.1294905
Low-income countries,OWID_LIC,2016,1.1090801
Low-income countries,OWID_LIC,2017,1.0952377
Low-income countries,OWID_LIC,2018,1.0516782
Low-income countries,OWID_LIC,2019,0.9094717
Low-income countries,OWID_LIC,2020,0.99387497
Low-income countries,OWID_LIC,2021,0.9210802
Low-income countries,OWID_LIC,2022,0.69975877
Low-income countries,OWID_LIC,2023,0.6795759
Lower-middle-income countries,OWID_LMC,1961,0.6459821
Lower-middle-income countries,OWID_LMC,1962,0.6705187
Lower-middle-income countries,OWID_LMC,1963,0.6857241
Lower-middle-income countries,OWID_LMC,1964,0.69288284
Lower-middle-income countries,OWID_LMC,1965,0.7217577
Lower-middle-income countries,OWID_LMC,1966,0.7469101
Lower-middle-income countries,OWID_LMC,1967,0.77499145
Lower-middle-income countries,OWID_LMC,1968,0.8107805
Lower-middle-income countries,OWID_LMC,1969,0.84277576
Lower-middle-income countries,OWID_LMC,1970,0.8311635
Lower-middle-income countries,OWID_LMC,1971,0.8624099
Lower-middle-income countries,OWID_LMC,1972,0.9109341
Lower-middle-income countries,OWID_LMC,1973,0.9620422
Lower-middle-income countries,OWID_LMC,1974,0.97213113
Lower-middle-income countries,OWID_LMC,1975,1.0467691
Lower-middle-income countries,OWID_LMC,1976,1.090502
Lower-middle-income countries,OWID_LMC,1977,1.1906854
Lower-middle-income countries,OWID_LMC,1978,1.2093321
Lower-middle-income countries,OWID_LMC,1979,1.179084
Lower-middle-income countries,OWID_LMC,1980,1.2301872
Lower-middle-income countries,OWID_LMC,1981,1.2424321
Lower-middle-income countries,OWID_LMC,1982,1.285937
Lower-middle-income countries,OWID_LMC,1983,1.3584241
Lower-middle-income countries,OWID_LMC,1984,1.3822454
Lower-middle-income countries,OWID_LMC,1985,1.4217719
Lower-middle-income countries,OWID_LMC,1986,1.4706666
Lower-middle-income countries,OWID_LMC,1987,1.5013328
Lower-middle-income countries,OWID_LMC,1988,1.540402
Lower-middle-income countries,OWID_LMC,1989,1.5440001
Lower-middle-income countries,OWID_LMC,1990,1.5270056
Lower-middle-income countries,OWID_LMC,1991,1.5389401
Lower-middle-income countries,OWID_LMC,1992,1.6541501
Lower-middle-income countries,OWID_LMC,1993,1.6804913
Lower-middle-income countries,OWID_LMC,1994,1.7276993
Lower-middle-income countries,OWID_LMC,1995,1.7232854
Lower-middle-income countries,OWID_LMC,1996,1.6970885
Lower-middle-income countries,OWID_LMC,1997,1.7268323
Lower-middle-income countries,OWID_LMC,1998,1.7724736
Lower-middle-income countries,OWID_LMC,1999,1.8144398
Lower-middle-income countries,OWID_LMC,2000,1.947885
Lower-middle-income countries,OWID_LMC,2001,1.9935637
Lower-middle-income countries,OWID_LMC,2002,2.0409842
Lower-middle-income countries,OWID_LMC,2003,2.0383182
Lower-middle-income countries,OWID_LMC,2004,2.109941
Lower-middle-income countries,OWID_LMC,2005,2.1395023
Lower-middle-income countries,OWID_LMC,2006,2.2232716
Lower-middle-income countries,OWID_LMC,2007,2.2787318
Lower-middle-income countries,OWID_LMC,2008,2.343138
Lower-middle-income countries,OWID_LMC,2009,2.3750613
Lower-middle-income countries,OWID_LMC,2010,2.4802206
Lower-middle-income countries,OWID_LMC,2011,2.53589
Lower-middle-income countries,OWID_LMC,2012,2.6852746
Lower-middle-income countries,OWID_LMC,2013,2.7534235
Lower-middle-income countries,OWID_LMC,2014,2.899954
Lower-middle-income countries,OWID_LMC,2015,2.9720883
Lower-middle-income countries,OWID_LMC,2016,3.0468493
Lower-middle-income countries,OWID_LMC,2017,3.2005875
Lower-middle-income countries,OWID_LMC,2018,3.292713
Lower-middle-income countries,OWID_LMC,2019,3.6417153
Lower-middle-income countries,OWID_LMC,2020,3.777254
Lower-middle-income countries,OWID_LMC,2021,3.8693304
Lower-middle-income countries,OWID_LMC,2022,4.053755
Lower-middle-income countries,OWID_LMC,2023,4.1175914
Luxembourg,LUX,2000,10.156692
Luxembourg,LUX,2001,10.667476
Luxembourg,LUX,2002,11.000735
Luxembourg,LUX,2003,9.457491
Luxembourg,LUX,2004,9.359444
Luxembourg,LUX,2005,8.857488
Luxembourg,LUX,2006,7.292506
Luxembourg,LUX,2007,9.702817
Luxembourg,LUX,2008,10.10859
Luxembourg,LUX,2009,9.556239
Luxembourg,LUX,2010,9.949843
Luxembourg,LUX,2011,10.849938
Luxembourg,LUX,2012,14.459973
Luxembourg,LUX,2013,15.829766
Luxembourg,LUX,2014,16.399853
Luxembourg,LUX,2015,16.17
Luxembourg,LUX,2016,17.29997
Luxembourg,LUX,2017,18.509813
Luxembourg,LUX,2018,18.179731
Luxembourg,LUX,2019,18.089796
Luxembourg,LUX,2020,17.860085
Luxembourg,LUX,2021,16.439846
Luxembourg,LUX,2022,20.289846
Luxembourg,LUX,2023,25.46996
Macao,MAC,1961,4.088903
Macao,MAC,1962,6.901055
Macao,MAC,1963,9.660487
Macao,MAC,1964,9.5634365
Macao,MAC,1965,6.389923
Macao,MAC,1966,9.102494
Macao,MAC,1967,6.5285487
Macao,MAC,1968,5.843594
Macao,MAC,1969,6.784338
Macao,MAC,1970,7.449894
Macao,MAC,1971,7.924546
Macao,MAC,1972,7.9030695
Macao,MAC,1973,8.206378
Macao,MAC,1974,13.513946
Macao,MAC,1975,8.71512
Macao,MAC,1976,9.909627
Macao,MAC,1977,10.853999
Macao,MAC,1978,10.931174
Macao,MAC,1979,12.736441
Macao,MAC,1980,13.034278
Macao,MAC,1981,11.725989
Macao,MAC,1982,12.777356
Macao,MAC,1983,13.664401
Macao,MAC,1984,13.544055
Macao,MAC,1985,12.854631
Macao,MAC,1986,12.577243
Macao,MAC,1987,12.760672
Macao,MAC,1988,11.901918
Macao,MAC,1989,11.838584
Macao,MAC,1990,11.103801
Macao,MAC,1991,11.407908
Macao,MAC,1992,10.976801
Macao,MAC,1993,10.560641
Macao,MAC,1994,10.761446
Macao,MAC,1995,9.623003
Macao,MAC,1996,10.686357
Macao,MAC,1997,10.690239
Macao,MAC,1998,10.345777
Macao,MAC,1999,10.223637
Macao,MAC,2000,11.241665
Macao,MAC,2001,11.9261055
Macao,MAC,2002,12.871371
Macao,MAC,2003,13.028235
Macao,MAC,2004,12.897831
Macao,MAC,2005,12.99853
Macao,MAC,2006,13.661666
Macao,MAC,2007,13.215108
Macao,MAC,2008,14.104397
Macao,MAC,2009,13.432552
Macao,MAC,2010,14.150024
Macao,MAC,2011,16.009611
Macao,MAC,2012,15.51
Macao,MAC,2013,15.149695
Macao,MAC,2014,20.66973
Macao,MAC,2015,19.959839
Macao,MAC,2016,20.899769
Macao,MAC,2017,21.389734
Macao,MAC,2018,23.219753
Macao,MAC,2019,19.879642
Macao,MAC,2020,21.610033
Macao,MAC,2021,22.469872
Macao,MAC,2022,20.87
Macao,MAC,2023,23.959797
Madagascar,MDG,1961,1.5434518
Madagascar,MDG,1962,1.5310888
Madagascar,MDG,1963,1.5094941
Madagascar,MDG,1964,1.4881301
Madagascar,MDG,1965,1.4672536
Madagascar,MDG,1966,1.446246
Madagascar,MDG,1967,1.4248656
Madagascar,MDG,1968,1.4133335
Madagascar,MDG,1969,1.3915794
Madagascar,MDG,1970,1.350287
Madagascar,MDG,1971,1.4368585
Madagascar,MDG,1972,1.1988909
Madagascar,MDG,1973,1.3247983
Madagascar,MDG,1974,1.2642792
Madagascar,MDG,1975,1.2627741
Madagascar,MDG,1976,1.2516237
Madagascar,MDG,1977,1.2601529
Madagascar,MDG,1978,1.278028
Madagascar,MDG,1979,1.2853163
Madagascar,MDG,1980,0.9906619
Madagascar,MDG,1981,0.95841724
Madagascar,MDG,1982,0.87794435
Madagascar,MDG,1983,0.8074817
Madagascar,MDG,1984,0.77638704
Madagascar,MDG,1985,0.96622944
Madagascar,MDG,1986,1.0133165
Madagascar,MDG,1987,0.8031756
Madagascar,MDG,1988,0.87066424
Madagascar,MDG,1989,0.81376326
Madagascar,MDG,1990,0.87153006
Madagascar,MDG,1991,0.8620758
Madagascar,MDG,1992,0.8430927
Madagascar,MDG,1993,0.8431024
Madagascar,MDG,1994,0.8333273
Madagascar,MDG,1995,0.86167955
Madagascar,MDG,1996,0.8802022
Madagascar,MDG,1997,0.8793836
Madagascar,MDG,1998,0.85936385
Madagascar,MDG,1999,0.8585166
Madagascar,MDG,2000,0.8961007
Madagascar,MDG,2001,0.84835887
Madagascar,MDG,2002,0.8296519
Madagascar,MDG,2003,0.8015666
Madagascar,MDG,2004,0.78282195
Madagascar,MDG,2005,0.7636858
Madagascar,MDG,2006,0.74422693
Madagascar,MDG,2007,0.7340898
Madagascar,MDG,2008,0.7237925
Madagascar,MDG,2009,0.7229201
Madagascar,MDG,2010,0.64999986
Madagascar,MDG,2011,0.63999987
Madagascar,MDG,2012,0.63999987
Madagascar,MDG,2013,0.62
Madagascar,MDG,2014,0.60999984
Madagascar,MDG,2015,0.59999996
Madagascar,MDG,2016,0.58
Madagascar,MDG,2017,0.57999974
Madagascar,MDG,2018,0.57
Madagascar,MDG,2019,0.5299998
Madagascar,MDG,2020,0.54
Madagascar,MDG,2021,0.51999986
Madagascar,MDG,2022,0.51
Madagascar,MDG,2023,0.4899999
Malawi,MWI,1961,0.75721365
Malawi,MWI,1962,0.79580486
Malawi,MWI,1963,0.8246095
Malawi,MWI,1964,0.83411616
Malawi,MWI,1965,0.8634579
Malawi,MWI,1966,0.90254503
Malawi,MWI,1967,0.9221783
Malawi,MWI,1968,0.91335064
Malawi,MWI,1969,1.4900057
Malawi,MWI,1970,1.5934358
Malawi,MWI,1971,1.4141058
Malawi,MWI,1972,1.46103
Malawi,MWI,1973,1.5087806
Malawi,MWI,1974,1.5465806
Malawi,MWI,1975,1.5336545
Malawi,MWI,1976,1.540009
Malawi,MWI,1977,1.5343492
Malawi,MWI,1978,1.51339
Malawi,MWI,1979,1.5060335
Malawi,MWI,1980,1.5031245
Malawi,MWI,1981,1.4741132
Malawi,MWI,1982,1.4513448
Malawi,MWI,1983,1.4317809
Malawi,MWI,1984,1.394862
Malawi,MWI,1985,1.3823552
Malawi,MWI,1986,1.3577715
Malawi,MWI,1987,1.3168663
Malawi,MWI,1988,1.3150693
Malawi,MWI,1989,1.3097546
Malawi,MWI,1990,1.3162261
Malawi,MWI,1991,1.3440831
Malawi,MWI,1992,1.2036163
Malawi,MWI,1993,1.3723652
Malawi,MWI,1994,1.4732109
Malawi,MWI,1995,1.5215777
Malawi,MWI,1996,1.5692083
Malawi,MWI,1997,1.6548629
Malawi,MWI,1998,1.5961453
Malawi,MWI,1999,1.6747062
Malawi,MWI,2000,1.460652
Malawi,MWI,2001,1.5038743
Malawi,MWI,2002,1.5058782
Malawi,MWI,2003,1.4869769
Malawi,MWI,2004,1.4378089
Malawi,MWI,2005,1.3689995
Malawi,MWI,2006,1.2906
Malawi,MWI,2007,1.202066
Malawi,MWI,2008,1.122833
Malawi,MWI,2009,1.1236641
Malawi,MWI,2010,1.1399995
Malawi,MWI,2011,1.1299995
Malawi,MWI,2012,1.1300002
Malawi,MWI,2013,1.1100003
Malawi,MWI,2014,1.1000004
Malawi,MWI,2015,0.9700002
Malawi,MWI,2016,0.97999996
Malawi,MWI,2017,1.0100003
Malawi,MWI,2018,1.0199996
Malawi,MWI,2019,0.9300001
Malawi,MWI,2020,0.9500003
Malawi,MWI,2021,0.9499998
Malawi,MWI,2022,0.91
Malawi,MWI,2023,0.88
Malaysia,MYS,1961,2.2196665
Malaysia,MYS,1962,2.8377728
Malaysia,MYS,1963,3.3685446
Malaysia,MYS,1964,3.9973874
Malaysia,MYS,1965,4.5966864
Malaysia,MYS,1966,4.919512
Malaysia,MYS,1967,5.2862177
Malaysia,MYS,1968,5.739975
Malaysia,MYS,1969,6.1716166
Malaysia,MYS,1970,6.6769223
Malaysia,MYS,1971,7.058838
Malaysia,MYS,1972,7.5241933
Malaysia,MYS,1973,7.9241915
Malaysia,MYS,1974,8.320891
Malaysia,MYS,1975,8.532177
Malaysia,MYS,1976,8.878908
Malaysia,MYS,1977,9.1368685
Malaysia,MYS,1978,9.373819
Malaysia,MYS,1979,9.688592
Malaysia,MYS,1980,9.898656
Malaysia,MYS,1981,9.333956
Malaysia,MYS,1982,9.494271
Malaysia,MYS,1983,10.292023
Malaysia,MYS,1984,10.3889065
Malaysia,MYS,1985,10.428535
Malaysia,MYS,1986,10.498727
Malaysia,MYS,1987,10.426701
Malaysia,MYS,1988,10.528109
Malaysia,MYS,1989,12.036464
Malaysia,MYS,1990,12.887372
Malaysia,MYS,1991,13.189077
Malaysia,MYS,1992,13.347449
Malaysia,MYS,1993,13.325907
Malaysia,MYS,1994,12.866125
Malaysia,MYS,1995,12.7017145
Malaysia,MYS,1996,13.133223
Malaysia,MYS,1997,12.894734
Malaysia,MYS,1998,13.082341
Malaysia,MYS,1999,12.389162
Malaysia,MYS,2000,12.195986
Malaysia,MYS,2001,11.247792
Malaysia,MYS,2002,9.815242
Malaysia,MYS,2003,12.284329
Malaysia,MYS,2004,12.463178
Malaysia,MYS,2005,12.143254
Malaysia,MYS,2006,12.068327
Malaysia,MYS,2007,12.424564
Malaysia,MYS,2008,10.694996
Malaysia,MYS,2009,12.06466
Malaysia,MYS,2010,14.470004
Malaysia,MYS,2011,13.560002
Malaysia,MYS,2012,13.0599985
Malaysia,MYS,2013,16.239994
Malaysia,MYS,2014,17.280005
Malaysia,MYS,2015,18.060001
Malaysia,MYS,2016,18.689999
Malaysia,MYS,2017,18.7
Malaysia,MYS,2018,17.130003
Malaysia,MYS,2019,13.210005
Malaysia,MYS,2020,16.070002
Malaysia,MYS,2021,16.939999
Malaysia,MYS,2022,19.109997
Malaysia,MYS,2023,21.650003
Maldives,MDV,1961,0
Maldives,MDV,1962,0
Maldives,MDV,1963,0
Maldives,MDV,1964,0
Maldives,MDV,1965,0
Maldives,MDV,1966,0
Maldives,MDV,1967,0
Maldives,MDV,1968,0
Maldives,MDV,1969,0
Maldives,MDV,1970,0
Maldives,MDV,1971,0
Maldives,MDV,1972,0
Maldives,MDV,1973,0
Maldives,MDV,1974,0
Maldives,MDV,1975,0
Maldives,MDV,1976,0
Maldives,MDV,1977,0
Maldives,MDV,1978,0
Maldives,MDV,1979,0
Maldives,MDV,1980,0
Maldives,MDV,1981,0
Maldives,MDV,1982,0
Maldives,MDV,1983,0
Maldives,MDV,1984,0
Maldives,MDV,1985,0
Maldives,MDV,1986,3.9842803
Maldives,MDV,1987,4.1918797
Maldives,MDV,1988,3.6961768
Maldives,MDV,1989,3.577973
Maldives,MDV,1990,3.8342855
Maldives,MDV,1991,3.9264915
Maldives,MDV,1992,3.9854293
Maldives,MDV,1993,3.8316329
Maldives,MDV,1994,3.5921795
Maldives,MDV,1995,5.383776
Maldives,MDV,1996,5.5681257
Maldives,MDV,1997,7.08585
Maldives,MDV,1998,6.974268
Maldives,MDV,1999,4.879516
Maldives,MDV,2000,5.507916
Maldives,MDV,2001,7.3382897
Maldives,MDV,2002,7.937908
Maldives,MDV,2003,8.557524
Maldives,MDV,2004,9.41944
Maldives,MDV,2005,9.549879
Maldives,MDV,2006,8.0512705
Maldives,MDV,2007,10.611885
Maldives,MDV,2008,10.152895
Maldives,MDV,2009,9.564663
Maldives,MDV,2010,11.689611
Maldives,MDV,2011,11.649594
Maldives,MDV,2012,11.739969
Maldives,MDV,2013,11.739795
Maldives,MDV,2014,14.419895
Maldives,MDV,2015,13.289535
Maldives,MDV,2016,15.47979
Maldives,MDV,2017,13.77979
Maldives,MDV,2018,16.339792
Maldives,MDV,2019,19.139725
Maldives,MDV,2020,13.269815
Maldives,MDV,2021,16.409588
Maldives,MDV,2022,17.759796
Maldives,MDV,2023,20.169271
Mali,MLI,1961,0.61083984
Mali,MLI,1962,0.63613415
Mali,MLI,1963,0.6520731
Mali,MLI,1964,0.6679639
Mali,MLI,1965,0.6930637
Mali,MLI,1966,0.65379757
Mali,MLI,1967,0.66088146
Mali,MLI,1968,0.68625826
Mali,MLI,1969,0.7118574
Mali,MLI,1970,0.74677575
Mali,MLI,1971,0.77310956
Mali,MLI,1972,0.6907567
Mali,MLI,1973,0.5901823
Mali,MLI,1974,0.61666894
Mali,MLI,1975,0.6338353
Mali,MLI,1976,0.60570645
Mali,MLI,1977,0.56825393
Mali,MLI,1978,0.60265815
Mali,MLI,1979,0.54711884
Mali,MLI,1980,0.5366162
Mali,MLI,1981,0.5801426
Mali,MLI,1982,0.6237503
Mali,MLI,1983,0.6670691
Mali,MLI,1984,0.7184673
Mali,MLI,1985,0.77810913
Mali,MLI,1986,0.8632593
Mali,MLI,1987,0.8507589
Mali,MLI,1988,0.82944864
Mali,MLI,1989,0.8086925
Mali,MLI,1990,0.7895607
Mali,MLI,1991,0.77280664
Mali,MLI,1992,0.75794
Mali,MLI,1993,0.7437119
Mali,MLI,1994,0.7206135
Mali,MLI,1995,0.69720703
Mali,MLI,1996,0.68230546
Mali,MLI,1997,0.66655713
Mali,MLI,1998,0.6314823
Mali,MLI,1999,0.61315334
Mali,MLI,2000,0.59474844
Mali,MLI,2001,0.59411633
Mali,MLI,2002,0.38968915
Mali,MLI,2003,0.40687585
Mali,MLI,2004,0.4239707
Mali,MLI,2005,0.4233569
Mali,MLI,2006,0.44052446
Mali,MLI,2007,0.45771354
Mali,MLI,2008,0.9584784
Mali,MLI,2009,0.87842757
Mali,MLI,2010,0.8473011
Mali,MLI,2011,0.80836314
Mali,MLI,2012,0.74017423
Mali,MLI,2013,0.78886396
Mali,MLI,2014,0.82790333
Mali,MLI,2015,0.7988258
Mali,MLI,2016,0.48720282
Mali,MLI,2017,0.47759318
Mali,MLI,2018,0.43882307
Mali,MLI,2019,0.6443059
Mali,MLI,2020,0.51804477
Mali,MLI,2021,0.37179095
Mali,MLI,2022,0.48961863
Malta,MLT,1961,7.643953
Malta,MLT,1962,8.449042
Malta,MLT,1963,8.43109
Malta,MLT,1964,9.845314
Malta,MLT,1965,11.364571
Malta,MLT,1966,8.03342
Malta,MLT,1967,10.082824
Malta,MLT,1968,12.576542
Malta,MLT,1969,11.589103
Malta,MLT,1970,15.604708
Malta,MLT,1971,15.934922
Malta,MLT,1972,13.754918
Malta,MLT,1973,15.5614605
Malta,MLT,1974,13.884518
Malta,MLT,1975,15.942278
Malta,MLT,1976,17.271029
Malta,MLT,1977,17.984304
Malta,MLT,1978,18.233458
Malta,MLT,1979,16.880318
Malta,MLT,1980,15.321889
Malta,MLT,1981,15.236372
Malta,MLT,1982,16.438341
Malta,MLT,1983,16.398975
Malta,MLT,1984,16.324116
Malta,MLT,1985,16.235723
Malta,MLT,1986,16.166435
Malta,MLT,1987,16.168745
Malta,MLT,1988,16.44879
Malta,MLT,1989,16.558775
Malta,MLT,1990,16.53244
Malta,MLT,1991,16.598488
Malta,MLT,1992,16.648657
Malta,MLT,1993,17.059927
Malta,MLT,1994,17.006975
Malta,MLT,1995,20.13163
Malta,MLT,1996,14.657803
Malta,MLT,1997,14.728799
Malta,MLT,1998,19.605873
Malta,MLT,1999,16.868204
Malta,MLT,2000,11.16145
Malta,MLT,2001,11.291498
Malta,MLT,2002,11.029141
Malta,MLT,2003,14.219913
Malta,MLT,2004,12.295496
Malta,MLT,2005,11.737402
Malta,MLT,2006,14.292681
Malta,MLT,2007,15.054638
Malta,MLT,2008,15.916786
Malta,MLT,2009,13.862096
Malta,MLT,2010,11.449891
Malta,MLT,2011,9.499888
Malta,MLT,2012,10.979845
Malta,MLT,2013,12.009805
Malta,MLT,2014,12.459599
Malta,MLT,2015,11.370051
Malta,MLT,2016,11.379849
Malta,MLT,2017,12.339948
Malta,MLT,2018,12.01
Malta,MLT,2019,11.700069
Malta,MLT,2020,11.379956
Malta,MLT,2021,12.34993
Malta,MLT,2022,13.4798975
Malta,MLT,2023,13.139902
Marshall Islands,MHL,2019,11.90459
Marshall Islands,MHL,2020,16.65298
Marshall Islands,MHL,2021,17.033
Marshall Islands,MHL,2022,8.61699
Marshall Islands,MHL,2023,16.441956
Mauritania,MRT,1961,1.4504936
Mauritania,MRT,1962,1.4432024
Mauritania,MRT,1963,1.445762
Mauritania,MRT,1964,1.4581313
Mauritania,MRT,1965,1.4368497
Mauritania,MRT,1966,1.4582629
Mauritania,MRT,1967,1.4880989
Mauritania,MRT,1968,1.5085412
Mauritania,MRT,1969,1.5273871
Mauritania,MRT,1970,1.5461873
Mauritania,MRT,1971,1.5547831
Mauritania,MRT,1972,1.5741565
Mauritania,MRT,1973,1.53125
Mauritania,MRT,1974,1.5198119
Mauritania,MRT,1975,1.5190533
Mauritania,MRT,1976,1.4976497
Mauritania,MRT,1977,1.4976832
Mauritania,MRT,1978,1.4669825
Mauritania,MRT,1979,1.4881257
Mauritania,MRT,1980,1.4777558
Mauritania,MRT,1981,1.4781495
Mauritania,MRT,1982,1.497941
Mauritania,MRT,1983,1.5079839
Mauritania,MRT,1984,1.5488397
Mauritania,MRT,1985,1.5987098
Mauritania,MRT,1986,1.64823
Mauritania,MRT,1987,1.6765908
Mauritania,MRT,1988,1.6940268
Mauritania,MRT,1989,1.7485585
Mauritania,MRT,1990,1.7628124
Mauritania,MRT,1991,1.770633
Mauritania,MRT,1992,1.6507539
Mauritania,MRT,1993,1.6413585
Mauritania,MRT,1994,1.6427083
Mauritania,MRT,1995,1.595016
Mauritania,MRT,1996,1.6004966
Mauritania,MRT,1997,1.5197012
Mauritania,MRT,1998,1.5456731
Mauritania,MRT,1999,1.6439863
Mauritania,MRT,2000,1.5957144
Mauritania,MRT,2001,1.8858347
Mauritania,MRT,2002,1.9959768
Mauritania,MRT,2003,1.7359576
Mauritania,MRT,2004,1.8636678
Mauritania,MRT,2005,1.7126565
Mauritania,MRT,2006,1.7835727
Mauritania,MRT,2007,1.7763933
Mauritania,MRT,2008,1.8495287
Mauritania,MRT,2009,1.5308114
Mauritania,MRT,2010,1.5099964
Mauritania,MRT,2011,1.7199986
Mauritania,MRT,2012,2.0099971
Mauritania,MRT,2013,2.3999975
Mauritania,MRT,2014,2.6199992
Mauritania,MRT,2015,2.4900007
Mauritania,MRT,2016,5.4700065
Mauritania,MRT,2017,5.009997
Mauritania,MRT,2018,5.8500066
Mauritania,MRT,2019,4.119996
Mauritania,MRT,2020,2.8799963
Mauritania,MRT,2021,2.229998
Mauritania,MRT,2022,1.4599988
Mauritania,MRT,2023,1.0599995
Mauritius,MUS,1961,1.5099063
Mauritius,MUS,1962,1.464717
Mauritius,MUS,1963,1.4432428
Mauritius,MUS,1964,1.5388584
Mauritius,MUS,1965,1.630719
Mauritius,MUS,1966,1.9434023
Mauritius,MUS,1967,1.8917834
Mauritius,MUS,1968,1.8493334
Mauritius,MUS,1969,1.9282448
Mauritius,MUS,1970,1.926036
Mauritius,MUS,1971,1.9374261
Mauritius,MUS,1972,1.6269256
Mauritius,MUS,1973,1.6497082
Mauritius,MUS,1974,2.0335367
Mauritius,MUS,1975,1.9486707
Mauritius,MUS,1976,2.741588
Mauritius,MUS,1977,2.0923462
Mauritius,MUS,1978,2.2200897
Mauritius,MUS,1979,2.3028758
Mauritius,MUS,1980,2.4903665
Mauritius,MUS,1981,2.633638
Mauritius,MUS,1982,2.7349079
Mauritius,MUS,1983,2.8846924
Mauritius,MUS,1984,3.0601425
Mauritius,MUS,1985,3.1419637
Mauritius,MUS,1986,3.2216656
Mauritius,MUS,1987,3.400294
Mauritius,MUS,1988,3.3052306
Mauritius,MUS,1989,3.169152
Mauritius,MUS,1990,3.1514196
Mauritius,MUS,1991,3.2532341
Mauritius,MUS,1992,2.8390965
Mauritius,MUS,1993,2.8894813
Mauritius,MUS,1994,2.8565125
Mauritius,MUS,1995,2.8813338
Mauritius,MUS,1996,2.824828
Mauritius,MUS,1997,2.8770063
Mauritius,MUS,1998,3.0342453
Mauritius,MUS,1999,8.952362
Mauritius,MUS,2000,8.912103
Mauritius,MUS,2001,9.099761
Mauritius,MUS,2002,9.453338
Mauritius,MUS,2003,9.295883
Mauritius,MUS,2004,9.44139
Mauritius,MUS,2005,8.538754
Mauritius,MUS,2006,7.607544
Mauritius,MUS,2007,6.8326507
Mauritius,MUS,2008,5.94884
Mauritius,MUS,2009,5.276487
Mauritius,MUS,2010,5.27
Mauritius,MUS,2011,5.4
Mauritius,MUS,2012,5.569983
Mauritius,MUS,2013,5.7799644
Mauritius,MUS,2014,5.879973
Mauritius,MUS,2015,6.1099863
Mauritius,MUS,2016,5.9999676
Mauritius,MUS,2017,6.3199806
Mauritius,MUS,2018,6.5399694
Mauritius,MUS,2019,7.150006
Mauritius,MUS,2020,6.2299466
Mauritius,MUS,2021,6.739958
Mauritius,MUS,2022,8.619973
Mauritius,MUS,2023,7.709994
Mexico,MEX,1961,3.2043853
Mexico,MEX,1962,3.3405173
Mexico,MEX,1963,3.7695146
Mexico,MEX,1964,3.62831
Mexico,MEX,1965,4.043017
Mexico,MEX,1966,4.350381
Mexico,MEX,1967,5.126721
Mexico,MEX,1968,4.992555
Mexico,MEX,1969,5.4247384
Mexico,MEX,1970,5.82905
Mexico,MEX,1971,5.705491
Mexico,MEX,1972,6.3984156
Mexico,MEX,1973,6.278689
Mexico,MEX,1974,5.7818837
Mexico,MEX,1975,6.183103
Mexico,MEX,1976,6.4903927
Mexico,MEX,1977,6.986059
Mexico,MEX,1978,7.4366884
Mexico,MEX,1979,7.8921556
Mexico,MEX,1980,8.268788
Mexico,MEX,1981,8.319828
Mexico,MEX,1982,8.568105
Mexico,MEX,1983,8.541812
Mexico,MEX,1984,8.683468
Mexico,MEX,1985,9.472552
Mexico,MEX,1986,11.198288
Mexico,MEX,1987,10.853543
Mexico,MEX,1988,12.058959
Mexico,MEX,1989,11.344322
Mexico,MEX,1990,10.538747
Mexico,MEX,1991,11.752593
Mexico,MEX,1992,11.735485
Mexico,MEX,1993,12.223486
Mexico,MEX,1994,12.167066
Mexico,MEX,1995,11.7479515
Mexico,MEX,1996,11.459933
Mexico,MEX,1997,12.220967
Mexico,MEX,1998,13.135903
Mexico,MEX,1999,14.444276
Mexico,MEX,2000,15.6297245
Mexico,MEX,2001,16.279964
Mexico,MEX,2002,16.048227
Mexico,MEX,2003,15.708115
Mexico,MEX,2004,16.366312
Mexico,MEX,2005,16.32544
Mexico,MEX,2006,18.481686
Mexico,MEX,2007,18.150295
Mexico,MEX,2008,18.19709
Mexico,MEX,2009,18.118376
Mexico,MEX,2010,18.2
Mexico,MEX,2011,18.52
Mexico,MEX,2012,17.4
Mexico,MEX,2013,19.16
Mexico,MEX,2014,19.139997
Mexico,MEX,2015,19.48
Mexico,MEX,2016,19.810001
Mexico,MEX,2017,19.920002
Mexico,MEX,2018,20.32
Mexico,MEX,2019,20.68
Mexico,MEX,2020,20.959997
Mexico,MEX,2021,21.27
Mexico,MEX,2022,21.33
Mexico,MEX,2023,21.55
Micronesia (FAO),,1961,1.71
Micronesia (FAO),,1962,1.66
Micronesia (FAO),,1963,1.67
Micronesia (FAO),,1964,1.68
Micronesia (FAO),,1965,1.68
Micronesia (FAO),,1966,1.69
Micronesia (FAO),,1967,1.68
Micronesia (FAO),,1968,1.64
Micronesia (FAO),,1969,1.65
Micronesia (FAO),,1970,1.66
Micronesia (FAO),,1971,1.67
Micronesia (FAO),,1972,1.65
Micronesia (FAO),,1973,2.09
Micronesia (FAO),,1974,2.15
Micronesia (FAO),,1975,1.83
Micronesia (FAO),,1976,2.47
Micronesia (FAO),,1977,1.92
Micronesia (FAO),,1978,1.71
Micronesia (FAO),,1979,1.96
Micronesia (FAO),,1980,1.84
Micronesia (FAO),,1981,1.68
Micronesia (FAO),,1982,1.82
Micronesia (FAO),,1983,1.71
Micronesia (FAO),,1984,1.7
Micronesia (FAO),,1985,1.52
Micronesia (FAO),,1986,1.53
Micronesia (FAO),,1987,1.45
Micronesia (FAO),,1988,1.4
Micronesia (FAO),,1989,1.36
Micronesia (FAO),,1990,1.37
Micronesia (FAO),,1991,1.33
Micronesia (FAO),,1992,1.36
Micronesia (FAO),,1993,1.42
Micronesia (FAO),,1994,1.48
Micronesia (FAO),,1995,1.45
Micronesia (FAO),,1996,1.4
Micronesia (FAO),,1997,1.34
Micronesia (FAO),,1998,1.43
Micronesia (FAO),,1999,1.38
Micronesia (FAO),,2000,2.1
Micronesia (FAO),,2001,2.06
Micronesia (FAO),,2002,2.07
Micronesia (FAO),,2003,2.05
Micronesia (FAO),,2004,2.09
Micronesia (FAO),,2005,2.4
Micronesia (FAO),,2006,2.25
Micronesia (FAO),,2007,2.37
Micronesia (FAO),,2008,2.33
Micronesia (FAO),,2009,2.4
Micronesia (FAO),,2010,2.32
Micronesia (FAO),,2011,2.22
Micronesia (FAO),,2012,2.32
Micronesia (FAO),,2013,1.56
Micronesia (FAO),,2014,1.57
Micronesia (FAO),,2015,1.54
Micronesia (FAO),,2016,1.6
Micronesia (FAO),,2017,1.94
Micronesia (FAO),,2018,2.46
Micronesia (FAO),,2019,5.73
Micronesia (FAO),,2020,6.39
Micronesia (FAO),,2021,7.07
Micronesia (FAO),,2022,5.29
Micronesia (FAO),,2023,6.37
Micronesia (country),FSM,2019,6.139276
Micronesia (country),FSM,2020,6.089451
Micronesia (country),FSM,2021,6.429136
Micronesia (country),FSM,2022,5.2994328
Micronesia (country),FSM,2023,5.0992756
Middle Africa (FAO),,1961,0.39
Middle Africa (FAO),,1962,0.39
Middle Africa (FAO),,1963,0.41
Middle Africa (FAO),,1964,0.45
Middle Africa (FAO),,1965,0.45
Middle Africa (FAO),,1966,0.48
Middle Africa (FAO),,1967,0.51
Middle Africa (FAO),,1968,0.52
Middle Africa (FAO),,1969,0.55
Middle Africa (FAO),,1970,0.54
Middle Africa (FAO),,1971,0.53
Middle Africa (FAO),,1972,0.52
Middle Africa (FAO),,1973,0.51
Middle Africa (FAO),,1974,0.5
Middle Africa (FAO),,1975,0.5
Middle Africa (FAO),,1976,0.5
Middle Africa (FAO),,1977,0.62
Middle Africa (FAO),,1978,0.6
Middle Africa (FAO),,1979,0.59
Middle Africa (FAO),,1980,0.61
Middle Africa (FAO),,1981,0.59
Middle Africa (FAO),,1982,0.58
Middle Africa (FAO),,1983,0.61
Middle Africa (FAO),,1984,0.53
Middle Africa (FAO),,1985,0.57
Middle Africa (FAO),,1986,0.59
Middle Africa (FAO),,1987,0.57
Middle Africa (FAO),,1988,0.57
Middle Africa (FAO),,1989,0.57
Middle Africa (FAO),,1990,0.57
Middle Africa (FAO),,1991,0.54
Middle Africa (FAO),,1992,0.56
Middle Africa (FAO),,1993,0.55
Middle Africa (FAO),,1994,0.54
Middle Africa (FAO),,1995,0.53
Middle Africa (FAO),,1996,0.56
Middle Africa (FAO),,1997,0.73
Middle Africa (FAO),,1998,0.7
Middle Africa (FAO),,1999,0.59
Middle Africa (FAO),,2000,0.6
Middle Africa (FAO),,2001,0.67
Middle Africa (FAO),,2002,0.72
Middle Africa (FAO),,2003,0.59
Middle Africa (FAO),,2004,0.66
Middle Africa (FAO),,2005,0.68
Middle Africa (FAO),,2006,0.72
Middle Africa (FAO),,2007,0.63
Middle Africa (FAO),,2008,0.76
Middle Africa (FAO),,2009,0.7
Middle Africa (FAO),,2010,0.47
Middle Africa (FAO),,2011,0.49
Middle Africa (FAO),,2012,0.55
Middle Africa (FAO),,2013,0.41
Middle Africa (FAO),,2014,0.32
Middle Africa (FAO),,2015,0.26
Middle Africa (FAO),,2016,0.17
Middle Africa (FAO),,2017,0.18
Middle Africa (FAO),,2018,0.17
Middle Africa (FAO),,2019,0.17
Middle Africa (FAO),,2020,0.39
Middle Africa (FAO),,2021,0.57
Middle Africa (FAO),,2022,0.65
Middle Africa (FAO),,2023,0.63
Moldova,MDA,1992,5.739453
Moldova,MDA,1993,4.465248
Moldova,MDA,1994,3.5797033
Moldova,MDA,1995,4.079286
Moldova,MDA,1996,4.2023015
Moldova,MDA,1997,6.057214
Moldova,MDA,1998,6.4326477
Moldova,MDA,1999,6.0305266
Moldova,MDA,2000,6.4393573
Moldova,MDA,2001,6.89612
Moldova,MDA,2002,8.488022
Moldova,MDA,2003,8.010005
Moldova,MDA,2004,8.33393
Moldova,MDA,2005,9.434811
Moldova,MDA,2006,9.05944
Moldova,MDA,2007,9.613093
Moldova,MDA,2008,7.910072
Moldova,MDA,2009,8.965726
Moldova,MDA,2010,10.408376
Moldova,MDA,2011,10.399235
Moldova,MDA,2012,9.68623
Moldova,MDA,2013,9.770491
Moldova,MDA,2014,10.315588
Moldova,MDA,2015,10.081424
Moldova,MDA,2016,10.2906065
Moldova,MDA,2017,10.475425
Moldova,MDA,2018,11.309184
Moldova,MDA,2019,11.390119
Moldova,MDA,2020,10.564025
Moldova,MDA,2021,9.915571
Moldova,MDA,2022,10.444045
Moldova,MDA,2023,10.278083
Mongolia,MNG,1961,0.15567347
Mongolia,MNG,1962,0.20386077
Mongolia,MNG,1963,0.18479212
Mongolia,MNG,1964,0.19541226
Mongolia,MNG,1965,0.23486874
Mongolia,MNG,1966,0.27428266
Mongolia,MNG,1967,0.20578998
Mongolia,MNG,1968,0.21589829
Mongolia,MNG,1969,0.17710656
Mongolia,MNG,1970,0.20736137
Mongolia,MNG,1971,0.20793548
Mongolia,MNG,1972,0.20848987
Mongolia,MNG,1973,0.21866842
Mongolia,MNG,1974,0.23866296
Mongolia,MNG,1975,0.25854984
Mongolia,MNG,1976,0.2680696
Mongolia,MNG,1977,0.28737864
Mongolia,MNG,1978,0.43579447
Mongolia,MNG,1979,0.5253209
Mongolia,MNG,1980,0.5860671
Mongolia,MNG,1981,0.5170593
Mongolia,MNG,1982,0.49793768
Mongolia,MNG,1983,0.5681012
Mongolia,MNG,1984,0.5889439
Mongolia,MNG,1985,0.6501627
Mongolia,MNG,1986,0.6516598
Mongolia,MNG,1987,0.6633271
Mongolia,MNG,1988,0.70460993
Mongolia,MNG,1989,0.7962518
Mongolia,MNG,1990,0.8374473
Mongolia,MNG,1991,0.5538022
Mongolia,MNG,1992,0.39084822
Mongolia,MNG,1993,0.20902875
Mongolia,MNG,1994,0.07914151
Mongolia,MNG,1995,0.078708164
Mongolia,MNG,1996,0.11764064
Mongolia,MNG,1997,0.15644169
Mongolia,MNG,1998,0.16599849
Mongolia,MNG,1999,0.26356173
Mongolia,MNG,2000,0.46862513
Mongolia,MNG,2001,0.64462906
Mongolia,MNG,2002,0.69379145
Mongolia,MNG,2003,0.9398967
Mongolia,MNG,2004,0.64785254
Mongolia,MNG,2005,0.51260287
Mongolia,MNG,2006,0.66332245
Mongolia,MNG,2007,1.0547259
Mongolia,MNG,2008,1.0194459
Mongolia,MNG,2009,0.91227627
Mongolia,MNG,2010,2.1999927
Mongolia,MNG,2011,3.0299966
Mongolia,MNG,2012,3.0399966
Mongolia,MNG,2013,3.3499916
Mongolia,MNG,2014,3.189999
Mongolia,MNG,2015,3.1800022
Mongolia,MNG,2016,3.7699938
Mongolia,MNG,2017,3.9699862
Mongolia,MNG,2018,5.1699934
Mongolia,MNG,2019,5.659986
Mongolia,MNG,2020,5.4300065
Mongolia,MNG,2021,6.7299876
Mongolia,MNG,2022,6.5899906
Mongolia,MNG,2023,6.939984
Montenegro,MNE,2006,4.2341876
Montenegro,MNE,2007,5.551763
Montenegro,MNE,2008,5.1252813
Montenegro,MNE,2009,5.6669116
Montenegro,MNE,2010,6.25002
Montenegro,MNE,2011,8.000012
Montenegro,MNE,2012,7.9199247
Montenegro,MNE,2013,10.790017
Montenegro,MNE,2014,10.670051
Montenegro,MNE,2015,11.919906
Montenegro,MNE,2016,11.720076
Montenegro,MNE,2017,11.869962
Montenegro,MNE,2018,10.579862
Montenegro,MNE,2019,13.039978
Montenegro,MNE,2020,10.559931
Montenegro,MNE,2021,10.539929
Montenegro,MNE,2022,13.670023
Montenegro,MNE,2023,13.379936
Morocco,MAR,1961,2.5414202
Morocco,MAR,1962,2.5858583
Morocco,MAR,1963,2.5012484
Morocco,MAR,1964,2.619841
Morocco,MAR,1965,2.4907355
Morocco,MAR,1966,2.5301716
Morocco,MAR,1967,2.5360913
Morocco,MAR,1968,2.583548
Morocco,MAR,1969,2.544736
Morocco,MAR,1970,2.514251
Morocco,MAR,1971,2.4619625
Morocco,MAR,1972,2.6183307
Morocco,MAR,1973,2.6071212
Morocco,MAR,1974,2.6487532
Morocco,MAR,1975,2.6397383
Morocco,MAR,1976,2.869348
Morocco,MAR,1977,3.2209177
Morocco,MAR,1978,3.437032
Morocco,MAR,1979,3.4793336
Morocco,MAR,1980,3.2964518
Morocco,MAR,1981,3.013036
Morocco,MAR,1982,3.1677785
Morocco,MAR,1983,3.1107554
Morocco,MAR,1984,3.156413
Morocco,MAR,1985,3.6569283
Morocco,MAR,1986,4.5441628
Morocco,MAR,1987,5.6600327
Morocco,MAR,1988,5.778287
Morocco,MAR,1989,5.9166107
Morocco,MAR,1990,6.134444
Morocco,MAR,1991,5.9073405
Morocco,MAR,1992,6.1662188
Morocco,MAR,1993,6.3034396
Morocco,MAR,1994,6.3001924
Morocco,MAR,1995,6.3221536
Morocco,MAR,1996,6.1671114
Morocco,MAR,1997,6.2649217
Morocco,MAR,1998,5.4767065
Morocco,MAR,1999,7.3802075
Morocco,MAR,2000,6.9897666
Morocco,MAR,2001,6.8990555
Morocco,MAR,2002,6.745973
Morocco,MAR,2003,6.523436
Morocco,MAR,2004,6.4889135
Morocco,MAR,2005,6.400465
Morocco,MAR,2006,6.53907
Morocco,MAR,2007,7.0014033
Morocco,MAR,2008,4.8381314
Morocco,MAR,2009,4.911629
Morocco,MAR,2010,5.7200017
Morocco,MAR,2011,6.160001
Morocco,MAR,2012,6.2099986
Morocco,MAR,2013,6.0999994
Morocco,MAR,2014,7.0499997
Morocco,MAR,2015,7.19
Morocco,MAR,2016,6.0800004
Morocco,MAR,2017,8.7699995
Morocco,MAR,2018,8.81
Morocco,MAR,2019,8.909998
Morocco,MAR,2020,8.840001
Morocco,MAR,2021,8.78
Morocco,MAR,2022,8.139998
Morocco,MAR,2023,7.6699967
Mozambique,MOZ,1961,0.022823907
Mozambique,MOZ,1962,0.022842813
Mozambique,MOZ,1963,0.02285569
Mozambique,MOZ,1964,0.022872299
Mozambique,MOZ,1965,0.022882853
Mozambique,MOZ,1966,0.034339588
Mozambique,MOZ,1967,0.022906171
Mozambique,MOZ,1968,0.022915106
Mozambique,MOZ,1969,0.011460338
Mozambique,MOZ,1970,0
Mozambique,MOZ,1971,0.011430498
Mozambique,MOZ,1972,0.011369008
Mozambique,MOZ,1973,0.01129073
Mozambique,MOZ,1974,0.022420732
Mozambique,MOZ,1975,0.044524465
Mozambique,MOZ,1976,0.033164404
Mozambique,MOZ,1977,0.021932574
Mozambique,MOZ,1978,0.0108558405
Mozambique,MOZ,1979,0.01073552
Mozambique,MOZ,1980,0.010710801
Mozambique,MOZ,1981,0.010752824
Mozambique,MOZ,1982,0.010765054
Mozambique,MOZ,1983,0.010761295
Mozambique,MOZ,1984,0.0107186185
Mozambique,MOZ,1985,0.021259148
Mozambique,MOZ,1986,0.010485819
Mozambique,MOZ,1987,0
Mozambique,MOZ,1988,0
Mozambique,MOZ,1989,0.010378216
Mozambique,MOZ,1990,0.02072315
Mozambique,MOZ,1991,0.010405861
Mozambique,MOZ,1992,0.010541151
Mozambique,MOZ,1993,0.021198185
Mozambique,MOZ,1994,0.020557605
Mozambique,MOZ,1995,0.020026904
Mozambique,MOZ,1996,0.03992849
Mozambique,MOZ,1997,0.04989679
Mozambique,MOZ,1998,0.050030384
Mozambique,MOZ,1999,0.030107418
Mozambique,MOZ,2000,0.010080723
Mozambique,MOZ,2001,0.05066962
Mozambique,MOZ,2002,0.11209843
Mozambique,MOZ,2003,0.28693807
Mozambique,MOZ,2004,0.47388065
Mozambique,MOZ,2005,0.38285458
Mozambique,MOZ,2006,0.39462286
Mozambique,MOZ,2007,0.5415782
Mozambique,MOZ,2008,0.7511496
Mozambique,MOZ,2009,0.8346288
Mozambique,MOZ,2010,1.1200004
Mozambique,MOZ,2011,1.3799996
Mozambique,MOZ,2012,1.97
Mozambique,MOZ,2013,1.7599998
Mozambique,MOZ,2014,2.0099998
Mozambique,MOZ,2015,1.5899997
Mozambique,MOZ,2016,1.6699995
Mozambique,MOZ,2017,2.1299996
Mozambique,MOZ,2018,1.8699996
Mozambique,MOZ,2019,1.3600001
Mozambique,MOZ,2020,1.4300002
Mozambique,MOZ,2021,0.50000006
Mozambique,MOZ,2022,0.49000013
Mozambique,MOZ,2023,0.48999998
Myanmar,MMR,1961,0.5735086
Myanmar,MMR,1962,0.5536434
Myanmar,MMR,1963,0.543688
Myanmar,MMR,1964,0.5438294
Myanmar,MMR,1965,0.58379275
Myanmar,MMR,1966,0.63408625
Myanmar,MMR,1967,0.55584663
Myanmar,MMR,1968,0.57695
Myanmar,MMR,1969,0.6081389
Myanmar,MMR,1970,0.67932445
Myanmar,MMR,1971,0.67071766
Myanmar,MMR,1972,0.6620586
Myanmar,MMR,1973,0.7748707
Myanmar,MMR,1974,0.6974328
Myanmar,MMR,1975,0.7310813
Myanmar,MMR,1976,0.7549204
Myanmar,MMR,1977,0.7992794
Myanmar,MMR,1978,0.8128065
Myanmar,MMR,1979,0.8471798
Myanmar,MMR,1980,0.9234226
Myanmar,MMR,1981,1.0943525
Myanmar,MMR,1982,1.1520616
Myanmar,MMR,1983,1.2712278
Myanmar,MMR,1984,1.251546
Myanmar,MMR,1985,1.3577415
Myanmar,MMR,1986,1.2956986
Myanmar,MMR,1987,1.3181561
Myanmar,MMR,1988,1.2880173
Myanmar,MMR,1989,0.87720716
Myanmar,MMR,1990,0.8251684
Myanmar,MMR,1991,0.85788196
Myanmar,MMR,1992,0.9331145
Myanmar,MMR,1993,0.9022377
Myanmar,MMR,1994,0.94567585
Myanmar,MMR,1995,1.042672
Myanmar,MMR,1996,1.1190304
Myanmar,MMR,1997,1.2704573
Myanmar,MMR,1998,1.3685924
Myanmar,MMR,1999,1.7228127
Myanmar,MMR,2000,2.3322048
Myanmar,MMR,2001,2.1044085
Myanmar,MMR,2002,2.322795
Myanmar,MMR,2003,2.6240103
Myanmar,MMR,2004,3.0517044
Myanmar,MMR,2005,3.6071484
Myanmar,MMR,2006,3.9841883
Myanmar,MMR,2007,4.224744
Myanmar,MMR,2008,4.8116946
Myanmar,MMR,2009,5.931387
Myanmar,MMR,2010,6.2600007
Myanmar,MMR,2011,6.7599998
Myanmar,MMR,2012,7.1099997
Myanmar,MMR,2013,7.6900005
Myanmar,MMR,2014,8.2699995
Myanmar,MMR,2015,8.85
Myanmar,MMR,2016,9.3
Myanmar,MMR,2017,9.54
Myanmar,MMR,2018,9.73
Myanmar,MMR,2019,9.699999
Myanmar,MMR,2020,2.0199997
Myanmar,MMR,2021,2.01
Myanmar,MMR,2022,1.9899999
Myanmar,MMR,2023,1.98
Namibia,NAM,1961,0.11254009
Namibia,NAM,1962,0.18503964
Namibia,NAM,1963,0.22678179
Namibia,NAM,1964,0.26825374
Namibia,NAM,1965,0.34120637
Namibia,NAM,1966,0.4028551
Namibia,NAM,1967,0.42351782
Namibia,NAM,1968,0.45380414
Namibia,NAM,1969,0.4839667
Namibia,NAM,1970,0.5043042
Namibia,NAM,1971,0.5149964
Namibia,NAM,1972,0.53654164
Namibia,NAM,1973,0.5576332
Namibia,NAM,1974,0.5781406
Namibia,NAM,1975,0.5861475
Namibia,NAM,1976,0.59370774
Namibia,NAM,1977,0.6223701
Namibia,NAM,1978,0.62527645
Namibia,NAM,1979,0.6381423
Namibia,NAM,1980,0.6709019
Namibia,NAM,1981,0.68759143
Namibia,NAM,1982,0.6904975
Namibia,NAM,1983,0.69872457
Namibia,NAM,1984,0.709346
Namibia,NAM,1985,0.7227759
Namibia,NAM,1986,0.7184265
Namibia,NAM,1987,0.74741113
Namibia,NAM,1988,0.7437877
Namibia,NAM,1989,0.71800745
Namibia,NAM,1990,0.8473617
Namibia,NAM,1991,0.82843053
Namibia,NAM,1992,0.8806398
Namibia,NAM,1993,0.84733987
Namibia,NAM,1994,0.86681676
Namibia,NAM,1995,0.8774914
Namibia,NAM,1996,1.0047039
Namibia,NAM,1997,1.2384137
Namibia,NAM,1998,1.3997427
Namibia,NAM,1999,1.3799145
Namibia,NAM,2000,1.5654469
Namibia,NAM,2001,1.4661407
Namibia,NAM,2002,1.5850677
Namibia,NAM,2003,1.3637353
Namibia,NAM,2004,1.4542242
Namibia,NAM,2005,1.618235
Namibia,NAM,2006,1.6181667
Namibia,NAM,2007,1.5360544
Namibia,NAM,2008,1.5777904
Namibia,NAM,2009,1.5370511
Namibia,NAM,2010,1.5799963
Namibia,NAM,2011,1.4999924
Namibia,NAM,2012,2.499993
Namibia,NAM,2013,1.5800035
Namibia,NAM,2014,1.5899979
Namibia,NAM,2015,1.4399971
Namibia,NAM,2016,1.1599957
Namibia,NAM,2017,1.1999981
Namibia,NAM,2018,1.0600013
Namibia,NAM,2019,0.94999677
Namibia,NAM,2020,0.96
Namibia,NAM,2021,0.94999933
Namibia,NAM,2022,1.0299971
Namibia,NAM,2023,0.8399966
Nauru,NRU,2019,9.434533
Nauru,NRU,2020,9.300026
Nauru,NRU,2021,9.0368805
Nauru,NRU,2022,14.423109
Nauru,NRU,2023,11.570521
Nepal,NPL,1961,0.77165073
Nepal,NPL,1962,0.78897285
Nepal,NPL,1963,0.77826387
Nepal,NPL,1964,0.78640723
Nepal,NPL,1965,0.7945112
Nepal,NPL,1966,0.8307343
Nepal,NPL,1967,0.86705273
Nepal,NPL,1968,0.88470995
Nepal,NPL,1969,0.88386387
Nepal,NPL,1970,0.90158075
Nepal,NPL,1971,0.9010038
Nepal,NPL,1972,0.90997666
Nepal,NPL,1973,0.9189868
Nepal,NPL,1974,0.91882885
Nepal,NPL,1975,0.90936923
Nepal,NPL,1976,0.8908218
Nepal,NPL,1977,0.881257
Nepal,NPL,1978,0.86183393
Nepal,NPL,1979,0.86096597
Nepal,NPL,1980,0.87865084
Nepal,NPL,1981,0.8504083
Nepal,NPL,1982,0.87801284
Nepal,NPL,1983,0.9514887
Nepal,NPL,1984,0.98813117
Nepal,NPL,1985,0.7297164
Nepal,NPL,1986,0.7485692
Nepal,NPL,1987,0.7310217
Nepal,NPL,1988,0.7321589
Nepal,NPL,1989,0.7328859
Nepal,NPL,1990,0.88122004
Nepal,NPL,1991,0.89895564
Nepal,NPL,1992,0.87815166
Nepal,NPL,1993,0.8123528
Nepal,NPL,1994,0.8038017
Nepal,NPL,1995,0.8051397
Nepal,NPL,1996,0.8077635
Nepal,NPL,1997,0.8483734
Nepal,NPL,1998,0.89897287
Nepal,NPL,1999,0.9593205
Nepal,NPL,2000,0.8689334
Nepal,NPL,2001,0.9766661
Nepal,NPL,2002,0.9896613
Nepal,NPL,2003,1.0024734
Nepal,NPL,2004,1.0249797
Nepal,NPL,2005,1.0382334
Nepal,NPL,2006,1.0517827
Nepal,NPL,2007,1.0655693
Nepal,NPL,2008,1.0795239
Nepal,NPL,2009,1.0745764
Nepal,NPL,2010,1.0299997
Nepal,NPL,2011,1.1299996
Nepal,NPL,2012,1.2800002
Nepal,NPL,2013,1.4100001
Nepal,NPL,2014,1.3899997
Nepal,NPL,2015,1.39
Nepal,NPL,2016,2.0599992
Nepal,NPL,2017,2.1300004
Nepal,NPL,2018,2.3700001
Nepal,NPL,2019,2.3999996
Nepal,NPL,2020,2.4599993
Nepal,NPL,2021,2.2299995
Nepal,NPL,2022,1.9600003
Nepal,NPL,2023,2.3599994
Net Food Importing Developing Countries (FAO),,1961,0.99
Net Food Importing Developing Countries (FAO),,1962,1.01
Net Food Importing Developing Countries (FAO),,1963,1.02
Net Food Importing Developing Countries (FAO),,1964,1.08
Net Food Importing Developing Countries (FAO),,1965,1.11
Net Food Importing Developing Countries (FAO),,1966,1.16
Net Food Importing Developing Countries (FAO),,1967,1.2
Net Food Importing Developing Countries (FAO),,1968,1.23
Net Food Importing Developing Countries (FAO),,1969,1.25
Net Food Importing Developing Countries (FAO),,1970,1.28
Net Food Importing Developing Countries (FAO),,1971,1.3
Net Food Importing Developing Countries (FAO),,1972,1.33
Net Food Importing Developing Countries (FAO),,1973,1.36
Net Food Importing Developing Countries (FAO),,1974,1.37
Net Food Importing Developing Countries (FAO),,1975,1.43
Net Food Importing Developing Countries (FAO),,1976,1.47
Net Food Importing Developing Countries (FAO),,1977,1.53
Net Food Importing Developing Countries (FAO),,1978,1.61
Net Food Importing Developing Countries (FAO),,1979,1.64
Net Food Importing Developing Countries (FAO),,1980,1.62
Net Food Importing Developing Countries (FAO),,1981,1.67
Net Food Importing Developing Countries (FAO),,1982,1.73
Net Food Importing Developing Countries (FAO),,1983,1.75
Net Food Importing Developing Countries (FAO),,1984,1.72
Net Food Importing Developing Countries (FAO),,1985,1.74
Net Food Importing Developing Countries (FAO),,1986,1.78
Net Food Importing Developing Countries (FAO),,1987,1.83
Net Food Importing Developing Countries (FAO),,1988,1.9
Net Food Importing Developing Countries (FAO),,1989,1.75
Net Food Importing Developing Countries (FAO),,1990,1.79
Net Food Importing Developing Countries (FAO),,1991,1.8
Net Food Importing Developing Countries (FAO),,1992,1.75
Net Food Importing Developing Countries (FAO),,1993,1.67
Net Food Importing Developing Countries (FAO),,1994,1.73
Net Food Importing Developing Countries (FAO),,1995,1.73
Net Food Importing Developing Countries (FAO),,1996,1.76
Net Food Importing Developing Countries (FAO),,1997,1.86
Net Food Importing Developing Countries (FAO),,1998,1.81
Net Food Importing Developing Countries (FAO),,1999,1.93
Net Food Importing Developing Countries (FAO),,2000,1.97
Net Food Importing Developing Countries (FAO),,2001,1.97
Net Food Importing Developing Countries (FAO),,2002,2.04
Net Food Importing Developing Countries (FAO),,2003,2.02
Net Food Importing Developing Countries (FAO),,2004,2
Net Food Importing Developing Countries (FAO),,2005,2.06
Net Food Importing Developing Countries (FAO),,2006,2.15
Net Food Importing Developing Countries (FAO),,2007,2.19
Net Food Importing Developing Countries (FAO),,2008,2.28
Net Food Importing Developing Countries (FAO),,2009,2.23
Net Food Importing Developing Countries (FAO),,2010,2.23
Net Food Importing Developing Countries (FAO),,2011,2.31
Net Food Importing Developing Countries (FAO),,2012,2.41
Net Food Importing Developing Countries (FAO),,2013,2.44
Net Food Importing Developing Countries (FAO),,2014,2.59
Net Food Importing Developing Countries (FAO),,2015,2.57
Net Food Importing Developing Countries (FAO),,2016,2.54
Net Food Importing Developing Countries (FAO),,2017,2.75
Net Food Importing Developing Countries (FAO),,2018,2.74
Net Food Importing Developing Countries (FAO),,2019,2.71
Net Food Importing Developing Countries (FAO),,2020,2.7
Net Food Importing Developing Countries (FAO),,2021,2.72
Net Food Importing Developing Countries (FAO),,2022,2.62
Net Food Importing Developing Countries (FAO),,2023,2.58
Netherlands,NLD,1961,12.670635
Netherlands,NLD,1962,13.208338
Netherlands,NLD,1963,12.2844515
Netherlands,NLD,1964,13.513809
Netherlands,NLD,1965,12.400511
Netherlands,NLD,1966,12.215897
Netherlands,NLD,1967,11.738591
Netherlands,NLD,1968,12.380766
Netherlands,NLD,1969,12.855131
Netherlands,NLD,1970,12.846725
Netherlands,NLD,1971,12.235034
Netherlands,NLD,1972,12.057218
Netherlands,NLD,1973,12.421904
Netherlands,NLD,1974,9.634495
Netherlands,NLD,1975,9.672364
Netherlands,NLD,1976,8.909541
Netherlands,NLD,1977,12.151085
Netherlands,NLD,1978,11.773673
Netherlands,NLD,1979,12.666419
Netherlands,NLD,1980,11.518116
Netherlands,NLD,1981,13.248629
Netherlands,NLD,1982,14.690015
Netherlands,NLD,1983,13.9125805
Netherlands,NLD,1984,13.858256
Netherlands,NLD,1985,13.9858465
Netherlands,NLD,1986,13.08312
Netherlands,NLD,1987,11.878997
Netherlands,NLD,1988,11.710496
Netherlands,NLD,1989,10.588305
Netherlands,NLD,1990,11.580428
Netherlands,NLD,1991,11.436359
Netherlands,NLD,1992,11.347901
Netherlands,NLD,1993,13.323459
Netherlands,NLD,1994,13.7002325
Netherlands,NLD,1995,16.16793
Netherlands,NLD,1996,14.642003
Netherlands,NLD,1997,15.589483
Netherlands,NLD,1998,18.040035
Netherlands,NLD,1999,15.010895
Netherlands,NLD,2000,19.41667
Netherlands,NLD,2001,16.923098
Netherlands,NLD,2002,18.880404
Netherlands,NLD,2003,15.555438
Netherlands,NLD,2004,18.220226
Netherlands,NLD,2005,17.345812
Netherlands,NLD,2006,17.871387
Netherlands,NLD,2007,17.804325
Netherlands,NLD,2008,15.223974
Netherlands,NLD,2009,9.797148
Netherlands,NLD,2010,13.790007
Netherlands,NLD,2011,15.53
Netherlands,NLD,2012,15.209999
Netherlands,NLD,2013,13.859995
Netherlands,NLD,2014,18.690006
Netherlands,NLD,2015,20.6
Netherlands,NLD,2016,22.139996
Netherlands,NLD,2017,19.569992
Netherlands,NLD,2018,17.259995
Netherlands,NLD,2019,22.150005
Netherlands,NLD,2020,21.589998
Netherlands,NLD,2021,19.329994
Netherlands,NLD,2022,25.119999
Netherlands,NLD,2023,17.849995
Netherlands Antilles,ANT,1961,4.0114317
Netherlands Antilles,ANT,1962,3.8710594
Netherlands Antilles,ANT,1963,3.606454
Netherlands Antilles,ANT,1964,3.2905076
Netherlands Antilles,ANT,1965,3.4628496
Netherlands Antilles,ANT,1966,2.7055542
Netherlands Antilles,ANT,1967,3.0577502
Netherlands Antilles,ANT,1968,3.4302168
Netherlands Antilles,ANT,1969,3.9716706
Netherlands Antilles,ANT,1970,3.9811866
Netherlands Antilles,ANT,1971,4.5397034
Netherlands Antilles,ANT,1972,3.1503966
Netherlands Antilles,ANT,1973,2.7054145
Netherlands Antilles,ANT,1974,2.811161
Netherlands Antilles,ANT,1975,3.0977128
Netherlands Antilles,ANT,1976,3.2375395
Netherlands Antilles,ANT,1977,3.228391
Netherlands Antilles,ANT,1978,3.4144428
Netherlands Antilles,ANT,1979,3.1102524
Netherlands Antilles,ANT,1980,3.0723429
Netherlands Antilles,ANT,1981,4.7014785
Netherlands Antilles,ANT,1982,4.8276
Netherlands Antilles,ANT,1983,3.269785
Netherlands Antilles,ANT,1984,3.061052
Netherlands Antilles,ANT,1985,2.7752378
Netherlands Antilles,ANT,1986,2.675557
Netherlands Antilles,ANT,1987,2.259628
Netherlands Antilles,ANT,1988,2.2186089
Netherlands Antilles,ANT,1989,2.3328192
Netherlands Antilles,ANT,1990,2.539365
Netherlands Antilles,ANT,1991,2.5741851
Netherlands Antilles,ANT,1992,2.7151988
Netherlands Antilles,ANT,1993,2.2507937
Netherlands Antilles,ANT,1994,2.278242
Netherlands Antilles,ANT,1995,2.5683615
Netherlands Antilles,ANT,1996,2.6484747
Netherlands Antilles,ANT,1997,2.434693
Netherlands Antilles,ANT,1998,3.2034204
Netherlands Antilles,ANT,1999,2.682961
Netherlands Antilles,ANT,2000,2.7572818
Netherlands Antilles,ANT,2001,2.7919524
Netherlands Antilles,ANT,2002,3.3073037
Netherlands Antilles,ANT,2003,3.572616
Netherlands Antilles,ANT,2004,3.929222
Netherlands Antilles,ANT,2005,4.105759
Netherlands Antilles,ANT,2006,3.738642
Netherlands Antilles,ANT,2007,5.0047755
Netherlands Antilles,ANT,2008,5.365765
Netherlands Antilles,ANT,2009,4.6077366
New Caledonia,NCL,1961,3.9256072
New Caledonia,NCL,1962,3.8315172
New Caledonia,NCL,1963,3.369064
New Caledonia,NCL,1964,3.329471
New Caledonia,NCL,1965,3.1937363
New Caledonia,NCL,1966,3.0700684
New Caledonia,NCL,1967,3.0669994
New Caledonia,NCL,1968,3.229873
New Caledonia,NCL,1969,3.0339587
New Caledonia,NCL,1970,2.995912
New Caledonia,NCL,1971,2.8267932
New Caledonia,NCL,1972,2.6326847
New Caledonia,NCL,1973,2.5202832
New Caledonia,NCL,1974,2.8674881
New Caledonia,NCL,1975,3.1564476
New Caledonia,NCL,1976,3.2046726
New Caledonia,NCL,1977,3.3326879
New Caledonia,NCL,1978,3.2003663
New Caledonia,NCL,1979,4.5928907
New Caledonia,NCL,1980,6.331077
New Caledonia,NCL,1981,6.1038704
New Caledonia,NCL,1982,6.071641
New Caledonia,NCL,1983,7.3625813
New Caledonia,NCL,1984,7.1283813
New Caledonia,NCL,1985,7.457255
New Caledonia,NCL,1986,7.1796427
New Caledonia,NCL,1987,6.795405
New Caledonia,NCL,1988,6.757971
New Caledonia,NCL,1989,6.9819756
New Caledonia,NCL,1990,7.5369473
New Caledonia,NCL,1991,6.263138
New Caledonia,NCL,1992,6.6112075
New Caledonia,NCL,1993,5.8892474
New Caledonia,NCL,1994,6.005081
New Caledonia,NCL,1995,6.564334
New Caledonia,NCL,1996,6.4757524
New Caledonia,NCL,1997,6.7553253
New Caledonia,NCL,1998,6.36965
New Caledonia,NCL,1999,6.683415
New Caledonia,NCL,2000,6.362781
New Caledonia,NCL,2001,5.9957666
New Caledonia,NCL,2002,7.030774
New Caledonia,NCL,2003,6.6575265
New Caledonia,NCL,2004,6.613663
New Caledonia,NCL,2005,6.4467187
New Caledonia,NCL,2006,6.841253
New Caledonia,NCL,2007,6.6828856
New Caledonia,NCL,2008,5.8659897
New Caledonia,NCL,2009,6.9331145
New Caledonia,NCL,2010,8.68
New Caledonia,NCL,2011,8.859668
New Caledonia,NCL,2012,10.8696
New Caledonia,NCL,2013,9.68958
New Caledonia,NCL,2014,8.469608
New Caledonia,NCL,2015,8.599728
New Caledonia,NCL,2016,8.889625
New Caledonia,NCL,2017,9.25987
New Caledonia,NCL,2018,8.989652
New Caledonia,NCL,2019,9.559797
New Caledonia,NCL,2020,9.909756
New Caledonia,NCL,2021,9.469436
New Caledonia,NCL,2022,10.239643
New Caledonia,NCL,2023,8.589733
New Zealand,NZL,1961,17.378819
New Zealand,NZL,1962,17.049046
New Zealand,NZL,1963,17.081966
New Zealand,NZL,1964,16.925621
New Zealand,NZL,1965,16.885431
New Zealand,NZL,1966,17.12282
New Zealand,NZL,1967,18.417744
New Zealand,NZL,1968,18.130594
New Zealand,NZL,1969,18.19495
New Zealand,NZL,1970,18.046024
New Zealand,NZL,1971,17.108784
New Zealand,NZL,1972,17.09847
New Zealand,NZL,1973,17.755386
New Zealand,NZL,1974,17.43018
New Zealand,NZL,1975,16.909452
New Zealand,NZL,1976,15.462275
New Zealand,NZL,1977,16.330431
New Zealand,NZL,1978,16.390617
New Zealand,NZL,1979,16.580414
New Zealand,NZL,1980,15.723372
New Zealand,NZL,1981,16.787348
New Zealand,NZL,1982,16.700272
New Zealand,NZL,1983,15.024672
New Zealand,NZL,1984,13.755288
New Zealand,NZL,1985,12.783793
New Zealand,NZL,1986,12.696612
New Zealand,NZL,1987,10.747514
New Zealand,NZL,1988,11.08646
New Zealand,NZL,1989,12.138152
New Zealand,NZL,1990,18.375511
New Zealand,NZL,1991,18.106451
New Zealand,NZL,1992,17.44436
New Zealand,NZL,1993,17.148588
New Zealand,NZL,1994,10.035457
New Zealand,NZL,1995,9.67149
New Zealand,NZL,1996,9.627925
New Zealand,NZL,1997,9.486915
New Zealand,NZL,1998,9.468974
New Zealand,NZL,1999,9.414222
New Zealand,NZL,2000,9.46104
New Zealand,NZL,2001,9.677743
New Zealand,NZL,2002,9.80694
New Zealand,NZL,2003,9.76615
New Zealand,NZL,2004,10.027925
New Zealand,NZL,2005,10.387483
New Zealand,NZL,2006,10.6477785
New Zealand,NZL,2007,9.561979
New Zealand,NZL,2008,11.031726
New Zealand,NZL,2009,10.174001
New Zealand,NZL,2010,9.650008
New Zealand,NZL,2011,9.880003
New Zealand,NZL,2012,9.4299965
New Zealand,NZL,2013,9.619985
New Zealand,NZL,2014,9.820008
New Zealand,NZL,2015,9.929989
New Zealand,NZL,2016,10.720005
New Zealand,NZL,2017,10.500002
New Zealand,NZL,2018,10.800022
New Zealand,NZL,2019,10.819978
New Zealand,NZL,2020,11.760012
New Zealand,NZL,2021,11.660014
New Zealand,NZL,2022,10.899998
New Zealand,NZL,2023,10.870006
Nicaragua,NIC,1961,4.3646026
Nicaragua,NIC,1962,4.4474497
Nicaragua,NIC,1963,4.5455914
Nicaragua,NIC,1964,4.601193
Nicaragua,NIC,1965,4.7576604
Nicaragua,NIC,1966,4.71379
Nicaragua,NIC,1967,4.6888175
Nicaragua,NIC,1968,4.5540257
Nicaragua,NIC,1969,5.095348
Nicaragua,NIC,1970,5.081168
Nicaragua,NIC,1971,5.2650323
Nicaragua,NIC,1972,5.4616504
Nicaragua,NIC,1973,5.7003875
Nicaragua,NIC,1974,5.987904
Nicaragua,NIC,1975,7.8667297
Nicaragua,NIC,1976,9.229695
Nicaragua,NIC,1977,7.80401
Nicaragua,NIC,1978,10.650247
Nicaragua,NIC,1979,9.0313425
Nicaragua,NIC,1980,9.263148
Nicaragua,NIC,1981,8.475744
Nicaragua,NIC,1982,8.595632
Nicaragua,NIC,1983,8.529308
Nicaragua,NIC,1984,8.3343525
Nicaragua,NIC,1985,8.878424
Nicaragua,NIC,1986,8.351847
Nicaragua,NIC,1987,8.199071
Nicaragua,NIC,1988,7.22752
Nicaragua,NIC,1989,6.0394254
Nicaragua,NIC,1990,5.895003
Nicaragua,NIC,1991,5.8189125
Nicaragua,NIC,1992,5.7899566
Nicaragua,NIC,1993,5.8251133
Nicaragua,NIC,1994,5.6194744
Nicaragua,NIC,1995,5.4788947
Nicaragua,NIC,1996,5.883419
Nicaragua,NIC,1997,6.018938
Nicaragua,NIC,1998,6.2272816
Nicaragua,NIC,1999,3.375022
Nicaragua,NIC,2000,3.706948
Nicaragua,NIC,2001,3.8564262
Nicaragua,NIC,2002,4.168693
Nicaragua,NIC,2003,4.0617466
Nicaragua,NIC,2004,4.0449324
Nicaragua,NIC,2005,3.584175
Nicaragua,NIC,2006,3.7011034
Nicaragua,NIC,2007,3.6646707
Nicaragua,NIC,2008,3.6894975
Nicaragua,NIC,2009,3.9291096
Nicaragua,NIC,2010,4.1599994
Nicaragua,NIC,2011,4.419999
Nicaragua,NIC,2012,4.62
Nicaragua,NIC,2013,4.93999
Nicaragua,NIC,2014,5.1099977
Nicaragua,NIC,2015,5.3800025
Nicaragua,NIC,2016,6.5500064
Nicaragua,NIC,2017,5.719995
Nicaragua,NIC,2018,5.310005
Nicaragua,NIC,2019,5.01
Nicaragua,NIC,2020,4.970002
Nicaragua,NIC,2021,4.3999968
Nicaragua,NIC,2022,4.699991
Nicaragua,NIC,2023,4.749994
Niger,NER,1961,0.57970905
Niger,NER,1962,0.579041
Niger,NER,1963,0.5784336
Niger,NER,1964,0.6160087
Niger,NER,1965,0.66306144
Niger,NER,1966,0.6915244
Niger,NER,1967,0.7294482
Niger,NER,1968,0.7391476
Niger,NER,1969,0.7300644
Niger,NER,1970,0.74020183
Niger,NER,1971,0.731433
Niger,NER,1972,0.713325
Niger,NER,1973,0.7044726
Niger,NER,1974,0.6955866
Niger,NER,1975,0.68668514
Niger,NER,1976,0.6679826
Niger,NER,1977,0.658602
Niger,NER,1978,0.64872897
Niger,NER,1979,0.63832486
Niger,NER,1980,0.6275196
Niger,NER,1981,0.59781134
Niger,NER,1982,0.59665275
Niger,NER,1983,0.5955688
Niger,NER,1984,0.5756621
Niger,NER,1985,0.5463122
Niger,NER,1986,0.535826
Niger,NER,1987,0.5440889
Niger,NER,1988,0.5432557
Niger,NER,1989,0.5334805
Niger,NER,1990,0.5333991
Niger,NER,1991,0.51506394
Niger,NER,1992,0.4970835
Niger,NER,1993,0.48870048
Niger,NER,1994,0.4803567
Niger,NER,1995,0.4718187
Niger,NER,1996,0.46342164
Niger,NER,1997,0.46480265
Niger,NER,1998,0.44700995
Niger,NER,1999,0.43842572
Niger,NER,2000,0.4296835
Niger,NER,2001,0.42063484
Niger,NER,2002,0.41147044
Niger,NER,2003,0.411755
Niger,NER,2004,0.39278996
Niger,NER,2005,0.3833619
Niger,NER,2006,0.3259749
Niger,NER,2007,0.3164777
Niger,NER,2008,0.30700326
Niger,NER,2009,0.2975431
Niger,NER,2010,0.24999996
Niger,NER,2011,0.2499999
Niger,NER,2012,0.27
Niger,NER,2013,0.28000003
Niger,NER,2014,0.24999991
Niger,NER,2015,0.30000007
Niger,NER,2016,0.28999987
Niger,NER,2017,0.26
Niger,NER,2018,0.24999996
Niger,NER,2019,0.23999994
Niger,NER,2020,0.24999994
Niger,NER,2021,0.23999995
Niger,NER,2022,0.23999992
Niger,NER,2023,0.23000006
Nigeria,NGA,1961,1.5050453
Nigeria,NGA,1962,1.5450071
Nigeria,NGA,1963,1.5951182
Nigeria,NGA,1964,1.6051571
Nigeria,NGA,1965,1.6148936
Nigeria,NGA,1966,1.6347052
Nigeria,NGA,1967,1.6756185
Nigeria,NGA,1968,1.7267025
Nigeria,NGA,1969,1.7673156
Nigeria,NGA,1970,1.8076698
Nigeria,NGA,1971,1.9280307
Nigeria,NGA,1972,1.957562
Nigeria,NGA,1973,1.9866853
Nigeria,NGA,1974,2.0859973
Nigeria,NGA,1975,2.1753106
Nigeria,NGA,1976,2.1154642
Nigeria,NGA,1977,2.3265703
Nigeria,NGA,1978,2.3863673
Nigeria,NGA,1979,2.454138
Nigeria,NGA,1980,2.4977415
Nigeria,NGA,1981,2.4888878
Nigeria,NGA,1982,2.5883982
Nigeria,NGA,1983,2.5869865
Nigeria,NGA,1984,2.6357794
Nigeria,NGA,1985,2.7177386
Nigeria,NGA,1986,2.7443733
Nigeria,NGA,1987,2.881583
Nigeria,NGA,1988,2.594386
Nigeria,NGA,1989,2.3459857
Nigeria,NGA,1990,3.2095187
Nigeria,NGA,1991,3.3344126
Nigeria,NGA,1992,3.4194653
Nigeria,NGA,1993,3.5126693
Nigeria,NGA,1994,3.595784
Nigeria,NGA,1995,3.267834
Nigeria,NGA,1996,2.648327
Nigeria,NGA,1997,2.1965072
Nigeria,NGA,1998,3.2472193
Nigeria,NGA,1999,3.281939
Nigeria,NGA,2000,2.9265113
Nigeria,NGA,2001,3.1340523
Nigeria,NGA,2002,3.1175416
Nigeria,NGA,2003,3.1011465
Nigeria,NGA,2004,3.1238196
Nigeria,NGA,2005,3.1860323
Nigeria,NGA,2006,3.2685788
Nigeria,NGA,2007,3.332342
Nigeria,NGA,2008,3.4061255
Nigeria,NGA,2009,3.4902112
Nigeria,NGA,2010,3.25
Nigeria,NGA,2011,3.2999997
Nigeria,NGA,2012,3.23
Nigeria,NGA,2013,3.19
Nigeria,NGA,2014,3.06
Nigeria,NGA,2015,3.0799997
Nigeria,NGA,2016,2.95
Nigeria,NGA,2017,2.93
Nigeria,NGA,2018,2.78
Nigeria,NGA,2019,2.73
Nigeria,NGA,2020,2.7
Nigeria,NGA,2021,2.6300004
Nigeria,NGA,2022,2.66
Nigeria,NGA,2023,2.62
North America,OWID_NAM,1961,14.1887245
North America,OWID_NAM,1962,14.21348
North America,OWID_NAM,1963,14.059424
North America,OWID_NAM,1964,14.160142
North America,OWID_NAM,1965,14.027442
North America,OWID_NAM,1966,13.982673
North America,OWID_NAM,1967,14.431864
North America,OWID_NAM,1968,14.1268835
North America,OWID_NAM,1969,13.922319
North America,OWID_NAM,1970,14.012359
North America,OWID_NAM,1971,13.929404
North America,OWID_NAM,1972,13.723435
North America,OWID_NAM,1973,13.056619
North America,OWID_NAM,1974,12.762671
North America,OWID_NAM,1975,12.593108
North America,OWID_NAM,1976,12.399496
North America,OWID_NAM,1977,12.291221
North America,OWID_NAM,1978,12.60404
North America,OWID_NAM,1979,12.874557
North America,OWID_NAM,1980,12.83649
North America,OWID_NAM,1981,12.561587
North America,OWID_NAM,1982,12.553937
North America,OWID_NAM,1983,12.440414
North America,OWID_NAM,1984,12.17067
North America,OWID_NAM,1985,12.202249
North America,OWID_NAM,1986,12.447373
North America,OWID_NAM,1987,12.384466
North America,OWID_NAM,1988,12.317993
North America,OWID_NAM,1989,11.8915205
North America,OWID_NAM,1990,11.668176
North America,OWID_NAM,1991,11.862733
North America,OWID_NAM,1992,11.821356
North America,OWID_NAM,1993,11.81888
North America,OWID_NAM,1994,11.896754
North America,OWID_NAM,1995,11.735443
North America,OWID_NAM,1996,11.748925
North America,OWID_NAM,1997,12.030738
North America,OWID_NAM,1998,12.367368
North America,OWID_NAM,1999,12.898571
North America,OWID_NAM,2000,13.23413
North America,OWID_NAM,2001,13.625297
North America,OWID_NAM,2002,13.746882
North America,OWID_NAM,2003,13.610617
North America,OWID_NAM,2004,13.780744
North America,OWID_NAM,2005,13.75676
North America,OWID_NAM,2006,14.203445
North America,OWID_NAM,2007,13.854375
North America,OWID_NAM,2008,13.768767
North America,OWID_NAM,2009,13.796049
North America,OWID_NAM,2010,13.866857
North America,OWID_NAM,2011,13.894432
North America,OWID_NAM,2012,13.830765
North America,OWID_NAM,2013,14.431006
North America,OWID_NAM,2014,14.629939
North America,OWID_NAM,2015,14.502095
North America,OWID_NAM,2016,14.946157
North America,OWID_NAM,2017,15.300967
North America,OWID_NAM,2018,15.648121
North America,OWID_NAM,2019,15.731338
North America,OWID_NAM,2020,15.921021
North America,OWID_NAM,2021,15.897128
North America,OWID_NAM,2022,15.957831
North America,OWID_NAM,2023,15.953633
North Korea,PRK,1961,2.8117375
North Korea,PRK,1962,2.8559673
North Korea,PRK,1963,2.8897493
North Korea,PRK,1964,3.2206275
North Korea,PRK,1965,3.2083395
North Korea,PRK,1966,3.1761687
North Korea,PRK,1967,3.2869458
North Korea,PRK,1968,3.2493503
North Korea,PRK,1969,3.3581471
North Korea,PRK,1970,3.3050508
North Korea,PRK,1971,3.4622457
North Korea,PRK,1972,3.6096785
North Korea,PRK,1973,3.7503605
North Korea,PRK,1974,3.7810552
North Korea,PRK,1975,3.826353
North Korea,PRK,1976,4.085964
North Korea,PRK,1977,4.292071
North Korea,PRK,1978,4.836899
North Korea,PRK,1979,5.140494
North Korea,PRK,1980,5.3535013
North Korea,PRK,1981,5.372255
North Korea,PRK,1982,5.44319
North Korea,PRK,1983,5.6044307
North Korea,PRK,1984,5.765832
North Korea,PRK,1985,5.9146633
North Korea,PRK,1986,6.154902
North Korea,PRK,1987,6.200831
North Korea,PRK,1988,6.198034
North Korea,PRK,1989,6.2350097
North Korea,PRK,1990,6.379932
North Korea,PRK,1991,6.5946283
North Korea,PRK,1992,4.99133
North Korea,PRK,1993,4.2958436
North Korea,PRK,1994,3.788612
North Korea,PRK,1995,3.1202102
North Korea,PRK,1996,3.7118506
North Korea,PRK,1997,2.8293455
North Korea,PRK,1998,3.3121235
North Korea,PRK,1999,3.777265
North Korea,PRK,2000,4.342956
North Korea,PRK,2001,4.702384
North Korea,PRK,2002,5.068271
North Korea,PRK,2003,5.227029
North Korea,PRK,2004,5.262869
North Korea,PRK,2005,4.968274
North Korea,PRK,2006,4.16368
North Korea,PRK,2007,3.8839223
North Korea,PRK,2008,4.013807
North Korea,PRK,2009,3.8892004
North Korea,PRK,2010,4.0800004
North Korea,PRK,2011,4.2699986
North Korea,PRK,2012,4.429999
North Korea,PRK,2013,4.409999
North Korea,PRK,2014,4.5699997
North Korea,PRK,2015,4.439999
North Korea,PRK,2016,4.520001
North Korea,PRK,2017,4.43
North Korea,PRK,2018,4.4099994
North Macedonia,MKD,1992,9.717331
North Macedonia,MKD,1993,10.571218
North Macedonia,MKD,1994,11.066966
North Macedonia,MKD,1995,10.354026
North Macedonia,MKD,1996,9.970421
North Macedonia,MKD,1997,11.013326
North Macedonia,MKD,1998,9.780597
North Macedonia,MKD,1999,9.116855
North Macedonia,MKD,2000,9.874716
North Macedonia,MKD,2001,9.923753
North Macedonia,MKD,2002,9.1378765
North Macedonia,MKD,2003,7.1885595
North Macedonia,MKD,2004,8.997494
North Macedonia,MKD,2005,8.65079
North Macedonia,MKD,2006,8.910289
North Macedonia,MKD,2007,8.208828
North Macedonia,MKD,2008,7.9162145
North Macedonia,MKD,2009,7.7591977
North Macedonia,MKD,2010,10.62
North Macedonia,MKD,2011,8.43002
North Macedonia,MKD,2012,7.960008
North Macedonia,MKD,2013,7.96
North Macedonia,MKD,2014,7.509955
North Macedonia,MKD,2015,7.2900147
North Macedonia,MKD,2016,6.379974
North Macedonia,MKD,2017,8.240012
North Macedonia,MKD,2018,7.26
North Macedonia,MKD,2019,6.1899905
North Macedonia,MKD,2020,7.8299956
North Macedonia,MKD,2021,6.430003
North Macedonia,MKD,2022,6.749978
North Macedonia,MKD,2023,8.07
Northern Africa (FAO),,1961,1.25
Northern Africa (FAO),,1962,1.26
Northern Africa (FAO),,1963,1.22
Northern Africa (FAO),,1964,1.28
Northern Africa (FAO),,1965,1.27
Northern Africa (FAO),,1966,1.37
Northern Africa (FAO),,1967,1.4
Northern Africa (FAO),,1968,1.44
Northern Africa (FAO),,1969,1.38
Northern Africa (FAO),,1970,1.38
Northern Africa (FAO),,1971,1.38
Northern Africa (FAO),,1972,1.41
Northern Africa (FAO),,1973,1.46
Northern Africa (FAO),,1974,1.45
Northern Africa (FAO),,1975,1.58
Northern Africa (FAO),,1976,1.71
Northern Africa (FAO),,1977,1.94
Northern Africa (FAO),,1978,2.26
Northern Africa (FAO),,1979,2.21
Northern Africa (FAO),,1980,2.23
Northern Africa (FAO),,1981,2.37
Northern Africa (FAO),,1982,2.75
Northern Africa (FAO),,1983,2.88
Northern Africa (FAO),,1984,2.65
Northern Africa (FAO),,1985,2.74
Northern Africa (FAO),,1986,2.79
Northern Africa (FAO),,1987,3.09
Northern Africa (FAO),,1988,3.31
Northern Africa (FAO),,1989,3.12
Northern Africa (FAO),,1990,3.29
Northern Africa (FAO),,1991,3.15
Northern Africa (FAO),,1992,2.89
Northern Africa (FAO),,1993,2.93
Northern Africa (FAO),,1994,3.07
Northern Africa (FAO),,1995,3.19
Northern Africa (FAO),,1996,2.85
Northern Africa (FAO),,1997,2.99
Northern Africa (FAO),,1998,2.9
Northern Africa (FAO),,1999,3.07
Northern Africa (FAO),,2000,3.12
Northern Africa (FAO),,2001,3.17
Northern Africa (FAO),,2002,3.88
Northern Africa (FAO),,2003,3.72
Northern Africa (FAO),,2004,3.57
Northern Africa (FAO),,2005,3.43
Northern Africa (FAO),,2006,3.38
Northern Africa (FAO),,2007,3.68
Northern Africa (FAO),,2008,3.62
Northern Africa (FAO),,2009,3.11
Northern Africa (FAO),,2010,4.44
Northern Africa (FAO),,2011,4.6
Northern Africa (FAO),,2012,4.73
Northern Africa (FAO),,2013,4.78
Northern Africa (FAO),,2014,4.94
Northern Africa (FAO),,2015,5.04
Northern Africa (FAO),,2016,4.67
Northern Africa (FAO),,2017,5.08
Northern Africa (FAO),,2018,4.55
Northern Africa (FAO),,2019,4.92
Northern Africa (FAO),,2020,4.98
Northern Africa (FAO),,2021,5.1
Northern Africa (FAO),,2022,4.71
Northern Africa (FAO),,2023,4.49
Northern America (FAO),,1961,17.44
Northern America (FAO),,1962,17.51
Northern America (FAO),,1963,17.3
Northern America (FAO),,1964,17.54
Northern America (FAO),,1965,17.35
Northern America (FAO),,1966,17.28
Northern America (FAO),,1967,17.77
Northern America (FAO),,1968,17.47
Northern America (FAO),,1969,17.15
Northern America (FAO),,1970,17.28
Northern America (FAO),,1971,17.27
Northern America (FAO),,1972,16.91
Northern America (FAO),,1973,16.03
Northern America (FAO),,1974,15.78
Northern America (FAO),,1975,15.44
Northern America (FAO),,1976,15.11
Northern America (FAO),,1977,14.86
Northern America (FAO),,1978,15.16
Northern America (FAO),,1979,15.49
Northern America (FAO),,1980,15.34
Northern America (FAO),,1981,15.01
Northern America (FAO),,1982,14.96
Northern America (FAO),,1983,14.81
Northern America (FAO),,1984,14.42
Northern America (FAO),,1985,14.27
Northern America (FAO),,1986,14.14
Northern America (FAO),,1987,14.12
Northern America (FAO),,1988,13.68
Northern America (FAO),,1989,13.31
Northern America (FAO),,1990,13.16
Northern America (FAO),,1991,13.1
Northern America (FAO),,1992,13.14
Northern America (FAO),,1993,13.13
Northern America (FAO),,1994,13.26
Northern America (FAO),,1995,13.11
Northern America (FAO),,1996,13.22
Northern America (FAO),,1997,13.37
Northern America (FAO),,1998,13.65
Northern America (FAO),,1999,14.05
Northern America (FAO),,2000,14.16
Northern America (FAO),,2001,14.34
Northern America (FAO),,2002,14.41
Northern America (FAO),,2003,14.35
Northern America (FAO),,2004,14.45
Northern America (FAO),,2005,14.38
Northern America (FAO),,2006,14.31
Northern America (FAO),,2007,13.91
Northern America (FAO),,2008,13.76
Northern America (FAO),,2009,13.82
Northern America (FAO),,2010,13.92
Northern America (FAO),,2011,13.86
Northern America (FAO),,2012,14.1
Northern America (FAO),,2013,14.41
Northern America (FAO),,2014,14.61
Northern America (FAO),,2015,14.33
Northern America (FAO),,2016,14.88
Northern America (FAO),,2017,15.39
Northern America (FAO),,2018,15.74
Northern America (FAO),,2019,15.96
Northern America (FAO),,2020,15.77
Northern America (FAO),,2021,15.64
Northern America (FAO),,2022,15.73
Northern America (FAO),,2023,15.62
Northern Europe (FAO),,1961,13.42
Northern Europe (FAO),,1962,13.54
Northern Europe (FAO),,1963,13.36
Northern Europe (FAO),,1964,14.27
Northern Europe (FAO),,1965,13.39
Northern Europe (FAO),,1966,13.23
Northern Europe (FAO),,1967,13.53
Northern Europe (FAO),,1968,13.24
Northern Europe (FAO),,1969,13.43
Northern Europe (FAO),,1970,14.04
Northern Europe (FAO),,1971,13.91
Northern Europe (FAO),,1972,13.82
Northern Europe (FAO),,1973,13.45
Northern Europe (FAO),,1974,13.68
Northern Europe (FAO),,1975,13.18
Northern Europe (FAO),,1976,13.21
Northern Europe (FAO),,1977,13.2
Northern Europe (FAO),,1978,13.64
Northern Europe (FAO),,1979,13.59
Northern Europe (FAO),,1980,13.13
Northern Europe (FAO),,1981,13.15
Northern Europe (FAO),,1982,13.02
Northern Europe (FAO),,1983,12.27
Northern Europe (FAO),,1984,12.29
Northern Europe (FAO),,1985,12.99
Northern Europe (FAO),,1986,12.16
Northern Europe (FAO),,1987,12.11
Northern Europe (FAO),,1988,11.37
Northern Europe (FAO),,1989,10.38
Northern Europe (FAO),,1990,10.95
Northern Europe (FAO),,1991,10.81
Northern Europe (FAO),,1992,10.84
Northern Europe (FAO),,1993,10.38
Northern Europe (FAO),,1994,10.58
Northern Europe (FAO),,1995,10.46
Northern Europe (FAO),,1996,10.51
Northern Europe (FAO),,1997,10.35
Northern Europe (FAO),,1998,10.62
Northern Europe (FAO),,1999,9.84
Northern Europe (FAO),,2000,9.77
Northern Europe (FAO),,2001,10.4
Northern Europe (FAO),,2002,10.37
Northern Europe (FAO),,2003,10.3
Northern Europe (FAO),,2004,10.91
Northern Europe (FAO),,2005,10.65
Northern Europe (FAO),,2006,10.72
Northern Europe (FAO),,2007,10.83
Northern Europe (FAO),,2008,11.1
Northern Europe (FAO),,2009,10.86
Northern Europe (FAO),,2010,11.22
Northern Europe (FAO),,2011,11.02
Northern Europe (FAO),,2012,11.29
Northern Europe (FAO),,2013,11.49
Northern Europe (FAO),,2014,11.48
Northern Europe (FAO),,2015,11.65
Northern Europe (FAO),,2016,11.95
Northern Europe (FAO),,2017,11.99
Northern Europe (FAO),,2018,11.94
Northern Europe (FAO),,2019,12.01
Northern Europe (FAO),,2020,11.88
Northern Europe (FAO),,2021,11.8
Northern Europe (FAO),,2022,10.84
Northern Europe (FAO),,2023,11.14
Norway,NOR,1961,8.543168
Norway,NOR,1962,8.730381
Norway,NOR,1963,8.671189
Norway,NOR,1964,8.591583
Norway,NOR,1965,8.571903
Norway,NOR,1966,9.3230095
Norway,NOR,1967,9.472225
Norway,NOR,1968,9.707229
Norway,NOR,1969,9.856658
Norway,NOR,1970,9.541597
Norway,NOR,1971,9.605525
Norway,NOR,1972,9.720215
Norway,NOR,1973,9.768528
Norway,NOR,1974,9.496942
Norway,NOR,1975,9.246842
Norway,NOR,1976,9.597094
Norway,NOR,1977,9.607007
Norway,NOR,1978,9.913479
Norway,NOR,1979,10.033839
Norway,NOR,1980,10.433348
Norway,NOR,1981,11.127297
Norway,NOR,1982,11.650879
Norway,NOR,1983,11.696346
Norway,NOR,1984,11.79297
Norway,NOR,1985,11.92735
Norway,NOR,1986,12.120534
Norway,NOR,1987,12.352811
Norway,NOR,1988,11.853273
Norway,NOR,1989,10.982007
Norway,NOR,1990,10.916292
Norway,NOR,1991,10.760964
Norway,NOR,1992,10.859354
Norway,NOR,1993,10.54544
Norway,NOR,1994,10.224179
Norway,NOR,1995,10.532437
Norway,NOR,1996,10.862043
Norway,NOR,1997,10.629297
Norway,NOR,1998,10.079733
Norway,NOR,1999,9.949381
Norway,NOR,2000,9.512405
Norway,NOR,2001,9.222758
Norway,NOR,2002,9.737819
Norway,NOR,2003,10.189573
Norway,NOR,2004,10.401523
Norway,NOR,2005,10.081919
Norway,NOR,2006,10.318814
Norway,NOR,2007,10.76733
Norway,NOR,2008,10.912618
Norway,NOR,2009,10.99677
Norway,NOR,2010,10.99
Norway,NOR,2011,11.020003
Norway,NOR,2012,11.6800165
Norway,NOR,2013,11.419987
Norway,NOR,2014,11.860006
Norway,NOR,2015,11.719984
Norway,NOR,2016,11.910013
Norway,NOR,2017,12.019984
Norway,NOR,2018,12.009998
Norway,NOR,2019,12.529993
Norway,NOR,2020,12.339989
Norway,NOR,2021,12.400018
Norway,NOR,2022,12.310009
Norway,NOR,2023,12.100007
Oceania,OWID_OCE,1961,12.011238
Oceania,OWID_OCE,1962,11.830686
Oceania,OWID_OCE,1963,11.703839
Oceania,OWID_OCE,1964,11.981368
Oceania,OWID_OCE,1965,12.143158
Oceania,OWID_OCE,1966,12.1676855
Oceania,OWID_OCE,1967,12.452879
Oceania,OWID_OCE,1968,12.518034
Oceania,OWID_OCE,1969,12.406231
Oceania,OWID_OCE,1970,12.457645
Oceania,OWID_OCE,1971,12.276894
Oceania,OWID_OCE,1972,12.533667
Oceania,OWID_OCE,1973,11.597815
Oceania,OWID_OCE,1974,11.882511
Oceania,OWID_OCE,1975,12.299744
Oceania,OWID_OCE,1976,11.588668
Oceania,OWID_OCE,1977,11.635951
Oceania,OWID_OCE,1978,12.061566
Oceania,OWID_OCE,1979,11.752639
Oceania,OWID_OCE,1980,11.456555
Oceania,OWID_OCE,1981,11.750977
Oceania,OWID_OCE,1982,11.655628
Oceania,OWID_OCE,1983,11.496803
Oceania,OWID_OCE,1984,10.499358
Oceania,OWID_OCE,1985,9.951653
Oceania,OWID_OCE,1986,9.82986
Oceania,OWID_OCE,1987,9.496701
Oceania,OWID_OCE,1988,9.370799
Oceania,OWID_OCE,1989,9.490051
Oceania,OWID_OCE,1990,10.414722
Oceania,OWID_OCE,1991,9.081911
Oceania,OWID_OCE,1992,7.967187
Oceania,OWID_OCE,1993,7.96452
Oceania,OWID_OCE,1994,6.752764
Oceania,OWID_OCE,1995,6.472568
Oceania,OWID_OCE,1996,6.3091307
Oceania,OWID_OCE,1997,6.346788
Oceania,OWID_OCE,1998,6.6082797
Oceania,OWID_OCE,1999,6.617904
Oceania,OWID_OCE,2000,6.229958
Oceania,OWID_OCE,2001,6.2655907
Oceania,OWID_OCE,2002,6.082556
Oceania,OWID_OCE,2003,5.5918655
Oceania,OWID_OCE,2004,5.613111
Oceania,OWID_OCE,2005,5.8959537
Oceania,OWID_OCE,2006,7.1415353
Oceania,OWID_OCE,2007,6.519113
Oceania,OWID_OCE,2008,6.5424824
Oceania,OWID_OCE,2009,6.2648935
Oceania,OWID_OCE,2010,5.4194965
Oceania,OWID_OCE,2011,6.0187798
Oceania,OWID_OCE,2012,6.0729847
Oceania,OWID_OCE,2013,6.605959
Oceania,OWID_OCE,2014,6.358731
Oceania,OWID_OCE,2015,6.1909437
Oceania,OWID_OCE,2016,6.3182135
Oceania,OWID_OCE,2017,6.4445205
Oceania,OWID_OCE,2018,6.596529
Oceania,OWID_OCE,2019,6.6132507
Oceania,OWID_OCE,2020,6.3426566
Oceania,OWID_OCE,2021,6.7754154
Oceania,OWID_OCE,2022,5.8183374
Oceania,OWID_OCE,2023,6.2856445
Oceania (FAO),,1961,12.07
Oceania (FAO),,1962,11.9
Oceania (FAO),,1963,11.77
Oceania (FAO),,1964,12.04
Oceania (FAO),,1965,12.18
Oceania (FAO),,1966,12.17
Oceania (FAO),,1967,12.38
Oceania (FAO),,1968,12.36
Oceania (FAO),,1969,12.19
Oceania (FAO),,1970,12.27
Oceania (FAO),,1971,12.2
Oceania (FAO),,1972,12.51
Oceania (FAO),,1973,11.6
Oceania (FAO),,1974,11.9
Oceania (FAO),,1975,12.33
Oceania (FAO),,1976,11.62
Oceania (FAO),,1977,11.66
Oceania (FAO),,1978,12.1
Oceania (FAO),,1979,11.78
Oceania (FAO),,1980,11.49
Oceania (FAO),,1981,11.81
Oceania (FAO),,1982,11.73
Oceania (FAO),,1983,11.58
Oceania (FAO),,1984,10.56
Oceania (FAO),,1985,9.99
Oceania (FAO),,1986,9.86
Oceania (FAO),,1987,9.52
Oceania (FAO),,1988,9.4
Oceania (FAO),,1989,9.52
Oceania (FAO),,1990,10.47
Oceania (FAO),,1991,9.15
Oceania (FAO),,1992,8.02
Oceania (FAO),,1993,8
Oceania (FAO),,1994,6.77
Oceania (FAO),,1995,6.48
Oceania (FAO),,1996,6.32
Oceania (FAO),,1997,6.36
Oceania (FAO),,1998,6.61
Oceania (FAO),,1999,6.61
Oceania (FAO),,2000,6.22
Oceania (FAO),,2001,6.25
Oceania (FAO),,2002,6.08
Oceania (FAO),,2003,5.58
Oceania (FAO),,2004,5.6
Oceania (FAO),,2005,5.87
Oceania (FAO),,2006,7.1
Oceania (FAO),,2007,6.48
Oceania (FAO),,2008,6.5
Oceania (FAO),,2009,6.23
Oceania (FAO),,2010,5.42
Oceania (FAO),,2011,6.02
Oceania (FAO),,2012,6.07
Oceania (FAO),,2013,6.61
Oceania (FAO),,2014,6.36
Oceania (FAO),,2015,6.19
Oceania (FAO),,2016,6.32
Oceania (FAO),,2017,6.44
Oceania (FAO),,2018,6.6
Oceania (FAO),,2019,6.61
Oceania (FAO),,2020,6.34
Oceania (FAO),,2021,6.78
Oceania (FAO),,2022,5.82
Oceania (FAO),,2023,6.29
Oman,OMN,1990,6.649142
Oman,OMN,1991,6.0475535
Oman,OMN,1992,6.004788
Oman,OMN,1993,6.187576
Oman,OMN,1994,6.5645423
Oman,OMN,1995,6.422731
Oman,OMN,1996,5.8412046
Oman,OMN,1997,6.502009
Oman,OMN,1998,6.691295
Oman,OMN,1999,6.526865
Oman,OMN,2000,6.4383016
Oman,OMN,2001,7.22032
Oman,OMN,2002,7.090466
Oman,OMN,2003,6.660252
Oman,OMN,2004,6.782905
Oman,OMN,2005,7.228247
Oman,OMN,2006,7.4878297
Oman,OMN,2007,9.54935
Oman,OMN,2008,7.0713058
Oman,OMN,2009,6.923672
Oman,OMN,2010,7.62
Oman,OMN,2011,7.879995
Oman,OMN,2012,11.38002
Oman,OMN,2013,9.039988
Oman,OMN,2014,8.119991
Oman,OMN,2015,9.310004
Oman,OMN,2016,9.13
Oman,OMN,2017,9.010006
Oman,OMN,2018,10.280004
Oman,OMN,2019,11.349981
Oman,OMN,2020,11.429996
Oman,OMN,2021,11.039978
Oman,OMN,2022,11.9000025
Oman,OMN,2023,5.8500032
Pakistan,PAK,1961,0.12931488
Pakistan,PAK,1962,0.12921138
Pakistan,PAK,1963,0.12910932
Pakistan,PAK,1964,0.14883073
Pakistan,PAK,1965,0.14867261
Pakistan,PAK,1966,0.14848915
Pakistan,PAK,1967,0.15816636
Pakistan,PAK,1968,0.16779906
Pakistan,PAK,1969,0.17739536
Pakistan,PAK,1970,0.18695983
Pakistan,PAK,1971,0.28527874
Pakistan,PAK,1972,0.33437893
Pakistan,PAK,1973,0.38307175
Pakistan,PAK,1974,0.48092556
Pakistan,PAK,1975,0.51022166
Pakistan,PAK,1976,0.6475479
Pakistan,PAK,1977,0.7358241
Pakistan,PAK,1978,0.8241661
Pakistan,PAK,1979,0.9205444
Pakistan,PAK,1980,1.0205635
Pakistan,PAK,1981,1.1474351
Pakistan,PAK,1982,1.2779394
Pakistan,PAK,1983,1.4022079
Pakistan,PAK,1984,1.5407859
Pakistan,PAK,1985,1.4859704
Pakistan,PAK,1986,1.3985003
Pakistan,PAK,1987,1.4739302
Pakistan,PAK,1988,1.5679071
Pakistan,PAK,1989,1.5747187
Pakistan,PAK,1990,1.654569
Pakistan,PAK,1991,1.5508299
Pakistan,PAK,1992,1.6518942
Pakistan,PAK,1993,1.6768721
Pakistan,PAK,1994,1.7845187
Pakistan,PAK,1995,1.7509247
Pakistan,PAK,1996,1.6429834
Pakistan,PAK,1997,1.6684183
Pakistan,PAK,1998,1.5817717
Pakistan,PAK,1999,1.8580247
Pakistan,PAK,2000,1.9223522
Pakistan,PAK,2001,1.9178803
Pakistan,PAK,2002,1.8984299
Pakistan,PAK,2003,1.933636
Pakistan,PAK,2004,1.9021816
Pakistan,PAK,2005,1.9627842
Pakistan,PAK,2006,2.176067
Pakistan,PAK,2007,2.2124429
Pakistan,PAK,2008,2.2649739
Pakistan,PAK,2009,2.3101974
Pakistan,PAK,2010,2.39
Pakistan,PAK,2011,2.52
Pakistan,PAK,2012,2.52
Pakistan,PAK,2013,2.59
Pakistan,PAK,2014,2.7
Pakistan,PAK,2015,2.76
Pakistan,PAK,2016,2.9000003
Pakistan,PAK,2017,3.05
Pakistan,PAK,2018,3.17
Pakistan,PAK,2019,3.26
Pakistan,PAK,2020,3.38
Pakistan,PAK,2021,3.5399997
Pakistan,PAK,2022,3.71
Pakistan,PAK,2023,3.86
Panama,PAN,1961,4.3879538
Panama,PAN,1962,4.449436
Panama,PAN,1963,4.8221464
Panama,PAN,1964,3.812536
Panama,PAN,1965,3.7589545
Panama,PAN,1966,3.6787207
Panama,PAN,1967,3.9996471
Panama,PAN,1968,3.8784091
Panama,PAN,1969,4.745582
Panama,PAN,1970,3.9434106
Panama,PAN,1971,5.367594
Panama,PAN,1972,6.5923686
Panama,PAN,1973,7.1141133
Panama,PAN,1974,5.723939
Panama,PAN,1975,6.267204
Panama,PAN,1976,7.0035505
Panama,PAN,1977,6.13785
Panama,PAN,1978,7.442653
Panama,PAN,1979,6.867666
Panama,PAN,1980,3.8630059
Panama,PAN,1981,3.6399684
Panama,PAN,1982,3.7607965
Panama,PAN,1983,4.166137
Panama,PAN,1984,3.7571468
Panama,PAN,1985,3.5104303
Panama,PAN,1986,3.6404996
Panama,PAN,1987,4.0640383
Panama,PAN,1988,3.59699
Panama,PAN,1989,3.6365643
Panama,PAN,1990,3.5954118
Panama,PAN,1991,3.745326
Panama,PAN,1992,3.916322
Panama,PAN,1993,4.0371475
Panama,PAN,1994,3.1769984
Panama,PAN,1995,3.3291786
Panama,PAN,1996,3.533649
Panama,PAN,1997,4.203103
Panama,PAN,1998,3.8006432
Panama,PAN,1999,2.7588675
Panama,PAN,2000,2.4558728
Panama,PAN,2001,6.029897
Panama,PAN,2002,6.144069
Panama,PAN,2003,5.9641957
Panama,PAN,2004,5.7502527
Panama,PAN,2005,6.360099
Panama,PAN,2006,5.5574803
Panama,PAN,2007,5.9613757
Panama,PAN,2008,4.8311887
Panama,PAN,2009,4.6970487
Panama,PAN,2010,4.619991
Panama,PAN,2011,4.6999884
Panama,PAN,2012,6.349998
Panama,PAN,2013,6.3399954
Panama,PAN,2014,6.42
Panama,PAN,2015,6.1999936
Panama,PAN,2016,6.2200074
Panama,PAN,2017,6.4300094
Panama,PAN,2018,6.52
Panama,PAN,2019,5.920003
Panama,PAN,2020,8.980003
Panama,PAN,2021,8.919979
Panama,PAN,2022,6.5599923
Panama,PAN,2023,7.070003
Papua New Guinea,PNG,2010,0.50999975
Papua New Guinea,PNG,2011,0.51000005
Papua New Guinea,PNG,2012,0.50999963
Papua New Guinea,PNG,2013,0.61
Papua New Guinea,PNG,2014,0.56
Papua New Guinea,PNG,2015,0.5500002
Papua New Guinea,PNG,2016,0.51000017
Papua New Guinea,PNG,2017,0.5399996
Papua New Guinea,PNG,2018,0.4899996
Papua New Guinea,PNG,2019,0.51999974
Papua New Guinea,PNG,2020,0.50000036
Papua New Guinea,PNG,2021,0.46000013
Papua New Guinea,PNG,2022,0.4499997
Papua New Guinea,PNG,2023,0.44000006
Paraguay,PRY,1961,4.9574738
Paraguay,PRY,1962,4.9838376
Paraguay,PRY,1963,4.9737797
Paraguay,PRY,1964,4.9415493
Paraguay,PRY,1965,4.9193034
Paraguay,PRY,1966,5.0234113
Paraguay,PRY,1967,5.1834
Paraguay,PRY,1968,5.17001
Paraguay,PRY,1969,5.238163
Paraguay,PRY,1970,5.275876
Paraguay,PRY,1971,5.151269
Paraguay,PRY,1972,5.3330417
Paraguay,PRY,1973,5.341698
Paraguay,PRY,1974,6.025186
Paraguay,PRY,1975,6.1276193
Paraguay,PRY,1976,6.3277664
Paraguay,PRY,1977,6.532557
Paraguay,PRY,1978,7.020696
Paraguay,PRY,1979,7.83512
Paraguay,PRY,1980,8.235235
Paraguay,PRY,1981,8.351679
Paraguay,PRY,1982,8.322125
Paraguay,PRY,1983,8.324622
Paraguay,PRY,1984,8.357668
Paraguay,PRY,1985,8.387781
Paraguay,PRY,1986,8.3048
Paraguay,PRY,1987,8.325625
Paraguay,PRY,1988,8.352115
Paraguay,PRY,1989,8.388009
Paraguay,PRY,1990,7.7928476
Paraguay,PRY,1991,8.205832
Paraguay,PRY,1992,9.060548
Paraguay,PRY,1993,8.253286
Paraguay,PRY,1994,9.895185
Paraguay,PRY,1995,8.209886
Paraguay,PRY,1996,8.540257
Paraguay,PRY,1997,8.723678
Paraguay,PRY,1998,9.539416
Paraguay,PRY,1999,14.254331
Paraguay,PRY,2000,12.607053
Paraguay,PRY,2001,17.053488
Paraguay,PRY,2002,16.973478
Paraguay,PRY,2003,18.15616
Paraguay,PRY,2004,18.427744
Paraguay,PRY,2005,18.606794
Paraguay,PRY,2006,19.601501
Paraguay,PRY,2007,20.933071
Paraguay,PRY,2008,21.551035
Paraguay,PRY,2009,21.80114
Paraguay,PRY,2010,21.819988
Paraguay,PRY,2011,21.599993
Paraguay,PRY,2012,21.569996
Paraguay,PRY,2013,21.619976
Paraguay,PRY,2014,22.249968
Paraguay,PRY,2015,16.739985
Paraguay,PRY,2016,17.030003
Paraguay,PRY,2017,21.470007
Paraguay,PRY,2018,20.119995
Paraguay,PRY,2019,17.840004
Paraguay,PRY,2020,17.019999
Paraguay,PRY,2021,16.42999
Paraguay,PRY,2022,17.63
Paraguay,PRY,2023,17.23
Peru,PER,1961,1.472935
Peru,PER,1962,1.4725301
Peru,PER,1963,1.5309561
Peru,PER,1964,1.5699911
Peru,PER,1965,1.3456099
Peru,PER,1966,1.3941592
Peru,PER,1967,1.5497909
Peru,PER,1968,1.5495192
Peru,PER,1969,1.6079245
Peru,PER,1970,1.7298526
Peru,PER,1971,1.8042228
Peru,PER,1972,2.062146
Peru,PER,1973,2.3121521
Peru,PER,1974,2.5052614
Peru,PER,1975,2.6898527
Peru,PER,1976,2.8758628
Peru,PER,1977,2.843346
Peru,PER,1978,2.898537
Peru,PER,1979,2.7030954
Peru,PER,1980,2.5652695
Peru,PER,1981,2.645116
Peru,PER,1982,2.593943
Peru,PER,1983,2.6806583
Peru,PER,1984,2.5275857
Peru,PER,1985,3.0308738
Peru,PER,1986,3.6933484
Peru,PER,1987,3.5822308
Peru,PER,1988,4.2734184
Peru,PER,1989,3.4565165
Peru,PER,1990,3.4317338
Peru,PER,1991,4.040742
Peru,PER,1992,3.5041528
Peru,PER,1993,3.4602618
Peru,PER,1994,3.672133
Peru,PER,1995,3.4017498
Peru,PER,1996,3.9675124
Peru,PER,1997,4.139162
Peru,PER,1998,4.015397
Peru,PER,1999,4.528247
Peru,PER,2000,4.457423
Peru,PER,2001,3.970772
Peru,PER,2002,4.5450835
Peru,PER,2003,4.613519
Peru,PER,2004,4.4669433
Peru,PER,2005,4.5676913
Peru,PER,2006,6.0367937
Peru,PER,2007,6.3446
Peru,PER,2008,6.5885863
Peru,PER,2009,6.5484147
Peru,PER,2010,7.0599995
Peru,PER,2011,7.830002
Peru,PER,2012,7.6500006
Peru,PER,2013,8.450004
Peru,PER,2014,8.560002
Peru,PER,2015,9.210001
Peru,PER,2016,9.469998
Peru,PER,2017,9.710001
Peru,PER,2018,10.409997
Peru,PER,2019,11.07
Peru,PER,2020,11.14
Peru,PER,2021,11.179999
Peru,PER,2022,11.220002
Peru,PER,2023,10.950002
Philippines,PHL,1961,2.4151077
Philippines,PHL,1962,2.427894
Philippines,PHL,1963,2.4783237
Philippines,PHL,1964,2.452406
Philippines,PHL,1965,2.5109158
Philippines,PHL,1966,2.4741185
Philippines,PHL,1967,2.3798413
Philippines,PHL,1968,2.9113812
Philippines,PHL,1969,3.5109878
Philippines,PHL,1970,2.9407487
Philippines,PHL,1971,3.1859148
Philippines,PHL,1972,3.426072
Philippines,PHL,1973,3.6805017
Philippines,PHL,1974,3.8323247
Philippines,PHL,1975,4.304033
Philippines,PHL,1976,4.462288
Philippines,PHL,1977,6.1688213
Philippines,PHL,1978,5.7985926
Philippines,PHL,1979,4.9260683
Philippines,PHL,1980,5.0709143
Philippines,PHL,1981,4.890199
Philippines,PHL,1982,4.918338
Philippines,PHL,1983,5.027535
Philippines,PHL,1984,4.7532983
Philippines,PHL,1985,4.102933
Philippines,PHL,1986,4.039701
Philippines,PHL,1987,4.110595
Philippines,PHL,1988,4.5427046
Philippines,PHL,1989,5.196431
Philippines,PHL,1990,2.9469173
Philippines,PHL,1991,2.967631
Philippines,PHL,1992,3.05631
Philippines,PHL,1993,3.3194168
Philippines,PHL,1994,3.1058075
Philippines,PHL,1995,3.0784605
Philippines,PHL,1996,3.0371115
Philippines,PHL,1997,3.161017
Philippines,PHL,1998,3.1606042
Philippines,PHL,1999,3.1188073
Philippines,PHL,2000,3.1694534
Philippines,PHL,2001,3.1075675
Philippines,PHL,2002,3.196493
Philippines,PHL,2003,3.2756612
Philippines,PHL,2004,3.4805992
Philippines,PHL,2005,3.6564817
Philippines,PHL,2006,3.6602607
Philippines,PHL,2007,3.6106567
Philippines,PHL,2008,3.5875788
Philippines,PHL,2009,3.6799471
Philippines,PHL,2010,3.7200003
Philippines,PHL,2011,3.7899997
Philippines,PHL,2012,3.8799999
Philippines,PHL,2013,3.8700004
Philippines,PHL,2014,3.7200003
Philippines,PHL,2015,3.9000003
Philippines,PHL,2016,4.01
Philippines,PHL,2017,4.21
Philippines,PHL,2018,4.48
Philippines,PHL,2019,4.84
Philippines,PHL,2020,4.9399996
Philippines,PHL,2021,5.3000007
Philippines,PHL,2022,5.65
Philippines,PHL,2023,5.75
Poland,POL,1961,8.267422
Poland,POL,1962,8.392045
Poland,POL,1963,8.225122
Poland,POL,1964,8.66756
Poland,POL,1965,9.120116
Poland,POL,1966,9.488983
Poland,POL,1967,9.626353
Poland,POL,1968,9.712538
Poland,POL,1969,10.28102
Poland,POL,1970,10.388448
Poland,POL,1971,10.817731
Poland,POL,1972,10.985793
Poland,POL,1973,11.201073
Poland,POL,1974,11.504069
Poland,POL,1975,11.706038
Poland,POL,1976,11.887755
Poland,POL,1977,11.902573
Poland,POL,1978,12.210052
Poland,POL,1979,12.21752
Poland,POL,1980,12.332313
Poland,POL,1981,12.70144
Poland,POL,1982,11.193429
Poland,POL,1983,11.203992
Poland,POL,1984,11.750869
Poland,POL,1985,12.3178005
Poland,POL,1986,11.692245
Poland,POL,1987,11.116883
Poland,POL,1988,11.381068
Poland,POL,1989,10.845643
Poland,POL,1990,10.606287
Poland,POL,1991,9.816187
Poland,POL,1992,9.707689
Poland,POL,1993,8.8066225
Poland,POL,1994,8.204041
Poland,POL,1995,8.605793
Poland,POL,1996,9.840903
Poland,POL,1997,10.63115
Poland,POL,1998,10.1170025
Poland,POL,1999,10.397702
Poland,POL,2000,10.535527
Poland,POL,2001,11.119631
Poland,POL,2002,11.876005
Poland,POL,2003,11.70422
Poland,POL,2004,11.72762
Poland,POL,2005,11.765135
Poland,POL,2006,11.366554
Poland,POL,2007,11.581123
Poland,POL,2008,11.438133
Poland,POL,2009,11.065582
Poland,POL,2010,11.669999
Poland,POL,2011,9.959999
Poland,POL,2012,7.2400007
Poland,POL,2013,7.429999
Poland,POL,2014,7.869999
Poland,POL,2015,7.159999
Poland,POL,2016,7.3000007
Poland,POL,2017,6.4899993
Poland,POL,2018,8.81
Poland,POL,2019,8.509999
Poland,POL,2020,8.450002
Poland,POL,2021,6.3899994
Poland,POL,2022,5.5800004
Poland,POL,2023,5.169999
Portugal,PRT,1961,3.263895
Portugal,PRT,1962,3.2477305
Portugal,PRT,1963,3.2393274
Portugal,PRT,1964,3.2674158
Portugal,PRT,1965,3.3197672
Portugal,PRT,1966,3.3875546
Portugal,PRT,1967,3.451737
Portugal,PRT,1968,3.5394812
Portugal,PRT,1969,3.5455513
Portugal,PRT,1970,3.6302
Portugal,PRT,1971,3.5933597
Portugal,PRT,1972,3.4658315
Portugal,PRT,1973,3.6333897
Portugal,PRT,1974,3.8078234
Portugal,PRT,1975,3.9816024
Portugal,PRT,1976,3.8623784
Portugal,PRT,1977,4.4332056
Portugal,PRT,1978,4.844864
Portugal,PRT,1979,5.316427
Portugal,PRT,1980,5.320751
Portugal,PRT,1981,5.388034
Portugal,PRT,1982,5.878308
Portugal,PRT,1983,5.3039775
Portugal,PRT,1984,4.6877775
Portugal,PRT,1985,6.313651
Portugal,PRT,1986,6.292566
Portugal,PRT,1987,6.159715
Portugal,PRT,1988,6.2669897
Portugal,PRT,1989,6.7078843
Portugal,PRT,1990,6.8176527
Portugal,PRT,1991,8.35856
Portugal,PRT,1992,8.515429
Portugal,PRT,1993,8.765118
Portugal,PRT,1994,9.398172
Portugal,PRT,1995,8.464696
Portugal,PRT,1996,8.551851
Portugal,PRT,1997,8.529859
Portugal,PRT,1998,9.267544
Portugal,PRT,1999,9.003088
Portugal,PRT,2000,9.551133
Portugal,PRT,2001,10.326678
Portugal,PRT,2002,9.863828
Portugal,PRT,2003,9.595984
Portugal,PRT,2004,9.986773
Portugal,PRT,2005,9.417173
Portugal,PRT,2006,9.221269
Portugal,PRT,2007,9.758485
Portugal,PRT,2008,9.635391
Portugal,PRT,2009,9.384199
Portugal,PRT,2010,10.210001
Portugal,PRT,2011,9.47
Portugal,PRT,2012,9.169996
Portugal,PRT,2013,9.310012
Portugal,PRT,2014,9.059998
Portugal,PRT,2015,10.430006
Portugal,PRT,2016,9.499993
Portugal,PRT,2017,10.200002
Portugal,PRT,2018,10.999994
Portugal,PRT,2019,11.159991
Portugal,PRT,2020,10.790001
Portugal,PRT,2021,10.720003
Portugal,PRT,2022,11.719996
Portugal,PRT,2023,12.860006
Qatar,QAT,2019,20.079948
Qatar,QAT,2020,17.63003
Qatar,QAT,2021,16.079954
Qatar,QAT,2022,19.049894
Qatar,QAT,2023,15.149969
Romania,ROU,1961,6.063658
Romania,ROU,1962,5.844212
Romania,ROU,1963,5.1812153
Romania,ROU,1964,5.476001
Romania,ROU,1965,5.5545177
Romania,ROU,1966,5.914045
Romania,ROU,1967,6.834729
Romania,ROU,1968,6.2719107
Romania,ROU,1969,6.537371
Romania,ROU,1970,7.1019053
Romania,ROU,1971,7.8808494
Romania,ROU,1972,8.203409
Romania,ROU,1973,8.680112
Romania,ROU,1974,9.3078375
Romania,ROU,1975,10.064661
Romania,ROU,1976,11.0322695
Romania,ROU,1977,11.051833
Romania,ROU,1978,12.062535
Romania,ROU,1979,12.670056
Romania,ROU,1980,11.33408
Romania,ROU,1981,12.651661
Romania,ROU,1982,13.206832
Romania,ROU,1983,13.975549
Romania,ROU,1984,14.721753
Romania,ROU,1985,13.026217
Romania,ROU,1986,13.811832
Romania,ROU,1987,13.385303
Romania,ROU,1988,13.472381
Romania,ROU,1989,11.826731
Romania,ROU,1990,12.562452
Romania,ROU,1991,12.284909
Romania,ROU,1992,10.075053
Romania,ROU,1993,9.61707
Romania,ROU,1994,8.9365015
Romania,ROU,1995,9.932472
Romania,ROU,1996,10.052058
Romania,ROU,1997,9.284859
Romania,ROU,1998,10.190299
Romania,ROU,1999,10.529309
Romania,ROU,2000,10.683069
Romania,ROU,2001,12.691915
Romania,ROU,2002,13.5830145
Romania,ROU,2003,13.674824
Romania,ROU,2004,14.555827
Romania,ROU,2005,14.666672
Romania,ROU,2006,15.230457
Romania,ROU,2007,14.842094
Romania,ROU,2008,14.852717
Romania,ROU,2009,13.812154
Romania,ROU,2010,14.279997
Romania,ROU,2011,14.9800005
Romania,ROU,2012,14.299999
Romania,ROU,2013,14.580005
Romania,ROU,2014,14.649993
Romania,ROU,2015,14.380001
Romania,ROU,2016,14.160001
Romania,ROU,2017,13.579997
Romania,ROU,2018,13.359997
Romania,ROU,2019,13.369998
Romania,ROU,2020,12.880003
Romania,ROU,2021,13.610001
Romania,ROU,2022,13.369995
Romania,ROU,2023,13.159999
Russia,RUS,1992,14.72832
Russia,RUS,1993,14.0769205
Russia,RUS,1994,13.280283
Russia,RUS,1995,12.025134
Russia,RUS,1996,1.2624711
Russia,RUS,1997,11.858116
Russia,RUS,1998,12.35673
Russia,RUS,1999,12.472882
Russia,RUS,2000,12.693911
Russia,RUS,2001,13.154743
Russia,RUS,2002,13.580942
Russia,RUS,2003,13.624029
Russia,RUS,2004,13.371337
Russia,RUS,2005,13.846039
Russia,RUS,2006,14.161771
Russia,RUS,2007,14.22942
Russia,RUS,2008,14.166705
Russia,RUS,2009,14.551859
Russia,RUS,2010,14.96
Russia,RUS,2011,15.11
Russia,RUS,2012,15.600001
Russia,RUS,2013,15.239999
Russia,RUS,2014,15.37
Russia,RUS,2015,15.400001
Russia,RUS,2016,15.620002
Russia,RUS,2017,16
Russia,RUS,2018,16.440002
Russia,RUS,2019,16.56
Russia,RUS,2020,16.47
Russia,RUS,2021,16.44
Russia,RUS,2022,16.650002
Russia,RUS,2023,16.83
Rwanda,RWA,1961,0.07714725
Rwanda,RWA,1962,0.08618593
Rwanda,RWA,1963,0.08569454
Rwanda,RWA,1964,0.08533556
Rwanda,RWA,1965,0.09444336
Rwanda,RWA,1966,0.09424624
Rwanda,RWA,1967,0.09417055
Rwanda,RWA,1968,0.065942615
Rwanda,RWA,1969,0.10372483
Rwanda,RWA,1970,0.084897704
Rwanda,RWA,1971,0.0849063
Rwanda,RWA,1972,0.07552007
Rwanda,RWA,1973,0.09440639
Rwanda,RWA,1974,0.08502683
Rwanda,RWA,1975,0.09460194
Rwanda,RWA,1976,0.10429919
Rwanda,RWA,1977,0.11410223
Rwanda,RWA,1978,0.11449063
Rwanda,RWA,1979,0.13405016
Rwanda,RWA,1980,0.14405234
Rwanda,RWA,1981,0.14421314
Rwanda,RWA,1982,0.14405009
Rwanda,RWA,1983,0.1439467
Rwanda,RWA,1984,0.14426222
Rwanda,RWA,1985,0.14515065
Rwanda,RWA,1986,0.1471091
Rwanda,RWA,1987,0.1897609
Rwanda,RWA,1988,0.1921248
Rwanda,RWA,1989,0.21114843
Rwanda,RWA,1990,0.21521798
Rwanda,RWA,1991,0.22236854
Rwanda,RWA,1992,0.22148132
Rwanda,RWA,1993,0.21281165
Rwanda,RWA,1994,0.2614232
Rwanda,RWA,1995,0.29946506
Rwanda,RWA,1996,0.2651754
Rwanda,RWA,1997,0.22528906
Rwanda,RWA,1998,0.27502918
Rwanda,RWA,1999,0.22167507
Rwanda,RWA,2000,0.23509802
Rwanda,RWA,2001,0.24312513
Rwanda,RWA,2002,0.25679433
Rwanda,RWA,2003,0.25506824
Rwanda,RWA,2004,0.26239532
Rwanda,RWA,2005,0.26033923
Rwanda,RWA,2006,0.23894721
Rwanda,RWA,2007,0.23910517
Rwanda,RWA,2008,0.2502502
Rwanda,RWA,2009,0.27213526
Rwanda,RWA,2010,0.25999972
Rwanda,RWA,2011,0.28999966
Rwanda,RWA,2012,0.22999993
Rwanda,RWA,2013,0.18
Rwanda,RWA,2014,0.46000007
Rwanda,RWA,2015,0.41999975
Rwanda,RWA,2016,0.4599999
Rwanda,RWA,2017,0.39999992
Rwanda,RWA,2018,0.41
Rwanda,RWA,2019,0.39999992
Rwanda,RWA,2020,0.33000007
Rwanda,RWA,2021,0.3
Rwanda,RWA,2022,0.33000013
Rwanda,RWA,2023,0.35999992
Saint Kitts and Nevis,KNA,1961,1.9717445
Saint Kitts and Nevis,KNA,1962,2.124883
Saint Kitts and Nevis,KNA,1963,2.3181386
Saint Kitts and Nevis,KNA,1964,2.5215864
Saint Kitts and Nevis,KNA,1965,2.6816254
Saint Kitts and Nevis,KNA,1966,2.7213173
Saint Kitts and Nevis,KNA,1967,2.7933617
Saint Kitts and Nevis,KNA,1968,3.046229
Saint Kitts and Nevis,KNA,1969,3.147104
Saint Kitts and Nevis,KNA,1970,3.387704
Saint Kitts and Nevis,KNA,1971,3.412318
Saint Kitts and Nevis,KNA,1972,3.995097
Saint Kitts and Nevis,KNA,1973,3.758799
Saint Kitts and Nevis,KNA,1974,3.7002676
Saint Kitts and Nevis,KNA,1975,3.8929126
Saint Kitts and Nevis,KNA,1976,3.9550335
Saint Kitts and Nevis,KNA,1977,4.077737
Saint Kitts and Nevis,KNA,1978,4.253764
Saint Kitts and Nevis,KNA,1979,4.714189
Saint Kitts and Nevis,KNA,1980,4.714692
Saint Kitts and Nevis,KNA,1981,5.032654
Saint Kitts and Nevis,KNA,1982,5.2652235
Saint Kitts and Nevis,KNA,1983,5.28934
Saint Kitts and Nevis,KNA,1984,5.6220627
Saint Kitts and Nevis,KNA,1985,5.684346
Saint Kitts and Nevis,KNA,1986,5.7187457
Saint Kitts and Nevis,KNA,1987,6.164668
Saint Kitts and Nevis,KNA,1988,6.3270373
Saint Kitts and Nevis,KNA,1989,5.6909533
Saint Kitts and Nevis,KNA,1990,5.9083943
Saint Kitts and Nevis,KNA,1991,6.0410576
Saint Kitts and Nevis,KNA,1992,5.9376535
Saint Kitts and Nevis,KNA,1993,5.740319
Saint Kitts and Nevis,KNA,1994,5.737595
Saint Kitts and Nevis,KNA,1995,5.5543485
Saint Kitts and Nevis,KNA,1996,4.80083
Saint Kitts and Nevis,KNA,1997,4.759165
Saint Kitts and Nevis,KNA,1998,4.6780863
Saint Kitts and Nevis,KNA,1999,4.6789913
Saint Kitts and Nevis,KNA,2000,3.4038699
Saint Kitts and Nevis,KNA,2001,3.426013
Saint Kitts and Nevis,KNA,2002,3.8887682
Saint Kitts and Nevis,KNA,2003,3.9792206
Saint Kitts and Nevis,KNA,2004,4.1642747
Saint Kitts and Nevis,KNA,2005,3.649239
Saint Kitts and Nevis,KNA,2006,3.2087054
Saint Kitts and Nevis,KNA,2007,3.0170753
Saint Kitts and Nevis,KNA,2008,2.9278443
Saint Kitts and Nevis,KNA,2009,3.8772075
Saint Kitts and Nevis,KNA,2010,4.41802
Saint Kitts and Nevis,KNA,2011,3.8078072
Saint Kitts and Nevis,KNA,2012,3.4281049
Saint Kitts and Nevis,KNA,2013,3.648295
Saint Kitts and Nevis,KNA,2014,3.6482956
Saint Kitts and Nevis,KNA,2015,3.2587543
Saint Kitts and Nevis,KNA,2016,4.327334
Saint Kitts and Nevis,KNA,2017,3.2382793
Saint Kitts and Nevis,KNA,2018,3.0585685
Saint Kitts and Nevis,KNA,2019,1.9489208
Saint Kitts and Nevis,KNA,2020,3.6279874
Saint Kitts and Nevis,KNA,2021,4.377566
Saint Kitts and Nevis,KNA,2022,4.247999
Saint Kitts and Nevis,KNA,2023,3.7981317
Saint Lucia,LCA,1961,2.6568348
Saint Lucia,LCA,1962,2.7252626
Saint Lucia,LCA,1963,2.783994
Saint Lucia,LCA,1964,2.844223
Saint Lucia,LCA,1965,2.914073
Saint Lucia,LCA,1966,2.9752452
Saint Lucia,LCA,1967,3.0344744
Saint Lucia,LCA,1968,3.0792682
Saint Lucia,LCA,1969,3.1434486
Saint Lucia,LCA,1970,3.195069
Saint Lucia,LCA,1971,3.3033075
Saint Lucia,LCA,1972,3.3693323
Saint Lucia,LCA,1973,3.7819033
Saint Lucia,LCA,1974,3.6269057
Saint Lucia,LCA,1975,4.0825357
Saint Lucia,LCA,1976,4.2744703
Saint Lucia,LCA,1977,4.741743
Saint Lucia,LCA,1978,5.4098725
Saint Lucia,LCA,1979,4.845381
Saint Lucia,LCA,1980,4.9553237
Saint Lucia,LCA,1981,4.980897
Saint Lucia,LCA,1982,4.0399847
Saint Lucia,LCA,1983,3.8555837
Saint Lucia,LCA,1984,3.7565408
Saint Lucia,LCA,1985,3.7163825
Saint Lucia,LCA,1986,2.860049
Saint Lucia,LCA,1987,2.3595986
Saint Lucia,LCA,1988,2.8880382
Saint Lucia,LCA,1989,2.171601
Saint Lucia,LCA,1990,2.3821752
Saint Lucia,LCA,1991,2.0166838
Saint Lucia,LCA,1992,2.376208
Saint Lucia,LCA,1993,2.1639824
Saint Lucia,LCA,1994,3.7665951
Saint Lucia,LCA,1995,3.3817725
Saint Lucia,LCA,1996,2.9017036
Saint Lucia,LCA,1997,2.5631127
Saint Lucia,LCA,1998,3.0068266
Saint Lucia,LCA,1999,2.996765
Saint Lucia,LCA,2000,2.9890811
Saint Lucia,LCA,2001,2.8476663
Saint Lucia,LCA,2002,2.355634
Saint Lucia,LCA,2003,4.1447988
Saint Lucia,LCA,2004,4.4459057
Saint Lucia,LCA,2005,4.367823
Saint Lucia,LCA,2006,4.344732
Saint Lucia,LCA,2007,3.8810008
Saint Lucia,LCA,2008,3.80195
Saint Lucia,LCA,2009,3.8218155
Saint Lucia,LCA,2010,3.5297728
Saint Lucia,LCA,2011,3.5197132
Saint Lucia,LCA,2012,3.309904
Saint Lucia,LCA,2013,3.1798165
Saint Lucia,LCA,2014,4.15988
Saint Lucia,LCA,2015,3.8595805
Saint Lucia,LCA,2016,3.889978
Saint Lucia,LCA,2017,3.6697502
Saint Lucia,LCA,2018,3.9597318
Saint Lucia,LCA,2019,4.6896043
Saint Lucia,LCA,2020,3.1898031
Saint Lucia,LCA,2021,9.19897
Saint Lucia,LCA,2022,5.7295513
Saint Lucia,LCA,2023,5.1296854
Saint Vincent and the Grenadines,VCT,1961,1.928603
Saint Vincent and the Grenadines,VCT,1962,2.0165024
Saint Vincent and the Grenadines,VCT,1963,2.087145
Saint Vincent and the Grenadines,VCT,1964,2.1588023
Saint Vincent and the Grenadines,VCT,1965,2.2316294
Saint Vincent and the Grenadines,VCT,1966,2.2772644
Saint Vincent and the Grenadines,VCT,1967,2.5698671
Saint Vincent and the Grenadines,VCT,1968,2.6376953
Saint Vincent and the Grenadines,VCT,1969,2.7641628
Saint Vincent and the Grenadines,VCT,1970,2.9819646
Saint Vincent and the Grenadines,VCT,1971,3.5877059
Saint Vincent and the Grenadines,VCT,1972,4.0071573
Saint Vincent and the Grenadines,VCT,1973,3.9236505
Saint Vincent and the Grenadines,VCT,1974,3.7779808
Saint Vincent and the Grenadines,VCT,1975,3.9010398
Saint Vincent and the Grenadines,VCT,1976,4.274141
Saint Vincent and the Grenadines,VCT,1977,4.5247173
Saint Vincent and the Grenadines,VCT,1978,4.6714015
Saint Vincent and the Grenadines,VCT,1979,4.715158
Saint Vincent and the Grenadines,VCT,1980,4.81603
Saint Vincent and the Grenadines,VCT,1981,4.8341455
Saint Vincent and the Grenadines,VCT,1982,4.9178195
Saint Vincent and the Grenadines,VCT,1983,4.9351473
Saint Vincent and the Grenadines,VCT,1984,4.9245167
Saint Vincent and the Grenadines,VCT,1985,5.0502186
Saint Vincent and the Grenadines,VCT,1986,4.966515
Saint Vincent and the Grenadines,VCT,1987,5.010089
Saint Vincent and the Grenadines,VCT,1988,5.123873
Saint Vincent and the Grenadines,VCT,1989,5.1533833
Saint Vincent and the Grenadines,VCT,1990,5.2539234
Saint Vincent and the Grenadines,VCT,1991,5.4078903
Saint Vincent and the Grenadines,VCT,1992,5.240482
Saint Vincent and the Grenadines,VCT,1993,5.22026
Saint Vincent and the Grenadines,VCT,1994,5.240629
Saint Vincent and the Grenadines,VCT,1995,4.422628
Saint Vincent and the Grenadines,VCT,1996,4.0284257
Saint Vincent and the Grenadines,VCT,1997,3.8176708
Saint Vincent and the Grenadines,VCT,1998,3.9118335
Saint Vincent and the Grenadines,VCT,1999,4.172017
Saint Vincent and the Grenadines,VCT,2000,3.5758755
Saint Vincent and the Grenadines,VCT,2001,4.262682
Saint Vincent and the Grenadines,VCT,2002,4.4680457
Saint Vincent and the Grenadines,VCT,2003,5.0015464
Saint Vincent and the Grenadines,VCT,2004,5.2637873
Saint Vincent and the Grenadines,VCT,2005,6.3191214
Saint Vincent and the Grenadines,VCT,2006,5.3416586
Saint Vincent and the Grenadines,VCT,2007,5.716578
Saint Vincent and the Grenadines,VCT,2008,5.6341906
Saint Vincent and the Grenadines,VCT,2009,5.799079
Saint Vincent and the Grenadines,VCT,2010,4.7094
Saint Vincent and the Grenadines,VCT,2011,3.9993782
Saint Vincent and the Grenadines,VCT,2012,4.9694057
Saint Vincent and the Grenadines,VCT,2013,5.1092443
Saint Vincent and the Grenadines,VCT,2014,5.1188097
Saint Vincent and the Grenadines,VCT,2015,5.1792736
Saint Vincent and the Grenadines,VCT,2016,5.0292907
Saint Vincent and the Grenadines,VCT,2017,5.389286
Saint Vincent and the Grenadines,VCT,2018,4.739593
Saint Vincent and the Grenadines,VCT,2019,5.1093626
Saint Vincent and the Grenadines,VCT,2020,5.019515
Saint Vincent and the Grenadines,VCT,2021,5.7195544
Saint Vincent and the Grenadines,VCT,2022,4.509426
Saint Vincent and the Grenadines,VCT,2023,4.819477
Samoa,WSM,1961,1.1053014
Samoa,WSM,1962,0.8508199
Samoa,WSM,1963,0.77845937
Samoa,WSM,1964,0.8172757
Samoa,WSM,1965,0.7540861
Samoa,WSM,1966,0.63958013
Samoa,WSM,1967,0.66106564
Samoa,WSM,1968,0.67966306
Samoa,WSM,1969,0.6935613
Samoa,WSM,1970,0.67212653
Samoa,WSM,1971,0.64098966
Samoa,WSM,1972,0.69152063
Samoa,WSM,1973,0.76265806
Samoa,WSM,1974,0.5922109
Samoa,WSM,1975,0.6104869
Samoa,WSM,1976,0.79326385
Samoa,WSM,1977,0.94807404
Samoa,WSM,1978,0.9160702
Samoa,WSM,1979,0.9230042
Samoa,WSM,1980,0.7594243
Samoa,WSM,1981,0.696748
Samoa,WSM,1982,0.848669
Samoa,WSM,1983,0.947674
Samoa,WSM,1984,0.753035
Samoa,WSM,1985,0.9588762
Samoa,WSM,1986,0.790203
Samoa,WSM,1987,0.90260094
Samoa,WSM,1988,0.84153
Samoa,WSM,1989,0.86385155
Samoa,WSM,1990,0.8966586
Samoa,WSM,1991,1.1038033
Samoa,WSM,1992,1.2766231
Samoa,WSM,1993,0.9332541
Samoa,WSM,1994,1.0637709
Samoa,WSM,1995,1.0808489
Samoa,WSM,1996,1.0488057
Samoa,WSM,1997,1.1042966
Samoa,WSM,1998,1.1699578
Samoa,WSM,1999,1.1292496
Samoa,WSM,2000,1.1365199
Samoa,WSM,2001,1.2298689
Samoa,WSM,2002,2.1203694
Samoa,WSM,2003,3.397844
Samoa,WSM,2004,3.8632057
Samoa,WSM,2005,3.5423787
Samoa,WSM,2006,4.3581
Samoa,WSM,2007,3.249208
Samoa,WSM,2008,4.5818105
Samoa,WSM,2009,4.269305
Samoa,WSM,2010,4.6796365
Samoa,WSM,2011,4.0096707
Samoa,WSM,2012,3.0097244
Samoa,WSM,2013,2.2998376
Samoa,WSM,2014,2.1398823
Samoa,WSM,2015,2.029859
Samoa,WSM,2016,1.7499226
Samoa,WSM,2017,2.039871
Samoa,WSM,2018,1.2699082
Samoa,WSM,2019,1.5898939
Samoa,WSM,2020,1.5398765
Samoa,WSM,2021,1.5399135
Samoa,WSM,2022,1.699921
Samoa,WSM,2023,1.4799112
Sao Tome and Principe,STP,1961,0.77556604
Sao Tome and Principe,STP,1962,0.8112702
Sao Tome and Principe,STP,1963,0.83954775
Sao Tome and Principe,STP,1964,0.87583417
Sao Tome and Principe,STP,1965,0.9066689
Sao Tome and Principe,STP,1966,0.936441
Sao Tome and Principe,STP,1967,0.960739
Sao Tome and Principe,STP,1968,0.99220407
Sao Tome and Principe,STP,1969,1.0029436
Sao Tome and Principe,STP,1970,1.0198483
Sao Tome and Principe,STP,1971,1.0343915
Sao Tome and Principe,STP,1972,1.0488398
Sao Tome and Principe,STP,1973,1.0588534
Sao Tome and Principe,STP,1974,1.0712641
Sao Tome and Principe,STP,1975,1.0815018
Sao Tome and Principe,STP,1976,1.0895108
Sao Tome and Principe,STP,1977,1.0956459
Sao Tome and Principe,STP,1978,1.0937117
Sao Tome and Principe,STP,1979,1.1013234
Sao Tome and Principe,STP,1980,1.1084281
Sao Tome and Principe,STP,1981,1.1085273
Sao Tome and Principe,STP,1982,1.1104283
Sao Tome and Principe,STP,1983,1.131929
Sao Tome and Principe,STP,1984,1.1406823
Sao Tome and Principe,STP,1985,1.1484417
Sao Tome and Principe,STP,1986,1.1646861
Sao Tome and Principe,STP,1987,1.1193322
Sao Tome and Principe,STP,1988,1.0821255
Sao Tome and Principe,STP,1989,1.1021751
Sao Tome and Principe,STP,1990,1.2081175
Sao Tome and Principe,STP,1991,1.2409415
Sao Tome and Principe,STP,1992,1.4303777
Sao Tome and Principe,STP,1993,1.5161177
Sao Tome and Principe,STP,1994,1.5042374
Sao Tome and Principe,STP,1995,1.5803714
Sao Tome and Principe,STP,1996,1.6575409
Sao Tome and Principe,STP,1997,1.7360636
Sao Tome and Principe,STP,1998,1.8936526
Sao Tome and Principe,STP,1999,2.2022476
Sao Tome and Principe,STP,2000,2.210041
Sao Tome and Principe,STP,2001,2.2601888
Sao Tome and Principe,STP,2002,2.6123843
Sao Tome and Principe,STP,2003,2.3699813
Sao Tome and Principe,STP,2004,2.6328137
Sao Tome and Principe,STP,2005,2.809465
Sao Tome and Principe,STP,2006,2.8315556
Sao Tome and Principe,STP,2007,2.756542
Sao Tome and Principe,STP,2008,2.8900857
Sao Tome and Principe,STP,2009,2.9762855
Sao Tome and Principe,STP,2010,3.0098345
Sao Tome and Principe,STP,2011,2.959761
Sao Tome and Principe,STP,2012,2.7098284
Sao Tome and Principe,STP,2013,2.7298868
Sao Tome and Principe,STP,2014,2.8198566
Sao Tome and Principe,STP,2015,1.9698229
Sao Tome and Principe,STP,2016,0.68995935
Sao Tome and Principe,STP,2017,0.659949
Sao Tome and Principe,STP,2018,0.9299646
Sao Tome and Principe,STP,2019,0.7299487
Sao Tome and Principe,STP,2020,0.749931
Sao Tome and Principe,STP,2021,0.76994795
Sao Tome and Principe,STP,2022,0.70999056
Sao Tome and Principe,STP,2023,0.7099631
Saudi Arabia,SAU,1961,0.7985592
Saudi Arabia,SAU,1962,0.7793538
Saudi Arabia,SAU,1963,0.79395527
Saudi Arabia,SAU,1964,0.94085336
Saudi Arabia,SAU,1965,1.1362649
Saudi Arabia,SAU,1966,1.3304194
Saudi Arabia,SAU,1967,1.5723065
Saudi Arabia,SAU,1968,1.6497421
Saudi Arabia,SAU,1969,2.0378985
Saudi Arabia,SAU,1970,2.2316256
Saudi Arabia,SAU,1971,2.4246256
Saudi Arabia,SAU,1972,2.3544645
Saudi Arabia,SAU,1973,2.3658113
Saudi Arabia,SAU,1974,2.9619355
Saudi Arabia,SAU,1975,3.7243905
Saudi Arabia,SAU,1976,4.9099507
Saudi Arabia,SAU,1977,5.9471836
Saudi Arabia,SAU,1978,7.3576007
Saudi Arabia,SAU,1979,7.189803
Saudi Arabia,SAU,1980,8.707023
Saudi Arabia,SAU,1981,9.014362
Saudi Arabia,SAU,1982,10.6745
Saudi Arabia,SAU,1983,12.371764
Saudi Arabia,SAU,1984,11.730304
Saudi Arabia,SAU,1985,12.554622
Saudi Arabia,SAU,1986,11.629734
Saudi Arabia,SAU,1987,8.640224
Saudi Arabia,SAU,1988,7.5624948
Saudi Arabia,SAU,1989,8.011603
Saudi Arabia,SAU,1990,7.660794
Saudi Arabia,SAU,1991,7.064524
Saudi Arabia,SAU,1992,7.297551
Saudi Arabia,SAU,1993,7.48647
Saudi Arabia,SAU,1994,7.492861
Saudi Arabia,SAU,1995,7.1952953
Saudi Arabia,SAU,1996,6.3094664
Saudi Arabia,SAU,1997,6.0067234
Saudi Arabia,SAU,1998,6.008901
Saudi Arabia,SAU,1999,6.0744653
Saudi Arabia,SAU,2000,5.329585
Saudi Arabia,SAU,2001,5.5290585
Saudi Arabia,SAU,2002,5.556502
Saudi Arabia,SAU,2003,5.3156147
Saudi Arabia,SAU,2004,5.16303
Saudi Arabia,SAU,2005,5.7161994
Saudi Arabia,SAU,2006,4.2209535
Saudi Arabia,SAU,2007,4.483794
Saudi Arabia,SAU,2008,5.0608296
Saudi Arabia,SAU,2009,4.9569654
Saudi Arabia,SAU,2010,5.3799996
Saudi Arabia,SAU,2011,5.580003
Saudi Arabia,SAU,2012,5.5199986
Saudi Arabia,SAU,2013,5.840001
Saudi Arabia,SAU,2014,5.980001
Saudi Arabia,SAU,2015,7.429999
Saudi Arabia,SAU,2016,8.090002
Saudi Arabia,SAU,2017,7.82
Saudi Arabia,SAU,2018,9.3
Saudi Arabia,SAU,2019,10.290001
Saudi Arabia,SAU,2020,11.950002
Saudi Arabia,SAU,2021,10.759998
Saudi Arabia,SAU,2022,10.61
Saudi Arabia,SAU,2023,11.39
Senegal,SEN,1961,0.7698394
Senegal,SEN,1962,0.816768
Senegal,SEN,1963,0.7688134
Senegal,SEN,1964,0.7493357
Senegal,SEN,1965,0.7298392
Senegal,SEN,1966,0.8522553
Senegal,SEN,1967,0.80402863
Senegal,SEN,1968,0.81266415
Senegal,SEN,1969,0.7744167
Senegal,SEN,1970,0.71774364
Senegal,SEN,1971,0.67098606
Senegal,SEN,1972,0.6717223
Senegal,SEN,1973,0.6818008
Senegal,SEN,1974,0.69161695
Senegal,SEN,1975,0.77721256
Senegal,SEN,1976,0.79623747
Senegal,SEN,1977,0.77800846
Senegal,SEN,1978,0.83604836
Senegal,SEN,1979,0.8561435
Senegal,SEN,1980,0.8764618
Senegal,SEN,1981,0.91627294
Senegal,SEN,1982,0.9276262
Senegal,SEN,1983,0.99699783
Senegal,SEN,1984,1.0186777
Senegal,SEN,1985,1.030728
Senegal,SEN,1986,1.0133321
Senegal,SEN,1987,1.0827483
Senegal,SEN,1988,1.2109681
Senegal,SEN,1989,1.2332294
Senegal,SEN,1990,1.1679001
Senegal,SEN,1991,1.1318011
Senegal,SEN,1992,1.0369796
Senegal,SEN,1993,1.0102141
Senegal,SEN,1994,1.0319712
Senegal,SEN,1995,1.0141553
Senegal,SEN,1996,0.9564115
Senegal,SEN,1997,1.1746814
Senegal,SEN,1998,1.1360892
Senegal,SEN,1999,1.126891
Senegal,SEN,2000,1.4246496
Senegal,SEN,2001,1.5852828
Senegal,SEN,2002,1.6181302
Senegal,SEN,2003,1.7422996
Senegal,SEN,2004,1.8087283
Senegal,SEN,2005,1.6853122
Senegal,SEN,2006,1.7525439
Senegal,SEN,2007,1.952079
Senegal,SEN,2008,1.8791783
Senegal,SEN,2009,1.785406
Senegal,SEN,2010,1.5699991
Senegal,SEN,2011,1.6299998
Senegal,SEN,2012,1.709999
Senegal,SEN,2013,1.5699992
Senegal,SEN,2014,1.6099997
Senegal,SEN,2015,1.6499994
Senegal,SEN,2016,1.7200003
Senegal,SEN,2017,2.0899997
Senegal,SEN,2018,2.1200006
Senegal,SEN,2019,2.2199993
Senegal,SEN,2020,3.3700006
Senegal,SEN,2021,2.5800004
Senegal,SEN,2022,3.5900002
Senegal,SEN,2023,3.2999995
Serbia,SRB,2006,9.215732
Serbia,SRB,2007,8.756664
Serbia,SRB,2008,7.7650275
Serbia,SRB,2009,7.6175117
Serbia,SRB,2010,8.789986
Serbia,SRB,2011,7.790002
Serbia,SRB,2012,11.929994
Serbia,SRB,2013,11.799995
Serbia,SRB,2014,12.689995
Serbia,SRB,2015,13.919987
Serbia,SRB,2016,12.439995
Serbia,SRB,2017,12.140005
Serbia,SRB,2018,12.430011
Serbia,SRB,2019,12.349992
Serbia,SRB,2020,12.399993
Serbia,SRB,2021,12.970002
Serbia,SRB,2022,13.32999
Serbia,SRB,2023,12.779992
Serbia and Montenegro,OWID_SRM,1992,7.6563826
Serbia and Montenegro,OWID_SRM,1993,7.4931216
Serbia and Montenegro,OWID_SRM,1994,7.5407686
Serbia and Montenegro,OWID_SRM,1995,8.292972
Serbia and Montenegro,OWID_SRM,1996,8.411551
Serbia and Montenegro,OWID_SRM,1997,8.66652
Serbia and Montenegro,OWID_SRM,1998,8.549302
Serbia and Montenegro,OWID_SRM,1999,7.4469676
Serbia and Montenegro,OWID_SRM,2000,6.9191175
Serbia and Montenegro,OWID_SRM,2001,6.865236
Serbia and Montenegro,OWID_SRM,2002,6.9128804
Serbia and Montenegro,OWID_SRM,2003,7.556693
Serbia and Montenegro,OWID_SRM,2004,8.104315
Serbia and Montenegro,OWID_SRM,2005,7.630069
Seychelles,SYC,2010,8.427959
Seychelles,SYC,2011,9.507942
Seychelles,SYC,2012,8.077971
Seychelles,SYC,2013,7.338706
Seychelles,SYC,2014,8.36896
Seychelles,SYC,2015,5.6890984
Seychelles,SYC,2016,10.578459
Seychelles,SYC,2017,5.3793783
Seychelles,SYC,2018,6.6492486
Seychelles,SYC,2019,7.7592087
Seychelles,SYC,2020,6.9894767
Seychelles,SYC,2021,10.0691805
Seychelles,SYC,2022,10.298933
Seychelles,SYC,2023,11.0190525
Sierra Leone,SLE,1961,0.7124943
Sierra Leone,SLE,1962,0.73895895
Sierra Leone,SLE,1963,0.78461564
Sierra Leone,SLE,1964,0.72572803
Sierra Leone,SLE,1965,0.8555663
Sierra Leone,SLE,1966,0.7126584
Sierra Leone,SLE,1967,0.9264852
Sierra Leone,SLE,1968,0.9806301
Sierra Leone,SLE,1969,0.96135557
Sierra Leone,SLE,1970,0.9522001
Sierra Leone,SLE,1971,0.9347756
Sierra Leone,SLE,1972,0.93732333
Sierra Leone,SLE,1973,0.93096554
Sierra Leone,SLE,1974,0.9345872
Sierra Leone,SLE,1975,0.93886054
Sierra Leone,SLE,1976,0.953506
Sierra Leone,SLE,1977,0.9778959
Sierra Leone,SLE,1978,1.0114378
Sierra Leone,SLE,1979,1.0451498
Sierra Leone,SLE,1980,1.0690392
Sierra Leone,SLE,1981,1.1019292
Sierra Leone,SLE,1982,1.143502
Sierra Leone,SLE,1983,1.0865213
Sierra Leone,SLE,1984,1.0401144
Sierra Leone,SLE,1985,1.0736898
Sierra Leone,SLE,1986,1.1474364
Sierra Leone,SLE,1987,1.250551
Sierra Leone,SLE,1988,1.2217103
Sierra Leone,SLE,1989,1.2273855
Sierra Leone,SLE,1990,1.2330818
Sierra Leone,SLE,1991,1.3171896
Sierra Leone,SLE,1992,1.2387191
Sierra Leone,SLE,1993,1.2480491
Sierra Leone,SLE,1994,1.297411
Sierra Leone,SLE,1995,1.4188843
Sierra Leone,SLE,1996,1.4002618
Sierra Leone,SLE,1997,1.3851438
Sierra Leone,SLE,1998,1.2727737
Sierra Leone,SLE,1999,1.558598
Sierra Leone,SLE,2000,1.1324223
Sierra Leone,SLE,2001,0.70490533
Sierra Leone,SLE,2002,0.49706978
Sierra Leone,SLE,2003,0.5006387
Sierra Leone,SLE,2004,0.57048595
Sierra Leone,SLE,2005,0.642128
Sierra Leone,SLE,2006,0.6760324
Sierra Leone,SLE,2007,0.9608594
Sierra Leone,SLE,2008,1.3044673
Sierra Leone,SLE,2009,1.5277026
Sierra Leone,SLE,2010,1.6199987
Sierra Leone,SLE,2011,1.7499979
Sierra Leone,SLE,2012,1.7300006
Sierra Leone,SLE,2013,1.6699982
Sierra Leone,SLE,2014,1.7900013
Sierra Leone,SLE,2015,1.9599972
Sierra Leone,SLE,2016,1.8599977
Sierra Leone,SLE,2017,1.66
Sierra Leone,SLE,2018,2.0699978
Sierra Leone,SLE,2019,1.4899993
Sierra Leone,SLE,2020,1.4200006
Sierra Leone,SLE,2021,1.7799994
Sierra Leone,SLE,2022,1.4600002
Sierra Leone,SLE,2023,1.259998
Slovakia,SVK,1993,15.805588
Slovakia,SVK,1994,16.453892
Slovakia,SVK,1995,16.516834
Slovakia,SVK,1996,15.838216
Slovakia,SVK,1997,16.147676
Slovakia,SVK,1998,15.957265
Slovakia,SVK,1999,11.797293
Slovakia,SVK,2000,11.497068
Slovakia,SVK,2001,11.98905
Slovakia,SVK,2002,12.213382
Slovakia,SVK,2003,12.344756
Slovakia,SVK,2004,12.046745
Slovakia,SVK,2005,12.573359
Slovakia,SVK,2006,12.868051
Slovakia,SVK,2007,14.357036
Slovakia,SVK,2008,14.9289
Slovakia,SVK,2009,15.131362
Slovakia,SVK,2010,13.979981
Slovakia,SVK,2011,13.340013
Slovakia,SVK,2012,14.529982
Slovakia,SVK,2013,17.909992
Slovakia,SVK,2014,14.379979
Slovakia,SVK,2015,13.110004
Slovakia,SVK,2016,13.779994
Slovakia,SVK,2017,15.479995
Slovakia,SVK,2018,15.3600025
Slovakia,SVK,2019,15.320007
Slovakia,SVK,2020,12.409982
Slovakia,SVK,2021,11.429987
Slovakia,SVK,2022,9.870009
Slovakia,SVK,2023,9.339988
Slovenia,SVN,1992,7.526823
Slovenia,SVN,1993,6.9519267
Slovenia,SVN,1994,7.3448067
Slovenia,SVN,1995,6.893503
Slovenia,SVN,1996,8.673983
Slovenia,SVN,1997,10.023161
Slovenia,SVN,1998,10.818567
Slovenia,SVN,1999,11.213987
Slovenia,SVN,2000,12.429881
Slovenia,SVN,2001,10.711701
Slovenia,SVN,2002,10.661583
Slovenia,SVN,2003,7.6542373
Slovenia,SVN,2004,6.0944357
Slovenia,SVN,2005,6.590165
Slovenia,SVN,2006,6.4187994
Slovenia,SVN,2007,7.612011
Slovenia,SVN,2008,9.010641
Slovenia,SVN,2009,10.382618
Slovenia,SVN,2010,11.269995
Slovenia,SVN,2011,10.679975
Slovenia,SVN,2012,11.41999
Slovenia,SVN,2013,10.389939
Slovenia,SVN,2014,10.400024
Slovenia,SVN,2015,10.160019
Slovenia,SVN,2016,11.3399515
Slovenia,SVN,2017,11.579999
Slovenia,SVN,2018,11.239978
Slovenia,SVN,2019,11.9200115
Slovenia,SVN,2020,11.299994
Slovenia,SVN,2021,10.819974
Slovenia,SVN,2022,10.739995
Slovenia,SVN,2023,11.250031
Small Island Developing States (FAO),,1961,2.18
Small Island Developing States (FAO),,1962,2.31
Small Island Developing States (FAO),,1963,2.44
Small Island Developing States (FAO),,1964,2.58
Small Island Developing States (FAO),,1965,2.81
Small Island Developing States (FAO),,1966,3.09
Small Island Developing States (FAO),,1967,3.52
Small Island Developing States (FAO),,1968,3.54
Small Island Developing States (FAO),,1969,3.8
Small Island Developing States (FAO),,1970,4.04
Small Island Developing States (FAO),,1971,4.12
Small Island Developing States (FAO),,1972,4.1
Small Island Developing States (FAO),,1973,4.29
Small Island Developing States (FAO),,1974,4.46
Small Island Developing States (FAO),,1975,4.63
Small Island Developing States (FAO),,1976,4.59
Small Island Developing States (FAO),,1977,4.56
Small Island Developing States (FAO),,1978,4.67
Small Island Developing States (FAO),,1979,4.7
Small Island Developing States (FAO),,1980,4.94
Small Island Developing States (FAO),,1981,4.91
Small Island Developing States (FAO),,1982,4.72
Small Island Developing States (FAO),,1983,4.88
Small Island Developing States (FAO),,1984,4.81
Small Island Developing States (FAO),,1985,4.6
Small Island Developing States (FAO),,1986,4.59
Small Island Developing States (FAO),,1987,4.68
Small Island Developing States (FAO),,1988,4.48
Small Island Developing States (FAO),,1989,4.22
Small Island Developing States (FAO),,1990,4.81
Small Island Developing States (FAO),,1991,4.9
Small Island Developing States (FAO),,1992,4.29
Small Island Developing States (FAO),,1993,3.35
Small Island Developing States (FAO),,1994,3.41
Small Island Developing States (FAO),,1995,3.39
Small Island Developing States (FAO),,1996,3.24
Small Island Developing States (FAO),,1997,3.53
Small Island Developing States (FAO),,1998,3.41
Small Island Developing States (FAO),,1999,3.86
Small Island Developing States (FAO),,2000,3.84
Small Island Developing States (FAO),,2001,3.94
Small Island Developing States (FAO),,2002,4.37
Small Island Developing States (FAO),,2003,4.13
Small Island Developing States (FAO),,2004,3.92
Small Island Developing States (FAO),,2005,4.47
Small Island Developing States (FAO),,2006,4.87
Small Island Developing States (FAO),,2007,4.75
Small Island Developing States (FAO),,2008,4.76
Small Island Developing States (FAO),,2009,4.97
Small Island Developing States (FAO),,2010,4.47
Small Island Developing States (FAO),,2011,4.44
Small Island Developing States (FAO),,2012,4.38
Small Island Developing States (FAO),,2013,4.4
Small Island Developing States (FAO),,2014,4.98
Small Island Developing States (FAO),,2015,4.68
Small Island Developing States (FAO),,2016,4.73
Small Island Developing States (FAO),,2017,5.05
Small Island Developing States (FAO),,2018,5.39
Small Island Developing States (FAO),,2019,5.6
Small Island Developing States (FAO),,2020,5.68
Small Island Developing States (FAO),,2021,5.6
Small Island Developing States (FAO),,2022,6.04
Small Island Developing States (FAO),,2023,5.54
Solomon Islands,SLB,1961,1.2360675
Solomon Islands,SLB,1962,1.2225566
Solomon Islands,SLB,1963,1.2071627
Solomon Islands,SLB,1964,1.1988399
Solomon Islands,SLB,1965,1.20654
Solomon Islands,SLB,1966,1.1866986
Solomon Islands,SLB,1967,1.1917446
Solomon Islands,SLB,1968,1.2210556
Solomon Islands,SLB,1969,1.2760308
Solomon Islands,SLB,1970,1.2503539
Solomon Islands,SLB,1971,1.2312973
Solomon Islands,SLB,1972,1.2717494
Solomon Islands,SLB,1973,1.2638313
Solomon Islands,SLB,1974,1.277787
Solomon Islands,SLB,1975,1.2305301
Solomon Islands,SLB,1976,1.1834371
Solomon Islands,SLB,1977,1.1543376
Solomon Islands,SLB,1978,1.15227
Solomon Islands,SLB,1979,1.1345688
Solomon Islands,SLB,1980,1.1542774
Solomon Islands,SLB,1981,1.312736
Solomon Islands,SLB,1982,1.1517047
Solomon Islands,SLB,1983,0.9849139
Solomon Islands,SLB,1984,0.93386686
Solomon Islands,SLB,1985,0.9594007
Solomon Islands,SLB,1986,0.91771597
Solomon Islands,SLB,1987,0.86644816
Solomon Islands,SLB,1988,0.8339812
Solomon Islands,SLB,1989,0.8298967
Solomon Islands,SLB,1990,0.77188575
Solomon Islands,SLB,1991,0.80780005
Solomon Islands,SLB,1992,0.79638857
Solomon Islands,SLB,1993,0.85018605
Solomon Islands,SLB,1994,0.8312081
Solomon Islands,SLB,1995,0.8957644
Solomon Islands,SLB,1996,0.88518924
Solomon Islands,SLB,1997,0.96986353
Solomon Islands,SLB,1998,0.9678389
Solomon Islands,SLB,1999,0.96870923
Solomon Islands,SLB,2000,0.9821082
Solomon Islands,SLB,2001,1.010115
Solomon Islands,SLB,2002,1.2165811
Solomon Islands,SLB,2003,0.9950146
Solomon Islands,SLB,2004,0.91673726
Solomon Islands,SLB,2005,0.9999586
Solomon Islands,SLB,2006,1.1545517
Solomon Islands,SLB,2007,1.288607
Solomon Islands,SLB,2008,1.149052
Solomon Islands,SLB,2009,1.2424009
Solomon Islands,SLB,2010,1.2999853
Solomon Islands,SLB,2011,1.5099782
Solomon Islands,SLB,2012,1.3399696
Solomon Islands,SLB,2013,1.199996
Solomon Islands,SLB,2014,1.0399915
Solomon Islands,SLB,2015,1.0399787
Solomon Islands,SLB,2016,0.8399911
Solomon Islands,SLB,2017,0.99998975
Solomon Islands,SLB,2018,0.8399893
Solomon Islands,SLB,2019,0.88999265
Solomon Islands,SLB,2020,0.75999486
Solomon Islands,SLB,2021,0.79999584
Solomon Islands,SLB,2022,0.8299947
Solomon Islands,SLB,2023,0.8399958
Somalia,SOM,2010,0.16674037
Somalia,SOM,2011,0.15828985
Somalia,SOM,2012,0.16971579
Somalia,SOM,2013,0.16977401
Somalia,SOM,2014,0.36916077
Somalia,SOM,2015,0.18940745
Somalia,SOM,2016,0.209182
Somalia,SOM,2017,0.1992973
Somalia,SOM,2018,0.2194106
Somalia,SOM,2019,0.1794423
Somalia,SOM,2020,0.17876571
Somalia,SOM,2021,0.2470203
Somalia,SOM,2022,0.31632605
South Africa,ZAF,1961,2.6181629
South Africa,ZAF,1962,2.5770786
South Africa,ZAF,1963,2.5772061
South Africa,ZAF,1964,2.638878
South Africa,ZAF,1965,3.6017184
South Africa,ZAF,1966,3.788341
South Africa,ZAF,1967,3.8888688
South Africa,ZAF,1968,4.1307235
South Africa,ZAF,1969,4.2604933
South Africa,ZAF,1970,3.8279357
South Africa,ZAF,1971,3.6963716
South Africa,ZAF,1972,3.6796172
South Africa,ZAF,1973,3.6134455
South Africa,ZAF,1974,4.2588253
South Africa,ZAF,1975,4.5314207
South Africa,ZAF,1976,3.8639226
South Africa,ZAF,1977,3.7249744
South Africa,ZAF,1978,3.7038338
South Africa,ZAF,1979,3.8330812
South Africa,ZAF,1980,4.5015936
South Africa,ZAF,1981,4.3950853
South Africa,ZAF,1982,4.7733865
South Africa,ZAF,1983,4.182972
South Africa,ZAF,1984,4.1333785
South Africa,ZAF,1985,3.9437928
South Africa,ZAF,1986,4.2794986
South Africa,ZAF,1987,4.3025436
South Africa,ZAF,1988,4.728563
South Africa,ZAF,1989,4.147514
South Africa,ZAF,1990,3.8647473
South Africa,ZAF,1991,3.915165
South Africa,ZAF,1992,4.0613747
South Africa,ZAF,1993,4.0357714
South Africa,ZAF,1994,4.000512
South Africa,ZAF,1995,4.3062487
South Africa,ZAF,1996,4.919729
South Africa,ZAF,1997,4.6320596
South Africa,ZAF,1998,5.2204895
South Africa,ZAF,1999,5.324668
South Africa,ZAF,2000,5.1445785
South Africa,ZAF,2001,5.205116
South Africa,ZAF,2002,4.9824395
South Africa,ZAF,2003,5.247357
South Africa,ZAF,2004,5.600589
South Africa,ZAF,2005,5.701647
South Africa,ZAF,2006,6.4770994
South Africa,ZAF,2007,6.7245226
South Africa,ZAF,2008,7.0511055
South Africa,ZAF,2009,6.394635
South Africa,ZAF,2010,5.9700003
South Africa,ZAF,2011,6.49
South Africa,ZAF,2012,6.72
South Africa,ZAF,2013,6.3
South Africa,ZAF,2014,6
South Africa,ZAF,2015,6.7500005
South Africa,ZAF,2016,6.11
South Africa,ZAF,2017,5.71
South Africa,ZAF,2018,5.79
South Africa,ZAF,2019,7.0200014
South Africa,ZAF,2020,7.3600006
South Africa,ZAF,2021,6.78
South Africa,ZAF,2022,6.859999
South Africa,ZAF,2023,5.8599997
South America,OWID_SAM,1961,3.6393743
South America,OWID_SAM,1962,3.4113364
South America,OWID_SAM,1963,3.2707303
South America,OWID_SAM,1964,3.3961596
South America,OWID_SAM,1965,3.4675126
South America,OWID_SAM,1966,3.5338054
South America,OWID_SAM,1967,3.471061
South America,OWID_SAM,1968,3.5413048
South America,OWID_SAM,1969,3.6120625
South America,OWID_SAM,1970,3.6757827
South America,OWID_SAM,1971,3.8976836
South America,OWID_SAM,1972,4.03881
South America,OWID_SAM,1973,4.1150136
South America,OWID_SAM,1974,4.2138104
South America,OWID_SAM,1975,4.5269327
South America,OWID_SAM,1976,4.61937
South America,OWID_SAM,1977,4.6951547
South America,OWID_SAM,1978,5.1050644
South America,OWID_SAM,1979,5.571661
South America,OWID_SAM,1980,5.7634645
South America,OWID_SAM,1981,5.7457447
South America,OWID_SAM,1982,5.93098
South America,OWID_SAM,1983,5.53695
South America,OWID_SAM,1984,6.104676
South America,OWID_SAM,1985,6.3702903
South America,OWID_SAM,1986,6.660914
South America,OWID_SAM,1987,6.8257875
South America,OWID_SAM,1988,6.550091
South America,OWID_SAM,1989,6.615788
South America,OWID_SAM,1990,6.5642633
South America,OWID_SAM,1991,6.794506
South America,OWID_SAM,1992,6.5092206
South America,OWID_SAM,1993,6.4995737
South America,OWID_SAM,1994,6.6323047
South America,OWID_SAM,1995,6.656995
South America,OWID_SAM,1996,6.5684075
South America,OWID_SAM,1997,6.9346867
South America,OWID_SAM,1998,6.5916834
South America,OWID_SAM,1999,6.8401804
South America,OWID_SAM,2000,6.9895988
South America,OWID_SAM,2001,7.02168
South America,OWID_SAM,2002,6.6934543
South America,OWID_SAM,2003,6.9267077
South America,OWID_SAM,2004,7.021
South America,OWID_SAM,2005,7.30811
South America,OWID_SAM,2006,7.740542
South America,OWID_SAM,2007,7.616325
South America,OWID_SAM,2008,7.8746295
South America,OWID_SAM,2009,8.493862
South America,OWID_SAM,2010,8.774387
South America,OWID_SAM,2011,9.253177
South America,OWID_SAM,2012,9.286003
South America,OWID_SAM,2013,9.591706
South America,OWID_SAM,2014,9.881969
South America,OWID_SAM,2015,10.18326
South America,OWID_SAM,2016,10.051349
South America,OWID_SAM,2017,10.722551
South America,OWID_SAM,2018,11.82819
South America,OWID_SAM,2019,12.10787
South America,OWID_SAM,2020,12.551212
South America,OWID_SAM,2021,12.650837
South America,OWID_SAM,2022,12.559318
South America,OWID_SAM,2023,12.630699
South America (FAO),,1961,3.66
South America (FAO),,1962,3.42
South America (FAO),,1963,3.28
South America (FAO),,1964,3.41
South America (FAO),,1965,3.48
South America (FAO),,1966,3.54
South America (FAO),,1967,3.48
South America (FAO),,1968,3.55
South America (FAO),,1969,3.62
South America (FAO),,1970,3.68
South America (FAO),,1971,3.9
South America (FAO),,1972,4.04
South America (FAO),,1973,4.12
South America (FAO),,1974,4.22
South America (FAO),,1975,4.52
South America (FAO),,1976,4.62
South America (FAO),,1977,4.69
South America (FAO),,1978,5.1
South America (FAO),,1979,5.56
South America (FAO),,1980,5.75
South America (FAO),,1981,5.74
South America (FAO),,1982,5.92
South America (FAO),,1983,5.53
South America (FAO),,1984,6.09
South America (FAO),,1985,6.36
South America (FAO),,1986,6.65
South America (FAO),,1987,6.81
South America (FAO),,1988,6.54
South America (FAO),,1989,6.61
South America (FAO),,1990,6.56
South America (FAO),,1991,6.79
South America (FAO),,1992,6.51
South America (FAO),,1993,6.5
South America (FAO),,1994,6.64
South America (FAO),,1995,6.66
South America (FAO),,1996,6.57
South America (FAO),,1997,6.94
South America (FAO),,1998,6.59
South America (FAO),,1999,6.84
South America (FAO),,2000,6.98
South America (FAO),,2001,7.01
South America (FAO),,2002,6.68
South America (FAO),,2003,6.9
South America (FAO),,2004,6.99
South America (FAO),,2005,7.27
South America (FAO),,2006,7.7
South America (FAO),,2007,7.57
South America (FAO),,2008,7.82
South America (FAO),,2009,8.43
South America (FAO),,2010,8.77
South America (FAO),,2011,9.25
South America (FAO),,2012,9.29
South America (FAO),,2013,9.59
South America (FAO),,2014,9.88
South America (FAO),,2015,10.19
South America (FAO),,2016,10.05
South America (FAO),,2017,10.72
South America (FAO),,2018,11.83
South America (FAO),,2019,12.11
South America (FAO),,2020,12.55
South America (FAO),,2021,12.65
South America (FAO),,2022,12.56
South America (FAO),,2023,12.63
South Korea,KOR,1961,1.3551835
South Korea,KOR,1962,1.5121158
South Korea,KOR,1963,1.6973087
South Korea,KOR,1964,1.8259602
South Korea,KOR,1965,2.0554724
South Korea,KOR,1966,2.0409005
South Korea,KOR,1967,2.232972
South Korea,KOR,1968,2.3252258
South Korea,KOR,1969,3.6951838
South Korea,KOR,1970,3.6419628
South Korea,KOR,1971,3.890349
South Korea,KOR,1972,4.1894183
South Korea,KOR,1973,4.0169296
South Korea,KOR,1974,4.3861485
South Korea,KOR,1975,4.52832
South Korea,KOR,1976,4.704829
South Korea,KOR,1977,5.3976107
South Korea,KOR,1978,5.363402
South Korea,KOR,1979,5.937867
South Korea,KOR,1980,6.411849
South Korea,KOR,1981,6.2837687
South Korea,KOR,1982,6.395839
South Korea,KOR,1983,6.9550505
South Korea,KOR,1984,6.930996
South Korea,KOR,1985,7.0179
South Korea,KOR,1986,7.2436495
South Korea,KOR,1987,7.801903
South Korea,KOR,1988,8.45111
South Korea,KOR,1989,7.9859014
South Korea,KOR,1990,8.208089
South Korea,KOR,1991,8.684676
South Korea,KOR,1992,8.655355
South Korea,KOR,1993,9.047726
South Korea,KOR,1994,8.875166
South Korea,KOR,1995,9.08445
South Korea,KOR,1996,9.394157
South Korea,KOR,1997,9.498651
South Korea,KOR,1998,9.032685
South Korea,KOR,1999,9.22702
South Korea,KOR,2000,9.516553
South Korea,KOR,2001,10.457465
South Korea,KOR,2002,10.495244
South Korea,KOR,2003,10.472722
South Korea,KOR,2004,9.831757
South Korea,KOR,2005,9.897722
South Korea,KOR,2006,10.264694
South Korea,KOR,2007,10.328622
South Korea,KOR,2008,10.730497
South Korea,KOR,2009,11.300448
South Korea,KOR,2010,10.44
South Korea,KOR,2011,10.44
South Korea,KOR,2012,10.47
South Korea,KOR,2013,10.5599985
South Korea,KOR,2014,10.670001
South Korea,KOR,2015,12.07
South Korea,KOR,2016,11.830001
South Korea,KOR,2017,12.36
South Korea,KOR,2018,12.889999
South Korea,KOR,2019,12.290002
South Korea,KOR,2020,12.24
South Korea,KOR,2021,12.939999
South Korea,KOR,2022,12.559999
South Korea,KOR,2023,12.999998
South Sudan,SSD,2019,0.05011651
South Sudan,SSD,2020,0.039655127
South Sudan,SSD,2021,0.049459238
South Sudan,SSD,2022,0
South-eastern Asia (FAO),,1961,2.05
South-eastern Asia (FAO),,1962,2.11
South-eastern Asia (FAO),,1963,2.13
South-eastern Asia (FAO),,1964,2.11
South-eastern Asia (FAO),,1965,2.14
South-eastern Asia (FAO),,1966,2.16
South-eastern Asia (FAO),,1967,2.13
South-eastern Asia (FAO),,1968,2.22
South-eastern Asia (FAO),,1969,2.32
South-eastern Asia (FAO),,1970,2.25
South-eastern Asia (FAO),,1971,2.3
South-eastern Asia (FAO),,1972,2.29
South-eastern Asia (FAO),,1973,2.3
South-eastern Asia (FAO),,1974,2.33
South-eastern Asia (FAO),,1975,2.42
South-eastern Asia (FAO),,1976,2.47
South-eastern Asia (FAO),,1977,2.73
South-eastern Asia (FAO),,1978,2.69
South-eastern Asia (FAO),,1979,2.52
South-eastern Asia (FAO),,1980,2.87
South-eastern Asia (FAO),,1981,2.83
South-eastern Asia (FAO),,1982,2.86
South-eastern Asia (FAO),,1983,2.99
South-eastern Asia (FAO),,1984,3.01
South-eastern Asia (FAO),,1985,3.02
South-eastern Asia (FAO),,1986,3.13
South-eastern Asia (FAO),,1987,3.14
South-eastern Asia (FAO),,1988,3.1
South-eastern Asia (FAO),,1989,3.5
South-eastern Asia (FAO),,1990,3.42
South-eastern Asia (FAO),,1991,3.54
South-eastern Asia (FAO),,1992,3.62
South-eastern Asia (FAO),,1993,3.53
South-eastern Asia (FAO),,1994,3.85
South-eastern Asia (FAO),,1995,3.84
South-eastern Asia (FAO),,1996,4.01
South-eastern Asia (FAO),,1997,4.08
South-eastern Asia (FAO),,1998,3.58
South-eastern Asia (FAO),,1999,3.7
South-eastern Asia (FAO),,2000,4.02
South-eastern Asia (FAO),,2001,4.01
South-eastern Asia (FAO),,2002,4.22
South-eastern Asia (FAO),,2003,4.4
South-eastern Asia (FAO),,2004,4.39
South-eastern Asia (FAO),,2005,4.44
South-eastern Asia (FAO),,2006,4.74
South-eastern Asia (FAO),,2007,5.13
South-eastern Asia (FAO),,2008,4.98
South-eastern Asia (FAO),,2009,5.26
South-eastern Asia (FAO),,2010,5.39
South-eastern Asia (FAO),,2011,5.3
South-eastern Asia (FAO),,2012,5.54
South-eastern Asia (FAO),,2013,5.83
South-eastern Asia (FAO),,2014,6.02
South-eastern Asia (FAO),,2015,6.26
South-eastern Asia (FAO),,2016,6.5
South-eastern Asia (FAO),,2017,10.31
South-eastern Asia (FAO),,2018,10.35
South-eastern Asia (FAO),,2019,10.17
South-eastern Asia (FAO),,2020,10.7
South-eastern Asia (FAO),,2021,11.23
South-eastern Asia (FAO),,2022,11.88
South-eastern Asia (FAO),,2023,12.68
Southern Africa (FAO),,1961,2.25
Southern Africa (FAO),,1962,2.23
Southern Africa (FAO),,1963,2.24
Southern Africa (FAO),,1964,2.3
Southern Africa (FAO),,1965,3.17
Southern Africa (FAO),,1966,3.31
Southern Africa (FAO),,1967,3.41
Southern Africa (FAO),,1968,3.64
Southern Africa (FAO),,1969,3.78
Southern Africa (FAO),,1970,3.42
Southern Africa (FAO),,1971,3.31
Southern Africa (FAO),,1972,3.34
Southern Africa (FAO),,1973,3.27
Southern Africa (FAO),,1974,3.85
Southern Africa (FAO),,1975,4.1
Southern Africa (FAO),,1976,3.52
Southern Africa (FAO),,1977,3.39
Southern Africa (FAO),,1978,3.41
Southern Africa (FAO),,1979,3.5
Southern Africa (FAO),,1980,4.15
Southern Africa (FAO),,1981,4.06
Southern Africa (FAO),,1982,4.44
Southern Africa (FAO),,1983,3.92
Southern Africa (FAO),,1984,3.91
Southern Africa (FAO),,1985,3.77
Southern Africa (FAO),,1986,4.12
Southern Africa (FAO),,1987,4.19
Southern Africa (FAO),,1988,4.66
Southern Africa (FAO),,1989,4.13
Southern Africa (FAO),,1990,3.89
Southern Africa (FAO),,1991,3.94
Southern Africa (FAO),,1992,4.07
Southern Africa (FAO),,1993,3.99
Southern Africa (FAO),,1994,3.93
Southern Africa (FAO),,1995,4.2
Southern Africa (FAO),,1996,4.72
Southern Africa (FAO),,1997,4.43
Southern Africa (FAO),,1998,4.98
Southern Africa (FAO),,1999,5.09
Southern Africa (FAO),,2000,4.92
Southern Africa (FAO),,2001,4.97
Southern Africa (FAO),,2002,4.75
Southern Africa (FAO),,2003,4.97
Southern Africa (FAO),,2004,5.33
Southern Africa (FAO),,2005,5.37
Southern Africa (FAO),,2006,6.05
Southern Africa (FAO),,2007,6.21
Southern Africa (FAO),,2008,6.46
Southern Africa (FAO),,2009,5.86
Southern Africa (FAO),,2010,5.43
Southern Africa (FAO),,2011,5.88
Southern Africa (FAO),,2012,6.12
Southern Africa (FAO),,2013,5.72
Southern Africa (FAO),,2014,5.44
Southern Africa (FAO),,2015,6.09
Southern Africa (FAO),,2016,5.51
Southern Africa (FAO),,2017,5.15
Southern Africa (FAO),,2018,5.21
Southern Africa (FAO),,2019,6.29
Southern Africa (FAO),,2020,6.59
Southern Africa (FAO),,2021,6.07
Southern Africa (FAO),,2022,6.14
Southern Africa (FAO),,2023,5.26
Southern Asia (FAO),,1961,0.41
Southern Asia (FAO),,1962,0.43
Southern Asia (FAO),,1963,0.44
Southern Asia (FAO),,1964,0.44
Southern Asia (FAO),,1965,0.47
Southern Asia (FAO),,1966,0.49
Southern Asia (FAO),,1967,0.55
Southern Asia (FAO),,1968,0.57
Southern Asia (FAO),,1969,0.6
Southern Asia (FAO),,1970,0.61
Southern Asia (FAO),,1971,0.64
Southern Asia (FAO),,1972,0.71
Southern Asia (FAO),,1973,0.77
Southern Asia (FAO),,1974,0.79
Southern Asia (FAO),,1975,0.84
Southern Asia (FAO),,1976,0.89
Southern Asia (FAO),,1977,0.94
Southern Asia (FAO),,1978,0.94
Southern Asia (FAO),,1979,0.87
Southern Asia (FAO),,1980,0.92
Southern Asia (FAO),,1981,0.94
Southern Asia (FAO),,1982,0.97
Southern Asia (FAO),,1983,1.06
Southern Asia (FAO),,1984,1.13
Southern Asia (FAO),,1985,1.18
Southern Asia (FAO),,1986,1.2
Southern Asia (FAO),,1987,1.21
Southern Asia (FAO),,1988,1.25
Southern Asia (FAO),,1989,1.3
Southern Asia (FAO),,1990,1.32
Southern Asia (FAO),,1991,1.35
Southern Asia (FAO),,1992,1.42
Southern Asia (FAO),,1993,1.49
Southern Asia (FAO),,1994,1.58
Southern Asia (FAO),,1995,1.58
Southern Asia (FAO),,1996,1.62
Southern Asia (FAO),,1997,1.62
Southern Asia (FAO),,1998,1.62
Southern Asia (FAO),,1999,1.7
Southern Asia (FAO),,2000,1.87
Southern Asia (FAO),,2001,1.92
Southern Asia (FAO),,2002,1.91
Southern Asia (FAO),,2003,1.93
Southern Asia (FAO),,2004,2.07
Southern Asia (FAO),,2005,2.16
Southern Asia (FAO),,2006,2.22
Southern Asia (FAO),,2007,2.29
Southern Asia (FAO),,2008,2.35
Southern Asia (FAO),,2009,2.39
Southern Asia (FAO),,2010,2.5
Southern Asia (FAO),,2011,2.53
Southern Asia (FAO),,2012,2.73
Southern Asia (FAO),,2013,2.8
Southern Asia (FAO),,2014,2.92
Southern Asia (FAO),,2015,2.98
Southern Asia (FAO),,2016,3.13
Southern Asia (FAO),,2017,3.25
Southern Asia (FAO),,2018,3.45
Southern Asia (FAO),,2019,3.92
Southern Asia (FAO),,2020,4.19
Southern Asia (FAO),,2021,4.39
Southern Asia (FAO),,2022,4.5
Southern Asia (FAO),,2023,4.58
Southern Europe (FAO),,1961,6.93
Southern Europe (FAO),,1962,7.42
Southern Europe (FAO),,1963,8.41
Southern Europe (FAO),,1964,8.2
Southern Europe (FAO),,1965,8.2
Southern Europe (FAO),,1966,8.63
Southern Europe (FAO),,1967,8.4
Southern Europe (FAO),,1968,8.74
Southern Europe (FAO),,1969,9.34
Southern Europe (FAO),,1970,10.05
Southern Europe (FAO),,1971,10.26
Southern Europe (FAO),,1972,10.77
Southern Europe (FAO),,1973,10.03
Southern Europe (FAO),,1974,10.59
Southern Europe (FAO),,1975,11.17
Southern Europe (FAO),,1976,11.47
Southern Europe (FAO),,1977,11.31
Southern Europe (FAO),,1978,11.32
Southern Europe (FAO),,1979,11.61
Southern Europe (FAO),,1980,11.66
Southern Europe (FAO),,1981,11.7
Southern Europe (FAO),,1982,12.03
Southern Europe (FAO),,1983,11.99
Southern Europe (FAO),,1984,11.62
Southern Europe (FAO),,1985,11.8
Southern Europe (FAO),,1986,11.94
Southern Europe (FAO),,1987,11.98
Southern Europe (FAO),,1988,12.14
Southern Europe (FAO),,1989,12.26
Southern Europe (FAO),,1990,12.07
Southern Europe (FAO),,1991,11.98
Southern Europe (FAO),,1992,11.73
Southern Europe (FAO),,1993,11.09
Southern Europe (FAO),,1994,11.34
Southern Europe (FAO),,1995,11.33
Southern Europe (FAO),,1996,11.24
Southern Europe (FAO),,1997,11.43
Southern Europe (FAO),,1998,11.18
Southern Europe (FAO),,1999,10.98
Southern Europe (FAO),,2000,11.58
Southern Europe (FAO),,2001,11.45
Southern Europe (FAO),,2002,11.62
Southern Europe (FAO),,2003,11.43
Southern Europe (FAO),,2004,12.07
Southern Europe (FAO),,2005,10.94
Southern Europe (FAO),,2006,10.94
Southern Europe (FAO),,2007,11.45
Southern Europe (FAO),,2008,11.27
Southern Europe (FAO),,2009,11.72
Southern Europe (FAO),,2010,11.45
Southern Europe (FAO),,2011,11.4
Southern Europe (FAO),,2012,11.68
Southern Europe (FAO),,2013,12.36
Southern Europe (FAO),,2014,12.02
Southern Europe (FAO),,2015,11.87
Southern Europe (FAO),,2016,12.08
Southern Europe (FAO),,2017,12.16
Southern Europe (FAO),,2018,12.31
Southern Europe (FAO),,2019,12.15
Southern Europe (FAO),,2020,12.23
Southern Europe (FAO),,2021,11.84
Southern Europe (FAO),,2022,13.22
Southern Europe (FAO),,2023,13.23
Spain,ESP,1961,7.8795958
Spain,ESP,1962,8.659445
Spain,ESP,1963,11.565153
Spain,ESP,1964,10.389619
Spain,ESP,1965,9.641001
Spain,ESP,1966,10.804378
Spain,ESP,1967,10.156134
Spain,ESP,1968,11.107478
Spain,ESP,1969,11.610578
Spain,ESP,1970,12.563784
Spain,ESP,1971,13.494562
Spain,ESP,1972,14.9869995
Spain,ESP,1973,11.217856
Spain,ESP,1974,12.345194
Spain,ESP,1975,14.546892
Spain,ESP,1976,15.227964
Spain,ESP,1977,14.719728
Spain,ESP,1978,13.953734
Spain,ESP,1979,14.955778
Spain,ESP,1980,15.761268
Spain,ESP,1981,15.855764
Spain,ESP,1982,16.511267
Spain,ESP,1983,16.555632
Spain,ESP,1984,15.169843
Spain,ESP,1985,15.448074
Spain,ESP,1986,16.424566
Spain,ESP,1987,15.904317
Spain,ESP,1988,16.310633
Spain,ESP,1989,15.859457
Spain,ESP,1990,16.175976
Spain,ESP,1991,15.111305
Spain,ESP,1992,14.83084
Spain,ESP,1993,12.732324
Spain,ESP,1994,13.73893
Spain,ESP,1995,13.710289
Spain,ESP,1996,11.921751
Spain,ESP,1997,12.6775675
Spain,ESP,1998,11.816069
Spain,ESP,1999,11.81334
Spain,ESP,2000,13.620875
Spain,ESP,2001,14.021903
Spain,ESP,2002,15.071028
Spain,ESP,2003,14.648972
Spain,ESP,2004,16.329443
Spain,ESP,2005,12.742047
Spain,ESP,2006,13.892597
Spain,ESP,2007,14.405051
Spain,ESP,2008,13.415828
Spain,ESP,2009,13.647167
Spain,ESP,2010,13.64
Spain,ESP,2011,13.86
Spain,ESP,2012,13.069999
Spain,ESP,2013,13.449999
Spain,ESP,2014,14.130001
Spain,ESP,2015,13.790003
Spain,ESP,2016,14.650001
Spain,ESP,2017,14.660002
Spain,ESP,2018,14.850001
Spain,ESP,2019,14.92
Spain,ESP,2020,14.950002
Spain,ESP,2021,14.059998
Spain,ESP,2022,14.769999
Spain,ESP,2023,15.399998
Sri Lanka,LKA,1961,0.9412476
Sri Lanka,LKA,1962,0.8481035
Sri Lanka,LKA,1963,1.3979352
Sri Lanka,LKA,1964,1.4573287
Sri Lanka,LKA,1965,1.3542482
Sri Lanka,LKA,1966,1.4046875
Sri Lanka,LKA,1967,1.3737626
Sri Lanka,LKA,1968,1.5563232
Sri Lanka,LKA,1969,1.4641085
Sri Lanka,LKA,1970,1.4225473
Sri Lanka,LKA,1971,1.5639356
Sri Lanka,LKA,1972,1.8675505
Sri Lanka,LKA,1973,1.4508113
Sri Lanka,LKA,1974,1.2277606
Sri Lanka,LKA,1975,1.1065733
Sri Lanka,LKA,1976,1.0562235
Sri Lanka,LKA,1977,1.1072729
Sri Lanka,LKA,1978,1.117055
Sri Lanka,LKA,1979,1.5009503
Sri Lanka,LKA,1980,1.8831784
Sri Lanka,LKA,1981,1.8709
Sri Lanka,LKA,1982,1.743902
Sri Lanka,LKA,1983,1.8901772
Sri Lanka,LKA,1984,1.8588824
Sri Lanka,LKA,1985,2.0603569
Sri Lanka,LKA,1986,2.2112007
Sri Lanka,LKA,1987,2.687293
Sri Lanka,LKA,1988,2.5193202
Sri Lanka,LKA,1989,2.6740363
Sri Lanka,LKA,1990,2.5955606
Sri Lanka,LKA,1991,2.4582918
Sri Lanka,LKA,1992,2.489504
Sri Lanka,LKA,1993,2.5577486
Sri Lanka,LKA,1994,2.4923093
Sri Lanka,LKA,1995,2.4303188
Sri Lanka,LKA,1996,2.3492138
Sri Lanka,LKA,1997,2.2980878
Sri Lanka,LKA,1998,2.307515
Sri Lanka,LKA,1999,2.338758
Sri Lanka,LKA,2000,2.324851
Sri Lanka,LKA,2001,2.3213058
Sri Lanka,LKA,2002,2.13949
Sri Lanka,LKA,2003,2.1113338
Sri Lanka,LKA,2004,2.063451
Sri Lanka,LKA,2005,1.9145194
Sri Lanka,LKA,2006,2.0679815
Sri Lanka,LKA,2007,2.1002874
Sri Lanka,LKA,2008,2.4289343
Sri Lanka,LKA,2009,2.650134
Sri Lanka,LKA,2010,2.5499997
Sri Lanka,LKA,2011,2.6399996
Sri Lanka,LKA,2012,3.95
Sri Lanka,LKA,2013,4.39
Sri Lanka,LKA,2014,4.5600014
Sri Lanka,LKA,2015,4.139999
Sri Lanka,LKA,2016,4.3200016
Sri Lanka,LKA,2017,4.309999
Sri Lanka,LKA,2018,3.9100006
Sri Lanka,LKA,2019,4.28
Sri Lanka,LKA,2020,3.8100004
Sri Lanka,LKA,2021,3.9499986
Sri Lanka,LKA,2022,3.720001
Sri Lanka,LKA,2023,3.5700006
Sudan,SDN,2012,0.94271934
Sudan,SDN,2013,1.0286908
Sudan,SDN,2014,1.1437429
Sudan,SDN,2015,1.1444364
Sudan,SDN,2016,1.2311363
Sudan,SDN,2017,1.2476046
Sudan,SDN,2018,1.215421
Sudan,SDN,2019,1.271862
Sudan,SDN,2020,1.3392202
Sudan,SDN,2021,1.21583
Sudan,SDN,2022,1.19598
Sudan (former),OWID_SDN,1961,0.6932544
Sudan (former),OWID_SDN,1962,0.75106996
Sudan (former),OWID_SDN,1963,0.8181224
Sudan (former),OWID_SDN,1964,0.8735716
Sudan (former),OWID_SDN,1965,0.9181057
Sudan (former),OWID_SDN,1966,1.0424962
Sudan (former),OWID_SDN,1967,1.0079585
Sudan (former),OWID_SDN,1968,0.9838103
Sudan (former),OWID_SDN,1969,0.95078635
Sudan (former),OWID_SDN,1970,0.9286554
Sudan (former),OWID_SDN,1971,0.8970689
Sudan (former),OWID_SDN,1972,0.9339933
Sudan (former),OWID_SDN,1973,0.89845246
Sudan (former),OWID_SDN,1974,0.86395663
Sudan (former),OWID_SDN,1975,0.94824994
Sudan (former),OWID_SDN,1976,1.0799742
Sudan (former),OWID_SDN,1977,1.1544306
Sudan (former),OWID_SDN,1978,1.2623905
Sudan (former),OWID_SDN,1979,1.3587977
Sudan (former),OWID_SDN,1980,1.2662826
Sudan (former),OWID_SDN,1981,1.1669482
Sudan (former),OWID_SDN,1982,0.95918584
Sudan (former),OWID_SDN,1983,0.9703781
Sudan (former),OWID_SDN,1984,0.9510907
Sudan (former),OWID_SDN,1985,0.97064257
Sudan (former),OWID_SDN,1986,1.0349531
Sudan (former),OWID_SDN,1987,1.0119022
Sudan (former),OWID_SDN,1988,1.0416114
Sudan (former),OWID_SDN,1989,1.0235735
Sudan (former),OWID_SDN,1990,1.0494978
Sudan (former),OWID_SDN,1991,1.0642259
Sudan (former),OWID_SDN,1992,1.1111523
Sudan (former),OWID_SDN,1993,1.1280602
Sudan (former),OWID_SDN,1994,1.099429
Sudan (former),OWID_SDN,1995,1.0686158
Sudan (former),OWID_SDN,1996,1.1122463
Sudan (former),OWID_SDN,1997,1.0541184
Sudan (former),OWID_SDN,1998,0.9639165
Sudan (former),OWID_SDN,1999,0.9127673
Sudan (former),OWID_SDN,2000,0.8585123
Sudan (former),OWID_SDN,2001,0.80406207
Sudan (former),OWID_SDN,2002,0.72980565
Sudan (former),OWID_SDN,2003,0.67711425
Sudan (former),OWID_SDN,2004,0.63516176
Sudan (former),OWID_SDN,2005,0.6425954
Sudan (former),OWID_SDN,2006,0.65009284
Sudan (former),OWID_SDN,2007,0.65731853
Sudan (former),OWID_SDN,2008,0.6635514
Sudan (former),OWID_SDN,2009,0.6398943
Sudan (former),OWID_SDN,2010,0.6654261
Sudan (former),OWID_SDN,2011,0.68476635
Suriname,SUR,1961,2.0427718
Suriname,SUR,1962,1.9787825
Suriname,SUR,1963,1.9618438
Suriname,SUR,1964,1.9335309
Suriname,SUR,1965,2.72854
Suriname,SUR,1966,2.6026769
Suriname,SUR,1967,2.9396212
Suriname,SUR,1968,4.5300474
Suriname,SUR,1969,4.7138853
Suriname,SUR,1970,5.3135715
Suriname,SUR,1971,4.9524417
Suriname,SUR,1972,5.3028283
Suriname,SUR,1973,4.926777
Suriname,SUR,1974,5.4720464
Suriname,SUR,1975,6.5415077
Suriname,SUR,1976,7.80603
Suriname,SUR,1977,7.729963
Suriname,SUR,1978,5.5623937
Suriname,SUR,1979,6.340984
Suriname,SUR,1980,6.4153566
Suriname,SUR,1981,6.6758904
Suriname,SUR,1982,6.537818
Suriname,SUR,1983,6.5157013
Suriname,SUR,1984,5.966374
Suriname,SUR,1985,7.2385793
Suriname,SUR,1986,5.1370482
Suriname,SUR,1987,7.478289
Suriname,SUR,1988,7.6893873
Suriname,SUR,1989,7.0712385
Suriname,SUR,1990,7.123733
Suriname,SUR,1991,6.687276
Suriname,SUR,1992,6.1404877
Suriname,SUR,1993,6.642741
Suriname,SUR,1994,7.4316616
Suriname,SUR,1995,8.768491
Suriname,SUR,1996,6.4562454
Suriname,SUR,1997,10.148459
Suriname,SUR,1998,6.8187394
Suriname,SUR,1999,5.5070944
Suriname,SUR,2000,5.780588
Suriname,SUR,2001,4.7731037
Suriname,SUR,2002,4.504537
Suriname,SUR,2003,4.423592
Suriname,SUR,2004,4.3263454
Suriname,SUR,2005,4.7080708
Suriname,SUR,2006,2.8760788
Suriname,SUR,2007,3.6015186
Suriname,SUR,2008,2.9620178
Suriname,SUR,2009,3.9221456
Suriname,SUR,2010,3.6399271
Suriname,SUR,2011,2.7599554
Suriname,SUR,2012,4.1999254
Suriname,SUR,2013,4.429969
Suriname,SUR,2014,3.9499314
Suriname,SUR,2015,5.059965
Suriname,SUR,2016,7.289938
Suriname,SUR,2017,6.249895
Suriname,SUR,2018,5.179922
Suriname,SUR,2019,6.399905
Suriname,SUR,2020,5.34
Suriname,SUR,2021,6.699946
Suriname,SUR,2022,5.899886
Suriname,SUR,2023,5.769982
Sweden,SWE,1961,11.480683
Sweden,SWE,1962,11.562103
Sweden,SWE,1963,11.214982
Sweden,SWE,1964,11.382312
Sweden,SWE,1965,11.251612
Sweden,SWE,1966,11.187727
Sweden,SWE,1967,11.116492
Sweden,SWE,1968,11.616409
Sweden,SWE,1969,11.812819
Sweden,SWE,1970,12.0793295
Sweden,SWE,1971,11.878101
Sweden,SWE,1972,11.919374
Sweden,SWE,1973,12.093115
Sweden,SWE,1974,12.06235
Sweden,SWE,1975,12.180534
Sweden,SWE,1976,12.015041
Sweden,SWE,1977,12.221553
Sweden,SWE,1978,12.814124
Sweden,SWE,1979,12.53189
Sweden,SWE,1980,12.480796
Sweden,SWE,1981,12.719297
Sweden,SWE,1982,12.686678
Sweden,SWE,1983,12.765532
Sweden,SWE,1984,12.706216
Sweden,SWE,1985,13.871247
Sweden,SWE,1986,13.803706
Sweden,SWE,1987,13.726672
Sweden,SWE,1988,13.783644
Sweden,SWE,1989,13.490903
Sweden,SWE,1990,12.800642
Sweden,SWE,1991,12.440064
Sweden,SWE,1992,12.474985
Sweden,SWE,1993,12.318141
Sweden,SWE,1994,12.242271
Sweden,SWE,1995,11.3109
Sweden,SWE,1996,12.201955
Sweden,SWE,1997,11.597641
Sweden,SWE,1998,11.793834
Sweden,SWE,1999,11.658298
Sweden,SWE,2000,11.499871
Sweden,SWE,2001,11.020059
Sweden,SWE,2002,10.1639805
Sweden,SWE,2003,10.400885
Sweden,SWE,2004,11.443684
Sweden,SWE,2005,11.100282
Sweden,SWE,2006,11.091435
Sweden,SWE,2007,11.193101
Sweden,SWE,2008,11.528847
Sweden,SWE,2009,12.024546
Sweden,SWE,2010,12.449995
Sweden,SWE,2011,12.349997
Sweden,SWE,2012,13.200018
Sweden,SWE,2013,13.33
Sweden,SWE,2014,13.049989
Sweden,SWE,2015,12.989996
Sweden,SWE,2016,13.869999
Sweden,SWE,2017,13.729995
Sweden,SWE,2018,14.120001
Sweden,SWE,2019,14.330013
Sweden,SWE,2020,13.28001
Sweden,SWE,2021,12.899995
Sweden,SWE,2022,11.370006
Sweden,SWE,2023,10.419997
Switzerland,CHE,1961,9.745683
Switzerland,CHE,1962,9.576958
Switzerland,CHE,1963,9.5603895
Switzerland,CHE,1964,9.648691
Switzerland,CHE,1965,10.402867
Switzerland,CHE,1966,10.098347
Switzerland,CHE,1967,10.150452
Switzerland,CHE,1968,10.6295395
Switzerland,CHE,1969,10.822209
Switzerland,CHE,1970,11.348069
Switzerland,CHE,1971,10.984943
Switzerland,CHE,1972,11.266017
Switzerland,CHE,1973,11.346458
Switzerland,CHE,1974,11.439312
Switzerland,CHE,1975,11.0001135
Switzerland,CHE,1976,11.091532
Switzerland,CHE,1977,11.397186
Switzerland,CHE,1978,11.804605
Switzerland,CHE,1979,11.802982
Switzerland,CHE,1980,11.810309
Switzerland,CHE,1981,12.135907
Switzerland,CHE,1982,12.073267
Switzerland,CHE,1983,12.28847
Switzerland,CHE,1984,12.090217
Switzerland,CHE,1985,12.221682
Switzerland,CHE,1986,12.627152
Switzerland,CHE,1987,12.4817705
Switzerland,CHE,1988,12.007706
Switzerland,CHE,1989,11.348919
Switzerland,CHE,1990,11.224129
Switzerland,CHE,1991,11.1656685
Switzerland,CHE,1992,11.2194805
Switzerland,CHE,1993,10.129277
Switzerland,CHE,1994,10.698362
Switzerland,CHE,1995,9.916815
Switzerland,CHE,1996,10.232774
Switzerland,CHE,1997,10.081193
Switzerland,CHE,1998,10.415425
Switzerland,CHE,1999,10.469557
Switzerland,CHE,2000,9.745517
Switzerland,CHE,2001,9.915039
Switzerland,CHE,2002,10.238055
Switzerland,CHE,2003,10.098416
Switzerland,CHE,2004,10.066282
Switzerland,CHE,2005,9.999196
Switzerland,CHE,2006,10.174741
Switzerland,CHE,2007,10.457112
Switzerland,CHE,2008,10.50547
Switzerland,CHE,2009,10.827489
Switzerland,CHE,2010,13.14
Switzerland,CHE,2011,12.199986
Switzerland,CHE,2012,12.160005
Switzerland,CHE,2013,12.390002
Switzerland,CHE,2014,12.330004
Switzerland,CHE,2015,12.199985
Switzerland,CHE,2016,12.109996
Switzerland,CHE,2017,12.19
Switzerland,CHE,2018,12.299998
Switzerland,CHE,2019,12.6299925
Switzerland,CHE,2020,12.869997
Switzerland,CHE,2021,13.220001
Switzerland,CHE,2022,12.6
Switzerland,CHE,2023,12.789993
Syria,SYR,2010,2.8300004
Syria,SYR,2011,3.7399993
Syria,SYR,2012,5.579999
Syria,SYR,2013,5.7499995
Syria,SYR,2014,6.0799994
Syria,SYR,2015,6.2300014
Syria,SYR,2016,5.8999987
Syria,SYR,2017,5.1599994
Syria,SYR,2018,4.98
Syria,SYR,2019,7.759998
Syria,SYR,2020,7.1999993
Syria,SYR,2021,5.690001
Syria,SYR,2022,3.83
Syria,SYR,2023,4.0899997
Taiwan,TWN,1961,1.4794352
Taiwan,TWN,1962,1.6010373
Taiwan,TWN,1963,1.7139841
Taiwan,TWN,1964,1.9421198
Taiwan,TWN,1965,2.0306249
Taiwan,TWN,1966,2.1032841
Taiwan,TWN,1967,2.1471107
Taiwan,TWN,1968,2.5267212
Taiwan,TWN,1969,2.870039
Taiwan,TWN,1970,3.0757577
Taiwan,TWN,1971,3.0544593
Taiwan,TWN,1972,3.3356705
Taiwan,TWN,1973,3.4363825
Taiwan,TWN,1974,3.2365303
Taiwan,TWN,1975,3.7828896
Taiwan,TWN,1976,4.252757
Taiwan,TWN,1977,4.55979
Taiwan,TWN,1978,5.4889755
Taiwan,TWN,1979,5.704537
Taiwan,TWN,1980,5.8294907
Taiwan,TWN,1981,5.690275
Taiwan,TWN,1982,5.7184668
Taiwan,TWN,1983,7.7709975
Taiwan,TWN,1984,8.139005
Taiwan,TWN,1985,8.153398
Taiwan,TWN,1986,7.9261765
Taiwan,TWN,1987,8.310452
Taiwan,TWN,1988,7.805472
Taiwan,TWN,1989,8.579952
Taiwan,TWN,1990,8.929824
Taiwan,TWN,1991,8.500259
Taiwan,TWN,1992,10.167444
Taiwan,TWN,1993,10.481198
Taiwan,TWN,1994,10.9934435
Taiwan,TWN,1995,12.044515
Taiwan,TWN,1996,12.727016
Taiwan,TWN,1997,14.423716
Taiwan,TWN,1998,14.417172
Taiwan,TWN,1999,14.51619
Taiwan,TWN,2000,14.408646
Taiwan,TWN,2001,14.493587
Taiwan,TWN,2002,13.895383
Taiwan,TWN,2003,13.771214
Taiwan,TWN,2004,13.508858
Taiwan,TWN,2005,12.417043
Taiwan,TWN,2006,12.857978
Taiwan,TWN,2007,13.047942
Taiwan,TWN,2008,13.345782
Taiwan,TWN,2009,12.394699
Taiwan,TWN,2010,13.290001
Taiwan,TWN,2011,13.100001
Taiwan,TWN,2012,13.239999
Taiwan,TWN,2013,13.219999
Taiwan,TWN,2014,13.310006
Taiwan,TWN,2015,13.409994
Taiwan,TWN,2016,14.08
Taiwan,TWN,2017,14.36
Taiwan,TWN,2018,14.050002
Taiwan,TWN,2019,15.040002
Taiwan,TWN,2020,15.99
Taiwan,TWN,2021,16.38
Taiwan,TWN,2022,16.280003
Taiwan,TWN,2023,14.050003
Tajikistan,TJK,1992,2.0530155
Tajikistan,TJK,1993,1.393212
Tajikistan,TJK,1994,1.0671029
Tajikistan,TJK,1995,0.4375492
Tajikistan,TJK,1996,0.048314326
Tajikistan,TJK,1997,0.04834825
Tajikistan,TJK,1998,0.12656072
Tajikistan,TJK,1999,0.09817387
Tajikistan,TJK,2000,0.3445013
Tajikistan,TJK,2001,0.471132
Tajikistan,TJK,2002,0.5294447
Tajikistan,TJK,2003,0.8433937
Tajikistan,TJK,2004,1.1089402
Tajikistan,TJK,2005,1.4447974
Tajikistan,TJK,2006,1.4486369
Tajikistan,TJK,2007,1.4628273
Tajikistan,TJK,2008,1.7745348
Tajikistan,TJK,2009,1.759784
Tajikistan,TJK,2010,1.7299992
Tajikistan,TJK,2011,1.5500003
Tajikistan,TJK,2012,1.5299987
Tajikistan,TJK,2013,1.6299974
Tajikistan,TJK,2014,2.1099975
Tajikistan,TJK,2015,2.1700003
Tajikistan,TJK,2016,2.2300017
Tajikistan,TJK,2017,3.0300026
Tajikistan,TJK,2018,2.6899958
Tajikistan,TJK,2019,3.41
Tajikistan,TJK,2020,4.209999
Tajikistan,TJK,2021,4.189999
Tajikistan,TJK,2022,5.3699956
Tajikistan,TJK,2023,6.2099957
Tanzania,TZA,1961,0.94689786
Tanzania,TZA,1962,0.9372148
Tanzania,TZA,1963,0.93750376
Tanzania,TZA,1964,0.94764864
Tanzania,TZA,1965,0.96758044
Tanzania,TZA,1966,1.0178008
Tanzania,TZA,1967,1.1184732
Tanzania,TZA,1968,1.1059947
Tanzania,TZA,1969,1.1024829
Tanzania,TZA,1970,1.0789077
Tanzania,TZA,1971,1.1560537
Tanzania,TZA,1972,1.1820935
Tanzania,TZA,1973,1.2577252
Tanzania,TZA,1974,1.2629298
Tanzania,TZA,1975,1.2276783
Tanzania,TZA,1976,1.3303007
Tanzania,TZA,1977,1.3532845
Tanzania,TZA,1978,1.3574804
Tanzania,TZA,1979,1.3346267
Tanzania,TZA,1980,1.3438442
Tanzania,TZA,1981,1.4813781
Tanzania,TZA,1982,1.4729451
Tanzania,TZA,1983,1.1396465
Tanzania,TZA,1984,0.97267723
Tanzania,TZA,1985,1.0098794
Tanzania,TZA,1986,0.9976302
Tanzania,TZA,1987,1.0241654
Tanzania,TZA,1988,1.0435189
Tanzania,TZA,1989,0.970409
Tanzania,TZA,1990,1.083421
Tanzania,TZA,1991,1.1899644
Tanzania,TZA,1992,1.2002347
Tanzania,TZA,1993,1.2024969
Tanzania,TZA,1994,1.0761038
Tanzania,TZA,1995,1.0742332
Tanzania,TZA,1996,1.0841614
Tanzania,TZA,1997,1.1002755
Tanzania,TZA,1998,0.9587427
Tanzania,TZA,1999,0.9665822
Tanzania,TZA,2000,0.9135783
Tanzania,TZA,2001,0.8525894
Tanzania,TZA,2002,0.8524931
Tanzania,TZA,2003,0.84247035
Tanzania,TZA,2004,0.85222214
Tanzania,TZA,2005,0.8125061
Tanzania,TZA,2006,0.7632564
Tanzania,TZA,2007,0.73436534
Tanzania,TZA,2008,0.666589
Tanzania,TZA,2009,0.61008424
Tanzania,TZA,2010,1.3899999
Tanzania,TZA,2011,1.36
Tanzania,TZA,2012,1.36
Tanzania,TZA,2013,1.3199999
Tanzania,TZA,2014,1.5100001
Tanzania,TZA,2015,1.4500002
Tanzania,TZA,2016,1.11
Tanzania,TZA,2017,1.4200001
Tanzania,TZA,2018,1.0500001
Tanzania,TZA,2019,1.02
Tanzania,TZA,2020,2.33
Tanzania,TZA,2021,2.42
Tanzania,TZA,2022,2.63
Tanzania,TZA,2023,2.81
Thailand,THA,1961,9.116102
Thailand,THA,1962,9.31527
Thailand,THA,1963,9.237736
Thailand,THA,1964,8.934904
Thailand,THA,1965,8.845343
Thailand,THA,1966,8.93011
Thailand,THA,1967,8.668965
Thailand,THA,1968,8.614001
Thailand,THA,1969,8.4600935
Thailand,THA,1970,8.410868
Thailand,THA,1971,8.344582
Thailand,THA,1972,8.144391
Thailand,THA,1973,7.76475
Thailand,THA,1974,7.7243423
Thailand,THA,1975,7.682809
Thailand,THA,1976,7.652021
Thailand,THA,1977,7.6494083
Thailand,THA,1978,7.508348
Thailand,THA,1979,6.7856336
Thailand,THA,1980,7.284341
Thailand,THA,1981,7.0027704
Thailand,THA,1982,6.7916775
Thailand,THA,1983,7.2310567
Thailand,THA,1984,6.946343
Thailand,THA,1985,7.545407
Thailand,THA,1986,7.3428526
Thailand,THA,1987,7.2164707
Thailand,THA,1988,6.7957544
Thailand,THA,1989,8.989443
Thailand,THA,1990,10.450705
Thailand,THA,1991,10.935762
Thailand,THA,1992,10.455289
Thailand,THA,1993,9.569055
Thailand,THA,1994,10.742268
Thailand,THA,1995,10.100439
Thailand,THA,1996,10.516778
Thailand,THA,1997,11.253259
Thailand,THA,1998,10.196262
Thailand,THA,1999,9.297996
Thailand,THA,2000,9.72628
Thailand,THA,2001,9.423024
Thailand,THA,2002,9.966819
Thailand,THA,2003,9.9016285
Thailand,THA,2004,8.094601
Thailand,THA,2005,8.967297
Thailand,THA,2006,9.382635
Thailand,THA,2007,9.8865795
Thailand,THA,2008,9.866111
Thailand,THA,2009,11.023291
Thailand,THA,2010,11.230001
Thailand,THA,2011,11.4
Thailand,THA,2012,11.870002
Thailand,THA,2013,11.79
Thailand,THA,2014,12.220001
Thailand,THA,2015,11.800002
Thailand,THA,2016,11.700002
Thailand,THA,2017,11.680001
Thailand,THA,2018,11.78
Thailand,THA,2019,11.740002
Thailand,THA,2020,11.899999
Thailand,THA,2021,11.819998
Thailand,THA,2022,11.700001
Thailand,THA,2023,11.689999
Togo,TGO,1961,0.23462556
Togo,TGO,1962,0.2140793
Togo,TGO,1963,0.2681382
Togo,TGO,1964,0.29556403
Togo,TGO,1965,0.29793194
Togo,TGO,1966,0.3692894
Togo,TGO,1967,0.37822148
Togo,TGO,1968,0.3785366
Togo,TGO,1969,0.38839355
Togo,TGO,1970,0.39376965
Togo,TGO,1971,0.3939044
Togo,TGO,1972,0.42324892
Togo,TGO,1973,0.39291775
Togo,TGO,1974,0.4803622
Togo,TGO,1975,0.5184285
Togo,TGO,1976,0.47844982
Togo,TGO,1977,0.5166711
Togo,TGO,1978,0.54508114
Togo,TGO,1979,0.5258043
Togo,TGO,1980,0.43864942
Togo,TGO,1981,0.39063165
Togo,TGO,1982,0.43306926
Togo,TGO,1983,0.5088093
Togo,TGO,1984,0.55606645
Togo,TGO,1985,0.48878336
Togo,TGO,1986,1.040936
Togo,TGO,1987,1.0324098
Togo,TGO,1988,1.001958
Togo,TGO,1989,1.1238148
Togo,TGO,1990,1.111711
Togo,TGO,1991,1.1289798
Togo,TGO,1992,1.1450622
Togo,TGO,1993,1.2178881
Togo,TGO,1994,1.2850833
Togo,TGO,1995,1.2193987
Togo,TGO,1996,1.197503
Togo,TGO,1997,1.0552766
Togo,TGO,1998,1.0253924
Togo,TGO,1999,0.99580413
Togo,TGO,2000,0.9254616
Togo,TGO,2001,0.89576656
Togo,TGO,2002,0.8561866
Togo,TGO,2003,0.83668715
Togo,TGO,2004,0.95054644
Togo,TGO,2005,0.9927305
Togo,TGO,2006,0.82691956
Togo,TGO,2007,0.8932515
Togo,TGO,2008,0.9682251
Togo,TGO,2009,0.9319805
Togo,TGO,2010,0.94539696
Togo,TGO,2011,0.9239666
Togo,TGO,2012,0.9160957
Togo,TGO,2013,0.9406894
Togo,TGO,2014,1.1556106
Togo,TGO,2015,1.1730589
Togo,TGO,2016,1.8512659
Togo,TGO,2017,1.9941906
Togo,TGO,2018,2.1254392
Togo,TGO,2019,2.066204
Togo,TGO,2020,1.9946369
Togo,TGO,2021,1.8735838
Togo,TGO,2022,2.4675329
Tonga,TON,2019,3.6493783
Tonga,TON,2020,3.9792094
Tonga,TON,2021,3.7994957
Tonga,TON,2022,3.3395867
Tonga,TON,2023,3.6895413
Trinidad and Tobago,TTO,1961,1.0722909
Trinidad and Tobago,TTO,1962,1.1197392
Trinidad and Tobago,TTO,1963,1.2845167
Trinidad and Tobago,TTO,1964,1.8594656
Trinidad and Tobago,TTO,1965,1.9547776
Trinidad and Tobago,TTO,1966,2.6342945
Trinidad and Tobago,TTO,1967,3.7081475
Trinidad and Tobago,TTO,1968,3.7662513
Trinidad and Tobago,TTO,1969,5.4995704
Trinidad and Tobago,TTO,1970,5.9919314
Trinidad and Tobago,TTO,1971,5.406528
Trinidad and Tobago,TTO,1972,6.6641445
Trinidad and Tobago,TTO,1973,6.531911
Trinidad and Tobago,TTO,1974,6.26497
Trinidad and Tobago,TTO,1975,6.180387
Trinidad and Tobago,TTO,1976,6.17728
Trinidad and Tobago,TTO,1977,6.473748
Trinidad and Tobago,TTO,1978,7.0851927
Trinidad and Tobago,TTO,1979,7.0742164
Trinidad and Tobago,TTO,1980,7.0898595
Trinidad and Tobago,TTO,1981,7.2682137
Trinidad and Tobago,TTO,1982,6.7576475
Trinidad and Tobago,TTO,1983,7.193971
Trinidad and Tobago,TTO,1984,7.1253085
Trinidad and Tobago,TTO,1985,7.1599083
Trinidad and Tobago,TTO,1986,6.8394823
Trinidad and Tobago,TTO,1987,6.792857
Trinidad and Tobago,TTO,1988,5.848321
Trinidad and Tobago,TTO,1989,1.632869
Trinidad and Tobago,TTO,1990,1.9907763
Trinidad and Tobago,TTO,1991,1.6664106
Trinidad and Tobago,TTO,1992,1.6147288
Trinidad and Tobago,TTO,1993,1.5738547
Trinidad and Tobago,TTO,1994,1.5814764
Trinidad and Tobago,TTO,1995,1.8410753
Trinidad and Tobago,TTO,1996,2.1660695
Trinidad and Tobago,TTO,1997,2.8293939
Trinidad and Tobago,TTO,1998,4.125731
Trinidad and Tobago,TTO,1999,3.1752224
Trinidad and Tobago,TTO,2000,3.362679
Trinidad and Tobago,TTO,2001,2.8595634
Trinidad and Tobago,TTO,2002,2.9646919
Trinidad and Tobago,TTO,2003,3.5104034
Trinidad and Tobago,TTO,2004,2.8860862
Trinidad and Tobago,TTO,2005,3.3095546
Trinidad and Tobago,TTO,2006,3.6825626
Trinidad and Tobago,TTO,2007,3.8281622
Trinidad and Tobago,TTO,2008,3.9132125
Trinidad and Tobago,TTO,2009,5.065378
Trinidad and Tobago,TTO,2010,3.6499817
Trinidad and Tobago,TTO,2011,3.1899772
Trinidad and Tobago,TTO,2012,3.6299899
Trinidad and Tobago,TTO,2013,5.1799707
Trinidad and Tobago,TTO,2014,5.929979
Trinidad and Tobago,TTO,2015,4.72
Trinidad and Tobago,TTO,2016,5.5299964
Trinidad and Tobago,TTO,2017,5.7199802
Trinidad and Tobago,TTO,2018,6.099992
Trinidad and Tobago,TTO,2019,6.479965
Trinidad and Tobago,TTO,2020,4.94998
Trinidad and Tobago,TTO,2021,4.9400167
Trinidad and Tobago,TTO,2022,5.08999
Trinidad and Tobago,TTO,2023,7.029963
Tunisia,TUN,1961,1.2458457
Tunisia,TUN,1962,1.4601961
Tunisia,TUN,1963,1.4304975
Tunisia,TUN,1964,1.4562321
Tunisia,TUN,1965,1.566448
Tunisia,TUN,1966,1.9836192
Tunisia,TUN,1967,1.9065948
Tunisia,TUN,1968,2.069645
Tunisia,TUN,1969,2.2978985
Tunisia,TUN,1970,2.2431974
Tunisia,TUN,1971,2.2548702
Tunisia,TUN,1972,1.9471723
Tunisia,TUN,1973,2.1889012
Tunisia,TUN,1974,2.2081325
Tunisia,TUN,1975,2.3999112
Tunisia,TUN,1976,2.8019376
Tunisia,TUN,1977,3.4336307
Tunisia,TUN,1978,3.569066
Tunisia,TUN,1979,4.5977783
Tunisia,TUN,1980,4.7170157
Tunisia,TUN,1981,5.0107713
Tunisia,TUN,1982,5.2724576
Tunisia,TUN,1983,6.122885
Tunisia,TUN,1984,5.6943483
Tunisia,TUN,1985,5.9763556
Tunisia,TUN,1986,6.0372534
Tunisia,TUN,1987,6.0710926
Tunisia,TUN,1988,6.080359
Tunisia,TUN,1989,5.382086
Tunisia,TUN,1990,5.0913935
Tunisia,TUN,1991,5.577425
Tunisia,TUN,1992,5.266291
Tunisia,TUN,1993,4.7775755
Tunisia,TUN,1994,5.2601714
Tunisia,TUN,1995,5.64792
Tunisia,TUN,1996,5.738322
Tunisia,TUN,1997,7.1278043
Tunisia,TUN,1998,7.1412697
Tunisia,TUN,1999,7.5561285
Tunisia,TUN,2000,7.21004
Tunisia,TUN,2001,7.1292167
Tunisia,TUN,2002,7.2160506
Tunisia,TUN,2003,6.687441
Tunisia,TUN,2004,6.946933
Tunisia,TUN,2005,7.085848
Tunisia,TUN,2006,6.8444233
Tunisia,TUN,2007,7.212272
Tunisia,TUN,2008,7.1950026
Tunisia,TUN,2009,7.075967
Tunisia,TUN,2010,7.1499977
Tunisia,TUN,2011,7.0699997
Tunisia,TUN,2012,7.510001
Tunisia,TUN,2013,7.3599973
Tunisia,TUN,2014,8.029996
Tunisia,TUN,2015,8.889993
Tunisia,TUN,2016,7.9099956
Tunisia,TUN,2017,7.659997
Tunisia,TUN,2018,7.879997
Tunisia,TUN,2019,7.6799974
Tunisia,TUN,2020,7.570001
Tunisia,TUN,2021,7.169997
Tunisia,TUN,2022,7.079995
Tunisia,TUN,2023,7.029998
Turkey,TUR,1961,1.9291617
Turkey,TUR,1962,1.9810537
Turkey,TUR,1963,1.9168264
Turkey,TUR,1964,1.9015312
Turkey,TUR,1965,1.9839102
Turkey,TUR,1966,1.9598086
Turkey,TUR,1967,2.0107028
Turkey,TUR,1968,2.233873
Turkey,TUR,1969,2.2590456
Turkey,TUR,1970,2.2872283
Turkey,TUR,1971,2.50556
Turkey,TUR,1972,2.8283865
Turkey,TUR,1973,2.8217978
Turkey,TUR,1974,2.7031755
Turkey,TUR,1975,2.6631088
Turkey,TUR,1976,3.1870253
Turkey,TUR,1977,4.133331
Turkey,TUR,1978,4.421639
Turkey,TUR,1979,4.299835
Turkey,TUR,1980,3.9353023
Turkey,TUR,1981,4.2297125
Turkey,TUR,1982,4.3935275
Turkey,TUR,1983,4.080849
Turkey,TUR,1984,3.9715207
Turkey,TUR,1985,4.2592955
Turkey,TUR,1986,4.109734
Turkey,TUR,1987,4.6284266
Turkey,TUR,1988,5.356706
Turkey,TUR,1989,5.3185
Turkey,TUR,1990,6.0245466
Turkey,TUR,1991,5.933212
Turkey,TUR,1992,6.26582
Turkey,TUR,1993,7.5650444
Turkey,TUR,1994,7.4950657
Turkey,TUR,1995,8.007583
Turkey,TUR,1996,8.7603655
Turkey,TUR,1997,10.575407
Turkey,TUR,1998,12.043361
Turkey,TUR,1999,11.583074
Turkey,TUR,2000,11.249007
Turkey,TUR,2001,8.7762985
Turkey,TUR,2002,9.7559
Turkey,TUR,2003,10.401276
Turkey,TUR,2004,8.848789
Turkey,TUR,2005,9.556191
Turkey,TUR,2006,9.229119
Turkey,TUR,2007,9.361142
Turkey,TUR,2008,9.193431
Turkey,TUR,2009,9.310063
Turkey,TUR,2010,6.9700003
Turkey,TUR,2011,6.69
Turkey,TUR,2012,7.5000005
Turkey,TUR,2013,8.03
Turkey,TUR,2014,8.189999
Turkey,TUR,2015,8.600001
Turkey,TUR,2016,8.450001
Turkey,TUR,2017,8.369999
Turkey,TUR,2018,8.48
Turkey,TUR,2019,9.45
Turkey,TUR,2020,9.94
Turkey,TUR,2021,9.54
Turkey,TUR,2022,9.8
Turkey,TUR,2023,10.52
Turkmenistan,TKM,1992,3.9954784
Turkmenistan,TKM,1993,3.692616
Turkmenistan,TKM,1994,3.5620315
Turkmenistan,TKM,1995,3.4773371
Turkmenistan,TKM,1996,3.5634916
Turkmenistan,TKM,1997,3.4694142
Turkmenistan,TKM,1998,3.5773745
Turkmenistan,TKM,1999,3.5356889
Turkmenistan,TKM,2000,4.743917
Turkmenistan,TKM,2001,5.189305
Turkmenistan,TKM,2002,5.757869
Turkmenistan,TKM,2003,6.7944403
Turkmenistan,TKM,2004,6.5745425
Turkmenistan,TKM,2005,8.420406
Turkmenistan,TKM,2006,6.6612773
Turkmenistan,TKM,2007,8.430093
Turkmenistan,TKM,2008,7.793303
Turkmenistan,TKM,2009,7.2882166
Turkmenistan,TKM,2010,8.080006
Turkmenistan,TKM,2011,8.460011
Turkmenistan,TKM,2012,8.020003
Turkmenistan,TKM,2013,7.839989
Turkmenistan,TKM,2014,9.79999
Turkmenistan,TKM,2015,10.399995
Turkmenistan,TKM,2016,10.549998
Turkmenistan,TKM,2017,10.889992
Turkmenistan,TKM,2018,11.789994
Turkmenistan,TKM,2019,11.919994
Turkmenistan,TKM,2020,12.199991
Turkmenistan,TKM,2021,10.949997
Turkmenistan,TKM,2022,11.359988
Turkmenistan,TKM,2023,11.560005
Tuvalu,TUV,2019,3.981345
Tuvalu,TUV,2020,4.5599155
Tuvalu,TUV,2021,8.290474
Tuvalu,TUV,2022,9.379344
Tuvalu,TUV,2023,10.980989
USSR,OWID_USS,1961,6.9788833
USSR,OWID_USS,1962,7.020862
USSR,OWID_USS,1963,6.573894
USSR,OWID_USS,1964,6.2871156
USSR,OWID_USS,1965,6.7739086
USSR,OWID_USS,1966,7.1764655
USSR,OWID_USS,1967,7.6342583
USSR,OWID_USS,1968,7.94891
USSR,OWID_USS,1969,8.13424
USSR,OWID_USS,1970,8.810374
USSR,OWID_USS,1971,9.740493
USSR,OWID_USS,1972,10.264169
USSR,OWID_USS,1973,10.890627
USSR,OWID_USS,1974,11.585841
USSR,OWID_USS,1975,11.871758
USSR,OWID_USS,1976,11.365481
USSR,OWID_USS,1977,12.346988
USSR,OWID_USS,1978,12.837601
USSR,OWID_USS,1979,13.171284
USSR,OWID_USS,1980,13.476309
USSR,OWID_USS,1981,13.890375
USSR,OWID_USS,1982,13.838909
USSR,OWID_USS,1983,14.206916
USSR,OWID_USS,1984,14.205339
USSR,OWID_USS,1985,14.550831
USSR,OWID_USS,1986,14.982087
USSR,OWID_USS,1987,15.210003
USSR,OWID_USS,1988,15.348569
USSR,OWID_USS,1989,14.895392
USSR,OWID_USS,1990,14.732348
USSR,OWID_USS,1991,14.289615
Uganda,UGA,1961,0.5169099
Uganda,UGA,1962,0.51891744
Uganda,UGA,1963,0.5300588
Uganda,UGA,1964,0.60442567
Uganda,UGA,1965,0.60676384
Uganda,UGA,1966,0.60905325
Uganda,UGA,1967,0.6110445
Uganda,UGA,1968,0.6031931
Uganda,UGA,1969,0.6038605
Uganda,UGA,1970,0.5948588
Uganda,UGA,1971,0.6133239
Uganda,UGA,1972,0.6055672
Uganda,UGA,1973,0.63506633
Uganda,UGA,1974,0.6638585
Uganda,UGA,1975,0.76641583
Uganda,UGA,1976,0.84216547
Uganda,UGA,1977,0.6218264
Uganda,UGA,1978,0.5307434
Uganda,UGA,1979,0.6088485
Uganda,UGA,1980,0.59555954
Uganda,UGA,1981,0.59139496
Uganda,UGA,1982,0.6242487
Uganda,UGA,1983,0.65686345
Uganda,UGA,1984,0.6407671
Uganda,UGA,1985,0.6635845
Uganda,UGA,1986,0.69684523
Uganda,UGA,1987,0.6016586
Uganda,UGA,1988,0.6242439
Uganda,UGA,1989,0.6367003
Uganda,UGA,1990,0.64870906
Uganda,UGA,1991,0.6600036
Uganda,UGA,1992,0.6501025
Uganda,UGA,1993,0.65948546
Uganda,UGA,1994,0.6391151
Uganda,UGA,1995,0.6322964
Uganda,UGA,1996,0.6251526
Uganda,UGA,1997,0.61639017
Uganda,UGA,1998,0.60704017
Uganda,UGA,1999,0.6367916
Uganda,UGA,2000,0.62712586
Uganda,UGA,2001,0.61843854
Uganda,UGA,2002,0.58931637
Uganda,UGA,2003,0.5703252
Uganda,UGA,2004,0.6033078
Uganda,UGA,2005,0.5649819
Uganda,UGA,2006,0.58815265
Uganda,UGA,2007,0.56994915
Uganda,UGA,2008,0.7596272
Uganda,UGA,2009,1.034473
Uganda,UGA,2010,1.07
Uganda,UGA,2011,1.0999999
Uganda,UGA,2012,1.0800002
Uganda,UGA,2013,1.0999997
Uganda,UGA,2014,1.0999999
Uganda,UGA,2015,0.63000005
Uganda,UGA,2016,0.7999999
Uganda,UGA,2017,0.85000014
Uganda,UGA,2018,0.87999976
Uganda,UGA,2019,0.8000001
Uganda,UGA,2020,0.79
Uganda,UGA,2021,0.77
Uganda,UGA,2022,0.76
Uganda,UGA,2023,0.74999994
Ukraine,UKR,1992,12.792643
Ukraine,UKR,1993,11.581383
Ukraine,UKR,1994,10.114976
Ukraine,UKR,1995,9.879836
Ukraine,UKR,1996,9.276058
Ukraine,UKR,1997,8.776488
Ukraine,UKR,1998,8.897761
Ukraine,UKR,1999,9.243107
Ukraine,UKR,2000,9.394317
Ukraine,UKR,2001,10.2178955
Ukraine,UKR,2002,12.080629
Ukraine,UKR,2003,12.111271
Ukraine,UKR,2004,12.441167
Ukraine,UKR,2005,13.729059
Ukraine,UKR,2006,14.484015
Ukraine,UKR,2007,14.532347
Ukraine,UKR,2008,14.974561
Ukraine,UKR,2009,15.73865
Ukraine,UKR,2010,17.020002
Ukraine,UKR,2011,17.83
Ukraine,UKR,2012,18.230003
Ukraine,UKR,2013,18.530005
Ukraine,UKR,2014,18.53
Ukraine,UKR,2015,15.399998
Ukraine,UKR,2016,14.359999
Ukraine,UKR,2017,14.040001
Ukraine,UKR,2018,16.980001
Ukraine,UKR,2019,18.180004
Ukraine,UKR,2020,19.370003
Ukraine,UKR,2021,17.01
Ukraine,UKR,2022,15.560001
Ukraine,UKR,2023,16.150003
United Arab Emirates,ARE,1961,0.90187097
United Arab Emirates,ARE,1962,0.8647034
United Arab Emirates,ARE,1963,0.81748486
United Arab Emirates,ARE,1964,0.7803284
United Arab Emirates,ARE,1965,0.7600481
United Arab Emirates,ARE,1966,1.3715888
United Arab Emirates,ARE,1967,2.211699
United Arab Emirates,ARE,1968,3.0403845
United Arab Emirates,ARE,1969,4.5286136
United Arab Emirates,ARE,1970,5.4649577
United Arab Emirates,ARE,1971,4.448875
United Arab Emirates,ARE,1972,5.1014867
United Arab Emirates,ARE,1973,5.607999
United Arab Emirates,ARE,1974,7.9837985
United Arab Emirates,ARE,1975,13.71606
United Arab Emirates,ARE,1976,15.719883
United Arab Emirates,ARE,1977,10.153305
United Arab Emirates,ARE,1978,17.80132
United Arab Emirates,ARE,1979,17.453575
United Arab Emirates,ARE,1980,16.48845
United Arab Emirates,ARE,1981,20.672047
United Arab Emirates,ARE,1982,17.136087
United Arab Emirates,ARE,1983,14.792736
United Arab Emirates,ARE,1984,15.0677595
United Arab Emirates,ARE,1985,14.350608
United Arab Emirates,ARE,1986,11.766979
United Arab Emirates,ARE,1987,11.3943205
United Arab Emirates,ARE,1988,12.312919
United Arab Emirates,ARE,1989,12.6080065
United Arab Emirates,ARE,1990,12.625313
United Arab Emirates,ARE,1991,13.302362
United Arab Emirates,ARE,1992,11.946232
United Arab Emirates,ARE,1993,10.270456
United Arab Emirates,ARE,1994,11.638427
United Arab Emirates,ARE,1995,12.256757
United Arab Emirates,ARE,1996,11.995561
United Arab Emirates,ARE,1997,9.33436
United Arab Emirates,ARE,1998,10.430939
United Arab Emirates,ARE,1999,11.448363
United Arab Emirates,ARE,2000,10.064773
United Arab Emirates,ARE,2001,8.941132
United Arab Emirates,ARE,2002,8.107199
United Arab Emirates,ARE,2003,9.884089
United Arab Emirates,ARE,2004,8.319356
United Arab Emirates,ARE,2005,8.796441
United Arab Emirates,ARE,2006,8.468817
United Arab Emirates,ARE,2007,9.141809
United Arab Emirates,ARE,2008,9.180157
United Arab Emirates,ARE,2009,8.757034
United Arab Emirates,ARE,2010,3.9199932
United Arab Emirates,ARE,2011,4.2299905
United Arab Emirates,ARE,2012,4.609999
United Arab Emirates,ARE,2013,6.0399995
United Arab Emirates,ARE,2014,6.859992
United Arab Emirates,ARE,2015,7.0199976
United Arab Emirates,ARE,2016,7.2199974
United Arab Emirates,ARE,2017,7.56
United Arab Emirates,ARE,2018,7.45
United Arab Emirates,ARE,2019,7.949995
United Arab Emirates,ARE,2020,7.8099923
United Arab Emirates,ARE,2021,6.989996
United Arab Emirates,ARE,2022,8.480003
United Arab Emirates,ARE,2023,7.299994
United Kingdom,GBR,1961,14.847309
United Kingdom,GBR,1962,14.872359
United Kingdom,GBR,1963,14.530256
United Kingdom,GBR,1964,15.746763
United Kingdom,GBR,1965,14.521815
United Kingdom,GBR,1966,14.230915
United Kingdom,GBR,1967,14.790338
United Kingdom,GBR,1968,14.327599
United Kingdom,GBR,1969,14.532536
United Kingdom,GBR,1970,15.343759
United Kingdom,GBR,1971,15.259873
United Kingdom,GBR,1972,15.088209
United Kingdom,GBR,1973,14.559722
United Kingdom,GBR,1974,14.864672
United Kingdom,GBR,1975,14.100198
United Kingdom,GBR,1976,14.205631
United Kingdom,GBR,1977,14.196706
United Kingdom,GBR,1978,14.620354
United Kingdom,GBR,1979,14.559652
United Kingdom,GBR,1980,13.822332
United Kingdom,GBR,1981,13.5095825
United Kingdom,GBR,1982,13.397642
United Kingdom,GBR,1983,12.332959
United Kingdom,GBR,1984,12.2994585
United Kingdom,GBR,1985,13.0850525
United Kingdom,GBR,1986,11.855037
United Kingdom,GBR,1987,11.864786
United Kingdom,GBR,1988,10.855675
United Kingdom,GBR,1989,9.634445
United Kingdom,GBR,1990,10.630576
United Kingdom,GBR,1991,10.374469
United Kingdom,GBR,1992,10.112579
United Kingdom,GBR,1993,9.984822
United Kingdom,GBR,1994,10.237901
United Kingdom,GBR,1995,9.929956
United Kingdom,GBR,1996,10.0750885
United Kingdom,GBR,1997,9.799897
United Kingdom,GBR,1998,10.342739
United Kingdom,GBR,1999,9.309
United Kingdom,GBR,2000,9.298803
United Kingdom,GBR,2001,10.010709
United Kingdom,GBR,2002,10.020194
United Kingdom,GBR,2003,9.88792
United Kingdom,GBR,2004,10.438153
United Kingdom,GBR,2005,10.17821
United Kingdom,GBR,2006,10.087827
United Kingdom,GBR,2007,10.2055025
United Kingdom,GBR,2008,10.423096
United Kingdom,GBR,2009,10.236919
United Kingdom,GBR,2010,10.72
United Kingdom,GBR,2011,10.470001
United Kingdom,GBR,2012,10.689999
United Kingdom,GBR,2013,10.900001
United Kingdom,GBR,2014,10.780001
United Kingdom,GBR,2015,11.09
United Kingdom,GBR,2016,11.3
United Kingdom,GBR,2017,11.369999
United Kingdom,GBR,2018,11.220001
United Kingdom,GBR,2019,11.310001
United Kingdom,GBR,2020,11.31
United Kingdom,GBR,2021,11.42
United Kingdom,GBR,2022,10.190001
United Kingdom,GBR,2023,10.779999
United States,USA,1961,18.216925
United States,USA,1962,18.25883
United States,USA,1963,18.036184
United States,USA,1964,18.26367
United States,USA,1965,18.023954
United States,USA,1966,17.946299
United States,USA,1967,18.412022
United States,USA,1968,18.066282
United States,USA,1969,17.637608
United States,USA,1970,17.71681
United States,USA,1971,17.683186
United States,USA,1972,17.296091
United States,USA,1973,16.371048
United States,USA,1974,16.088892
United States,USA,1975,15.722189
United States,USA,1976,15.361241
United States,USA,1977,15.121548
United States,USA,1978,15.473504
United States,USA,1979,15.795426
United States,USA,1980,15.641565
United States,USA,1981,15.285743
United States,USA,1982,15.230371
United States,USA,1983,15.0859585
United States,USA,1984,14.696261
United States,USA,1985,14.540794
United States,USA,1986,14.432162
United States,USA,1987,14.439293
United States,USA,1988,14.024991
United States,USA,1989,13.66814
United States,USA,1990,13.4900875
United States,USA,1991,13.401569
United States,USA,1992,13.432379
United States,USA,1993,13.422435
United States,USA,1994,13.559293
United States,USA,1995,13.411704
United States,USA,1996,13.538534
United States,USA,1997,13.69676
United States,USA,1998,13.997393
United States,USA,1999,14.525934
United States,USA,2000,14.650087
United States,USA,2001,14.787314
United States,USA,2002,14.913675
United States,USA,2003,14.840742
United States,USA,2004,14.946612
United States,USA,2005,14.841922
United States,USA,2006,14.768591
United States,USA,2007,14.3215885
United States,USA,2008,14.057318
United States,USA,2009,14.036604
United States,USA,2010,14.08
United States,USA,2011,14.000001
United States,USA,2012,14.26
United States,USA,2013,14.58
United States,USA,2014,14.78
United States,USA,2015,14.41
United States,USA,2016,14.960001
United States,USA,2017,15.5
United States,USA,2018,15.83
United States,USA,2019,16.04
United States,USA,2020,15.87
United States,USA,2021,15.67
United States,USA,2022,15.740001
United States,USA,2023,15.590001
Upper-middle-income countries,OWID_UMC,1961,3.2093947
Upper-middle-income countries,OWID_UMC,1962,3.202618
Upper-middle-income countries,OWID_UMC,1963,3.0877824
Upper-middle-income countries,OWID_UMC,1964,3.0505753
Upper-middle-income countries,OWID_UMC,1965,3.1630845
Upper-middle-income countries,OWID_UMC,1966,3.26042
Upper-middle-income countries,OWID_UMC,1967,3.378739
Upper-middle-income countries,OWID_UMC,1968,3.4359367
Upper-middle-income countries,OWID_UMC,1969,3.5110202
Upper-middle-income countries,OWID_UMC,1970,3.638017
Upper-middle-income countries,OWID_UMC,1971,3.80537
Upper-middle-income countries,OWID_UMC,1972,3.9256063
Upper-middle-income countries,OWID_UMC,1973,4.031845
Upper-middle-income countries,OWID_UMC,1974,4.1683755
Upper-middle-income countries,OWID_UMC,1975,4.303514
Upper-middle-income countries,OWID_UMC,1976,4.288576
Upper-middle-income countries,OWID_UMC,1977,4.5311847
Upper-middle-income countries,OWID_UMC,1978,4.717244
Upper-middle-income countries,OWID_UMC,1979,4.8166113
Upper-middle-income countries,OWID_UMC,1980,5.013065
Upper-middle-income countries,OWID_UMC,1981,5.0833898
Upper-middle-income countries,OWID_UMC,1982,5.197362
Upper-middle-income countries,OWID_UMC,1983,5.28206
Upper-middle-income countries,OWID_UMC,1984,5.765608
Upper-middle-income countries,OWID_UMC,1985,6.2904296
Upper-middle-income countries,OWID_UMC,1986,6.472615
Upper-middle-income countries,OWID_UMC,1987,6.614807
Upper-middle-income countries,OWID_UMC,1988,7.0092573
Upper-middle-income countries,OWID_UMC,1989,7.0485044
Upper-middle-income countries,OWID_UMC,1990,7.3032174
Upper-middle-income countries,OWID_UMC,1991,7.7383175
Upper-middle-income countries,OWID_UMC,1992,7.311411
Upper-middle-income countries,OWID_UMC,1993,7.842533
Upper-middle-income countries,OWID_UMC,1994,9.076356
Upper-middle-income countries,OWID_UMC,1995,9.776045
Upper-middle-income countries,OWID_UMC,1996,10.886085
Upper-middle-income countries,OWID_UMC,1997,10.603596
Upper-middle-income countries,OWID_UMC,1998,10.952706
Upper-middle-income countries,OWID_UMC,1999,11.454621
Upper-middle-income countries,OWID_UMC,2000,11.662185
Upper-middle-income countries,OWID_UMC,2001,11.703915
Upper-middle-income countries,OWID_UMC,2002,11.928765
Upper-middle-income countries,OWID_UMC,2003,12.203694
Upper-middle-income countries,OWID_UMC,2004,12.30983
Upper-middle-income countries,OWID_UMC,2005,12.612839
Upper-middle-income countries,OWID_UMC,2006,12.676728
Upper-middle-income countries,OWID_UMC,2007,13.057411
Upper-middle-income countries,OWID_UMC,2008,13.622925
Upper-middle-income countries,OWID_UMC,2009,13.814953
Upper-middle-income countries,OWID_UMC,2010,14.099694
Upper-middle-income countries,OWID_UMC,2011,14.245147
Upper-middle-income countries,OWID_UMC,2012,14.473227
Upper-middle-income countries,OWID_UMC,2013,14.612915
Upper-middle-income countries,OWID_UMC,2014,14.682997
Upper-middle-income countries,OWID_UMC,2015,15.148549
Upper-middle-income countries,OWID_UMC,2016,15.472526
Upper-middle-income countries,OWID_UMC,2017,16.152473
Upper-middle-income countries,OWID_UMC,2018,16.43655
Upper-middle-income countries,OWID_UMC,2019,17.019468
Upper-middle-income countries,OWID_UMC,2020,17.842615
Upper-middle-income countries,OWID_UMC,2021,17.745253
Upper-middle-income countries,OWID_UMC,2022,17.96534
Upper-middle-income countries,OWID_UMC,2023,18.513987
Uruguay,URY,1961,5.9630756
Uruguay,URY,1962,6.8581963
Uruguay,URY,1963,6.316929
Uruguay,URY,1964,5.8179727
Uruguay,URY,1965,4.975529
Uruguay,URY,1966,5.74236
Uruguay,URY,1967,5.263913
Uruguay,URY,1968,4.593762
Uruguay,URY,1969,5.0076513
Uruguay,URY,1970,4.873279
Uruguay,URY,1971,5.462365
Uruguay,URY,1972,5.860731
Uruguay,URY,1973,4.9036865
Uruguay,URY,1974,3.9580274
Uruguay,URY,1975,3.7440014
Uruguay,URY,1976,3.9021788
Uruguay,URY,1977,3.8984056
Uruguay,URY,1978,4.354725
Uruguay,URY,1979,4.186528
Uruguay,URY,1980,5.205809
Uruguay,URY,1981,5.308901
Uruguay,URY,1982,6.979227
Uruguay,URY,1983,6.117532
Uruguay,URY,1984,5.0639353
Uruguay,URY,1985,5.989969
Uruguay,URY,1986,5.6765428
Uruguay,URY,1987,6.8602343
Uruguay,URY,1988,6.812315
Uruguay,URY,1989,6.0253563
Uruguay,URY,1990,6.201158
Uruguay,URY,1991,6.259271
Uruguay,URY,1992,6.3809357
Uruguay,URY,1993,6.947326
Uruguay,URY,1994,8.363579
Uruguay,URY,1995,8.3394
Uruguay,URY,1996,8.195142
Uruguay,URY,1997,8.229891
Uruguay,URY,1998,8.231814
Uruguay,URY,1999,9.355443
Uruguay,URY,2000,9.496671
Uruguay,URY,2001,7.986612
Uruguay,URY,2002,10.241193
Uruguay,URY,2003,9.332976
Uruguay,URY,2004,9.567559
Uruguay,URY,2005,10.939045
Uruguay,URY,2006,10.922819
Uruguay,URY,2007,12.59162
Uruguay,URY,2008,14.959115
Uruguay,URY,2009,13.287361
Uruguay,URY,2010,12.369996
Uruguay,URY,2011,13.049965
Uruguay,URY,2012,11.949978
Uruguay,URY,2013,13.22002
Uruguay,URY,2014,11.979954
Uruguay,URY,2015,11.079993
Uruguay,URY,2016,11.650003
Uruguay,URY,2017,12.149985
Uruguay,URY,2018,12.1299715
Uruguay,URY,2019,13.870016
Uruguay,URY,2020,14.430017
Uruguay,URY,2021,13.909987
Uruguay,URY,2022,14.639987
Uruguay,URY,2023,14.499988
Uzbekistan,UZB,1992,4.4801745
Uzbekistan,UZB,1993,4.1465974
Uzbekistan,UZB,1994,3.5354538
Uzbekistan,UZB,1995,2.9142427
Uzbekistan,UZB,1996,2.4530447
Uzbekistan,UZB,1997,2.4431877
Uzbekistan,UZB,1998,2.6038857
Uzbekistan,UZB,1999,2.734683
Uzbekistan,UZB,2000,2.744637
Uzbekistan,UZB,2001,2.7509549
Uzbekistan,UZB,2002,2.7628038
Uzbekistan,UZB,2003,3.269877
Uzbekistan,UZB,2004,3.74437
Uzbekistan,UZB,2005,3.8536894
Uzbekistan,UZB,2006,4.064749
Uzbekistan,UZB,2007,4.127015
Uzbekistan,UZB,2008,4.108276
Uzbekistan,UZB,2009,4.451224
Uzbekistan,UZB,2010,3.44
Uzbekistan,UZB,2011,3.8200006
Uzbekistan,UZB,2012,4.219999
Uzbekistan,UZB,2013,4.7299995
Uzbekistan,UZB,2014,5.2999997
Uzbekistan,UZB,2015,5.8
Uzbekistan,UZB,2016,6.330001
Uzbekistan,UZB,2017,6.0500016
Uzbekistan,UZB,2018,6.3300004
Uzbekistan,UZB,2019,8.58
Uzbekistan,UZB,2020,8.629999
Uzbekistan,UZB,2021,6.0300007
Uzbekistan,UZB,2022,12.200003
Uzbekistan,UZB,2023,12.559999
Vanuatu,VUT,1961,1.6430544
Vanuatu,VUT,1962,1.6554232
Vanuatu,VUT,1963,1.6659303
Vanuatu,VUT,1964,1.684572
Vanuatu,VUT,1965,1.6814791
Vanuatu,VUT,1966,1.6667318
Vanuatu,VUT,1967,1.6713752
Vanuatu,VUT,1968,1.7129368
Vanuatu,VUT,1969,2.090605
Vanuatu,VUT,1970,2.315056
Vanuatu,VUT,1971,2.524724
Vanuatu,VUT,1972,2.6332746
Vanuatu,VUT,1973,2.3604827
Vanuatu,VUT,1974,2.1738818
Vanuatu,VUT,1975,1.9942565
Vanuatu,VUT,1976,2.0021856
Vanuatu,VUT,1977,1.9483467
Vanuatu,VUT,1978,1.952446
Vanuatu,VUT,1979,1.9589425
Vanuatu,VUT,1980,2.0756721
Vanuatu,VUT,1981,2.0123787
Vanuatu,VUT,1982,2.0891194
Vanuatu,VUT,1983,2.2297664
Vanuatu,VUT,1984,2.337699
Vanuatu,VUT,1985,2.2634706
Vanuatu,VUT,1986,2.1878762
Vanuatu,VUT,1987,1.9427723
Vanuatu,VUT,1988,1.984741
Vanuatu,VUT,1989,1.9309605
Vanuatu,VUT,1990,2.0053623
Vanuatu,VUT,1991,2.0291555
Vanuatu,VUT,1992,1.6434368
Vanuatu,VUT,1993,1.645399
Vanuatu,VUT,1994,1.6567888
Vanuatu,VUT,1995,1.4271784
Vanuatu,VUT,1996,1.6804932
Vanuatu,VUT,1997,1.7035239
Vanuatu,VUT,1998,1.5072733
Vanuatu,VUT,1999,1.6603132
Vanuatu,VUT,2000,1.4101669
Vanuatu,VUT,2001,1.6422137
Vanuatu,VUT,2002,1.3965313
Vanuatu,VUT,2003,1.5859734
Vanuatu,VUT,2004,1.6560373
Vanuatu,VUT,2005,1.7154555
Vanuatu,VUT,2006,1.6826512
Vanuatu,VUT,2007,2.644482
Vanuatu,VUT,2008,3.2524195
Vanuatu,VUT,2009,3.205852
Vanuatu,VUT,2010,2.5699353
Vanuatu,VUT,2011,2.5298648
Vanuatu,VUT,2012,3.289815
Vanuatu,VUT,2013,3.1198158
Vanuatu,VUT,2014,2.339937
Vanuatu,VUT,2015,2.8598387
Vanuatu,VUT,2016,2.7399294
Vanuatu,VUT,2017,2.5599265
Vanuatu,VUT,2018,2.4498885
Vanuatu,VUT,2019,2.1798882
Vanuatu,VUT,2020,1.9899533
Vanuatu,VUT,2021,2.3099093
Vanuatu,VUT,2022,2.579909
Vanuatu,VUT,2023,3.529868
Venezuela,VEN,1961,5.083607
Venezuela,VEN,1962,4.6847095
Venezuela,VEN,1963,3.7877073
Venezuela,VEN,1964,4.4690228
Venezuela,VEN,1965,4.971111
Venezuela,VEN,1966,5.0859513
Venezuela,VEN,1967,5.020218
Venezuela,VEN,1968,5.2088623
Venezuela,VEN,1969,5.581522
Venezuela,VEN,1970,5.932773
Venezuela,VEN,1971,6.0656657
Venezuela,VEN,1972,6.0245094
Venezuela,VEN,1973,6.4350505
Venezuela,VEN,1974,6.07655
Venezuela,VEN,1975,6.2466626
Venezuela,VEN,1976,5.983949
Venezuela,VEN,1977,6.5579257
Venezuela,VEN,1978,6.8410687
Venezuela,VEN,1979,7.4453855
Venezuela,VEN,1980,7.0344067
Venezuela,VEN,1981,7.474005
Venezuela,VEN,1982,8.033743
Venezuela,VEN,1983,6.96227
Venezuela,VEN,1984,6.327172
Venezuela,VEN,1985,6.359182
Venezuela,VEN,1986,5.767684
Venezuela,VEN,1987,6.239384
Venezuela,VEN,1988,6.6726575
Venezuela,VEN,1989,5.523346
Venezuela,VEN,1990,4.3510437
Venezuela,VEN,1991,4.5705824
Venezuela,VEN,1992,3.8434784
Venezuela,VEN,1993,4.111633
Venezuela,VEN,1994,4.509527
Venezuela,VEN,1995,4.917336
Venezuela,VEN,1996,5.4446273
Venezuela,VEN,1997,5.6326704
Venezuela,VEN,1998,5.402773
Venezuela,VEN,1999,5.621454
Venezuela,VEN,2000,6.0207186
Venezuela,VEN,2001,6.3320103
Venezuela,VEN,2002,4.8804135
Venezuela,VEN,2003,4.543144
Venezuela,VEN,2004,4.5960264
Venezuela,VEN,2005,5.4278555
Venezuela,VEN,2006,5.0936885
Venezuela,VEN,2007,4.5810986
Venezuela,VEN,2008,4.9817467
Venezuela,VEN,2009,6.6838374
Venezuela,VEN,2010,7.5999994
Venezuela,VEN,2011,7.9199977
Venezuela,VEN,2012,6.8100004
Venezuela,VEN,2013,6.410001
Venezuela,VEN,2014,6.26
Venezuela,VEN,2015,5.8900003
Venezuela,VEN,2016,4.4100003
Venezuela,VEN,2017,4.1899986
Venezuela,VEN,2018,5.15
Venezuela,VEN,2019,5.9900007
Venezuela,VEN,2020,5.72
Venezuela,VEN,2021,6.51
Venezuela,VEN,2022,6.630001
Venezuela,VEN,2023,6.939997
Vietnam,VNM,1961,1.5331383
Vietnam,VNM,1962,1.5085928
Vietnam,VNM,1963,1.5218252
Vietnam,VNM,1964,1.525908
Vietnam,VNM,1965,1.6035417
Vietnam,VNM,1966,1.6527724
Vietnam,VNM,1967,1.6726248
Vietnam,VNM,1968,1.610088
Vietnam,VNM,1969,1.5141219
Vietnam,VNM,1970,1.425117
Vietnam,VNM,1971,1.3637156
Vietnam,VNM,1972,1.2697365
Vietnam,VNM,1973,1.1647007
Vietnam,VNM,1974,1.0907714
Vietnam,VNM,1975,1.0261784
Vietnam,VNM,1976,1.1279839
Vietnam,VNM,1977,0.9550052
Vietnam,VNM,1978,0.88820297
Vietnam,VNM,1979,0.91939044
Vietnam,VNM,1980,0.9412689
Vietnam,VNM,1981,0.9511641
Vietnam,VNM,1982,0.9823547
Vietnam,VNM,1983,1.00284
Vietnam,VNM,1984,1.0544375
Vietnam,VNM,1985,1.0752975
Vietnam,VNM,1986,1.2544442
Vietnam,VNM,1987,1.362005
Vietnam,VNM,1988,1.259706
Vietnam,VNM,1989,1.2614644
Vietnam,VNM,1990,1.2413458
Vietnam,VNM,1991,1.3156139
Vietnam,VNM,1992,1.3798304
Vietnam,VNM,1993,1.4127247
Vietnam,VNM,1994,1.6246264
Vietnam,VNM,1995,1.6776114
Vietnam,VNM,1996,1.9197751
Vietnam,VNM,1997,1.9173939
Vietnam,VNM,1998,1.9653962
Vietnam,VNM,1999,2.119045
Vietnam,VNM,2000,2.1911485
Vietnam,VNM,2001,2.368976
Vietnam,VNM,2002,2.6303113
Vietnam,VNM,2003,2.7971587
Vietnam,VNM,2004,2.2415414
Vietnam,VNM,2005,2.2313852
Vietnam,VNM,2006,2.2019336
Vietnam,VNM,2007,2.442387
Vietnam,VNM,2008,2.6361754
Vietnam,VNM,2009,2.856349
Vietnam,VNM,2010,3.07
Vietnam,VNM,2011,3.27
Vietnam,VNM,2012,3.4200003
Vietnam,VNM,2013,3.59
Vietnam,VNM,2014,3.8099997
Vietnam,VNM,2015,4.05
Vietnam,VNM,2016,4.25
Vietnam,VNM,2017,2.77
Vietnam,VNM,2018,3.08
Vietnam,VNM,2019,3.5800002
Vietnam,VNM,2020,4.0999994
Vietnam,VNM,2021,3.54
Vietnam,VNM,2022,3.9599998
Vietnam,VNM,2023,3.96
Western Africa (FAO),,1961,1.1
Western Africa (FAO),,1962,1.12
Western Africa (FAO),,1963,1.15
Western Africa (FAO),,1964,1.16
Western Africa (FAO),,1965,1.18
Western Africa (FAO),,1966,1.19
Western Africa (FAO),,1967,1.22
Western Africa (FAO),,1968,1.25
Western Africa (FAO),,1969,1.28
Western Africa (FAO),,1970,1.31
Western Africa (FAO),,1971,1.37
Western Africa (FAO),,1972,1.39
Western Africa (FAO),,1973,1.41
Western Africa (FAO),,1974,1.46
Western Africa (FAO),,1975,1.52
Western Africa (FAO),,1976,1.49
Western Africa (FAO),,1977,1.63
Western Africa (FAO),,1978,1.68
Western Africa (FAO),,1979,1.72
Western Africa (FAO),,1980,1.76
Western Africa (FAO),,1981,1.77
Western Africa (FAO),,1982,1.81
Western Africa (FAO),,1983,1.82
Western Africa (FAO),,1984,1.86
Western Africa (FAO),,1985,1.91
Western Africa (FAO),,1986,1.95
Western Africa (FAO),,1987,2.03
Western Africa (FAO),,1988,1.85
Western Africa (FAO),,1989,1.71
Western Africa (FAO),,1990,2.24
Western Africa (FAO),,1991,2.3
Western Africa (FAO),,1992,2.36
Western Africa (FAO),,1993,2.4
Western Africa (FAO),,1994,2.45
Western Africa (FAO),,1995,2.27
Western Africa (FAO),,1996,1.92
Western Africa (FAO),,1997,1.73
Western Africa (FAO),,1998,2.36
Western Africa (FAO),,1999,2.38
Western Africa (FAO),,2000,2.17
Western Africa (FAO),,2001,2.3
Western Africa (FAO),,2002,2.28
Western Africa (FAO),,2003,2.26
Western Africa (FAO),,2004,2.31
Western Africa (FAO),,2005,2.32
Western Africa (FAO),,2006,2.37
Western Africa (FAO),,2007,2.42
Western Africa (FAO),,2008,2.53
Western Africa (FAO),,2009,2.55
Western Africa (FAO),,2010,2.31
Western Africa (FAO),,2011,2.35
Western Africa (FAO),,2012,2.32
Western Africa (FAO),,2013,2.31
Western Africa (FAO),,2014,2.25
Western Africa (FAO),,2015,2.26
Western Africa (FAO),,2016,2.22
Western Africa (FAO),,2017,2.2
Western Africa (FAO),,2018,2.13
Western Africa (FAO),,2019,2.1
Western Africa (FAO),,2020,2.09
Western Africa (FAO),,2021,2.05
Western Africa (FAO),,2022,2.08
Western Africa (FAO),,2023,2
Western Asia (FAO),,1961,2.32
Western Asia (FAO),,1962,2.45
Western Asia (FAO),,1963,2.46
Western Asia (FAO),,1964,2.56
Western Asia (FAO),,1965,2.79
Western Asia (FAO),,1966,2.96
Western Asia (FAO),,1967,3.03
Western Asia (FAO),,1968,3.13
Western Asia (FAO),,1969,3.14
Western Asia (FAO),,1970,3.21
Western Asia (FAO),,1971,3.4
Western Asia (FAO),,1972,3.6
Western Asia (FAO),,1973,3.53
Western Asia (FAO),,1974,3.42
Western Asia (FAO),,1975,3.89
Western Asia (FAO),,1976,4.05
Western Asia (FAO),,1977,4.8
Western Asia (FAO),,1978,5.37
Western Asia (FAO),,1979,5.25
Western Asia (FAO),,1980,5.38
Western Asia (FAO),,1981,5.63
Western Asia (FAO),,1982,5.96
Western Asia (FAO),,1983,5.8
Western Asia (FAO),,1984,6.03
Western Asia (FAO),,1985,6.15
Western Asia (FAO),,1986,5.82
Western Asia (FAO),,1987,5.57
Western Asia (FAO),,1988,5.75
Western Asia (FAO),,1989,5.78
Western Asia (FAO),,1990,5.96
Western Asia (FAO),,1991,5.4
Western Asia (FAO),,1992,5.52
Western Asia (FAO),,1993,5.84
Western Asia (FAO),,1994,5.84
Western Asia (FAO),,1995,6
Western Asia (FAO),,1996,6.22
Western Asia (FAO),,1997,6.88
Western Asia (FAO),,1998,7.48
Western Asia (FAO),,1999,7.54
Western Asia (FAO),,2000,7.16
Western Asia (FAO),,2001,6.2
Western Asia (FAO),,2002,6.47
Western Asia (FAO),,2003,6.85
Western Asia (FAO),,2004,6.29
Western Asia (FAO),,2005,6.54
Western Asia (FAO),,2006,6.14
Western Asia (FAO),,2007,6.52
Western Asia (FAO),,2008,6.86
Western Asia (FAO),,2009,7.08
Western Asia (FAO),,2010,6.07
Western Asia (FAO),,2011,5.95
Western Asia (FAO),,2012,6.66
Western Asia (FAO),,2013,7.01
Western Asia (FAO),,2014,7.36
Western Asia (FAO),,2015,7.22
Western Asia (FAO),,2016,7.36
Western Asia (FAO),,2017,7.54
Western Asia (FAO),,2018,7.78
Western Asia (FAO),,2019,7.81
Western Asia (FAO),,2020,7.76
Western Asia (FAO),,2021,7.63
Western Asia (FAO),,2022,7.28
Western Asia (FAO),,2023,7.51
Western Europe (FAO),,1961,12.09
Western Europe (FAO),,1962,11.86
Western Europe (FAO),,1963,11.69
Western Europe (FAO),,1964,12.31
Western Europe (FAO),,1965,12.13
Western Europe (FAO),,1966,12.46
Western Europe (FAO),,1967,12.68
Western Europe (FAO),,1968,12.92
Western Europe (FAO),,1969,13.46
Western Europe (FAO),,1970,14.06
Western Europe (FAO),,1971,13.93
Western Europe (FAO),,1972,14.28
Western Europe (FAO),,1973,14.36
Western Europe (FAO),,1974,14.12
Western Europe (FAO),,1975,14.44
Western Europe (FAO),,1976,14.2
Western Europe (FAO),,1977,14.79
Western Europe (FAO),,1978,15.07
Western Europe (FAO),,1979,15.06
Western Europe (FAO),,1980,15.21
Western Europe (FAO),,1981,15.48
Western Europe (FAO),,1982,15.8
Western Europe (FAO),,1983,15.41
Western Europe (FAO),,1984,15.41
Western Europe (FAO),,1985,15.5
Western Europe (FAO),,1986,15.5
Western Europe (FAO),,1987,15.03
Western Europe (FAO),,1988,15.19
Western Europe (FAO),,1989,14.55
Western Europe (FAO),,1990,13.91
Western Europe (FAO),,1991,13.99
Western Europe (FAO),,1992,13.64
Western Europe (FAO),,1993,12.9
Western Europe (FAO),,1994,13.48
Western Europe (FAO),,1995,13.73
Western Europe (FAO),,1996,13.68
Western Europe (FAO),,1997,13.94
Western Europe (FAO),,1998,14.24
Western Europe (FAO),,1999,13.81
Western Europe (FAO),,2000,13.94
Western Europe (FAO),,2001,13.86
Western Europe (FAO),,2002,13.89
Western Europe (FAO),,2003,13.29
Western Europe (FAO),,2004,13.81
Western Europe (FAO),,2005,13
Western Europe (FAO),,2006,13.2
Western Europe (FAO),,2007,13.36
Western Europe (FAO),,2008,12.87
Western Europe (FAO),,2009,12.49
Western Europe (FAO),,2010,13.68
Western Europe (FAO),,2011,13.78
Western Europe (FAO),,2012,13.28
Western Europe (FAO),,2013,13.45
Western Europe (FAO),,2014,13.61
Western Europe (FAO),,2015,13.9
Western Europe (FAO),,2016,13.58
Western Europe (FAO),,2017,13.77
Western Europe (FAO),,2018,13.65
Western Europe (FAO),,2019,15.69
Western Europe (FAO),,2020,15.61
Western Europe (FAO),,2021,14.96
Western Europe (FAO),,2022,15.75
Western Europe (FAO),,2023,15.95
World,OWID_WRL,1961,4.524598
World,OWID_WRL,1962,4.5532513
World,OWID_WRL,1963,4.4995217
World,OWID_WRL,1964,4.5852504
World,OWID_WRL,1965,4.618013
World,OWID_WRL,1966,4.635968
World,OWID_WRL,1967,4.746544
World,OWID_WRL,1968,4.786617
World,OWID_WRL,1969,4.8852997
World,OWID_WRL,1970,5.0231023
World,OWID_WRL,1971,5.0925975
World,OWID_WRL,1972,5.1431985
World,OWID_WRL,1973,5.0842733
World,OWID_WRL,1974,5.1141067
World,OWID_WRL,1975,5.184285
World,OWID_WRL,1976,5.1556373
World,OWID_WRL,1977,5.2939343
World,OWID_WRL,1978,5.421631
World,OWID_WRL,1979,5.458995
World,OWID_WRL,1980,5.5150743
World,OWID_WRL,1981,5.5215545
World,OWID_WRL,1982,5.57611
World,OWID_WRL,1983,5.5829473
World,OWID_WRL,1984,5.759683
World,OWID_WRL,1985,5.9861817
World,OWID_WRL,1986,6.045548
World,OWID_WRL,1987,6.084753
World,OWID_WRL,1988,6.23266
World,OWID_WRL,1989,6.152926
World,OWID_WRL,1990,6.2195597
World,OWID_WRL,1991,6.382423
World,OWID_WRL,1992,6.349503
World,OWID_WRL,1993,6.476316
World,OWID_WRL,1994,6.933964
World,OWID_WRL,1995,7.1452494
World,OWID_WRL,1996,7.276428
World,OWID_WRL,1997,7.4356065
World,OWID_WRL,1998,7.5841093
World,OWID_WRL,1999,7.7615113
World,OWID_WRL,2000,7.8694105
World,OWID_WRL,2001,7.918091
World,OWID_WRL,2002,8.006457
World,OWID_WRL,2003,8.037045
World,OWID_WRL,2004,8.096911
World,OWID_WRL,2005,8.147081
World,OWID_WRL,2006,8.1873255
World,OWID_WRL,2007,8.323332
World,OWID_WRL,2008,8.506727
World,OWID_WRL,2009,8.554072
World,OWID_WRL,2010,8.718211
World,OWID_WRL,2011,8.756766
World,OWID_WRL,2012,8.87072
World,OWID_WRL,2013,8.95959
World,OWID_WRL,2014,9.029022
World,OWID_WRL,2015,9.198206
World,OWID_WRL,2016,9.357696
World,OWID_WRL,2017,9.67684
World,OWID_WRL,2018,9.826411
World,OWID_WRL,2019,10.20491
World,OWID_WRL,2020,10.49401
World,OWID_WRL,2021,10.394444
World,OWID_WRL,2022,10.50393
World,OWID_WRL,2023,10.65321
Yemen,YEM,1961,0.5041699
Yemen,YEM,1962,0.49272367
Yemen,YEM,1963,0.5090185
Yemen,YEM,1964,0.6062999
Yemen,YEM,1965,0.53980273
Yemen,YEM,1966,0.5452215
Yemen,YEM,1967,0.47034663
Yemen,YEM,1968,0.4137643
Yemen,YEM,1969,0.39235097
Yemen,YEM,1970,0.37969908
Yemen,YEM,1971,0.39259422
Yemen,YEM,1972,0.39628324
Yemen,YEM,1973,0.40006265
Yemen,YEM,1974,0.41288933
Yemen,YEM,1975,0.39403942
Yemen,YEM,1976,0.46685764
Yemen,YEM,1977,1.106603
Yemen,YEM,1978,1.4140985
Yemen,YEM,1979,1.3619721
Yemen,YEM,1980,1.4333645
Yemen,YEM,1981,1.389249
Yemen,YEM,1982,1.8382374
Yemen,YEM,1983,1.3926717
Yemen,YEM,1984,1.750124
Yemen,YEM,1985,1.6852013
Yemen,YEM,1986,1.5672641
Yemen,YEM,1987,1.7336094
Yemen,YEM,1988,1.5812227
Yemen,YEM,1989,1.3492785
Yemen,YEM,1990,1.2819035
Yemen,YEM,1991,1.1500807
Yemen,YEM,1992,1.2963136
Yemen,YEM,1993,1.1553882
Yemen,YEM,1994,0.9539074
Yemen,YEM,1995,1.0137564
Yemen,YEM,1996,0.86384124
Yemen,YEM,1997,1.1791064
Yemen,YEM,1998,1.4457345
Yemen,YEM,1999,1.3876302
Yemen,YEM,2000,1.3661842
Yemen,YEM,2001,1.265817
Yemen,YEM,2002,1.2109071
Yemen,YEM,2003,1.6985489
Yemen,YEM,2004,1.6954314
Yemen,YEM,2005,1.6790637
Yemen,YEM,2006,1.7376971
Yemen,YEM,2007,1.7943399
Yemen,YEM,2008,1.7890803
Yemen,YEM,2009,1.8176528
Yemen,YEM,2010,1.7300005
Yemen,YEM,2011,1.7099999
Yemen,YEM,2012,1.7099998
Yemen,YEM,2013,1.7399997
Yemen,YEM,2014,1.71
Yemen,YEM,2015,1.6200001
Yemen,YEM,2016,1.5699995
Yemen,YEM,2017,1.5
Yemen,YEM,2018,1.32
Yemen,YEM,2019,1.5899998
Yemen,YEM,2020,1.5099996
Yemen,YEM,2021,1.6599998
Yemen,YEM,2022,1.5
Yemen,YEM,2023,1.6
Yugoslavia,OWID_YGS,1961,2.4513211
Yugoslavia,OWID_YGS,1962,3.2416978
Yugoslavia,OWID_YGS,1963,3.8496616
Yugoslavia,OWID_YGS,1964,4.086926
Yugoslavia,OWID_YGS,1965,4.0969853
Yugoslavia,OWID_YGS,1966,4.6848383
Yugoslavia,OWID_YGS,1967,5.2102733
Yugoslavia,OWID_YGS,1968,5.3186007
Yugoslavia,OWID_YGS,1969,5.936789
Yugoslavia,OWID_YGS,1970,6.5510297
Yugoslavia,OWID_YGS,1971,6.8423157
Yugoslavia,OWID_YGS,1972,6.7842684
Yugoslavia,OWID_YGS,1973,7.4091063
Yugoslavia,OWID_YGS,1974,8.467944
Yugoslavia,OWID_YGS,1975,8.005315
Yugoslavia,OWID_YGS,1976,8.456452
Yugoslavia,OWID_YGS,1977,9.037051
Yugoslavia,OWID_YGS,1978,8.824982
Yugoslavia,OWID_YGS,1979,9.302457
Yugoslavia,OWID_YGS,1980,9.390718
Yugoslavia,OWID_YGS,1981,9.2118025
Yugoslavia,OWID_YGS,1982,9.59819
Yugoslavia,OWID_YGS,1983,9.268139
Yugoslavia,OWID_YGS,1984,9.05708
Yugoslavia,OWID_YGS,1985,9.002365
Yugoslavia,OWID_YGS,1986,9.225524
Yugoslavia,OWID_YGS,1987,9.541041
Yugoslavia,OWID_YGS,1988,8.699618
Yugoslavia,OWID_YGS,1989,9.454908
Yugoslavia,OWID_YGS,1990,9.99248
Yugoslavia,OWID_YGS,1991,8.150089
Zambia,ZMB,1961,0.7900654
Zambia,ZMB,1962,0.81771284
Zambia,ZMB,1963,0.8553934
Zambia,ZMB,1964,1.0777227
Zambia,ZMB,1965,1.231788
Zambia,ZMB,1966,1.5399463
Zambia,ZMB,1967,1.6929389
Zambia,ZMB,1968,2.1647377
Zambia,ZMB,1969,2.4552042
Zambia,ZMB,1970,2.598934
Zambia,ZMB,1971,2.7894883
Zambia,ZMB,1972,3.1199322
Zambia,ZMB,1973,3.313777
Zambia,ZMB,1974,4.003502
Zambia,ZMB,1975,4.8843317
Zambia,ZMB,1976,5.4673786
Zambia,ZMB,1977,4.941419
Zambia,ZMB,1978,4.582226
Zambia,ZMB,1979,4.473125
Zambia,ZMB,1980,4.806299
Zambia,ZMB,1981,3.5729554
Zambia,ZMB,1982,3.5117447
Zambia,ZMB,1983,3.0858738
Zambia,ZMB,1984,2.6021528
Zambia,ZMB,1985,2.7327988
Zambia,ZMB,1986,2.7210717
Zambia,ZMB,1987,2.649279
Zambia,ZMB,1988,2.6393359
Zambia,ZMB,1989,2.6701736
Zambia,ZMB,1990,2.7002518
Zambia,ZMB,1991,2.9003317
Zambia,ZMB,1992,3.1399648
Zambia,ZMB,1993,3.3696344
Zambia,ZMB,1994,3.1779552
Zambia,ZMB,1995,3.2503054
Zambia,ZMB,1996,3.4058797
Zambia,ZMB,1997,3.6222332
Zambia,ZMB,1998,3.7874057
Zambia,ZMB,1999,3.4446557
Zambia,ZMB,2000,3.4484613
Zambia,ZMB,2001,3.482372
Zambia,ZMB,2002,3.3627348
Zambia,ZMB,2003,3.3130565
Zambia,ZMB,2004,3.2525
Zambia,ZMB,2005,3.1809945
Zambia,ZMB,2006,3.098594
Zambia,ZMB,2007,3.4117854
Zambia,ZMB,2008,2.8604174
Zambia,ZMB,2009,2.8805494
Zambia,ZMB,2010,3.0099995
Zambia,ZMB,2011,3.180001
Zambia,ZMB,2012,3.1399999
Zambia,ZMB,2013,3.04
Zambia,ZMB,2014,3.33
Zambia,ZMB,2015,3.2899995
Zambia,ZMB,2016,3.2699983
Zambia,ZMB,2017,3.2299986
Zambia,ZMB,2018,3.1399994
Zambia,ZMB,2019,3.0300002
Zambia,ZMB,2020,2.960001
Zambia,ZMB,2021,2.9
Zambia,ZMB,2022,2.7800007
Zambia,ZMB,2023,2.7000005
Zimbabwe,ZWE,1961,1.4598914
Zimbabwe,ZWE,1962,1.4321365
Zimbabwe,ZWE,1963,1.4047767
Zimbabwe,ZWE,1964,1.3573135
Zimbabwe,ZWE,1965,1.3191246
Zimbabwe,ZWE,1966,1.3402524
Zimbabwe,ZWE,1967,1.3118523
Zimbabwe,ZWE,1968,1.2929859
Zimbabwe,ZWE,1969,1.2743859
Zimbabwe,ZWE,1970,1.2675848
Zimbabwe,ZWE,1971,1.2724293
Zimbabwe,ZWE,1972,1.2669464
Zimbabwe,ZWE,1973,1.2503153
Zimbabwe,ZWE,1974,1.2727236
Zimbabwe,ZWE,1975,1.2747405
Zimbabwe,ZWE,1976,1.3078288
Zimbabwe,ZWE,1977,1.3571141
Zimbabwe,ZWE,1978,1.423059
Zimbabwe,ZWE,1979,1.3855631
Zimbabwe,ZWE,1980,1.2732685
Zimbabwe,ZWE,1981,1.2319353
Zimbabwe,ZWE,1982,1.1820799
Zimbabwe,ZWE,1983,1.1742654
Zimbabwe,ZWE,1984,1.0365925
Zimbabwe,ZWE,1985,0.9077435
Zimbabwe,ZWE,1986,0.94165385
Zimbabwe,ZWE,1987,0.9953193
Zimbabwe,ZWE,1988,1.182509
Zimbabwe,ZWE,1989,1.257374
Zimbabwe,ZWE,1990,1.341641
Zimbabwe,ZWE,1991,1.3822652
Zimbabwe,ZWE,1992,1.344064
Zimbabwe,ZWE,1993,1.2593979
Zimbabwe,ZWE,1994,1.2193012
Zimbabwe,ZWE,1995,1.4105171
Zimbabwe,ZWE,1996,1.3588802
Zimbabwe,ZWE,1997,1.1866066
Zimbabwe,ZWE,1998,1.2236013
Zimbabwe,ZWE,1999,1.219218
Zimbabwe,ZWE,2000,1.3458666
Zimbabwe,ZWE,2001,1.5244986
Zimbabwe,ZWE,2002,0.8993684
Zimbabwe,ZWE,2003,1.5333178
Zimbabwe,ZWE,2004,1.211213
Zimbabwe,ZWE,2005,1.4458859
Zimbabwe,ZWE,2006,1.4499779
Zimbabwe,ZWE,2007,1.6417446
Zimbabwe,ZWE,2008,1.677023
Zimbabwe,ZWE,2009,2.0300276
Zimbabwe,ZWE,2010,1.9099998
Zimbabwe,ZWE,2011,1.6699998
Zimbabwe,ZWE,2012,1.6800003
Zimbabwe,ZWE,2013,1.6699998
Zimbabwe,ZWE,2014,1.8599992
Zimbabwe,ZWE,2015,1.0200001
Zimbabwe,ZWE,2016,1.1699994
Zimbabwe,ZWE,2017,1.3099996
Zimbabwe,ZWE,2018,1.3499994
Zimbabwe,ZWE,2019,1.2499994
Zimbabwe,ZWE,2020,1.1000003
Zimbabwe,ZWE,2021,1.0999993
Zimbabwe,ZWE,2022,1.6399999
Zimbabwe,ZWE,2023,1.5599991