Entity,Code,Year,"Per capita consumption of milk, excluding butter"
Afghanistan,AFG,1961,57.626163
Afghanistan,AFG,1962,56.93573
Afghanistan,AFG,1963,62.11113
Afghanistan,AFG,1964,62.305443
Afghanistan,AFG,1965,66.76705
Afghanistan,AFG,1966,67.68727
Afghanistan,AFG,1967,71.55232
Afghanistan,AFG,1968,73.12728
Afghanistan,AFG,1969,72.15045
Afghanistan,AFG,1970,61.13856
Afghanistan,AFG,1971,54.110752
Afghanistan,AFG,1972,54.47888
Afghanistan,AFG,1973,59.131214
Afghanistan,AFG,1974,60.862434
Afghanistan,AFG,1975,60.8244
Afghanistan,AFG,1976,61.231056
Afghanistan,AFG,1977,55.064056
Afghanistan,AFG,1978,54.782433
Afghanistan,AFG,1979,55.219803
Afghanistan,AFG,1980,59.388157
Afghanistan,AFG,1981,67.51548
Afghanistan,AFG,1982,72.87489
Afghanistan,AFG,1983,77.76002
Afghanistan,AFG,1984,73.686134
Afghanistan,AFG,1985,58.276318
Afghanistan,AFG,1986,39.94927
Afghanistan,AFG,1987,45.212513
Afghanistan,AFG,1988,46.218422
Afghanistan,AFG,1989,46.37463
Afghanistan,AFG,1990,64.14931
Afghanistan,AFG,1991,67.12589
Afghanistan,AFG,1992,63.614956
Afghanistan,AFG,1993,63.926594
Afghanistan,AFG,1994,69.649506
Afghanistan,AFG,1995,73.00949
Afghanistan,AFG,1996,80.06357
Afghanistan,AFG,1997,84.66216
Afghanistan,AFG,1998,85.48765
Afghanistan,AFG,1999,93.785515
Afghanistan,AFG,2000,74.920364
Afghanistan,AFG,2001,50.14874
Afghanistan,AFG,2002,79.52446
Afghanistan,AFG,2003,71.74861
Afghanistan,AFG,2004,70.01608
Afghanistan,AFG,2005,65.14602
Afghanistan,AFG,2006,59.671684
Afghanistan,AFG,2007,62.603386
Afghanistan,AFG,2008,60.09123
Afghanistan,AFG,2009,59.307774
Afghanistan,AFG,2010,42.760002
Afghanistan,AFG,2011,42.100002
Afghanistan,AFG,2012,45.22999
Afghanistan,AFG,2013,42.33999
Afghanistan,AFG,2014,86.10998
Afghanistan,AFG,2015,46.329994
Afghanistan,AFG,2016,50.959995
Afghanistan,AFG,2017,52.769985
Afghanistan,AFG,2018,47.81
Afghanistan,AFG,2019,44.609997
Afghanistan,AFG,2020,42.640003
Afghanistan,AFG,2021,41.5
Afghanistan,AFG,2022,40.649994
Afghanistan,AFG,2023,37.11
Africa,OWID_AFR,1961,29.987728
Africa,OWID_AFR,1962,29.887873
Africa,OWID_AFR,1963,29.486681
Africa,OWID_AFR,1964,29.540373
Africa,OWID_AFR,1965,31.39812
Africa,OWID_AFR,1966,31.746857
Africa,OWID_AFR,1967,31.91264
Africa,OWID_AFR,1968,32.737087
Africa,OWID_AFR,1969,32.5729
Africa,OWID_AFR,1970,32.878872
Africa,OWID_AFR,1971,33.930958
Africa,OWID_AFR,1972,32.598637
Africa,OWID_AFR,1973,31.725452
Africa,OWID_AFR,1974,32.614403
Africa,OWID_AFR,1975,33.583904
Africa,OWID_AFR,1976,33.54372
Africa,OWID_AFR,1977,35.741806
Africa,OWID_AFR,1978,36.69403
Africa,OWID_AFR,1979,36.864758
Africa,OWID_AFR,1980,37.374195
Africa,OWID_AFR,1981,38.865246
Africa,OWID_AFR,1982,38.725945
Africa,OWID_AFR,1983,38.51327
Africa,OWID_AFR,1984,35.906597
Africa,OWID_AFR,1985,37.499943
Africa,OWID_AFR,1986,35.92967
Africa,OWID_AFR,1987,36.294975
Africa,OWID_AFR,1988,36.027718
Africa,OWID_AFR,1989,36.07966
Africa,OWID_AFR,1990,36.07229
Africa,OWID_AFR,1991,34.620827
Africa,OWID_AFR,1992,34.89075
Africa,OWID_AFR,1993,34.75186
Africa,OWID_AFR,1994,33.680794
Africa,OWID_AFR,1995,35.555923
Africa,OWID_AFR,1996,32.691906
Africa,OWID_AFR,1997,34.022667
Africa,OWID_AFR,1998,34.773907
Africa,OWID_AFR,1999,35.129658
Africa,OWID_AFR,2000,36.120678
Africa,OWID_AFR,2001,37.54011
Africa,OWID_AFR,2002,40.67438
Africa,OWID_AFR,2003,42.01126
Africa,OWID_AFR,2004,42.203453
Africa,OWID_AFR,2005,42.734764
Africa,OWID_AFR,2006,42.815
Africa,OWID_AFR,2007,43.820965
Africa,OWID_AFR,2008,43.46217
Africa,OWID_AFR,2009,43.111294
Africa,OWID_AFR,2010,40.95137
Africa,OWID_AFR,2011,40.517384
Africa,OWID_AFR,2012,38.27023
Africa,OWID_AFR,2013,36.689632
Africa,OWID_AFR,2014,36.338535
Africa,OWID_AFR,2015,35.392857
Africa,OWID_AFR,2016,35.200687
Africa,OWID_AFR,2017,34.294025
Africa,OWID_AFR,2018,33.726032
Africa,OWID_AFR,2019,35.925358
Africa,OWID_AFR,2020,36.79557
Africa,OWID_AFR,2021,36.95584
Africa,OWID_AFR,2022,39.033615
Africa,OWID_AFR,2023,35.17529
Africa (FAO),,1961,29.96
Africa (FAO),,1962,29.83
Africa (FAO),,1963,29.41
Africa (FAO),,1964,29.45
Africa (FAO),,1965,31.28
Africa (FAO),,1966,31.62
Africa (FAO),,1967,31.78
Africa (FAO),,1968,32.59
Africa (FAO),,1969,32.44
Africa (FAO),,1970,32.75
Africa (FAO),,1971,33.79
Africa (FAO),,1972,32.47
Africa (FAO),,1973,31.62
Africa (FAO),,1974,32.54
Africa (FAO),,1975,33.57
Africa (FAO),,1976,33.61
Africa (FAO),,1977,35.89
Africa (FAO),,1978,36.9
Africa (FAO),,1979,37.11
Africa (FAO),,1980,37.65
Africa (FAO),,1981,39.23
Africa (FAO),,1982,39.14
Africa (FAO),,1983,38.96
Africa (FAO),,1984,36.31
Africa (FAO),,1985,37.9
Africa (FAO),,1986,36.32
Africa (FAO),,1987,36.71
Africa (FAO),,1988,36.47
Africa (FAO),,1989,36.56
Africa (FAO),,1990,36.6
Africa (FAO),,1991,35.19
Africa (FAO),,1992,35.51
Africa (FAO),,1993,35.55
Africa (FAO),,1994,34.42
Africa (FAO),,1995,36.3
Africa (FAO),,1996,33.42
Africa (FAO),,1997,34.82
Africa (FAO),,1998,35.61
Africa (FAO),,1999,35.99
Africa (FAO),,2000,37.04
Africa (FAO),,2001,38.53
Africa (FAO),,2002,41.81
Africa (FAO),,2003,43.25
Africa (FAO),,2004,43.51
Africa (FAO),,2005,44.12
Africa (FAO),,2006,44.25
Africa (FAO),,2007,45.35
Africa (FAO),,2008,45.03
Africa (FAO),,2009,44.71
Africa (FAO),,2010,35.46
Africa (FAO),,2011,35.22
Africa (FAO),,2012,38.27
Africa (FAO),,2013,36.7
Africa (FAO),,2014,36.44
Africa (FAO),,2015,35.48
Africa (FAO),,2016,35.25
Africa (FAO),,2017,34.32
Africa (FAO),,2018,33.74
Africa (FAO),,2019,35.93
Africa (FAO),,2020,36.74
Africa (FAO),,2021,36.91
Africa (FAO),,2022,38.9
Africa (FAO),,2023,37.93
Albania,ALB,1961,95.76997
Albania,ALB,1962,95.337944
Albania,ALB,1963,95.28835
Albania,ALB,1964,95.906456
Albania,ALB,1965,96.216866
Albania,ALB,1966,96.30746
Albania,ALB,1967,97.33785
Albania,ALB,1968,94.29284
Albania,ALB,1969,94.52119
Albania,ALB,1970,97.51496
Albania,ALB,1971,105.792366
Albania,ALB,1972,103.52025
Albania,ALB,1973,112.14485
Albania,ALB,1974,110.92182
Albania,ALB,1975,110.33341
Albania,ALB,1976,110.51732
Albania,ALB,1977,117.644554
Albania,ALB,1978,123.94017
Albania,ALB,1979,126.62729
Albania,ALB,1980,129.82988
Albania,ALB,1981,134.41237
Albania,ALB,1982,137.2691
Albania,ALB,1983,138.86882
Albania,ALB,1984,133.7259
Albania,ALB,1985,122.22515
Albania,ALB,1986,120.85135
Albania,ALB,1987,126.71968
Albania,ALB,1988,133.14204
Albania,ALB,1989,136.67706
Albania,ALB,1990,158.81818
Albania,ALB,1991,177.95357
Albania,ALB,1992,192.35957
Albania,ALB,1993,198.97389
Albania,ALB,1994,241.5282
Albania,ALB,1995,280.1448
Albania,ALB,1996,304.24008
Albania,ALB,1997,256.4414
Albania,ALB,1998,242.41449
Albania,ALB,1999,247.64828
Albania,ALB,2000,257.00766
Albania,ALB,2001,267.21677
Albania,ALB,2002,274.81757
Albania,ALB,2003,296.7575
Albania,ALB,2004,296.49792
Albania,ALB,2005,303.34488
Albania,ALB,2006,311.391
Albania,ALB,2007,290.65866
Albania,ALB,2008,301.18222
Albania,ALB,2009,304.0465
Albania,ALB,2010,295.2589
Albania,ALB,2011,308.21008
Albania,ALB,2012,291.1797
Albania,ALB,2013,301.6899
Albania,ALB,2014,301.9302
Albania,ALB,2015,309.67957
Albania,ALB,2016,321.39026
Albania,ALB,2017,329.97943
Albania,ALB,2018,322.69012
Albania,ALB,2019,328.26987
Albania,ALB,2020,308.25
Albania,ALB,2021,304.71988
Albania,ALB,2022,305.01956
Albania,ALB,2023,290.98
Algeria,DZA,1961,45.0157
Algeria,DZA,1962,42.006863
Algeria,DZA,1963,36.989006
Algeria,DZA,1964,39.781452
Algeria,DZA,1965,40.979633
Algeria,DZA,1966,44.299007
Algeria,DZA,1967,45.2831
Algeria,DZA,1968,51.836613
Algeria,DZA,1969,52.765373
Algeria,DZA,1970,50.136288
Algeria,DZA,1971,53.618004
Algeria,DZA,1972,56.22224
Algeria,DZA,1973,53.425137
Algeria,DZA,1974,65.22513
Algeria,DZA,1975,66.68705
Algeria,DZA,1976,72.42293
Algeria,DZA,1977,76.43349
Algeria,DZA,1978,76.90716
Algeria,DZA,1979,73.690285
Algeria,DZA,1980,82.59031
Algeria,DZA,1981,93.91632
Algeria,DZA,1982,94.18762
Algeria,DZA,1983,102.025856
Algeria,DZA,1984,100.39987
Algeria,DZA,1985,108.06589
Algeria,DZA,1986,95.62347
Algeria,DZA,1987,103.41992
Algeria,DZA,1988,95.438286
Algeria,DZA,1989,105.83342
Algeria,DZA,1990,104.22245
Algeria,DZA,1991,99.812706
Algeria,DZA,1992,103.51772
Algeria,DZA,1993,124.60853
Algeria,DZA,1994,110.78564
Algeria,DZA,1995,102.04063
Algeria,DZA,1996,82.13453
Algeria,DZA,1997,92.565735
Algeria,DZA,1998,102.27141
Algeria,DZA,1999,98.43295
Algeria,DZA,2000,105.716675
Algeria,DZA,2001,116.28137
Algeria,DZA,2002,116.162025
Algeria,DZA,2003,107.51475
Algeria,DZA,2004,121.483246
Algeria,DZA,2005,121.127884
Algeria,DZA,2006,124.723335
Algeria,DZA,2007,124.84848
Algeria,DZA,2008,123.75555
Algeria,DZA,2009,136.05782
Algeria,DZA,2010,145.88
Algeria,DZA,2011,154.73001
Algeria,DZA,2012,160.53003
Algeria,DZA,2013,162.63998
Algeria,DZA,2014,166.81999
Algeria,DZA,2015,157.27002
Algeria,DZA,2016,161.83
Algeria,DZA,2017,158.14
Algeria,DZA,2018,146.79001
Algeria,DZA,2019,150.19
Algeria,DZA,2020,153.26999
Algeria,DZA,2021,141.01001
Algeria,DZA,2022,149.8
Algeria,DZA,2023,145.24998
Americas (FAO),,1961,164.99
Americas (FAO),,1962,160.58
Americas (FAO),,1963,161.52
Americas (FAO),,1964,162.07
Americas (FAO),,1965,159.89
Americas (FAO),,1966,161.51
Americas (FAO),,1967,156.4
Americas (FAO),,1968,157.53
Americas (FAO),,1969,156.81
Americas (FAO),,1970,155.07
Americas (FAO),,1971,154.42
Americas (FAO),,1972,155.4
Americas (FAO),,1973,155.81
Americas (FAO),,1974,155.07
Americas (FAO),,1975,151.06
Americas (FAO),,1976,155.78
Americas (FAO),,1977,155.39
Americas (FAO),,1978,151.85
Americas (FAO),,1979,153.69
Americas (FAO),,1980,157.24
Americas (FAO),,1981,153.5
Americas (FAO),,1982,154.5
Americas (FAO),,1983,153.27
Americas (FAO),,1984,153.25
Americas (FAO),,1985,157
Americas (FAO),,1986,158.39
Americas (FAO),,1987,160.22
Americas (FAO),,1988,154.46
Americas (FAO),,1989,155.46
Americas (FAO),,1990,155.5
Americas (FAO),,1991,155.59
Americas (FAO),,1992,158.93
Americas (FAO),,1993,157.77
Americas (FAO),,1994,159.08
Americas (FAO),,1995,162.65
Americas (FAO),,1996,162.16
Americas (FAO),,1997,160.78
Americas (FAO),,1998,161.53
Americas (FAO),,1999,162.62
Americas (FAO),,2000,163.8
Americas (FAO),,2001,163.79
Americas (FAO),,2002,163.73
Americas (FAO),,2003,161.55
Americas (FAO),,2004,159.36
Americas (FAO),,2005,161.95
Americas (FAO),,2006,161.73
Americas (FAO),,2007,163.73
Americas (FAO),,2008,166.28
Americas (FAO),,2009,166.6
Americas (FAO),,2010,154.67
Americas (FAO),,2011,153.36
Americas (FAO),,2012,155.85
Americas (FAO),,2013,157.45
Americas (FAO),,2014,156.12
Americas (FAO),,2015,156.27
Americas (FAO),,2016,156.78
Americas (FAO),,2017,154.82
Americas (FAO),,2018,156.01
Americas (FAO),,2019,158.36
Americas (FAO),,2020,159.46
Americas (FAO),,2021,162.51
Americas (FAO),,2022,163.09
Americas (FAO),,2023,164.23
Angola,AGO,1961,24.161423
Angola,AGO,1962,23.747856
Angola,AGO,1963,25.59301
Angola,AGO,1964,26.1225
Angola,AGO,1965,26.146658
Angola,AGO,1966,25.895166
Angola,AGO,1967,27.264194
Angola,AGO,1968,25.825556
Angola,AGO,1969,26.876293
Angola,AGO,1970,27.225414
Angola,AGO,1971,25.71609
Angola,AGO,1972,25.037266
Angola,AGO,1973,26.485495
Angola,AGO,1974,25.103548
Angola,AGO,1975,24.008717
Angola,AGO,1976,26.072716
Angola,AGO,1977,31.741304
Angola,AGO,1978,38.087776
Angola,AGO,1979,41.562294
Angola,AGO,1980,37.857006
Angola,AGO,1981,51.417862
Angola,AGO,1982,34.120113
Angola,AGO,1983,38.033543
Angola,AGO,1984,40.644714
Angola,AGO,1985,63.750275
Angola,AGO,1986,30.253498
Angola,AGO,1987,31.72166
Angola,AGO,1988,33.062042
Angola,AGO,1989,34.71795
Angola,AGO,1990,31.340574
Angola,AGO,1991,23.762856
Angola,AGO,1992,18.704819
Angola,AGO,1993,16.773678
Angola,AGO,1994,16.972261
Angola,AGO,1995,16.717539
Angola,AGO,1996,16.8007
Angola,AGO,1997,16.996014
Angola,AGO,1998,16.934504
Angola,AGO,1999,12.780367
Angola,AGO,2000,12.717034
Angola,AGO,2001,13.391021
Angola,AGO,2002,13.557301
Angola,AGO,2003,13.303658
Angola,AGO,2004,13.004637
Angola,AGO,2005,13.044018
Angola,AGO,2006,10.590426
Angola,AGO,2007,10.647285
Angola,AGO,2008,10.201483
Angola,AGO,2009,8.612864
Angola,AGO,2010,7.9900026
Angola,AGO,2011,7.5399976
Angola,AGO,2012,8.1399975
Angola,AGO,2013,8.050001
Angola,AGO,2014,19.530003
Angola,AGO,2015,18.26
Angola,AGO,2016,14.349999
Angola,AGO,2017,13.480001
Angola,AGO,2018,14.409995
Angola,AGO,2019,8.349999
Angola,AGO,2020,9.989997
Angola,AGO,2021,9.990001
Angola,AGO,2022,9.650001
Angola,AGO,2023,7.8200006
Antigua and Barbuda,ATG,1961,107.29834
Antigua and Barbuda,ATG,1962,91.70755
Antigua and Barbuda,ATG,1963,85.94546
Antigua and Barbuda,ATG,1964,80.81206
Antigua and Barbuda,ATG,1965,82.19781
Antigua and Barbuda,ATG,1966,73.006516
Antigua and Barbuda,ATG,1967,83.14176
Antigua and Barbuda,ATG,1968,77.98797
Antigua and Barbuda,ATG,1969,86.44692
Antigua and Barbuda,ATG,1970,90.95106
Antigua and Barbuda,ATG,1971,95.584656
Antigua and Barbuda,ATG,1972,99.62247
Antigua and Barbuda,ATG,1973,95.84786
Antigua and Barbuda,ATG,1974,90.46868
Antigua and Barbuda,ATG,1975,97.85517
Antigua and Barbuda,ATG,1976,92.77505
Antigua and Barbuda,ATG,1977,106.26781
Antigua and Barbuda,ATG,1978,111.59597
Antigua and Barbuda,ATG,1979,120.915436
Antigua and Barbuda,ATG,1980,137.51375
Antigua and Barbuda,ATG,1981,137.27081
Antigua and Barbuda,ATG,1982,140.72159
Antigua and Barbuda,ATG,1983,133.48318
Antigua and Barbuda,ATG,1984,134.31178
Antigua and Barbuda,ATG,1985,135.11375
Antigua and Barbuda,ATG,1986,129.85442
Antigua and Barbuda,ATG,1987,131.28119
Antigua and Barbuda,ATG,1988,137.3723
Antigua and Barbuda,ATG,1989,138.16058
Antigua and Barbuda,ATG,1990,136.42812
Antigua and Barbuda,ATG,1991,129.07295
Antigua and Barbuda,ATG,1992,141.7994
Antigua and Barbuda,ATG,1993,127.76863
Antigua and Barbuda,ATG,1994,140.0727
Antigua and Barbuda,ATG,1995,139.2998
Antigua and Barbuda,ATG,1996,135.85
Antigua and Barbuda,ATG,1997,136.47086
Antigua and Barbuda,ATG,1998,130.49869
Antigua and Barbuda,ATG,1999,126.89187
Antigua and Barbuda,ATG,2000,131.17458
Antigua and Barbuda,ATG,2001,131.63205
Antigua and Barbuda,ATG,2002,132.94397
Antigua and Barbuda,ATG,2003,122.62927
Antigua and Barbuda,ATG,2004,106.26235
Antigua and Barbuda,ATG,2005,127.42691
Antigua and Barbuda,ATG,2006,116.80063
Antigua and Barbuda,ATG,2007,135.51471
Antigua and Barbuda,ATG,2008,134.70685
Antigua and Barbuda,ATG,2009,133.69923
Antigua and Barbuda,ATG,2010,96.340805
Antigua and Barbuda,ATG,2011,113.83363
Antigua and Barbuda,ATG,2012,83.7656
Antigua and Barbuda,ATG,2013,105.34325
Antigua and Barbuda,ATG,2014,107.24309
Antigua and Barbuda,ATG,2015,101.87747
Antigua and Barbuda,ATG,2016,106.40817
Antigua and Barbuda,ATG,2017,105.51484
Antigua and Barbuda,ATG,2018,103.176384
Antigua and Barbuda,ATG,2019,103.2108
Antigua and Barbuda,ATG,2020,94.15565
Antigua and Barbuda,ATG,2021,106.290794
Antigua and Barbuda,ATG,2022,103.0289
Antigua and Barbuda,ATG,2023,117.19618
Argentina,ARG,1961,135.42369
Argentina,ARG,1962,139.7701
Argentina,ARG,1963,145.31606
Argentina,ARG,1964,153.31804
Argentina,ARG,1965,149.43568
Argentina,ARG,1966,163.77544
Argentina,ARG,1967,150.51122
Argentina,ARG,1968,168.49751
Argentina,ARG,1969,162.4374
Argentina,ARG,1970,156.23592
Argentina,ARG,1971,167.45183
Argentina,ARG,1972,170.38385
Argentina,ARG,1973,171.1873
Argentina,ARG,1974,177.59554
Argentina,ARG,1975,182.40059
Argentina,ARG,1976,173.46118
Argentina,ARG,1977,172.72882
Argentina,ARG,1978,172.26517
Argentina,ARG,1979,180.55106
Argentina,ARG,1980,178.56839
Argentina,ARG,1981,164.96718
Argentina,ARG,1982,157.5418
Argentina,ARG,1983,166.05634
Argentina,ARG,1984,168.28462
Argentina,ARG,1985,171.67009
Argentina,ARG,1986,158.50774
Argentina,ARG,1987,191.7944
Argentina,ARG,1988,171.47484
Argentina,ARG,1989,183.2848
Argentina,ARG,1990,165.87442
Argentina,ARG,1991,172.46027
Argentina,ARG,1992,199.29425
Argentina,ARG,1993,198.6246
Argentina,ARG,1994,209.74217
Argentina,ARG,1995,211.5406
Argentina,ARG,1996,224.5891
Argentina,ARG,1997,222.74738
Argentina,ARG,1998,225.11499
Argentina,ARG,1999,227.43793
Argentina,ARG,2000,222.5545
Argentina,ARG,2001,215.4266
Argentina,ARG,2002,167.6716
Argentina,ARG,2003,162.7429
Argentina,ARG,2004,137.54004
Argentina,ARG,2005,182.72089
Argentina,ARG,2006,179.79053
Argentina,ARG,2007,191.28479
Argentina,ARG,2008,198.32037
Argentina,ARG,2009,187.54684
Argentina,ARG,2010,184.64998
Argentina,ARG,2011,178.83002
Argentina,ARG,2012,187
Argentina,ARG,2013,184.18002
Argentina,ARG,2014,187.71
Argentina,ARG,2015,192.42
Argentina,ARG,2016,180.36998
Argentina,ARG,2017,171.53996
Argentina,ARG,2018,162.69002
Argentina,ARG,2019,163.2
Argentina,ARG,2020,169
Argentina,ARG,2021,179.89
Argentina,ARG,2022,166.99998
Argentina,ARG,2023,178.35999
Armenia,ARM,1992,105.12495
Armenia,ARM,1993,45.690098
Armenia,ARM,1994,97.26397
Armenia,ARM,1995,51.215866
Armenia,ARM,1996,78.32972
Armenia,ARM,1997,77.04131
Armenia,ARM,1998,84.21908
Armenia,ARM,1999,90.83847
Armenia,ARM,2000,92.2614
Armenia,ARM,2001,95.62903
Armenia,ARM,2002,123.05124
Armenia,ARM,2003,127.19532
Armenia,ARM,2004,127.055115
Armenia,ARM,2005,149.57864
Armenia,ARM,2006,166.74121
Armenia,ARM,2007,173.78198
Armenia,ARM,2008,162.26683
Armenia,ARM,2009,179.39891
Armenia,ARM,2010,193.2898
Armenia,ARM,2011,195.49007
Armenia,ARM,2012,210.45007
Armenia,ARM,2013,215.07956
Armenia,ARM,2014,228.19897
Armenia,ARM,2015,222.54007
Armenia,ARM,2016,241.0095
Armenia,ARM,2017,237.19951
Armenia,ARM,2018,225.33914
Armenia,ARM,2019,226.6696
Armenia,ARM,2020,214.59978
Armenia,ARM,2021,237.76091
Armenia,ARM,2022,223.17923
Armenia,ARM,2023,210.63942
Asia,OWID_ASI,1961,22.279312
Asia,OWID_ASI,1962,22.294746
Asia,OWID_ASI,1963,22.219664
Asia,OWID_ASI,1964,21.955168
Asia,OWID_ASI,1965,21.342672
Asia,OWID_ASI,1966,21.469402
Asia,OWID_ASI,1967,21.608196
Asia,OWID_ASI,1968,22.181406
Asia,OWID_ASI,1969,22.432993
Asia,OWID_ASI,1970,21.69513
Asia,OWID_ASI,1971,22.11188
Asia,OWID_ASI,1972,22.090456
Asia,OWID_ASI,1973,22.2542
Asia,OWID_ASI,1974,22.80429
Asia,OWID_ASI,1975,22.525805
Asia,OWID_ASI,1976,23.812628
Asia,OWID_ASI,1977,24.853916
Asia,OWID_ASI,1978,25.403316
Asia,OWID_ASI,1979,26.05749
Asia,OWID_ASI,1980,26.083551
Asia,OWID_ASI,1981,26.924866
Asia,OWID_ASI,1982,27.486814
Asia,OWID_ASI,1983,28.41637
Asia,OWID_ASI,1984,29.621164
Asia,OWID_ASI,1985,30.351881
Asia,OWID_ASI,1986,30.609674
Asia,OWID_ASI,1987,30.837263
Asia,OWID_ASI,1988,31.455614
Asia,OWID_ASI,1989,31.568768
Asia,OWID_ASI,1990,31.986961
Asia,OWID_ASI,1991,32.31451
Asia,OWID_ASI,1992,34.57359
Asia,OWID_ASI,1993,34.9261
Asia,OWID_ASI,1994,35.894028
Asia,OWID_ASI,1995,37.146145
Asia,OWID_ASI,1996,38.61091
Asia,OWID_ASI,1997,38.816345
Asia,OWID_ASI,1998,39.085594
Asia,OWID_ASI,1999,40.705643
Asia,OWID_ASI,2000,40.641
Asia,OWID_ASI,2001,40.964497
Asia,OWID_ASI,2002,41.713867
Asia,OWID_ASI,2003,43.697803
Asia,OWID_ASI,2004,45.982357
Asia,OWID_ASI,2005,47.458202
Asia,OWID_ASI,2006,49.777607
Asia,OWID_ASI,2007,51.900967
Asia,OWID_ASI,2008,52.464245
Asia,OWID_ASI,2009,54.025967
Asia,OWID_ASI,2010,42.83702
Asia,OWID_ASI,2011,44.711655
Asia,OWID_ASI,2012,46.05084
Asia,OWID_ASI,2013,45.750957
Asia,OWID_ASI,2014,48.81978
Asia,OWID_ASI,2015,48.44051
Asia,OWID_ASI,2016,49.970146
Asia,OWID_ASI,2017,51.842747
Asia,OWID_ASI,2018,53.96383
Asia,OWID_ASI,2019,57.04446
Asia,OWID_ASI,2020,59.827477
Asia,OWID_ASI,2021,63.21161
Asia,OWID_ASI,2022,63.34485
Asia,OWID_ASI,2023,64.74404
Asia (FAO),,1961,22.16
Asia (FAO),,1962,22.18
Asia (FAO),,1963,22.23
Asia (FAO),,1964,22.08
Asia (FAO),,1965,21.52
Asia (FAO),,1966,21.65
Asia (FAO),,1967,21.77
Asia (FAO),,1968,22.33
Asia (FAO),,1969,22.57
Asia (FAO),,1970,21.82
Asia (FAO),,1971,22.23
Asia (FAO),,1972,22.19
Asia (FAO),,1973,22.34
Asia (FAO),,1974,22.87
Asia (FAO),,1975,22.57
Asia (FAO),,1976,23.84
Asia (FAO),,1977,24.87
Asia (FAO),,1978,25.4
Asia (FAO),,1979,26.05
Asia (FAO),,1980,26.08
Asia (FAO),,1981,26.93
Asia (FAO),,1982,27.51
Asia (FAO),,1983,28.45
Asia (FAO),,1984,29.65
Asia (FAO),,1985,30.37
Asia (FAO),,1986,30.61
Asia (FAO),,1987,30.83
Asia (FAO),,1988,31.43
Asia (FAO),,1989,31.54
Asia (FAO),,1990,31.97
Asia (FAO),,1991,32.31
Asia (FAO),,1992,34.59
Asia (FAO),,1993,34.96
Asia (FAO),,1994,35.94
Asia (FAO),,1995,37.22
Asia (FAO),,1996,38.73
Asia (FAO),,1997,38.98
Asia (FAO),,1998,39.32
Asia (FAO),,1999,41
Asia (FAO),,2000,41
Asia (FAO),,2001,41.38
Asia (FAO),,2002,42.18
Asia (FAO),,2003,44.21
Asia (FAO),,2004,46.56
Asia (FAO),,2005,48.09
Asia (FAO),,2006,50.48
Asia (FAO),,2007,52.68
Asia (FAO),,2008,53.3
Asia (FAO),,2009,54.94
Asia (FAO),,2010,42.96
Asia (FAO),,2011,44.82
Asia (FAO),,2012,46.16
Asia (FAO),,2013,45.85
Asia (FAO),,2014,48.95
Asia (FAO),,2015,48.55
Asia (FAO),,2016,50.09
Asia (FAO),,2017,51.98
Asia (FAO),,2018,54.08
Asia (FAO),,2019,56.86
Asia (FAO),,2020,59.63
Asia (FAO),,2021,63.02
Asia (FAO),,2022,63.13
Asia (FAO),,2023,64.4
Australia,AUS,1961,243.92354
Australia,AUS,1962,245.50719
Australia,AUS,1963,240.39267
Australia,AUS,1964,244.65819
Australia,AUS,1965,248.80028
Australia,AUS,1966,265.3586
Australia,AUS,1967,252.05276
Australia,AUS,1968,257.93478
Australia,AUS,1969,250.58148
Australia,AUS,1970,244.81718
Australia,AUS,1971,248.2792
Australia,AUS,1972,247.2334
Australia,AUS,1973,248.55095
Australia,AUS,1974,232.61324
Australia,AUS,1975,235.91322
Australia,AUS,1976,235.63818
Australia,AUS,1977,210.46571
Australia,AUS,1978,200.95657
Australia,AUS,1979,216.13461
Australia,AUS,1980,213.6961
Australia,AUS,1981,212.76863
Australia,AUS,1982,223.14813
Australia,AUS,1983,231.37646
Australia,AUS,1984,231.56291
Australia,AUS,1985,223.71611
Australia,AUS,1986,227.74881
Australia,AUS,1987,227.29263
Australia,AUS,1988,233.35413
Australia,AUS,1989,244.3038
Australia,AUS,1990,232.57138
Australia,AUS,1991,231.84253
Australia,AUS,1992,237.06564
Australia,AUS,1993,238.05814
Australia,AUS,1994,245.20245
Australia,AUS,1995,239.84929
Australia,AUS,1996,242.66586
Australia,AUS,1997,236.84116
Australia,AUS,1998,215.0474
Australia,AUS,1999,220.16405
Australia,AUS,2000,216.51244
Australia,AUS,2001,216.47037
Australia,AUS,2002,227.4302
Australia,AUS,2003,211.50566
Australia,AUS,2004,200.04512
Australia,AUS,2005,216.80307
Australia,AUS,2006,236.7856
Australia,AUS,2007,225.77724
Australia,AUS,2008,231.79863
Australia,AUS,2009,220.62277
Australia,AUS,2010,202.06998
Australia,AUS,2011,189.05
Australia,AUS,2012,210.56995
Australia,AUS,2013,209.13998
Australia,AUS,2014,204.43
Australia,AUS,2015,220.33003
Australia,AUS,2016,217.60999
Australia,AUS,2017,217.49995
Australia,AUS,2018,222.78009
Australia,AUS,2019,220.09998
Australia,AUS,2020,234.42001
Australia,AUS,2021,228.82004
Australia,AUS,2022,214.52994
Australia,AUS,2023,227.05994
Austria,AUT,1961,219.19533
Austria,AUT,1962,216.66586
Austria,AUT,1963,216.83702
Austria,AUT,1964,220.25415
Austria,AUT,1965,220.30112
Austria,AUT,1966,214.79765
Austria,AUT,1967,219.9616
Austria,AUT,1968,225.68091
Austria,AUT,1969,216.49875
Austria,AUT,1970,214.64003
Austria,AUT,1971,219.37947
Austria,AUT,1972,226.17085
Austria,AUT,1973,218.10316
Austria,AUT,1974,223.61435
Austria,AUT,1975,229.46986
Austria,AUT,1976,233.62155
Austria,AUT,1977,233.68689
Austria,AUT,1978,241.16833
Austria,AUT,1979,244.06386
Austria,AUT,1980,243.83278
Austria,AUT,1981,244.69121
Austria,AUT,1982,248.90225
Austria,AUT,1983,254.61334
Austria,AUT,1984,238.28792
Austria,AUT,1985,267.23236
Austria,AUT,1986,264.4893
Austria,AUT,1987,260.6214
Austria,AUT,1988,244.94727
Austria,AUT,1989,254.3231
Austria,AUT,1990,255.41942
Austria,AUT,1991,263.15933
Austria,AUT,1992,270.52386
Austria,AUT,1993,270.25153
Austria,AUT,1994,277.50452
Austria,AUT,1995,274.2611
Austria,AUT,1996,266.32895
Austria,AUT,1997,287.32455
Austria,AUT,1998,276.46405
Austria,AUT,1999,286.14404
Austria,AUT,2000,287.80374
Austria,AUT,2001,296.35913
Austria,AUT,2002,299.01282
Austria,AUT,2003,245.31439
Austria,AUT,2004,223.58226
Austria,AUT,2005,229.96342
Austria,AUT,2006,226.50427
Austria,AUT,2007,229.02724
Austria,AUT,2008,233.86565
Austria,AUT,2009,235.54759
Austria,AUT,2010,164.26006
Austria,AUT,2011,167.44995
Austria,AUT,2012,174.22002
Austria,AUT,2013,171.70999
Austria,AUT,2014,192.36018
Austria,AUT,2015,191.44006
Austria,AUT,2016,200.78
Austria,AUT,2017,193.51003
Austria,AUT,2018,200.90994
Austria,AUT,2019,201.3301
Austria,AUT,2020,217.0102
Austria,AUT,2021,222.36017
Austria,AUT,2022,212.25005
Austria,AUT,2023,216.3199
Azerbaijan,AZE,1992,102.10969
Azerbaijan,AZE,1993,97.157364
Azerbaijan,AZE,1994,99.01282
Azerbaijan,AZE,1995,95.78748
Azerbaijan,AZE,1996,74.70999
Azerbaijan,AZE,1997,85.40669
Azerbaijan,AZE,1998,84.26873
Azerbaijan,AZE,1999,85.12499
Azerbaijan,AZE,2000,87.527756
Azerbaijan,AZE,2001,87.98045
Azerbaijan,AZE,2002,89.590744
Azerbaijan,AZE,2003,93.768
Azerbaijan,AZE,2004,87.01431
Azerbaijan,AZE,2005,104.80085
Azerbaijan,AZE,2006,108.85734
Azerbaijan,AZE,2007,110.38603
Azerbaijan,AZE,2008,115.29061
Azerbaijan,AZE,2009,123.977554
Azerbaijan,AZE,2010,135.12997
Azerbaijan,AZE,2011,135.96992
Azerbaijan,AZE,2012,136.51001
Azerbaijan,AZE,2013,147.3799
Azerbaijan,AZE,2014,158.87006
Azerbaijan,AZE,2015,155.35985
Azerbaijan,AZE,2016,154.41994
Azerbaijan,AZE,2017,155.8
Azerbaijan,AZE,2018,157.32997
Azerbaijan,AZE,2019,161.77995
Azerbaijan,AZE,2020,160.73991
Azerbaijan,AZE,2021,164.94997
Azerbaijan,AZE,2022,168.51988
Azerbaijan,AZE,2023,165.43001
Bahamas,BHS,1961,79.78701
Bahamas,BHS,1962,86.83278
Bahamas,BHS,1963,80.6376
Bahamas,BHS,1964,93.32038
Bahamas,BHS,1965,86.68573
Bahamas,BHS,1966,92.39766
Bahamas,BHS,1967,102.89002
Bahamas,BHS,1968,108.66274
Bahamas,BHS,1969,100.716545
Bahamas,BHS,1970,113.836
Bahamas,BHS,1971,110.07812
Bahamas,BHS,1972,107.0306
Bahamas,BHS,1973,108.870415
Bahamas,BHS,1974,99.5912
Bahamas,BHS,1975,92.42133
Bahamas,BHS,1976,90.545364
Bahamas,BHS,1977,83.152596
Bahamas,BHS,1978,76.035484
Bahamas,BHS,1979,79.33352
Bahamas,BHS,1980,91.66259
Bahamas,BHS,1981,82.41064
Bahamas,BHS,1982,108.95588
Bahamas,BHS,1983,107.83943
Bahamas,BHS,1984,109.97312
Bahamas,BHS,1985,110.08852
Bahamas,BHS,1986,110.31897
Bahamas,BHS,1987,115.43908
Bahamas,BHS,1988,113.53067
Bahamas,BHS,1989,112.02086
Bahamas,BHS,1990,104.495094
Bahamas,BHS,1991,105.56395
Bahamas,BHS,1992,96.99012
Bahamas,BHS,1993,96.63357
Bahamas,BHS,1994,99.409485
Bahamas,BHS,1995,94.744774
Bahamas,BHS,1996,95.089806
Bahamas,BHS,1997,87.22228
Bahamas,BHS,1998,81.2871
Bahamas,BHS,1999,81.09172
Bahamas,BHS,2000,86.9764
Bahamas,BHS,2001,88.83522
Bahamas,BHS,2002,89.0125
Bahamas,BHS,2003,81.87519
Bahamas,BHS,2004,79.12735
Bahamas,BHS,2005,81.59349
Bahamas,BHS,2006,86.761696
Bahamas,BHS,2007,89.48217
Bahamas,BHS,2008,84.07201
Bahamas,BHS,2009,98.98761
Bahamas,BHS,2010,83.66955
Bahamas,BHS,2011,77.25834
Bahamas,BHS,2012,94.56899
Bahamas,BHS,2013,95.04825
Bahamas,BHS,2014,122.02616
Bahamas,BHS,2015,116.44849
Bahamas,BHS,2016,88.31
Bahamas,BHS,2017,96.07852
Bahamas,BHS,2018,94.20048
Bahamas,BHS,2019,103.69632
Bahamas,BHS,2020,115.44591
Bahamas,BHS,2021,101.12719
Bahamas,BHS,2022,119.6094
Bahamas,BHS,2023,130.0261
Bahrain,BHR,2019,194.76935
Bahrain,BHR,2020,244.60983
Bahrain,BHR,2021,265.47964
Bahrain,BHR,2022,265.3
Bahrain,BHR,2023,194.05951
Bangladesh,BGD,1961,11.785007
Bangladesh,BGD,1962,11.668207
Bangladesh,BGD,1963,12.240682
Bangladesh,BGD,1964,12.879193
Bangladesh,BGD,1965,12.795454
Bangladesh,BGD,1966,10.787581
Bangladesh,BGD,1967,10.904974
Bangladesh,BGD,1968,10.772043
Bangladesh,BGD,1969,10.944694
Bangladesh,BGD,1970,11.65659
Bangladesh,BGD,1971,11.210907
Bangladesh,BGD,1972,10.409055
Bangladesh,BGD,1973,12.309174
Bangladesh,BGD,1974,11.645698
Bangladesh,BGD,1975,11.389108
Bangladesh,BGD,1976,13.028639
Bangladesh,BGD,1977,12.206827
Bangladesh,BGD,1978,14.63719
Bangladesh,BGD,1979,13.081859
Bangladesh,BGD,1980,11.603802
Bangladesh,BGD,1981,11.967928
Bangladesh,BGD,1982,10.47758
Bangladesh,BGD,1983,11.299818
Bangladesh,BGD,1984,12.041566
Bangladesh,BGD,1985,14.530614
Bangladesh,BGD,1986,14.098123
Bangladesh,BGD,1987,14.131212
Bangladesh,BGD,1988,13.002866
Bangladesh,BGD,1989,13.739618
Bangladesh,BGD,1990,13.33262
Bangladesh,BGD,1991,13.564694
Bangladesh,BGD,1992,13.594246
Bangladesh,BGD,1993,13.918205
Bangladesh,BGD,1994,13.61499
Bangladesh,BGD,1995,13.512221
Bangladesh,BGD,1996,14.45926
Bangladesh,BGD,1997,14.75395
Bangladesh,BGD,1998,13.502971
Bangladesh,BGD,1999,15.07171
Bangladesh,BGD,2000,14.306431
Bangladesh,BGD,2001,13.925448
Bangladesh,BGD,2002,15.3539715
Bangladesh,BGD,2003,15.007604
Bangladesh,BGD,2004,16.62369
Bangladesh,BGD,2005,17.486874
Bangladesh,BGD,2006,16.524683
Bangladesh,BGD,2007,17.24953
Bangladesh,BGD,2008,17.43278
Bangladesh,BGD,2009,19.65975
Bangladesh,BGD,2010,21.4
Bangladesh,BGD,2011,21.95
Bangladesh,BGD,2012,21.989998
Bangladesh,BGD,2013,22.01
Bangladesh,BGD,2014,22.16
Bangladesh,BGD,2015,22.140001
Bangladesh,BGD,2016,22.02
Bangladesh,BGD,2017,22.130001
Bangladesh,BGD,2018,22.289999
Bangladesh,BGD,2019,23.479998
Bangladesh,BGD,2020,21.089998
Bangladesh,BGD,2021,66.73999
Bangladesh,BGD,2022,71.520004
Bangladesh,BGD,2023,76.12
Barbados,BRB,1961,84.917244
Barbados,BRB,1962,86.04427
Barbados,BRB,1963,101.99566
Barbados,BRB,1964,101.46186
Barbados,BRB,1965,103.29798
Barbados,BRB,1966,101.206154
Barbados,BRB,1967,100.31234
Barbados,BRB,1968,93.64472
Barbados,BRB,1969,118.82492
Barbados,BRB,1970,113.31988
Barbados,BRB,1971,137.55042
Barbados,BRB,1972,103.17981
Barbados,BRB,1973,146.6756
Barbados,BRB,1974,166.97614
Barbados,BRB,1975,85.90825
Barbados,BRB,1976,101.3622
Barbados,BRB,1977,103.77475
Barbados,BRB,1978,125.505356
Barbados,BRB,1979,88.66836
Barbados,BRB,1980,113.663734
Barbados,BRB,1981,86.17614
Barbados,BRB,1982,94.430695
Barbados,BRB,1983,101.15003
Barbados,BRB,1984,114.37748
Barbados,BRB,1985,120.799194
Barbados,BRB,1986,116.6453
Barbados,BRB,1987,131.07312
Barbados,BRB,1988,141.50713
Barbados,BRB,1989,140.93828
Barbados,BRB,1990,139.60477
Barbados,BRB,1991,136.46437
Barbados,BRB,1992,99.42733
Barbados,BRB,1993,105.086655
Barbados,BRB,1994,96.04748
Barbados,BRB,1995,91.74279
Barbados,BRB,1996,92.881615
Barbados,BRB,1997,98.84796
Barbados,BRB,1998,97.94843
Barbados,BRB,1999,93.47252
Barbados,BRB,2000,91.397255
Barbados,BRB,2001,94.69853
Barbados,BRB,2002,96.14128
Barbados,BRB,2003,97.96372
Barbados,BRB,2004,99.21548
Barbados,BRB,2005,108.002396
Barbados,BRB,2006,93.007324
Barbados,BRB,2007,101.79419
Barbados,BRB,2008,101.049576
Barbados,BRB,2009,101.15311
Barbados,BRB,2010,110.75557
Barbados,BRB,2011,112.06595
Barbados,BRB,2012,144.27531
Barbados,BRB,2013,139.9205
Barbados,BRB,2014,142.68744
Barbados,BRB,2015,158.11488
Barbados,BRB,2016,113.68838
Barbados,BRB,2017,132.1867
Barbados,BRB,2018,115.69628
Barbados,BRB,2019,107.5177
Barbados,BRB,2020,107.08772
Barbados,BRB,2021,108.8773
Barbados,BRB,2022,120.0583
Barbados,BRB,2023,111.63723
Belarus,BLR,1992,205.86137
Belarus,BLR,1993,229.32475
Belarus,BLR,1994,240.26038
Belarus,BLR,1995,240.51016
Belarus,BLR,1996,243.53755
Belarus,BLR,1997,224.87967
Belarus,BLR,1998,239.37999
Belarus,BLR,1999,220.93707
Belarus,BLR,2000,174.56967
Belarus,BLR,2001,202.45126
Belarus,BLR,2002,194.56616
Belarus,BLR,2003,178.42033
Belarus,BLR,2004,160.20131
Belarus,BLR,2005,176.3483
Belarus,BLR,2006,168.0489
Belarus,BLR,2007,166.30937
Belarus,BLR,2008,141.30397
Belarus,BLR,2009,146.95796
Belarus,BLR,2010,97.79998
Belarus,BLR,2011,98.970024
Belarus,BLR,2012,89.01005
Belarus,BLR,2013,66.98997
Belarus,BLR,2014,85.220055
Belarus,BLR,2015,81.73001
Belarus,BLR,2016,71.79996
Belarus,BLR,2017,82.71998
Belarus,BLR,2018,77.80999
Belarus,BLR,2019,127.83007
Belarus,BLR,2020,132.19997
Belarus,BLR,2021,129.47989
Belarus,BLR,2022,136.57
Belarus,BLR,2023,170.09001
Belgium,BEL,2000,239.24934
Belgium,BEL,2001,250.0297
Belgium,BEL,2002,253.2976
Belgium,BEL,2003,236.30884
Belgium,BEL,2004,234.84314
Belgium,BEL,2005,232.25356
Belgium,BEL,2006,235.38937
Belgium,BEL,2007,232.72449
Belgium,BEL,2008,255.73236
Belgium,BEL,2009,239.9137
Belgium,BEL,2010,178.26018
Belgium,BEL,2011,177.2401
Belgium,BEL,2012,173.49995
Belgium,BEL,2013,197.97006
Belgium,BEL,2014,223.11014
Belgium,BEL,2015,214.44997
Belgium,BEL,2016,218.51987
Belgium,BEL,2017,229.42993
Belgium,BEL,2018,197.07986
Belgium,BEL,2019,166.98996
Belgium,BEL,2020,177.75012
Belgium,BEL,2021,180.92995
Belgium,BEL,2022,183.4301
Belgium,BEL,2023,204.50996
Belgium-Luxembourg (FAO),,1961,180.65
Belgium-Luxembourg (FAO),,1962,172.82
Belgium-Luxembourg (FAO),,1963,178.68
Belgium-Luxembourg (FAO),,1964,179.11
Belgium-Luxembourg (FAO),,1965,177.74
Belgium-Luxembourg (FAO),,1966,189.39
Belgium-Luxembourg (FAO),,1967,185.02
Belgium-Luxembourg (FAO),,1968,176.62
Belgium-Luxembourg (FAO),,1969,185.7
Belgium-Luxembourg (FAO),,1970,175.05
Belgium-Luxembourg (FAO),,1971,190.6
Belgium-Luxembourg (FAO),,1972,176.13
Belgium-Luxembourg (FAO),,1973,175.38
Belgium-Luxembourg (FAO),,1974,174.59
Belgium-Luxembourg (FAO),,1975,174
Belgium-Luxembourg (FAO),,1976,166.83
Belgium-Luxembourg (FAO),,1977,180.73
Belgium-Luxembourg (FAO),,1978,175.44
Belgium-Luxembourg (FAO),,1979,185.36
Belgium-Luxembourg (FAO),,1980,196.83
Belgium-Luxembourg (FAO),,1981,198.56
Belgium-Luxembourg (FAO),,1982,206.49
Belgium-Luxembourg (FAO),,1983,200.41
Belgium-Luxembourg (FAO),,1984,207.2
Belgium-Luxembourg (FAO),,1985,208.42
Belgium-Luxembourg (FAO),,1986,195.9
Belgium-Luxembourg (FAO),,1987,194.32
Belgium-Luxembourg (FAO),,1988,193.81
Belgium-Luxembourg (FAO),,1989,197.89
Belgium-Luxembourg (FAO),,1990,221.13
Belgium-Luxembourg (FAO),,1991,193.85
Belgium-Luxembourg (FAO),,1992,215.82
Belgium-Luxembourg (FAO),,1993,203.49
Belgium-Luxembourg (FAO),,1994,205.23
Belgium-Luxembourg (FAO),,1995,201.82
Belgium-Luxembourg (FAO),,1996,205.73
Belgium-Luxembourg (FAO),,1997,230.59
Belgium-Luxembourg (FAO),,1998,235.62
Belgium-Luxembourg (FAO),,1999,227.86
Belize,BLZ,1961,132.28542
Belize,BLZ,1962,147.62056
Belize,BLZ,1963,119.77916
Belize,BLZ,1964,117.11018
Belize,BLZ,1965,100.816895
Belize,BLZ,1966,107.26676
Belize,BLZ,1967,110.70428
Belize,BLZ,1968,111.96485
Belize,BLZ,1969,93.857704
Belize,BLZ,1970,121.33718
Belize,BLZ,1971,124.29775
Belize,BLZ,1972,125.627
Belize,BLZ,1973,116.15621
Belize,BLZ,1974,133.62613
Belize,BLZ,1975,146.53122
Belize,BLZ,1976,147.54803
Belize,BLZ,1977,151.70363
Belize,BLZ,1978,151.21352
Belize,BLZ,1979,146.00241
Belize,BLZ,1980,159.6912
Belize,BLZ,1981,162.34029
Belize,BLZ,1982,148.02971
Belize,BLZ,1983,156.86827
Belize,BLZ,1984,154.28214
Belize,BLZ,1985,156.32555
Belize,BLZ,1986,155.81912
Belize,BLZ,1987,146.5122
Belize,BLZ,1988,133.42624
Belize,BLZ,1989,101.27503
Belize,BLZ,1990,105.64925
Belize,BLZ,1991,95.35909
Belize,BLZ,1992,89.55941
Belize,BLZ,1993,89.35172
Belize,BLZ,1994,95.25708
Belize,BLZ,1995,88.46154
Belize,BLZ,1996,76.0624
Belize,BLZ,1997,71.47739
Belize,BLZ,1998,70.06209
Belize,BLZ,1999,72.31771
Belize,BLZ,2000,76.68953
Belize,BLZ,2001,93.87986
Belize,BLZ,2002,89.345085
Belize,BLZ,2003,84.23823
Belize,BLZ,2004,87.48965
Belize,BLZ,2005,89.306404
Belize,BLZ,2006,87.676605
Belize,BLZ,2007,84.80027
Belize,BLZ,2008,65.75018
Belize,BLZ,2009,70.14241
Belize,BLZ,2010,97.81817
Belize,BLZ,2011,97.63821
Belize,BLZ,2012,112.04632
Belize,BLZ,2013,106.09845
Belize,BLZ,2014,135.75455
Belize,BLZ,2015,136.3458
Belize,BLZ,2016,139.75348
Belize,BLZ,2017,116.365326
Belize,BLZ,2018,122.75936
Belize,BLZ,2019,91.05929
Belize,BLZ,2020,95.327805
Belize,BLZ,2021,149.6681
Belize,BLZ,2022,131.8764
Belize,BLZ,2023,99.58951
Benin,BEN,1961,3.3146858
Benin,BEN,1962,3.440263
Benin,BEN,1963,3.5083652
Benin,BEN,1964,3.672419
Benin,BEN,1965,3.9700413
Benin,BEN,1966,4.277298
Benin,BEN,1967,4.29023
Benin,BEN,1968,4.457821
Benin,BEN,1969,4.4439416
Benin,BEN,1970,4.506599
Benin,BEN,1971,4.531806
Benin,BEN,1972,4.4340773
Benin,BEN,1973,4.603198
Benin,BEN,1974,5.2568245
Benin,BEN,1975,4.934173
Benin,BEN,1976,5.5321474
Benin,BEN,1977,4.9918966
Benin,BEN,1978,5.6564193
Benin,BEN,1979,5.1367803
Benin,BEN,1980,6.658808
Benin,BEN,1981,6.3789783
Benin,BEN,1982,7.6887565
Benin,BEN,1983,7.921769
Benin,BEN,1984,7.48516
Benin,BEN,1985,5.6586676
Benin,BEN,1986,6.315936
Benin,BEN,1987,8.000453
Benin,BEN,1988,6.24372
Benin,BEN,1989,5.2498927
Benin,BEN,1990,6.363123
Benin,BEN,1991,5.062216
Benin,BEN,1992,5.6193876
Benin,BEN,1993,6.2923007
Benin,BEN,1994,5.6004667
Benin,BEN,1995,6.152527
Benin,BEN,1996,7.0051584
Benin,BEN,1997,7.836058
Benin,BEN,1998,14.818785
Benin,BEN,1999,8.604479
Benin,BEN,2000,8.564022
Benin,BEN,2001,9.771478
Benin,BEN,2002,10.752356
Benin,BEN,2003,8.796491
Benin,BEN,2004,9.807739
Benin,BEN,2005,8.787779
Benin,BEN,2006,8.460277
Benin,BEN,2007,9.2671385
Benin,BEN,2008,9.878745
Benin,BEN,2009,14.37251
Benin,BEN,2010,16.10039
Benin,BEN,2011,15.957481
Benin,BEN,2012,15.573474
Benin,BEN,2013,15.200058
Benin,BEN,2014,15.320773
Benin,BEN,2015,15.416606
Benin,BEN,2016,14.660052
Benin,BEN,2017,14.322866
Benin,BEN,2018,13.817743
Benin,BEN,2019,11.84934
Benin,BEN,2020,11.433798
Benin,BEN,2021,10.629353
Benin,BEN,2022,10.587567
Bermuda,BMU,1961,190.93896
Bermuda,BMU,1962,215.63734
Bermuda,BMU,1963,214.30888
Bermuda,BMU,1964,200.98386
Bermuda,BMU,1965,194.384
Bermuda,BMU,1966,174.64372
Bermuda,BMU,1967,178.0963
Bermuda,BMU,1968,178.74525
Bermuda,BMU,1969,177.21333
Bermuda,BMU,1970,197.08286
Bermuda,BMU,1971,202.01033
Bermuda,BMU,1972,186.59612
Bermuda,BMU,1973,195.70663
Bermuda,BMU,1974,182.34677
Bermuda,BMU,1975,179.8476
Bermuda,BMU,1976,199.91641
Bermuda,BMU,1977,163.2906
Bermuda,BMU,1978,152.55655
Bermuda,BMU,1979,187.0746
Bermuda,BMU,1980,182.31055
Bermuda,BMU,1981,190.33987
Bermuda,BMU,1982,184.93283
Bermuda,BMU,1983,178.76337
Bermuda,BMU,1984,164.70293
Bermuda,BMU,1985,157.63718
Bermuda,BMU,1986,163.60384
Bermuda,BMU,1987,166.28178
Bermuda,BMU,1988,190.4595
Bermuda,BMU,1989,152.98973
Bermuda,BMU,1990,127.920944
Bermuda,BMU,1991,131.24968
Bermuda,BMU,1992,139.73643
Bermuda,BMU,1993,169.37418
Bermuda,BMU,1994,160.84946
Bermuda,BMU,1995,115.169525
Bermuda,BMU,1996,102.78761
Bermuda,BMU,1997,120.14985
Bermuda,BMU,1998,108.0674
Bermuda,BMU,1999,102.86366
Bermuda,BMU,2000,121.73513
Bermuda,BMU,2001,111.49983
Bermuda,BMU,2002,99.77559
Bermuda,BMU,2003,101.3047
Bermuda,BMU,2004,112.45206
Bermuda,BMU,2005,118.12402
Bermuda,BMU,2006,99.99905
Bermuda,BMU,2007,96.15421
Bermuda,BMU,2008,97.46048
Bermuda,BMU,2009,111.29948
Bhutan,BTN,2019,111.01855
Bhutan,BTN,2020,113.74956
Bhutan,BTN,2021,95.608765
Bhutan,BTN,2022,74.93894
Bhutan,BTN,2023,63.519516
Bolivia,BOL,1961,17.563042
Bolivia,BOL,1962,16.028069
Bolivia,BOL,1963,24.92899
Bolivia,BOL,1964,18.622084
Bolivia,BOL,1965,19.622974
Bolivia,BOL,1966,19.877462
Bolivia,BOL,1967,24.038855
Bolivia,BOL,1968,21.126772
Bolivia,BOL,1969,24.161364
Bolivia,BOL,1970,26.606558
Bolivia,BOL,1971,24.456835
Bolivia,BOL,1972,26.319468
Bolivia,BOL,1973,23.059671
Bolivia,BOL,1974,26.440449
Bolivia,BOL,1975,26.050941
Bolivia,BOL,1976,25.077377
Bolivia,BOL,1977,30.807037
Bolivia,BOL,1978,37.474205
Bolivia,BOL,1979,34.5232
Bolivia,BOL,1980,40.881145
Bolivia,BOL,1981,38.341953
Bolivia,BOL,1982,27.887075
Bolivia,BOL,1983,27.338577
Bolivia,BOL,1984,26.12885
Bolivia,BOL,1985,28.358706
Bolivia,BOL,1986,28.850885
Bolivia,BOL,1987,36.214073
Bolivia,BOL,1988,24.888607
Bolivia,BOL,1989,32.591793
Bolivia,BOL,1990,23.202045
Bolivia,BOL,1991,26.823503
Bolivia,BOL,1992,25.039614
Bolivia,BOL,1993,30.329782
Bolivia,BOL,1994,27.422567
Bolivia,BOL,1995,35.767204
Bolivia,BOL,1996,39.308758
Bolivia,BOL,1997,36.80852
Bolivia,BOL,1998,37.2237
Bolivia,BOL,1999,37.843327
Bolivia,BOL,2000,35.771206
Bolivia,BOL,2001,27.989628
Bolivia,BOL,2002,39.27525
Bolivia,BOL,2003,38.794994
Bolivia,BOL,2004,36.046066
Bolivia,BOL,2005,40.27521
Bolivia,BOL,2006,28.046192
Bolivia,BOL,2007,27.90128
Bolivia,BOL,2008,29.709068
Bolivia,BOL,2009,36.155777
Bolivia,BOL,2010,37.49998
Bolivia,BOL,2011,41.889996
Bolivia,BOL,2012,41.92998
Bolivia,BOL,2013,44.18999
Bolivia,BOL,2014,43.580006
Bolivia,BOL,2015,44.639973
Bolivia,BOL,2016,41.13
Bolivia,BOL,2017,43.489998
Bolivia,BOL,2018,43.99
Bolivia,BOL,2019,42.400013
Bolivia,BOL,2020,43.279995
Bolivia,BOL,2021,38.819973
Bolivia,BOL,2022,38.70998
Bolivia,BOL,2023,39.059998
Bosnia and Herzegovina,BIH,1992,103.48156
Bosnia and Herzegovina,BIH,1993,112.33845
Bosnia and Herzegovina,BIH,1994,104.68002
Bosnia and Herzegovina,BIH,1995,104.8274
Bosnia and Herzegovina,BIH,1996,90.477325
Bosnia and Herzegovina,BIH,1997,119.317825
Bosnia and Herzegovina,BIH,1998,138.07704
Bosnia and Herzegovina,BIH,1999,140.0762
Bosnia and Herzegovina,BIH,2000,143.30315
Bosnia and Herzegovina,BIH,2001,145.31473
Bosnia and Herzegovina,BIH,2002,144.82521
Bosnia and Herzegovina,BIH,2003,146.07706
Bosnia and Herzegovina,BIH,2004,156.59738
Bosnia and Herzegovina,BIH,2005,169.37912
Bosnia and Herzegovina,BIH,2006,170.4296
Bosnia and Herzegovina,BIH,2007,185.07173
Bosnia and Herzegovina,BIH,2008,179.14445
Bosnia and Herzegovina,BIH,2009,182.21269
Bosnia and Herzegovina,BIH,2010,180.80952
Bosnia and Herzegovina,BIH,2011,176.83005
Bosnia and Herzegovina,BIH,2012,186.22006
Bosnia and Herzegovina,BIH,2013,192.37016
Bosnia and Herzegovina,BIH,2014,188.63995
Bosnia and Herzegovina,BIH,2015,200.01994
Bosnia and Herzegovina,BIH,2016,205.03018
Bosnia and Herzegovina,BIH,2017,199.76976
Bosnia and Herzegovina,BIH,2018,204.30006
Bosnia and Herzegovina,BIH,2019,206.16988
Bosnia and Herzegovina,BIH,2020,188.3899
Bosnia and Herzegovina,BIH,2021,175.53989
Bosnia and Herzegovina,BIH,2022,183.39989
Bosnia and Herzegovina,BIH,2023,193.36987
Botswana,BWA,1961,83.21205
Botswana,BWA,1962,83.743835
Botswana,BWA,1963,84.246544
Botswana,BWA,1964,84.82629
Botswana,BWA,1965,88.41422
Botswana,BWA,1966,92.478905
Botswana,BWA,1967,94.44286
Botswana,BWA,1968,94.04247
Botswana,BWA,1969,94.224686
Botswana,BWA,1970,97.492714
Botswana,BWA,1971,98.02421
Botswana,BWA,1972,95.24402
Botswana,BWA,1973,89.230865
Botswana,BWA,1974,91.09397
Botswana,BWA,1975,91.60071
Botswana,BWA,1976,90.8301
Botswana,BWA,1977,94.22708
Botswana,BWA,1978,94.299034
Botswana,BWA,1979,134.1291
Botswana,BWA,1980,113.51203
Botswana,BWA,1981,96.76931
Botswana,BWA,1982,100.85264
Botswana,BWA,1983,98.03248
Botswana,BWA,1984,138.99016
Botswana,BWA,1985,117.480354
Botswana,BWA,1986,105.51043
Botswana,BWA,1987,93.43112
Botswana,BWA,1988,99.727135
Botswana,BWA,1989,109.21373
Botswana,BWA,1990,118.68469
Botswana,BWA,1991,132.5204
Botswana,BWA,1992,140.71043
Botswana,BWA,1993,102.1088
Botswana,BWA,1994,109.79857
Botswana,BWA,1995,118.80616
Botswana,BWA,1996,120.69504
Botswana,BWA,1997,117.75169
Botswana,BWA,1998,119.11029
Botswana,BWA,1999,129.57413
Botswana,BWA,2000,138.43225
Botswana,BWA,2001,148.20985
Botswana,BWA,2002,126.50191
Botswana,BWA,2003,91.972885
Botswana,BWA,2004,98.67518
Botswana,BWA,2005,95.366104
Botswana,BWA,2006,91.58732
Botswana,BWA,2007,87.36336
Botswana,BWA,2008,85.90054
Botswana,BWA,2009,94.70383
Botswana,BWA,2010,136.01
Botswana,BWA,2011,157.7694
Botswana,BWA,2012,175.08026
Botswana,BWA,2013,137.48955
Botswana,BWA,2014,119.10929
Botswana,BWA,2015,97.15974
Botswana,BWA,2016,106.07981
Botswana,BWA,2017,95.99004
Botswana,BWA,2018,99.509605
Botswana,BWA,2019,90.26992
Botswana,BWA,2020,89.20981
Botswana,BWA,2021,129.13957
Botswana,BWA,2022,181.90962
Botswana,BWA,2023,89.369934
Brazil,BRA,1961,62.87074
Brazil,BRA,1962,63.37578
Brazil,BRA,1963,65.36292
Brazil,BRA,1964,71.84285
Brazil,BRA,1965,75.08961
Brazil,BRA,1966,74.49046
Brazil,BRA,1967,70.821846
Brazil,BRA,1968,72.000946
Brazil,BRA,1969,68.09265
Brazil,BRA,1970,68.1757
Brazil,BRA,1971,64.73295
Brazil,BRA,1972,62.402378
Brazil,BRA,1973,63.908813
Brazil,BRA,1974,74.61593
Brazil,BRA,1975,79.953606
Brazil,BRA,1976,84.533646
Brazil,BRA,1977,77.87793
Brazil,BRA,1978,71.77606
Brazil,BRA,1979,72.44087
Brazil,BRA,1980,86.19707
Brazil,BRA,1981,77.48067
Brazil,BRA,1982,80.16835
Brazil,BRA,1983,79.345024
Brazil,BRA,1984,81.51098
Brazil,BRA,1985,80.89006
Brazil,BRA,1986,97.74275
Brazil,BRA,1987,89.10676
Brazil,BRA,1988,83.783455
Brazil,BRA,1989,93.17491
Brazil,BRA,1990,92.71273
Brazil,BRA,1991,97.21458
Brazil,BRA,1992,95.19885
Brazil,BRA,1993,93.67913
Brazil,BRA,1994,97.21243
Brazil,BRA,1995,114.61038
Brazil,BRA,1996,116.70449
Brazil,BRA,1997,112.59763
Brazil,BRA,1998,112.59753
Brazil,BRA,1999,113.901344
Brazil,BRA,2000,112.734436
Brazil,BRA,2001,109.64313
Brazil,BRA,2002,116.80985
Brazil,BRA,2003,114.12977
Brazil,BRA,2004,117.37144
Brazil,BRA,2005,122.00293
Brazil,BRA,2006,124.65119
Brazil,BRA,2007,121.7558
Brazil,BRA,2008,130.0284
Brazil,BRA,2009,137.66393
Brazil,BRA,2010,141.12
Brazil,BRA,2011,148.23
Brazil,BRA,2012,148.22
Brazil,BRA,2013,154.22
Brazil,BRA,2014,154.19
Brazil,BRA,2015,151.15
Brazil,BRA,2016,152.07
Brazil,BRA,2017,145.99002
Brazil,BRA,2018,146.49
Brazil,BRA,2019,154.89
Brazil,BRA,2020,156.19
Brazil,BRA,2021,152.32
Brazil,BRA,2022,153.92
Brazil,BRA,2023,163.15
Brunei,BRN,1961,17.036604
Brunei,BRN,1962,18.597847
Brunei,BRN,1963,28.226665
Brunei,BRN,1964,29.41776
Brunei,BRN,1965,19.353846
Brunei,BRN,1966,20.063076
Brunei,BRN,1967,20.268597
Brunei,BRN,1968,22.050745
Brunei,BRN,1969,21.89356
Brunei,BRN,1970,22.035854
Brunei,BRN,1971,23.614706
Brunei,BRN,1972,26.912664
Brunei,BRN,1973,25.787857
Brunei,BRN,1974,25.05656
Brunei,BRN,1975,25.349598
Brunei,BRN,1976,28.200598
Brunei,BRN,1977,31.14356
Brunei,BRN,1978,70.11584
Brunei,BRN,1979,74.34191
Brunei,BRN,1980,82.58348
Brunei,BRN,1981,70.19261
Brunei,BRN,1982,78.285576
Brunei,BRN,1983,73.907814
Brunei,BRN,1984,73.49416
Brunei,BRN,1985,81.875046
Brunei,BRN,1986,64.86531
Brunei,BRN,1987,70.52472
Brunei,BRN,1988,87.445625
Brunei,BRN,1989,62.500755
Brunei,BRN,1990,74.86317
Brunei,BRN,1991,76.63524
Brunei,BRN,1992,69.46963
Brunei,BRN,1993,61.807076
Brunei,BRN,1994,70.57361
Brunei,BRN,1995,75.97688
Brunei,BRN,1996,80.30009
Brunei,BRN,1997,73.795265
Brunei,BRN,1998,71.24428
Brunei,BRN,1999,76.21035
Brunei,BRN,2000,84.51823
Brunei,BRN,2001,104.76515
Brunei,BRN,2002,78.81209
Brunei,BRN,2003,81.25712
Brunei,BRN,2004,97.04175
Brunei,BRN,2005,99.16407
Brunei,BRN,2006,93.38237
Brunei,BRN,2007,100.22125
Brunei,BRN,2008,103.22361
Brunei,BRN,2009,91.69264
Bulgaria,BGR,1961,111.46353
Bulgaria,BGR,1962,104.433525
Bulgaria,BGR,1963,108.860146
Bulgaria,BGR,1964,106.42211
Bulgaria,BGR,1965,116.87527
Bulgaria,BGR,1966,126.546295
Bulgaria,BGR,1967,129.4578
Bulgaria,BGR,1968,123.05532
Bulgaria,BGR,1969,117.93001
Bulgaria,BGR,1970,125.75185
Bulgaria,BGR,1971,129.74295
Bulgaria,BGR,1972,138.70569
Bulgaria,BGR,1973,142.62682
Bulgaria,BGR,1974,149.83055
Bulgaria,BGR,1975,155.47868
Bulgaria,BGR,1976,160.29868
Bulgaria,BGR,1977,165.71306
Bulgaria,BGR,1978,169.41339
Bulgaria,BGR,1979,179.19418
Bulgaria,BGR,1980,179.3505
Bulgaria,BGR,1981,182.7357
Bulgaria,BGR,1982,190.68114
Bulgaria,BGR,1983,196.42464
Bulgaria,BGR,1984,197.43274
Bulgaria,BGR,1985,201.97581
Bulgaria,BGR,1986,205.9112
Bulgaria,BGR,1987,206.33702
Bulgaria,BGR,1988,201.26439
Bulgaria,BGR,1989,198.9516
Bulgaria,BGR,1990,147.41718
Bulgaria,BGR,1991,149.31006
Bulgaria,BGR,1992,161.34953
Bulgaria,BGR,1993,167.02925
Bulgaria,BGR,1994,156.15805
Bulgaria,BGR,1995,157.798
Bulgaria,BGR,1996,152.31808
Bulgaria,BGR,1997,155.80507
Bulgaria,BGR,1998,172.33755
Bulgaria,BGR,1999,168.19946
Bulgaria,BGR,2000,169.66019
Bulgaria,BGR,2001,142.39745
Bulgaria,BGR,2002,153.45699
Bulgaria,BGR,2003,160.28328
Bulgaria,BGR,2004,169.0433
Bulgaria,BGR,2005,158.9907
Bulgaria,BGR,2006,161.53357
Bulgaria,BGR,2007,151.46144
Bulgaria,BGR,2008,144.28262
Bulgaria,BGR,2009,130.87152
Bulgaria,BGR,2010,137.5901
Bulgaria,BGR,2011,140.07994
Bulgaria,BGR,2012,138.8698
Bulgaria,BGR,2013,148.03989
Bulgaria,BGR,2014,169.35
Bulgaria,BGR,2015,162.16011
Bulgaria,BGR,2016,169.40987
Bulgaria,BGR,2017,177.01996
Bulgaria,BGR,2018,179.48012
Bulgaria,BGR,2019,167.1501
Bulgaria,BGR,2020,171.37985
Bulgaria,BGR,2021,175.3802
Bulgaria,BGR,2022,171.68994
Bulgaria,BGR,2023,179.89986
Burkina Faso,BFA,1961,13.054755
Burkina Faso,BFA,1962,13.035989
Burkina Faso,BFA,1963,13.029091
Burkina Faso,BFA,1964,13.876089
Burkina Faso,BFA,1965,15.566676
Burkina Faso,BFA,1966,15.593584
Burkina Faso,BFA,1967,15.558487
Burkina Faso,BFA,1968,15.443642
Burkina Faso,BFA,1969,15.832448
Burkina Faso,BFA,1970,15.941641
Burkina Faso,BFA,1971,15.239939
Burkina Faso,BFA,1972,13.561353
Burkina Faso,BFA,1973,12.397787
Burkina Faso,BFA,1974,14.115276
Burkina Faso,BFA,1975,13.3461
Burkina Faso,BFA,1976,16.742287
Burkina Faso,BFA,1977,18.852385
Burkina Faso,BFA,1978,25.654366
Burkina Faso,BFA,1979,28.122631
Burkina Faso,BFA,1980,28.321554
Burkina Faso,BFA,1981,26.784603
Burkina Faso,BFA,1982,20.82005
Burkina Faso,BFA,1983,21.02807
Burkina Faso,BFA,1984,20.832615
Burkina Faso,BFA,1985,20.653248
Burkina Faso,BFA,1986,23.574657
Burkina Faso,BFA,1987,22.147205
Burkina Faso,BFA,1988,19.525518
Burkina Faso,BFA,1989,14.003174
Burkina Faso,BFA,1990,19.672226
Burkina Faso,BFA,1991,22.242971
Burkina Faso,BFA,1992,18.894693
Burkina Faso,BFA,1993,20.242464
Burkina Faso,BFA,1994,19.035103
Burkina Faso,BFA,1995,21.604658
Burkina Faso,BFA,1996,18.95302
Burkina Faso,BFA,1997,19.331993
Burkina Faso,BFA,1998,19.60267
Burkina Faso,BFA,1999,20.887665
Burkina Faso,BFA,2000,19.99307
Burkina Faso,BFA,2001,17.790266
Burkina Faso,BFA,2002,17.434252
Burkina Faso,BFA,2003,19.604109
Burkina Faso,BFA,2004,19.60815
Burkina Faso,BFA,2005,20.096209
Burkina Faso,BFA,2006,21.79023
Burkina Faso,BFA,2007,19.69569
Burkina Faso,BFA,2008,20.147995
Burkina Faso,BFA,2009,20.91768
Burkina Faso,BFA,2010,18.129995
Burkina Faso,BFA,2011,18.720003
Burkina Faso,BFA,2012,18.840006
Burkina Faso,BFA,2013,19.21
Burkina Faso,BFA,2014,22.799994
Burkina Faso,BFA,2015,22.210001
Burkina Faso,BFA,2016,22.460005
Burkina Faso,BFA,2017,22.709995
Burkina Faso,BFA,2018,20.96
Burkina Faso,BFA,2019,22.599993
Burkina Faso,BFA,2020,22.419998
Burkina Faso,BFA,2021,20.349993
Burkina Faso,BFA,2022,21.480001
Burkina Faso,BFA,2023,20.930002
Burundi,BDI,2010,5.59679
Burundi,BDI,2011,6.5775747
Burundi,BDI,2012,4.9410067
Burundi,BDI,2013,5.3862257
Burundi,BDI,2014,6.938437
Burundi,BDI,2015,6.971747
Burundi,BDI,2016,8.119685
Burundi,BDI,2017,7.4262247
Burundi,BDI,2018,7.433309
Burundi,BDI,2019,5.3389277
Burundi,BDI,2020,5.7628703
Burundi,BDI,2021,5.6727595
Burundi,BDI,2022,5.360538
Cambodia,KHM,1961,3.7509508
Cambodia,KHM,1962,4.1974607
Cambodia,KHM,1963,4.276373
Cambodia,KHM,1964,3.8411965
Cambodia,KHM,1965,3.832822
Cambodia,KHM,1966,4.2594533
Cambodia,KHM,1967,4.9883513
Cambodia,KHM,1968,4.80084
Cambodia,KHM,1969,5.7153683
Cambodia,KHM,1970,4.3046746
Cambodia,KHM,1971,7.4387436
Cambodia,KHM,1972,5.2967434
Cambodia,KHM,1973,6.117647
Cambodia,KHM,1974,4.752208
Cambodia,KHM,1975,3.134282
Cambodia,KHM,1976,3.2824852
Cambodia,KHM,1977,3.1306782
Cambodia,KHM,1978,2.7943373
Cambodia,KHM,1979,13.302169
Cambodia,KHM,1980,8.708911
Cambodia,KHM,1981,5.7325764
Cambodia,KHM,1982,2.7330444
Cambodia,KHM,1983,2.8007352
Cambodia,KHM,1984,2.6685393
Cambodia,KHM,1985,2.5606863
Cambodia,KHM,1986,2.491131
Cambodia,KHM,1987,2.9134026
Cambodia,KHM,1988,2.3738801
Cambodia,KHM,1989,2.5785809
Cambodia,KHM,1990,2.3702497
Cambodia,KHM,1991,2.196008
Cambodia,KHM,1992,3.3193219
Cambodia,KHM,1993,4.0465264
Cambodia,KHM,1994,5.249341
Cambodia,KHM,1995,5.3853064
Cambodia,KHM,1996,4.1381006
Cambodia,KHM,1997,2.974329
Cambodia,KHM,1998,2.81025
Cambodia,KHM,1999,2.866718
Cambodia,KHM,2000,2.8639207
Cambodia,KHM,2001,3.9512413
Cambodia,KHM,2002,2.8768942
Cambodia,KHM,2003,2.8640969
Cambodia,KHM,2004,2.2039533
Cambodia,KHM,2005,4.7106543
Cambodia,KHM,2006,7.056256
Cambodia,KHM,2007,5.6311784
Cambodia,KHM,2008,4.2358246
Cambodia,KHM,2009,4.547299
Cambodia,KHM,2010,2.87
Cambodia,KHM,2011,3.3599982
Cambodia,KHM,2012,3.72
Cambodia,KHM,2013,4.13
Cambodia,KHM,2014,4.5199995
Cambodia,KHM,2015,4.229999
Cambodia,KHM,2016,7.449999
Cambodia,KHM,2017,9.229998
Cambodia,KHM,2018,10.459998
Cambodia,KHM,2019,5.259999
Cambodia,KHM,2020,7.0199943
Cambodia,KHM,2021,8.910001
Cambodia,KHM,2022,9.6
Cambodia,KHM,2023,9.679998
Cameroon,CMR,1961,7.116387
Cameroon,CMR,1962,6.978582
Cameroon,CMR,1963,7.0536165
Cameroon,CMR,1964,6.418129
Cameroon,CMR,1965,6.9592657
Cameroon,CMR,1966,7.3522005
Cameroon,CMR,1967,8.6166115
Cameroon,CMR,1968,10.11912
Cameroon,CMR,1969,9.66345
Cameroon,CMR,1970,14.014841
Cameroon,CMR,1971,14.0985365
Cameroon,CMR,1972,11.633448
Cameroon,CMR,1973,12.023655
Cameroon,CMR,1974,13.147374
Cameroon,CMR,1975,12.14815
Cameroon,CMR,1976,12.540363
Cameroon,CMR,1977,13.495244
Cameroon,CMR,1978,13.85067
Cameroon,CMR,1979,16.064442
Cameroon,CMR,1980,18.090197
Cameroon,CMR,1981,17.668589
Cameroon,CMR,1982,15.719976
Cameroon,CMR,1983,14.971308
Cameroon,CMR,1984,15.698928
Cameroon,CMR,1985,16.557741
Cameroon,CMR,1986,20.922615
Cameroon,CMR,1987,20.519945
Cameroon,CMR,1988,18.856052
Cameroon,CMR,1989,21.681684
Cameroon,CMR,1990,19.044731
Cameroon,CMR,1991,16.428177
Cameroon,CMR,1992,15.891847
Cameroon,CMR,1993,16.129269
Cameroon,CMR,1994,15.429093
Cameroon,CMR,1995,15.745034
Cameroon,CMR,1996,15.389849
Cameroon,CMR,1997,15.696472
Cameroon,CMR,1998,14.921237
Cameroon,CMR,1999,15.743482
Cameroon,CMR,2000,15.273656
Cameroon,CMR,2001,15.528213
Cameroon,CMR,2002,15.004573
Cameroon,CMR,2003,16.220825
Cameroon,CMR,2004,15.897458
Cameroon,CMR,2005,15.519906
Cameroon,CMR,2006,16.734509
Cameroon,CMR,2007,15.246745
Cameroon,CMR,2008,15.149317
Cameroon,CMR,2009,15.3667345
Cameroon,CMR,2010,15.510006
Cameroon,CMR,2011,15.499991
Cameroon,CMR,2012,15.299999
Cameroon,CMR,2013,15.410001
Cameroon,CMR,2014,15.389998
Cameroon,CMR,2015,14.669995
Cameroon,CMR,2016,14.069997
Cameroon,CMR,2017,13.539994
Cameroon,CMR,2018,13.360002
Cameroon,CMR,2019,13.160002
Cameroon,CMR,2020,14.259997
Cameroon,CMR,2021,15.029997
Cameroon,CMR,2022,12.53
Cameroon,CMR,2023,12.19
Canada,CAN,1961,251.58897
Canada,CAN,1962,242.2465
Canada,CAN,1963,243.87
Canada,CAN,1964,240.16965
Canada,CAN,1965,234.37146
Canada,CAN,1966,244.47444
Canada,CAN,1967,239.0894
Canada,CAN,1968,241.61798
Canada,CAN,1969,254.82054
Canada,CAN,1970,236.04369
Canada,CAN,1971,223.99217
Canada,CAN,1972,222.20769
Canada,CAN,1973,235.74402
Canada,CAN,1974,243.07584
Canada,CAN,1975,215.53908
Canada,CAN,1976,223.87148
Canada,CAN,1977,236.23705
Canada,CAN,1978,203.33543
Canada,CAN,1979,212.77885
Canada,CAN,1980,206.39818
Canada,CAN,1981,208.11946
Canada,CAN,1982,227.11537
Canada,CAN,1983,208.71556
Canada,CAN,1984,215.70584
Canada,CAN,1985,209.79433
Canada,CAN,1986,206.9709
Canada,CAN,1987,220.60747
Canada,CAN,1988,219.11652
Canada,CAN,1989,238.44307
Canada,CAN,1990,215.68503
Canada,CAN,1991,211.7201
Canada,CAN,1992,208.92667
Canada,CAN,1993,204.13919
Canada,CAN,1994,204.9047
Canada,CAN,1995,203.5893
Canada,CAN,1996,201.24739
Canada,CAN,1997,198.94052
Canada,CAN,1998,204.84572
Canada,CAN,1999,204.16852
Canada,CAN,2000,211.98477
Canada,CAN,2001,204.47487
Canada,CAN,2002,205.02126
Canada,CAN,2003,194.79256
Canada,CAN,2004,201.35031
Canada,CAN,2005,199.97948
Canada,CAN,2006,206.81032
Canada,CAN,2007,207.09343
Canada,CAN,2008,205.29344
Canada,CAN,2009,196.7623
Canada,CAN,2010,166.93
Canada,CAN,2011,154.44
Canada,CAN,2012,165.15002
Canada,CAN,2013,192.18004
Canada,CAN,2014,145.16998
Canada,CAN,2015,145.48999
Canada,CAN,2016,160.54999
Canada,CAN,2017,162.36002
Canada,CAN,2018,168.92001
Canada,CAN,2019,164.42998
Canada,CAN,2020,171.12999
Canada,CAN,2021,178.18
Canada,CAN,2022,179.44002
Canada,CAN,2023,185.90001
Cape Verde,CPV,1961,12.812478
Cape Verde,CPV,1962,12.5602665
Cape Verde,CPV,1963,13.347502
Cape Verde,CPV,1964,13.018265
Cape Verde,CPV,1965,12.966332
Cape Verde,CPV,1966,11.655527
Cape Verde,CPV,1967,12.563531
Cape Verde,CPV,1968,12.317154
Cape Verde,CPV,1969,15.767867
Cape Verde,CPV,1970,16.219454
Cape Verde,CPV,1971,31.099262
Cape Verde,CPV,1972,25.527695
Cape Verde,CPV,1973,15.367369
Cape Verde,CPV,1974,17.279116
Cape Verde,CPV,1975,44.670086
Cape Verde,CPV,1976,41.94412
Cape Verde,CPV,1977,63.715668
Cape Verde,CPV,1978,132.37508
Cape Verde,CPV,1979,34.729267
Cape Verde,CPV,1980,39.51192
Cape Verde,CPV,1981,71.229645
Cape Verde,CPV,1982,64.67786
Cape Verde,CPV,1983,71.3215
Cape Verde,CPV,1984,79.15512
Cape Verde,CPV,1985,46.033367
Cape Verde,CPV,1986,58.20283
Cape Verde,CPV,1987,59.952225
Cape Verde,CPV,1988,63.503403
Cape Verde,CPV,1989,47.334892
Cape Verde,CPV,1990,59.760975
Cape Verde,CPV,1991,59.57832
Cape Verde,CPV,1992,89.308235
Cape Verde,CPV,1993,68.36533
Cape Verde,CPV,1994,69.84692
Cape Verde,CPV,1995,85.064575
Cape Verde,CPV,1996,81.86881
Cape Verde,CPV,1997,69.972015
Cape Verde,CPV,1998,75.07978
Cape Verde,CPV,1999,78.270615
Cape Verde,CPV,2000,78.83821
Cape Verde,CPV,2001,84.51719
Cape Verde,CPV,2002,87.92678
Cape Verde,CPV,2003,80.637665
Cape Verde,CPV,2004,97.84011
Cape Verde,CPV,2005,93.09895
Cape Verde,CPV,2006,100.578735
Cape Verde,CPV,2007,101.28771
Cape Verde,CPV,2008,101.679726
Cape Verde,CPV,2009,105.544464
Cape Verde,CPV,2010,110.157196
Cape Verde,CPV,2011,106.679375
Cape Verde,CPV,2012,111.476524
Cape Verde,CPV,2013,100.4598
Cape Verde,CPV,2014,109.19915
Cape Verde,CPV,2015,116.3866
Cape Verde,CPV,2016,112.57868
Cape Verde,CPV,2017,130.9277
Cape Verde,CPV,2018,120.68812
Cape Verde,CPV,2019,115.4764
Cape Verde,CPV,2020,94.01945
Cape Verde,CPV,2021,105.07899
Cape Verde,CPV,2022,109.1279
Cape Verde,CPV,2023,100.18905
Caribbean (FAO),,1961,48.14
Caribbean (FAO),,1962,52.6
Caribbean (FAO),,1963,57.07
Caribbean (FAO),,1964,62.62
Caribbean (FAO),,1965,64.88
Caribbean (FAO),,1966,64.48
Caribbean (FAO),,1967,73.98
Caribbean (FAO),,1968,87.65
Caribbean (FAO),,1969,85.01
Caribbean (FAO),,1970,101.88
Caribbean (FAO),,1971,98.64
Caribbean (FAO),,1972,92.47
Caribbean (FAO),,1973,93.98
Caribbean (FAO),,1974,95.4
Caribbean (FAO),,1975,89.34
Caribbean (FAO),,1976,95.85
Caribbean (FAO),,1977,91.77
Caribbean (FAO),,1978,89.41
Caribbean (FAO),,1979,96.59
Caribbean (FAO),,1980,98.53
Caribbean (FAO),,1981,103.34
Caribbean (FAO),,1982,101.9
Caribbean (FAO),,1983,99.5
Caribbean (FAO),,1984,98.87
Caribbean (FAO),,1985,99.34
Caribbean (FAO),,1986,96.17
Caribbean (FAO),,1987,98.19
Caribbean (FAO),,1988,89.71
Caribbean (FAO),,1989,91.41
Caribbean (FAO),,1990,85.95
Caribbean (FAO),,1991,86.54
Caribbean (FAO),,1992,73.18
Caribbean (FAO),,1993,72.82
Caribbean (FAO),,1994,72.94
Caribbean (FAO),,1995,72.56
Caribbean (FAO),,1996,69.57
Caribbean (FAO),,1997,69.75
Caribbean (FAO),,1998,72.78
Caribbean (FAO),,1999,66.47
Caribbean (FAO),,2000,67.03
Caribbean (FAO),,2001,64.71
Caribbean (FAO),,2002,65.41
Caribbean (FAO),,2003,60.15
Caribbean (FAO),,2004,59.07
Caribbean (FAO),,2005,60.65
Caribbean (FAO),,2006,61.55
Caribbean (FAO),,2007,61.35
Caribbean (FAO),,2008,68.37
Caribbean (FAO),,2009,67.81
Caribbean (FAO),,2010,64.09
Caribbean (FAO),,2011,62.64
Caribbean (FAO),,2012,63.8
Caribbean (FAO),,2013,65.38
Caribbean (FAO),,2014,74.66
Caribbean (FAO),,2015,75.62
Caribbean (FAO),,2016,78.68
Caribbean (FAO),,2017,83.11
Caribbean (FAO),,2018,79.99
Caribbean (FAO),,2019,81.66
Caribbean (FAO),,2020,75.48
Caribbean (FAO),,2021,67.67
Caribbean (FAO),,2022,68.11
Caribbean (FAO),,2023,61.77
Central African Republic,CAF,1961,2.9176984
Central African Republic,CAF,1962,2.985215
Central African Republic,CAF,1963,3.3953035
Central African Republic,CAF,1964,3.3314252
Central African Republic,CAF,1965,3.1876087
Central African Republic,CAF,1966,3.4746494
Central African Republic,CAF,1967,4.9629116
Central African Republic,CAF,1968,4.463858
Central African Republic,CAF,1969,4.428645
Central African Republic,CAF,1970,4.717439
Central African Republic,CAF,1971,5.4170175
Central African Republic,CAF,1972,4.8835707
Central African Republic,CAF,1973,5.221008
Central African Republic,CAF,1974,5.006731
Central African Republic,CAF,1975,5.212641
Central African Republic,CAF,1976,6.7341237
Central African Republic,CAF,1977,6.1147647
Central African Republic,CAF,1978,6.4915056
Central African Republic,CAF,1979,9.591138
Central African Republic,CAF,1980,11.395347
Central African Republic,CAF,1981,11.915205
Central African Republic,CAF,1982,11.856081
Central African Republic,CAF,1983,15.026916
Central African Republic,CAF,1984,14.060632
Central African Republic,CAF,1985,17.376143
Central African Republic,CAF,1986,15.8945465
Central African Republic,CAF,1987,17.200863
Central African Republic,CAF,1988,16.889668
Central African Republic,CAF,1989,17.282198
Central African Republic,CAF,1990,17.770638
Central African Republic,CAF,1991,17.518793
Central African Republic,CAF,1992,15.589954
Central African Republic,CAF,1993,16.734133
Central African Republic,CAF,1994,15.4943075
Central African Republic,CAF,1995,15.655624
Central African Republic,CAF,1996,16.213892
Central African Republic,CAF,1997,16.486395
Central African Republic,CAF,1998,16.281052
Central African Republic,CAF,1999,16.799652
Central African Republic,CAF,2000,16.503489
Central African Republic,CAF,2001,15.95192
Central African Republic,CAF,2002,16.220537
Central African Republic,CAF,2003,16.092546
Central African Republic,CAF,2004,16.308477
Central African Republic,CAF,2005,15.986916
Central African Republic,CAF,2006,15.040852
Central African Republic,CAF,2007,16.049667
Central African Republic,CAF,2008,15.70641
Central African Republic,CAF,2009,15.9466915
Central African Republic,CAF,2010,13.82566
Central African Republic,CAF,2011,14.045685
Central African Republic,CAF,2012,14.203421
Central African Republic,CAF,2013,14.120464
Central African Republic,CAF,2014,13.763484
Central African Republic,CAF,2015,14.137383
Central African Republic,CAF,2016,14.149686
Central African Republic,CAF,2017,14.5101595
Central African Republic,CAF,2018,15.006567
Central African Republic,CAF,2019,14.759733
Central African Republic,CAF,2020,15.263861
Central African Republic,CAF,2021,14.720771
Central African Republic,CAF,2022,14.839659
Central America (FAO),,1961,58.25
Central America (FAO),,1962,57.95
Central America (FAO),,1963,58.13
Central America (FAO),,1964,56.24
Central America (FAO),,1965,53.19
Central America (FAO),,1966,67.14
Central America (FAO),,1967,70.14
Central America (FAO),,1968,69.69
Central America (FAO),,1969,71.62
Central America (FAO),,1970,73.64
Central America (FAO),,1971,75.27
Central America (FAO),,1972,86.26
Central America (FAO),,1973,87.2
Central America (FAO),,1974,95.24
Central America (FAO),,1975,87.73
Central America (FAO),,1976,91.99
Central America (FAO),,1977,93.97
Central America (FAO),,1978,95.97
Central America (FAO),,1979,96.53
Central America (FAO),,1980,114.74
Central America (FAO),,1981,101.17
Central America (FAO),,1982,94.96
Central America (FAO),,1983,91.21
Central America (FAO),,1984,89.18
Central America (FAO),,1985,99.27
Central America (FAO),,1986,91.19
Central America (FAO),,1987,87.35
Central America (FAO),,1988,83.31
Central America (FAO),,1989,83.28
Central America (FAO),,1990,88.7
Central America (FAO),,1991,78.24
Central America (FAO),,1992,90.8
Central America (FAO),,1993,97.02
Central America (FAO),,1994,90.55
Central America (FAO),,1995,85.6
Central America (FAO),,1996,86.38
Central America (FAO),,1997,88.89
Central America (FAO),,1998,91.5
Central America (FAO),,1999,97.53
Central America (FAO),,2000,99.96
Central America (FAO),,2001,103.57
Central America (FAO),,2002,103.3
Central America (FAO),,2003,103.56
Central America (FAO),,2004,103.07
Central America (FAO),,2005,104.46
Central America (FAO),,2006,101.98
Central America (FAO),,2007,104.55
Central America (FAO),,2008,104.43
Central America (FAO),,2009,103.72
Central America (FAO),,2010,99.29
Central America (FAO),,2011,98.32
Central America (FAO),,2012,100.09
Central America (FAO),,2013,100.52
Central America (FAO),,2014,102.38
Central America (FAO),,2015,105.1
Central America (FAO),,2016,106.62
Central America (FAO),,2017,107.2
Central America (FAO),,2018,107.76
Central America (FAO),,2019,109.73
Central America (FAO),,2020,110.14
Central America (FAO),,2021,114.87
Central America (FAO),,2022,121
Central America (FAO),,2023,119
Central Asia (FAO),,1992,141.07
Central Asia (FAO),,1993,139.55
Central Asia (FAO),,1994,146
Central Asia (FAO),,1995,141
Central Asia (FAO),,1996,138.32
Central Asia (FAO),,1997,140.07
Central Asia (FAO),,1998,146.12
Central Asia (FAO),,1999,148.05
Central Asia (FAO),,2000,153.09
Central Asia (FAO),,2001,151.87
Central Asia (FAO),,2002,158.74
Central Asia (FAO),,2003,161.46
Central Asia (FAO),,2004,159.44
Central Asia (FAO),,2005,167.61
Central Asia (FAO),,2006,167.17
Central Asia (FAO),,2007,165.5
Central Asia (FAO),,2008,165.44
Central Asia (FAO),,2009,166.88
Central Asia (FAO),,2010,165.13
Central Asia (FAO),,2011,175.18
Central Asia (FAO),,2012,182
Central Asia (FAO),,2013,186.78
Central Asia (FAO),,2014,196.77
Central Asia (FAO),,2015,199.06
Central Asia (FAO),,2016,205.21
Central Asia (FAO),,2017,206.08
Central Asia (FAO),,2018,208.98
Central Asia (FAO),,2019,209.5
Central Asia (FAO),,2020,214.67
Central Asia (FAO),,2021,215.26
Central Asia (FAO),,2022,223.52
Central Asia (FAO),,2023,228.22
Chad,TCD,1961,41.882786
Chad,TCD,1962,41.65486
Chad,TCD,1963,41.983036
Chad,TCD,1964,41.175926
Chad,TCD,1965,40.693012
Chad,TCD,1966,40.967606
Chad,TCD,1967,40.93609
Chad,TCD,1968,40.594532
Chad,TCD,1969,39.37528
Chad,TCD,1970,38.90585
Chad,TCD,1971,38.45128
Chad,TCD,1972,39.23569
Chad,TCD,1973,41.562218
Chad,TCD,1974,29.126806
Chad,TCD,1975,30.280626
Chad,TCD,1976,29.633972
Chad,TCD,1977,31.463087
Chad,TCD,1978,31.19771
Chad,TCD,1979,32.960873
Chad,TCD,1980,32.06252
Chad,TCD,1981,32.902454
Chad,TCD,1982,34.923485
Chad,TCD,1983,40.7323
Chad,TCD,1984,26.684498
Chad,TCD,1985,40.29618
Chad,TCD,1986,24.941591
Chad,TCD,1987,25.512262
Chad,TCD,1988,26.235079
Chad,TCD,1989,25.795744
Chad,TCD,1990,25.338717
Chad,TCD,1991,25.460184
Chad,TCD,1992,25.161558
Chad,TCD,1993,24.740429
Chad,TCD,1994,23.126017
Chad,TCD,1995,24.703999
Chad,TCD,1996,23.48818
Chad,TCD,1997,24.684114
Chad,TCD,1998,24.498579
Chad,TCD,1999,24.623985
Chad,TCD,2000,24.31176
Chad,TCD,2001,23.95124
Chad,TCD,2002,23.57896
Chad,TCD,2003,24.249466
Chad,TCD,2004,22.642519
Chad,TCD,2005,22.135702
Chad,TCD,2006,22.27837
Chad,TCD,2007,21.84799
Chad,TCD,2008,21.6558
Chad,TCD,2009,21.396357
Chad,TCD,2010,18.104025
Chad,TCD,2011,17.044914
Chad,TCD,2012,16.528952
Chad,TCD,2013,15.841495
Chad,TCD,2014,22.309381
Chad,TCD,2015,22.12611
Chad,TCD,2016,21.993162
Chad,TCD,2017,19.824488
Chad,TCD,2018,19.876455
Chad,TCD,2019,20.809523
Chad,TCD,2020,22.728039
Chad,TCD,2021,23.107687
Chad,TCD,2022,23.115292
Chile,CHL,1961,70.18685
Chile,CHL,1962,80.479355
Chile,CHL,1963,79.53954
Chile,CHL,1964,77.34489
Chile,CHL,1965,84.1305
Chile,CHL,1966,86.4493
Chile,CHL,1967,74.86715
Chile,CHL,1968,76.223564
Chile,CHL,1969,80.624825
Chile,CHL,1970,86.98145
Chile,CHL,1971,75.53775
Chile,CHL,1972,85.103035
Chile,CHL,1973,82.35017
Chile,CHL,1974,86.264824
Chile,CHL,1975,74.82756
Chile,CHL,1976,77.39091
Chile,CHL,1977,78.52372
Chile,CHL,1978,80.20709
Chile,CHL,1979,86.28473
Chile,CHL,1980,90.14048
Chile,CHL,1981,90.252396
Chile,CHL,1982,86.37125
Chile,CHL,1983,78.64817
Chile,CHL,1984,77.0856
Chile,CHL,1985,79.40342
Chile,CHL,1986,78.122406
Chile,CHL,1987,81.8832
Chile,CHL,1988,79.646454
Chile,CHL,1989,85.439735
Chile,CHL,1990,91.17999
Chile,CHL,1991,94.17489
Chile,CHL,1992,103.46197
Chile,CHL,1993,110.66611
Chile,CHL,1994,110.85174
Chile,CHL,1995,119.29808
Chile,CHL,1996,123.23442
Chile,CHL,1997,117.064285
Chile,CHL,1998,117.863655
Chile,CHL,1999,110.7632
Chile,CHL,2000,112.24946
Chile,CHL,2001,109.037285
Chile,CHL,2002,107.11321
Chile,CHL,2003,110.68103
Chile,CHL,2004,100.35006
Chile,CHL,2005,101.45306
Chile,CHL,2006,103.0838
Chile,CHL,2007,93.05565
Chile,CHL,2008,103.61084
Chile,CHL,2009,94.36154
Chile,CHL,2010,83.94999
Chile,CHL,2011,85.88005
Chile,CHL,2012,107.02002
Chile,CHL,2013,90.70002
Chile,CHL,2014,85.94998
Chile,CHL,2015,91.14001
Chile,CHL,2016,89.599976
Chile,CHL,2017,90.90001
Chile,CHL,2018,93.98003
Chile,CHL,2019,92.409966
Chile,CHL,2020,100.979996
Chile,CHL,2021,105.73004
Chile,CHL,2022,96.20003
Chile,CHL,2023,105.07999
China,CHN,1961,2.3684032
China,CHN,1962,2.3826687
China,CHN,1963,2.344488
China,CHN,1964,2.2914994
China,CHN,1965,2.262265
China,CHN,1966,2.2105246
China,CHN,1967,2.1563396
China,CHN,1968,1.9638398
China,CHN,1969,1.9467587
China,CHN,1970,1.9387387
China,CHN,1971,1.950505
China,CHN,1972,1.9541183
China,CHN,1973,1.9773351
China,CHN,1974,2.000394
China,CHN,1975,2.0243566
China,CHN,1976,2.0579734
China,CHN,1977,2.100618
China,CHN,1978,2.3826199
China,CHN,1979,2.2325766
China,CHN,1980,2.3320203
China,CHN,1981,2.5208938
China,CHN,1982,2.9469318
China,CHN,1983,3.076178
China,CHN,1984,3.3314142
China,CHN,1985,3.7287443
China,CHN,1986,4.1584253
China,CHN,1987,4.478353
China,CHN,1988,4.791245
China,CHN,1989,4.729462
China,CHN,1990,5.071551
China,CHN,1991,5.4260464
China,CHN,1992,5.5765195
China,CHN,1993,5.4915032
China,CHN,1994,6.0636845
China,CHN,1995,6.4912534
China,CHN,1996,6.944336
China,CHN,1997,6.795865
China,CHN,1998,7.0602207
China,CHN,1999,7.7273293
China,CHN,2000,8.582713
China,CHN,2001,10.061601
China,CHN,2002,12.390882
China,CHN,2003,15.79051
China,CHN,2004,20.167953
China,CHN,2005,22.881468
China,CHN,2006,26.038885
China,CHN,2007,27.827902
China,CHN,2008,28.287752
China,CHN,2009,29.379711
China,CHN,2010,29.77
China,CHN,2011,30.24
China,CHN,2012,30.69
China,CHN,2013,29.87
China,CHN,2014,32.5
China,CHN,2015,26.74
China,CHN,2016,26.38
China,CHN,2017,26.79
China,CHN,2018,27.38
China,CHN,2019,29.45
China,CHN,2020,30.79
China,CHN,2021,34.34
China,CHN,2022,34.41
China,CHN,2023,34.77
China (FAO),,1961,2.46
China (FAO),,1962,2.48
China (FAO),,1963,2.49
China (FAO),,1964,2.45
China (FAO),,1965,2.42
China (FAO),,1966,2.39
China (FAO),,1967,2.35
China (FAO),,1968,2.18
China (FAO),,1969,2.18
China (FAO),,1970,2.22
China (FAO),,1971,2.24
China (FAO),,1972,2.26
China (FAO),,1973,2.36
China (FAO),,1974,2.39
China (FAO),,1975,2.42
China (FAO),,1976,2.57
China (FAO),,1977,2.67
China (FAO),,1978,3.04
China (FAO),,1979,2.94
China (FAO),,1980,2.98
China (FAO),,1981,3.12
China (FAO),,1982,3.57
China (FAO),,1983,3.77
China (FAO),,1984,4.07
China (FAO),,1985,4.46
China (FAO),,1986,4.93
China (FAO),,1987,5.23
China (FAO),,1988,5.61
China (FAO),,1989,5.44
China (FAO),,1990,5.79
China (FAO),,1991,6.23
China (FAO),,1992,6.43
China (FAO),,1993,6.39
China (FAO),,1994,7
China (FAO),,1995,7.45
China (FAO),,1996,7.86
China (FAO),,1997,7.79
China (FAO),,1998,8
China (FAO),,1999,8.64
China (FAO),,2000,9.45
China (FAO),,2001,10.84
China (FAO),,2002,13.08
China (FAO),,2003,16.3
China (FAO),,2004,20.54
China (FAO),,2005,23.15
China (FAO),,2006,26.29
China (FAO),,2007,28.11
China (FAO),,2008,28.35
China (FAO),,2009,29.56
China (FAO),,2010,30.25
China (FAO),,2011,30.79
China (FAO),,2012,31.19
China (FAO),,2013,30.43
China (FAO),,2014,33.08
China (FAO),,2015,27.49
China (FAO),,2016,27.17
China (FAO),,2017,27.61
China (FAO),,2018,28.22
China (FAO),,2019,30.18
China (FAO),,2020,31.48
China (FAO),,2021,34.94
China (FAO),,2022,34.99
China (FAO),,2023,35.31
Colombia,COL,1961,95.57248
Colombia,COL,1962,94.86109
Colombia,COL,1963,95.5069
Colombia,COL,1964,90.30712
Colombia,COL,1965,93.198204
Colombia,COL,1966,86.417465
Colombia,COL,1967,91.02001
Colombia,COL,1968,87.38184
Colombia,COL,1969,88.17304
Colombia,COL,1970,87.38287
Colombia,COL,1971,90.28447
Colombia,COL,1972,88.046776
Colombia,COL,1973,81.316925
Colombia,COL,1974,73.00857
Colombia,COL,1975,71.48027
Colombia,COL,1976,74.07909
Colombia,COL,1977,75.81665
Colombia,COL,1978,60.048237
Colombia,COL,1979,62.60719
Colombia,COL,1980,67.800514
Colombia,COL,1981,74.15211
Colombia,COL,1982,77.90814
Colombia,COL,1983,77.471634
Colombia,COL,1984,79.2922
Colombia,COL,1985,78.674934
Colombia,COL,1986,82.24608
Colombia,COL,1987,83.48607
Colombia,COL,1988,89.670975
Colombia,COL,1989,94.3238
Colombia,COL,1990,99.27397
Colombia,COL,1991,104.30749
Colombia,COL,1992,104.724335
Colombia,COL,1993,108.580574
Colombia,COL,1994,111.055374
Colombia,COL,1995,117.522064
Colombia,COL,1996,121.87082
Colombia,COL,1997,123.82786
Colombia,COL,1998,126.53538
Colombia,COL,1999,120.66628
Colombia,COL,2000,128.26782
Colombia,COL,2001,128.30814
Colombia,COL,2002,130.92123
Colombia,COL,2003,129.87888
Colombia,COL,2004,123.01875
Colombia,COL,2005,118.351425
Colombia,COL,2006,128.2232
Colombia,COL,2007,125.53196
Colombia,COL,2008,138.03204
Colombia,COL,2009,114.550064
Colombia,COL,2010,111.26998
Colombia,COL,2011,111.149994
Colombia,COL,2012,116.07001
Colombia,COL,2013,116.82999
Colombia,COL,2014,117.560005
Colombia,COL,2015,116.82001
Colombia,COL,2016,111.99
Colombia,COL,2017,112.25001
Colombia,COL,2018,113.76002
Colombia,COL,2019,110.93
Colombia,COL,2020,116.43001
Colombia,COL,2021,114.87999
Colombia,COL,2022,120.149994
Colombia,COL,2023,116.49999
Comoros,COM,2010,22.179798
Comoros,COM,2011,25.09985
Comoros,COM,2012,23.889753
Comoros,COM,2013,26.139511
Comoros,COM,2014,22.669619
Comoros,COM,2015,23.999834
Comoros,COM,2016,23.65984
Comoros,COM,2017,22.37994
Comoros,COM,2018,16.719849
Comoros,COM,2019,17.119957
Comoros,COM,2020,24.319635
Comoros,COM,2021,23.899765
Comoros,COM,2022,18.469976
Comoros,COM,2023,17.04
Congo,COG,1961,4.689817
Congo,COG,1962,4.6243734
Congo,COG,1963,5.224667
Congo,COG,1964,4.662166
Congo,COG,1965,3.690994
Congo,COG,1966,4.070278
Congo,COG,1967,4.5276713
Congo,COG,1968,4.437257
Congo,COG,1969,5.5139256
Congo,COG,1970,3.849382
Congo,COG,1971,5.757814
Congo,COG,1972,5.288514
Congo,COG,1973,5.790244
Congo,COG,1974,4.2315006
Congo,COG,1975,5.148058
Congo,COG,1976,5.556512
Congo,COG,1977,5.526742
Congo,COG,1978,5.992284
Congo,COG,1979,6.0003424
Congo,COG,1980,8.150287
Congo,COG,1981,7.5592427
Congo,COG,1982,7.7778344
Congo,COG,1983,14.013367
Congo,COG,1984,13.244192
Congo,COG,1985,15.365474
Congo,COG,1986,11.070072
Congo,COG,1987,11.04296
Congo,COG,1988,12.593256
Congo,COG,1989,10.398857
Congo,COG,1990,2.9630315
Congo,COG,1991,8.91186
Congo,COG,1992,9.152793
Congo,COG,1993,13.301631
Congo,COG,1994,7.746435
Congo,COG,1995,10.27254
Congo,COG,1996,12.828025
Congo,COG,1997,11.161752
Congo,COG,1998,14.232963
Congo,COG,1999,11.341446
Congo,COG,2000,15.662988
Congo,COG,2001,12.608309
Congo,COG,2002,14.877512
Congo,COG,2003,17.40177
Congo,COG,2004,22.78978
Congo,COG,2005,9.0482435
Congo,COG,2006,22.400465
Congo,COG,2007,9.906445
Congo,COG,2008,9.705279
Congo,COG,2009,12.354848
Congo,COG,2010,12.69996
Congo,COG,2011,11.60998
Congo,COG,2012,10.479984
Congo,COG,2013,10.899991
Congo,COG,2014,11.639984
Congo,COG,2015,11.669993
Congo,COG,2016,11.359989
Congo,COG,2017,10.319993
Congo,COG,2018,9.929986
Congo,COG,2019,6.0900044
Congo,COG,2020,8.699997
Congo,COG,2021,7.669991
Congo,COG,2022,7.3799953
Congo,COG,2023,6.7
Costa Rica,CRI,1961,84.208725
Costa Rica,CRI,1962,86.08354
Costa Rica,CRI,1963,88.82368
Costa Rica,CRI,1964,88.754074
Costa Rica,CRI,1965,89.568146
Costa Rica,CRI,1966,89.33995
Costa Rica,CRI,1967,92.61979
Costa Rica,CRI,1968,100.048874
Costa Rica,CRI,1969,100.08159
Costa Rica,CRI,1970,101.44647
Costa Rica,CRI,1971,108.58674
Costa Rica,CRI,1972,114.3685
Costa Rica,CRI,1973,110.13855
Costa Rica,CRI,1974,122.84973
Costa Rica,CRI,1975,119.7048
Costa Rica,CRI,1976,131.07663
Costa Rica,CRI,1977,142.36617
Costa Rica,CRI,1978,149.92139
Costa Rica,CRI,1979,146.7205
Costa Rica,CRI,1980,136.55017
Costa Rica,CRI,1981,132.40685
Costa Rica,CRI,1982,116.675316
Costa Rica,CRI,1983,125.79298
Costa Rica,CRI,1984,129.51837
Costa Rica,CRI,1985,133.15341
Costa Rica,CRI,1986,135.14494
Costa Rica,CRI,1987,134.6074
Costa Rica,CRI,1988,132.92511
Costa Rica,CRI,1989,127.97375
Costa Rica,CRI,1990,143.46014
Costa Rica,CRI,1991,139.44943
Costa Rica,CRI,1992,143.30287
Costa Rica,CRI,1993,153.5499
Costa Rica,CRI,1994,151.31335
Costa Rica,CRI,1995,155.82816
Costa Rica,CRI,1996,139.58466
Costa Rica,CRI,1997,149.46391
Costa Rica,CRI,1998,161.74702
Costa Rica,CRI,1999,171.06493
Costa Rica,CRI,2000,170.15501
Costa Rica,CRI,2001,172.78433
Costa Rica,CRI,2002,175.26299
Costa Rica,CRI,2003,173.02614
Costa Rica,CRI,2004,162.7805
Costa Rica,CRI,2005,167.36649
Costa Rica,CRI,2006,171.91595
Costa Rica,CRI,2007,174.2916
Costa Rica,CRI,2008,183.97205
Costa Rica,CRI,2009,181.69693
Costa Rica,CRI,2010,140.44984
Costa Rica,CRI,2011,133.4399
Costa Rica,CRI,2012,154.65
Costa Rica,CRI,2013,159.83989
Costa Rica,CRI,2014,156.4898
Costa Rica,CRI,2015,156.10983
Costa Rica,CRI,2016,157.1999
Costa Rica,CRI,2017,158.47011
Costa Rica,CRI,2018,160.5402
Costa Rica,CRI,2019,161.79002
Costa Rica,CRI,2020,169.0499
Costa Rica,CRI,2021,171.61996
Costa Rica,CRI,2022,175.72984
Costa Rica,CRI,2023,172.90012
Cote d'Ivoire,CIV,1961,5.851835
Cote d'Ivoire,CIV,1962,4.755489
Cote d'Ivoire,CIV,1963,5.344875
Cote d'Ivoire,CIV,1964,5.657172
Cote d'Ivoire,CIV,1965,6.0511203
Cote d'Ivoire,CIV,1966,6.3272033
Cote d'Ivoire,CIV,1967,6.733827
Cote d'Ivoire,CIV,1968,6.9844127
Cote d'Ivoire,CIV,1969,7.730423
Cote d'Ivoire,CIV,1970,9.105449
Cote d'Ivoire,CIV,1971,8.818287
Cote d'Ivoire,CIV,1972,7.7421727
Cote d'Ivoire,CIV,1973,10.211934
Cote d'Ivoire,CIV,1974,11.818861
Cote d'Ivoire,CIV,1975,9.124763
Cote d'Ivoire,CIV,1976,14.659097
Cote d'Ivoire,CIV,1977,24.532019
Cote d'Ivoire,CIV,1978,20.945543
Cote d'Ivoire,CIV,1979,20.785572
Cote d'Ivoire,CIV,1980,23.639503
Cote d'Ivoire,CIV,1981,23.560387
Cote d'Ivoire,CIV,1982,18.671242
Cote d'Ivoire,CIV,1983,18.756327
Cote d'Ivoire,CIV,1984,17.001347
Cote d'Ivoire,CIV,1985,21.508827
Cote d'Ivoire,CIV,1986,20.995247
Cote d'Ivoire,CIV,1987,21.834875
Cote d'Ivoire,CIV,1988,22.762081
Cote d'Ivoire,CIV,1989,14.858868
Cote d'Ivoire,CIV,1990,13.825808
Cote d'Ivoire,CIV,1991,16.191164
Cote d'Ivoire,CIV,1992,15.364231
Cote d'Ivoire,CIV,1993,14.2845
Cote d'Ivoire,CIV,1994,8.875966
Cote d'Ivoire,CIV,1995,8.584425
Cote d'Ivoire,CIV,1996,8.565634
Cote d'Ivoire,CIV,1997,8.323767
Cote d'Ivoire,CIV,1998,8.762903
Cote d'Ivoire,CIV,1999,7.067602
Cote d'Ivoire,CIV,2000,5.413758
Cote d'Ivoire,CIV,2001,6.2594805
Cote d'Ivoire,CIV,2002,5.9085016
Cote d'Ivoire,CIV,2003,7.3827176
Cote d'Ivoire,CIV,2004,8.224221
Cote d'Ivoire,CIV,2005,8.311968
Cote d'Ivoire,CIV,2006,5.5701966
Cote d'Ivoire,CIV,2007,5.069626
Cote d'Ivoire,CIV,2008,6.908679
Cote d'Ivoire,CIV,2009,5.961334
Cote d'Ivoire,CIV,2010,10.219996
Cote d'Ivoire,CIV,2011,8.629999
Cote d'Ivoire,CIV,2012,11.349999
Cote d'Ivoire,CIV,2013,8.730001
Cote d'Ivoire,CIV,2014,9.620003
Cote d'Ivoire,CIV,2015,10.719997
Cote d'Ivoire,CIV,2016,10.249999
Cote d'Ivoire,CIV,2017,9.469997
Cote d'Ivoire,CIV,2018,9.759998
Cote d'Ivoire,CIV,2019,10.839998
Cote d'Ivoire,CIV,2020,9.129999
Cote d'Ivoire,CIV,2021,10.2300005
Cote d'Ivoire,CIV,2022,10.799999
Cote d'Ivoire,CIV,2023,10.049999
Croatia,HRV,1992,162.26538
Croatia,HRV,1993,147.1873
Croatia,HRV,1994,148.04431
Croatia,HRV,1995,164.74123
Croatia,HRV,1996,167.03006
Croatia,HRV,1997,140.88087
Croatia,HRV,1998,150.19504
Croatia,HRV,1999,161.55792
Croatia,HRV,2000,168.66182
Croatia,HRV,2001,183.79079
Croatia,HRV,2002,191.94348
Croatia,HRV,2003,185.75293
Croatia,HRV,2004,195.46594
Croatia,HRV,2005,207.56955
Croatia,HRV,2006,222.48087
Croatia,HRV,2007,222.3089
Croatia,HRV,2008,222.53545
Croatia,HRV,2009,211.11522
Croatia,HRV,2010,191.32
Croatia,HRV,2011,196.88966
Croatia,HRV,2012,209.76035
Croatia,HRV,2013,212.16985
Croatia,HRV,2014,240.18971
Croatia,HRV,2015,233.86989
Croatia,HRV,2016,228.9201
Croatia,HRV,2017,237.5101
Croatia,HRV,2018,240.09012
Croatia,HRV,2019,186.76964
Croatia,HRV,2020,185.70018
Croatia,HRV,2021,186.35016
Croatia,HRV,2022,184.40996
Croatia,HRV,2023,184.80986
Cuba,CUB,1961,58.421684
Cuba,CUB,1962,63.128036
Cuba,CUB,1963,73.34449
Cuba,CUB,1964,78.63211
Cuba,CUB,1965,92.00818
Cuba,CUB,1966,85.886215
Cuba,CUB,1967,106.47808
Cuba,CUB,1968,132.0154
Cuba,CUB,1969,123.93008
Cuba,CUB,1970,160.51524
Cuba,CUB,1971,149.86685
Cuba,CUB,1972,138.45285
Cuba,CUB,1973,152.00583
Cuba,CUB,1974,147.13516
Cuba,CUB,1975,145.43697
Cuba,CUB,1976,155.55602
Cuba,CUB,1977,139.08148
Cuba,CUB,1978,133.20276
Cuba,CUB,1979,153.43843
Cuba,CUB,1980,150.98366
Cuba,CUB,1981,165.775
Cuba,CUB,1982,161.1172
Cuba,CUB,1983,156.0892
Cuba,CUB,1984,155.51297
Cuba,CUB,1985,158.68346
Cuba,CUB,1986,153.87962
Cuba,CUB,1987,149.70195
Cuba,CUB,1988,149.89244
Cuba,CUB,1989,151.86711
Cuba,CUB,1990,133.06345
Cuba,CUB,1991,126.423805
Cuba,CUB,1992,93.28887
Cuba,CUB,1993,91.608826
Cuba,CUB,1994,98.19662
Cuba,CUB,1995,95.03771
Cuba,CUB,1996,89.76524
Cuba,CUB,1997,91.19564
Cuba,CUB,1998,99.23265
Cuba,CUB,1999,92.46796
Cuba,CUB,2000,92.389626
Cuba,CUB,2001,89.15626
Cuba,CUB,2002,80.79919
Cuba,CUB,2003,85.85959
Cuba,CUB,2004,79.57172
Cuba,CUB,2005,86.615875
Cuba,CUB,2006,80.00894
Cuba,CUB,2007,77.60111
Cuba,CUB,2008,98.216835
Cuba,CUB,2009,98.170265
Cuba,CUB,2010,99.61997
Cuba,CUB,2011,95.52993
Cuba,CUB,2012,93.82006
Cuba,CUB,2013,97.84006
Cuba,CUB,2014,101.34
Cuba,CUB,2015,106.129906
Cuba,CUB,2016,110.61996
Cuba,CUB,2017,117.26006
Cuba,CUB,2018,106.89004
Cuba,CUB,2019,106.16003
Cyprus,CYP,1961,62.58872
Cyprus,CYP,1962,64.12602
Cyprus,CYP,1963,72.74805
Cyprus,CYP,1964,72.41624
Cyprus,CYP,1965,83.80979
Cyprus,CYP,1966,86.014786
Cyprus,CYP,1967,97.1045
Cyprus,CYP,1968,110.62497
Cyprus,CYP,1969,115.90815
Cyprus,CYP,1970,117.86993
Cyprus,CYP,1971,131.94604
Cyprus,CYP,1972,135.66655
Cyprus,CYP,1973,129.65158
Cyprus,CYP,1974,118.04983
Cyprus,CYP,1975,82.180534
Cyprus,CYP,1976,87.09459
Cyprus,CYP,1977,96.30037
Cyprus,CYP,1978,101.85214
Cyprus,CYP,1979,103.61301
Cyprus,CYP,1980,108.453674
Cyprus,CYP,1981,115.96767
Cyprus,CYP,1982,119.61166
Cyprus,CYP,1983,121.18092
Cyprus,CYP,1984,125.75441
Cyprus,CYP,1985,127.49766
Cyprus,CYP,1986,125.99379
Cyprus,CYP,1987,131.43958
Cyprus,CYP,1988,143.67714
Cyprus,CYP,1989,140.14795
Cyprus,CYP,1990,147.29886
Cyprus,CYP,1991,140.4686
Cyprus,CYP,1992,151.16656
Cyprus,CYP,1993,146.8672
Cyprus,CYP,1994,144.22852
Cyprus,CYP,1995,149.45439
Cyprus,CYP,1996,142.93561
Cyprus,CYP,1997,136.79073
Cyprus,CYP,1998,134.77747
Cyprus,CYP,1999,134.73183
Cyprus,CYP,2000,144.1665
Cyprus,CYP,2001,147.729
Cyprus,CYP,2002,144.21764
Cyprus,CYP,2003,141.83261
Cyprus,CYP,2004,153.38693
Cyprus,CYP,2005,131.23904
Cyprus,CYP,2006,125.25223
Cyprus,CYP,2007,127.32491
Cyprus,CYP,2008,134.19202
Cyprus,CYP,2009,124.65037
Cyprus,CYP,2010,165.00911
Cyprus,CYP,2011,161.73958
Cyprus,CYP,2012,159.61958
Cyprus,CYP,2013,146.67888
Cyprus,CYP,2014,123.26939
Cyprus,CYP,2015,123.05959
Cyprus,CYP,2016,124.26959
Cyprus,CYP,2017,118.81057
Cyprus,CYP,2018,100.399765
Cyprus,CYP,2019,138.32011
Cyprus,CYP,2020,151.18
Cyprus,CYP,2021,158.0699
Cyprus,CYP,2022,157.48929
Cyprus,CYP,2023,168.15988
Czechia,CZE,1993,220.84116
Czechia,CZE,1994,196.02061
Czechia,CZE,1995,200.9941
Czechia,CZE,1996,196.62656
Czechia,CZE,1997,185.31627
Czechia,CZE,1998,192.12737
Czechia,CZE,1999,205.0717
Czechia,CZE,2000,205.6947
Czechia,CZE,2001,200.41154
Czechia,CZE,2002,201.81667
Czechia,CZE,2003,199.63144
Czechia,CZE,2004,192.68105
Czechia,CZE,2005,214.69847
Czechia,CZE,2006,194.33032
Czechia,CZE,2007,203.10907
Czechia,CZE,2008,189.8445
Czechia,CZE,2009,178.50676
Czechia,CZE,2010,139.84006
Czechia,CZE,2011,131.77002
Czechia,CZE,2012,138.05988
Czechia,CZE,2013,137.57996
Czechia,CZE,2014,150.57011
Czechia,CZE,2015,154.28003
Czechia,CZE,2016,159.26006
Czechia,CZE,2017,161.30995
Czechia,CZE,2018,154.78009
Czechia,CZE,2019,176.83014
Czechia,CZE,2020,174.22002
Czechia,CZE,2021,171.69994
Czechia,CZE,2022,170.90991
Czechia,CZE,2023,173.74997
Czechoslovakia,OWID_CZS,1961,164.52122
Czechoslovakia,OWID_CZS,1962,159.49243
Czechoslovakia,OWID_CZS,1963,160.47
Czechoslovakia,OWID_CZS,1964,166.13075
Czechoslovakia,OWID_CZS,1965,171.96053
Czechoslovakia,OWID_CZS,1966,166.85101
Czechoslovakia,OWID_CZS,1967,178.97058
Czechoslovakia,OWID_CZS,1968,180.08282
Czechoslovakia,OWID_CZS,1969,180.822
Czechoslovakia,OWID_CZS,1970,180.18599
Czechoslovakia,OWID_CZS,1971,187.43433
Czechoslovakia,OWID_CZS,1972,186.71614
Czechoslovakia,OWID_CZS,1973,190.37383
Czechoslovakia,OWID_CZS,1974,190.54755
Czechoslovakia,OWID_CZS,1975,194.85065
Czechoslovakia,OWID_CZS,1976,200.50955
Czechoslovakia,OWID_CZS,1977,192.93846
Czechoslovakia,OWID_CZS,1978,198.5465
Czechoslovakia,OWID_CZS,1979,196.47232
Czechoslovakia,OWID_CZS,1980,204.81421
Czechoslovakia,OWID_CZS,1981,205.24751
Czechoslovakia,OWID_CZS,1982,200.59496
Czechoslovakia,OWID_CZS,1983,197.72272
Czechoslovakia,OWID_CZS,1984,196.46548
Czechoslovakia,OWID_CZS,1985,197.84596
Czechoslovakia,OWID_CZS,1986,190.84428
Czechoslovakia,OWID_CZS,1987,193.9621
Czechoslovakia,OWID_CZS,1988,193.24367
Czechoslovakia,OWID_CZS,1989,192.2454
Czechoslovakia,OWID_CZS,1990,180.26733
Czechoslovakia,OWID_CZS,1991,145.76935
Czechoslovakia,OWID_CZS,1992,134.48582
Democratic Republic of Congo,COD,2010,1.28
Democratic Republic of Congo,COD,2011,1.24
Democratic Republic of Congo,COD,2012,1.1899999
Democratic Republic of Congo,COD,2013,1.03
Democratic Republic of Congo,COD,2014,1.9699999
Democratic Republic of Congo,COD,2015,1.13
Democratic Republic of Congo,COD,2016,1.2699999
Democratic Republic of Congo,COD,2017,0.87
Democratic Republic of Congo,COD,2018,0.93999994
Democratic Republic of Congo,COD,2019,0.9099999
Democratic Republic of Congo,COD,2020,0.63
Democratic Republic of Congo,COD,2021,0.57
Democratic Republic of Congo,COD,2022,43.059998
Democratic Republic of Congo,COD,2023,48.589996
Denmark,DNK,1961,224.99883
Denmark,DNK,1962,199.01567
Denmark,DNK,1963,223.11246
Denmark,DNK,1964,226.1232
Denmark,DNK,1965,221.27406
Denmark,DNK,1966,221.77455
Denmark,DNK,1967,216.01117
Denmark,DNK,1968,198.34811
Denmark,DNK,1969,214.55167
Denmark,DNK,1970,197.98325
Denmark,DNK,1971,213.46814
Denmark,DNK,1972,212.31067
Denmark,DNK,1973,181.99083
Denmark,DNK,1974,206.78864
Denmark,DNK,1975,223.20633
Denmark,DNK,1976,193.01346
Denmark,DNK,1977,214.18224
Denmark,DNK,1978,213.30452
Denmark,DNK,1979,196.76375
Denmark,DNK,1980,195.30699
Denmark,DNK,1981,214.4511
Denmark,DNK,1982,201.60081
Denmark,DNK,1983,190.69884
Denmark,DNK,1984,173.60756
Denmark,DNK,1985,223.30165
Denmark,DNK,1986,209.78552
Denmark,DNK,1987,228.72223
Denmark,DNK,1988,241.51929
Denmark,DNK,1989,249.67906
Denmark,DNK,1990,228.97438
Denmark,DNK,1991,234.33427
Denmark,DNK,1992,197.3958
Denmark,DNK,1993,191.02692
Denmark,DNK,1994,186.64235
Denmark,DNK,1995,240.85324
Denmark,DNK,1996,243.76913
Denmark,DNK,1997,225.19684
Denmark,DNK,1998,225.25627
Denmark,DNK,1999,227.52962
Denmark,DNK,2000,233.93729
Denmark,DNK,2001,246.97359
Denmark,DNK,2002,206.55197
Denmark,DNK,2003,198.8285
Denmark,DNK,2004,214.99724
Denmark,DNK,2005,296.64514
Denmark,DNK,2006,265.5845
Denmark,DNK,2007,254.758
Denmark,DNK,2008,261.3564
Denmark,DNK,2009,286.4231
Denmark,DNK,2010,289.47974
Denmark,DNK,2011,315.64014
Denmark,DNK,2012,335.37054
Denmark,DNK,2013,358.87982
Denmark,DNK,2014,368.52966
Denmark,DNK,2015,382.95016
Denmark,DNK,2016,365.05026
Denmark,DNK,2017,350.65036
Denmark,DNK,2018,385.68973
Denmark,DNK,2019,407.48016
Denmark,DNK,2020,450.80005
Denmark,DNK,2021,571.37054
Denmark,DNK,2022,569.84985
Denmark,DNK,2023,496.4905
Djibouti,DJI,1961,28.858591
Djibouti,DJI,1962,28.057446
Djibouti,DJI,1963,27.270527
Djibouti,DJI,1964,28.55543
Djibouti,DJI,1965,26.887579
Djibouti,DJI,1966,29.596647
Djibouti,DJI,1967,30.192917
Djibouti,DJI,1968,29.164846
Djibouti,DJI,1969,28.040268
Djibouti,DJI,1970,28.806787
Djibouti,DJI,1971,27.438318
Djibouti,DJI,1972,28.679962
Djibouti,DJI,1973,26.820911
Djibouti,DJI,1974,39.728848
Djibouti,DJI,1975,52.22206
Djibouti,DJI,1976,67.34688
Djibouti,DJI,1977,55.48449
Djibouti,DJI,1978,61.744736
Djibouti,DJI,1979,62.350742
Djibouti,DJI,1980,58.23164
Djibouti,DJI,1981,74.00395
Djibouti,DJI,1982,81.19923
Djibouti,DJI,1983,81.25688
Djibouti,DJI,1984,71.0937
Djibouti,DJI,1985,67.344536
Djibouti,DJI,1986,66.44112
Djibouti,DJI,1987,61.023834
Djibouti,DJI,1988,62.378506
Djibouti,DJI,1989,57.03127
Djibouti,DJI,1990,46.99281
Djibouti,DJI,1991,40.25175
Djibouti,DJI,1992,44.591545
Djibouti,DJI,1993,55.81273
Djibouti,DJI,1994,54.94137
Djibouti,DJI,1995,57.393013
Djibouti,DJI,1996,51.95477
Djibouti,DJI,1997,63.10348
Djibouti,DJI,1998,56.462025
Djibouti,DJI,1999,66.645424
Djibouti,DJI,2000,68.021355
Djibouti,DJI,2001,63.226067
Djibouti,DJI,2002,70.43712
Djibouti,DJI,2003,64.41641
Djibouti,DJI,2004,61.73374
Djibouti,DJI,2005,52.202835
Djibouti,DJI,2006,55.874836
Djibouti,DJI,2007,56.188465
Djibouti,DJI,2008,47.57986
Djibouti,DJI,2009,46.37888
Djibouti,DJI,2010,28.26994
Djibouti,DJI,2011,37.149807
Djibouti,DJI,2012,40.129833
Djibouti,DJI,2013,64.189156
Djibouti,DJI,2014,64.21
Djibouti,DJI,2015,77.35954
Djibouti,DJI,2016,77.46925
Djibouti,DJI,2017,66.10975
Djibouti,DJI,2018,55.929688
Djibouti,DJI,2019,53.979996
Djibouti,DJI,2020,64.539825
Djibouti,DJI,2021,74.71993
Djibouti,DJI,2022,62.519943
Djibouti,DJI,2023,61.11941
Dominica,DMA,1961,35.65001
Dominica,DMA,1962,36.35454
Dominica,DMA,1963,38.824787
Dominica,DMA,1964,40.044724
Dominica,DMA,1965,41.17629
Dominica,DMA,1966,43.60652
Dominica,DMA,1967,45.21723
Dominica,DMA,1968,50.992046
Dominica,DMA,1969,62.814175
Dominica,DMA,1970,58.30226
Dominica,DMA,1971,60.417553
Dominica,DMA,1972,49.731705
Dominica,DMA,1973,58.3318
Dominica,DMA,1974,59.245632
Dominica,DMA,1975,57.940746
Dominica,DMA,1976,44.406406
Dominica,DMA,1977,75.10259
Dominica,DMA,1978,86.51187
Dominica,DMA,1979,77.91046
Dominica,DMA,1980,82.508
Dominica,DMA,1981,84.74535
Dominica,DMA,1982,90.5521
Dominica,DMA,1983,89.50059
Dominica,DMA,1984,98.11224
Dominica,DMA,1985,112.44148
Dominica,DMA,1986,132.35376
Dominica,DMA,1987,135.33696
Dominica,DMA,1988,144.16719
Dominica,DMA,1989,142.2307
Dominica,DMA,1990,144.72403
Dominica,DMA,1991,152.15822
Dominica,DMA,1992,128.68135
Dominica,DMA,1993,128.93942
Dominica,DMA,1994,121.65211
Dominica,DMA,1995,140.14046
Dominica,DMA,1996,139.39818
Dominica,DMA,1997,172.73952
Dominica,DMA,1998,166.79971
Dominica,DMA,1999,187.81703
Dominica,DMA,2000,159.1183
Dominica,DMA,2001,157.79442
Dominica,DMA,2002,160.6361
Dominica,DMA,2003,152.01453
Dominica,DMA,2004,134.86397
Dominica,DMA,2005,128.21309
Dominica,DMA,2006,197.3615
Dominica,DMA,2007,199.70361
Dominica,DMA,2008,217.69305
Dominica,DMA,2009,207.69452
Dominica,DMA,2010,164.70772
Dominica,DMA,2011,149.46593
Dominica,DMA,2012,138.26225
Dominica,DMA,2013,121.67579
Dominica,DMA,2014,102.19182
Dominica,DMA,2015,106.214325
Dominica,DMA,2016,174.50804
Dominica,DMA,2017,160.397
Dominica,DMA,2018,132.98935
Dominica,DMA,2019,132.21193
Dominica,DMA,2020,120.03551
Dominica,DMA,2021,115.064064
Dominica,DMA,2022,114.9855
Dominican Republic,DOM,1961,51.396774
Dominican Republic,DOM,1962,58.2279
Dominican Republic,DOM,1963,58.759727
Dominican Republic,DOM,1964,69.62393
Dominican Republic,DOM,1965,59.09952
Dominican Republic,DOM,1966,70.054405
Dominican Republic,DOM,1967,69.02246
Dominican Republic,DOM,1968,77.72103
Dominican Republic,DOM,1969,78.36808
Dominican Republic,DOM,1970,80.38587
Dominican Republic,DOM,1971,82.300285
Dominican Republic,DOM,1972,74.907585
Dominican Republic,DOM,1973,69.24819
Dominican Republic,DOM,1974,68.537476
Dominican Republic,DOM,1975,63.081512
Dominican Republic,DOM,1976,65.01509
Dominican Republic,DOM,1977,78.287476
Dominican Republic,DOM,1978,66.20563
Dominican Republic,DOM,1979,82.74727
Dominican Republic,DOM,1980,85.50295
Dominican Republic,DOM,1981,84.69889
Dominican Republic,DOM,1982,83.704575
Dominican Republic,DOM,1983,87.39916
Dominican Republic,DOM,1984,81.48683
Dominican Republic,DOM,1985,78.92225
Dominican Republic,DOM,1986,72.69367
Dominican Republic,DOM,1987,70.32668
Dominican Republic,DOM,1988,70.27299
Dominican Republic,DOM,1989,71.86897
Dominican Republic,DOM,1990,63.917843
Dominican Republic,DOM,1991,78.11379
Dominican Republic,DOM,1992,80.70028
Dominican Republic,DOM,1993,78.807755
Dominican Republic,DOM,1994,78.03952
Dominican Republic,DOM,1995,75.73321
Dominican Republic,DOM,1996,77.946655
Dominican Republic,DOM,1997,76.34754
Dominican Republic,DOM,1998,76.68498
Dominican Republic,DOM,1999,64.135124
Dominican Republic,DOM,2000,61.832466
Dominican Republic,DOM,2001,56.444935
Dominican Republic,DOM,2002,69.806656
Dominican Republic,DOM,2003,46.69522
Dominican Republic,DOM,2004,47.304634
Dominican Republic,DOM,2005,52.928272
Dominican Republic,DOM,2006,57.749607
Dominican Republic,DOM,2007,62.668526
Dominican Republic,DOM,2008,69.75536
Dominican Republic,DOM,2009,67.060486
Dominican Republic,DOM,2010,56.11994
Dominican Republic,DOM,2011,55.219986
Dominican Republic,DOM,2012,58.600006
Dominican Republic,DOM,2013,61.44995
Dominican Republic,DOM,2014,91.800064
Dominican Republic,DOM,2015,92.36004
Dominican Republic,DOM,2016,99.68
Dominican Republic,DOM,2017,108.05994
Dominican Republic,DOM,2018,108.35001
Dominican Republic,DOM,2019,110.60997
Dominican Republic,DOM,2020,109.31001
Dominican Republic,DOM,2021,108.920006
Dominican Republic,DOM,2022,114.66996
Dominican Republic,DOM,2023,113.310005
East Timor,TLS,1961,3.8659582
East Timor,TLS,1962,4.248874
East Timor,TLS,1963,4.3077674
East Timor,TLS,1964,4.275203
East Timor,TLS,1965,4.1718125
East Timor,TLS,1966,4.8366675
East Timor,TLS,1967,5.2832074
East Timor,TLS,1968,4.1319957
East Timor,TLS,1969,4.7857776
East Timor,TLS,1970,4.9579897
East Timor,TLS,1971,6.1562347
East Timor,TLS,1972,4.3871374
East Timor,TLS,1973,5.243162
East Timor,TLS,1974,4.488593
East Timor,TLS,1975,2.9372184
East Timor,TLS,1976,3.6697211
East Timor,TLS,1977,5.683021
East Timor,TLS,1978,6.53766
East Timor,TLS,1979,6.3551607
East Timor,TLS,1980,7.125302
East Timor,TLS,1981,7.6481104
East Timor,TLS,1982,8.475602
East Timor,TLS,1983,8.91308
East Timor,TLS,1984,9.406554
East Timor,TLS,1985,10.193621
East Timor,TLS,1986,10.076175
East Timor,TLS,1987,10.263164
East Timor,TLS,1988,10.39618
East Timor,TLS,1989,10.300325
East Timor,TLS,1990,10.440048
East Timor,TLS,1991,10.213096
East Timor,TLS,1992,10.614858
East Timor,TLS,1993,11.22237
East Timor,TLS,1994,11.143954
East Timor,TLS,1995,11.444793
East Timor,TLS,1996,11.209586
East Timor,TLS,1997,10.989927
East Timor,TLS,1998,10.823851
East Timor,TLS,1999,11.754369
East Timor,TLS,2000,12.745328
East Timor,TLS,2001,12.910805
East Timor,TLS,2002,12.792168
East Timor,TLS,2003,29.377703
East Timor,TLS,2004,4.090397
East Timor,TLS,2005,3.7285275
East Timor,TLS,2006,2.939515
East Timor,TLS,2007,0.8969269
East Timor,TLS,2008,4.8918524
East Timor,TLS,2009,10.943659
East Timor,TLS,2010,5.709958
East Timor,TLS,2011,5.5899897
East Timor,TLS,2012,5.5199466
East Timor,TLS,2013,5.9499636
East Timor,TLS,2014,32.579643
East Timor,TLS,2015,26.339935
East Timor,TLS,2016,20.279936
East Timor,TLS,2017,20.029823
East Timor,TLS,2018,19.939968
East Timor,TLS,2019,20.339905
East Timor,TLS,2020,27.07998
East Timor,TLS,2021,7.589989
East Timor,TLS,2022,7.930006
East Timor,TLS,2023,12.589982
Eastern Africa (FAO),,1961,31.28
Eastern Africa (FAO),,1962,31.36
Eastern Africa (FAO),,1963,30.2
Eastern Africa (FAO),,1964,30.25
Eastern Africa (FAO),,1965,30.58
Eastern Africa (FAO),,1966,30.8
Eastern Africa (FAO),,1967,30.55
Eastern Africa (FAO),,1968,29.85
Eastern Africa (FAO),,1969,30.31
Eastern Africa (FAO),,1970,31.68
Eastern Africa (FAO),,1971,32.24
Eastern Africa (FAO),,1972,31.38
Eastern Africa (FAO),,1973,29.95
Eastern Africa (FAO),,1974,29.9
Eastern Africa (FAO),,1975,30.19
Eastern Africa (FAO),,1976,29.47
Eastern Africa (FAO),,1977,30.31
Eastern Africa (FAO),,1978,31.67
Eastern Africa (FAO),,1979,31.37
Eastern Africa (FAO),,1980,30.42
Eastern Africa (FAO),,1981,30.29
Eastern Africa (FAO),,1982,30.57
Eastern Africa (FAO),,1983,30.48
Eastern Africa (FAO),,1984,31
Eastern Africa (FAO),,1985,32.32
Eastern Africa (FAO),,1986,34.34
Eastern Africa (FAO),,1987,32.34
Eastern Africa (FAO),,1988,32.84
Eastern Africa (FAO),,1989,32.14
Eastern Africa (FAO),,1990,32.23
Eastern Africa (FAO),,1991,29.75
Eastern Africa (FAO),,1992,29.12
Eastern Africa (FAO),,1993,28.07
Eastern Africa (FAO),,1994,27.12
Eastern Africa (FAO),,1995,26.8
Eastern Africa (FAO),,1996,26.63
Eastern Africa (FAO),,1997,27.06
Eastern Africa (FAO),,1998,27.22
Eastern Africa (FAO),,1999,27.77
Eastern Africa (FAO),,2000,26.81
Eastern Africa (FAO),,2001,27.84
Eastern Africa (FAO),,2002,35.09
Eastern Africa (FAO),,2003,35.95
Eastern Africa (FAO),,2004,38.21
Eastern Africa (FAO),,2005,38.07
Eastern Africa (FAO),,2006,37.31
Eastern Africa (FAO),,2007,36.21
Eastern Africa (FAO),,2008,39
Eastern Africa (FAO),,2009,39.08
Eastern Africa (FAO),,2010,40.3
Eastern Africa (FAO),,2011,37.96
Eastern Africa (FAO),,2012,38.97
Eastern Africa (FAO),,2013,37.47
Eastern Africa (FAO),,2014,35.41
Eastern Africa (FAO),,2015,35.1
Eastern Africa (FAO),,2016,35.38
Eastern Africa (FAO),,2017,34.01
Eastern Africa (FAO),,2018,35
Eastern Africa (FAO),,2019,38.86
Eastern Africa (FAO),,2020,42.03
Eastern Africa (FAO),,2021,41.23
Eastern Africa (FAO),,2022,42.05
Eastern Africa (FAO),,2023,41.4
Eastern Asia (FAO),,1961,5.05
Eastern Asia (FAO),,1962,5.59
Eastern Asia (FAO),,1963,6.29
Eastern Asia (FAO),,1964,6.59
Eastern Asia (FAO),,1965,6.59
Eastern Asia (FAO),,1966,6.8
Eastern Asia (FAO),,1967,7.3
Eastern Asia (FAO),,1968,7.28
Eastern Asia (FAO),,1969,7.59
Eastern Asia (FAO),,1970,7.66
Eastern Asia (FAO),,1971,7.46
Eastern Asia (FAO),,1972,7.65
Eastern Asia (FAO),,1973,7.67
Eastern Asia (FAO),,1974,7.85
Eastern Asia (FAO),,1975,7.53
Eastern Asia (FAO),,1976,8.29
Eastern Asia (FAO),,1977,9.05
Eastern Asia (FAO),,1978,9.89
Eastern Asia (FAO),,1979,9.95
Eastern Asia (FAO),,1980,9.75
Eastern Asia (FAO),,1981,9.64
Eastern Asia (FAO),,1982,10.22
Eastern Asia (FAO),,1983,10.59
Eastern Asia (FAO),,1984,10.89
Eastern Asia (FAO),,1985,11.49
Eastern Asia (FAO),,1986,11.65
Eastern Asia (FAO),,1987,11.92
Eastern Asia (FAO),,1988,12.69
Eastern Asia (FAO),,1989,12.72
Eastern Asia (FAO),,1990,12.75
Eastern Asia (FAO),,1991,13.49
Eastern Asia (FAO),,1992,13.63
Eastern Asia (FAO),,1993,13.47
Eastern Asia (FAO),,1994,13.84
Eastern Asia (FAO),,1995,14.38
Eastern Asia (FAO),,1996,14.81
Eastern Asia (FAO),,1997,14.65
Eastern Asia (FAO),,1998,14.82
Eastern Asia (FAO),,1999,15.41
Eastern Asia (FAO),,2000,16.18
Eastern Asia (FAO),,2001,17.24
Eastern Asia (FAO),,2002,19.3
Eastern Asia (FAO),,2003,21.81
Eastern Asia (FAO),,2004,25.48
Eastern Asia (FAO),,2005,27.68
Eastern Asia (FAO),,2006,30.11
Eastern Asia (FAO),,2007,31.85
Eastern Asia (FAO),,2008,31.81
Eastern Asia (FAO),,2009,32.8
Eastern Asia (FAO),,2010,31.78
Eastern Asia (FAO),,2011,32.5
Eastern Asia (FAO),,2012,32.98
Eastern Asia (FAO),,2013,32.3
Eastern Asia (FAO),,2014,34.84
Eastern Asia (FAO),,2015,30.1
Eastern Asia (FAO),,2016,29.78
Eastern Asia (FAO),,2017,30.49
Eastern Asia (FAO),,2018,31.06
Eastern Asia (FAO),,2019,32.73
Eastern Asia (FAO),,2020,33.76
Eastern Asia (FAO),,2021,36.79
Eastern Asia (FAO),,2022,36.79
Eastern Asia (FAO),,2023,36.76
Eastern Europe (FAO),,1961,157.36
Eastern Europe (FAO),,1962,159.71
Eastern Europe (FAO),,1963,167.94
Eastern Europe (FAO),,1964,163.02
Eastern Europe (FAO),,1965,152.44
Eastern Europe (FAO),,1966,162.52
Eastern Europe (FAO),,1967,176.03
Eastern Europe (FAO),,1968,181.65
Eastern Europe (FAO),,1969,188
Eastern Europe (FAO),,1970,191.55
Eastern Europe (FAO),,1971,189.74
Eastern Europe (FAO),,1972,186.68
Eastern Europe (FAO),,1973,174.87
Eastern Europe (FAO),,1974,190.62
Eastern Europe (FAO),,1975,196.78
Eastern Europe (FAO),,1976,195.97
Eastern Europe (FAO),,1977,186.8
Eastern Europe (FAO),,1978,190.84
Eastern Europe (FAO),,1979,188.7
Eastern Europe (FAO),,1980,180.7
Eastern Europe (FAO),,1981,177.85
Eastern Europe (FAO),,1982,169.63
Eastern Europe (FAO),,1983,170.48
Eastern Europe (FAO),,1984,175.63
Eastern Europe (FAO),,1985,183.16
Eastern Europe (FAO),,1986,187.22
Eastern Europe (FAO),,1987,183.86
Eastern Europe (FAO),,1988,184.54
Eastern Europe (FAO),,1989,187.28
Eastern Europe (FAO),,1990,185.07
Eastern Europe (FAO),,1991,162.84
Eastern Europe (FAO),,1992,140.96
Eastern Europe (FAO),,1993,149.46
Eastern Europe (FAO),,1994,156.7
Eastern Europe (FAO),,1995,158.17
Eastern Europe (FAO),,1996,163.25
Eastern Europe (FAO),,1997,158.92
Eastern Europe (FAO),,1998,166.65
Eastern Europe (FAO),,1999,165.84
Eastern Europe (FAO),,2000,159.34
Eastern Europe (FAO),,2001,157.36
Eastern Europe (FAO),,2002,164.7
Eastern Europe (FAO),,2003,163.4
Eastern Europe (FAO),,2004,170.46
Eastern Europe (FAO),,2005,172.69
Eastern Europe (FAO),,2006,172.17
Eastern Europe (FAO),,2007,175.17
Eastern Europe (FAO),,2008,174.17
Eastern Europe (FAO),,2009,174.08
Eastern Europe (FAO),,2010,178.21
Eastern Europe (FAO),,2011,177.77
Eastern Europe (FAO),,2012,176.65
Eastern Europe (FAO),,2013,175.49
Eastern Europe (FAO),,2014,168.52
Eastern Europe (FAO),,2015,167.78
Eastern Europe (FAO),,2016,167.08
Eastern Europe (FAO),,2017,168.26
Eastern Europe (FAO),,2018,174.35
Eastern Europe (FAO),,2019,185.49
Eastern Europe (FAO),,2020,189.23
Eastern Europe (FAO),,2021,184.76
Eastern Europe (FAO),,2022,184.88
Eastern Europe (FAO),,2023,192.32
Ecuador,ECU,1961,100.86079
Ecuador,ECU,1962,101.18199
Ecuador,ECU,1963,101.099846
Ecuador,ECU,1964,101.23231
Ecuador,ECU,1965,100.103325
Ecuador,ECU,1966,104.79097
Ecuador,ECU,1967,107.64262
Ecuador,ECU,1968,112.13818
Ecuador,ECU,1969,112.578545
Ecuador,ECU,1970,108.844406
Ecuador,ECU,1971,107.24958
Ecuador,ECU,1972,108.251686
Ecuador,ECU,1973,109.79648
Ecuador,ECU,1974,107.52752
Ecuador,ECU,1975,105.08959
Ecuador,ECU,1976,108.7457
Ecuador,ECU,1977,112.29655
Ecuador,ECU,1978,110.98235
Ecuador,ECU,1979,116.71278
Ecuador,ECU,1980,112.09905
Ecuador,ECU,1981,109.02894
Ecuador,ECU,1982,114.468056
Ecuador,ECU,1983,94.24865
Ecuador,ECU,1984,94.89874
Ecuador,ECU,1985,84.026405
Ecuador,ECU,1986,78.85846
Ecuador,ECU,1987,75.83257
Ecuador,ECU,1988,82.87046
Ecuador,ECU,1989,92.04632
Ecuador,ECU,1990,94.718506
Ecuador,ECU,1991,95.78408
Ecuador,ECU,1992,95.11909
Ecuador,ECU,1993,100.49809
Ecuador,ECU,1994,106.72601
Ecuador,ECU,1995,110.55793
Ecuador,ECU,1996,115.864006
Ecuador,ECU,1997,134.37634
Ecuador,ECU,1998,137.74712
Ecuador,ECU,1999,130.59642
Ecuador,ECU,2000,131.92564
Ecuador,ECU,2001,134.87097
Ecuador,ECU,2002,118.67207
Ecuador,ECU,2003,114.22606
Ecuador,ECU,2004,123.16443
Ecuador,ECU,2005,117.59964
Ecuador,ECU,2006,127.66434
Ecuador,ECU,2007,117.31024
Ecuador,ECU,2008,128.11206
Ecuador,ECU,2009,123.86275
Ecuador,ECU,2010,132.79994
Ecuador,ECU,2011,145.05998
Ecuador,ECU,2012,125.729965
Ecuador,ECU,2013,138.85999
Ecuador,ECU,2014,119.39995
Ecuador,ECU,2015,105.80001
Ecuador,ECU,2016,107.08999
Ecuador,ECU,2017,102.76003
Ecuador,ECU,2018,96.09004
Ecuador,ECU,2019,100.030014
Ecuador,ECU,2020,95.44002
Ecuador,ECU,2021,113.94997
Ecuador,ECU,2022,109.06
Ecuador,ECU,2023,115.770004
Egypt,EGY,1961,31.89301
Egypt,EGY,1962,31.630407
Egypt,EGY,1963,33.230385
Egypt,EGY,1964,31.190807
Egypt,EGY,1965,31.424942
Egypt,EGY,1966,30.287336
Egypt,EGY,1967,29.698189
Egypt,EGY,1968,35.68061
Egypt,EGY,1969,35.14171
Egypt,EGY,1970,35.088764
Egypt,EGY,1971,34.20217
Egypt,EGY,1972,33.25835
Egypt,EGY,1973,32.927307
Egypt,EGY,1974,33.23509
Egypt,EGY,1975,35.54677
Egypt,EGY,1976,35.428493
Egypt,EGY,1977,40.648945
Egypt,EGY,1978,40.059288
Egypt,EGY,1979,38.594353
Egypt,EGY,1980,38.818024
Egypt,EGY,1981,37.563034
Egypt,EGY,1982,37.282864
Egypt,EGY,1983,38.297527
Egypt,EGY,1984,41.481647
Egypt,EGY,1985,40.071213
Egypt,EGY,1986,36.40297
Egypt,EGY,1987,36.725506
Egypt,EGY,1988,38.24676
Egypt,EGY,1989,36.914577
Egypt,EGY,1990,36.283512
Egypt,EGY,1991,35.59205
Egypt,EGY,1992,35.261475
Egypt,EGY,1993,35.142307
Egypt,EGY,1994,36.746944
Egypt,EGY,1995,37.752148
Egypt,EGY,1996,40.067116
Egypt,EGY,1997,41.95096
Egypt,EGY,1998,43.447525
Egypt,EGY,1999,46.101368
Egypt,EGY,2000,45.519176
Egypt,EGY,2001,46.568897
Egypt,EGY,2002,47.904022
Egypt,EGY,2003,56.738117
Egypt,EGY,2004,45.73286
Egypt,EGY,2005,48.447334
Egypt,EGY,2006,51.3141
Egypt,EGY,2007,57.762478
Egypt,EGY,2008,58.37863
Egypt,EGY,2009,48.54722
Egypt,EGY,2010,57.56
Egypt,EGY,2011,59.639996
Egypt,EGY,2012,60.23
Egypt,EGY,2013,54.619995
Egypt,EGY,2014,53.739998
Egypt,EGY,2015,49.950005
Egypt,EGY,2016,49.730003
Egypt,EGY,2017,51.250004
Egypt,EGY,2018,45.23
Egypt,EGY,2019,57.94
Egypt,EGY,2020,54.99
Egypt,EGY,2021,63.24
Egypt,EGY,2022,53.95
Egypt,EGY,2023,48.44
El Salvador,SLV,1961,60.79562
El Salvador,SLV,1962,62.56793
El Salvador,SLV,1963,65.27249
El Salvador,SLV,1964,58.940456
El Salvador,SLV,1965,59.547325
El Salvador,SLV,1966,59.5088
El Salvador,SLV,1967,58.502087
El Salvador,SLV,1968,56.46762
El Salvador,SLV,1969,56.52517
El Salvador,SLV,1970,56.39439
El Salvador,SLV,1971,55.678967
El Salvador,SLV,1972,52.853565
El Salvador,SLV,1973,53.032375
El Salvador,SLV,1974,56.659912
El Salvador,SLV,1975,65.32178
El Salvador,SLV,1976,79.672714
El Salvador,SLV,1977,71.065125
El Salvador,SLV,1978,76.83781
El Salvador,SLV,1979,77.07932
El Salvador,SLV,1980,84.958664
El Salvador,SLV,1981,75.44401
El Salvador,SLV,1982,61.922165
El Salvador,SLV,1983,47.174084
El Salvador,SLV,1984,53.805435
El Salvador,SLV,1985,54.817314
El Salvador,SLV,1986,50.702465
El Salvador,SLV,1987,59.481472
El Salvador,SLV,1988,58.466908
El Salvador,SLV,1989,59.382156
El Salvador,SLV,1990,60.479313
El Salvador,SLV,1991,74.49763
El Salvador,SLV,1992,78.88205
El Salvador,SLV,1993,75.204056
El Salvador,SLV,1994,73.889725
El Salvador,SLV,1995,73.08029
El Salvador,SLV,1996,82.87446
El Salvador,SLV,1997,82.63709
El Salvador,SLV,1998,81.52658
El Salvador,SLV,1999,88.51531
El Salvador,SLV,2000,92.15182
El Salvador,SLV,2001,94.12645
El Salvador,SLV,2002,103.25729
El Salvador,SLV,2003,104.33614
El Salvador,SLV,2004,106.37698
El Salvador,SLV,2005,113.803345
El Salvador,SLV,2006,112.29379
El Salvador,SLV,2007,118.43928
El Salvador,SLV,2008,121.08497
El Salvador,SLV,2009,128.34644
El Salvador,SLV,2010,161.77992
El Salvador,SLV,2011,166.80005
El Salvador,SLV,2012,161.51007
El Salvador,SLV,2013,142.21988
El Salvador,SLV,2014,166.67995
El Salvador,SLV,2015,184.45015
El Salvador,SLV,2016,194.42973
El Salvador,SLV,2017,212.33972
El Salvador,SLV,2018,190.50021
El Salvador,SLV,2019,212.23013
El Salvador,SLV,2020,230.54967
El Salvador,SLV,2021,240.87999
El Salvador,SLV,2022,237.89014
El Salvador,SLV,2023,250.74965
Estonia,EST,1992,358.14203
Estonia,EST,1993,304.07858
Estonia,EST,1994,295.15286
Estonia,EST,1995,270.84262
Estonia,EST,1996,227.19806
Estonia,EST,1997,197.4874
Estonia,EST,1998,199.71791
Estonia,EST,1999,247.92113
Estonia,EST,2000,221.53238
Estonia,EST,2001,219.73215
Estonia,EST,2002,261.89215
Estonia,EST,2003,256.56738
Estonia,EST,2004,224.25441
Estonia,EST,2005,249.10857
Estonia,EST,2006,248.49654
Estonia,EST,2007,235.77432
Estonia,EST,2008,254.36522
Estonia,EST,2009,251.7095
Estonia,EST,2010,185.64
Estonia,EST,2011,180.53917
Estonia,EST,2012,203.15076
Estonia,EST,2013,199.75
Estonia,EST,2014,276.22852
Estonia,EST,2015,296.21
Estonia,EST,2016,281.94
Estonia,EST,2017,287.12784
Estonia,EST,2018,307.1372
Estonia,EST,2019,315.7495
Estonia,EST,2020,325.70877
Estonia,EST,2021,330.41
Estonia,EST,2022,336.88925
Estonia,EST,2023,339.35123
Eswatini,SWZ,1961,57.743732
Eswatini,SWZ,1962,58.80291
Eswatini,SWZ,1963,55.174324
Eswatini,SWZ,1964,56.115883
Eswatini,SWZ,1965,50.339752
Eswatini,SWZ,1966,46.89041
Eswatini,SWZ,1967,47.797474
Eswatini,SWZ,1968,46.644577
Eswatini,SWZ,1969,53.769947
Eswatini,SWZ,1970,57.445286
Eswatini,SWZ,1971,57.527935
Eswatini,SWZ,1972,59.24941
Eswatini,SWZ,1973,58.00778
Eswatini,SWZ,1974,59.180534
Eswatini,SWZ,1975,61.183556
Eswatini,SWZ,1976,61.138172
Eswatini,SWZ,1977,61.325653
Eswatini,SWZ,1978,64.19987
Eswatini,SWZ,1979,62.147785
Eswatini,SWZ,1980,63.154327
Eswatini,SWZ,1981,61.524525
Eswatini,SWZ,1982,55.957695
Eswatini,SWZ,1983,55.748837
Eswatini,SWZ,1984,54.04721
Eswatini,SWZ,1985,53.488655
Eswatini,SWZ,1986,49.46777
Eswatini,SWZ,1987,55.771812
Eswatini,SWZ,1988,56.4842
Eswatini,SWZ,1989,54.08293
Eswatini,SWZ,1990,50.01316
Eswatini,SWZ,1991,52.27109
Eswatini,SWZ,1992,54.407276
Eswatini,SWZ,1993,47.12335
Eswatini,SWZ,1994,47.82104
Eswatini,SWZ,1995,42.521526
Eswatini,SWZ,1996,42.033165
Eswatini,SWZ,1997,63.95242
Eswatini,SWZ,1998,58.470898
Eswatini,SWZ,1999,68.13929
Eswatini,SWZ,2000,85.238266
Eswatini,SWZ,2001,60.537823
Eswatini,SWZ,2002,65.249504
Eswatini,SWZ,2003,59.6066
Eswatini,SWZ,2004,74.913475
Eswatini,SWZ,2005,85.81753
Eswatini,SWZ,2006,62.867023
Eswatini,SWZ,2007,52.155056
Eswatini,SWZ,2008,48.07904
Eswatini,SWZ,2009,51.53176
Eswatini,SWZ,2010,49.14996
Eswatini,SWZ,2011,50.669315
Eswatini,SWZ,2012,50.279552
Eswatini,SWZ,2013,55.619507
Eswatini,SWZ,2014,60.759735
Eswatini,SWZ,2015,67.54929
Eswatini,SWZ,2016,68.479645
Eswatini,SWZ,2017,64.17955
Eswatini,SWZ,2018,68.80982
Eswatini,SWZ,2019,44.87943
Eswatini,SWZ,2020,80.71973
Eswatini,SWZ,2021,78.859474
Eswatini,SWZ,2022,70.78995
Eswatini,SWZ,2023,54.040134
Ethiopia,ETH,1993,14.822524
Ethiopia,ETH,1994,14.442333
Ethiopia,ETH,1995,15.183317
Ethiopia,ETH,1996,16.566174
Ethiopia,ETH,1997,16.407774
Ethiopia,ETH,1998,16.306002
Ethiopia,ETH,1999,16.173574
Ethiopia,ETH,2000,14.6618805
Ethiopia,ETH,2001,15.588853
Ethiopia,ETH,2002,35.86475
Ethiopia,ETH,2003,35.891323
Ethiopia,ETH,2004,34.610184
Ethiopia,ETH,2005,28.729986
Ethiopia,ETH,2006,30.09271
Ethiopia,ETH,2007,33.230236
Ethiopia,ETH,2008,40.487766
Ethiopia,ETH,2009,35.28183
Ethiopia,ETH,2010,42.469997
Ethiopia,ETH,2011,33.639996
Ethiopia,ETH,2012,37
Ethiopia,ETH,2013,33.34
Ethiopia,ETH,2014,31.069998
Ethiopia,ETH,2015,29.869999
Ethiopia,ETH,2016,28.039999
Ethiopia,ETH,2017,26.959997
Ethiopia,ETH,2018,27.059998
Ethiopia,ETH,2019,31.2
Ethiopia,ETH,2020,36.98
Ethiopia,ETH,2021,29.940002
Ethiopia,ETH,2022,30.940002
Ethiopia,ETH,2023,30.809998
Ethiopia (former),OWID_ERE,1961,23.332167
Ethiopia (former),OWID_ERE,1962,22.970512
Ethiopia (former),OWID_ERE,1963,22.674242
Ethiopia (former),OWID_ERE,1964,22.392782
Ethiopia (former),OWID_ERE,1965,22.668823
Ethiopia (former),OWID_ERE,1966,22.52734
Ethiopia (former),OWID_ERE,1967,22.914936
Ethiopia (former),OWID_ERE,1968,22.41749
Ethiopia (former),OWID_ERE,1969,22.492374
Ethiopia (former),OWID_ERE,1970,22.534039
Ethiopia (former),OWID_ERE,1971,22.404995
Ethiopia (former),OWID_ERE,1972,22.220757
Ethiopia (former),OWID_ERE,1973,21.415918
Ethiopia (former),OWID_ERE,1974,21.15405
Ethiopia (former),OWID_ERE,1975,20.274399
Ethiopia (former),OWID_ERE,1976,19.88123
Ethiopia (former),OWID_ERE,1977,20.077871
Ethiopia (former),OWID_ERE,1978,20.677334
Ethiopia (former),OWID_ERE,1979,22.214811
Ethiopia (former),OWID_ERE,1980,21.521599
Ethiopia (former),OWID_ERE,1981,22.250633
Ethiopia (former),OWID_ERE,1982,21.660782
Ethiopia (former),OWID_ERE,1983,21.338575
Ethiopia (former),OWID_ERE,1984,20.631935
Ethiopia (former),OWID_ERE,1985,27.423056
Ethiopia (former),OWID_ERE,1986,29.756416
Ethiopia (former),OWID_ERE,1987,19.283672
Ethiopia (former),OWID_ERE,1988,21.014603
Ethiopia (former),OWID_ERE,1989,18.964708
Ethiopia (former),OWID_ERE,1990,20.54916
Ethiopia (former),OWID_ERE,1991,17.625044
Ethiopia (former),OWID_ERE,1992,17.329832
Europe,OWID_EUR,1961,171.09045
Europe,OWID_EUR,1962,172.35158
Europe,OWID_EUR,1963,178.13577
Europe,OWID_EUR,1964,176.00182
Europe,OWID_EUR,1965,171.72871
Europe,OWID_EUR,1966,176.87656
Europe,OWID_EUR,1967,186.38832
Europe,OWID_EUR,1968,190.55809
Europe,OWID_EUR,1969,192.93425
Europe,OWID_EUR,1970,195.6438
Europe,OWID_EUR,1971,194.33885
Europe,OWID_EUR,1972,195.13144
Europe,OWID_EUR,1973,191.256
Europe,OWID_EUR,1974,200.19632
Europe,OWID_EUR,1975,203.13759
Europe,OWID_EUR,1976,204.44405
Europe,OWID_EUR,1977,201.81241
Europe,OWID_EUR,1978,206.1551
Europe,OWID_EUR,1979,208.81956
Europe,OWID_EUR,1980,205.76694
Europe,OWID_EUR,1981,204.58344
Europe,OWID_EUR,1982,202.45592
Europe,OWID_EUR,1983,205.47505
Europe,OWID_EUR,1984,209.33768
Europe,OWID_EUR,1985,214.18991
Europe,OWID_EUR,1986,214.5382
Europe,OWID_EUR,1987,213.06934
Europe,OWID_EUR,1988,212.65266
Europe,OWID_EUR,1989,214.11627
Europe,OWID_EUR,1990,209.85565
Europe,OWID_EUR,1991,201.67003
Europe,OWID_EUR,1992,193.76215
Europe,OWID_EUR,1993,195.74834
Europe,OWID_EUR,1994,200.56145
Europe,OWID_EUR,1995,202.76418
Europe,OWID_EUR,1996,205.7466
Europe,OWID_EUR,1997,203.9264
Europe,OWID_EUR,1998,209.04037
Europe,OWID_EUR,1999,210.25252
Europe,OWID_EUR,2000,206.88712
Europe,OWID_EUR,2001,209.18114
Europe,OWID_EUR,2002,214.6788
Europe,OWID_EUR,2003,213.7493
Europe,OWID_EUR,2004,214.6785
Europe,OWID_EUR,2005,218.39262
Europe,OWID_EUR,2006,219.31036
Europe,OWID_EUR,2007,220.96126
Europe,OWID_EUR,2008,219.31847
Europe,OWID_EUR,2009,220.1553
Europe,OWID_EUR,2010,196.39366
Europe,OWID_EUR,2011,197.11784
Europe,OWID_EUR,2012,195.51883
Europe,OWID_EUR,2013,194.94536
Europe,OWID_EUR,2014,196.1229
Europe,OWID_EUR,2015,198.30707
Europe,OWID_EUR,2016,198.1434
Europe,OWID_EUR,2017,200.41783
Europe,OWID_EUR,2018,204.89526
Europe,OWID_EUR,2019,212.28574
Europe,OWID_EUR,2020,213.93835
Europe,OWID_EUR,2021,215.0873
Europe,OWID_EUR,2022,217.55913
Europe,OWID_EUR,2023,220.83856
Europe (FAO),,1961,171.08
Europe (FAO),,1962,172.12
Europe (FAO),,1963,177.78
Europe (FAO),,1964,175.59
Europe (FAO),,1965,171.3
Europe (FAO),,1966,176.52
Europe (FAO),,1967,185.83
Europe (FAO),,1968,189.87
Europe (FAO),,1969,192.42
Europe (FAO),,1970,194.84
Europe (FAO),,1971,193.69
Europe (FAO),,1972,194.37
Europe (FAO),,1973,190.58
Europe (FAO),,1974,199.36
Europe (FAO),,1975,202.22
Europe (FAO),,1976,203.39
Europe (FAO),,1977,201.09
Europe (FAO),,1978,205.39
Europe (FAO),,1979,208.24
Europe (FAO),,1980,205.5
Europe (FAO),,1981,204.43
Europe (FAO),,1982,202.46
Europe (FAO),,1983,205.38
Europe (FAO),,1984,209.28
Europe (FAO),,1985,214.07
Europe (FAO),,1986,214.26
Europe (FAO),,1987,212.82
Europe (FAO),,1988,212.45
Europe (FAO),,1989,214.05
Europe (FAO),,1990,210.23
Europe (FAO),,1991,201.98
Europe (FAO),,1992,194.22
Europe (FAO),,1993,195.77
Europe (FAO),,1994,200.55
Europe (FAO),,1995,202.65
Europe (FAO),,1996,205.58
Europe (FAO),,1997,204.19
Europe (FAO),,1998,209.25
Europe (FAO),,1999,210.26
Europe (FAO),,2000,206.62
Europe (FAO),,2001,208.84
Europe (FAO),,2002,214.43
Europe (FAO),,2003,213.63
Europe (FAO),,2004,214.5
Europe (FAO),,2005,218.12
Europe (FAO),,2006,218.33
Europe (FAO),,2007,219.87
Europe (FAO),,2008,218.24
Europe (FAO),,2009,219.06
Europe (FAO),,2010,196.57
Europe (FAO),,2011,197.31
Europe (FAO),,2012,195.71
Europe (FAO),,2013,195.15
Europe (FAO),,2014,196.37
Europe (FAO),,2015,198.57
Europe (FAO),,2016,198.4
Europe (FAO),,2017,200.69
Europe (FAO),,2018,205.21
Europe (FAO),,2019,212.56
Europe (FAO),,2020,214.19
Europe (FAO),,2021,215.33
Europe (FAO),,2022,217.81
Europe (FAO),,2023,221.08
European Union (27),OWID_EU27,1961,158.57469
European Union (27),OWID_EU27,1962,157.9778
European Union (27),OWID_EU27,1963,162.97543
European Union (27),OWID_EU27,1964,162.14145
European Union (27),OWID_EU27,1965,164.98167
European Union (27),OWID_EU27,1966,168.48349
European Union (27),OWID_EU27,1967,175.62538
European Union (27),OWID_EU27,1968,177.82574
European Union (27),OWID_EU27,1969,177.17026
European Union (27),OWID_EU27,1970,178.51558
European Union (27),OWID_EU27,1971,180.67345
European Union (27),OWID_EU27,1972,184.27682
European Union (27),OWID_EU27,1973,187.09021
European Union (27),OWID_EU27,1974,189.82718
European Union (27),OWID_EU27,1975,188.67116
European Union (27),OWID_EU27,1976,192.5428
European Union (27),OWID_EU27,1977,197.31412
European Union (27),OWID_EU27,1978,202.51396
European Union (27),OWID_EU27,1979,209.77599
European Union (27),OWID_EU27,1980,209.72816
European Union (27),OWID_EU27,1981,209.60414
European Union (27),OWID_EU27,1982,208.86436
European Union (27),OWID_EU27,1983,218.08408
European Union (27),OWID_EU27,1984,218.7208
European Union (27),OWID_EU27,1985,224.22516
European Union (27),OWID_EU27,1986,222.29239
European Union (27),OWID_EU27,1987,222.63338
European Union (27),OWID_EU27,1988,222.38542
European Union (27),OWID_EU27,1989,218.95496
European Union (27),OWID_EU27,1990,210.7783
European Union (27),OWID_EU27,1991,217.66306
European Union (27),OWID_EU27,1992,220.73087
European Union (27),OWID_EU27,1993,225.2041
European Union (27),OWID_EU27,1994,225.91647
European Union (27),OWID_EU27,1995,228.08708
European Union (27),OWID_EU27,1996,226.24298
European Union (27),OWID_EU27,1997,226.61215
European Union (27),OWID_EU27,1998,232.2235
European Union (27),OWID_EU27,1999,235.06464
European Union (27),OWID_EU27,2000,233.33142
European Union (27),OWID_EU27,2001,237.30296
European Union (27),OWID_EU27,2002,242.11717
European Union (27),OWID_EU27,2003,240.1789
European Union (27),OWID_EU27,2004,237.02092
European Union (27),OWID_EU27,2005,239.52751
European Union (27),OWID_EU27,2006,240.73656
European Union (27),OWID_EU27,2007,242.09157
European Union (27),OWID_EU27,2008,238.63557
European Union (27),OWID_EU27,2009,240.15811
European Union (27),OWID_EU27,2010,196.59999
European Union (27),OWID_EU27,2011,199.14
European Union (27),OWID_EU27,2012,195.78998
European Union (27),OWID_EU27,2013,197.64998
European Union (27),OWID_EU27,2014,196.84999
European Union (27),OWID_EU27,2015,200.38
European Union (27),OWID_EU27,2016,203.49
European Union (27),OWID_EU27,2017,205.95999
European Union (27),OWID_EU27,2018,209.44
European Union (27),OWID_EU27,2019,219.32
European Union (27),OWID_EU27,2020,222.69
European Union (27),OWID_EU27,2021,228.37
European Union (27),OWID_EU27,2022,231.73999
European Union (27),OWID_EU27,2023,232.82999
Fiji,FJI,1961,35.082005
Fiji,FJI,1962,40.28382
Fiji,FJI,1963,47.977978
Fiji,FJI,1964,74.22551
Fiji,FJI,1965,68.27702
Fiji,FJI,1966,64.419914
Fiji,FJI,1967,56.275223
Fiji,FJI,1968,42.433903
Fiji,FJI,1969,48.002995
Fiji,FJI,1970,58.887344
Fiji,FJI,1971,48.29106
Fiji,FJI,1972,48.331722
Fiji,FJI,1973,67.00718
Fiji,FJI,1974,57.75465
Fiji,FJI,1975,59.05063
Fiji,FJI,1976,52.810585
Fiji,FJI,1977,61.18934
Fiji,FJI,1978,52.92053
Fiji,FJI,1979,55.25683
Fiji,FJI,1980,46.874382
Fiji,FJI,1981,47.537327
Fiji,FJI,1982,51.819397
Fiji,FJI,1983,66.916695
Fiji,FJI,1984,58.88454
Fiji,FJI,1985,47.43604
Fiji,FJI,1986,46.518696
Fiji,FJI,1987,46.770493
Fiji,FJI,1988,40.766644
Fiji,FJI,1989,37.289738
Fiji,FJI,1990,53.903957
Fiji,FJI,1991,52.923817
Fiji,FJI,1992,59.000927
Fiji,FJI,1993,61.861134
Fiji,FJI,1994,53.59636
Fiji,FJI,1995,59.738644
Fiji,FJI,1996,51.86859
Fiji,FJI,1997,48.645573
Fiji,FJI,1998,42.784473
Fiji,FJI,1999,45.43186
Fiji,FJI,2000,27.529745
Fiji,FJI,2001,39.24366
Fiji,FJI,2002,30.231838
Fiji,FJI,2003,33.187496
Fiji,FJI,2004,40.18338
Fiji,FJI,2005,37.327896
Fiji,FJI,2006,32.418076
Fiji,FJI,2007,32.243332
Fiji,FJI,2008,35.893703
Fiji,FJI,2009,39.789825
Fiji,FJI,2010,21.519835
Fiji,FJI,2011,21.589975
Fiji,FJI,2012,28.8
Fiji,FJI,2013,28.51972
Fiji,FJI,2014,40.8696
Fiji,FJI,2015,28.959843
Fiji,FJI,2016,38.550125
Fiji,FJI,2017,38.879917
Fiji,FJI,2018,56.52969
Fiji,FJI,2019,49.849674
Fiji,FJI,2020,56.419323
Fiji,FJI,2021,60.409473
Fiji,FJI,2022,48.639576
Fiji,FJI,2023,58.78
Finland,FIN,1961,358.58087
Finland,FIN,1962,338.2554
Finland,FIN,1963,344.3917
Finland,FIN,1964,337.4305
Finland,FIN,1965,347.0346
Finland,FIN,1966,349.6104
Finland,FIN,1967,354.42935
Finland,FIN,1968,338.58035
Finland,FIN,1969,332.1604
Finland,FIN,1970,305.5559
Finland,FIN,1971,326.63766
Finland,FIN,1972,325.1116
Finland,FIN,1973,344.41803
Finland,FIN,1974,326.91385
Finland,FIN,1975,345.64737
Finland,FIN,1976,336.62823
Finland,FIN,1977,330.07916
Finland,FIN,1978,339.14984
Finland,FIN,1979,339.60754
Finland,FIN,1980,326.17557
Finland,FIN,1981,336.30063
Finland,FIN,1982,351.0857
Finland,FIN,1983,317.94714
Finland,FIN,1984,325.1516
Finland,FIN,1985,302.08386
Finland,FIN,1986,315.0957
Finland,FIN,1987,305.3834
Finland,FIN,1988,338.2969
Finland,FIN,1989,351.99622
Finland,FIN,1990,347.93958
Finland,FIN,1991,316.04153
Finland,FIN,1992,330.2713
Finland,FIN,1993,315.80093
Finland,FIN,1994,340.93552
Finland,FIN,1995,361.49573
Finland,FIN,1996,343.14603
Finland,FIN,1997,350.39313
Finland,FIN,1998,368.54102
Finland,FIN,1999,348.46518
Finland,FIN,2000,351.6366
Finland,FIN,2001,357.68207
Finland,FIN,2002,349.86313
Finland,FIN,2003,356.29288
Finland,FIN,2004,336.09055
Finland,FIN,2005,342.16492
Finland,FIN,2006,342.1838
Finland,FIN,2007,363.7558
Finland,FIN,2008,384.78436
Finland,FIN,2009,379.51544
Finland,FIN,2010,316.84018
Finland,FIN,2011,331.87027
Finland,FIN,2012,355.07947
Finland,FIN,2013,371.87952
Finland,FIN,2014,378.9396
Finland,FIN,2015,367.1701
Finland,FIN,2016,375.40015
Finland,FIN,2017,369.16013
Finland,FIN,2018,367.00067
Finland,FIN,2019,267.00027
Finland,FIN,2020,269.1797
Finland,FIN,2021,267.76004
Finland,FIN,2022,264.54
Finland,FIN,2023,257.8102
France,FRA,1961,216.61642
France,FRA,1962,211.20914
France,FRA,1963,215.50986
France,FRA,1964,213.48752
France,FRA,1965,216.39796
France,FRA,1966,224.68564
France,FRA,1967,234.0626
France,FRA,1968,250.20888
France,FRA,1969,229.13766
France,FRA,1970,237.4592
France,FRA,1971,234.65338
France,FRA,1972,234.54442
France,FRA,1973,236.4426
France,FRA,1974,232.12352
France,FRA,1975,228.27318
France,FRA,1976,235.78696
France,FRA,1977,253.76677
France,FRA,1978,256.2743
France,FRA,1979,276.7985
France,FRA,1980,269.82968
France,FRA,1981,281.41
France,FRA,1982,276.17676
France,FRA,1983,276.02954
France,FRA,1984,276.5606
France,FRA,1985,292.59933
France,FRA,1986,294.04504
France,FRA,1987,287.24838
France,FRA,1988,275.48227
France,FRA,1989,275.9076
France,FRA,1990,266.5736
France,FRA,1991,286.29974
France,FRA,1992,278.88007
France,FRA,1993,271.81808
France,FRA,1994,265.91354
France,FRA,1995,271.40286
France,FRA,1996,255.5772
France,FRA,1997,255.16194
France,FRA,1998,260.9145
France,FRA,1999,265.4771
France,FRA,2000,263.02747
France,FRA,2001,270.84793
France,FRA,2002,277.45972
France,FRA,2003,271.4841
France,FRA,2004,264.16412
France,FRA,2005,256.2791
France,FRA,2006,258.7032
France,FRA,2007,259.4465
France,FRA,2008,238.8824
France,FRA,2009,241.51105
France,FRA,2010,205.49998
France,FRA,2011,208.14001
France,FRA,2012,202.08002
France,FRA,2013,196.98999
France,FRA,2014,178.62999
France,FRA,2015,180.76001
France,FRA,2016,182.28001
France,FRA,2017,188.92001
France,FRA,2018,184.87
France,FRA,2019,249.5
France,FRA,2020,253.31003
France,FRA,2021,271.11
France,FRA,2022,258.68997
France,FRA,2023,258.69998
French Polynesia,PYF,1961,30.12428
French Polynesia,PYF,1962,30.817389
French Polynesia,PYF,1963,33.036503
French Polynesia,PYF,1964,45.1968
French Polynesia,PYF,1965,51.907154
French Polynesia,PYF,1966,63.217564
French Polynesia,PYF,1967,69.7292
French Polynesia,PYF,1968,74.009254
French Polynesia,PYF,1969,66.083694
French Polynesia,PYF,1970,69.100296
French Polynesia,PYF,1971,73.97112
French Polynesia,PYF,1972,58.457916
French Polynesia,PYF,1973,60.65506
French Polynesia,PYF,1974,60.860477
French Polynesia,PYF,1975,58.701054
French Polynesia,PYF,1976,62.899338
French Polynesia,PYF,1977,56.324295
French Polynesia,PYF,1978,59.737938
French Polynesia,PYF,1979,66.448784
French Polynesia,PYF,1980,60.24245
French Polynesia,PYF,1981,64.03458
French Polynesia,PYF,1982,58.149353
French Polynesia,PYF,1983,63.342842
French Polynesia,PYF,1984,63.971558
French Polynesia,PYF,1985,63.55972
French Polynesia,PYF,1986,68.31247
French Polynesia,PYF,1987,69.041595
French Polynesia,PYF,1988,67.10074
French Polynesia,PYF,1989,68.87413
French Polynesia,PYF,1990,81.39395
French Polynesia,PYF,1991,87.80833
French Polynesia,PYF,1992,80.59697
French Polynesia,PYF,1993,91.70288
French Polynesia,PYF,1994,87.17559
French Polynesia,PYF,1995,96.38452
French Polynesia,PYF,1996,94.446785
French Polynesia,PYF,1997,92.1097
French Polynesia,PYF,1998,85.532555
French Polynesia,PYF,1999,82.7001
French Polynesia,PYF,2000,89.15135
French Polynesia,PYF,2001,91.17457
French Polynesia,PYF,2002,93.408195
French Polynesia,PYF,2003,95.20676
French Polynesia,PYF,2004,96.67477
French Polynesia,PYF,2005,96.23531
French Polynesia,PYF,2006,92.503395
French Polynesia,PYF,2007,95.46253
French Polynesia,PYF,2008,90.12299
French Polynesia,PYF,2009,92.914314
French Polynesia,PYF,2010,118.71561
French Polynesia,PYF,2011,115.50831
French Polynesia,PYF,2012,117.32484
French Polynesia,PYF,2013,109.7376
French Polynesia,PYF,2014,108.51961
French Polynesia,PYF,2015,114.35712
French Polynesia,PYF,2016,137
French Polynesia,PYF,2017,136.00708
French Polynesia,PYF,2018,141.46849
French Polynesia,PYF,2019,130.16533
French Polynesia,PYF,2020,140.95596
French Polynesia,PYF,2021,130.37163
French Polynesia,PYF,2022,129.62631
French Polynesia,PYF,2023,138.14754
Gabon,GAB,1961,4.7261395
Gabon,GAB,1962,3.83213
Gabon,GAB,1963,5.9614005
Gabon,GAB,1964,5.330344
Gabon,GAB,1965,5.5116415
Gabon,GAB,1966,6.2267275
Gabon,GAB,1967,6.2359486
Gabon,GAB,1968,6.7926335
Gabon,GAB,1969,9.041531
Gabon,GAB,1970,8.649322
Gabon,GAB,1971,8.486147
Gabon,GAB,1972,11.048105
Gabon,GAB,1973,8.716063
Gabon,GAB,1974,14.323551
Gabon,GAB,1975,22.555552
Gabon,GAB,1976,22.938383
Gabon,GAB,1977,26.670519
Gabon,GAB,1978,32.416325
Gabon,GAB,1979,21.015905
Gabon,GAB,1980,24.50412
Gabon,GAB,1981,23.734697
Gabon,GAB,1982,23.318092
Gabon,GAB,1983,23.007446
Gabon,GAB,1984,26.179403
Gabon,GAB,1985,29.12616
Gabon,GAB,1986,20.783825
Gabon,GAB,1987,23.411114
Gabon,GAB,1988,21.422628
Gabon,GAB,1989,20.572577
Gabon,GAB,1990,18.993137
Gabon,GAB,1991,23.467794
Gabon,GAB,1992,24.869509
Gabon,GAB,1993,31.778555
Gabon,GAB,1994,22.065672
Gabon,GAB,1995,24.653582
Gabon,GAB,1996,25.77037
Gabon,GAB,1997,33.69295
Gabon,GAB,1998,32.1667
Gabon,GAB,1999,31.511082
Gabon,GAB,2000,31.217596
Gabon,GAB,2001,33.282185
Gabon,GAB,2002,26.843636
Gabon,GAB,2003,24.34262
Gabon,GAB,2004,34.129333
Gabon,GAB,2005,33.582138
Gabon,GAB,2006,34.511444
Gabon,GAB,2007,34.598003
Gabon,GAB,2008,25.864208
Gabon,GAB,2009,29.958244
Gabon,GAB,2010,35.24994
Gabon,GAB,2011,33.08987
Gabon,GAB,2012,35.979942
Gabon,GAB,2013,34.899982
Gabon,GAB,2014,39.1
Gabon,GAB,2015,36.1
Gabon,GAB,2016,34.48
Gabon,GAB,2017,31.799969
Gabon,GAB,2018,24.87
Gabon,GAB,2019,25.969988
Gabon,GAB,2020,38.900036
Gabon,GAB,2021,32.53988
Gabon,GAB,2022,30.3
Gabon,GAB,2023,31.81
Gambia,GMB,1961,11.3486185
Gambia,GMB,1962,11.935712
Gambia,GMB,1963,10.6492405
Gambia,GMB,1964,9.543536
Gambia,GMB,1965,8.812221
Gambia,GMB,1966,10.693667
Gambia,GMB,1967,10.8233
Gambia,GMB,1968,12.600801
Gambia,GMB,1969,11.485328
Gambia,GMB,1970,14.183166
Gambia,GMB,1971,12.510707
Gambia,GMB,1972,10.494166
Gambia,GMB,1973,11.393237
Gambia,GMB,1974,13.579962
Gambia,GMB,1975,12.938521
Gambia,GMB,1976,14.246432
Gambia,GMB,1977,13.351647
Gambia,GMB,1978,15.538736
Gambia,GMB,1979,16.020473
Gambia,GMB,1980,12.665099
Gambia,GMB,1981,28.301779
Gambia,GMB,1982,22.517895
Gambia,GMB,1983,28.64702
Gambia,GMB,1984,22.745903
Gambia,GMB,1985,36.15345
Gambia,GMB,1986,23.172516
Gambia,GMB,1987,24.134628
Gambia,GMB,1988,24.486364
Gambia,GMB,1989,17.55263
Gambia,GMB,1990,11.98087
Gambia,GMB,1991,10.646441
Gambia,GMB,1992,15.201518
Gambia,GMB,1993,16.650543
Gambia,GMB,1994,13.0720005
Gambia,GMB,1995,13.389079
Gambia,GMB,1996,15.428305
Gambia,GMB,1997,15.083927
Gambia,GMB,1998,15.310314
Gambia,GMB,1999,26.003916
Gambia,GMB,2000,21.487093
Gambia,GMB,2001,20.746275
Gambia,GMB,2002,20.017347
Gambia,GMB,2003,25.378954
Gambia,GMB,2004,23.533281
Gambia,GMB,2005,19.78312
Gambia,GMB,2006,21.41847
Gambia,GMB,2007,23.015816
Gambia,GMB,2008,26.215235
Gambia,GMB,2009,28.81188
Gambia,GMB,2010,63.879868
Gambia,GMB,2011,61.829845
Gambia,GMB,2012,60.63979
Gambia,GMB,2013,57.549866
Gambia,GMB,2014,58.859867
Gambia,GMB,2015,58.26
Gambia,GMB,2016,59.62987
Gambia,GMB,2017,64.46997
Gambia,GMB,2018,63.849915
Gambia,GMB,2019,69.3398
Gambia,GMB,2020,78.249565
Gambia,GMB,2021,51.8599
Gambia,GMB,2022,49.199963
Gambia,GMB,2023,42.180065
Georgia,GEO,1992,69.81667
Georgia,GEO,1993,68.62962
Georgia,GEO,1994,81.238976
Georgia,GEO,1995,91.92262
Georgia,GEO,1996,108.50364
Georgia,GEO,1997,127.14457
Georgia,GEO,1998,137.80342
Georgia,GEO,1999,147.55307
Georgia,GEO,2000,143.43703
Georgia,GEO,2001,168.90004
Georgia,GEO,2002,179.36636
Georgia,GEO,2003,187.51692
Georgia,GEO,2004,197.3272
Georgia,GEO,2005,200.668
Georgia,GEO,2006,164.07526
Georgia,GEO,2007,170.3873
Georgia,GEO,2008,172.6148
Georgia,GEO,2009,147.58586
Georgia,GEO,2010,158.2595
Georgia,GEO,2011,158.23984
Georgia,GEO,2012,162.16008
Georgia,GEO,2013,169.59007
Georgia,GEO,2014,167.69995
Georgia,GEO,2015,163.3
Georgia,GEO,2016,157.06996
Georgia,GEO,2017,158.54
Georgia,GEO,2018,168.54996
Georgia,GEO,2019,170.9799
Georgia,GEO,2020,172.56
Georgia,GEO,2021,182.38
Georgia,GEO,2022,177.04991
Georgia,GEO,2023,188.81981
Germany,DEU,1961,172.31154
Germany,DEU,1962,175.51663
Germany,DEU,1963,180.6317
Germany,DEU,1964,178.87817
Germany,DEU,1965,180.60101
Germany,DEU,1966,170.9862
Germany,DEU,1967,174.949
Germany,DEU,1968,177.22772
Germany,DEU,1969,179.30412
Germany,DEU,1970,180.35095
Germany,DEU,1971,177.43033
Germany,DEU,1972,177.47705
Germany,DEU,1973,180.4272
Germany,DEU,1974,181.7549
Germany,DEU,1975,182.60992
Germany,DEU,1976,189.16837
Germany,DEU,1977,184.13834
Germany,DEU,1978,190.119
Germany,DEU,1979,191.59596
Germany,DEU,1980,197.28722
Germany,DEU,1981,196.70068
Germany,DEU,1982,197.70349
Germany,DEU,1983,219.71912
Germany,DEU,1984,225.77097
Germany,DEU,1985,224.28542
Germany,DEU,1986,222.44574
Germany,DEU,1987,233.0342
Germany,DEU,1988,244.93219
Germany,DEU,1989,237.51242
Germany,DEU,1990,222.71567
Germany,DEU,1991,236.21722
Germany,DEU,1992,233.00998
Germany,DEU,1993,224.26347
Germany,DEU,1994,233.36351
Germany,DEU,1995,237.17792
Germany,DEU,1996,233.18819
Germany,DEU,1997,234.60478
Germany,DEU,1998,227.84311
Germany,DEU,1999,235.41115
Germany,DEU,2000,230.43143
Germany,DEU,2001,238.72002
Germany,DEU,2002,252.01863
Germany,DEU,2003,255.79785
Germany,DEU,2004,246.68709
Germany,DEU,2005,254.46082
Germany,DEU,2006,260.98166
Germany,DEU,2007,266.43982
Germany,DEU,2008,260.01645
Germany,DEU,2009,272.77066
Germany,DEU,2010,152.15001
Germany,DEU,2011,155.04999
Germany,DEU,2012,147.28
Germany,DEU,2013,149.42
Germany,DEU,2014,162.46
Germany,DEU,2015,163.91
Germany,DEU,2016,170.92
Germany,DEU,2017,180.44
Germany,DEU,2018,178.74
Germany,DEU,2019,210.81001
Germany,DEU,2020,214.84
Germany,DEU,2021,208.92
Germany,DEU,2022,217.03
Germany,DEU,2023,226.57999
Ghana,GHA,1961,7.3342113
Ghana,GHA,1962,7.494143
Ghana,GHA,1963,6.4246483
Ghana,GHA,1964,6.600355
Ghana,GHA,1965,10.23228
Ghana,GHA,1966,9.215662
Ghana,GHA,1967,8.591902
Ghana,GHA,1968,9.670357
Ghana,GHA,1969,9.489611
Ghana,GHA,1970,9.487142
Ghana,GHA,1971,11.870319
Ghana,GHA,1972,8.161769
Ghana,GHA,1973,7.8633585
Ghana,GHA,1974,8.643144
Ghana,GHA,1975,5.845154
Ghana,GHA,1976,9.603057
Ghana,GHA,1977,7.1065645
Ghana,GHA,1978,6.066563
Ghana,GHA,1979,3.2297351
Ghana,GHA,1980,2.9398856
Ghana,GHA,1981,1.4574487
Ghana,GHA,1982,1.9990636
Ghana,GHA,1983,4.8296704
Ghana,GHA,1984,5.7367516
Ghana,GHA,1985,4.682337
Ghana,GHA,1986,3.800531
Ghana,GHA,1987,3.6794386
Ghana,GHA,1988,3.6249588
Ghana,GHA,1989,3.5566344
Ghana,GHA,1990,3.2879176
Ghana,GHA,1991,4.4211903
Ghana,GHA,1992,4.731977
Ghana,GHA,1993,2.8669863
Ghana,GHA,1994,2.6922078
Ghana,GHA,1995,2.8514566
Ghana,GHA,1996,2.1689978
Ghana,GHA,1997,2.196125
Ghana,GHA,1998,4.6922374
Ghana,GHA,1999,4.58883
Ghana,GHA,2000,5.9148417
Ghana,GHA,2001,6.8018413
Ghana,GHA,2002,8.752674
Ghana,GHA,2003,6.3679957
Ghana,GHA,2004,7.6985817
Ghana,GHA,2005,7.067848
Ghana,GHA,2006,8.563649
Ghana,GHA,2007,8.108195
Ghana,GHA,2008,9.148722
Ghana,GHA,2009,5.650784
Ghana,GHA,2010,7.7999973
Ghana,GHA,2011,8.58
Ghana,GHA,2012,7.999999
Ghana,GHA,2013,8.499999
Ghana,GHA,2014,8.219999
Ghana,GHA,2015,10.4
Ghana,GHA,2016,8.570001
Ghana,GHA,2017,9.149995
Ghana,GHA,2018,7.659997
Ghana,GHA,2019,9.819999
Ghana,GHA,2020,10.350003
Ghana,GHA,2021,11.710003
Ghana,GHA,2022,8.129999
Ghana,GHA,2023,5.899999
Greece,GRC,1961,100.19111
Greece,GRC,1962,121.37
Greece,GRC,1963,123.337074
Greece,GRC,1964,126.29905
Greece,GRC,1965,133.52269
Greece,GRC,1966,141.78052
Greece,GRC,1967,147.94339
Greece,GRC,1968,147.08626
Greece,GRC,1969,152.9088
Greece,GRC,1970,160.0632
Greece,GRC,1971,162.83577
Greece,GRC,1972,161.84445
Greece,GRC,1973,193.86453
Greece,GRC,1974,198.39233
Greece,GRC,1975,193.07088
Greece,GRC,1976,195.91138
Greece,GRC,1977,192.35356
Greece,GRC,1978,194.072
Greece,GRC,1979,203.63203
Greece,GRC,1980,198.56546
Greece,GRC,1981,201.04443
Greece,GRC,1982,202.76085
Greece,GRC,1983,202.65344
Greece,GRC,1984,201.66147
Greece,GRC,1985,209.92264
Greece,GRC,1986,218.47397
Greece,GRC,1987,221.01332
Greece,GRC,1988,217.22533
Greece,GRC,1989,229.44049
Greece,GRC,1990,223.98093
Greece,GRC,1991,228.96724
Greece,GRC,1992,236.81358
Greece,GRC,1993,246.62093
Greece,GRC,1994,254.566
Greece,GRC,1995,260.6816
Greece,GRC,1996,249.73222
Greece,GRC,1997,263.93677
Greece,GRC,1998,273.41995
Greece,GRC,1999,273.0583
Greece,GRC,2000,266.1301
Greece,GRC,2001,247.17169
Greece,GRC,2002,262.9971
Greece,GRC,2003,283.34598
Greece,GRC,2004,281.91876
Greece,GRC,2005,272.86902
Greece,GRC,2006,287.53973
Greece,GRC,2007,316.4079
Greece,GRC,2008,284.49725
Greece,GRC,2009,284.26215
Greece,GRC,2010,294.4401
Greece,GRC,2011,276.56006
Greece,GRC,2012,265.48022
Greece,GRC,2013,258.62015
Greece,GRC,2014,267.51004
Greece,GRC,2015,260.56998
Greece,GRC,2016,251.92986
Greece,GRC,2017,251.79996
Greece,GRC,2018,266.00986
Greece,GRC,2019,234.08998
Greece,GRC,2020,222.33
Greece,GRC,2021,230.75996
Greece,GRC,2022,230.98999
Greece,GRC,2023,257.2
Grenada,GRD,1961,28.994934
Grenada,GRD,1962,40.372227
Grenada,GRD,1963,45.374954
Grenada,GRD,1964,51.387924
Grenada,GRD,1965,55.219154
Grenada,GRD,1966,65.497215
Grenada,GRD,1967,66.262405
Grenada,GRD,1968,78.9173
Grenada,GRD,1969,56.649868
Grenada,GRD,1970,61.19536
Grenada,GRD,1971,64.97937
Grenada,GRD,1972,62.541073
Grenada,GRD,1973,78.79116
Grenada,GRD,1974,66.10014
Grenada,GRD,1975,66.48965
Grenada,GRD,1976,68.807945
Grenada,GRD,1977,86.928925
Grenada,GRD,1978,83.21401
Grenada,GRD,1979,91.6959
Grenada,GRD,1980,98.06999
Grenada,GRD,1981,99.826614
Grenada,GRD,1982,101.89716
Grenada,GRD,1983,86.45388
Grenada,GRD,1984,94.11357
Grenada,GRD,1985,127.51238
Grenada,GRD,1986,132.09789
Grenada,GRD,1987,139.44063
Grenada,GRD,1988,139.79922
Grenada,GRD,1989,112.535385
Grenada,GRD,1990,123.566154
Grenada,GRD,1991,112.70757
Grenada,GRD,1992,112.150696
Grenada,GRD,1993,88.58454
Grenada,GRD,1994,94.681046
Grenada,GRD,1995,89.941284
Grenada,GRD,1996,90.234604
Grenada,GRD,1997,100.11861
Grenada,GRD,1998,98.082115
Grenada,GRD,1999,101.32738
Grenada,GRD,2000,90.8894
Grenada,GRD,2001,94.20063
Grenada,GRD,2002,106.502846
Grenada,GRD,2003,103.10997
Grenada,GRD,2004,102.05043
Grenada,GRD,2005,130.07335
Grenada,GRD,2006,101.51413
Grenada,GRD,2007,92.791954
Grenada,GRD,2008,93.12187
Grenada,GRD,2009,94.13334
Grenada,GRD,2010,80.91274
Grenada,GRD,2011,68.33207
Grenada,GRD,2012,84.44352
Grenada,GRD,2013,76.9939
Grenada,GRD,2014,78.37764
Grenada,GRD,2015,79.51237
Grenada,GRD,2016,157.17679
Grenada,GRD,2017,167.30841
Grenada,GRD,2018,158.43219
Grenada,GRD,2019,152.09033
Grenada,GRD,2020,139.65439
Grenada,GRD,2021,137.95291
Grenada,GRD,2022,133.90938
Grenada,GRD,2023,149.11218
Guatemala,GTM,1961,38.199944
Guatemala,GTM,1962,34.732742
Guatemala,GTM,1963,44.68522
Guatemala,GTM,1964,52.22059
Guatemala,GTM,1965,40.4651
Guatemala,GTM,1966,40.13009
Guatemala,GTM,1967,42.56597
Guatemala,GTM,1968,43.00632
Guatemala,GTM,1969,48.437847
Guatemala,GTM,1970,52.825592
Guatemala,GTM,1971,51.396046
Guatemala,GTM,1972,50.036423
Guatemala,GTM,1973,47.919857
Guatemala,GTM,1974,48.6416
Guatemala,GTM,1975,45.832947
Guatemala,GTM,1976,40.044807
Guatemala,GTM,1977,42.904976
Guatemala,GTM,1978,49.233315
Guatemala,GTM,1979,47.3116
Guatemala,GTM,1980,43.09032
Guatemala,GTM,1981,42.175594
Guatemala,GTM,1982,40.772488
Guatemala,GTM,1983,44.060566
Guatemala,GTM,1984,38.226025
Guatemala,GTM,1985,35.202507
Guatemala,GTM,1986,37.617123
Guatemala,GTM,1987,42.242786
Guatemala,GTM,1988,41.832443
Guatemala,GTM,1989,39.95735
Guatemala,GTM,1990,36.33909
Guatemala,GTM,1991,37.62224
Guatemala,GTM,1992,37.30182
Guatemala,GTM,1993,36.51482
Guatemala,GTM,1994,40.981422
Guatemala,GTM,1995,39.866302
Guatemala,GTM,1996,41.271057
Guatemala,GTM,1997,44.763355
Guatemala,GTM,1998,41.529175
Guatemala,GTM,1999,39.63765
Guatemala,GTM,2000,40.237343
Guatemala,GTM,2001,44.872875
Guatemala,GTM,2002,46.998966
Guatemala,GTM,2003,49.259956
Guatemala,GTM,2004,46.50768
Guatemala,GTM,2005,49.882324
Guatemala,GTM,2006,48.276333
Guatemala,GTM,2007,47.030384
Guatemala,GTM,2008,45.012867
Guatemala,GTM,2009,48.32713
Guatemala,GTM,2010,44.87998
Guatemala,GTM,2011,42.420017
Guatemala,GTM,2012,52.56004
Guatemala,GTM,2013,57.340004
Guatemala,GTM,2014,66.18002
Guatemala,GTM,2015,68.32998
Guatemala,GTM,2016,69.159996
Guatemala,GTM,2017,73.08998
Guatemala,GTM,2018,73.73001
Guatemala,GTM,2019,77.94999
Guatemala,GTM,2020,73.42999
Guatemala,GTM,2021,78.48999
Guatemala,GTM,2022,78.97002
Guatemala,GTM,2023,82.979996
Guinea,GIN,1961,8.83269
Guinea,GIN,1962,8.893791
Guinea,GIN,1963,9.002888
Guinea,GIN,1964,9.096771
Guinea,GIN,1965,9.192698
Guinea,GIN,1966,9.265005
Guinea,GIN,1967,8.811412
Guinea,GIN,1968,8.639685
Guinea,GIN,1969,8.293568
Guinea,GIN,1970,8.098128
Guinea,GIN,1971,8.142367
Guinea,GIN,1972,8.230975
Guinea,GIN,1973,8.342033
Guinea,GIN,1974,8.719774
Guinea,GIN,1975,8.356258
Guinea,GIN,1976,8.776439
Guinea,GIN,1977,9.96898
Guinea,GIN,1978,10.042041
Guinea,GIN,1979,9.895183
Guinea,GIN,1980,9.707032
Guinea,GIN,1981,9.086792
Guinea,GIN,1982,9.031503
Guinea,GIN,1983,10.08711
Guinea,GIN,1984,10.463069
Guinea,GIN,1985,11.894474
Guinea,GIN,1986,9.634281
Guinea,GIN,1987,11.716396
Guinea,GIN,1988,9.981403
Guinea,GIN,1989,10.316208
Guinea,GIN,1990,9.552463
Guinea,GIN,1991,10.082138
Guinea,GIN,1992,12.631661
Guinea,GIN,1993,12.053219
Guinea,GIN,1994,10.986957
Guinea,GIN,1995,13.747754
Guinea,GIN,1996,11.00165
Guinea,GIN,1997,11.150072
Guinea,GIN,1998,11.154627
Guinea,GIN,1999,12.113029
Guinea,GIN,2000,14.101369
Guinea,GIN,2001,11.551051
Guinea,GIN,2002,11.482088
Guinea,GIN,2003,12.037034
Guinea,GIN,2004,12.078554
Guinea,GIN,2005,12.739216
Guinea,GIN,2006,14.62402
Guinea,GIN,2007,14.515844
Guinea,GIN,2008,12.890012
Guinea,GIN,2009,14.108628
Guinea,GIN,2010,18.87
Guinea,GIN,2011,19.359997
Guinea,GIN,2012,21.23
Guinea,GIN,2013,20.669992
Guinea,GIN,2014,18.309998
Guinea,GIN,2015,18.459988
Guinea,GIN,2016,21.749998
Guinea,GIN,2017,20.719986
Guinea,GIN,2018,17.98999
Guinea,GIN,2019,20.23
Guinea,GIN,2020,17.909992
Guinea,GIN,2021,18.259993
Guinea,GIN,2022,18.520006
Guinea,GIN,2023,14.900001
Guinea-Bissau,GNB,1961,15.483928
Guinea-Bissau,GNB,1962,15.719645
Guinea-Bissau,GNB,1963,15.981198
Guinea-Bissau,GNB,1964,15.682473
Guinea-Bissau,GNB,1965,16.228252
Guinea-Bissau,GNB,1966,17.702688
Guinea-Bissau,GNB,1967,18.705837
Guinea-Bissau,GNB,1968,19.403887
Guinea-Bissau,GNB,1969,20.66586
Guinea-Bissau,GNB,1970,22.90656
Guinea-Bissau,GNB,1971,23.251114
Guinea-Bissau,GNB,1972,23.029789
Guinea-Bissau,GNB,1973,22.11194
Guinea-Bissau,GNB,1974,19.803308
Guinea-Bissau,GNB,1975,19.659986
Guinea-Bissau,GNB,1976,24.083916
Guinea-Bissau,GNB,1977,23.873598
Guinea-Bissau,GNB,1978,21.263268
Guinea-Bissau,GNB,1979,21.158953
Guinea-Bissau,GNB,1980,16.787804
Guinea-Bissau,GNB,1981,15.851173
Guinea-Bissau,GNB,1982,16.813375
Guinea-Bissau,GNB,1983,17.128252
Guinea-Bissau,GNB,1984,16.63094
Guinea-Bissau,GNB,1985,17.040192
Guinea-Bissau,GNB,1986,22.44495
Guinea-Bissau,GNB,1987,22.175316
Guinea-Bissau,GNB,1988,19.086836
Guinea-Bissau,GNB,1989,20.828896
Guinea-Bissau,GNB,1990,21.495668
Guinea-Bissau,GNB,1991,21.329908
Guinea-Bissau,GNB,1992,25.045614
Guinea-Bissau,GNB,1993,24.305027
Guinea-Bissau,GNB,1994,17.270496
Guinea-Bissau,GNB,1995,17.049868
Guinea-Bissau,GNB,1996,17.288403
Guinea-Bissau,GNB,1997,17.038067
Guinea-Bissau,GNB,1998,16.185596
Guinea-Bissau,GNB,1999,15.402405
Guinea-Bissau,GNB,2000,16.516308
Guinea-Bissau,GNB,2001,15.649423
Guinea-Bissau,GNB,2002,16.506948
Guinea-Bissau,GNB,2003,17.131063
Guinea-Bissau,GNB,2004,15.573868
Guinea-Bissau,GNB,2005,15.243176
Guinea-Bissau,GNB,2006,16.528688
Guinea-Bissau,GNB,2007,16.312874
Guinea-Bissau,GNB,2008,16.341764
Guinea-Bissau,GNB,2009,16.694967
Guinea-Bissau,GNB,2010,21.489971
Guinea-Bissau,GNB,2011,19.66995
Guinea-Bissau,GNB,2012,19.019943
Guinea-Bissau,GNB,2013,21.249874
Guinea-Bissau,GNB,2014,20.029932
Guinea-Bissau,GNB,2015,19.159988
Guinea-Bissau,GNB,2016,19.879913
Guinea-Bissau,GNB,2017,18.96996
Guinea-Bissau,GNB,2018,18.27003
Guinea-Bissau,GNB,2019,18.159962
Guinea-Bissau,GNB,2020,19.800009
Guinea-Bissau,GNB,2021,20.57999
Guinea-Bissau,GNB,2022,19.609955
Guinea-Bissau,GNB,2023,16.979977
Guyana,GUY,1961,65.976204
Guyana,GUY,1962,69.373604
Guyana,GUY,1963,71.92588
Guyana,GUY,1964,77.0047
Guyana,GUY,1965,73.462166
Guyana,GUY,1966,75.593704
Guyana,GUY,1967,77.47837
Guyana,GUY,1968,75.19608
Guyana,GUY,1969,81.94689
Guyana,GUY,1970,75.09455
Guyana,GUY,1971,72.76728
Guyana,GUY,1972,69.06853
Guyana,GUY,1973,64.83307
Guyana,GUY,1974,53.265045
Guyana,GUY,1975,53.104744
Guyana,GUY,1976,62.33639
Guyana,GUY,1977,60.21257
Guyana,GUY,1978,58.510788
Guyana,GUY,1979,60.30384
Guyana,GUY,1980,82.037476
Guyana,GUY,1981,78.85316
Guyana,GUY,1982,44.488113
Guyana,GUY,1983,49.03643
Guyana,GUY,1984,32.904556
Guyana,GUY,1985,31.435518
Guyana,GUY,1986,25.402225
Guyana,GUY,1987,36.90527
Guyana,GUY,1988,27.991388
Guyana,GUY,1989,30.918686
Guyana,GUY,1990,36.864357
Guyana,GUY,1991,34.80284
Guyana,GUY,1992,45.534637
Guyana,GUY,1993,62.42233
Guyana,GUY,1994,47.729473
Guyana,GUY,1995,60.01432
Guyana,GUY,1996,72.37576
Guyana,GUY,1997,86.12524
Guyana,GUY,1998,107.17293
Guyana,GUY,1999,133.36235
Guyana,GUY,2000,107.839905
Guyana,GUY,2001,111.37557
Guyana,GUY,2002,134.11961
Guyana,GUY,2003,130.45435
Guyana,GUY,2004,131.55737
Guyana,GUY,2005,122.69257
Guyana,GUY,2006,126.55657
Guyana,GUY,2007,124.57357
Guyana,GUY,2008,128.36772
Guyana,GUY,2009,124.98542
Guyana,GUY,2010,107.81014
Guyana,GUY,2011,138.26797
Guyana,GUY,2012,147.20882
Guyana,GUY,2013,145.54
Guyana,GUY,2014,139.08981
Guyana,GUY,2015,174.71931
Guyana,GUY,2016,136.77946
Guyana,GUY,2017,143.24944
Guyana,GUY,2018,146.51945
Guyana,GUY,2019,122.69878
Guyana,GUY,2020,139.68896
Guyana,GUY,2021,128.23938
Guyana,GUY,2022,118.66029
Guyana,GUY,2023,129.2689
Haiti,HTI,1961,12.436603
Haiti,HTI,1962,11.912261
Haiti,HTI,1963,12.0798025
Haiti,HTI,1964,14.612596
Haiti,HTI,1965,10.94098
Haiti,HTI,1966,10.01629
Haiti,HTI,1967,10.16301
Haiti,HTI,1968,10.998518
Haiti,HTI,1969,11.177606
Haiti,HTI,1970,11.916906
Haiti,HTI,1971,12.118801
Haiti,HTI,1972,11.670518
Haiti,HTI,1973,11.646649
Haiti,HTI,1974,12.342637
Haiti,HTI,1975,11.106959
Haiti,HTI,1976,13.593179
Haiti,HTI,1977,13.736989
Haiti,HTI,1978,16.000856
Haiti,HTI,1979,13.387627
Haiti,HTI,1980,16.383083
Haiti,HTI,1981,16.76295
Haiti,HTI,1982,17.42995
Haiti,HTI,1983,16.52604
Haiti,HTI,1984,15.959162
Haiti,HTI,1985,19.814476
Haiti,HTI,1986,18.496777
Haiti,HTI,1987,29.89829
Haiti,HTI,1988,18.602304
Haiti,HTI,1989,14.770745
Haiti,HTI,1990,17.384867
Haiti,HTI,1991,17.578878
Haiti,HTI,1992,16.041023
Haiti,HTI,1993,16.410328
Haiti,HTI,1994,14.304448
Haiti,HTI,1995,16.416937
Haiti,HTI,1996,14.383224
Haiti,HTI,1997,16.387386
Haiti,HTI,1998,16.722881
Haiti,HTI,1999,16.759853
Haiti,HTI,2000,15.072955
Haiti,HTI,2001,15.530333
Haiti,HTI,2002,14.853047
Haiti,HTI,2003,14.325964
Haiti,HTI,2004,19.120167
Haiti,HTI,2005,13.654477
Haiti,HTI,2006,17.226366
Haiti,HTI,2007,15.15411
Haiti,HTI,2008,15.896845
Haiti,HTI,2009,16.971067
Haiti,HTI,2010,16.209984
Haiti,HTI,2011,19.849993
Haiti,HTI,2012,19.86
Haiti,HTI,2013,20.06999
Haiti,HTI,2014,17.679998
Haiti,HTI,2015,16.119987
Haiti,HTI,2016,15.199997
Haiti,HTI,2017,15.429988
Haiti,HTI,2018,14.969983
Haiti,HTI,2019,19.239992
Haiti,HTI,2020,16.770006
Haiti,HTI,2021,8.469998
Haiti,HTI,2022,6.870004
Haiti,HTI,2023,6.949999
High-income countries,OWID_HIC,1961,174.0586
High-income countries,OWID_HIC,1962,172.41678
High-income countries,OWID_HIC,1963,175.63818
High-income countries,OWID_HIC,1964,175.4634
High-income countries,OWID_HIC,1965,175.23131
High-income countries,OWID_HIC,1966,176.76529
High-income countries,OWID_HIC,1967,177.90173
High-income countries,OWID_HIC,1968,179.604
High-income countries,OWID_HIC,1969,179.77785
High-income countries,OWID_HIC,1970,179.42868
High-income countries,OWID_HIC,1971,178.7855
High-income countries,OWID_HIC,1972,181.34676
High-income countries,OWID_HIC,1973,183.10284
High-income countries,OWID_HIC,1974,182.40279
High-income countries,OWID_HIC,1975,179.74852
High-income countries,OWID_HIC,1976,184.55945
High-income countries,OWID_HIC,1977,187.13844
High-income countries,OWID_HIC,1978,189.0041
High-income countries,OWID_HIC,1979,193.77951
High-income countries,OWID_HIC,1980,192.07231
High-income countries,OWID_HIC,1981,192.03145
High-income countries,OWID_HIC,1982,193.89499
High-income countries,OWID_HIC,1983,198.64214
High-income countries,OWID_HIC,1984,199.66562
High-income countries,OWID_HIC,1985,204.01135
High-income countries,OWID_HIC,1986,203.26381
High-income countries,OWID_HIC,1987,205.00473
High-income countries,OWID_HIC,1988,203.24452
High-income countries,OWID_HIC,1989,202.19316
High-income countries,OWID_HIC,1990,198.58565
High-income countries,OWID_HIC,1991,201.61055
High-income countries,OWID_HIC,1992,187.77701
High-income countries,OWID_HIC,1993,188.01108
High-income countries,OWID_HIC,1994,190.2506
High-income countries,OWID_HIC,1995,191.2964
High-income countries,OWID_HIC,1996,192.7426
High-income countries,OWID_HIC,1997,191.29199
High-income countries,OWID_HIC,1998,193.21935
High-income countries,OWID_HIC,1999,195.4243
High-income countries,OWID_HIC,2000,195.20287
High-income countries,OWID_HIC,2001,196.38988
High-income countries,OWID_HIC,2002,199.62868
High-income countries,OWID_HIC,2003,197.94821
High-income countries,OWID_HIC,2004,196.47035
High-income countries,OWID_HIC,2005,199.03041
High-income countries,OWID_HIC,2006,197.89389
High-income countries,OWID_HIC,2007,200.30362
High-income countries,OWID_HIC,2008,198.34003
High-income countries,OWID_HIC,2009,199.40596
High-income countries,OWID_HIC,2010,174.63008
High-income countries,OWID_HIC,2011,174.33253
High-income countries,OWID_HIC,2012,174.57047
High-income countries,OWID_HIC,2013,175.12389
High-income countries,OWID_HIC,2014,175.80663
High-income countries,OWID_HIC,2015,177.3057
High-income countries,OWID_HIC,2016,178.27132
High-income countries,OWID_HIC,2017,179.96841
High-income countries,OWID_HIC,2018,183.52954
High-income countries,OWID_HIC,2019,186.22778
High-income countries,OWID_HIC,2020,187.27103
High-income countries,OWID_HIC,2021,190.41798
High-income countries,OWID_HIC,2022,190.0675
High-income countries,OWID_HIC,2023,203.5217
Honduras,HND,1961,63.282043
Honduras,HND,1962,60.707783
Honduras,HND,1963,65.082596
Honduras,HND,1964,63.730175
Honduras,HND,1965,62.38932
Honduras,HND,1966,61.14408
Honduras,HND,1967,67.33565
Honduras,HND,1968,72.26735
Honduras,HND,1969,74.38237
Honduras,HND,1970,76.70764
Honduras,HND,1971,74.38454
Honduras,HND,1972,73.245674
Honduras,HND,1973,69.79042
Honduras,HND,1974,73.47735
Honduras,HND,1975,69.46488
Honduras,HND,1976,71.903
Honduras,HND,1977,70.272285
Honduras,HND,1978,71.77544
Honduras,HND,1979,72.165665
Honduras,HND,1980,73.36036
Honduras,HND,1981,70.39628
Honduras,HND,1982,67.22309
Honduras,HND,1983,71.20002
Honduras,HND,1984,71.04445
Honduras,HND,1985,73.04905
Honduras,HND,1986,73.10188
Honduras,HND,1987,73.21554
Honduras,HND,1988,70.5178
Honduras,HND,1989,74.116356
Honduras,HND,1990,75.32507
Honduras,HND,1991,80.917274
Honduras,HND,1992,85.96936
Honduras,HND,1993,85.549614
Honduras,HND,1994,86.35548
Honduras,HND,1995,87.34401
Honduras,HND,1996,99.02661
Honduras,HND,1997,99.274666
Honduras,HND,1998,109.41464
Honduras,HND,1999,105.5861
Honduras,HND,2000,104.77739
Honduras,HND,2001,104.63929
Honduras,HND,2002,96.15464
Honduras,HND,2003,98.304474
Honduras,HND,2004,95.83897
Honduras,HND,2005,95.42632
Honduras,HND,2006,106.69234
Honduras,HND,2007,114.685936
Honduras,HND,2008,113.10249
Honduras,HND,2009,95.04067
Honduras,HND,2010,70.409996
Honduras,HND,2011,69.56995
Honduras,HND,2012,66.909996
Honduras,HND,2013,61.12003
Honduras,HND,2014,57.189957
Honduras,HND,2015,58.500023
Honduras,HND,2016,55.46
Honduras,HND,2017,57.239975
Honduras,HND,2018,64.420006
Honduras,HND,2019,61.329956
Honduras,HND,2020,59.28001
Honduras,HND,2021,60.38999
Honduras,HND,2022,66.00994
Honduras,HND,2023,65.059975
Hong Kong,HKG,1961,26.032822
Hong Kong,HKG,1962,29.63357
Hong Kong,HKG,1963,34.530903
Hong Kong,HKG,1964,24.554462
Hong Kong,HKG,1965,18.539486
Hong Kong,HKG,1966,20.046572
Hong Kong,HKG,1967,24.945337
Hong Kong,HKG,1968,30.371511
Hong Kong,HKG,1969,28.210354
Hong Kong,HKG,1970,26.2779
Hong Kong,HKG,1971,30.075897
Hong Kong,HKG,1972,29.523476
Hong Kong,HKG,1973,32.117367
Hong Kong,HKG,1974,33.28972
Hong Kong,HKG,1975,31.575449
Hong Kong,HKG,1976,33.863613
Hong Kong,HKG,1977,36.801094
Hong Kong,HKG,1978,38.907654
Hong Kong,HKG,1979,38.27151
Hong Kong,HKG,1980,38.70075
Hong Kong,HKG,1981,40.108757
Hong Kong,HKG,1982,38.4705
Hong Kong,HKG,1983,43.529774
Hong Kong,HKG,1984,38.374016
Hong Kong,HKG,1985,38.214397
Hong Kong,HKG,1986,39.063183
Hong Kong,HKG,1987,42.439598
Hong Kong,HKG,1988,46.84971
Hong Kong,HKG,1989,46.306034
Hong Kong,HKG,1990,43.783752
Hong Kong,HKG,1991,46.499714
Hong Kong,HKG,1992,54.73226
Hong Kong,HKG,1993,52.77794
Hong Kong,HKG,1994,60.16733
Hong Kong,HKG,1995,60.7626
Hong Kong,HKG,1996,67.1162
Hong Kong,HKG,1997,73.43358
Hong Kong,HKG,1998,67.86757
Hong Kong,HKG,1999,65.197876
Hong Kong,HKG,2000,69.61752
Hong Kong,HKG,2001,63.972153
Hong Kong,HKG,2002,58.182533
Hong Kong,HKG,2003,55.244675
Hong Kong,HKG,2004,59.4762
Hong Kong,HKG,2005,59.500935
Hong Kong,HKG,2006,64.10366
Hong Kong,HKG,2007,65.85487
Hong Kong,HKG,2008,66.68575
Hong Kong,HKG,2009,74.71725
Hong Kong,HKG,2010,84.95007
Hong Kong,HKG,2011,87.860016
Hong Kong,HKG,2012,89.460014
Hong Kong,HKG,2013,89.22012
Hong Kong,HKG,2014,97.43998
Hong Kong,HKG,2015,99.52999
Hong Kong,HKG,2016,104.510056
Hong Kong,HKG,2017,103.47002
Hong Kong,HKG,2018,100.99
Hong Kong,HKG,2019,93.209915
Hong Kong,HKG,2020,83.84
Hong Kong,HKG,2021,77.84996
Hong Kong,HKG,2022,72.97997
Hong Kong,HKG,2023,67.399925
Hungary,HUN,1961,121.30424
Hungary,HUN,1962,120.61308
Hungary,HUN,1963,118.6498
Hungary,HUN,1964,119.434814
Hungary,HUN,1965,112.69003
Hungary,HUN,1966,119.77599
Hungary,HUN,1967,138.36496
Hungary,HUN,1968,136.09012
Hungary,HUN,1969,151.29219
Hungary,HUN,1970,149.39558
Hungary,HUN,1971,136.58028
Hungary,HUN,1972,142.83545
Hungary,HUN,1973,137.78679
Hungary,HUN,1974,136.17303
Hungary,HUN,1975,143.5251
Hungary,HUN,1976,156.6792
Hungary,HUN,1977,139.29428
Hungary,HUN,1978,146.03772
Hungary,HUN,1979,164.40775
Hungary,HUN,1980,168.15446
Hungary,HUN,1981,175.00047
Hungary,HUN,1982,175.42554
Hungary,HUN,1983,178.95523
Hungary,HUN,1984,184.83286
Hungary,HUN,1985,185.77231
Hungary,HUN,1986,190.73811
Hungary,HUN,1987,207.96684
Hungary,HUN,1988,199.09702
Hungary,HUN,1989,201.16713
Hungary,HUN,1990,175.88301
Hungary,HUN,1991,183.0757
Hungary,HUN,1992,175.76016
Hungary,HUN,1993,169.37654
Hungary,HUN,1994,158.11143
Hungary,HUN,1995,155.33827
Hungary,HUN,1996,155.3324
Hungary,HUN,1997,166.67372
Hungary,HUN,1998,171.31116
Hungary,HUN,1999,167.08107
Hungary,HUN,2000,160.80536
Hungary,HUN,2001,158.98698
Hungary,HUN,2002,159.47894
Hungary,HUN,2003,161.85713
Hungary,HUN,2004,167.68384
Hungary,HUN,2005,166.7203
Hungary,HUN,2006,170.13676
Hungary,HUN,2007,173.52423
Hungary,HUN,2008,169.23439
Hungary,HUN,2009,161.53697
Hungary,HUN,2010,147.28003
Hungary,HUN,2011,144.33006
Hungary,HUN,2012,146.51999
Hungary,HUN,2013,140.14008
Hungary,HUN,2014,158.56996
Hungary,HUN,2015,166.36998
Hungary,HUN,2016,168.76001
Hungary,HUN,2017,169.11984
Hungary,HUN,2018,170.0299
Hungary,HUN,2019,190.97008
Hungary,HUN,2020,192.26001
Hungary,HUN,2021,195.07004
Hungary,HUN,2022,188.55003
Hungary,HUN,2023,188.99991
Iceland,ISL,1961,386.49976
Iceland,ISL,1962,402.4575
Iceland,ISL,1963,387.69287
Iceland,ISL,1964,387.82178
Iceland,ISL,1965,379.84943
Iceland,ISL,1966,378.12875
Iceland,ISL,1967,380.07495
Iceland,ISL,1968,375.67673
Iceland,ISL,1969,364.564
Iceland,ISL,1970,376.7968
Iceland,ISL,1971,381.44763
Iceland,ISL,1972,382.90225
Iceland,ISL,1973,380.71927
Iceland,ISL,1974,382.39444
Iceland,ISL,1975,398.587
Iceland,ISL,1976,353.96466
Iceland,ISL,1977,342.3737
Iceland,ISL,1978,327.82468
Iceland,ISL,1979,323.08594
Iceland,ISL,1980,331.04657
Iceland,ISL,1981,325.13626
Iceland,ISL,1982,311.6803
Iceland,ISL,1983,338.8103
Iceland,ISL,1984,333.68375
Iceland,ISL,1985,327.18796
Iceland,ISL,1986,310.43417
Iceland,ISL,1987,317.02808
Iceland,ISL,1988,265.08203
Iceland,ISL,1989,249.69687
Iceland,ISL,1990,265.0242
Iceland,ISL,1991,251.92912
Iceland,ISL,1992,251.15996
Iceland,ISL,1993,242.60031
Iceland,ISL,1994,257.05884
Iceland,ISL,1995,256.15494
Iceland,ISL,1996,259.8843
Iceland,ISL,1997,263.98636
Iceland,ISL,1998,246.48808
Iceland,ISL,1999,244.98468
Iceland,ISL,2000,237.83202
Iceland,ISL,2001,250.88538
Iceland,ISL,2002,249.68019
Iceland,ISL,2003,251.29276
Iceland,ISL,2004,245.11267
Iceland,ISL,2005,233.27625
Iceland,ISL,2006,242.56668
Iceland,ISL,2007,239.34215
Iceland,ISL,2008,238.42668
Iceland,ISL,2009,250.24878
Iceland,ISL,2010,164.30846
Iceland,ISL,2011,172.59055
Iceland,ISL,2012,188.21355
Iceland,ISL,2013,178.72945
Iceland,ISL,2014,205.9656
Iceland,ISL,2015,206.07254
Iceland,ISL,2016,202.9694
Iceland,ISL,2017,213.34566
Iceland,ISL,2018,208.89407
Iceland,ISL,2019,208.38481
Iceland,ISL,2020,198.89131
Iceland,ISL,2021,204.65617
Iceland,ISL,2022,194.9159
Iceland,ISL,2023,202.17052
India,IND,1961,39.15994
India,IND,1962,37.986862
India,IND,1963,36.636993
India,IND,1964,34.899597
India,IND,1965,33.0891
India,IND,1966,33.288033
India,IND,1967,32.893646
India,IND,1968,34.71183
India,IND,1969,35.057766
India,IND,1970,32.547283
India,IND,1971,35.059464
India,IND,1972,34.81849
India,IND,1973,34.441803
India,IND,1974,35.907368
India,IND,1975,35.53375
India,IND,1976,37.041046
India,IND,1977,37.815826
India,IND,1978,37.339657
India,IND,1979,38.275574
India,IND,1980,38.6623
India,IND,1981,41.613907
India,IND,1982,43.613678
India,IND,1983,45.688282
India,IND,1984,48.54678
India,IND,1985,50.335243
India,IND,1986,51.330173
India,IND,1987,50.820545
India,IND,1988,50.91636
India,IND,1989,52.780773
India,IND,1990,52.78808
India,IND,1991,51.811543
India,IND,1992,53.266735
India,IND,1993,54.320415
India,IND,1994,55.100838
India,IND,1995,57.40989
India,IND,1996,58.467644
India,IND,1997,59.35025
India,IND,1998,60.534164
India,IND,1999,62.29709
India,IND,2000,60.766933
India,IND,2001,61.305466
India,IND,2002,60.456787
India,IND,2003,60.967102
India,IND,2004,62.365635
India,IND,2005,63.996773
India,IND,2006,66.7816
India,IND,2007,71.28768
India,IND,2008,73.566444
India,IND,2009,75.62152
India,IND,2010,47.469997
India,IND,2011,50.23
India,IND,2012,51.16
India,IND,2013,51.92
India,IND,2014,54.820004
India,IND,2015,59.64
India,IND,2016,62.309998
India,IND,2017,65.63
India,IND,2018,69.87
India,IND,2019,74.39
India,IND,2020,81.63
India,IND,2021,82.47
India,IND,2022,84.7
India,IND,2023,87.43
Indonesia,IDN,1961,3.4526124
Indonesia,IDN,1962,2.9014347
Indonesia,IDN,1963,3.347881
Indonesia,IDN,1964,3.03879
Indonesia,IDN,1965,2.2666147
Indonesia,IDN,1966,2.2708545
Indonesia,IDN,1967,2.6370175
Indonesia,IDN,1968,2.910828
Indonesia,IDN,1969,3.3499398
Indonesia,IDN,1970,3.7181559
Indonesia,IDN,1971,3.8593793
Indonesia,IDN,1972,3.8634746
Indonesia,IDN,1973,3.84846
Indonesia,IDN,1974,4.1584005
Indonesia,IDN,1975,3.4006798
Indonesia,IDN,1976,4.348402
Indonesia,IDN,1977,5.2856903
Indonesia,IDN,1978,6.24089
Indonesia,IDN,1979,5.561719
Indonesia,IDN,1980,7.091525
Indonesia,IDN,1981,6.765798
Indonesia,IDN,1982,7.8261895
Indonesia,IDN,1983,8.035956
Indonesia,IDN,1984,7.3091993
Indonesia,IDN,1985,5.5621905
Indonesia,IDN,1986,5.260282
Indonesia,IDN,1987,5.1049414
Indonesia,IDN,1988,5.016338
Indonesia,IDN,1989,4.225826
Indonesia,IDN,1990,4.03017
Indonesia,IDN,1991,4.876092
Indonesia,IDN,1992,5.3808193
Indonesia,IDN,1993,5.3787756
Indonesia,IDN,1994,6.1138396
Indonesia,IDN,1995,7.3221583
Indonesia,IDN,1996,6.265875
Indonesia,IDN,1997,6.0827823
Indonesia,IDN,1998,5.1273355
Indonesia,IDN,1999,9.214234
Indonesia,IDN,2000,7.3392415
Indonesia,IDN,2001,7.2366533
Indonesia,IDN,2002,7.5233307
Indonesia,IDN,2003,7.880661
Indonesia,IDN,2004,9.709001
Indonesia,IDN,2005,9.188419
Indonesia,IDN,2006,10.356133
Indonesia,IDN,2007,10.834364
Indonesia,IDN,2008,9.529373
Indonesia,IDN,2009,11.043408
Indonesia,IDN,2010,13.379999
Indonesia,IDN,2011,13.24
Indonesia,IDN,2012,13.609999
Indonesia,IDN,2013,13.62
Indonesia,IDN,2014,13.580001
Indonesia,IDN,2015,13.37
Indonesia,IDN,2016,14.419999
Indonesia,IDN,2017,15.58
Indonesia,IDN,2018,15.46
Indonesia,IDN,2019,16.25
Indonesia,IDN,2020,15.880001
Indonesia,IDN,2021,15.72
Indonesia,IDN,2022,17.47
Indonesia,IDN,2023,14.95
Iran,IRN,1961,52.26143
Iran,IRN,1962,52.673492
Iran,IRN,1963,49.8179
Iran,IRN,1964,50.578552
Iran,IRN,1965,50.00406
Iran,IRN,1966,47.396034
Iran,IRN,1967,47.537773
Iran,IRN,1968,48.193394
Iran,IRN,1969,48.67168
Iran,IRN,1970,50.136925
Iran,IRN,1971,46.466682
Iran,IRN,1972,47.646343
Iran,IRN,1973,50.18203
Iran,IRN,1974,54.247005
Iran,IRN,1975,56.782513
Iran,IRN,1976,61.30682
Iran,IRN,1977,69.529854
Iran,IRN,1978,63.60163
Iran,IRN,1979,69.27684
Iran,IRN,1980,67.5362
Iran,IRN,1981,75.77688
Iran,IRN,1982,71.69112
Iran,IRN,1983,74.29266
Iran,IRN,1984,73.53351
Iran,IRN,1985,67.52722
Iran,IRN,1986,56.229645
Iran,IRN,1987,58.379395
Iran,IRN,1988,56.998985
Iran,IRN,1989,53.286205
Iran,IRN,1990,57.78109
Iran,IRN,1991,61.671314
Iran,IRN,1992,54.404636
Iran,IRN,1993,56.51955
Iran,IRN,1994,52.970764
Iran,IRN,1995,53.64839
Iran,IRN,1996,53.01717
Iran,IRN,1997,52.27343
Iran,IRN,1998,53.650566
Iran,IRN,1999,56.44964
Iran,IRN,2000,59.223846
Iran,IRN,2001,59.184174
Iran,IRN,2002,59.43051
Iran,IRN,2003,60.081596
Iran,IRN,2004,63.117756
Iran,IRN,2005,62.144897
Iran,IRN,2006,64.34014
Iran,IRN,2007,62.941338
Iran,IRN,2008,54.65389
Iran,IRN,2009,55.538757
Iran,IRN,2010,23.499998
Iran,IRN,2011,22.54
Iran,IRN,2012,24.979998
Iran,IRN,2013,24.35
Iran,IRN,2014,21.97
Iran,IRN,2015,17.129997
Iran,IRN,2016,17.14
Iran,IRN,2017,19.439999
Iran,IRN,2018,18.91
Iran,IRN,2019,21.98
Iran,IRN,2020,25.759996
Iran,IRN,2021,25.92
Iran,IRN,2022,21.74
Iran,IRN,2023,26.5
Iraq,IRQ,1961,68.18821
Iraq,IRQ,1962,65.40709
Iraq,IRQ,1963,62.5323
Iraq,IRQ,1964,61.015594
Iraq,IRQ,1965,56.216854
Iraq,IRQ,1966,58.33874
Iraq,IRQ,1967,55.859665
Iraq,IRQ,1968,58.695374
Iraq,IRQ,1969,56.537212
Iraq,IRQ,1970,57.629795
Iraq,IRQ,1971,55.44324
Iraq,IRQ,1972,55.712616
Iraq,IRQ,1973,54.613636
Iraq,IRQ,1974,57.422142
Iraq,IRQ,1975,55.25848
Iraq,IRQ,1976,60.2507
Iraq,IRQ,1977,58.99523
Iraq,IRQ,1978,57.153965
Iraq,IRQ,1979,71.81465
Iraq,IRQ,1980,69.85211
Iraq,IRQ,1981,78.53596
Iraq,IRQ,1982,71.72865
Iraq,IRQ,1983,73.113396
Iraq,IRQ,1984,80.936485
Iraq,IRQ,1985,75.4794
Iraq,IRQ,1986,65.532646
Iraq,IRQ,1987,60.960865
Iraq,IRQ,1988,69.9802
Iraq,IRQ,1989,56.53788
Iraq,IRQ,1990,54.02507
Iraq,IRQ,1991,28.129131
Iraq,IRQ,1992,14.279514
Iraq,IRQ,1993,15.547242
Iraq,IRQ,1994,17.60612
Iraq,IRQ,1995,17.863945
Iraq,IRQ,1996,23.068407
Iraq,IRQ,1997,23.145115
Iraq,IRQ,1998,26.99032
Iraq,IRQ,1999,35.344967
Iraq,IRQ,2000,46.259037
Iraq,IRQ,2001,37.994873
Iraq,IRQ,2002,44.068024
Iraq,IRQ,2003,27.468378
Iraq,IRQ,2004,30.680363
Iraq,IRQ,2005,28.574478
Iraq,IRQ,2006,27.331896
Iraq,IRQ,2007,18.029173
Iraq,IRQ,2008,34.863697
Iraq,IRQ,2009,35.633797
Iraq,IRQ,2010,22.506563
Iraq,IRQ,2011,21.06559
Iraq,IRQ,2012,16.948534
Iraq,IRQ,2013,18.466703
Iraq,IRQ,2014,54.310802
Iraq,IRQ,2015,69.41523
Iraq,IRQ,2016,73.31786
Iraq,IRQ,2017,67.682655
Iraq,IRQ,2018,69.53531
Iraq,IRQ,2019,63.16246
Iraq,IRQ,2020,61.841576
Iraq,IRQ,2021,49.06156
Iraq,IRQ,2022,27.558525
Iraq,IRQ,2023,45.956608
Ireland,IRL,1961,284.31216
Ireland,IRL,1962,291.40018
Ireland,IRL,1963,295.23117
Ireland,IRL,1964,296.27673
Ireland,IRL,1965,292.7577
Ireland,IRL,1966,299.06485
Ireland,IRL,1967,315.9395
Ireland,IRL,1968,304.72577
Ireland,IRL,1969,310.96594
Ireland,IRL,1970,320.09265
Ireland,IRL,1971,313.45032
Ireland,IRL,1972,310.88895
Ireland,IRL,1973,313.4173
Ireland,IRL,1974,317.46466
Ireland,IRL,1975,299.89554
Ireland,IRL,1976,304.91867
Ireland,IRL,1977,306.70316
Ireland,IRL,1978,361.30356
Ireland,IRL,1979,319.94778
Ireland,IRL,1980,351.30365
Ireland,IRL,1981,319.95688
Ireland,IRL,1982,274.81046
Ireland,IRL,1983,267.3595
Ireland,IRL,1984,266.2526
Ireland,IRL,1985,291.08444
Ireland,IRL,1986,300.9204
Ireland,IRL,1987,334.32034
Ireland,IRL,1988,330.4797
Ireland,IRL,1989,299.7977
Ireland,IRL,1990,281.3936
Ireland,IRL,1991,293.33023
Ireland,IRL,1992,253.52728
Ireland,IRL,1993,264.20038
Ireland,IRL,1994,230.21706
Ireland,IRL,1995,247.5809
Ireland,IRL,1996,253.19472
Ireland,IRL,1997,268.9724
Ireland,IRL,1998,279.40286
Ireland,IRL,1999,293.66827
Ireland,IRL,2000,312.42587
Ireland,IRL,2001,326.20474
Ireland,IRL,2002,307.50055
Ireland,IRL,2003,339.94104
Ireland,IRL,2004,324.1313
Ireland,IRL,2005,289.8994
Ireland,IRL,2006,252.46458
Ireland,IRL,2007,283.5945
Ireland,IRL,2008,291.50497
Ireland,IRL,2009,257.93213
Ireland,IRL,2010,222.5898
Ireland,IRL,2011,233.65985
Ireland,IRL,2012,210.01978
Ireland,IRL,2013,235.9102
Ireland,IRL,2014,262.81024
Ireland,IRL,2015,312.72955
Ireland,IRL,2016,306.2496
Ireland,IRL,2017,431.80014
Ireland,IRL,2018,458.4701
Ireland,IRL,2019,396.1698
Ireland,IRL,2020,420.16068
Ireland,IRL,2021,467.88022
Ireland,IRL,2022,594.5406
Ireland,IRL,2023,324.22006
Israel,ISR,1961,172.19635
Israel,ISR,1962,182.65373
Israel,ISR,1963,163.16167
Israel,ISR,1964,162.66928
Israel,ISR,1965,162.56195
Israel,ISR,1966,162.14404
Israel,ISR,1967,165.35672
Israel,ISR,1968,169.59941
Israel,ISR,1969,169.85567
Israel,ISR,1970,177.60936
Israel,ISR,1971,175.14656
Israel,ISR,1972,174.99124
Israel,ISR,1973,186.54141
Israel,ISR,1974,193.26077
Israel,ISR,1975,196.78531
Israel,ISR,1976,209.76952
Israel,ISR,1977,211.10545
Israel,ISR,1978,205.54135
Israel,ISR,1979,201.1304
Israel,ISR,1980,180.35373
Israel,ISR,1981,185.12953
Israel,ISR,1982,192.09781
Israel,ISR,1983,198.41621
Israel,ISR,1984,201.53998
Israel,ISR,1985,197.07066
Israel,ISR,1986,202.28654
Israel,ISR,1987,202.92523
Israel,ISR,1988,210.56894
Israel,ISR,1989,193.90582
Israel,ISR,1990,218.02109
Israel,ISR,1991,206.21434
Israel,ISR,1992,206.63184
Israel,ISR,1993,210.72198
Israel,ISR,1994,218.1439
Israel,ISR,1995,218.85686
Israel,ISR,1996,208.9138
Israel,ISR,1997,214.56209
Israel,ISR,1998,213.89984
Israel,ISR,1999,208.26282
Israel,ISR,2000,201.09998
Israel,ISR,2001,203.64209
Israel,ISR,2002,203.0403
Israel,ISR,2003,187.1752
Israel,ISR,2004,185.94164
Israel,ISR,2005,185.27522
Israel,ISR,2006,177.11191
Israel,ISR,2007,185.22252
Israel,ISR,2008,195.71133
Israel,ISR,2009,183.57368
Israel,ISR,2010,167.33987
Israel,ISR,2011,167.80994
Israel,ISR,2012,165.68997
Israel,ISR,2013,171.40024
Israel,ISR,2014,175.43015
Israel,ISR,2015,165.76988
Israel,ISR,2016,176.55008
Israel,ISR,2017,176.40007
Israel,ISR,2018,183.12007
Israel,ISR,2019,175.85008
Israel,ISR,2020,180.23
Israel,ISR,2021,181.5999
Israel,ISR,2022,180.46016
Israel,ISR,2023,175.53996
Italy,ITA,1961,146.85945
Italy,ITA,1962,145.16786
Italy,ITA,1963,151.61057
Italy,ITA,1964,150.16418
Italy,ITA,1965,153.29738
Italy,ITA,1966,163.63725
Italy,ITA,1967,178.03946
Italy,ITA,1968,183.92175
Italy,ITA,1969,181.72232
Italy,ITA,1970,183.59198
Italy,ITA,1971,184.51321
Italy,ITA,1972,196.45338
Italy,ITA,1973,202.94315
Italy,ITA,1974,204.82002
Italy,ITA,1975,201.63997
Italy,ITA,1976,205.05482
Italy,ITA,1977,215.41096
Italy,ITA,1978,226.4552
Italy,ITA,1979,247.95782
Italy,ITA,1980,249.94049
Italy,ITA,1981,249.99934
Italy,ITA,1982,260.8046
Italy,ITA,1983,268.73602
Italy,ITA,1984,267.68158
Italy,ITA,1985,277.29218
Italy,ITA,1986,267.81424
Italy,ITA,1987,263.6003
Italy,ITA,1988,261.50793
Italy,ITA,1989,258.18597
Italy,ITA,1990,254.76588
Italy,ITA,1991,251.8039
Italy,ITA,1992,248.04294
Italy,ITA,1993,240.98062
Italy,ITA,1994,241.57559
Italy,ITA,1995,231.74493
Italy,ITA,1996,252.29257
Italy,ITA,1997,248.62889
Italy,ITA,1998,273.71176
Italy,ITA,1999,269.99396
Italy,ITA,2000,267.10852
Italy,ITA,2001,270.14053
Italy,ITA,2002,269.32642
Italy,ITA,2003,262.6724
Italy,ITA,2004,262.1461
Italy,ITA,2005,271.70532
Italy,ITA,2006,270.773
Italy,ITA,2007,259.7977
Italy,ITA,2008,269.47565
Italy,ITA,2009,259.6424
Italy,ITA,2010,248.86
Italy,ITA,2011,251.15999
Italy,ITA,2012,249.92995
Italy,ITA,2013,237.84003
Italy,ITA,2014,218.55002
Italy,ITA,2015,219.29001
Italy,ITA,2016,211.97002
Italy,ITA,2017,209.81001
Italy,ITA,2018,233.49002
Italy,ITA,2019,223.06001
Italy,ITA,2020,229.64003
Italy,ITA,2021,230.41
Italy,ITA,2022,228.23001
Italy,ITA,2023,232.06999
Jamaica,JAM,1961,42.256016
Jamaica,JAM,1962,55.823692
Jamaica,JAM,1963,51.69286
Jamaica,JAM,1964,57.390236
Jamaica,JAM,1965,56.02694
Jamaica,JAM,1966,55.77483
Jamaica,JAM,1967,65.62732
Jamaica,JAM,1968,80.8669
Jamaica,JAM,1969,73.18808
Jamaica,JAM,1970,91.221405
Jamaica,JAM,1971,86.18843
Jamaica,JAM,1972,99.830215
Jamaica,JAM,1973,63.98626
Jamaica,JAM,1974,109.000694
Jamaica,JAM,1975,76.03603
Jamaica,JAM,1976,96.33433
Jamaica,JAM,1977,74.40874
Jamaica,JAM,1978,104.50457
Jamaica,JAM,1979,81.151306
Jamaica,JAM,1980,82.2927
Jamaica,JAM,1981,80.59157
Jamaica,JAM,1982,79.72884
Jamaica,JAM,1983,64.4424
Jamaica,JAM,1984,77.47556
Jamaica,JAM,1985,75.56868
Jamaica,JAM,1986,80.58959
Jamaica,JAM,1987,111.14409
Jamaica,JAM,1988,65.124725
Jamaica,JAM,1989,92.26013
Jamaica,JAM,1990,126.514
Jamaica,JAM,1991,120.345535
Jamaica,JAM,1992,105.153595
Jamaica,JAM,1993,118.82155
Jamaica,JAM,1994,98.19245
Jamaica,JAM,1995,107.0708
Jamaica,JAM,1996,100.6907
Jamaica,JAM,1997,101.86262
Jamaica,JAM,1998,102.07038
Jamaica,JAM,1999,90.85659
Jamaica,JAM,2000,106.16804
Jamaica,JAM,2001,105.63292
Jamaica,JAM,2002,108.07125
Jamaica,JAM,2003,105.78519
Jamaica,JAM,2004,107.00008
Jamaica,JAM,2005,99.17252
Jamaica,JAM,2006,95.413994
Jamaica,JAM,2007,107.69901
Jamaica,JAM,2008,96.78389
Jamaica,JAM,2009,91.395615
Jamaica,JAM,2010,94.2599
Jamaica,JAM,2011,87.9699
Jamaica,JAM,2012,93.66993
Jamaica,JAM,2013,90.54003
Jamaica,JAM,2014,88.88981
Jamaica,JAM,2015,89.90981
Jamaica,JAM,2016,90.60971
Jamaica,JAM,2017,91.53984
Jamaica,JAM,2018,97.6199
Jamaica,JAM,2019,95.46983
Jamaica,JAM,2020,95.659836
Jamaica,JAM,2021,107.53
Jamaica,JAM,2022,111.7496
Jamaica,JAM,2023,107.230194
Japan,JPN,1961,23.901596
Japan,JPN,1962,27.930386
Japan,JPN,1963,33.440098
Japan,JPN,1964,36.828346
Japan,JPN,1965,37.146137
Japan,JPN,1966,40.06973
Japan,JPN,1967,45.64032
Japan,JPN,1968,46.697887
Japan,JPN,1969,49.689754
Japan,JPN,1970,50.973328
Japan,JPN,1971,49.39047
Japan,JPN,1972,51.70837
Japan,JPN,1973,51.622265
Japan,JPN,1974,53.23734
Japan,JPN,1975,50.239155
Japan,JPN,1976,56.386368
Japan,JPN,1977,62.964325
Japan,JPN,1978,67.8693
Japan,JPN,1979,69.0125
Japan,JPN,1980,66.79014
Japan,JPN,1981,65.66902
Japan,JPN,1982,67.77693
Japan,JPN,1983,69.75802
Japan,JPN,1984,69.99502
Japan,JPN,1985,73.086426
Japan,JPN,1986,72.290825
Japan,JPN,1987,71.95208
Japan,JPN,1988,77.6326
Japan,JPN,1989,78.32229
Japan,JPN,1990,77.31224
Japan,JPN,1991,81.24415
Japan,JPN,1992,82.17698
Japan,JPN,1993,80.73894
Japan,JPN,1994,80.025955
Japan,JPN,1995,81.857704
Japan,JPN,1996,82.3214
Japan,JPN,1997,82.160446
Japan,JPN,1998,80.832634
Japan,JPN,1999,80.067375
Japan,JPN,2000,80.845764
Japan,JPN,2001,79.0727
Japan,JPN,2002,79.11569
Japan,JPN,2003,78.45858
Japan,JPN,2004,78.54394
Japan,JPN,2005,77.400475
Japan,JPN,2006,74.94232
Japan,JPN,2007,76.03884
Japan,JPN,2008,73.397484
Japan,JPN,2009,72.988884
Japan,JPN,2010,57.144382
Japan,JPN,2011,58.259415
Japan,JPN,2012,60.02498
Japan,JPN,2013,59.24925
Japan,JPN,2014,60.815296
Japan,JPN,2015,61.517944
Japan,JPN,2016,60.790493
Japan,JPN,2017,63.56814
Japan,JPN,2018,63.986744
Japan,JPN,2019,64.286095
Japan,JPN,2020,62.659794
Japan,JPN,2021,61.88024
Japan,JPN,2022,61.62997
Jordan,JOR,1961,68.21108
Jordan,JOR,1962,69.75551
Jordan,JOR,1963,77.46461
Jordan,JOR,1964,80.99824
Jordan,JOR,1965,88.03112
Jordan,JOR,1966,79.46895
Jordan,JOR,1967,58.309597
Jordan,JOR,1968,58.085583
Jordan,JOR,1969,66.80792
Jordan,JOR,1970,48.999535
Jordan,JOR,1971,62.539177
Jordan,JOR,1972,51.615562
Jordan,JOR,1973,71.75199
Jordan,JOR,1974,49.362576
Jordan,JOR,1975,52.07458
Jordan,JOR,1976,60.7166
Jordan,JOR,1977,67.14268
Jordan,JOR,1978,75.293236
Jordan,JOR,1979,78.518845
Jordan,JOR,1980,77.2043
Jordan,JOR,1981,64.7679
Jordan,JOR,1982,78.37773
Jordan,JOR,1983,72.59559
Jordan,JOR,1984,80.1984
Jordan,JOR,1985,83.27511
Jordan,JOR,1986,71.11147
Jordan,JOR,1987,69.45138
Jordan,JOR,1988,64.80387
Jordan,JOR,1989,47.33547
Jordan,JOR,1990,60.365685
Jordan,JOR,1991,75.609955
Jordan,JOR,1992,69.43372
Jordan,JOR,1993,73.47867
Jordan,JOR,1994,58.292854
Jordan,JOR,1995,58.56244
Jordan,JOR,1996,39.304565
Jordan,JOR,1997,57.92961
Jordan,JOR,1998,62.735584
Jordan,JOR,1999,57.4768
Jordan,JOR,2000,66.05022
Jordan,JOR,2001,63.738045
Jordan,JOR,2002,50.120613
Jordan,JOR,2003,89.30137
Jordan,JOR,2004,82.118614
Jordan,JOR,2005,62.04677
Jordan,JOR,2006,67.86063
Jordan,JOR,2007,76.66445
Jordan,JOR,2008,91.37269
Jordan,JOR,2009,80.02159
Jordan,JOR,2010,97.01992
Jordan,JOR,2011,96.73985
Jordan,JOR,2012,93.05996
Jordan,JOR,2013,93.15998
Jordan,JOR,2014,96.459946
Jordan,JOR,2015,94.83001
Jordan,JOR,2016,84.560005
Jordan,JOR,2017,88.55003
Jordan,JOR,2018,76.9
Jordan,JOR,2019,77.309975
Jordan,JOR,2020,75.84999
Jordan,JOR,2021,70.980034
Jordan,JOR,2022,77.10994
Jordan,JOR,2023,103.559906
Kazakhstan,KAZ,1992,139.92598
Kazakhstan,KAZ,1993,125.29513
Kazakhstan,KAZ,1994,146.1358
Kazakhstan,KAZ,1995,148.42195
Kazakhstan,KAZ,1996,155.69637
Kazakhstan,KAZ,1997,159.41467
Kazakhstan,KAZ,1998,178.79596
Kazakhstan,KAZ,1999,185.49605
Kazakhstan,KAZ,2000,201.02158
Kazakhstan,KAZ,2001,193.91061
Kazakhstan,KAZ,2002,211.91968
Kazakhstan,KAZ,2003,227.21323
Kazakhstan,KAZ,2004,217.99004
Kazakhstan,KAZ,2005,241.38258
Kazakhstan,KAZ,2006,245.93965
Kazakhstan,KAZ,2007,239.95741
Kazakhstan,KAZ,2008,251.91753
Kazakhstan,KAZ,2009,256.37753
Kazakhstan,KAZ,2010,172.50003
Kazakhstan,KAZ,2011,181.10005
Kazakhstan,KAZ,2012,182.40994
Kazakhstan,KAZ,2013,177.03998
Kazakhstan,KAZ,2014,175.75993
Kazakhstan,KAZ,2015,172.68996
Kazakhstan,KAZ,2016,176.1
Kazakhstan,KAZ,2017,176.31999
Kazakhstan,KAZ,2018,178.68004
Kazakhstan,KAZ,2019,184.10005
Kazakhstan,KAZ,2020,189.51003
Kazakhstan,KAZ,2021,187.02992
Kazakhstan,KAZ,2022,186.87997
Kazakhstan,KAZ,2023,191.46991
Kenya,KEN,1961,75.08162
Kenya,KEN,1962,77.417915
Kenya,KEN,1963,67.80137
Kenya,KEN,1964,69.89037
Kenya,KEN,1965,71.67874
Kenya,KEN,1966,71.879616
Kenya,KEN,1967,67.05355
Kenya,KEN,1968,66.353676
Kenya,KEN,1969,64.71308
Kenya,KEN,1970,74.803474
Kenya,KEN,1971,83.0008
Kenya,KEN,1972,79.15383
Kenya,KEN,1973,70.33152
Kenya,KEN,1974,68.87275
Kenya,KEN,1975,74.84752
Kenya,KEN,1976,70.1624
Kenya,KEN,1977,73.34568
Kenya,KEN,1978,72.40995
Kenya,KEN,1979,76.62011
Kenya,KEN,1980,74.74654
Kenya,KEN,1981,70.07169
Kenya,KEN,1982,76.062614
Kenya,KEN,1983,82.034744
Kenya,KEN,1984,87.13465
Kenya,KEN,1985,83.86469
Kenya,KEN,1986,96.59272
Kenya,KEN,1987,105.34093
Kenya,KEN,1988,111.71906
Kenya,KEN,1989,112.68713
Kenya,KEN,1990,110.00624
Kenya,KEN,1991,95.30184
Kenya,KEN,1992,90.36231
Kenya,KEN,1993,86.42425
Kenya,KEN,1994,84.62133
Kenya,KEN,1995,83.10404
Kenya,KEN,1996,78.36027
Kenya,KEN,1997,81.37801
Kenya,KEN,1998,78.42923
Kenya,KEN,1999,86.84441
Kenya,KEN,2000,82.80962
Kenya,KEN,2001,86.69778
Kenya,KEN,2002,93.70397
Kenya,KEN,2003,92.308174
Kenya,KEN,2004,105.54828
Kenya,KEN,2005,109.84782
Kenya,KEN,2006,100.15941
Kenya,KEN,2007,85.29753
Kenya,KEN,2008,90.14252
Kenya,KEN,2009,99.8067
Kenya,KEN,2010,88.9
Kenya,KEN,2011,87.59998
Kenya,KEN,2012,86.51999
Kenya,KEN,2013,82.95999
Kenya,KEN,2014,73.57
Kenya,KEN,2015,75.32001
Kenya,KEN,2016,84.31001
Kenya,KEN,2017,75.93002
Kenya,KEN,2018,78.33
Kenya,KEN,2019,84.56
Kenya,KEN,2020,82.15
Kenya,KEN,2021,87.86001
Kenya,KEN,2022,88.54001
Kenya,KEN,2023,87.94999
Kiribati,KIR,1961,0
Kiribati,KIR,1962,0
Kiribati,KIR,1963,0
Kiribati,KIR,1964,0
Kiribati,KIR,1965,0
Kiribati,KIR,1966,0
Kiribati,KIR,1967,0
Kiribati,KIR,1968,0
Kiribati,KIR,1969,5.399787
Kiribati,KIR,1970,5.330784
Kiribati,KIR,1971,6.741717
Kiribati,KIR,1972,6.692755
Kiribati,KIR,1973,8.397409
Kiribati,KIR,1974,8.634768
Kiribati,KIR,1975,6.8131976
Kiribati,KIR,1976,7.8002076
Kiribati,KIR,1977,6.8524513
Kiribati,KIR,1978,8.979592
Kiribati,KIR,1979,10.486941
Kiribati,KIR,1980,9.225111
Kiribati,KIR,1981,16.03296
Kiribati,KIR,1982,12.474899
Kiribati,KIR,1983,7.5562067
Kiribati,KIR,1984,8.883439
Kiribati,KIR,1985,8.958352
Kiribati,KIR,1986,6.063544
Kiribati,KIR,1987,11.799739
Kiribati,KIR,1988,9.317937
Kiribati,KIR,1989,9.412005
Kiribati,KIR,1990,11.303558
Kiribati,KIR,1991,11.037769
Kiribati,KIR,1992,11.600284
Kiribati,KIR,1993,12.293762
Kiribati,KIR,1994,12.576062
Kiribati,KIR,1995,16.378384
Kiribati,KIR,1996,18.783354
Kiribati,KIR,1997,11.301672
Kiribati,KIR,1998,20.132599
Kiribati,KIR,1999,19.836582
Kiribati,KIR,2000,16.462902
Kiribati,KIR,2001,14.057332
Kiribati,KIR,2002,17.035793
Kiribati,KIR,2003,9.643164
Kiribati,KIR,2004,8.826278
Kiribati,KIR,2005,11.556938
Kiribati,KIR,2006,11.101292
Kiribati,KIR,2007,11.470009
Kiribati,KIR,2008,17.088789
Kiribati,KIR,2009,31.510439
Kiribati,KIR,2010,19.956877
Kiribati,KIR,2011,24.3578
Kiribati,KIR,2012,15.838166
Kiribati,KIR,2013,16.109009
Kiribati,KIR,2014,14.178894
Kiribati,KIR,2015,27.096289
Kiribati,KIR,2016,25.49828
Kiribati,KIR,2017,15.667655
Kiribati,KIR,2018,12.068319
Kiribati,KIR,2019,39.027477
Kiribati,KIR,2020,20.508373
Kiribati,KIR,2021,21.608824
Kiribati,KIR,2022,6.0893936
Kiribati,KIR,2023,7.469436
Kuwait,KWT,1961,99.648506
Kuwait,KWT,1962,95.565125
Kuwait,KWT,1963,95.789825
Kuwait,KWT,1964,113.151596
Kuwait,KWT,1965,113.49445
Kuwait,KWT,1966,109.36519
Kuwait,KWT,1967,123.5994
Kuwait,KWT,1968,132.0228
Kuwait,KWT,1969,121.20415
Kuwait,KWT,1970,124.904526
Kuwait,KWT,1971,122.02021
Kuwait,KWT,1972,125.911026
Kuwait,KWT,1973,120.24788
Kuwait,KWT,1974,126.769135
Kuwait,KWT,1975,139.75684
Kuwait,KWT,1976,157.26454
Kuwait,KWT,1977,150.45818
Kuwait,KWT,1978,160.42091
Kuwait,KWT,1979,165.9951
Kuwait,KWT,1980,165.85504
Kuwait,KWT,1981,165.15964
Kuwait,KWT,1982,159.0496
Kuwait,KWT,1983,152.17873
Kuwait,KWT,1984,157.00761
Kuwait,KWT,1985,153.99858
Kuwait,KWT,1986,157.88658
Kuwait,KWT,1987,153.83328
Kuwait,KWT,1988,148.51952
Kuwait,KWT,1989,142.49309
Kuwait,KWT,1990,125.287315
Kuwait,KWT,1991,95.204765
Kuwait,KWT,1992,111.25208
Kuwait,KWT,1993,147.8283
Kuwait,KWT,1994,168.29816
Kuwait,KWT,1995,178.16017
Kuwait,KWT,1996,179.49083
Kuwait,KWT,1997,173.0176
Kuwait,KWT,1998,171.39629
Kuwait,KWT,1999,175.2424
Kuwait,KWT,2000,172.07224
Kuwait,KWT,2001,197.16017
Kuwait,KWT,2002,145.2899
Kuwait,KWT,2003,134.37828
Kuwait,KWT,2004,112.59273
Kuwait,KWT,2005,137.91621
Kuwait,KWT,2006,153.35576
Kuwait,KWT,2007,139.06412
Kuwait,KWT,2008,136.03587
Kuwait,KWT,2009,143.34166
Kuwait,KWT,2010,181.05975
Kuwait,KWT,2011,178.34973
Kuwait,KWT,2012,172.50026
Kuwait,KWT,2013,227.48969
Kuwait,KWT,2014,206.34006
Kuwait,KWT,2015,305.8788
Kuwait,KWT,2016,240.80963
Kuwait,KWT,2017,241.49966
Kuwait,KWT,2018,253.16006
Kuwait,KWT,2019,276.10928
Kuwait,KWT,2020,250.37967
Kuwait,KWT,2021,186.23967
Kuwait,KWT,2022,156.77986
Kuwait,KWT,2023,141.51997
Kyrgyzstan,KGZ,1992,161.10576
Kyrgyzstan,KGZ,1993,156.13936
Kyrgyzstan,KGZ,1994,165.85327
Kyrgyzstan,KGZ,1995,168.71088
Kyrgyzstan,KGZ,1996,176.27283
Kyrgyzstan,KGZ,1997,175.91396
Kyrgyzstan,KGZ,1998,181.39914
Kyrgyzstan,KGZ,1999,191.72641
Kyrgyzstan,KGZ,2000,195.29512
Kyrgyzstan,KGZ,2001,198.95117
Kyrgyzstan,KGZ,2002,199.59187
Kyrgyzstan,KGZ,2003,194.97484
Kyrgyzstan,KGZ,2004,194.29515
Kyrgyzstan,KGZ,2005,195.79501
Kyrgyzstan,KGZ,2006,174.91093
Kyrgyzstan,KGZ,2007,181.60493
Kyrgyzstan,KGZ,2008,179.59096
Kyrgyzstan,KGZ,2009,192.6724
Kyrgyzstan,KGZ,2010,190.9399
Kyrgyzstan,KGZ,2011,199.87975
Kyrgyzstan,KGZ,2012,202.27997
Kyrgyzstan,KGZ,2013,201.99986
Kyrgyzstan,KGZ,2014,199.74992
Kyrgyzstan,KGZ,2015,202.35014
Kyrgyzstan,KGZ,2016,198.83
Kyrgyzstan,KGZ,2017,193.90005
Kyrgyzstan,KGZ,2018,196.01991
Kyrgyzstan,KGZ,2019,195.96982
Kyrgyzstan,KGZ,2020,195.96991
Kyrgyzstan,KGZ,2021,191.18991
Kyrgyzstan,KGZ,2022,214.58994
Kyrgyzstan,KGZ,2023,213.8699
Land Locked Developing Countries (FAO),,1961,36.67
Land Locked Developing Countries (FAO),,1962,36.02
Land Locked Developing Countries (FAO),,1963,37.57
Land Locked Developing Countries (FAO),,1964,37.31
Land Locked Developing Countries (FAO),,1965,38.37
Land Locked Developing Countries (FAO),,1966,38.17
Land Locked Developing Countries (FAO),,1967,38.94
Land Locked Developing Countries (FAO),,1968,38.61
Land Locked Developing Countries (FAO),,1969,39.49
Land Locked Developing Countries (FAO),,1970,38.26
Land Locked Developing Countries (FAO),,1971,37.44
Land Locked Developing Countries (FAO),,1972,36.16
Land Locked Developing Countries (FAO),,1973,36.46
Land Locked Developing Countries (FAO),,1974,36.83
Land Locked Developing Countries (FAO),,1975,37.32
Land Locked Developing Countries (FAO),,1976,37.87
Land Locked Developing Countries (FAO),,1977,37.28
Land Locked Developing Countries (FAO),,1978,39.12
Land Locked Developing Countries (FAO),,1979,38.95
Land Locked Developing Countries (FAO),,1980,39.38
Land Locked Developing Countries (FAO),,1981,38.64
Land Locked Developing Countries (FAO),,1982,38.11
Land Locked Developing Countries (FAO),,1983,38.6
Land Locked Developing Countries (FAO),,1984,36.24
Land Locked Developing Countries (FAO),,1985,34.72
Land Locked Developing Countries (FAO),,1986,32.34
Land Locked Developing Countries (FAO),,1987,31.85
Land Locked Developing Countries (FAO),,1988,31.34
Land Locked Developing Countries (FAO),,1989,31.17
Land Locked Developing Countries (FAO),,1990,34
Land Locked Developing Countries (FAO),,1991,33.88
Land Locked Developing Countries (FAO),,1992,66.49
Land Locked Developing Countries (FAO),,1993,54.56
Land Locked Developing Countries (FAO),,1994,56.12
Land Locked Developing Countries (FAO),,1995,54.92
Land Locked Developing Countries (FAO),,1996,54.65
Land Locked Developing Countries (FAO),,1997,55.41
Land Locked Developing Countries (FAO),,1998,56.79
Land Locked Developing Countries (FAO),,1999,57.45
Land Locked Developing Countries (FAO),,2000,55.7
Land Locked Developing Countries (FAO),,2001,53.47
Land Locked Developing Countries (FAO),,2002,61.45
Land Locked Developing Countries (FAO),,2003,62.4
Land Locked Developing Countries (FAO),,2004,61.54
Land Locked Developing Countries (FAO),,2005,62.43
Land Locked Developing Countries (FAO),,2006,62.54
Land Locked Developing Countries (FAO),,2007,63.52
Land Locked Developing Countries (FAO),,2008,64.87
Land Locked Developing Countries (FAO),,2009,64.61
Land Locked Developing Countries (FAO),,2010,60.43
Land Locked Developing Countries (FAO),,2011,60.41
Land Locked Developing Countries (FAO),,2012,61.73
Land Locked Developing Countries (FAO),,2013,60.7
Land Locked Developing Countries (FAO),,2014,66.01
Land Locked Developing Countries (FAO),,2015,61.97
Land Locked Developing Countries (FAO),,2016,62.75
Land Locked Developing Countries (FAO),,2017,62.05
Land Locked Developing Countries (FAO),,2018,62.73
Land Locked Developing Countries (FAO),,2019,65
Land Locked Developing Countries (FAO),,2020,68.28
Land Locked Developing Countries (FAO),,2021,67.21
Land Locked Developing Countries (FAO),,2022,69.25
Land Locked Developing Countries (FAO),,2023,67.7
Laos,LAO,1961,1.8293253
Laos,LAO,1962,1.7000629
Laos,LAO,1963,1.7207059
Laos,LAO,1964,1.0309631
Laos,LAO,1965,1.4429089
Laos,LAO,1966,1.0926508
Laos,LAO,1967,1.2030298
Laos,LAO,1968,1.7351763
Laos,LAO,1969,1.9575062
Laos,LAO,1970,2.3332932
Laos,LAO,1971,2.0783527
Laos,LAO,1972,1.4176611
Laos,LAO,1973,0.91392744
Laos,LAO,1974,0.9852577
Laos,LAO,1975,0.37510598
Laos,LAO,1976,0.3836102
Laos,LAO,1977,0.39138472
Laos,LAO,1978,5.4449325
Laos,LAO,1979,4.719897
Laos,LAO,1980,4.2753253
Laos,LAO,1981,0.4432315
Laos,LAO,1982,0.44256237
Laos,LAO,1983,0.46216848
Laos,LAO,1984,0.47197172
Laos,LAO,1985,0.48187894
Laos,LAO,1986,0.53091466
Laos,LAO,1987,0.5604044
Laos,LAO,1988,0.55070364
Laos,LAO,1989,1.0919973
Laos,LAO,1990,0.83680046
Laos,LAO,1991,1.5272412
Laos,LAO,1992,2.4563334
Laos,LAO,1993,1.7279379
Laos,LAO,1994,4.672736
Laos,LAO,1995,4.387389
Laos,LAO,1996,3.993011
Laos,LAO,1997,4.0265393
Laos,LAO,1998,2.814419
Laos,LAO,1999,3.5513213
Laos,LAO,2000,3.115017
Laos,LAO,2001,4.0023317
Laos,LAO,2002,3.9727936
Laos,LAO,2003,3.5797071
Laos,LAO,2004,3.8344069
Laos,LAO,2005,3.8971512
Laos,LAO,2006,3.5099952
Laos,LAO,2007,3.6338704
Laos,LAO,2008,2.3561718
Laos,LAO,2009,2.3800056
Laos,LAO,2010,3.7499952
Laos,LAO,2011,5.309998
Laos,LAO,2012,5.669999
Laos,LAO,2013,5.549996
Laos,LAO,2014,7.42
Laos,LAO,2015,4.640002
Laos,LAO,2016,5.24
Laos,LAO,2017,6.85
Laos,LAO,2018,5.010005
Laos,LAO,2019,8.420006
Laos,LAO,2020,10.859993
Laos,LAO,2021,7.5699983
Laos,LAO,2022,13.460003
Laos,LAO,2023,10.149985
Latvia,LVA,1992,233.68694
Latvia,LVA,1993,247.02809
Latvia,LVA,1994,231.89551
Latvia,LVA,1995,242.47998
Latvia,LVA,1996,230.77873
Latvia,LVA,1997,219.38956
Latvia,LVA,1998,197.8218
Latvia,LVA,1999,198.53635
Latvia,LVA,2000,205.44223
Latvia,LVA,2001,188.32816
Latvia,LVA,2002,211.77568
Latvia,LVA,2003,220.30534
Latvia,LVA,2004,204.54028
Latvia,LVA,2005,197.34596
Latvia,LVA,2006,208.28065
Latvia,LVA,2007,202.75002
Latvia,LVA,2008,224.90279
Latvia,LVA,2009,227.88821
Latvia,LVA,2010,172.11967
Latvia,LVA,2011,167.35
Latvia,LVA,2012,160.84929
Latvia,LVA,2013,165.43048
Latvia,LVA,2014,174.79974
Latvia,LVA,2015,182.74963
Latvia,LVA,2016,183.21973
Latvia,LVA,2017,197.74908
Latvia,LVA,2018,194.3204
Latvia,LVA,2019,217.8992
Latvia,LVA,2020,222.88013
Latvia,LVA,2021,231.86963
Latvia,LVA,2022,249.28014
Latvia,LVA,2023,259.70016
Least Developed Countries (FAO),,1961,25.58
Least Developed Countries (FAO),,1962,25.49
Least Developed Countries (FAO),,1963,26.07
Least Developed Countries (FAO),,1964,26.2
Least Developed Countries (FAO),,1965,26.6
Least Developed Countries (FAO),,1966,25.92
Least Developed Countries (FAO),,1967,26.23
Least Developed Countries (FAO),,1968,25.71
Least Developed Countries (FAO),,1969,25.79
Least Developed Countries (FAO),,1970,25.36
Least Developed Countries (FAO),,1971,24.64
Least Developed Countries (FAO),,1972,23.54
Least Developed Countries (FAO),,1973,24.26
Least Developed Countries (FAO),,1974,24.05
Least Developed Countries (FAO),,1975,24.11
Least Developed Countries (FAO),,1976,24.91
Least Developed Countries (FAO),,1977,25.64
Least Developed Countries (FAO),,1978,27.89
Least Developed Countries (FAO),,1979,28.02
Least Developed Countries (FAO),,1980,27.96
Least Developed Countries (FAO),,1981,29.7
Least Developed Countries (FAO),,1982,29.29
Least Developed Countries (FAO),,1983,29.97
Least Developed Countries (FAO),,1984,27.45
Least Developed Countries (FAO),,1985,30.42
Least Developed Countries (FAO),,1986,28.88
Least Developed Countries (FAO),,1987,27.52
Least Developed Countries (FAO),,1988,27.25
Least Developed Countries (FAO),,1989,26.57
Least Developed Countries (FAO),,1990,27.38
Least Developed Countries (FAO),,1991,27.32
Least Developed Countries (FAO),,1992,26.79
Least Developed Countries (FAO),,1993,27.3
Least Developed Countries (FAO),,1994,27.14
Least Developed Countries (FAO),,1995,27.67
Least Developed Countries (FAO),,1996,27.95
Least Developed Countries (FAO),,1997,28.12
Least Developed Countries (FAO),,1998,28.42
Least Developed Countries (FAO),,1999,29.74
Least Developed Countries (FAO),,2000,29.27
Least Developed Countries (FAO),,2001,29.03
Least Developed Countries (FAO),,2002,33.79
Least Developed Countries (FAO),,2003,35.31
Least Developed Countries (FAO),,2004,35.97
Least Developed Countries (FAO),,2005,36.14
Least Developed Countries (FAO),,2006,35.77
Least Developed Countries (FAO),,2007,36.57
Least Developed Countries (FAO),,2008,37.35
Least Developed Countries (FAO),,2009,37.99
Least Developed Countries (FAO),,2010,25.89
Least Developed Countries (FAO),,2011,24.99
Least Developed Countries (FAO),,2012,28.84
Least Developed Countries (FAO),,2013,27.79
Least Developed Countries (FAO),,2014,30.02
Least Developed Countries (FAO),,2015,27.48
Least Developed Countries (FAO),,2016,27.26
Least Developed Countries (FAO),,2017,27.09
Least Developed Countries (FAO),,2018,27.01
Least Developed Countries (FAO),,2019,28.8
Least Developed Countries (FAO),,2020,29.59
Least Developed Countries (FAO),,2021,35.31
Least Developed Countries (FAO),,2022,39.4
Least Developed Countries (FAO),,2023,40.25
Lebanon,LBN,1961,66.219406
Lebanon,LBN,1962,70.28288
Lebanon,LBN,1963,80.908394
Lebanon,LBN,1964,90.071304
Lebanon,LBN,1965,89.23487
Lebanon,LBN,1966,89.11068
Lebanon,LBN,1967,86.46832
Lebanon,LBN,1968,85.53765
Lebanon,LBN,1969,85.83757
Lebanon,LBN,1970,85.17537
Lebanon,LBN,1971,86.42075
Lebanon,LBN,1972,85.759766
Lebanon,LBN,1973,83.27931
Lebanon,LBN,1974,82.0028
Lebanon,LBN,1975,78.9482
Lebanon,LBN,1976,74.42938
Lebanon,LBN,1977,77.1376
Lebanon,LBN,1978,83.207
Lebanon,LBN,1979,92.04211
Lebanon,LBN,1980,104.54447
Lebanon,LBN,1981,103.24949
Lebanon,LBN,1982,100.1733
Lebanon,LBN,1983,99.19619
Lebanon,LBN,1984,90.88676
Lebanon,LBN,1985,78.686424
Lebanon,LBN,1986,69.39946
Lebanon,LBN,1987,57.479984
Lebanon,LBN,1988,55.440525
Lebanon,LBN,1989,61.030617
Lebanon,LBN,1990,58.763897
Lebanon,LBN,1991,67.837715
Lebanon,LBN,1992,68.53603
Lebanon,LBN,1993,76.795044
Lebanon,LBN,1994,76.665596
Lebanon,LBN,1995,83.59865
Lebanon,LBN,1996,83.168846
Lebanon,LBN,1997,92.110725
Lebanon,LBN,1998,76.090775
Lebanon,LBN,1999,81.497955
Lebanon,LBN,2000,86.7978
Lebanon,LBN,2001,83.21913
Lebanon,LBN,2002,102.2069
Lebanon,LBN,2003,96.96465
Lebanon,LBN,2004,95.744896
Lebanon,LBN,2005,94.85449
Lebanon,LBN,2006,94.83068
Lebanon,LBN,2007,90.2761
Lebanon,LBN,2008,91.74533
Lebanon,LBN,2009,76.7086
Lebanon,LBN,2010,135.85
Lebanon,LBN,2011,147.77007
Lebanon,LBN,2012,149.14995
Lebanon,LBN,2013,159.88997
Lebanon,LBN,2014,149.72993
Lebanon,LBN,2015,134.6
Lebanon,LBN,2016,133.96999
Lebanon,LBN,2017,138.53001
Lebanon,LBN,2018,148.97
Lebanon,LBN,2019,139.58972
Lebanon,LBN,2020,116.6
Lebanon,LBN,2021,110.90983
Lebanon,LBN,2022,110.32997
Lebanon,LBN,2023,111.719925
Lesotho,LSO,1961,24.07987
Lesotho,LSO,1962,24.22113
Lesotho,LSO,1963,16.424095
Lesotho,LSO,1964,29.498264
Lesotho,LSO,1965,26.79622
Lesotho,LSO,1966,23.187943
Lesotho,LSO,1967,18.825365
Lesotho,LSO,1968,16.88062
Lesotho,LSO,1969,16.534662
Lesotho,LSO,1970,14.417806
Lesotho,LSO,1971,27.471409
Lesotho,LSO,1972,30.744635
Lesotho,LSO,1973,25.513557
Lesotho,LSO,1974,23.704765
Lesotho,LSO,1975,21.178371
Lesotho,LSO,1976,24.552301
Lesotho,LSO,1977,29.354168
Lesotho,LSO,1978,33.052963
Lesotho,LSO,1979,30.932129
Lesotho,LSO,1980,34.130882
Lesotho,LSO,1981,33.662216
Lesotho,LSO,1982,45.900402
Lesotho,LSO,1983,63.527157
Lesotho,LSO,1984,50.52606
Lesotho,LSO,1985,41.842545
Lesotho,LSO,1986,32.05097
Lesotho,LSO,1987,26.636217
Lesotho,LSO,1988,23.674322
Lesotho,LSO,1989,15.811092
Lesotho,LSO,1990,15.66478
Lesotho,LSO,1991,15.53436
Lesotho,LSO,1992,16.305082
Lesotho,LSO,1993,15.774516
Lesotho,LSO,1994,16.134058
Lesotho,LSO,1995,16.079943
Lesotho,LSO,1996,14.927038
Lesotho,LSO,1997,16.196918
Lesotho,LSO,1998,15.292396
Lesotho,LSO,1999,16.42301
Lesotho,LSO,2000,17.643826
Lesotho,LSO,2001,18.899084
Lesotho,LSO,2002,17.28425
Lesotho,LSO,2003,16.990036
Lesotho,LSO,2004,17.081736
Lesotho,LSO,2005,17.592644
Lesotho,LSO,2006,17.274889
Lesotho,LSO,2007,18.73612
Lesotho,LSO,2008,19.042656
Lesotho,LSO,2009,19.539509
Lesotho,LSO,2010,67.4398
Lesotho,LSO,2011,81.3198
Lesotho,LSO,2012,80.909485
Lesotho,LSO,2013,78.559654
Lesotho,LSO,2014,96.039955
Lesotho,LSO,2015,94.66982
Lesotho,LSO,2016,84.10984
Lesotho,LSO,2017,86.44972
Lesotho,LSO,2018,80.58959
Lesotho,LSO,2019,85.28984
Lesotho,LSO,2020,86.42011
Lesotho,LSO,2021,82.45967
Lesotho,LSO,2022,88.88992
Lesotho,LSO,2023,83.42978
Liberia,LBR,1961,7.9914207
Liberia,LBR,1962,7.6042447
Liberia,LBR,1963,5.695277
Liberia,LBR,1964,4.755007
Liberia,LBR,1965,6.307918
Liberia,LBR,1966,6.074049
Liberia,LBR,1967,11.897001
Liberia,LBR,1968,6.3456597
Liberia,LBR,1969,5.001434
Liberia,LBR,1970,5.567006
Liberia,LBR,1971,8.307432
Liberia,LBR,1972,5.919397
Liberia,LBR,1973,9.213066
Liberia,LBR,1974,7.2221637
Liberia,LBR,1975,6.3661985
Liberia,LBR,1976,7.0863466
Liberia,LBR,1977,9.098202
Liberia,LBR,1978,8.395412
Liberia,LBR,1979,10.500771
Liberia,LBR,1980,12.196382
Liberia,LBR,1981,9.005871
Liberia,LBR,1982,8.302987
Liberia,LBR,1983,11.884995
Liberia,LBR,1984,14.766444
Liberia,LBR,1985,11.913843
Liberia,LBR,1986,12.762939
Liberia,LBR,1987,5.782757
Liberia,LBR,1988,5.2588496
Liberia,LBR,1989,4.158803
Liberia,LBR,1990,1.8252687
Liberia,LBR,1991,4.7623568
Liberia,LBR,1992,1.889522
Liberia,LBR,1993,5.361409
Liberia,LBR,1994,2.0472398
Liberia,LBR,1995,3.336949
Liberia,LBR,1996,2.3828309
Liberia,LBR,1997,2.0484293
Liberia,LBR,1998,1.906433
Liberia,LBR,1999,2.6917708
Liberia,LBR,2000,2.913613
Liberia,LBR,2001,2.158239
Liberia,LBR,2002,1.8953158
Liberia,LBR,2003,2.0128775
Liberia,LBR,2004,4.045703
Liberia,LBR,2005,4.0218525
Liberia,LBR,2006,3.6169586
Liberia,LBR,2007,3.7724917
Liberia,LBR,2008,2.4800642
Liberia,LBR,2009,2.4420073
Liberia,LBR,2010,4.009993
Liberia,LBR,2011,3.950003
Liberia,LBR,2012,3.8299947
Liberia,LBR,2013,3.819995
Liberia,LBR,2014,4.9199905
Liberia,LBR,2015,4.7299943
Liberia,LBR,2016,4.6400027
Liberia,LBR,2017,4.4199934
Liberia,LBR,2018,3.9400017
Liberia,LBR,2019,3.500001
Liberia,LBR,2020,4.269992
Liberia,LBR,2021,3.8299947
Liberia,LBR,2022,4.089995
Liberia,LBR,2023,3.2999969
Libya,LBY,2010,97.030045
Libya,LBY,2011,119.96982
Libya,LBY,2012,148.96008
Libya,LBY,2013,194.50981
Libya,LBY,2014,136.53978
Libya,LBY,2015,141.0499
Libya,LBY,2016,124.87
Libya,LBY,2017,92.25999
Libya,LBY,2018,125.93985
Libya,LBY,2019,112.71983
Libya,LBY,2020,127.83994
Libya,LBY,2021,166.46004
Libya,LBY,2022,137.85992
Libya,LBY,2023,141.74002
Lithuania,LTU,1992,147.23866
Lithuania,LTU,1993,150.86307
Lithuania,LTU,1994,193.6504
Lithuania,LTU,1995,151.35013
Lithuania,LTU,1996,161.07047
Lithuania,LTU,1997,120.051056
Lithuania,LTU,1998,109.2247
Lithuania,LTU,1999,131.4714
Lithuania,LTU,2000,198.62315
Lithuania,LTU,2001,212.02583
Lithuania,LTU,2002,207.95876
Lithuania,LTU,2003,206.66942
Lithuania,LTU,2004,227.44765
Lithuania,LTU,2005,264.39352
Lithuania,LTU,2006,298.92664
Lithuania,LTU,2007,283.35455
Lithuania,LTU,2008,296.25043
Lithuania,LTU,2009,300.48633
Lithuania,LTU,2010,130.02995
Lithuania,LTU,2011,101.13993
Lithuania,LTU,2012,81.0499
Lithuania,LTU,2013,117.13004
Lithuania,LTU,2014,152.52994
Lithuania,LTU,2015,116.25956
Lithuania,LTU,2016,125.02004
Lithuania,LTU,2017,136.71967
Lithuania,LTU,2018,134.21976
Lithuania,LTU,2019,237.68025
Lithuania,LTU,2020,249.81947
Lithuania,LTU,2021,280.87
Lithuania,LTU,2022,291.0597
Lithuania,LTU,2023,292.5796
Low Income Food Deficit Countries (FAO),,1961,37.46
Low Income Food Deficit Countries (FAO),,1962,36.88
Low Income Food Deficit Countries (FAO),,1963,36.21
Low Income Food Deficit Countries (FAO),,1964,35.46
Low Income Food Deficit Countries (FAO),,1965,34.56
Low Income Food Deficit Countries (FAO),,1966,34.38
Low Income Food Deficit Countries (FAO),,1967,34.17
Low Income Food Deficit Countries (FAO),,1968,35.17
Low Income Food Deficit Countries (FAO),,1969,35.55
Low Income Food Deficit Countries (FAO),,1970,34.25
Low Income Food Deficit Countries (FAO),,1971,35.6
Low Income Food Deficit Countries (FAO),,1972,35
Low Income Food Deficit Countries (FAO),,1973,34.7
Low Income Food Deficit Countries (FAO),,1974,35.4
Low Income Food Deficit Countries (FAO),,1975,35.39
Low Income Food Deficit Countries (FAO),,1976,36.49
Low Income Food Deficit Countries (FAO),,1977,37.37
Low Income Food Deficit Countries (FAO),,1978,37.89
Low Income Food Deficit Countries (FAO),,1979,37.99
Low Income Food Deficit Countries (FAO),,1980,38.43
Low Income Food Deficit Countries (FAO),,1981,40.36
Low Income Food Deficit Countries (FAO),,1982,41.46
Low Income Food Deficit Countries (FAO),,1983,42.71
Low Income Food Deficit Countries (FAO),,1984,43.42
Low Income Food Deficit Countries (FAO),,1985,45.27
Low Income Food Deficit Countries (FAO),,1986,46.1
Low Income Food Deficit Countries (FAO),,1987,45.71
Low Income Food Deficit Countries (FAO),,1988,45.93
Low Income Food Deficit Countries (FAO),,1989,47.05
Low Income Food Deficit Countries (FAO),,1990,47.45
Low Income Food Deficit Countries (FAO),,1991,46.94
Low Income Food Deficit Countries (FAO),,1992,49.56
Low Income Food Deficit Countries (FAO),,1993,50.48
Low Income Food Deficit Countries (FAO),,1994,50.71
Low Income Food Deficit Countries (FAO),,1995,52.68
Low Income Food Deficit Countries (FAO),,1996,54.32
Low Income Food Deficit Countries (FAO),,1997,54.98
Low Income Food Deficit Countries (FAO),,1998,55.97
Low Income Food Deficit Countries (FAO),,1999,57.54
Low Income Food Deficit Countries (FAO),,2000,56.64
Low Income Food Deficit Countries (FAO),,2001,57.03
Low Income Food Deficit Countries (FAO),,2002,58.28
Low Income Food Deficit Countries (FAO),,2003,59.08
Low Income Food Deficit Countries (FAO),,2004,60.37
Low Income Food Deficit Countries (FAO),,2005,61.43
Low Income Food Deficit Countries (FAO),,2006,63.16
Low Income Food Deficit Countries (FAO),,2007,65.91
Low Income Food Deficit Countries (FAO),,2008,67.08
Low Income Food Deficit Countries (FAO),,2009,68.69
Low Income Food Deficit Countries (FAO),,2010,41.46
Low Income Food Deficit Countries (FAO),,2011,41.26
Low Income Food Deficit Countries (FAO),,2012,44.88
Low Income Food Deficit Countries (FAO),,2013,43.81
Low Income Food Deficit Countries (FAO),,2014,45.81
Low Income Food Deficit Countries (FAO),,2015,42.99
Low Income Food Deficit Countries (FAO),,2016,43.42
Low Income Food Deficit Countries (FAO),,2017,42.36
Low Income Food Deficit Countries (FAO),,2018,42.22
Low Income Food Deficit Countries (FAO),,2019,44.59
Low Income Food Deficit Countries (FAO),,2020,46.55
Low Income Food Deficit Countries (FAO),,2021,45.51
Low Income Food Deficit Countries (FAO),,2022,49.81
Low Income Food Deficit Countries (FAO),,2023,50.13
Low-income countries,OWID_LIC,1961,24.92357
Low-income countries,OWID_LIC,1962,25.004002
Low-income countries,OWID_LIC,1963,25.928537
Low-income countries,OWID_LIC,1964,26.072302
Low-income countries,OWID_LIC,1965,27.1421
Low-income countries,OWID_LIC,1966,27.467997
Low-income countries,OWID_LIC,1967,28.011995
Low-income countries,OWID_LIC,1968,27.24989
Low-income countries,OWID_LIC,1969,27.683292
Low-income countries,OWID_LIC,1970,26.37245
Low-income countries,OWID_LIC,1971,24.809723
Low-income countries,OWID_LIC,1972,23.718224
Low-income countries,OWID_LIC,1973,24.046228
Low-income countries,OWID_LIC,1974,23.88497
Low-income countries,OWID_LIC,1975,24.343578
Low-income countries,OWID_LIC,1976,24.763168
Low-income countries,OWID_LIC,1977,25.193424
Low-income countries,OWID_LIC,1978,27.594547
Low-income countries,OWID_LIC,1979,27.371683
Low-income countries,OWID_LIC,1980,27.719204
Low-income countries,OWID_LIC,1981,28.785154
Low-income countries,OWID_LIC,1982,28.741232
Low-income countries,OWID_LIC,1983,29.025902
Low-income countries,OWID_LIC,1984,27.90481
Low-income countries,OWID_LIC,1985,26.329891
Low-income countries,OWID_LIC,1986,24.319378
Low-income countries,OWID_LIC,1987,23.69666
Low-income countries,OWID_LIC,1988,23.540504
Low-income countries,OWID_LIC,1989,22.44712
Low-income countries,OWID_LIC,1990,24.889704
Low-income countries,OWID_LIC,1991,25.562304
Low-income countries,OWID_LIC,1992,23.920177
Low-income countries,OWID_LIC,1993,22.560635
Low-income countries,OWID_LIC,1994,21.889887
Low-income countries,OWID_LIC,1995,22.6093
Low-income countries,OWID_LIC,1996,23.341337
Low-income countries,OWID_LIC,1997,23.613695
Low-income countries,OWID_LIC,1998,24.21417
Low-income countries,OWID_LIC,1999,24.852524
Low-income countries,OWID_LIC,2000,22.975761
Low-income countries,OWID_LIC,2001,20.926067
Low-income countries,OWID_LIC,2002,28.885698
Low-income countries,OWID_LIC,2003,30.050661
Low-income countries,OWID_LIC,2004,30.347404
Low-income countries,OWID_LIC,2005,29.27339
Low-income countries,OWID_LIC,2006,29.660685
Low-income countries,OWID_LIC,2007,31.3839
Low-income countries,OWID_LIC,2008,32.922295
Low-income countries,OWID_LIC,2009,32.194355
Low-income countries,OWID_LIC,2010,32.007446
Low-income countries,OWID_LIC,2011,30.67937
Low-income countries,OWID_LIC,2012,36.188892
Low-income countries,OWID_LIC,2013,34.230637
Low-income countries,OWID_LIC,2014,36.71135
Low-income countries,OWID_LIC,2015,32.212563
Low-income countries,OWID_LIC,2016,31.971682
Low-income countries,OWID_LIC,2017,31.513823
Low-income countries,OWID_LIC,2018,30.665796
Low-income countries,OWID_LIC,2019,34.20397
Low-income countries,OWID_LIC,2020,37.24326
Low-income countries,OWID_LIC,2021,35.142292
Low-income countries,OWID_LIC,2022,40.585526
Low-income countries,OWID_LIC,2023,34.252842
Lower-middle-income countries,OWID_LMC,1961,34.586933
Lower-middle-income countries,OWID_LMC,1962,33.938854
Lower-middle-income countries,OWID_LMC,1963,33.332783
Lower-middle-income countries,OWID_LMC,1964,32.648224
Lower-middle-income countries,OWID_LMC,1965,31.744196
Lower-middle-income countries,OWID_LMC,1966,31.602047
Lower-middle-income countries,OWID_LMC,1967,31.253656
Lower-middle-income countries,OWID_LMC,1968,32.64099
Lower-middle-income countries,OWID_LMC,1969,33.04527
Lower-middle-income countries,OWID_LMC,1970,31.897749
Lower-middle-income countries,OWID_LMC,1971,33.22357
Lower-middle-income countries,OWID_LMC,1972,32.685272
Lower-middle-income countries,OWID_LMC,1973,32.344635
Lower-middle-income countries,OWID_LMC,1974,33.156055
Lower-middle-income countries,OWID_LMC,1975,32.98352
Lower-middle-income countries,OWID_LMC,1976,34.199406
Lower-middle-income countries,OWID_LMC,1977,35.395912
Lower-middle-income countries,OWID_LMC,1978,35.551716
Lower-middle-income countries,OWID_LMC,1979,35.807747
Lower-middle-income countries,OWID_LMC,1980,35.788506
Lower-middle-income countries,OWID_LMC,1981,37.00593
Lower-middle-income countries,OWID_LMC,1982,37.972042
Lower-middle-income countries,OWID_LMC,1983,39.104893
Lower-middle-income countries,OWID_LMC,1984,40.460716
Lower-middle-income countries,OWID_LMC,1985,41.89436
Lower-middle-income countries,OWID_LMC,1986,42.41643
Lower-middle-income countries,OWID_LMC,1987,42.703495
Lower-middle-income countries,OWID_LMC,1988,42.86302
Lower-middle-income countries,OWID_LMC,1989,43.845406
Lower-middle-income countries,OWID_LMC,1990,43.87695
Lower-middle-income countries,OWID_LMC,1991,43.40449
Lower-middle-income countries,OWID_LMC,1992,46.68169
Lower-middle-income countries,OWID_LMC,1993,47.201088
Lower-middle-income countries,OWID_LMC,1994,47.701748
Lower-middle-income countries,OWID_LMC,1995,49.41816
Lower-middle-income countries,OWID_LMC,1996,50.853622
Lower-middle-income countries,OWID_LMC,1997,51.747288
Lower-middle-income countries,OWID_LMC,1998,52.433174
Lower-middle-income countries,OWID_LMC,1999,53.61328
Lower-middle-income countries,OWID_LMC,2000,53.051975
Lower-middle-income countries,OWID_LMC,2001,53.4081
Lower-middle-income countries,OWID_LMC,2002,53.264362
Lower-middle-income countries,OWID_LMC,2003,54.24103
Lower-middle-income countries,OWID_LMC,2004,54.959496
Lower-middle-income countries,OWID_LMC,2005,55.963657
Lower-middle-income countries,OWID_LMC,2006,57.431473
Lower-middle-income countries,OWID_LMC,2007,60.08179
Lower-middle-income countries,OWID_LMC,2008,60.813263
Lower-middle-income countries,OWID_LMC,2009,62.167805
Lower-middle-income countries,OWID_LMC,2010,45.36513
Lower-middle-income countries,OWID_LMC,2011,47.235264
Lower-middle-income countries,OWID_LMC,2012,48.284912
Lower-middle-income countries,OWID_LMC,2013,47.650494
Lower-middle-income countries,OWID_LMC,2014,49.705902
Lower-middle-income countries,OWID_LMC,2015,52.245068
Lower-middle-income countries,OWID_LMC,2016,54.749306
Lower-middle-income countries,OWID_LMC,2017,56.325752
Lower-middle-income countries,OWID_LMC,2018,58.786743
Lower-middle-income countries,OWID_LMC,2019,62.351517
Lower-middle-income countries,OWID_LMC,2020,64.765656
Lower-middle-income countries,OWID_LMC,2021,68.67722
Lower-middle-income countries,OWID_LMC,2022,69.48295
Lower-middle-income countries,OWID_LMC,2023,70.81906
Luxembourg,LUX,2000,244.23045
Luxembourg,LUX,2001,282.4839
Luxembourg,LUX,2002,283.7911
Luxembourg,LUX,2003,272.89215
Luxembourg,LUX,2004,278.59387
Luxembourg,LUX,2005,296.37155
Luxembourg,LUX,2006,280.28845
Luxembourg,LUX,2007,261.49042
Luxembourg,LUX,2008,237.18835
Luxembourg,LUX,2009,241.365
Luxembourg,LUX,2010,202.8768
Luxembourg,LUX,2011,190.8589
Luxembourg,LUX,2012,220.93959
Luxembourg,LUX,2013,228.10663
Luxembourg,LUX,2014,213.0181
Luxembourg,LUX,2015,235.12999
Luxembourg,LUX,2016,209.92964
Luxembourg,LUX,2017,222.87776
Luxembourg,LUX,2018,194.83711
Luxembourg,LUX,2019,199.69774
Luxembourg,LUX,2020,233.6411
Luxembourg,LUX,2021,235.0478
Luxembourg,LUX,2022,238.69817
Luxembourg,LUX,2023,257.0596
Macao,MAC,1961,7.0066633
Macao,MAC,1962,10.860509
Macao,MAC,1963,13.16773
Macao,MAC,1964,9.896841
Macao,MAC,1965,6.5535674
Macao,MAC,1966,14.227289
Macao,MAC,1967,8.106209
Macao,MAC,1968,10.602999
Macao,MAC,1969,11.112112
Macao,MAC,1970,12.530254
Macao,MAC,1971,15.646639
Macao,MAC,1972,14.867068
Macao,MAC,1973,16.079245
Macao,MAC,1974,18.944466
Macao,MAC,1975,15.060438
Macao,MAC,1976,15.6325445
Macao,MAC,1977,14.384182
Macao,MAC,1978,16.145763
Macao,MAC,1979,18.802372
Macao,MAC,1980,15.303282
Macao,MAC,1981,32.044388
Macao,MAC,1982,34.722816
Macao,MAC,1983,41.958458
Macao,MAC,1984,43.081837
Macao,MAC,1985,43.42122
Macao,MAC,1986,46.15399
Macao,MAC,1987,49.10241
Macao,MAC,1988,48.65603
Macao,MAC,1989,35.67989
Macao,MAC,1990,41.20607
Macao,MAC,1991,39.520252
Macao,MAC,1992,39.60178
Macao,MAC,1993,40.485825
Macao,MAC,1994,44.703712
Macao,MAC,1995,55.422108
Macao,MAC,1996,44.49664
Macao,MAC,1997,35.624203
Macao,MAC,1998,36.31923
Macao,MAC,1999,32.389664
Macao,MAC,2000,36.520596
Macao,MAC,2001,41.249367
Macao,MAC,2002,46.578396
Macao,MAC,2003,41.25768
Macao,MAC,2004,45.223316
Macao,MAC,2005,49.320732
Macao,MAC,2006,58.83574
Macao,MAC,2007,59.401913
Macao,MAC,2008,58.91998
Macao,MAC,2009,62.099434
Macao,MAC,2010,67.56012
Macao,MAC,2011,70.0483
Macao,MAC,2012,41.9
Macao,MAC,2013,41.129177
Macao,MAC,2014,63.629166
Macao,MAC,2015,41.789665
Macao,MAC,2016,34.65962
Macao,MAC,2017,104.72871
Macao,MAC,2018,98.118965
Macao,MAC,2019,47.339153
Macao,MAC,2020,34.930054
Macao,MAC,2021,37.929783
Macao,MAC,2022,36
Macao,MAC,2023,41.51965
Madagascar,MDG,1961,56.111942
Madagascar,MDG,1962,58.300682
Madagascar,MDG,1963,57.916904
Madagascar,MDG,1964,56.717598
Madagascar,MDG,1965,57.312115
Madagascar,MDG,1966,60.22723
Madagascar,MDG,1967,59.24076
Madagascar,MDG,1968,57.917027
Madagascar,MDG,1969,55.515137
Madagascar,MDG,1970,55.29277
Madagascar,MDG,1971,50.49672
Madagascar,MDG,1972,49.685184
Madagascar,MDG,1973,48.369858
Madagascar,MDG,1974,48.052414
Madagascar,MDG,1975,47.44703
Madagascar,MDG,1976,46.798996
Madagascar,MDG,1977,47.348537
Madagascar,MDG,1978,50.779667
Madagascar,MDG,1979,50.546036
Madagascar,MDG,1980,49.51367
Madagascar,MDG,1981,47.814373
Madagascar,MDG,1982,48.0168
Madagascar,MDG,1983,47.218456
Madagascar,MDG,1984,46.76534
Madagascar,MDG,1985,43.509026
Madagascar,MDG,1986,44.375614
Madagascar,MDG,1987,43.562717
Madagascar,MDG,1988,41.083866
Madagascar,MDG,1989,39.673347
Madagascar,MDG,1990,39.33378
Madagascar,MDG,1991,38.142067
Madagascar,MDG,1992,37.948753
Madagascar,MDG,1993,36.46418
Madagascar,MDG,1994,35.54572
Madagascar,MDG,1995,35.376736
Madagascar,MDG,1996,34.9115
Madagascar,MDG,1997,34.25773
Madagascar,MDG,1998,33.075962
Madagascar,MDG,1999,32.53778
Madagascar,MDG,2000,32.459816
Madagascar,MDG,2001,27.57643
Madagascar,MDG,2002,27.311758
Madagascar,MDG,2003,25.430655
Madagascar,MDG,2004,26.339096
Madagascar,MDG,2005,26.872194
Madagascar,MDG,2006,26.381891
Madagascar,MDG,2007,25.864748
Madagascar,MDG,2008,26.56128
Madagascar,MDG,2009,25.501957
Madagascar,MDG,2010,24.319996
Madagascar,MDG,2011,24.779997
Madagascar,MDG,2012,24.239996
Madagascar,MDG,2013,23.5
Madagascar,MDG,2014,21.879993
Madagascar,MDG,2015,22.109997
Madagascar,MDG,2016,22.49
Madagascar,MDG,2017,23.37999
Madagascar,MDG,2018,23.46
Madagascar,MDG,2019,19.119995
Madagascar,MDG,2020,17.94
Madagascar,MDG,2021,17.959995
Madagascar,MDG,2022,13.399999
Madagascar,MDG,2023,15.1799965
Malawi,MWI,1961,3.514248
Malawi,MWI,1962,3.5034823
Malawi,MWI,1963,3.4924636
Malawi,MWI,1964,3.6371343
Malawi,MWI,1965,4.724764
Malawi,MWI,1966,4.347744
Malawi,MWI,1967,4.552649
Malawi,MWI,1968,4.7319336
Malawi,MWI,1969,5.258844
Malawi,MWI,1970,5.337521
Malawi,MWI,1971,5.558221
Malawi,MWI,1972,4.8174505
Malawi,MWI,1973,5.8862295
Malawi,MWI,1974,5.1286607
Malawi,MWI,1975,5.4229217
Malawi,MWI,1976,6.774027
Malawi,MWI,1977,6.470512
Malawi,MWI,1978,8.969358
Malawi,MWI,1979,9.3876095
Malawi,MWI,1980,9.536379
Malawi,MWI,1981,9.247603
Malawi,MWI,1982,9.08542
Malawi,MWI,1983,8.877043
Malawi,MWI,1984,7.951663
Malawi,MWI,1985,10.410564
Malawi,MWI,1986,9.000085
Malawi,MWI,1987,6.3091655
Malawi,MWI,1988,6.3083777
Malawi,MWI,1989,6.449549
Malawi,MWI,1990,5.106561
Malawi,MWI,1991,6.396658
Malawi,MWI,1992,5.8351316
Malawi,MWI,1993,5.260733
Malawi,MWI,1994,4.710398
Malawi,MWI,1995,3.7106864
Malawi,MWI,1996,3.9524436
Malawi,MWI,1997,4.127307
Malawi,MWI,1998,4.034976
Malawi,MWI,1999,3.9375534
Malawi,MWI,2000,3.6316211
Malawi,MWI,2001,4.1707444
Malawi,MWI,2002,3.0719914
Malawi,MWI,2003,3.0945194
Malawi,MWI,2004,3.6699321
Malawi,MWI,2005,5.788049
Malawi,MWI,2006,2.8736012
Malawi,MWI,2007,3.7476172
Malawi,MWI,2008,4.4508696
Malawi,MWI,2009,5.0210576
Malawi,MWI,2010,4.199998
Malawi,MWI,2011,4.219998
Malawi,MWI,2012,4.230001
Malawi,MWI,2013,3.950001
Malawi,MWI,2014,10.880003
Malawi,MWI,2015,10.480001
Malawi,MWI,2016,11.209999
Malawi,MWI,2017,11.110003
Malawi,MWI,2018,10.979996
Malawi,MWI,2019,10.900001
Malawi,MWI,2020,11.670004
Malawi,MWI,2021,11.309998
Malawi,MWI,2022,10.59
Malawi,MWI,2023,10.95
Malaysia,MYS,1961,30.693338
Malaysia,MYS,1962,31.641687
Malaysia,MYS,1963,34.89896
Malaysia,MYS,1964,34.82987
Malaysia,MYS,1965,34.247955
Malaysia,MYS,1966,32.63418
Malaysia,MYS,1967,30.57923
Malaysia,MYS,1968,33.50097
Malaysia,MYS,1969,30.227018
Malaysia,MYS,1970,36.28902
Malaysia,MYS,1971,31.850594
Malaysia,MYS,1972,30.687117
Malaysia,MYS,1973,35.648125
Malaysia,MYS,1974,36.633396
Malaysia,MYS,1975,38.571877
Malaysia,MYS,1976,38.239357
Malaysia,MYS,1977,43.50992
Malaysia,MYS,1978,42.792126
Malaysia,MYS,1979,43.86601
Malaysia,MYS,1980,45.05007
Malaysia,MYS,1981,45.643257
Malaysia,MYS,1982,36.578705
Malaysia,MYS,1983,42.923485
Malaysia,MYS,1984,44.090515
Malaysia,MYS,1985,40.484215
Malaysia,MYS,1986,38.999683
Malaysia,MYS,1987,42.1994
Malaysia,MYS,1988,51.216995
Malaysia,MYS,1989,41.54983
Malaysia,MYS,1990,42.430294
Malaysia,MYS,1991,48.72716
Malaysia,MYS,1992,52.818783
Malaysia,MYS,1993,53.58911
Malaysia,MYS,1994,54.19677
Malaysia,MYS,1995,60.96007
Malaysia,MYS,1996,55.82639
Malaysia,MYS,1997,58.515976
Malaysia,MYS,1998,41.451225
Malaysia,MYS,1999,48.41366
Malaysia,MYS,2000,51.445442
Malaysia,MYS,2001,50.21844
Malaysia,MYS,2002,48.54949
Malaysia,MYS,2003,42.84387
Malaysia,MYS,2004,46.73943
Malaysia,MYS,2005,44.541935
Malaysia,MYS,2006,39.93211
Malaysia,MYS,2007,36.74731
Malaysia,MYS,2008,28.59921
Malaysia,MYS,2009,32.903618
Malaysia,MYS,2010,22.570005
Malaysia,MYS,2011,21.440004
Malaysia,MYS,2012,26.759996
Malaysia,MYS,2013,28.75999
Malaysia,MYS,2014,26.150005
Malaysia,MYS,2015,30.240004
Malaysia,MYS,2016,27.609999
Malaysia,MYS,2017,39.02
Malaysia,MYS,2018,44.04001
Malaysia,MYS,2019,44.630016
Malaysia,MYS,2020,35.500004
Malaysia,MYS,2021,39.86999
Malaysia,MYS,2022,39.13999
Malaysia,MYS,2023,44.800007
Maldives,MDV,1961,0
Maldives,MDV,1962,0
Maldives,MDV,1963,0
Maldives,MDV,1964,0
Maldives,MDV,1965,0
Maldives,MDV,1966,0
Maldives,MDV,1967,0
Maldives,MDV,1968,0
Maldives,MDV,1969,0
Maldives,MDV,1970,0
Maldives,MDV,1971,0
Maldives,MDV,1972,0
Maldives,MDV,1973,0
Maldives,MDV,1974,0
Maldives,MDV,1975,0
Maldives,MDV,1976,0
Maldives,MDV,1977,0
Maldives,MDV,1978,0
Maldives,MDV,1979,0
Maldives,MDV,1980,0
Maldives,MDV,1981,0
Maldives,MDV,1982,0
Maldives,MDV,1983,0
Maldives,MDV,1984,0
Maldives,MDV,1985,0
Maldives,MDV,1986,19.13998
Maldives,MDV,1987,20.370218
Maldives,MDV,1988,17.87448
Maldives,MDV,1989,12.1130295
Maldives,MDV,1990,29.943943
Maldives,MDV,1991,35.510807
Maldives,MDV,1992,37.4076
Maldives,MDV,1993,53.652412
Maldives,MDV,1994,44.83078
Maldives,MDV,1995,43.452038
Maldives,MDV,1996,41.90445
Maldives,MDV,1997,54.640415
Maldives,MDV,1998,53.08513
Maldives,MDV,1999,51.335976
Maldives,MDV,2000,56.3182
Maldives,MDV,2001,71.48289
Maldives,MDV,2002,61.57216
Maldives,MDV,2003,62.923534
Maldives,MDV,2004,60.997925
Maldives,MDV,2005,69.37763
Maldives,MDV,2006,78.47575
Maldives,MDV,2007,73.3435
Maldives,MDV,2008,78.776
Maldives,MDV,2009,75.378
Maldives,MDV,2010,94.556854
Maldives,MDV,2011,94.18673
Maldives,MDV,2012,120.63969
Maldives,MDV,2013,135.27763
Maldives,MDV,2014,125.999084
Maldives,MDV,2015,137.46518
Maldives,MDV,2016,139.3681
Maldives,MDV,2017,143.42781
Maldives,MDV,2018,143.95818
Maldives,MDV,2019,132.10811
Maldives,MDV,2020,138.81807
Maldives,MDV,2021,144.26637
Maldives,MDV,2022,117.14866
Maldives,MDV,2023,132.89519
Mali,MLI,1961,46.545994
Mali,MLI,1962,47.34522
Mali,MLI,1963,50.54498
Mali,MLI,1964,52.62999
Mali,MLI,1965,55.666874
Mali,MLI,1966,55.913506
Mali,MLI,1967,56.229996
Mali,MLI,1968,55.79737
Mali,MLI,1969,58.125893
Mali,MLI,1970,57.237625
Mali,MLI,1971,57.210106
Mali,MLI,1972,48.634724
Mali,MLI,1973,44.218277
Mali,MLI,1974,45.062172
Mali,MLI,1975,49.647415
Mali,MLI,1976,50.734695
Mali,MLI,1977,50.745975
Mali,MLI,1978,52.305332
Mali,MLI,1979,51.29463
Mali,MLI,1980,55.512943
Mali,MLI,1981,55.693695
Mali,MLI,1982,55.64744
Mali,MLI,1983,47.89556
Mali,MLI,1984,44.50062
Mali,MLI,1985,40.992203
Mali,MLI,1986,44.387383
Mali,MLI,1987,42.687046
Mali,MLI,1988,43.882195
Mali,MLI,1989,44.025917
Mali,MLI,1990,51.46027
Mali,MLI,1991,48.17451
Mali,MLI,1992,49.75397
Mali,MLI,1993,48.883743
Mali,MLI,1994,44.379246
Mali,MLI,1995,44.647724
Mali,MLI,1996,45.395466
Mali,MLI,1997,45.254784
Mali,MLI,1998,48.152752
Mali,MLI,1999,48.77679
Mali,MLI,2000,46.168453
Mali,MLI,2001,46.580494
Mali,MLI,2002,49.091976
Mali,MLI,2003,59.05891
Mali,MLI,2004,67.62332
Mali,MLI,2005,74.06982
Mali,MLI,2006,81.88469
Mali,MLI,2007,92.02683
Mali,MLI,2008,93.11309
Mali,MLI,2009,97.61087
Mali,MLI,2010,103.526566
Mali,MLI,2011,103.840576
Mali,MLI,2012,86.70752
Mali,MLI,2013,71.5821
Mali,MLI,2014,78.18329
Mali,MLI,2015,46.974857
Mali,MLI,2016,45.836044
Mali,MLI,2017,40.80985
Mali,MLI,2018,42.575592
Mali,MLI,2019,42.465614
Mali,MLI,2020,43.124786
Mali,MLI,2021,42.83423
Mali,MLI,2022,39.776615
Malta,MLT,1961,136.04912
Malta,MLT,1962,132.5886
Malta,MLT,1963,134.00453
Malta,MLT,1964,128.18579
Malta,MLT,1965,132.68042
Malta,MLT,1966,141.02174
Malta,MLT,1967,132.29572
Malta,MLT,1968,141.82077
Malta,MLT,1969,143.45505
Malta,MLT,1970,150.86421
Malta,MLT,1971,154.11214
Malta,MLT,1972,154.83101
Malta,MLT,1973,151.84438
Malta,MLT,1974,159.69502
Malta,MLT,1975,163.28365
Malta,MLT,1976,180.66867
Malta,MLT,1977,188.96132
Malta,MLT,1978,181.90045
Malta,MLT,1979,188.5525
Malta,MLT,1980,177.99185
Malta,MLT,1981,180.26143
Malta,MLT,1982,167.5318
Malta,MLT,1983,175.67786
Malta,MLT,1984,171.65779
Malta,MLT,1985,181.47462
Malta,MLT,1986,173.23058
Malta,MLT,1987,179.42746
Malta,MLT,1988,180.12387
Malta,MLT,1989,178.94061
Malta,MLT,1990,170.79785
Malta,MLT,1991,181.05861
Malta,MLT,1992,185.1843
Malta,MLT,1993,167.60379
Malta,MLT,1994,148.07887
Malta,MLT,1995,169.5176
Malta,MLT,1996,192.19838
Malta,MLT,1997,203.0624
Malta,MLT,1998,203.41478
Malta,MLT,1999,201.6308
Malta,MLT,2000,210.39436
Malta,MLT,2001,197.89569
Malta,MLT,2002,199.85896
Malta,MLT,2003,188.93611
Malta,MLT,2004,189.5296
Malta,MLT,2005,179.2439
Malta,MLT,2006,175.22586
Malta,MLT,2007,180.5251
Malta,MLT,2008,185.06279
Malta,MLT,2009,167.33028
Malta,MLT,2010,206.54805
Malta,MLT,2011,217.66743
Malta,MLT,2012,231.16673
Malta,MLT,2013,218.85643
Malta,MLT,2014,494.67407
Malta,MLT,2015,354.6516
Malta,MLT,2016,362.0952
Malta,MLT,2017,334.75858
Malta,MLT,2018,319.43
Malta,MLT,2019,217.9213
Malta,MLT,2020,283.33893
Malta,MLT,2021,266.90848
Malta,MLT,2022,276.5879
Malta,MLT,2023,272.82794
Marshall Islands,MHL,2019,20.010906
Marshall Islands,MHL,2020,37.264294
Marshall Islands,MHL,2021,47.520473
Marshall Islands,MHL,2022,52.151783
Marshall Islands,MHL,2023,50.67521
Mauritania,MRT,1961,228.79189
Mauritania,MRT,1962,229.36461
Mauritania,MRT,1963,223.35976
Mauritania,MRT,1964,221.53105
Mauritania,MRT,1965,221.65242
Mauritania,MRT,1966,221.25731
Mauritania,MRT,1967,219.22212
Mauritania,MRT,1968,218.60228
Mauritania,MRT,1969,217.29697
Mauritania,MRT,1970,214.07382
Mauritania,MRT,1971,202.29918
Mauritania,MRT,1972,189.63896
Mauritania,MRT,1973,170.47917
Mauritania,MRT,1974,149.77434
Mauritania,MRT,1975,161.90404
Mauritania,MRT,1976,157.0556
Mauritania,MRT,1977,180.26282
Mauritania,MRT,1978,179.94986
Mauritania,MRT,1979,174.40208
Mauritania,MRT,1980,175.72806
Mauritania,MRT,1981,180.05319
Mauritania,MRT,1982,182.51996
Mauritania,MRT,1983,187.54118
Mauritania,MRT,1984,192.87732
Mauritania,MRT,1985,198.56184
Mauritania,MRT,1986,170.04756
Mauritania,MRT,1987,170.22571
Mauritania,MRT,1988,173.24524
Mauritania,MRT,1989,162.8539
Mauritania,MRT,1990,150.83453
Mauritania,MRT,1991,143.83545
Mauritania,MRT,1992,152.42302
Mauritania,MRT,1993,155.85814
Mauritania,MRT,1994,145.4855
Mauritania,MRT,1995,139.89703
Mauritania,MRT,1996,143.23935
Mauritania,MRT,1997,143.7658
Mauritania,MRT,1998,141.73824
Mauritania,MRT,1999,140.018
Mauritania,MRT,2000,127.51209
Mauritania,MRT,2001,136.44693
Mauritania,MRT,2002,143.017
Mauritania,MRT,2003,141.9357
Mauritania,MRT,2004,142.7463
Mauritania,MRT,2005,156.09793
Mauritania,MRT,2006,142.93294
Mauritania,MRT,2007,143.22037
Mauritania,MRT,2008,152.47858
Mauritania,MRT,2009,139.99966
Mauritania,MRT,2010,132.21968
Mauritania,MRT,2011,130.44989
Mauritania,MRT,2012,133.24982
Mauritania,MRT,2013,132.26987
Mauritania,MRT,2014,130.56998
Mauritania,MRT,2015,124.96003
Mauritania,MRT,2016,129.81015
Mauritania,MRT,2017,124.419914
Mauritania,MRT,2018,122.59013
Mauritania,MRT,2019,158.93987
Mauritania,MRT,2020,125.51983
Mauritania,MRT,2021,126.219894
Mauritania,MRT,2022,119.21991
Mauritania,MRT,2023,117.969955
Mauritius,MUS,1961,66.75943
Mauritius,MUS,1962,60.954
Mauritius,MUS,1963,64.567696
Mauritius,MUS,1964,67.250114
Mauritius,MUS,1965,63.718094
Mauritius,MUS,1966,63.32085
Mauritius,MUS,1967,55.141983
Mauritius,MUS,1968,57.4193
Mauritius,MUS,1969,56.4686
Mauritius,MUS,1970,67.91023
Mauritius,MUS,1971,64.48433
Mauritius,MUS,1972,71.63463
Mauritius,MUS,1973,67.52805
Mauritius,MUS,1974,76.0723
Mauritius,MUS,1975,70.19232
Mauritius,MUS,1976,84.33407
Mauritius,MUS,1977,103.87943
Mauritius,MUS,1978,93.63912
Mauritius,MUS,1979,90.380264
Mauritius,MUS,1980,93.034424
Mauritius,MUS,1981,97.6767
Mauritius,MUS,1982,82.64047
Mauritius,MUS,1983,88.704285
Mauritius,MUS,1984,94.854454
Mauritius,MUS,1985,90.64118
Mauritius,MUS,1986,86.640144
Mauritius,MUS,1987,91.78834
Mauritius,MUS,1988,109.24811
Mauritius,MUS,1989,101.276764
Mauritius,MUS,1990,89.36457
Mauritius,MUS,1991,95.12805
Mauritius,MUS,1992,97.02345
Mauritius,MUS,1993,99.34774
Mauritius,MUS,1994,109.00413
Mauritius,MUS,1995,107.44649
Mauritius,MUS,1996,98.91769
Mauritius,MUS,1997,99.91501
Mauritius,MUS,1998,98.88127
Mauritius,MUS,1999,103.93712
Mauritius,MUS,2000,105.9615
Mauritius,MUS,2001,106.10223
Mauritius,MUS,2002,117.59836
Mauritius,MUS,2003,122.523415
Mauritius,MUS,2004,116.701775
Mauritius,MUS,2005,116.55159
Mauritius,MUS,2006,106.5634
Mauritius,MUS,2007,119.0092
Mauritius,MUS,2008,113.99705
Mauritius,MUS,2009,128.14189
Mauritius,MUS,2010,113.15
Mauritius,MUS,2011,116.37
Mauritius,MUS,2012,132.04959
Mauritius,MUS,2013,143.27911
Mauritius,MUS,2014,136.44936
Mauritius,MUS,2015,145.66966
Mauritius,MUS,2016,147.4492
Mauritius,MUS,2017,150.92953
Mauritius,MUS,2018,130.8494
Mauritius,MUS,2019,143.24011
Mauritius,MUS,2020,149.17871
Mauritius,MUS,2021,129.67918
Mauritius,MUS,2022,139.81956
Mauritius,MUS,2023,154.34988
Mexico,MEX,1961,60.503857
Mexico,MEX,1962,60.245224
Mexico,MEX,1963,58.532772
Mexico,MEX,1964,55.770805
Mexico,MEX,1965,52.727245
Mexico,MEX,1966,72.101006
Mexico,MEX,1967,75.49882
Mexico,MEX,1968,73.91696
Mexico,MEX,1969,75.78986
Mexico,MEX,1970,77.758896
Mexico,MEX,1971,80.30453
Mexico,MEX,1972,96.15368
Mexico,MEX,1973,98.30692
Mexico,MEX,1974,108.01562
Mexico,MEX,1975,97.54865
Mexico,MEX,1976,102.537735
Mexico,MEX,1977,105.545006
Mexico,MEX,1978,106.94167
Mexico,MEX,1979,108.1979
Mexico,MEX,1980,134.61086
Mexico,MEX,1981,117.458855
Mexico,MEX,1982,110.25962
Mexico,MEX,1983,105.425316
Mexico,MEX,1984,101.53217
Mexico,MEX,1985,115.54854
Mexico,MEX,1986,103.99892
Mexico,MEX,1987,97.972145
Mexico,MEX,1988,93.4025
Mexico,MEX,1989,93.35972
Mexico,MEX,1990,100.82484
Mexico,MEX,1991,85.4223
Mexico,MEX,1992,101.84314
Mexico,MEX,1993,111.2034
Mexico,MEX,1994,101.92669
Mexico,MEX,1995,95.52691
Mexico,MEX,1996,96.22138
Mexico,MEX,1997,98.77826
Mexico,MEX,1998,101.35819
Mexico,MEX,1999,107.894844
Mexico,MEX,2000,111.598755
Mexico,MEX,2001,115.769806
Mexico,MEX,2002,114.56564
Mexico,MEX,2003,114.76263
Mexico,MEX,2004,114.794685
Mexico,MEX,2005,115.418755
Mexico,MEX,2006,111.1619
Mexico,MEX,2007,113.817696
Mexico,MEX,2008,113.578186
Mexico,MEX,2009,112.99296
Mexico,MEX,2010,106.91
Mexico,MEX,2011,105.9
Mexico,MEX,2012,106.82
Mexico,MEX,2013,108.16
Mexico,MEX,2014,107.829994
Mexico,MEX,2015,110.5
Mexico,MEX,2016,112.420006
Mexico,MEX,2017,111.97001
Mexico,MEX,2018,112.45
Mexico,MEX,2019,111.45
Mexico,MEX,2020,111.369995
Mexico,MEX,2021,116.6
Mexico,MEX,2022,124.97
Mexico,MEX,2023,121.99
Micronesia (FAO),,1961,0
Micronesia (FAO),,1962,0
Micronesia (FAO),,1963,0
Micronesia (FAO),,1964,0
Micronesia (FAO),,1965,0
Micronesia (FAO),,1966,0
Micronesia (FAO),,1967,0
Micronesia (FAO),,1968,0
Micronesia (FAO),,1969,7.08
Micronesia (FAO),,1970,6.97
Micronesia (FAO),,1971,8.79
Micronesia (FAO),,1972,8.7
Micronesia (FAO),,1973,10.87
Micronesia (FAO),,1974,11.25
Micronesia (FAO),,1975,8.66
Micronesia (FAO),,1976,9.66
Micronesia (FAO),,1977,8.1
Micronesia (FAO),,1978,10.34
Micronesia (FAO),,1979,11.91
Micronesia (FAO),,1980,10.26
Micronesia (FAO),,1981,17.79
Micronesia (FAO),,1982,13.82
Micronesia (FAO),,1983,8.22
Micronesia (FAO),,1984,9.66
Micronesia (FAO),,1985,9.61
Micronesia (FAO),,1986,6.45
Micronesia (FAO),,1987,12.47
Micronesia (FAO),,1988,9.79
Micronesia (FAO),,1989,9.98
Micronesia (FAO),,1990,11.92
Micronesia (FAO),,1991,11.71
Micronesia (FAO),,1992,12.34
Micronesia (FAO),,1993,13.1
Micronesia (FAO),,1994,13.42
Micronesia (FAO),,1995,17.51
Micronesia (FAO),,1996,19.9
Micronesia (FAO),,1997,12.04
Micronesia (FAO),,1998,21.56
Micronesia (FAO),,1999,21.34
Micronesia (FAO),,2000,17.58
Micronesia (FAO),,2001,15.12
Micronesia (FAO),,2002,18.28
Micronesia (FAO),,2003,10.44
Micronesia (FAO),,2004,9.53
Micronesia (FAO),,2005,12.59
Micronesia (FAO),,2006,12.07
Micronesia (FAO),,2007,12.59
Micronesia (FAO),,2008,18.75
Micronesia (FAO),,2009,34.95
Micronesia (FAO),,2010,19.96
Micronesia (FAO),,2011,24.36
Micronesia (FAO),,2012,15.84
Micronesia (FAO),,2013,16.11
Micronesia (FAO),,2014,14.18
Micronesia (FAO),,2015,27.1
Micronesia (FAO),,2016,25.5
Micronesia (FAO),,2017,15.67
Micronesia (FAO),,2018,12.07
Micronesia (FAO),,2019,27.52
Micronesia (FAO),,2020,21.44
Micronesia (FAO),,2021,23.87
Micronesia (FAO),,2022,16.62
Micronesia (FAO),,2023,17.24
Micronesia (country),FSM,2019,9.858837
Micronesia (country),FSM,2020,9.769119
Micronesia (country),FSM,2021,11.368472
Micronesia (country),FSM,2022,8.859052
Micronesia (country),FSM,2023,10.648487
Middle Africa (FAO),,1961,18.49
Middle Africa (FAO),,1962,18.18
Middle Africa (FAO),,1963,18.92
Middle Africa (FAO),,1964,18.61
Middle Africa (FAO),,1965,18.55
Middle Africa (FAO),,1966,18.65
Middle Africa (FAO),,1967,19.56
Middle Africa (FAO),,1968,19.43
Middle Africa (FAO),,1969,19.4
Middle Africa (FAO),,1970,20.66
Middle Africa (FAO),,1971,20.4
Middle Africa (FAO),,1972,19.56
Middle Africa (FAO),,1973,20.61
Middle Africa (FAO),,1974,18.39
Middle Africa (FAO),,1975,18.33
Middle Africa (FAO),,1976,19.19
Middle Africa (FAO),,1977,21.64
Middle Africa (FAO),,1978,23.94
Middle Africa (FAO),,1979,26.08
Middle Africa (FAO),,1980,25.81
Middle Africa (FAO),,1981,29.97
Middle Africa (FAO),,1982,24.36
Middle Africa (FAO),,1983,27.16
Middle Africa (FAO),,1984,25.68
Middle Africa (FAO),,1985,36.26
Middle Africa (FAO),,1986,23.62
Middle Africa (FAO),,1987,24.43
Middle Africa (FAO),,1988,24.58
Middle Africa (FAO),,1989,25.91
Middle Africa (FAO),,1990,23.33
Middle Africa (FAO),,1991,20.59
Middle Africa (FAO),,1992,18.58
Middle Africa (FAO),,1993,18.49
Middle Africa (FAO),,1994,17.27
Middle Africa (FAO),,1995,17.89
Middle Africa (FAO),,1996,17.94
Middle Africa (FAO),,1997,18.5
Middle Africa (FAO),,1998,18.38
Middle Africa (FAO),,1999,17.11
Middle Africa (FAO),,2000,17.18
Middle Africa (FAO),,2001,17.25
Middle Africa (FAO),,2002,17.08
Middle Africa (FAO),,2003,17.68
Middle Africa (FAO),,2004,17.89
Middle Africa (FAO),,2005,16.76
Middle Africa (FAO),,2006,17.21
Middle Africa (FAO),,2007,15.94
Middle Africa (FAO),,2008,15.47
Middle Africa (FAO),,2009,15.26
Middle Africa (FAO),,2010,7.31
Middle Africa (FAO),,2011,7.05
Middle Africa (FAO),,2012,7.06
Middle Africa (FAO),,2013,6.9
Middle Africa (FAO),,2014,10.06
Middle Africa (FAO),,2015,9.25
Middle Africa (FAO),,2016,8.49
Middle Africa (FAO),,2017,7.78
Middle Africa (FAO),,2018,7.86
Middle Africa (FAO),,2019,6.7
Middle Africa (FAO),,2020,7.43
Middle Africa (FAO),,2021,7.4
Middle Africa (FAO),,2022,28.91
Middle Africa (FAO),,2023,31.45
Moldova,MDA,1992,141.80576
Moldova,MDA,1993,137.90143
Moldova,MDA,1994,134.73059
Moldova,MDA,1995,139.83595
Moldova,MDA,1996,141.70004
Moldova,MDA,1997,134.98375
Moldova,MDA,1998,138.05753
Moldova,MDA,1999,130.0314
Moldova,MDA,2000,133.90761
Moldova,MDA,2001,131.72072
Moldova,MDA,2002,143.95148
Moldova,MDA,2003,138.37714
Moldova,MDA,2004,131.00635
Moldova,MDA,2005,146.02707
Moldova,MDA,2006,146.10715
Moldova,MDA,2007,144.25362
Moldova,MDA,2008,149.98343
Moldova,MDA,2009,146.23274
Moldova,MDA,2010,107.231285
Moldova,MDA,2011,99.58341
Moldova,MDA,2012,95.22652
Moldova,MDA,2013,94.692696
Moldova,MDA,2014,87.88235
Moldova,MDA,2015,91.75876
Moldova,MDA,2016,93.96837
Moldova,MDA,2017,98.428505
Moldova,MDA,2018,95.49697
Moldova,MDA,2019,93.50474
Moldova,MDA,2020,86.998344
Moldova,MDA,2021,97.7869
Moldova,MDA,2022,92.98542
Moldova,MDA,2023,100.66328
Mongolia,MNG,1961,77.02918
Mongolia,MNG,1962,83.582924
Mongolia,MNG,1963,87.01764
Mongolia,MNG,1964,95.78132
Mongolia,MNG,1965,106.37597
Mongolia,MNG,1966,96.27321
Mongolia,MNG,1967,94.62419
Mongolia,MNG,1968,89.61742
Mongolia,MNG,1969,95.53914
Mongolia,MNG,1970,101.468834
Mongolia,MNG,1971,100.12589
Mongolia,MNG,1972,92.98649
Mongolia,MNG,1973,103.350655
Mongolia,MNG,1974,102.0483
Mongolia,MNG,1975,94.042534
Mongolia,MNG,1976,96.00862
Mongolia,MNG,1977,89.22611
Mongolia,MNG,1978,84.59365
Mongolia,MNG,1979,87.3024
Mongolia,MNG,1980,82.60567
Mongolia,MNG,1981,66.8697
Mongolia,MNG,1982,69.28305
Mongolia,MNG,1983,68.27181
Mongolia,MNG,1984,67.91821
Mongolia,MNG,1985,73.30835
Mongolia,MNG,1986,87.54298
Mongolia,MNG,1987,81.62943
Mongolia,MNG,1988,103.225365
Mongolia,MNG,1989,101.476746
Mongolia,MNG,1990,105.659615
Mongolia,MNG,1991,113.4791
Mongolia,MNG,1992,113.5364
Mongolia,MNG,1993,100.29399
Mongolia,MNG,1994,111.441154
Mongolia,MNG,1995,110.447235
Mongolia,MNG,1996,108.29801
Mongolia,MNG,1997,123.89204
Mongolia,MNG,1998,129.63506
Mongolia,MNG,1999,161.29977
Mongolia,MNG,2000,142.72565
Mongolia,MNG,2001,130.86948
Mongolia,MNG,2002,125.53717
Mongolia,MNG,2003,132.83873
Mongolia,MNG,2004,136.81468
Mongolia,MNG,2005,128.21973
Mongolia,MNG,2006,141.07977
Mongolia,MNG,2007,145.70143
Mongolia,MNG,2008,144.20163
Mongolia,MNG,2009,151.8589
Mongolia,MNG,2010,45.19985
Mongolia,MNG,2011,82.32991
Mongolia,MNG,2012,89.659904
Mongolia,MNG,2013,100.52975
Mongolia,MNG,2014,140.94995
Mongolia,MNG,2015,168.68011
Mongolia,MNG,2016,187.92969
Mongolia,MNG,2017,201.1393
Mongolia,MNG,2018,199.88974
Mongolia,MNG,2019,183.52956
Mongolia,MNG,2020,172.67021
Mongolia,MNG,2021,198.02963
Mongolia,MNG,2022,234.74965
Mongolia,MNG,2023,186.79956
Montenegro,MNE,2006,342.12238
Montenegro,MNE,2007,349.8391
Montenegro,MNE,2008,345.56525
Montenegro,MNE,2009,345.87738
Montenegro,MNE,2010,307.97098
Montenegro,MNE,2011,394.26062
Montenegro,MNE,2012,371.52646
Montenegro,MNE,2013,390.95062
Montenegro,MNE,2014,389.28186
Montenegro,MNE,2015,401.20682
Montenegro,MNE,2016,417.6427
Montenegro,MNE,2017,434.32858
Montenegro,MNE,2018,443.48422
Montenegro,MNE,2019,452.24924
Montenegro,MNE,2020,430.97717
Montenegro,MNE,2021,451.87698
Montenegro,MNE,2022,457.74075
Montenegro,MNE,2023,443.4679
Morocco,MAR,1961,28.561735
Morocco,MAR,1962,28.497648
Morocco,MAR,1963,26.715462
Morocco,MAR,1964,29.670233
Morocco,MAR,1965,28.13254
Morocco,MAR,1966,28.42722
Morocco,MAR,1967,29.0218
Morocco,MAR,1968,28.133142
Morocco,MAR,1969,28.96353
Morocco,MAR,1970,28.950705
Morocco,MAR,1971,28.883533
Morocco,MAR,1972,28.144447
Morocco,MAR,1973,28.532915
Morocco,MAR,1974,27.863644
Morocco,MAR,1975,26.964516
Morocco,MAR,1976,27.19196
Morocco,MAR,1977,29.562689
Morocco,MAR,1978,30.80031
Morocco,MAR,1979,35.07903
Morocco,MAR,1980,33.127308
Morocco,MAR,1981,34.35064
Morocco,MAR,1982,34.4711
Morocco,MAR,1983,31.976143
Morocco,MAR,1984,31.685143
Morocco,MAR,1985,30.293066
Morocco,MAR,1986,30.872091
Morocco,MAR,1987,31.518614
Morocco,MAR,1988,34.72023
Morocco,MAR,1989,35.53001
Morocco,MAR,1990,34.073498
Morocco,MAR,1991,34.440914
Morocco,MAR,1992,34.999374
Morocco,MAR,1993,30.065683
Morocco,MAR,1994,31.67371
Morocco,MAR,1995,33.643612
Morocco,MAR,1996,29.799238
Morocco,MAR,1997,38.34091
Morocco,MAR,1998,32.495125
Morocco,MAR,1999,33.641193
Morocco,MAR,2000,33.908447
Morocco,MAR,2001,34.112556
Morocco,MAR,2002,38.899773
Morocco,MAR,2003,37.279636
Morocco,MAR,2004,38.20585
Morocco,MAR,2005,38.61118
Morocco,MAR,2006,40.42963
Morocco,MAR,2007,45.115784
Morocco,MAR,2008,44.708645
Morocco,MAR,2009,46.45054
Morocco,MAR,2010,26.020008
Morocco,MAR,2011,28.420004
Morocco,MAR,2012,27.399994
Morocco,MAR,2013,26.649998
Morocco,MAR,2014,26.889997
Morocco,MAR,2015,27.58
Morocco,MAR,2016,28.260002
Morocco,MAR,2017,29.589996
Morocco,MAR,2018,35.64
Morocco,MAR,2019,30.579992
Morocco,MAR,2020,32.660004
Morocco,MAR,2021,35.58
Morocco,MAR,2022,34.859993
Morocco,MAR,2023,35.759983
Mozambique,MOZ,1961,8.58179
Mozambique,MOZ,1962,9.890939
Mozambique,MOZ,1963,10.045075
Mozambique,MOZ,1964,10.372587
Mozambique,MOZ,1965,10.42314
Mozambique,MOZ,1966,11.286278
Mozambique,MOZ,1967,9.987091
Mozambique,MOZ,1968,10.495119
Mozambique,MOZ,1969,10.83002
Mozambique,MOZ,1970,11.2283325
Mozambique,MOZ,1971,11.327624
Mozambique,MOZ,1972,11.062044
Mozambique,MOZ,1973,11.493964
Mozambique,MOZ,1974,10.99737
Mozambique,MOZ,1975,10.819446
Mozambique,MOZ,1976,9.197596
Mozambique,MOZ,1977,11.481703
Mozambique,MOZ,1978,14.242863
Mozambique,MOZ,1979,8.105318
Mozambique,MOZ,1980,8.836411
Mozambique,MOZ,1981,8.989361
Mozambique,MOZ,1982,9.71008
Mozambique,MOZ,1983,7.5221453
Mozambique,MOZ,1984,12.315692
Mozambique,MOZ,1985,11.309867
Mozambique,MOZ,1986,9.814726
Mozambique,MOZ,1987,14.874355
Mozambique,MOZ,1988,7.0079203
Mozambique,MOZ,1989,6.839245
Mozambique,MOZ,1990,7.0976787
Mozambique,MOZ,1991,10.000031
Mozambique,MOZ,1992,8.401298
Mozambique,MOZ,1993,7.885725
Mozambique,MOZ,1994,7.8324475
Mozambique,MOZ,1995,6.8792415
Mozambique,MOZ,1996,7.3867707
Mozambique,MOZ,1997,6.7759843
Mozambique,MOZ,1998,6.183755
Mozambique,MOZ,1999,5.499622
Mozambique,MOZ,2000,5.7661734
Mozambique,MOZ,2001,5.016292
Mozambique,MOZ,2002,4.6062264
Mozambique,MOZ,2003,4.201593
Mozambique,MOZ,2004,4.913936
Mozambique,MOZ,2005,4.552865
Mozambique,MOZ,2006,4.7873983
Mozambique,MOZ,2007,4.2284756
Mozambique,MOZ,2008,4.538195
Mozambique,MOZ,2009,4.19401
Mozambique,MOZ,2010,4.8900013
Mozambique,MOZ,2011,5.5899987
Mozambique,MOZ,2012,7.36
Mozambique,MOZ,2013,5.709999
Mozambique,MOZ,2014,6.0299997
Mozambique,MOZ,2015,5.5799985
Mozambique,MOZ,2016,5.529999
Mozambique,MOZ,2017,8.509998
Mozambique,MOZ,2018,8.839998
Mozambique,MOZ,2019,5.2200003
Mozambique,MOZ,2020,2.5700004
Mozambique,MOZ,2021,2.2800002
Mozambique,MOZ,2022,4.390001
Mozambique,MOZ,2023,4.8099995
Myanmar,MMR,1961,10.046289
Myanmar,MMR,1962,9.975469
Myanmar,MMR,1963,11.763431
Myanmar,MMR,1964,10.233881
Myanmar,MMR,1965,12.140911
Myanmar,MMR,1966,10.194919
Myanmar,MMR,1967,9.915907
Myanmar,MMR,1968,9.8479395
Myanmar,MMR,1969,7.9456835
Myanmar,MMR,1970,7.4226184
Myanmar,MMR,1971,7.698237
Myanmar,MMR,1972,6.269494
Myanmar,MMR,1973,8.976424
Myanmar,MMR,1974,9.359751
Myanmar,MMR,1975,8.976053
Myanmar,MMR,1976,9.15086
Myanmar,MMR,1977,10.329149
Myanmar,MMR,1978,9.877142
Myanmar,MMR,1979,10.641405
Myanmar,MMR,1980,10.531167
Myanmar,MMR,1981,11.704361
Myanmar,MMR,1982,12.609838
Myanmar,MMR,1983,14.025531
Myanmar,MMR,1984,16.964231
Myanmar,MMR,1985,17.103333
Myanmar,MMR,1986,16.422716
Myanmar,MMR,1987,16.376772
Myanmar,MMR,1988,16.701994
Myanmar,MMR,1989,12.333744
Myanmar,MMR,1990,12.7795315
Myanmar,MMR,1991,14.043845
Myanmar,MMR,1992,13.530161
Myanmar,MMR,1993,13.52295
Myanmar,MMR,1994,14.450778
Myanmar,MMR,1995,14.033514
Myanmar,MMR,1996,15.218814
Myanmar,MMR,1997,14.989259
Myanmar,MMR,1998,14.787213
Myanmar,MMR,1999,15.280599
Myanmar,MMR,2000,15.501674
Myanmar,MMR,2001,15.243609
Myanmar,MMR,2002,15.854674
Myanmar,MMR,2003,19.154213
Myanmar,MMR,2004,21.075832
Myanmar,MMR,2005,22.531454
Myanmar,MMR,2006,23.366156
Myanmar,MMR,2007,26.034985
Myanmar,MMR,2008,26.829165
Myanmar,MMR,2009,30.260664
Myanmar,MMR,2010,15.740001
Myanmar,MMR,2011,16.129997
Myanmar,MMR,2012,15.359999
Myanmar,MMR,2013,15.700001
Myanmar,MMR,2014,17.799997
Myanmar,MMR,2015,19.21
Myanmar,MMR,2016,19.09
Myanmar,MMR,2017,19.04
Myanmar,MMR,2018,21.49
Myanmar,MMR,2019,21.559996
Myanmar,MMR,2020,11.109999
Myanmar,MMR,2021,9.74
Myanmar,MMR,2022,8.47
Myanmar,MMR,2023,8.82
Namibia,NAM,1961,49.497177
Namibia,NAM,1962,54.16521
Namibia,NAM,1963,54.159615
Namibia,NAM,1964,53.28964
Namibia,NAM,1965,52.98004
Namibia,NAM,1966,55.046535
Namibia,NAM,1967,56.02831
Namibia,NAM,1968,56.106693
Namibia,NAM,1969,51.619686
Namibia,NAM,1970,50.996468
Namibia,NAM,1971,55.79471
Namibia,NAM,1972,57.802044
Namibia,NAM,1973,59.10912
Namibia,NAM,1974,58.526413
Namibia,NAM,1975,58.902683
Namibia,NAM,1976,60.39441
Namibia,NAM,1977,60.83923
Namibia,NAM,1978,60.805573
Namibia,NAM,1979,60.31474
Namibia,NAM,1980,58.482006
Namibia,NAM,1981,57.830605
Namibia,NAM,1982,56.809113
Namibia,NAM,1983,55.324383
Namibia,NAM,1984,53.847706
Namibia,NAM,1985,52.67884
Namibia,NAM,1986,51.42032
Namibia,NAM,1987,50.119255
Namibia,NAM,1988,50.588345
Namibia,NAM,1989,48.21209
Namibia,NAM,1990,47.47292
Namibia,NAM,1991,48.597805
Namibia,NAM,1992,45.782906
Namibia,NAM,1993,42.449665
Namibia,NAM,1994,40.544327
Namibia,NAM,1995,45.330173
Namibia,NAM,1996,37.17404
Namibia,NAM,1997,60.1203
Namibia,NAM,1998,75.96216
Namibia,NAM,1999,68.87027
Namibia,NAM,2000,71.49918
Namibia,NAM,2001,87.34456
Namibia,NAM,2002,67.18408
Namibia,NAM,2003,65.76923
Namibia,NAM,2004,67.52345
Namibia,NAM,2005,72.12999
Namibia,NAM,2006,68.65356
Namibia,NAM,2007,65.524574
Namibia,NAM,2008,63.194115
Namibia,NAM,2009,62.30731
Namibia,NAM,2010,63.449852
Namibia,NAM,2011,64.80967
Namibia,NAM,2012,72.4698
Namibia,NAM,2013,73.93017
Namibia,NAM,2014,65.589905
Namibia,NAM,2015,69.429855
Namibia,NAM,2016,70.43974
Namibia,NAM,2017,69.35989
Namibia,NAM,2018,60.17007
Namibia,NAM,2019,64.45978
Namibia,NAM,2020,58.33
Namibia,NAM,2021,66.94995
Namibia,NAM,2022,60.109833
Namibia,NAM,2023,57.16977
Nauru,NRU,2019,91.08069
Nauru,NRU,2020,96.38299
Nauru,NRU,2021,105.8663
Nauru,NRU,2022,92.966675
Nauru,NRU,2023,83.16
Nepal,NPL,1961,43.76765
Nepal,NPL,1962,43.55318
Nepal,NPL,1963,43.160828
Nepal,NPL,1964,42.7843
Nepal,NPL,1965,42.389507
Nepal,NPL,1966,42.423454
Nepal,NPL,1967,42.317764
Nepal,NPL,1968,42.521954
Nepal,NPL,1969,42.685974
Nepal,NPL,1970,41.77014
Nepal,NPL,1971,41.975628
Nepal,NPL,1972,42.165344
Nepal,NPL,1973,42.329086
Nepal,NPL,1974,42.581684
Nepal,NPL,1975,43.343506
Nepal,NPL,1976,42.98215
Nepal,NPL,1977,42.14264
Nepal,NPL,1978,41.803577
Nepal,NPL,1979,40.576492
Nepal,NPL,1980,40.362446
Nepal,NPL,1981,39.229702
Nepal,NPL,1982,41.460693
Nepal,NPL,1983,41.717697
Nepal,NPL,1984,39.146614
Nepal,NPL,1985,39.303078
Nepal,NPL,1986,39.664925
Nepal,NPL,1987,37.50419
Nepal,NPL,1988,37.54399
Nepal,NPL,1989,37.89669
Nepal,NPL,1990,37.549248
Nepal,NPL,1991,36.792305
Nepal,NPL,1992,36.198338
Nepal,NPL,1993,35.30965
Nepal,NPL,1994,35.49662
Nepal,NPL,1995,35.472424
Nepal,NPL,1996,35.420895
Nepal,NPL,1997,36.731773
Nepal,NPL,1998,37.29801
Nepal,NPL,1999,38.946533
Nepal,NPL,2000,37.77971
Nepal,NPL,2001,38.080494
Nepal,NPL,2002,38.825172
Nepal,NPL,2003,40.461735
Nepal,NPL,2004,40.644756
Nepal,NPL,2005,41.894638
Nepal,NPL,2006,42.33184
Nepal,NPL,2007,43.1943
Nepal,NPL,2008,44.591145
Nepal,NPL,2009,46.55846
Nepal,NPL,2010,26.729994
Nepal,NPL,2011,27.50999
Nepal,NPL,2012,28.390003
Nepal,NPL,2013,29.170004
Nepal,NPL,2014,30.019997
Nepal,NPL,2015,30.76
Nepal,NPL,2016,32.97999
Nepal,NPL,2017,33.860004
Nepal,NPL,2018,36.48
Nepal,NPL,2019,37.399994
Nepal,NPL,2020,38.80999
Nepal,NPL,2021,40.75999
Nepal,NPL,2022,41.79001
Nepal,NPL,2023,42.409992
Net Food Importing Developing Countries (FAO),,1961,41.54
Net Food Importing Developing Countries (FAO),,1962,41.66
Net Food Importing Developing Countries (FAO),,1963,42.29
Net Food Importing Developing Countries (FAO),,1964,43.02
Net Food Importing Developing Countries (FAO),,1965,43.65
Net Food Importing Developing Countries (FAO),,1966,42.69
Net Food Importing Developing Countries (FAO),,1967,42.97
Net Food Importing Developing Countries (FAO),,1968,43.86
Net Food Importing Developing Countries (FAO),,1969,43.87
Net Food Importing Developing Countries (FAO),,1970,44.8
Net Food Importing Developing Countries (FAO),,1971,44.37
Net Food Importing Developing Countries (FAO),,1972,42.96
Net Food Importing Developing Countries (FAO),,1973,43.45
Net Food Importing Developing Countries (FAO),,1974,43.1
Net Food Importing Developing Countries (FAO),,1975,43.55
Net Food Importing Developing Countries (FAO),,1976,44.68
Net Food Importing Developing Countries (FAO),,1977,46.6
Net Food Importing Developing Countries (FAO),,1978,47.75
Net Food Importing Developing Countries (FAO),,1979,47.83
Net Food Importing Developing Countries (FAO),,1980,47.82
Net Food Importing Developing Countries (FAO),,1981,48.52
Net Food Importing Developing Countries (FAO),,1982,47.92
Net Food Importing Developing Countries (FAO),,1983,47.93
Net Food Importing Developing Countries (FAO),,1984,47.2
Net Food Importing Developing Countries (FAO),,1985,48.87
Net Food Importing Developing Countries (FAO),,1986,48.51
Net Food Importing Developing Countries (FAO),,1987,48.7
Net Food Importing Developing Countries (FAO),,1988,49.84
Net Food Importing Developing Countries (FAO),,1989,48.46
Net Food Importing Developing Countries (FAO),,1990,47.97
Net Food Importing Developing Countries (FAO),,1991,48.74
Net Food Importing Developing Countries (FAO),,1992,48.24
Net Food Importing Developing Countries (FAO),,1993,48.49
Net Food Importing Developing Countries (FAO),,1994,48.62
Net Food Importing Developing Countries (FAO),,1995,49.65
Net Food Importing Developing Countries (FAO),,1996,52.99
Net Food Importing Developing Countries (FAO),,1997,53.84
Net Food Importing Developing Countries (FAO),,1998,54.31
Net Food Importing Developing Countries (FAO),,1999,55.35
Net Food Importing Developing Countries (FAO),,2000,55.03
Net Food Importing Developing Countries (FAO),,2001,54.95
Net Food Importing Developing Countries (FAO),,2002,58.25
Net Food Importing Developing Countries (FAO),,2003,60.05
Net Food Importing Developing Countries (FAO),,2004,60.16
Net Food Importing Developing Countries (FAO),,2005,60.47
Net Food Importing Developing Countries (FAO),,2006,61.88
Net Food Importing Developing Countries (FAO),,2007,63.4
Net Food Importing Developing Countries (FAO),,2008,65.31
Net Food Importing Developing Countries (FAO),,2009,65.44
Net Food Importing Developing Countries (FAO),,2010,48.34
Net Food Importing Developing Countries (FAO),,2011,47.87
Net Food Importing Developing Countries (FAO),,2012,50.05
Net Food Importing Developing Countries (FAO),,2013,47.43
Net Food Importing Developing Countries (FAO),,2014,49.57
Net Food Importing Developing Countries (FAO),,2015,48.06
Net Food Importing Developing Countries (FAO),,2016,48.83
Net Food Importing Developing Countries (FAO),,2017,48.62
Net Food Importing Developing Countries (FAO),,2018,48.57
Net Food Importing Developing Countries (FAO),,2019,51.77
Net Food Importing Developing Countries (FAO),,2020,51.06
Net Food Importing Developing Countries (FAO),,2021,56.5
Net Food Importing Developing Countries (FAO),,2022,58.93
Net Food Importing Developing Countries (FAO),,2023,59.04
Netherlands,NLD,1961,295.7609
Netherlands,NLD,1962,310.04312
Netherlands,NLD,1963,303.02643
Netherlands,NLD,1964,317.654
Netherlands,NLD,1965,318.2136
Netherlands,NLD,1966,313.06833
Netherlands,NLD,1967,337.8172
Netherlands,NLD,1968,321.18393
Netherlands,NLD,1969,326.99554
Netherlands,NLD,1970,319.14285
Netherlands,NLD,1971,323.96066
Netherlands,NLD,1972,362.9262
Netherlands,NLD,1973,362.54877
Netherlands,NLD,1974,379.08603
Netherlands,NLD,1975,328.96976
Netherlands,NLD,1976,335.38055
Netherlands,NLD,1977,353.55676
Netherlands,NLD,1978,377.08652
Netherlands,NLD,1979,364.01752
Netherlands,NLD,1980,385.61816
Netherlands,NLD,1981,351.57532
Netherlands,NLD,1982,378.61304
Netherlands,NLD,1983,384.86172
Netherlands,NLD,1984,411.13492
Netherlands,NLD,1985,369.24823
Netherlands,NLD,1986,362.50278
Netherlands,NLD,1987,371.96045
Netherlands,NLD,1988,352.91132
Netherlands,NLD,1989,338.02274
Netherlands,NLD,1990,311.85925
Netherlands,NLD,1991,331.45654
Netherlands,NLD,1992,306.11658
Netherlands,NLD,1993,307.28958
Netherlands,NLD,1994,317.55853
Netherlands,NLD,1995,376.39975
Netherlands,NLD,1996,334.5043
Netherlands,NLD,1997,362.24957
Netherlands,NLD,1998,346.68588
Netherlands,NLD,1999,366.2975
Netherlands,NLD,2000,348.83835
Netherlands,NLD,2001,351.13705
Netherlands,NLD,2002,341.3049
Netherlands,NLD,2003,340.2284
Netherlands,NLD,2004,354.09454
Netherlands,NLD,2005,357.95535
Netherlands,NLD,2006,358.24188
Netherlands,NLD,2007,341.96237
Netherlands,NLD,2008,331.63605
Netherlands,NLD,2009,369.56192
Netherlands,NLD,2010,312.36014
Netherlands,NLD,2011,327.19
Netherlands,NLD,2012,334.81998
Netherlands,NLD,2013,339.86987
Netherlands,NLD,2014,310.2201
Netherlands,NLD,2015,352.02
Netherlands,NLD,2016,365.54993
Netherlands,NLD,2017,333.10986
Netherlands,NLD,2018,345.14987
Netherlands,NLD,2019,285.2801
Netherlands,NLD,2020,302.17996
Netherlands,NLD,2021,295.54993
Netherlands,NLD,2022,310.90997
Netherlands,NLD,2023,310.1999
Netherlands Antilles,ANT,1961,145.45845
Netherlands Antilles,ANT,1962,163.7037
Netherlands Antilles,ANT,1963,168.43779
Netherlands Antilles,ANT,1964,167.75458
Netherlands Antilles,ANT,1965,166.57326
Netherlands Antilles,ANT,1966,168.67343
Netherlands Antilles,ANT,1967,183.6491
Netherlands Antilles,ANT,1968,195.46129
Netherlands Antilles,ANT,1969,220.52472
Netherlands Antilles,ANT,1970,234.83868
Netherlands Antilles,ANT,1971,271.73514
Netherlands Antilles,ANT,1972,240.61154
Netherlands Antilles,ANT,1973,253.46613
Netherlands Antilles,ANT,1974,228.75954
Netherlands Antilles,ANT,1975,227.2386
Netherlands Antilles,ANT,1976,255.17603
Netherlands Antilles,ANT,1977,261.9638
Netherlands Antilles,ANT,1978,232.98972
Netherlands Antilles,ANT,1979,237.41255
Netherlands Antilles,ANT,1980,266.3601
Netherlands Antilles,ANT,1981,294.98505
Netherlands Antilles,ANT,1982,304.36966
Netherlands Antilles,ANT,1983,334.42355
Netherlands Antilles,ANT,1984,289.80664
Netherlands Antilles,ANT,1985,163.1537
Netherlands Antilles,ANT,1986,170.1654
Netherlands Antilles,ANT,1987,187.01686
Netherlands Antilles,ANT,1988,142.94037
Netherlands Antilles,ANT,1989,159.17236
Netherlands Antilles,ANT,1990,151.29218
Netherlands Antilles,ANT,1991,149.49379
Netherlands Antilles,ANT,1992,156.35695
Netherlands Antilles,ANT,1993,165.33104
Netherlands Antilles,ANT,1994,186.12517
Netherlands Antilles,ANT,1995,204.42714
Netherlands Antilles,ANT,1996,190.30888
Netherlands Antilles,ANT,1997,172.29822
Netherlands Antilles,ANT,1998,171.04845
Netherlands Antilles,ANT,1999,200.61688
Netherlands Antilles,ANT,2000,265.38586
Netherlands Antilles,ANT,2001,253.40002
Netherlands Antilles,ANT,2002,239.91058
Netherlands Antilles,ANT,2003,224.34613
Netherlands Antilles,ANT,2004,190.48627
Netherlands Antilles,ANT,2005,190.94815
Netherlands Antilles,ANT,2006,191.1976
Netherlands Antilles,ANT,2007,171.22612
Netherlands Antilles,ANT,2008,169.84164
Netherlands Antilles,ANT,2009,160.54164
New Caledonia,NCL,1961,143.07857
New Caledonia,NCL,1962,132.06093
New Caledonia,NCL,1963,131.44234
New Caledonia,NCL,1964,139.7985
New Caledonia,NCL,1965,140.4951
New Caledonia,NCL,1966,130.96342
New Caledonia,NCL,1967,135.61005
New Caledonia,NCL,1968,131.48804
New Caledonia,NCL,1969,148.81807
New Caledonia,NCL,1970,154.09743
New Caledonia,NCL,1971,166.5714
New Caledonia,NCL,1972,203.50557
New Caledonia,NCL,1973,206.2179
New Caledonia,NCL,1974,194.6968
New Caledonia,NCL,1975,136.26729
New Caledonia,NCL,1976,138.5719
New Caledonia,NCL,1977,137.53639
New Caledonia,NCL,1978,131.19629
New Caledonia,NCL,1979,120.41689
New Caledonia,NCL,1980,137.92839
New Caledonia,NCL,1981,136.58598
New Caledonia,NCL,1982,141.83815
New Caledonia,NCL,1983,138.61069
New Caledonia,NCL,1984,144.95332
New Caledonia,NCL,1985,114.89554
New Caledonia,NCL,1986,132.34636
New Caledonia,NCL,1987,125.1967
New Caledonia,NCL,1988,110.2424
New Caledonia,NCL,1989,104.98858
New Caledonia,NCL,1990,102.567604
New Caledonia,NCL,1991,120.546425
New Caledonia,NCL,1992,114.19703
New Caledonia,NCL,1993,118.904
New Caledonia,NCL,1994,138.29655
New Caledonia,NCL,1995,125.74095
New Caledonia,NCL,1996,183.37297
New Caledonia,NCL,1997,120.11252
New Caledonia,NCL,1998,113.37033
New Caledonia,NCL,1999,112.128654
New Caledonia,NCL,2000,108.97674
New Caledonia,NCL,2001,135.02692
New Caledonia,NCL,2002,133.03088
New Caledonia,NCL,2003,139.84541
New Caledonia,NCL,2004,126.58439
New Caledonia,NCL,2005,122.450165
New Caledonia,NCL,2006,131.0709
New Caledonia,NCL,2007,127.3984
New Caledonia,NCL,2008,104.26961
New Caledonia,NCL,2009,119.695404
New Caledonia,NCL,2010,125.44999
New Caledonia,NCL,2011,132.02505
New Caledonia,NCL,2012,118.64564
New Caledonia,NCL,2013,121.79472
New Caledonia,NCL,2014,124.354256
New Caledonia,NCL,2015,109.67652
New Caledonia,NCL,2016,122.8848
New Caledonia,NCL,2017,134.1381
New Caledonia,NCL,2018,125.15515
New Caledonia,NCL,2019,142.48698
New Caledonia,NCL,2020,145.8064
New Caledonia,NCL,2021,133.84203
New Caledonia,NCL,2022,131.65541
New Caledonia,NCL,2023,129.65598
New Zealand,NZL,1961,184.7921
New Zealand,NZL,1962,180.06186
New Zealand,NZL,1963,185.21918
New Zealand,NZL,1964,153.99622
New Zealand,NZL,1965,166.08325
New Zealand,NZL,1966,183.80418
New Zealand,NZL,1967,157.53874
New Zealand,NZL,1968,193.48245
New Zealand,NZL,1969,193.93324
New Zealand,NZL,1970,217.79134
New Zealand,NZL,1971,213.10855
New Zealand,NZL,1972,221.94878
New Zealand,NZL,1973,250.17128
New Zealand,NZL,1974,257.99066
New Zealand,NZL,1975,256.26242
New Zealand,NZL,1976,271.8974
New Zealand,NZL,1977,250.32701
New Zealand,NZL,1978,218.57478
New Zealand,NZL,1979,197.05836
New Zealand,NZL,1980,218.44685
New Zealand,NZL,1981,248.96558
New Zealand,NZL,1982,253.74802
New Zealand,NZL,1983,236.68852
New Zealand,NZL,1984,243.9617
New Zealand,NZL,1985,264.4985
New Zealand,NZL,1986,243.00073
New Zealand,NZL,1987,212.6924
New Zealand,NZL,1988,260.28555
New Zealand,NZL,1989,246.81583
New Zealand,NZL,1990,246.4739
New Zealand,NZL,1991,212.16919
New Zealand,NZL,1992,163.20741
New Zealand,NZL,1993,166.1388
New Zealand,NZL,1994,157.15546
New Zealand,NZL,1995,154.24376
New Zealand,NZL,1996,151.72453
New Zealand,NZL,1997,130.89955
New Zealand,NZL,1998,106.183525
New Zealand,NZL,1999,70.91516
New Zealand,NZL,2000,102.131226
New Zealand,NZL,2001,98.15279
New Zealand,NZL,2002,91.922516
New Zealand,NZL,2003,94.252846
New Zealand,NZL,2004,93.757095
New Zealand,NZL,2005,98.00624
New Zealand,NZL,2006,92.19734
New Zealand,NZL,2007,103.86875
New Zealand,NZL,2008,86.66781
New Zealand,NZL,2009,103.4273
New Zealand,NZL,2010,78.490074
New Zealand,NZL,2011,244.27007
New Zealand,NZL,2012,104.469955
New Zealand,NZL,2013,154.94975
New Zealand,NZL,2014,130.22012
New Zealand,NZL,2015,129.84985
New Zealand,NZL,2016,123.690056
New Zealand,NZL,2017,123.71002
New Zealand,NZL,2018,127.07026
New Zealand,NZL,2019,129.70975
New Zealand,NZL,2020,96.15009
New Zealand,NZL,2021,96.400116
New Zealand,NZL,2022,127.35998
New Zealand,NZL,2023,61.810036
Nicaragua,NIC,1961,91.68655
Nicaragua,NIC,1962,94.33379
Nicaragua,NIC,1963,99.903336
Nicaragua,NIC,1964,94.06551
Nicaragua,NIC,1965,91.89848
Nicaragua,NIC,1966,96.692375
Nicaragua,NIC,1967,94.36245
Nicaragua,NIC,1968,101.78594
Nicaragua,NIC,1969,100.87599
Nicaragua,NIC,1970,102.82184
Nicaragua,NIC,1971,98.462036
Nicaragua,NIC,1972,92.917435
Nicaragua,NIC,1973,90.123726
Nicaragua,NIC,1974,99.44091
Nicaragua,NIC,1975,101.38347
Nicaragua,NIC,1976,100.91067
Nicaragua,NIC,1977,97.65452
Nicaragua,NIC,1978,96.7779
Nicaragua,NIC,1979,92.07977
Nicaragua,NIC,1980,56.89791
Nicaragua,NIC,1981,57.52112
Nicaragua,NIC,1982,59.43979
Nicaragua,NIC,1983,49.276005
Nicaragua,NIC,1984,66.67482
Nicaragua,NIC,1985,66.022644
Nicaragua,NIC,1986,69.36533
Nicaragua,NIC,1987,62.936108
Nicaragua,NIC,1988,55.367786
Nicaragua,NIC,1989,56.75269
Nicaragua,NIC,1990,54.208183
Nicaragua,NIC,1991,46.52146
Nicaragua,NIC,1992,54.481396
Nicaragua,NIC,1993,48.259514
Nicaragua,NIC,1994,48.000927
Nicaragua,NIC,1995,43.158836
Nicaragua,NIC,1996,33.580746
Nicaragua,NIC,1997,38.91642
Nicaragua,NIC,1998,50.24284
Nicaragua,NIC,1999,79.338356
Nicaragua,NIC,2000,71.254654
Nicaragua,NIC,2001,73.78087
Nicaragua,NIC,2002,81.67172
Nicaragua,NIC,2003,73.81561
Nicaragua,NIC,2004,78.02838
Nicaragua,NIC,2005,80.40397
Nicaragua,NIC,2006,82.69876
Nicaragua,NIC,2007,82.48563
Nicaragua,NIC,2008,75.97519
Nicaragua,NIC,2009,79.25227
Nicaragua,NIC,2010,67.69999
Nicaragua,NIC,2011,69.76998
Nicaragua,NIC,2012,65.21
Nicaragua,NIC,2013,64.03987
Nicaragua,NIC,2014,77.13996
Nicaragua,NIC,2015,79.71004
Nicaragua,NIC,2016,77.37008
Nicaragua,NIC,2017,70.89995
Nicaragua,NIC,2018,85.12009
Nicaragua,NIC,2019,135.43
Nicaragua,NIC,2020,137.58006
Nicaragua,NIC,2021,136.7299
Nicaragua,NIC,2022,144.97974
Nicaragua,NIC,2023,134.99982
Niger,NER,1961,52.43991
Niger,NER,1962,52.654762
Niger,NER,1963,52.74176
Niger,NER,1964,53.18524
Niger,NER,1965,53.452225
Niger,NER,1966,55.217747
Niger,NER,1967,55.38122
Niger,NER,1968,55.2655
Niger,NER,1969,56.99243
Niger,NER,1970,60.848392
Niger,NER,1971,56.586315
Niger,NER,1972,48.48708
Niger,NER,1973,44.68641
Niger,NER,1974,46.69006
Niger,NER,1975,51.65398
Niger,NER,1976,54.8032
Niger,NER,1977,53.76674
Niger,NER,1978,53.978065
Niger,NER,1979,55.038845
Niger,NER,1980,53.786034
Niger,NER,1981,55.56799
Niger,NER,1982,54.8447
Niger,NER,1983,61.267952
Niger,NER,1984,47.58177
Niger,NER,1985,40.15395
Niger,NER,1986,39.1717
Niger,NER,1987,39.305733
Niger,NER,1988,40.669243
Niger,NER,1989,37.905197
Niger,NER,1990,50.28924
Niger,NER,1991,45.241344
Niger,NER,1992,50.43053
Niger,NER,1993,51.839844
Niger,NER,1994,50.748272
Niger,NER,1995,54.495056
Niger,NER,1996,53.09488
Niger,NER,1997,53.57562
Niger,NER,1998,55.391193
Niger,NER,1999,54.94618
Niger,NER,2000,55.037685
Niger,NER,2001,55.6672
Niger,NER,2002,57.366634
Niger,NER,2003,57.48291
Niger,NER,2004,57.606003
Niger,NER,2005,58.596867
Niger,NER,2006,59.011044
Niger,NER,2007,59.93895
Niger,NER,2008,60.537205
Niger,NER,2009,59.911743
Niger,NER,2010,42.249992
Niger,NER,2011,41.449986
Niger,NER,2012,42.82
Niger,NER,2013,38.880005
Niger,NER,2014,38.789986
Niger,NER,2015,43.390007
Niger,NER,2016,44.179985
Niger,NER,2017,44.37
Niger,NER,2018,44.699993
Niger,NER,2019,43.349987
Niger,NER,2020,44.009987
Niger,NER,2021,37.809994
Niger,NER,2022,37.299988
Niger,NER,2023,36.24001
Nigeria,NGA,1961,3.2910323
Nigeria,NGA,1962,3.6217372
Nigeria,NGA,1963,3.651717
Nigeria,NGA,1964,4.083119
Nigeria,NGA,1965,4.553799
Nigeria,NGA,1966,4.6734514
Nigeria,NGA,1967,4.615476
Nigeria,NGA,1968,5.3005753
Nigeria,NGA,1969,6.617392
Nigeria,NGA,1970,8.315281
Nigeria,NGA,1971,8.816724
Nigeria,NGA,1972,8.302071
Nigeria,NGA,1973,6.953398
Nigeria,NGA,1974,7.030213
Nigeria,NGA,1975,9.613469
Nigeria,NGA,1976,9.143619
Nigeria,NGA,1977,12.695853
Nigeria,NGA,1978,15.310852
Nigeria,NGA,1979,11.489373
Nigeria,NGA,1980,14.416964
Nigeria,NGA,1981,15.411192
Nigeria,NGA,1982,15.252708
Nigeria,NGA,1983,11.309393
Nigeria,NGA,1984,8.085699
Nigeria,NGA,1985,7.3428354
Nigeria,NGA,1986,5.261694
Nigeria,NGA,1987,5.4375076
Nigeria,NGA,1988,4.685678
Nigeria,NGA,1989,4.9876833
Nigeria,NGA,1990,5.8578634
Nigeria,NGA,1991,7.190134
Nigeria,NGA,1992,6.5932794
Nigeria,NGA,1993,7.3589444
Nigeria,NGA,1994,4.007291
Nigeria,NGA,1995,12.249486
Nigeria,NGA,1996,3.6548867
Nigeria,NGA,1997,3.407027
Nigeria,NGA,1998,3.9980779
Nigeria,NGA,1999,4.3142405
Nigeria,NGA,2000,5.921081
Nigeria,NGA,2001,5.95761
Nigeria,NGA,2002,6.0995383
Nigeria,NGA,2003,7.545157
Nigeria,NGA,2004,7.7420588
Nigeria,NGA,2005,7.132477
Nigeria,NGA,2006,8.008018
Nigeria,NGA,2007,12.071336
Nigeria,NGA,2008,6.716304
Nigeria,NGA,2009,7.622851
Nigeria,NGA,2010,6.99
Nigeria,NGA,2011,6.9999995
Nigeria,NGA,2012,6.98
Nigeria,NGA,2013,7.03
Nigeria,NGA,2014,7.54
Nigeria,NGA,2015,7.6299996
Nigeria,NGA,2016,7.44
Nigeria,NGA,2017,7.07
Nigeria,NGA,2018,6.85
Nigeria,NGA,2019,6.21
Nigeria,NGA,2020,6.39
Nigeria,NGA,2021,7.6100006
Nigeria,NGA,2022,4.98
Nigeria,NGA,2023,4.07
North America,OWID_NAM,1961,216.89134
North America,OWID_NAM,1962,209.37845
North America,OWID_NAM,1963,209.74693
North America,OWID_NAM,1964,208.66307
North America,OWID_NAM,1965,203.94406
North America,OWID_NAM,1966,206.11047
North America,OWID_NAM,1967,200.7203
North America,OWID_NAM,1968,200.87952
North America,OWID_NAM,1969,201.11961
North America,OWID_NAM,1970,198.52876
North America,OWID_NAM,1971,197.789
North America,OWID_NAM,1972,199.98322
North America,OWID_NAM,1973,200.83067
North America,OWID_NAM,1974,196.98065
North America,OWID_NAM,1975,188.61394
North America,OWID_NAM,1976,195.53355
North America,OWID_NAM,1977,195.81503
North America,OWID_NAM,1978,193.72978
North America,OWID_NAM,1979,196.00813
North America,OWID_NAM,1980,197.69272
North America,OWID_NAM,1981,194.91333
North America,OWID_NAM,1982,196.74265
North America,OWID_NAM,1983,196.74005
North America,OWID_NAM,1984,195.4554
North America,OWID_NAM,1985,202.93907
North America,OWID_NAM,1986,200.98718
North America,OWID_NAM,1987,204.05382
North America,OWID_NAM,1988,196.99011
North America,OWID_NAM,1989,196.27551
North America,OWID_NAM,1990,198.87372
North America,OWID_NAM,1991,195.24039
North America,OWID_NAM,1992,199.2723
North America,OWID_NAM,1993,197.27205
North America,OWID_NAM,1994,197.36794
North America,OWID_NAM,1995,196.31459
North America,OWID_NAM,1996,193.27509
North America,OWID_NAM,1997,192.71516
North America,OWID_NAM,1998,193.72337
North America,OWID_NAM,1999,196.57971
North America,OWID_NAM,2000,199.42046
North America,OWID_NAM,2001,201.51624
North America,OWID_NAM,2002,203.05066
North America,OWID_NAM,2003,200.59966
North America,OWID_NAM,2004,198.31763
North America,OWID_NAM,2005,198.84854
North America,OWID_NAM,2006,195.88155
North America,OWID_NAM,2007,198.86888
North America,OWID_NAM,2008,196.27985
North America,OWID_NAM,2009,197.14012
North America,OWID_NAM,2010,172.33768
North America,OWID_NAM,2011,166.80252
North America,OWID_NAM,2012,169.70175
North America,OWID_NAM,2013,171.50958
North America,OWID_NAM,2014,169.08069
North America,OWID_NAM,2015,170.30629
North America,OWID_NAM,2016,174.37717
North America,OWID_NAM,2017,174.95227
North America,OWID_NAM,2018,176.6647
North America,OWID_NAM,2019,177.87575
North America,OWID_NAM,2020,179.1579
North America,OWID_NAM,2021,183.5713
North America,OWID_NAM,2022,184.81953
North America,OWID_NAM,2023,183.09126
North Korea,PRK,1961,0.16539632
North Korea,PRK,1962,0.18394364
North Korea,PRK,1963,0.19200993
North Korea,PRK,1964,0.27632603
North Korea,PRK,1965,0.36070088
North Korea,PRK,1966,0.49301723
North Korea,PRK,1967,0.61571026
North Korea,PRK,1968,0.729446
North Korea,PRK,1969,0.9676017
North Korea,PRK,1970,0.9972136
North Korea,PRK,1971,1.0938413
North Korea,PRK,1972,1.1905272
North Korea,PRK,1973,1.2787489
North Korea,PRK,1974,1.3688376
North Korea,PRK,1975,1.4576583
North Korea,PRK,1976,1.6497321
North Korea,PRK,1977,1.954425
North Korea,PRK,1978,2.2463858
North Korea,PRK,1979,2.6417751
North Korea,PRK,1980,2.810112
North Korea,PRK,1981,3.076664
North Korea,PRK,1982,3.1362689
North Korea,PRK,1983,3.3893917
North Korea,PRK,1984,3.4422874
North Korea,PRK,1985,3.6272774
North Korea,PRK,1986,3.819294
North Korea,PRK,1987,3.904227
North Korea,PRK,1988,3.9407248
North Korea,PRK,1989,3.9303513
North Korea,PRK,1990,3.9599576
North Korea,PRK,1991,3.9912338
North Korea,PRK,1992,4.0620418
North Korea,PRK,1993,3.6629739
North Korea,PRK,1994,3.8173862
North Korea,PRK,1995,3.5618398
North Korea,PRK,1996,3.317587
North Korea,PRK,1997,3.2335377
North Korea,PRK,1998,3.4661758
North Korea,PRK,1999,3.4785526
North Korea,PRK,2000,3.609479
North Korea,PRK,2001,3.6670852
North Korea,PRK,2002,4.165303
North Korea,PRK,2003,3.7085626
North Korea,PRK,2004,6.10103
North Korea,PRK,2005,5.8467507
North Korea,PRK,2006,4.036619
North Korea,PRK,2007,4.67636
North Korea,PRK,2008,4.7480397
North Korea,PRK,2009,4.339838
North Korea,PRK,2010,3.4000006
North Korea,PRK,2011,3.4899988
North Korea,PRK,2012,3.539999
North Korea,PRK,2013,3.529999
North Korea,PRK,2014,3.2999995
North Korea,PRK,2015,3.0599992
North Korea,PRK,2016,3.3300006
North Korea,PRK,2017,3.4500003
North Korea,PRK,2018,3.4999998
North Macedonia,MKD,1992,99.12461
North Macedonia,MKD,1993,100.73227
North Macedonia,MKD,1994,104.03936
North Macedonia,MKD,1995,94.03266
North Macedonia,MKD,1996,85.46495
North Macedonia,MKD,1997,82.17712
North Macedonia,MKD,1998,98.319695
North Macedonia,MKD,1999,107.1578
North Macedonia,MKD,2000,116.57153
North Macedonia,MKD,2001,110.42049
North Macedonia,MKD,2002,108.99467
North Macedonia,MKD,2003,112.307495
North Macedonia,MKD,2004,125.685
North Macedonia,MKD,2005,123.19126
North Macedonia,MKD,2006,132.22107
North Macedonia,MKD,2007,154.0238
North Macedonia,MKD,2008,158.2736
North Macedonia,MKD,2009,149.28044
North Macedonia,MKD,2010,106.41
North Macedonia,MKD,2011,108.77026
North Macedonia,MKD,2012,118.580124
North Macedonia,MKD,2013,121.18
North Macedonia,MKD,2014,126.13924
North Macedonia,MKD,2015,132.38028
North Macedonia,MKD,2016,151.85938
North Macedonia,MKD,2017,158.03024
North Macedonia,MKD,2018,185.41
North Macedonia,MKD,2019,185.3997
North Macedonia,MKD,2020,199.44989
North Macedonia,MKD,2021,180.11009
North Macedonia,MKD,2022,174.67943
North Macedonia,MKD,2023,156.38
Northern Africa (FAO),,1961,42.67
Northern Africa (FAO),,1962,41.87
Northern Africa (FAO),,1963,41
Northern Africa (FAO),,1964,41.55
Northern Africa (FAO),,1965,41.53
Northern Africa (FAO),,1966,41.2
Northern Africa (FAO),,1967,41.44
Northern Africa (FAO),,1968,44.69
Northern Africa (FAO),,1969,44.25
Northern Africa (FAO),,1970,43.34
Northern Africa (FAO),,1971,43.46
Northern Africa (FAO),,1972,43.26
Northern Africa (FAO),,1973,42.9
Northern Africa (FAO),,1974,45.08
Northern Africa (FAO),,1975,46.42
Northern Africa (FAO),,1976,48.72
Northern Africa (FAO),,1977,53.24
Northern Africa (FAO),,1978,54.44
Northern Africa (FAO),,1979,55.87
Northern Africa (FAO),,1980,59.24
Northern Africa (FAO),,1981,63.91
Northern Africa (FAO),,1982,64.71
Northern Africa (FAO),,1983,66.67
Northern Africa (FAO),,1984,59.89
Northern Africa (FAO),,1985,66.33
Northern Africa (FAO),,1986,63.52
Northern Africa (FAO),,1987,64.24
Northern Africa (FAO),,1988,64.96
Northern Africa (FAO),,1989,67.52
Northern Africa (FAO),,1990,66.5
Northern Africa (FAO),,1991,65.83
Northern Africa (FAO),,1992,67.61
Northern Africa (FAO),,1993,70.9
Northern Africa (FAO),,1994,71.36
Northern Africa (FAO),,1995,72.07
Northern Africa (FAO),,1996,67.95
Northern Africa (FAO),,1997,72.37
Northern Africa (FAO),,1998,74.82
Northern Africa (FAO),,1999,78.72
Northern Africa (FAO),,2000,82.86
Northern Africa (FAO),,2001,87.89
Northern Africa (FAO),,2002,91.9
Northern Africa (FAO),,2003,96.29
Northern Africa (FAO),,2004,93.32
Northern Africa (FAO),,2005,94.93
Northern Africa (FAO),,2006,95.7
Northern Africa (FAO),,2007,98.99
Northern Africa (FAO),,2008,98.8
Northern Africa (FAO),,2009,96.8
Northern Africa (FAO),,2010,73.28
Northern Africa (FAO),,2011,77.44
Northern Africa (FAO),,2012,84.21
Northern Africa (FAO),,2013,83.11
Northern Africa (FAO),,2014,81.92
Northern Africa (FAO),,2015,78.93
Northern Africa (FAO),,2016,79.06
Northern Africa (FAO),,2017,77.91
Northern Africa (FAO),,2018,75.03
Northern Africa (FAO),,2019,79.79
Northern Africa (FAO),,2020,79.68
Northern Africa (FAO),,2021,81.51
Northern Africa (FAO),,2022,77.49
Northern Africa (FAO),,2023,74.64
Northern America (FAO),,1961,264.39
Northern America (FAO),,1962,255.45
Northern America (FAO),,1963,256.75
Northern America (FAO),,1964,256.68
Northern America (FAO),,1965,252.39
Northern America (FAO),,1966,252.74
Northern America (FAO),,1967,244.98
Northern America (FAO),,1968,245.26
Northern America (FAO),,1969,246.45
Northern America (FAO),,1970,242.13
Northern America (FAO),,1971,242.46
Northern America (FAO),,1972,243.87
Northern America (FAO),,1973,245.53
Northern America (FAO),,1974,238.1
Northern America (FAO),,1975,230.03
Northern America (FAO),,1976,238.42
Northern America (FAO),,1977,239.12
Northern America (FAO),,1978,236.2
Northern America (FAO),,1979,239.12
Northern America (FAO),,1980,235.32
Northern America (FAO),,1981,236.34
Northern America (FAO),,1982,242.06
Northern America (FAO),,1983,244.34
Northern America (FAO),,1984,243.84
Northern America (FAO),,1985,251.41
Northern America (FAO),,1986,252.34
Northern America (FAO),,1987,258.48
Northern America (FAO),,1988,250.77
Northern America (FAO),,1989,249.88
Northern America (FAO),,1990,252.76
Northern America (FAO),,1991,252.38
Northern America (FAO),,1992,255.51
Northern America (FAO),,1993,250.53
Northern America (FAO),,1994,253.77
Northern America (FAO),,1995,254.48
Northern America (FAO),,1996,249.76
Northern America (FAO),,1997,247.53
Northern America (FAO),,1998,247.31
Northern America (FAO),,1999,249.48
Northern America (FAO),,2000,252.63
Northern America (FAO),,2001,254.7
Northern America (FAO),,2002,257.46
Northern America (FAO),,2003,254.61
Northern America (FAO),,2004,251.89
Northern America (FAO),,2005,252.3
Northern America (FAO),,2006,249.12
Northern America (FAO),,2007,252.96
Northern America (FAO),,2008,248.69
Northern America (FAO),,2009,250.82
Northern America (FAO),,2010,216.9
Northern America (FAO),,2011,208.98
Northern America (FAO),,2012,212.71
Northern America (FAO),,2013,215.29
Northern America (FAO),,2014,209.76
Northern America (FAO),,2015,210.39
Northern America (FAO),,2016,215.77
Northern America (FAO),,2017,215.96
Northern America (FAO),,2018,218.74
Northern America (FAO),,2019,219.59
Northern America (FAO),,2020,219.58
Northern America (FAO),,2021,224.62
Northern America (FAO),,2022,223.67
Northern America (FAO),,2023,222.16
Northern Europe (FAO),,1961,245.98
Northern Europe (FAO),,1962,244.98
Northern Europe (FAO),,1963,246.66
Northern Europe (FAO),,1964,248.91
Northern Europe (FAO),,1965,248.18
Northern Europe (FAO),,1966,243.59
Northern Europe (FAO),,1967,243.36
Northern Europe (FAO),,1968,241.96
Northern Europe (FAO),,1969,244.13
Northern Europe (FAO),,1970,244.38
Northern Europe (FAO),,1971,241.03
Northern Europe (FAO),,1972,243.46
Northern Europe (FAO),,1973,244.12
Northern Europe (FAO),,1974,247.68
Northern Europe (FAO),,1975,259.19
Northern Europe (FAO),,1976,252.28
Northern Europe (FAO),,1977,252.4
Northern Europe (FAO),,1978,250.88
Northern Europe (FAO),,1979,254.13
Northern Europe (FAO),,1980,253.07
Northern Europe (FAO),,1981,255.97
Northern Europe (FAO),,1982,257.58
Northern Europe (FAO),,1983,251.1
Northern Europe (FAO),,1984,257.51
Northern Europe (FAO),,1985,258.56
Northern Europe (FAO),,1986,257.75
Northern Europe (FAO),,1987,254.3
Northern Europe (FAO),,1988,253.65
Northern Europe (FAO),,1989,262.53
Northern Europe (FAO),,1990,255.15
Northern Europe (FAO),,1991,249.84
Northern Europe (FAO),,1992,242.39
Northern Europe (FAO),,1993,239.4
Northern Europe (FAO),,1994,240.68
Northern Europe (FAO),,1995,240.43
Northern Europe (FAO),,1996,252.46
Northern Europe (FAO),,1997,250.11
Northern Europe (FAO),,1998,246.39
Northern Europe (FAO),,1999,248.11
Northern Europe (FAO),,2000,245.62
Northern Europe (FAO),,2001,252.64
Northern Europe (FAO),,2002,254.83
Northern Europe (FAO),,2003,262.44
Northern Europe (FAO),,2004,256.55
Northern Europe (FAO),,2005,269.24
Northern Europe (FAO),,2006,261.92
Northern Europe (FAO),,2007,262.59
Northern Europe (FAO),,2008,269.41
Northern Europe (FAO),,2009,263.43
Northern Europe (FAO),,2010,235.7
Northern Europe (FAO),,2011,234.96
Northern Europe (FAO),,2012,237.29
Northern Europe (FAO),,2013,241.07
Northern Europe (FAO),,2014,274.25
Northern Europe (FAO),,2015,279.68
Northern Europe (FAO),,2016,271.73
Northern Europe (FAO),,2017,276.84
Northern Europe (FAO),,2018,283.02
Northern Europe (FAO),,2019,259.65
Northern Europe (FAO),,2020,252.51
Northern Europe (FAO),,2021,260.37
Northern Europe (FAO),,2022,269.17
Northern Europe (FAO),,2023,255.17
Norway,NOR,1961,250.5329
Norway,NOR,1962,259.59134
Norway,NOR,1963,248.87413
Norway,NOR,1964,249.536
Norway,NOR,1965,256.85703
Norway,NOR,1966,249.6306
Norway,NOR,1967,251.90918
Norway,NOR,1968,246.56961
Norway,NOR,1969,256.9229
Norway,NOR,1970,266.4446
Norway,NOR,1971,250.38402
Norway,NOR,1972,258.87573
Norway,NOR,1973,265.49997
Norway,NOR,1974,282.12915
Norway,NOR,1975,285.65247
Norway,NOR,1976,279.36542
Norway,NOR,1977,270.0659
Norway,NOR,1978,290.6588
Norway,NOR,1979,311.28888
Norway,NOR,1980,324.673
Norway,NOR,1981,316.63852
Norway,NOR,1982,326.21463
Norway,NOR,1983,298.2568
Norway,NOR,1984,303.27203
Norway,NOR,1985,319.04166
Norway,NOR,1986,308.3192
Norway,NOR,1987,292.0536
Norway,NOR,1988,259.50488
Norway,NOR,1989,267.00256
Norway,NOR,1990,274.47678
Norway,NOR,1991,268.52408
Norway,NOR,1992,259.0146
Norway,NOR,1993,263.19617
Norway,NOR,1994,267.08795
Norway,NOR,1995,263.91107
Norway,NOR,1996,276.81693
Norway,NOR,1997,274.63864
Norway,NOR,1998,257.77463
Norway,NOR,1999,271.1957
Norway,NOR,2000,263.82672
Norway,NOR,2001,271.00104
Norway,NOR,2002,272.68893
Norway,NOR,2003,266.26755
Norway,NOR,2004,262.45612
Norway,NOR,2005,259.74945
Norway,NOR,2006,258.6015
Norway,NOR,2007,260.9724
Norway,NOR,2008,258.88657
Norway,NOR,2009,262.73065
Norway,NOR,2010,180.86
Norway,NOR,2011,175.67004
Norway,NOR,2012,183.06026
Norway,NOR,2013,180.7098
Norway,NOR,2014,189.85011
Norway,NOR,2015,183.43976
Norway,NOR,2016,178.0002
Norway,NOR,2017,182.67975
Norway,NOR,2018,186.84998
Norway,NOR,2019,180.5999
Norway,NOR,2020,192.71982
Norway,NOR,2021,200.8003
Norway,NOR,2022,189.90013
Norway,NOR,2023,184.5801
Oceania,OWID_OCE,1961,219.0568
Oceania,OWID_OCE,1962,219.4067
Oceania,OWID_OCE,1963,216.59401
Oceania,OWID_OCE,1964,215.2662
Oceania,OWID_OCE,1965,220.25247
Oceania,OWID_OCE,1966,235.64644
Oceania,OWID_OCE,1967,220.79666
Oceania,OWID_OCE,1968,231.08754
Oceania,OWID_OCE,1969,225.86272
Oceania,OWID_OCE,1970,226.0855
Oceania,OWID_OCE,1971,227.84589
Oceania,OWID_OCE,1972,228.73524
Oceania,OWID_OCE,1973,235.05244
Oceania,OWID_OCE,1974,223.82036
Oceania,OWID_OCE,1975,225.51956
Oceania,OWID_OCE,1976,227.63562
Oceania,OWID_OCE,1977,204.99571
Oceania,OWID_OCE,1978,192.04475
Oceania,OWID_OCE,1979,200.18457
Oceania,OWID_OCE,1980,201.26208
Oceania,OWID_OCE,1981,205.29005
Oceania,OWID_OCE,1982,213.92848
Oceania,OWID_OCE,1983,217.8442
Oceania,OWID_OCE,1984,218.78773
Oceania,OWID_OCE,1985,215.29971
Oceania,OWID_OCE,1986,214.94331
Oceania,OWID_OCE,1987,210.01553
Oceania,OWID_OCE,1988,221.45781
Oceania,OWID_OCE,1989,227.48988
Oceania,OWID_OCE,1990,219.01678
Oceania,OWID_OCE,1991,213.41898
Oceania,OWID_OCE,1992,209.96974
Oceania,OWID_OCE,1993,211.3325
Oceania,OWID_OCE,1994,215.15285
Oceania,OWID_OCE,1995,210.72745
Oceania,OWID_OCE,1996,212.60167
Oceania,OWID_OCE,1997,204.14229
Oceania,OWID_OCE,1998,183.41939
Oceania,OWID_OCE,1999,181.86806
Oceania,OWID_OCE,2000,183.38057
Oceania,OWID_OCE,2001,183.27864
Oceania,OWID_OCE,2002,190.29095
Oceania,OWID_OCE,2003,178.54051
Oceania,OWID_OCE,2004,169.88663
Oceania,OWID_OCE,2005,183.08868
Oceania,OWID_OCE,2006,197.35309
Oceania,OWID_OCE,2007,190.96175
Oceania,OWID_OCE,2008,193.00851
Oceania,OWID_OCE,2009,187.65169
Oceania,OWID_OCE,2010,135.79645
Oceania,OWID_OCE,2011,147.25728
Oceania,OWID_OCE,2012,144.17557
Oceania,OWID_OCE,2013,148.76813
Oceania,OWID_OCE,2014,142.83623
Oceania,OWID_OCE,2015,151.1303
Oceania,OWID_OCE,2016,149.40749
Oceania,OWID_OCE,2017,149.1002
Oceania,OWID_OCE,2018,152.5618
Oceania,OWID_OCE,2019,150.358
Oceania,OWID_OCE,2020,154.6692
Oceania,OWID_OCE,2021,150.67812
Oceania,OWID_OCE,2022,145.1626
Oceania,OWID_OCE,2023,144.95016
Oceania (FAO),,1961,220.13
Oceania (FAO),,1962,220.59
Oceania (FAO),,1963,217.77
Oceania (FAO),,1964,216.29
Oceania (FAO),,1965,220.96
Oceania (FAO),,1966,235.64
Oceania (FAO),,1967,219.45
Oceania (FAO),,1968,228.05
Oceania (FAO),,1969,221.85
Oceania (FAO),,1970,222.66
Oceania (FAO),,1971,226.35
Oceania (FAO),,1972,228.35
Oceania (FAO),,1973,234.97
Oceania (FAO),,1974,224.18
Oceania (FAO),,1975,226.09
Oceania (FAO),,1976,228.17
Oceania (FAO),,1977,205.48
Oceania (FAO),,1978,192.56
Oceania (FAO),,1979,200.67
Oceania (FAO),,1980,201.82
Oceania (FAO),,1981,206.22
Oceania (FAO),,1982,215.32
Oceania (FAO),,1983,219.36
Oceania (FAO),,1984,220.08
Oceania (FAO),,1985,216.24
Oceania (FAO),,1986,215.66
Oceania (FAO),,1987,210.62
Oceania (FAO),,1988,222.13
Oceania (FAO),,1989,228.28
Oceania (FAO),,1990,220.17
Oceania (FAO),,1991,214.91
Oceania (FAO),,1992,211.25
Oceania (FAO),,1993,212.17
Oceania (FAO),,1994,215.65
Oceania (FAO),,1995,211.14
Oceania (FAO),,1996,213.06
Oceania (FAO),,1997,204.48
Oceania (FAO),,1998,183.52
Oceania (FAO),,1999,181.76
Oceania (FAO),,2000,183.09
Oceania (FAO),,2001,182.95
Oceania (FAO),,2002,190.05
Oceania (FAO),,2003,178.35
Oceania (FAO),,2004,169.51
Oceania (FAO),,2005,182.31
Oceania (FAO),,2006,196.13
Oceania (FAO),,2007,189.64
Oceania (FAO),,2008,191.73
Oceania (FAO),,2009,186.5
Oceania (FAO),,2010,135.8
Oceania (FAO),,2011,147.25
Oceania (FAO),,2012,144.18
Oceania (FAO),,2013,148.77
Oceania (FAO),,2014,142.84
Oceania (FAO),,2015,151.13
Oceania (FAO),,2016,149.41
Oceania (FAO),,2017,149.1
Oceania (FAO),,2018,152.56
Oceania (FAO),,2019,150.31
Oceania (FAO),,2020,154.61
Oceania (FAO),,2021,150.62
Oceania (FAO),,2022,145.11
Oceania (FAO),,2023,144.9
Oman,OMN,1990,96.71012
Oman,OMN,1991,103.8876
Oman,OMN,1992,107.19358
Oman,OMN,1993,102.82295
Oman,OMN,1994,101.983406
Oman,OMN,1995,107.235214
Oman,OMN,1996,98.331985
Oman,OMN,1997,103.62453
Oman,OMN,1998,113.68364
Oman,OMN,1999,154.8612
Oman,OMN,2000,114.71709
Oman,OMN,2001,123.56924
Oman,OMN,2002,97.94324
Oman,OMN,2003,129.57677
Oman,OMN,2004,103.80304
Oman,OMN,2005,113.05798
Oman,OMN,2006,114.50182
Oman,OMN,2007,117.67199
Oman,OMN,2008,135.59921
Oman,OMN,2009,132.96823
Oman,OMN,2010,176.08
Oman,OMN,2011,203.88986
Oman,OMN,2012,235.02042
Oman,OMN,2013,249.00966
Oman,OMN,2014,268.63974
Oman,OMN,2015,247.7501
Oman,OMN,2016,262.63
Oman,OMN,2017,311.04022
Oman,OMN,2018,333.95013
Oman,OMN,2019,327.39944
Oman,OMN,2020,301.20987
Oman,OMN,2021,370.05927
Oman,OMN,2022,252.04004
Oman,OMN,2023,255.69016
Pakistan,PAK,1961,109.32082
Pakistan,PAK,1962,108.80592
Pakistan,PAK,1963,108.90869
Pakistan,PAK,1964,109.65847
Pakistan,PAK,1965,108.85808
Pakistan,PAK,1966,105.95196
Pakistan,PAK,1967,105.50686
Pakistan,PAK,1968,105.51599
Pakistan,PAK,1969,106.08242
Pakistan,PAK,1970,105.78975
Pakistan,PAK,1971,105.159645
Pakistan,PAK,1972,103.70664
Pakistan,PAK,1973,102.45696
Pakistan,PAK,1974,101.29862
Pakistan,PAK,1975,100.10157
Pakistan,PAK,1976,100.21294
Pakistan,PAK,1977,99.58153
Pakistan,PAK,1978,100.430534
Pakistan,PAK,1979,96.970535
Pakistan,PAK,1980,97.13821
Pakistan,PAK,1981,94.002884
Pakistan,PAK,1982,92.54011
Pakistan,PAK,1983,93.24682
Pakistan,PAK,1984,93.28496
Pakistan,PAK,1985,95.86439
Pakistan,PAK,1986,100.720955
Pakistan,PAK,1987,102.35627
Pakistan,PAK,1988,105.126724
Pakistan,PAK,1989,106.744804
Pakistan,PAK,1990,108.08257
Pakistan,PAK,1991,109.79495
Pakistan,PAK,1992,112.28134
Pakistan,PAK,1993,114.131516
Pakistan,PAK,1994,116.78684
Pakistan,PAK,1995,119.70301
Pakistan,PAK,1996,141.72845
Pakistan,PAK,1997,141.05634
Pakistan,PAK,1998,141.2363
Pakistan,PAK,1999,141.25656
Pakistan,PAK,2000,140.72176
Pakistan,PAK,2001,140.2911
Pakistan,PAK,2002,140.7773
Pakistan,PAK,2003,141.63884
Pakistan,PAK,2004,141.90276
Pakistan,PAK,2005,142.60797
Pakistan,PAK,2006,148.35762
Pakistan,PAK,2007,149.29103
Pakistan,PAK,2008,149.46184
Pakistan,PAK,2009,150.80164
Pakistan,PAK,2010,105.7
Pakistan,PAK,2011,103.8
Pakistan,PAK,2012,105.44
Pakistan,PAK,2013,99.13
Pakistan,PAK,2014,103.64
Pakistan,PAK,2015,103.35999
Pakistan,PAK,2016,113.060005
Pakistan,PAK,2017,115.32
Pakistan,PAK,2018,117.15
Pakistan,PAK,2019,127.16
Pakistan,PAK,2020,120.14
Pakistan,PAK,2021,125.80999
Pakistan,PAK,2022,127.8
Pakistan,PAK,2023,129.71
Panama,PAN,1961,55.126823
Panama,PAN,1962,54.82593
Panama,PAN,1963,57.734608
Panama,PAN,1964,59.46749
Panama,PAN,1965,62.662678
Panama,PAN,1966,61.721878
Panama,PAN,1967,64.38727
Panama,PAN,1968,64.15997
Panama,PAN,1969,67.19382
Panama,PAN,1970,67.14892
Panama,PAN,1971,67.56913
Panama,PAN,1972,65.61072
Panama,PAN,1973,62.94576
Panama,PAN,1974,64.90502
Panama,PAN,1975,64.10975
Panama,PAN,1976,66.660416
Panama,PAN,1977,64.37133
Panama,PAN,1978,64.60792
Panama,PAN,1979,62.977306
Panama,PAN,1980,83.695076
Panama,PAN,1981,58.076813
Panama,PAN,1982,65.17359
Panama,PAN,1983,65.60142
Panama,PAN,1984,68.969025
Panama,PAN,1985,63.268913
Panama,PAN,1986,65.51885
Panama,PAN,1987,63.04833
Panama,PAN,1988,52.222218
Panama,PAN,1989,57.941917
Panama,PAN,1990,55.52126
Panama,PAN,1991,60.75526
Panama,PAN,1992,66.15245
Panama,PAN,1993,62.064816
Panama,PAN,1994,64.08633
Panama,PAN,1995,58.346638
Panama,PAN,1996,63.747433
Panama,PAN,1997,64.77842
Panama,PAN,1998,60.871105
Panama,PAN,1999,67.06483
Panama,PAN,2000,64.6747
Panama,PAN,2001,62.461205
Panama,PAN,2002,63.715523
Panama,PAN,2003,66.37836
Panama,PAN,2004,59.554737
Panama,PAN,2005,65.43993
Panama,PAN,2006,62.950912
Panama,PAN,2007,65.13844
Panama,PAN,2008,70.31612
Panama,PAN,2009,66.49925
Panama,PAN,2010,38.48993
Panama,PAN,2011,40.5299
Panama,PAN,2012,44.48999
Panama,PAN,2013,45.959965
Panama,PAN,2014,54.17
Panama,PAN,2015,47.61995
Panama,PAN,2016,47.580063
Panama,PAN,2017,52.550076
Panama,PAN,2018,53.82
Panama,PAN,2019,50.960026
Panama,PAN,2020,57.320023
Panama,PAN,2021,56.47987
Panama,PAN,2022,38.409958
Panama,PAN,2023,36.350014
Papua New Guinea,PNG,2010,7.639996
Papua New Guinea,PNG,2011,7.920001
Papua New Guinea,PNG,2012,10.299993
Papua New Guinea,PNG,2013,9.98
Papua New Guinea,PNG,2014,8.62
Papua New Guinea,PNG,2015,6.5900025
Papua New Guinea,PNG,2016,8.140003
Papua New Guinea,PNG,2017,7.9699936
Papua New Guinea,PNG,2018,7.2399936
Papua New Guinea,PNG,2019,7.9199967
Papua New Guinea,PNG,2020,7.820006
Papua New Guinea,PNG,2021,6.6800013
Papua New Guinea,PNG,2022,6.639995
Papua New Guinea,PNG,2023,6.290001
Paraguay,PRY,1961,53.018555
Paraguay,PRY,1962,44.232838
Paraguay,PRY,1963,51.065502
Paraguay,PRY,1964,40.688496
Paraguay,PRY,1965,40.994194
Paraguay,PRY,1966,39.992107
Paraguay,PRY,1967,39.880234
Paraguay,PRY,1968,40.01588
Paraguay,PRY,1969,41.002888
Paraguay,PRY,1970,39.33493
Paraguay,PRY,1971,38.74922
Paraguay,PRY,1972,39.88823
Paraguay,PRY,1973,40.782616
Paraguay,PRY,1974,40.748184
Paraguay,PRY,1975,44.070923
Paraguay,PRY,1976,44.26309
Paraguay,PRY,1977,46.698387
Paraguay,PRY,1978,49.709038
Paraguay,PRY,1979,52.743225
Paraguay,PRY,1980,52.816563
Paraguay,PRY,1981,52.869484
Paraguay,PRY,1982,51.130634
Paraguay,PRY,1983,53.32599
Paraguay,PRY,1984,54.35119
Paraguay,PRY,1985,53.861164
Paraguay,PRY,1986,51.073994
Paraguay,PRY,1987,52.51792
Paraguay,PRY,1988,50.79815
Paraguay,PRY,1989,51.4029
Paraguay,PRY,1990,58.28839
Paraguay,PRY,1991,58.55597
Paraguay,PRY,1992,65.88343
Paraguay,PRY,1993,67.32834
Paraguay,PRY,1994,76.307304
Paraguay,PRY,1995,86.41875
Paraguay,PRY,1996,93.481766
Paraguay,PRY,1997,97.1648
Paraguay,PRY,1998,92.8601
Paraguay,PRY,1999,89.034584
Paraguay,PRY,2000,65.982506
Paraguay,PRY,2001,66.56123
Paraguay,PRY,2002,72.70112
Paraguay,PRY,2003,74.000755
Paraguay,PRY,2004,69.20618
Paraguay,PRY,2005,69.290535
Paraguay,PRY,2006,71.140114
Paraguay,PRY,2007,72.792
Paraguay,PRY,2008,76.13959
Paraguay,PRY,2009,80.53439
Paraguay,PRY,2010,80.05996
Paraguay,PRY,2011,83.019966
Paraguay,PRY,2012,82.57999
Paraguay,PRY,2013,81.3799
Paraguay,PRY,2014,79.83988
Paraguay,PRY,2015,76.90993
Paraguay,PRY,2016,75.82001
Paraguay,PRY,2017,55.010017
Paraguay,PRY,2018,51.479984
Paraguay,PRY,2019,64.15001
Paraguay,PRY,2020,68.10999
Paraguay,PRY,2021,67.73996
Paraguay,PRY,2022,65.97
Paraguay,PRY,2023,59.52
Peru,PER,1961,48.089863
Peru,PER,1962,50.368332
Peru,PER,1963,52.198776
Peru,PER,1964,56.607445
Peru,PER,1965,72.06814
Peru,PER,1966,75.46984
Peru,PER,1967,71.80698
Peru,PER,1968,71.32661
Peru,PER,1969,68.7607
Peru,PER,1970,73.37703
Peru,PER,1971,76.99325
Peru,PER,1972,72.872314
Peru,PER,1973,72.69997
Peru,PER,1974,70.26568
Peru,PER,1975,69.94606
Peru,PER,1976,69.50662
Peru,PER,1977,68.508736
Peru,PER,1978,64.52481
Peru,PER,1979,62.30086
Peru,PER,1980,62.085514
Peru,PER,1981,61.706066
Peru,PER,1982,62.03515
Peru,PER,1983,55.347126
Peru,PER,1984,54.989914
Peru,PER,1985,53.959488
Peru,PER,1986,66.54977
Peru,PER,1987,63.795464
Peru,PER,1988,58.985073
Peru,PER,1989,47.88612
Peru,PER,1990,42.417023
Peru,PER,1991,43.61828
Peru,PER,1992,43.658783
Peru,PER,1993,45.900227
Peru,PER,1994,50.366306
Peru,PER,1995,49.964428
Peru,PER,1996,51.666046
Peru,PER,1997,52.386883
Peru,PER,1998,52.9151
Peru,PER,1999,50.651814
Peru,PER,2000,49.217377
Peru,PER,2001,48.118717
Peru,PER,2002,49.427784
Peru,PER,2003,46.429672
Peru,PER,2004,47.306313
Peru,PER,2005,48.20246
Peru,PER,2006,54.23218
Peru,PER,2007,51.878777
Peru,PER,2008,54.303505
Peru,PER,2009,56.182198
Peru,PER,2010,70.41
Peru,PER,2011,79.540016
Peru,PER,2012,80.66001
Peru,PER,2013,79.90003
Peru,PER,2014,82.56001
Peru,PER,2015,81.54001
Peru,PER,2016,83.14999
Peru,PER,2017,83.520004
Peru,PER,2018,84.559975
Peru,PER,2019,79.03
Peru,PER,2020,86.68
Peru,PER,2021,94.91998
Peru,PER,2022,95.77001
Peru,PER,2023,89.91002
Philippines,PHL,1961,12.424598
Philippines,PHL,1962,12.403989
Philippines,PHL,1963,11.75785
Philippines,PHL,1964,14.458781
Philippines,PHL,1965,14.4590845
Philippines,PHL,1966,14.512934
Philippines,PHL,1967,14.610898
Philippines,PHL,1968,17.999353
Philippines,PHL,1969,19.7754
Philippines,PHL,1970,16.283566
Philippines,PHL,1971,15.671256
Philippines,PHL,1972,16.649168
Philippines,PHL,1973,14.092447
Philippines,PHL,1974,16.831024
Philippines,PHL,1975,12.853273
Philippines,PHL,1976,18.222649
Philippines,PHL,1977,20.680801
Philippines,PHL,1978,17.0709
Philippines,PHL,1979,22.620506
Philippines,PHL,1980,19.770649
Philippines,PHL,1981,15.0855255
Philippines,PHL,1982,19.80174
Philippines,PHL,1983,16.699303
Philippines,PHL,1984,10.5891285
Philippines,PHL,1985,13.646925
Philippines,PHL,1986,14.395129
Philippines,PHL,1987,19.074345
Philippines,PHL,1988,16.741983
Philippines,PHL,1989,16.49645
Philippines,PHL,1990,20.273607
Philippines,PHL,1991,17.470572
Philippines,PHL,1992,17.351955
Philippines,PHL,1993,16.567535
Philippines,PHL,1994,19.689833
Philippines,PHL,1995,21.361753
Philippines,PHL,1996,18.479048
Philippines,PHL,1997,20.433365
Philippines,PHL,1998,16.794392
Philippines,PHL,1999,17.373419
Philippines,PHL,2000,21.474266
Philippines,PHL,2001,18.216776
Philippines,PHL,2002,16.684135
Philippines,PHL,2003,18.103878
Philippines,PHL,2004,18.436451
Philippines,PHL,2005,12.62705
Philippines,PHL,2006,14.03588
Philippines,PHL,2007,13.008122
Philippines,PHL,2008,10.957713
Philippines,PHL,2009,12.22755
Philippines,PHL,2010,16.680002
Philippines,PHL,2011,16.39
Philippines,PHL,2012,17.92
Philippines,PHL,2013,17.160002
Philippines,PHL,2014,17.250002
Philippines,PHL,2015,16.57
Philippines,PHL,2016,22.37
Philippines,PHL,2017,23.86
Philippines,PHL,2018,27.380001
Philippines,PHL,2019,29.519999
Philippines,PHL,2020,29.709995
Philippines,PHL,2021,27.130001
Philippines,PHL,2022,30.46
Philippines,PHL,2023,23.85
Poland,POL,1961,207.74777
Poland,POL,1962,209.7911
Poland,POL,1963,224.35526
Poland,POL,1964,217.72227
Poland,POL,1965,227.08989
Poland,POL,1966,237.93677
Poland,POL,1967,243.32614
Poland,POL,1968,244.86823
Poland,POL,1969,248.1173
Poland,POL,1970,254.89803
Poland,POL,1971,264.64304
Poland,POL,1972,267.23065
Poland,POL,1973,268.26416
Poland,POL,1974,270.58612
Poland,POL,1975,278.96222
Poland,POL,1976,276.79056
Poland,POL,1977,282.73114
Poland,POL,1978,279.95047
Poland,POL,1979,266.94278
Poland,POL,1980,252.60701
Poland,POL,1981,247.96379
Poland,POL,1982,216.18562
Poland,POL,1983,257.4511
Poland,POL,1984,234.80682
Poland,POL,1985,253.2616
Poland,POL,1986,271.49652
Poland,POL,1987,258.87317
Poland,POL,1988,260.87292
Poland,POL,1989,249.09897
Poland,POL,1990,232.17543
Poland,POL,1991,227.47684
Poland,POL,1992,214.68234
Poland,POL,1993,208.40001
Poland,POL,1994,203.15529
Poland,POL,1995,195.43576
Poland,POL,1996,194.0293
Poland,POL,1997,192.63445
Poland,POL,1998,203.31265
Poland,POL,1999,199.91263
Poland,POL,2000,192.89737
Poland,POL,2001,193.00073
Poland,POL,2002,198.61769
Poland,POL,2003,197.13951
Poland,POL,2004,181.91331
Poland,POL,2005,172.6288
Poland,POL,2006,162.8136
Poland,POL,2007,168.73486
Poland,POL,2008,165.07901
Poland,POL,2009,168.95868
Poland,POL,2010,161.76999
Poland,POL,2011,169.90999
Poland,POL,2012,169.93001
Poland,POL,2013,187.28996
Poland,POL,2014,177.53998
Poland,POL,2015,178.84998
Poland,POL,2016,183.55002
Poland,POL,2017,179.64998
Poland,POL,2018,186.57
Poland,POL,2019,192.38997
Poland,POL,2020,193.65002
Poland,POL,2021,197.47998
Poland,POL,2022,197.60002
Poland,POL,2023,206.29997
Portugal,PRT,1961,61.273125
Portugal,PRT,1962,63.350792
Portugal,PRT,1963,63.86389
Portugal,PRT,1964,64.74695
Portugal,PRT,1965,67.93524
Portugal,PRT,1966,68.29908
Portugal,PRT,1967,71.663216
Portugal,PRT,1968,70.08766
Portugal,PRT,1969,74.64475
Portugal,PRT,1970,76.3442
Portugal,PRT,1971,71.947495
Portugal,PRT,1972,74.37055
Portugal,PRT,1973,78.27759
Portugal,PRT,1974,80.04424
Portugal,PRT,1975,80.642456
Portugal,PRT,1976,85.67276
Portugal,PRT,1977,81.93925
Portugal,PRT,1978,80.841156
Portugal,PRT,1979,79.77645
Portugal,PRT,1980,84.091866
Portugal,PRT,1981,82.70982
Portugal,PRT,1982,89.90412
Portugal,PRT,1983,92.245255
Portugal,PRT,1984,85.377396
Portugal,PRT,1985,90.103966
Portugal,PRT,1986,94.4879
Portugal,PRT,1987,129.77061
Portugal,PRT,1988,131.41869
Portugal,PRT,1989,142.92345
Portugal,PRT,1990,150.92975
Portugal,PRT,1991,150.64314
Portugal,PRT,1992,155.59645
Portugal,PRT,1993,154.66321
Portugal,PRT,1994,160.32176
Portugal,PRT,1995,168.6699
Portugal,PRT,1996,175.6101
Portugal,PRT,1997,176.95177
Portugal,PRT,1998,183.22768
Portugal,PRT,1999,200.379
Portugal,PRT,2000,205.88556
Portugal,PRT,2001,219.49942
Portugal,PRT,2002,210.76443
Portugal,PRT,2003,202.13478
Portugal,PRT,2004,207.20305
Portugal,PRT,2005,214.5034
Portugal,PRT,2006,215.27307
Portugal,PRT,2007,223.23409
Portugal,PRT,2008,223.52505
Portugal,PRT,2009,208.87347
Portugal,PRT,2010,176.54001
Portugal,PRT,2011,179.25
Portugal,PRT,2012,179.85992
Portugal,PRT,2013,187.86023
Portugal,PRT,2014,224.33994
Portugal,PRT,2015,234.18011
Portugal,PRT,2016,235.52985
Portugal,PRT,2017,237.99005
Portugal,PRT,2018,246.61987
Portugal,PRT,2019,228.48982
Portugal,PRT,2020,206.65001
Portugal,PRT,2021,216.17006
Portugal,PRT,2022,238.5099
Portugal,PRT,2023,239.40012
Qatar,QAT,2019,139.87965
Qatar,QAT,2020,127.22022
Qatar,QAT,2021,106.539696
Qatar,QAT,2022,105.91941
Qatar,QAT,2023,99.7898
Romania,ROU,1961,109.45861
Romania,ROU,1962,108.84971
Romania,ROU,1963,106.34116
Romania,ROU,1964,106.46318
Romania,ROU,1965,110.4291
Romania,ROU,1966,118.61914
Romania,ROU,1967,127.32505
Romania,ROU,1968,122.394196
Romania,ROU,1969,121.40978
Romania,ROU,1970,115.99779
Romania,ROU,1971,117.898315
Romania,ROU,1972,126.71735
Romania,ROU,1973,135.10828
Romania,ROU,1974,138.41492
Romania,ROU,1975,137.2105
Romania,ROU,1976,143.8128
Romania,ROU,1977,151.42825
Romania,ROU,1978,157.94351
Romania,ROU,1979,185.99925
Romania,ROU,1980,169.69777
Romania,ROU,1981,165.66495
Romania,ROU,1982,148.04594
Romania,ROU,1983,149.05904
Romania,ROU,1984,152.55984
Romania,ROU,1985,177.17075
Romania,ROU,1986,156.31422
Romania,ROU,1987,152.85283
Romania,ROU,1988,160.79214
Romania,ROU,1989,135.5486
Romania,ROU,1990,147.4891
Romania,ROU,1991,170.73683
Romania,ROU,1992,169.96442
Romania,ROU,1993,183.64847
Romania,ROU,1994,185.60738
Romania,ROU,1995,194.79808
Romania,ROU,1996,198.9436
Romania,ROU,1997,198.72234
Romania,ROU,1998,201.048
Romania,ROU,1999,200.82779
Romania,ROU,2000,200.02321
Romania,ROU,2001,204.62787
Romania,ROU,2002,223.30722
Romania,ROU,2003,232.28693
Romania,ROU,2004,250.35814
Romania,ROU,2005,253.76366
Romania,ROU,2006,269.21826
Romania,ROU,2007,286.7151
Romania,ROU,2008,292.81375
Romania,ROU,2009,272.41998
Romania,ROU,2010,230.53995
Romania,ROU,2011,239.62001
Romania,ROU,2012,217.86998
Romania,ROU,2013,220.18007
Romania,ROU,2014,223.8299
Romania,ROU,2015,240.35002
Romania,ROU,2016,243.92001
Romania,ROU,2017,242.23994
Romania,ROU,2018,248.25993
Romania,ROU,2019,224.12997
Romania,ROU,2020,228.08005
Romania,ROU,2021,229.24002
Romania,ROU,2022,223.96992
Romania,ROU,2023,233.37999
Russia,RUS,1992,105.646225
Russia,RUS,1993,124.712875
Russia,RUS,1994,133.98732
Russia,RUS,1995,130.02176
Russia,RUS,1996,143.68123
Russia,RUS,1997,140.45459
Russia,RUS,1998,147.50034
Russia,RUS,1999,149.17447
Russia,RUS,2000,146.045
Russia,RUS,2001,139.29024
Russia,RUS,2002,144.21526
Russia,RUS,2003,142.17287
Russia,RUS,2004,152.41336
Russia,RUS,2005,159.59277
Russia,RUS,2006,157.39513
Russia,RUS,2007,164.86156
Russia,RUS,2008,167.35294
Russia,RUS,2009,172.465
Russia,RUS,2010,193.48
Russia,RUS,2011,190.66
Russia,RUS,2012,191.40001
Russia,RUS,2013,184.41998
Russia,RUS,2014,176.92
Russia,RUS,2015,171.02002
Russia,RUS,2016,166.45001
Russia,RUS,2017,167.3
Russia,RUS,2018,173.06001
Russia,RUS,2019,187.24
Russia,RUS,2020,193.06
Russia,RUS,2021,192.12
Russia,RUS,2022,191.48001
Russia,RUS,2023,198.41
Rwanda,RWA,1961,7.04933
Rwanda,RWA,1962,6.483097
Rwanda,RWA,1963,6.807955
Rwanda,RWA,1964,6.6941004
Rwanda,RWA,1965,6.554369
Rwanda,RWA,1966,6.823427
Rwanda,RWA,1967,7.1475444
Rwanda,RWA,1968,7.0275984
Rwanda,RWA,1969,7.3173156
Rwanda,RWA,1970,8.489771
Rwanda,RWA,1971,7.4811883
Rwanda,RWA,1972,6.8440065
Rwanda,RWA,1973,7.7413235
Rwanda,RWA,1974,6.6604347
Rwanda,RWA,1975,6.1585865
Rwanda,RWA,1976,8.012074
Rwanda,RWA,1977,10.202641
Rwanda,RWA,1978,13.500353
Rwanda,RWA,1979,11.547464
Rwanda,RWA,1980,15.471221
Rwanda,RWA,1981,14.805881
Rwanda,RWA,1982,15.634237
Rwanda,RWA,1983,14.471441
Rwanda,RWA,1984,17.94622
Rwanda,RWA,1985,19.953377
Rwanda,RWA,1986,20.575659
Rwanda,RWA,1987,17.847511
Rwanda,RWA,1988,14.844169
Rwanda,RWA,1989,14.297765
Rwanda,RWA,1990,13.69569
Rwanda,RWA,1991,15.741839
Rwanda,RWA,1992,13.569991
Rwanda,RWA,1993,14.174776
Rwanda,RWA,1994,13.956625
Rwanda,RWA,1995,18.22744
Rwanda,RWA,1996,16.193378
Rwanda,RWA,1997,14.385123
Rwanda,RWA,1998,15.029015
Rwanda,RWA,1999,16.365402
Rwanda,RWA,2000,14.678292
Rwanda,RWA,2001,17.304167
Rwanda,RWA,2002,14.658677
Rwanda,RWA,2003,15.0065155
Rwanda,RWA,2004,16.383965
Rwanda,RWA,2005,15.766145
Rwanda,RWA,2006,18.170376
Rwanda,RWA,2007,19.960085
Rwanda,RWA,2008,17.361107
Rwanda,RWA,2009,17.270123
Rwanda,RWA,2010,17.729982
Rwanda,RWA,2011,16.72998
Rwanda,RWA,2012,16.439995
Rwanda,RWA,2013,17.21
Rwanda,RWA,2014,13.820002
Rwanda,RWA,2015,15.929992
Rwanda,RWA,2016,16.589996
Rwanda,RWA,2017,16.399996
Rwanda,RWA,2018,15.05
Rwanda,RWA,2019,15.079997
Rwanda,RWA,2020,14.280002
Rwanda,RWA,2021,13.45
Rwanda,RWA,2022,12.910005
Rwanda,RWA,2023,13.699997
Saint Kitts and Nevis,KNA,1961,27.668919
Saint Kitts and Nevis,KNA,1962,28.475304
Saint Kitts and Nevis,KNA,1963,30.507847
Saint Kitts and Nevis,KNA,1964,32.599144
Saint Kitts and Nevis,KNA,1965,39.151733
Saint Kitts and Nevis,KNA,1966,50.743435
Saint Kitts and Nevis,KNA,1967,71.77683
Saint Kitts and Nevis,KNA,1968,66.48175
Saint Kitts and Nevis,KNA,1969,77.17946
Saint Kitts and Nevis,KNA,1970,73.51116
Saint Kitts and Nevis,KNA,1971,76.22502
Saint Kitts and Nevis,KNA,1972,70.2438
Saint Kitts and Nevis,KNA,1973,51.18983
Saint Kitts and Nevis,KNA,1974,54.880596
Saint Kitts and Nevis,KNA,1975,62.014305
Saint Kitts and Nevis,KNA,1976,65.17207
Saint Kitts and Nevis,KNA,1977,68.97665
Saint Kitts and Nevis,KNA,1978,70.533104
Saint Kitts and Nevis,KNA,1979,75.02753
Saint Kitts and Nevis,KNA,1980,81.19302
Saint Kitts and Nevis,KNA,1981,71.141594
Saint Kitts and Nevis,KNA,1982,61.32318
Saint Kitts and Nevis,KNA,1983,90.95431
Saint Kitts and Nevis,KNA,1984,76.78502
Saint Kitts and Nevis,KNA,1985,88.06225
Saint Kitts and Nevis,KNA,1986,72.37693
Saint Kitts and Nevis,KNA,1987,93.11424
Saint Kitts and Nevis,KNA,1988,78.47921
Saint Kitts and Nevis,KNA,1989,78.627655
Saint Kitts and Nevis,KNA,1990,85.828804
Saint Kitts and Nevis,KNA,1991,76.80774
Saint Kitts and Nevis,KNA,1992,75.29749
Saint Kitts and Nevis,KNA,1993,85.636604
Saint Kitts and Nevis,KNA,1994,89.8421
Saint Kitts and Nevis,KNA,1995,80.3502
Saint Kitts and Nevis,KNA,1996,76.943565
Saint Kitts and Nevis,KNA,1997,86.282646
Saint Kitts and Nevis,KNA,1998,81.80653
Saint Kitts and Nevis,KNA,1999,87.87227
Saint Kitts and Nevis,KNA,2000,99.05769
Saint Kitts and Nevis,KNA,2001,99.52517
Saint Kitts and Nevis,KNA,2002,95.953575
Saint Kitts and Nevis,KNA,2003,92.65455
Saint Kitts and Nevis,KNA,2004,85.64732
Saint Kitts and Nevis,KNA,2005,87.09658
Saint Kitts and Nevis,KNA,2006,92.64466
Saint Kitts and Nevis,KNA,2007,92.9088
Saint Kitts and Nevis,KNA,2008,97.7617
Saint Kitts and Nevis,KNA,2009,106.301956
Saint Kitts and Nevis,KNA,2010,31.755766
Saint Kitts and Nevis,KNA,2011,27.504162
Saint Kitts and Nevis,KNA,2012,29.563656
Saint Kitts and Nevis,KNA,2013,26.48762
Saint Kitts and Nevis,KNA,2014,51.086132
Saint Kitts and Nevis,KNA,2015,60.35693
Saint Kitts and Nevis,KNA,2016,36.11775
Saint Kitts and Nevis,KNA,2017,69.273186
Saint Kitts and Nevis,KNA,2018,76.4942
Saint Kitts and Nevis,KNA,2019,57.178337
Saint Kitts and Nevis,KNA,2020,70.78073
Saint Kitts and Nevis,KNA,2021,87.351425
Saint Kitts and Nevis,KNA,2022,40.46094
Saint Kitts and Nevis,KNA,2023,53.30378
Saint Lucia,LCA,1961,42.4315
Saint Lucia,LCA,1962,39.55524
Saint Lucia,LCA,1963,38.625484
Saint Lucia,LCA,1964,37.447296
Saint Lucia,LCA,1965,41.811043
Saint Lucia,LCA,1966,42.797756
Saint Lucia,LCA,1967,43.969734
Saint Lucia,LCA,1968,47.91422
Saint Lucia,LCA,1969,49.67862
Saint Lucia,LCA,1970,47.64382
Saint Lucia,LCA,1971,59.73063
Saint Lucia,LCA,1972,56.478813
Saint Lucia,LCA,1973,43.05398
Saint Lucia,LCA,1974,45.461212
Saint Lucia,LCA,1975,42.156403
Saint Lucia,LCA,1976,48.44071
Saint Lucia,LCA,1977,57.089005
Saint Lucia,LCA,1978,58.42663
Saint Lucia,LCA,1979,66.98665
Saint Lucia,LCA,1980,62.886124
Saint Lucia,LCA,1981,69.32656
Saint Lucia,LCA,1982,65.583405
Saint Lucia,LCA,1983,69.41034
Saint Lucia,LCA,1984,85.46374
Saint Lucia,LCA,1985,76.62966
Saint Lucia,LCA,1986,88.57307
Saint Lucia,LCA,1987,77.54231
Saint Lucia,LCA,1988,91.90114
Saint Lucia,LCA,1989,87.491615
Saint Lucia,LCA,1990,110.38078
Saint Lucia,LCA,1991,101.09506
Saint Lucia,LCA,1992,101.34478
Saint Lucia,LCA,1993,103.730896
Saint Lucia,LCA,1994,100.16758
Saint Lucia,LCA,1995,98.249916
Saint Lucia,LCA,1996,90.2103
Saint Lucia,LCA,1997,99.32805
Saint Lucia,LCA,1998,91.81702
Saint Lucia,LCA,1999,98.49763
Saint Lucia,LCA,2000,107.00317
Saint Lucia,LCA,2001,98.40821
Saint Lucia,LCA,2002,100.79737
Saint Lucia,LCA,2003,92.855415
Saint Lucia,LCA,2004,96.90685
Saint Lucia,LCA,2005,95.24447
Saint Lucia,LCA,2006,102.0256
Saint Lucia,LCA,2007,105.23288
Saint Lucia,LCA,2008,103.585205
Saint Lucia,LCA,2009,105.97039
Saint Lucia,LCA,2010,140.85094
Saint Lucia,LCA,2011,133.7391
Saint Lucia,LCA,2012,88.44743
Saint Lucia,LCA,2013,94.57455
Saint Lucia,LCA,2014,137.03606
Saint Lucia,LCA,2015,143.86436
Saint Lucia,LCA,2016,147.93915
Saint Lucia,LCA,2017,140.17046
Saint Lucia,LCA,2018,124.63155
Saint Lucia,LCA,2019,144.76778
Saint Lucia,LCA,2020,138.55145
Saint Lucia,LCA,2021,65.54266
Saint Lucia,LCA,2022,60.615253
Saint Lucia,LCA,2023,69.21575
Saint Vincent and the Grenadines,VCT,1961,59.166103
Saint Vincent and the Grenadines,VCT,1962,58.25029
Saint Vincent and the Grenadines,VCT,1963,57.927765
Saint Vincent and the Grenadines,VCT,1964,47.60727
Saint Vincent and the Grenadines,VCT,1965,46.25903
Saint Vincent and the Grenadines,VCT,1966,52.7078
Saint Vincent and the Grenadines,VCT,1967,56.735485
Saint Vincent and the Grenadines,VCT,1968,71.20832
Saint Vincent and the Grenadines,VCT,1969,70.486145
Saint Vincent and the Grenadines,VCT,1970,79.78162
Saint Vincent and the Grenadines,VCT,1971,86.715416
Saint Vincent and the Grenadines,VCT,1972,73.99131
Saint Vincent and the Grenadines,VCT,1973,70.78761
Saint Vincent and the Grenadines,VCT,1974,60.93425
Saint Vincent and the Grenadines,VCT,1975,67.637146
Saint Vincent and the Grenadines,VCT,1976,65.14711
Saint Vincent and the Grenadines,VCT,1977,67.61138
Saint Vincent and the Grenadines,VCT,1978,67.03702
Saint Vincent and the Grenadines,VCT,1979,45.383396
Saint Vincent and the Grenadines,VCT,1980,37.704575
Saint Vincent and the Grenadines,VCT,1981,34.8193
Saint Vincent and the Grenadines,VCT,1982,51.468685
Saint Vincent and the Grenadines,VCT,1983,33.20622
Saint Vincent and the Grenadines,VCT,1984,54.961468
Saint Vincent and the Grenadines,VCT,1985,39.740524
Saint Vincent and the Grenadines,VCT,1986,38.588955
Saint Vincent and the Grenadines,VCT,1987,67.645836
Saint Vincent and the Grenadines,VCT,1988,61.25445
Saint Vincent and the Grenadines,VCT,1989,61.196426
Saint Vincent and the Grenadines,VCT,1990,73.525955
Saint Vincent and the Grenadines,VCT,1991,66.11675
Saint Vincent and the Grenadines,VCT,1992,81.93772
Saint Vincent and the Grenadines,VCT,1993,56.742794
Saint Vincent and the Grenadines,VCT,1994,57.589546
Saint Vincent and the Grenadines,VCT,1995,54.829124
Saint Vincent and the Grenadines,VCT,1996,65.19941
Saint Vincent and the Grenadines,VCT,1997,81.96539
Saint Vincent and the Grenadines,VCT,1998,57.179558
Saint Vincent and the Grenadines,VCT,1999,67.895294
Saint Vincent and the Grenadines,VCT,2000,61.56973
Saint Vincent and the Grenadines,VCT,2001,52.00853
Saint Vincent and the Grenadines,VCT,2002,77.62396
Saint Vincent and the Grenadines,VCT,2003,70.5848
Saint Vincent and the Grenadines,VCT,2004,70.78587
Saint Vincent and the Grenadines,VCT,2005,79.92914
Saint Vincent and the Grenadines,VCT,2006,82.83949
Saint Vincent and the Grenadines,VCT,2007,92.4913
Saint Vincent and the Grenadines,VCT,2008,90.19613
Saint Vincent and the Grenadines,VCT,2009,98.9887
Saint Vincent and the Grenadines,VCT,2010,118.61489
Saint Vincent and the Grenadines,VCT,2011,87.606384
Saint Vincent and the Grenadines,VCT,2012,94.438705
Saint Vincent and the Grenadines,VCT,2013,89.48676
Saint Vincent and the Grenadines,VCT,2014,78.101845
Saint Vincent and the Grenadines,VCT,2015,117.04358
Saint Vincent and the Grenadines,VCT,2016,140.54018
Saint Vincent and the Grenadines,VCT,2017,112.86504
Saint Vincent and the Grenadines,VCT,2018,119.359764
Saint Vincent and the Grenadines,VCT,2019,130.92366
Saint Vincent and the Grenadines,VCT,2020,102.72008
Saint Vincent and the Grenadines,VCT,2021,114.4211
Saint Vincent and the Grenadines,VCT,2022,115.51529
Saint Vincent and the Grenadines,VCT,2023,131.44574
Samoa,WSM,1961,9.569583
Samoa,WSM,1962,9.456814
Samoa,WSM,1963,9.203557
Samoa,WSM,1964,12.54469
Samoa,WSM,1965,11.301369
Samoa,WSM,1966,10.942816
Samoa,WSM,1967,6.810979
Samoa,WSM,1968,7.557447
Samoa,WSM,1969,7.2925935
Samoa,WSM,1970,7.7192707
Samoa,WSM,1971,7.2340264
Samoa,WSM,1972,8.267739
Samoa,WSM,1973,8.104513
Samoa,WSM,1974,7.2872057
Samoa,WSM,1975,9.22623
Samoa,WSM,1976,8.580793
Samoa,WSM,1977,10.735263
Samoa,WSM,1978,12.357406
Samoa,WSM,1979,12.284519
Samoa,WSM,1980,13.925944
Samoa,WSM,1981,12.061274
Samoa,WSM,1982,9.901138
Samoa,WSM,1983,9.457787
Samoa,WSM,1984,10.056354
Samoa,WSM,1985,17.03923
Samoa,WSM,1986,11.043569
Samoa,WSM,1987,21.652819
Samoa,WSM,1988,22.759562
Samoa,WSM,1989,21.010788
Samoa,WSM,1990,16.159138
Samoa,WSM,1991,16.924984
Samoa,WSM,1992,25.279089
Samoa,WSM,1993,27.910131
Samoa,WSM,1994,25.35483
Samoa,WSM,1995,24.31423
Samoa,WSM,1996,26.754255
Samoa,WSM,1997,25.76692
Samoa,WSM,1998,23.254116
Samoa,WSM,1999,23.106186
Samoa,WSM,2000,26.51559
Samoa,WSM,2001,25.442911
Samoa,WSM,2002,22.422188
Samoa,WSM,2003,22.239561
Samoa,WSM,2004,25.504847
Samoa,WSM,2005,24.392357
Samoa,WSM,2006,21.115574
Samoa,WSM,2007,22.204529
Samoa,WSM,2008,24.073755
Samoa,WSM,2009,31.826607
Samoa,WSM,2010,25.817993
Samoa,WSM,2011,21.29825
Samoa,WSM,2012,43.84598
Samoa,WSM,2013,45.63678
Samoa,WSM,2014,44.16757
Samoa,WSM,2015,47.5567
Samoa,WSM,2016,67.317024
Samoa,WSM,2017,54.39656
Samoa,WSM,2018,55.695976
Samoa,WSM,2019,62.695816
Samoa,WSM,2020,57.3754
Samoa,WSM,2021,41.507668
Samoa,WSM,2022,39.008186
Samoa,WSM,2023,49.797012
Sao Tome and Principe,STP,1961,16.16393
Sao Tome and Principe,STP,1962,15.911959
Sao Tome and Principe,STP,1963,15.960532
Sao Tome and Principe,STP,1964,21.083225
Sao Tome and Principe,STP,1965,20.744583
Sao Tome and Principe,STP,1966,23.620134
Sao Tome and Principe,STP,1967,22.161663
Sao Tome and Principe,STP,1968,25.17952
Sao Tome and Principe,STP,1969,19.746637
Sao Tome and Principe,STP,1970,20.56853
Sao Tome and Principe,STP,1971,26.568537
Sao Tome and Principe,STP,1972,18.802137
Sao Tome and Principe,STP,1973,17.552164
Sao Tome and Principe,STP,1974,17.790636
Sao Tome and Principe,STP,1975,17.926132
Sao Tome and Principe,STP,1976,18.69371
Sao Tome and Principe,STP,1977,21.874807
Sao Tome and Principe,STP,1978,22.977541
Sao Tome and Principe,STP,1979,23.436935
Sao Tome and Principe,STP,1980,26.8336
Sao Tome and Principe,STP,1981,14.092756
Sao Tome and Principe,STP,1982,23.695578
Sao Tome and Principe,STP,1983,13.215514
Sao Tome and Principe,STP,1984,13.218494
Sao Tome and Principe,STP,1985,16.968224
Sao Tome and Principe,STP,1986,11.281092
Sao Tome and Principe,STP,1987,34.833237
Sao Tome and Principe,STP,1988,37.931854
Sao Tome and Principe,STP,1989,28.714058
Sao Tome and Principe,STP,1990,9.531762
Sao Tome and Principe,STP,1991,25.677944
Sao Tome and Principe,STP,1992,9.695849
Sao Tome and Principe,STP,1993,14.021674
Sao Tome and Principe,STP,1994,12.834231
Sao Tome and Principe,STP,1995,10.744597
Sao Tome and Principe,STP,1996,14.262561
Sao Tome and Principe,STP,1997,14.283946
Sao Tome and Principe,STP,1998,9.613185
Sao Tome and Principe,STP,1999,13.896278
Sao Tome and Principe,STP,2000,14.128821
Sao Tome and Principe,STP,2001,13.580534
Sao Tome and Principe,STP,2002,14.291279
Sao Tome and Principe,STP,2003,26.595394
Sao Tome and Principe,STP,2004,28.089727
Sao Tome and Principe,STP,2005,27.212496
Sao Tome and Principe,STP,2006,27.298115
Sao Tome and Principe,STP,2007,28.766006
Sao Tome and Principe,STP,2008,25.343826
Sao Tome and Principe,STP,2009,27.564684
Sao Tome and Principe,STP,2010,20.038898
Sao Tome and Principe,STP,2011,20.108376
Sao Tome and Principe,STP,2012,24.578444
Sao Tome and Principe,STP,2013,23.89901
Sao Tome and Principe,STP,2014,23.838789
Sao Tome and Principe,STP,2015,22.327993
Sao Tome and Principe,STP,2016,31.008173
Sao Tome and Principe,STP,2017,25.508028
Sao Tome and Principe,STP,2018,23.749096
Sao Tome and Principe,STP,2019,29.647915
Sao Tome and Principe,STP,2020,23.577831
Sao Tome and Principe,STP,2021,27.928114
Sao Tome and Principe,STP,2022,17.549767
Sao Tome and Principe,STP,2023,19.728973
Saudi Arabia,SAU,1961,46.050247
Saudi Arabia,SAU,1962,47.407925
Saudi Arabia,SAU,1963,50.15151
Saudi Arabia,SAU,1964,52.720802
Saudi Arabia,SAU,1965,52.729282
Saudi Arabia,SAU,1966,60.62442
Saudi Arabia,SAU,1967,62.384537
Saudi Arabia,SAU,1968,71.03692
Saudi Arabia,SAU,1969,70.10371
Saudi Arabia,SAU,1970,66.50896
Saudi Arabia,SAU,1971,71.30677
Saudi Arabia,SAU,1972,74.15751
Saudi Arabia,SAU,1973,73.29154
Saudi Arabia,SAU,1974,79.11443
Saudi Arabia,SAU,1975,69.75946
Saudi Arabia,SAU,1976,88.83284
Saudi Arabia,SAU,1977,121.74711
Saudi Arabia,SAU,1978,138.87067
Saudi Arabia,SAU,1979,169.6826
Saudi Arabia,SAU,1980,181.17117
Saudi Arabia,SAU,1981,166.29213
Saudi Arabia,SAU,1982,169.49863
Saudi Arabia,SAU,1983,168.94421
Saudi Arabia,SAU,1984,194.11444
Saudi Arabia,SAU,1985,159.46486
Saudi Arabia,SAU,1986,163.7357
Saudi Arabia,SAU,1987,166.37604
Saudi Arabia,SAU,1988,165.08832
Saudi Arabia,SAU,1989,147.34854
Saudi Arabia,SAU,1990,149.9109
Saudi Arabia,SAU,1991,127.74639
Saudi Arabia,SAU,1992,79.10604
Saudi Arabia,SAU,1993,72.68417
Saudi Arabia,SAU,1994,73.21595
Saudi Arabia,SAU,1995,97.17142
Saudi Arabia,SAU,1996,127.7701
Saudi Arabia,SAU,1997,104.51433
Saudi Arabia,SAU,1998,96.38794
Saudi Arabia,SAU,1999,123.64517
Saudi Arabia,SAU,2000,107.08979
Saudi Arabia,SAU,2001,105.6896
Saudi Arabia,SAU,2002,97.28752
Saudi Arabia,SAU,2003,107.26108
Saudi Arabia,SAU,2004,114.50776
Saudi Arabia,SAU,2005,109.11215
Saudi Arabia,SAU,2006,95.686775
Saudi Arabia,SAU,2007,87.24283
Saudi Arabia,SAU,2008,86.6002
Saudi Arabia,SAU,2009,87.28906
Saudi Arabia,SAU,2010,89.37999
Saudi Arabia,SAU,2011,117.12006
Saudi Arabia,SAU,2012,107.60997
Saudi Arabia,SAU,2013,89.070015
Saudi Arabia,SAU,2014,106.88001
Saudi Arabia,SAU,2015,93.969986
Saudi Arabia,SAU,2016,89.19002
Saudi Arabia,SAU,2017,87.74
Saudi Arabia,SAU,2018,90.19
Saudi Arabia,SAU,2019,81.04001
Saudi Arabia,SAU,2020,80.60001
Saudi Arabia,SAU,2021,83.389984
Saudi Arabia,SAU,2022,73.28
Saudi Arabia,SAU,2023,80.09
Senegal,SEN,1961,26.820824
Senegal,SEN,1962,27.190775
Senegal,SEN,1963,30.382362
Senegal,SEN,1964,30.058794
Senegal,SEN,1965,29.648535
Senegal,SEN,1966,31.268301
Senegal,SEN,1967,28.907194
Senegal,SEN,1968,29.870132
Senegal,SEN,1969,30.768898
Senegal,SEN,1970,30.173567
Senegal,SEN,1971,30.071516
Senegal,SEN,1972,24.068474
Senegal,SEN,1973,30.965118
Senegal,SEN,1974,27.977327
Senegal,SEN,1975,30.718853
Senegal,SEN,1976,29.299643
Senegal,SEN,1977,41.35779
Senegal,SEN,1978,37.612675
Senegal,SEN,1979,36.015106
Senegal,SEN,1980,33.400818
Senegal,SEN,1981,34.52249
Senegal,SEN,1982,35.718388
Senegal,SEN,1983,44.999115
Senegal,SEN,1984,48.934975
Senegal,SEN,1985,35.72869
Senegal,SEN,1986,41.22814
Senegal,SEN,1987,45.43676
Senegal,SEN,1988,39.66163
Senegal,SEN,1989,36.676437
Senegal,SEN,1990,36.915375
Senegal,SEN,1991,38.95933
Senegal,SEN,1992,45.45101
Senegal,SEN,1993,45.665604
Senegal,SEN,1994,31.13605
Senegal,SEN,1995,27.529886
Senegal,SEN,1996,28.633186
Senegal,SEN,1997,28.784628
Senegal,SEN,1998,28.40223
Senegal,SEN,1999,27.084923
Senegal,SEN,2000,24.189363
Senegal,SEN,2001,22.610096
Senegal,SEN,2002,21.04562
Senegal,SEN,2003,26.333614
Senegal,SEN,2004,27.890392
Senegal,SEN,2005,28.178822
Senegal,SEN,2006,31.616295
Senegal,SEN,2007,26.934645
Senegal,SEN,2008,28.96982
Senegal,SEN,2009,39.18711
Senegal,SEN,2010,25.549984
Senegal,SEN,2011,20.029999
Senegal,SEN,2012,19.389986
Senegal,SEN,2013,15.829991
Senegal,SEN,2014,18.579996
Senegal,SEN,2015,18.979994
Senegal,SEN,2016,18.730003
Senegal,SEN,2017,17.229998
Senegal,SEN,2018,17.170006
Senegal,SEN,2019,17.219994
Senegal,SEN,2020,16.290005
Senegal,SEN,2021,17.540005
Senegal,SEN,2022,17.21
Senegal,SEN,2023,18.259998
Serbia,SRB,2006,201.48221
Serbia,SRB,2007,206.23453
Serbia,SRB,2008,207.56062
Serbia,SRB,2009,192.65901
Serbia,SRB,2010,179.01971
Serbia,SRB,2011,178.91005
Serbia,SRB,2012,182.7299
Serbia,SRB,2013,182.61992
Serbia,SRB,2014,183.57993
Serbia,SRB,2015,191.61981
Serbia,SRB,2016,192.17992
Serbia,SRB,2017,196.13008
Serbia,SRB,2018,197.13017
Serbia,SRB,2019,199.75984
Serbia,SRB,2020,196.72989
Serbia,SRB,2021,199.45003
Serbia,SRB,2022,209.41985
Serbia,SRB,2023,189.3599
Serbia and Montenegro,OWID_SRM,1992,165.68698
Serbia and Montenegro,OWID_SRM,1993,162.02846
Serbia and Montenegro,OWID_SRM,1994,171.73894
Serbia and Montenegro,OWID_SRM,1995,172.98409
Serbia and Montenegro,OWID_SRM,1996,177.03162
Serbia and Montenegro,OWID_SRM,1997,183.84267
Serbia and Montenegro,OWID_SRM,1998,197.16896
Serbia and Montenegro,OWID_SRM,1999,174.62115
Serbia and Montenegro,OWID_SRM,2000,168.23524
Serbia and Montenegro,OWID_SRM,2001,170.24266
Serbia and Montenegro,OWID_SRM,2002,172.46445
Serbia and Montenegro,OWID_SRM,2003,173.53369
Serbia and Montenegro,OWID_SRM,2004,171.9388
Serbia and Montenegro,OWID_SRM,2005,174.86563
Seychelles,SYC,2010,82.84994
Seychelles,SYC,2011,90.46042
Seychelles,SYC,2012,73.761475
Seychelles,SYC,2013,73.66701
Seychelles,SYC,2014,49.583843
Seychelles,SYC,2015,65.18967
Seychelles,SYC,2016,84.50768
Seychelles,SYC,2017,76.9511
Seychelles,SYC,2018,88.12004
Seychelles,SYC,2019,107.649025
Seychelles,SYC,2020,108.601875
Seychelles,SYC,2021,101.02178
Seychelles,SYC,2022,83.23138
Seychelles,SYC,2023,101.73125
Sierra Leone,SLE,1961,7.932437
Sierra Leone,SLE,1962,9.341199
Sierra Leone,SLE,1963,10.521412
Sierra Leone,SLE,1964,10.669145
Sierra Leone,SLE,1965,11.460827
Sierra Leone,SLE,1966,12.6028
Sierra Leone,SLE,1967,11.9694395
Sierra Leone,SLE,1968,11.683508
Sierra Leone,SLE,1969,12.749628
Sierra Leone,SLE,1970,13.788232
Sierra Leone,SLE,1971,12.797078
Sierra Leone,SLE,1972,11.126028
Sierra Leone,SLE,1973,10.757824
Sierra Leone,SLE,1974,9.30811
Sierra Leone,SLE,1975,9.606725
Sierra Leone,SLE,1976,10.917644
Sierra Leone,SLE,1977,9.203727
Sierra Leone,SLE,1978,9.940989
Sierra Leone,SLE,1979,12.764375
Sierra Leone,SLE,1980,17.298998
Sierra Leone,SLE,1981,17.006767
Sierra Leone,SLE,1982,13.116066
Sierra Leone,SLE,1983,8.701959
Sierra Leone,SLE,1984,11.274448
Sierra Leone,SLE,1985,7.2006164
Sierra Leone,SLE,1986,7.4583364
Sierra Leone,SLE,1987,11.046534
Sierra Leone,SLE,1988,8.571837
Sierra Leone,SLE,1989,7.582075
Sierra Leone,SLE,1990,7.0420537
Sierra Leone,SLE,1991,7.6263366
Sierra Leone,SLE,1992,5.8548837
Sierra Leone,SLE,1993,8.323527
Sierra Leone,SLE,1994,7.689764
Sierra Leone,SLE,1995,6.3239017
Sierra Leone,SLE,1996,4.1541095
Sierra Leone,SLE,1997,3.5090308
Sierra Leone,SLE,1998,3.4770703
Sierra Leone,SLE,1999,2.4545588
Sierra Leone,SLE,2000,2.6579165
Sierra Leone,SLE,2001,1.9499332
Sierra Leone,SLE,2002,4.518816
Sierra Leone,SLE,2003,4.023315
Sierra Leone,SLE,2004,4.6282973
Sierra Leone,SLE,2005,4.252935
Sierra Leone,SLE,2006,5.351923
Sierra Leone,SLE,2007,5.2753067
Sierra Leone,SLE,2008,4.720483
Sierra Leone,SLE,2009,5.2444916
Sierra Leone,SLE,2010,5.849995
Sierra Leone,SLE,2011,6.609992
Sierra Leone,SLE,2012,7.8700023
Sierra Leone,SLE,2013,7.689992
Sierra Leone,SLE,2014,7.100005
Sierra Leone,SLE,2015,7.2599897
Sierra Leone,SLE,2016,5.349993
Sierra Leone,SLE,2017,4.48
Sierra Leone,SLE,2018,4.7899947
Sierra Leone,SLE,2019,8.089996
Sierra Leone,SLE,2020,9.260004
Sierra Leone,SLE,2021,8.339997
Sierra Leone,SLE,2022,7.2100005
Sierra Leone,SLE,2023,8.749987
Slovakia,SVK,1993,166.35931
Slovakia,SVK,1994,139.37238
Slovakia,SVK,1995,136.23132
Slovakia,SVK,1996,126.9161
Slovakia,SVK,1997,129.3016
Slovakia,SVK,1998,143.3349
Slovakia,SVK,1999,127.92752
Slovakia,SVK,2000,112.96771
Slovakia,SVK,2001,121.40289
Slovakia,SVK,2002,117.98588
Slovakia,SVK,2003,108.41741
Slovakia,SVK,2004,100.44299
Slovakia,SVK,2005,133.5042
Slovakia,SVK,2006,133.74944
Slovakia,SVK,2007,122.97987
Slovakia,SVK,2008,126.437614
Slovakia,SVK,2009,138.96272
Slovakia,SVK,2010,143.10982
Slovakia,SVK,2011,130.82013
Slovakia,SVK,2012,105.85986
Slovakia,SVK,2013,147.42993
Slovakia,SVK,2014,185.56973
Slovakia,SVK,2015,170.56006
Slovakia,SVK,2016,224.90991
Slovakia,SVK,2017,233.30992
Slovakia,SVK,2018,242.51004
Slovakia,SVK,2019,210.0001
Slovakia,SVK,2020,199.96971
Slovakia,SVK,2021,198.08977
Slovakia,SVK,2022,253.22025
Slovakia,SVK,2023,218.6197
Slovenia,SVN,1992,192.64653
Slovenia,SVN,1993,187.97327
Slovenia,SVN,1994,193.70422
Slovenia,SVN,1995,205.45245
Slovenia,SVN,1996,216.64926
Slovenia,SVN,1997,222.13329
Slovenia,SVN,1998,234.99493
Slovenia,SVN,1999,253.11285
Slovenia,SVN,2000,221.83482
Slovenia,SVN,2001,241.7784
Slovenia,SVN,2002,249.60295
Slovenia,SVN,2003,233.77399
Slovenia,SVN,2004,248.51088
Slovenia,SVN,2005,242.42393
Slovenia,SVN,2006,240.85542
Slovenia,SVN,2007,244.71762
Slovenia,SVN,2008,260.4356
Slovenia,SVN,2009,255.68953
Slovenia,SVN,2010,166.47992
Slovenia,SVN,2011,151.91963
Slovenia,SVN,2012,157.47984
Slovenia,SVN,2013,153.3791
Slovenia,SVN,2014,178.73042
Slovenia,SVN,2015,180.32036
Slovenia,SVN,2016,181.94922
Slovenia,SVN,2017,182.06999
Slovenia,SVN,2018,178.73965
Slovenia,SVN,2019,194.19019
Slovenia,SVN,2020,195.89989
Slovenia,SVN,2021,198.80952
Slovenia,SVN,2022,206.5799
Slovenia,SVN,2023,200.89056
Small Island Developing States (FAO),,1961,46.16
Small Island Developing States (FAO),,1962,49.73
Small Island Developing States (FAO),,1963,53.61
Small Island Developing States (FAO),,1964,58.99
Small Island Developing States (FAO),,1965,60.49
Small Island Developing States (FAO),,1966,60.13
Small Island Developing States (FAO),,1967,67.61
Small Island Developing States (FAO),,1968,78.52
Small Island Developing States (FAO),,1969,76.46
Small Island Developing States (FAO),,1970,90.81
Small Island Developing States (FAO),,1971,87.93
Small Island Developing States (FAO),,1972,82.97
Small Island Developing States (FAO),,1973,84.22
Small Island Developing States (FAO),,1974,85.33
Small Island Developing States (FAO),,1975,80.23
Small Island Developing States (FAO),,1976,86.29
Small Island Developing States (FAO),,1977,83.93
Small Island Developing States (FAO),,1978,82.41
Small Island Developing States (FAO),,1979,87.44
Small Island Developing States (FAO),,1980,89.63
Small Island Developing States (FAO),,1981,93.76
Small Island Developing States (FAO),,1982,91.24
Small Island Developing States (FAO),,1983,89.85
Small Island Developing States (FAO),,1984,89.2
Small Island Developing States (FAO),,1985,89.41
Small Island Developing States (FAO),,1986,87.37
Small Island Developing States (FAO),,1987,89.61
Small Island Developing States (FAO),,1988,82.71
Small Island Developing States (FAO),,1989,83.38
Small Island Developing States (FAO),,1990,79.15
Small Island Developing States (FAO),,1991,79.87
Small Island Developing States (FAO),,1992,69.53
Small Island Developing States (FAO),,1993,69.67
Small Island Developing States (FAO),,1994,69.29
Small Island Developing States (FAO),,1995,68.99
Small Island Developing States (FAO),,1996,66.65
Small Island Developing States (FAO),,1997,66.67
Small Island Developing States (FAO),,1998,69.3
Small Island Developing States (FAO),,1999,64.59
Small Island Developing States (FAO),,2000,64.03
Small Island Developing States (FAO),,2001,62.74
Small Island Developing States (FAO),,2002,63.94
Small Island Developing States (FAO),,2003,60
Small Island Developing States (FAO),,2004,58.81
Small Island Developing States (FAO),,2005,59.7
Small Island Developing States (FAO),,2006,60.24
Small Island Developing States (FAO),,2007,60.34
Small Island Developing States (FAO),,2008,65.74
Small Island Developing States (FAO),,2009,66.08
Small Island Developing States (FAO),,2010,54.34
Small Island Developing States (FAO),,2011,53.75
Small Island Developing States (FAO),,2012,55.55
Small Island Developing States (FAO),,2013,56.68
Small Island Developing States (FAO),,2014,62.93
Small Island Developing States (FAO),,2015,63.5
Small Island Developing States (FAO),,2016,65.52
Small Island Developing States (FAO),,2017,68.37
Small Island Developing States (FAO),,2018,65.69
Small Island Developing States (FAO),,2019,66.23
Small Island Developing States (FAO),,2020,62.64
Small Island Developing States (FAO),,2021,56.73
Small Island Developing States (FAO),,2022,56.05
Small Island Developing States (FAO),,2023,52.48
Solomon Islands,SLB,1961,7.2386146
Solomon Islands,SLB,1962,7.121606
Solomon Islands,SLB,1963,9.984961
Solomon Islands,SLB,1964,16.87932
Solomon Islands,SLB,1965,12.703643
Solomon Islands,SLB,1966,10.196817
Solomon Islands,SLB,1967,11.361298
Solomon Islands,SLB,1968,15.855899
Solomon Islands,SLB,1969,13.371365
Solomon Islands,SLB,1970,14.351889
Solomon Islands,SLB,1971,13.029697
Solomon Islands,SLB,1972,14.1856165
Solomon Islands,SLB,1973,16.439238
Solomon Islands,SLB,1974,12.768333
Solomon Islands,SLB,1975,10.98825
Solomon Islands,SLB,1976,13.386419
Solomon Islands,SLB,1977,12.823818
Solomon Islands,SLB,1978,12.752432
Solomon Islands,SLB,1979,15.496078
Solomon Islands,SLB,1980,15.4517975
Solomon Islands,SLB,1981,13.716161
Solomon Islands,SLB,1982,12.736499
Solomon Islands,SLB,1983,11.664471
Solomon Islands,SLB,1984,12.188406
Solomon Islands,SLB,1985,10.927574
Solomon Islands,SLB,1986,13.488513
Solomon Islands,SLB,1987,21.204176
Solomon Islands,SLB,1988,14.992707
Solomon Islands,SLB,1989,12.646494
Solomon Islands,SLB,1990,7.850643
Solomon Islands,SLB,1991,9.862675
Solomon Islands,SLB,1992,10.165667
Solomon Islands,SLB,1993,9.837867
Solomon Islands,SLB,1994,11.05787
Solomon Islands,SLB,1995,12.354085
Solomon Islands,SLB,1996,6.9976544
Solomon Islands,SLB,1997,8.187886
Solomon Islands,SLB,1998,9.036265
Solomon Islands,SLB,1999,7.3398356
Solomon Islands,SLB,2000,7.688504
Solomon Islands,SLB,2001,5.2960234
Solomon Islands,SLB,2002,6.6246643
Solomon Islands,SLB,2003,3.903519
Solomon Islands,SLB,2004,5.7802696
Solomon Islands,SLB,2005,5.83471
Solomon Islands,SLB,2006,9.5592985
Solomon Islands,SLB,2007,7.200461
Solomon Islands,SLB,2008,4.6160192
Solomon Islands,SLB,2009,4.959664
Solomon Islands,SLB,2010,6.8099227
Solomon Islands,SLB,2011,10.719846
Solomon Islands,SLB,2012,10.699757
Solomon Islands,SLB,2013,10.1199665
Solomon Islands,SLB,2014,15.369875
Solomon Islands,SLB,2015,6.629865
Solomon Islands,SLB,2016,7.2099237
Solomon Islands,SLB,2017,10.69989
Solomon Islands,SLB,2018,10.16987
Solomon Islands,SLB,2019,10.269917
Solomon Islands,SLB,2020,10.939926
Solomon Islands,SLB,2021,11.57994
Solomon Islands,SLB,2022,8.579945
Solomon Islands,SLB,2023,9.9199505
Somalia,SOM,2010,142.11183
Somalia,SOM,2011,142.08493
Somalia,SOM,2012,148.74092
Somalia,SOM,2013,147.3838
Somalia,SOM,2014,130.2938
Somalia,SOM,2015,125.70674
Somalia,SOM,2016,122.78983
Somalia,SOM,2017,126.14522
Somalia,SOM,2018,116.53694
Somalia,SOM,2019,109.46977
Somalia,SOM,2020,112.076164
Somalia,SOM,2021,107.532875
Somalia,SOM,2022,100.631226
South Africa,ZAF,1961,70.3209
South Africa,ZAF,1962,69.08675
South Africa,ZAF,1963,68.945496
South Africa,ZAF,1964,63.89631
South Africa,ZAF,1965,86.21289
South Africa,ZAF,1966,89.88794
South Africa,ZAF,1967,91.40381
South Africa,ZAF,1968,91.99783
South Africa,ZAF,1969,83.678116
South Africa,ZAF,1970,79.15444
South Africa,ZAF,1971,90.445274
South Africa,ZAF,1972,85.17409
South Africa,ZAF,1973,84.0628
South Africa,ZAF,1974,91.48959
South Africa,ZAF,1975,92.56902
South Africa,ZAF,1976,83.109276
South Africa,ZAF,1977,79.02125
South Africa,ZAF,1978,73.98731
South Africa,ZAF,1979,81.50498
South Africa,ZAF,1980,72.646065
South Africa,ZAF,1981,73.06585
South Africa,ZAF,1982,74.73787
South Africa,ZAF,1983,68.664055
South Africa,ZAF,1984,63.036396
South Africa,ZAF,1985,54.638943
South Africa,ZAF,1986,49.52657
South Africa,ZAF,1987,59.857067
South Africa,ZAF,1988,54.67572
South Africa,ZAF,1989,54.389603
South Africa,ZAF,1990,53.98907
South Africa,ZAF,1991,46.575092
South Africa,ZAF,1992,48.8913
South Africa,ZAF,1993,42.929264
South Africa,ZAF,1994,47.01984
South Africa,ZAF,1995,52.53065
South Africa,ZAF,1996,49.95489
South Africa,ZAF,1997,53.602234
South Africa,ZAF,1998,52.892796
South Africa,ZAF,1999,44.980675
South Africa,ZAF,2000,49.52489
South Africa,ZAF,2001,51.065628
South Africa,ZAF,2002,53.046635
South Africa,ZAF,2003,51.101337
South Africa,ZAF,2004,50.987682
South Africa,ZAF,2005,58.18604
South Africa,ZAF,2006,58.74397
South Africa,ZAF,2007,61.816525
South Africa,ZAF,2008,58.070816
South Africa,ZAF,2009,56.233437
South Africa,ZAF,2010,52.840004
South Africa,ZAF,2011,52.03
South Africa,ZAF,2012,55.83
South Africa,ZAF,2013,49.75
South Africa,ZAF,2014,50.27
South Africa,ZAF,2015,55.600002
South Africa,ZAF,2016,54.02
South Africa,ZAF,2017,56.430004
South Africa,ZAF,2018,52.52
South Africa,ZAF,2019,56.110012
South Africa,ZAF,2020,52.670002
South Africa,ZAF,2021,53.34
South Africa,ZAF,2022,53.769993
South Africa,ZAF,2023,52.27999
South America,OWID_SAM,1961,80.3374
South America,OWID_SAM,1962,81.32288
South America,OWID_SAM,1963,83.429344
South America,OWID_SAM,1964,86.93044
South America,OWID_SAM,1965,89.101685
South America,OWID_SAM,1966,89.96482
South America,OWID_SAM,1967,85.348015
South America,OWID_SAM,1968,88.36975
South America,OWID_SAM,1969,86.274666
South America,OWID_SAM,1970,85.871704
South America,OWID_SAM,1971,85.18422
South America,OWID_SAM,1972,84.34628
South America,OWID_SAM,1973,84.56312
South America,OWID_SAM,1974,89.43002
South America,OWID_SAM,1975,92.9867
South America,OWID_SAM,1976,94.89605
South America,OWID_SAM,1977,94.09432
South America,OWID_SAM,1978,88.84031
South America,OWID_SAM,1979,90.629745
South America,OWID_SAM,1980,97.60279
South America,OWID_SAM,1981,92.75602
South America,OWID_SAM,1982,92.952805
South America,OWID_SAM,1983,90.22154
South America,OWID_SAM,1984,92.50823
South America,OWID_SAM,1985,91.2393
South America,OWID_SAM,1986,98.14202
South America,OWID_SAM,1987,98.76053
South America,OWID_SAM,1988,95.312096
South America,OWID_SAM,1989,99.23418
South America,OWID_SAM,1990,95.7475
South America,OWID_SAM,1991,101.07166
South America,OWID_SAM,1992,103.36866
South America,OWID_SAM,1993,103.42804
South America,OWID_SAM,1994,106.72206
South America,OWID_SAM,1995,117.21387
South America,OWID_SAM,1996,120.80683
South America,OWID_SAM,1997,118.877556
South America,OWID_SAM,1998,119.87717
South America,OWID_SAM,1999,119.02111
South America,OWID_SAM,2000,118.33102
South America,OWID_SAM,2001,115.61828
South America,OWID_SAM,2002,113.4744
South America,OWID_SAM,2003,111.68008
South America,OWID_SAM,2004,109.58385
South America,OWID_SAM,2005,115.07431
South America,OWID_SAM,2006,118.57697
South America,OWID_SAM,2007,119.14477
South America,OWID_SAM,2008,128.66385
South America,OWID_SAM,2009,128.13577
South America,OWID_SAM,2010,130.29575
South America,OWID_SAM,2011,134.7851
South America,OWID_SAM,2012,136.6898
South America,OWID_SAM,2013,137.98335
South America,OWID_SAM,2014,138.16422
South America,OWID_SAM,2015,136.8144
South America,OWID_SAM,2016,132.36075
South America,OWID_SAM,2017,126.856674
South America,OWID_SAM,2018,127.295166
South America,OWID_SAM,2019,131.18613
South America,OWID_SAM,2020,134.34023
South America,OWID_SAM,2021,136.09207
South America,OWID_SAM,2022,135.8165
South America,OWID_SAM,2023,141.34395
South America (FAO),,1961,80.69
South America (FAO),,1962,81.65
South America (FAO),,1963,83.73
South America (FAO),,1964,87.21
South America (FAO),,1965,89.36
South America (FAO),,1966,90.21
South America (FAO),,1967,85.56
South America (FAO),,1968,88.57
South America (FAO),,1969,86.45
South America (FAO),,1970,86
South America (FAO),,1971,85.28
South America (FAO),,1972,84.41
South America (FAO),,1973,84.61
South America (FAO),,1974,89.46
South America (FAO),,1975,92.97
South America (FAO),,1976,94.82
South America (FAO),,1977,93.98
South America (FAO),,1978,88.71
South America (FAO),,1979,90.48
South America (FAO),,1980,97.43
South America (FAO),,1981,92.59
South America (FAO),,1982,92.78
South America (FAO),,1983,90.06
South America (FAO),,1984,92.35
South America (FAO),,1985,91.09
South America (FAO),,1986,97.99
South America (FAO),,1987,98.61
South America (FAO),,1988,95.19
South America (FAO),,1989,99.13
South America (FAO),,1990,95.68
South America (FAO),,1991,101.04
South America (FAO),,1992,103.37
South America (FAO),,1993,103.47
South America (FAO),,1994,106.78
South America (FAO),,1995,117.28
South America (FAO),,1996,120.86
South America (FAO),,1997,118.89
South America (FAO),,1998,119.88
South America (FAO),,1999,119
South America (FAO),,2000,118.25
South America (FAO),,2001,115.45
South America (FAO),,2002,113.2
South America (FAO),,2003,111.31
South America (FAO),,2004,109.11
South America (FAO),,2005,114.49
South America (FAO),,2006,117.9
South America (FAO),,2007,118.41
South America (FAO),,2008,127.8
South America (FAO),,2009,127.18
South America (FAO),,2010,130.3
South America (FAO),,2011,134.79
South America (FAO),,2012,136.69
South America (FAO),,2013,137.98
South America (FAO),,2014,138.17
South America (FAO),,2015,136.82
South America (FAO),,2016,132.36
South America (FAO),,2017,126.86
South America (FAO),,2018,127.29
South America (FAO),,2019,131.19
South America (FAO),,2020,134.34
South America (FAO),,2021,136.09
South America (FAO),,2022,135.82
South America (FAO),,2023,141.34
South Korea,KOR,1961,0.53822887
South Korea,KOR,1962,1.9358935
South Korea,KOR,1963,3.6357121
South Korea,KOR,1964,2.328341
South Korea,KOR,1965,2.7147748
South Korea,KOR,1966,1.8562477
South Korea,KOR,1967,0.89318883
South Korea,KOR,1968,3.1390548
South Korea,KOR,1969,4.1208076
South Korea,KOR,1970,3.0430193
South Korea,KOR,1971,3.8131208
South Korea,KOR,1972,3.7067661
South Korea,KOR,1973,2.9064806
South Korea,KOR,1974,3.5069866
South Korea,KOR,1975,4.0832286
South Korea,KOR,1976,4.9085436
South Korea,KOR,1977,5.990861
South Korea,KOR,1978,7.586776
South Korea,KOR,1979,9.41059
South Korea,KOR,1980,10.722418
South Korea,KOR,1981,8.968384
South Korea,KOR,1982,10.492713
South Korea,KOR,1983,12.741103
South Korea,KOR,1984,15.631607
South Korea,KOR,1985,16.644136
South Korea,KOR,1986,13.227533
South Korea,KOR,1987,17.038412
South Korea,KOR,1988,16.284565
South Korea,KOR,1989,22.471954
South Korea,KOR,1990,18.804518
South Korea,KOR,1991,20.872498
South Korea,KOR,1992,19.268936
South Korea,KOR,1993,21.539867
South Korea,KOR,1994,19.273756
South Korea,KOR,1995,20.373577
South Korea,KOR,1996,22.697622
South Korea,KOR,1997,20.129265
South Korea,KOR,1998,23.496788
South Korea,KOR,1999,25.939928
South Korea,KOR,2000,27.54688
South Korea,KOR,2001,28.8194
South Korea,KOR,2002,33.055115
South Korea,KOR,2003,26.064133
South Korea,KOR,2004,24.599014
South Korea,KOR,2005,26.508596
South Korea,KOR,2006,24.56828
South Korea,KOR,2007,26.769497
South Korea,KOR,2008,26.608463
South Korea,KOR,2009,25.944399
South Korea,KOR,2010,19.52
South Korea,KOR,2011,22.85
South Korea,KOR,2012,22.81
South Korea,KOR,2013,24.139996
South Korea,KOR,2014,25.860003
South Korea,KOR,2015,28.09
South Korea,KOR,2016,27.180002
South Korea,KOR,2017,29.68
South Korea,KOR,2018,30.409998
South Korea,KOR,2019,29.780005
South Korea,KOR,2020,31.53
South Korea,KOR,2021,31.899998
South Korea,KOR,2022,31.599998
South Korea,KOR,2023,28.989996
South Sudan,SSD,2019,180.70007
South Sudan,SSD,2020,178.84462
South Sudan,SSD,2021,208.39154
South Sudan,SSD,2022,197.50517
South-eastern Asia (FAO),,1961,5.97
South-eastern Asia (FAO),,1962,5.79
South-eastern Asia (FAO),,1963,6.31
South-eastern Asia (FAO),,1964,6.42
South-eastern Asia (FAO),,1965,6.28
South-eastern Asia (FAO),,1966,6.75
South-eastern Asia (FAO),,1967,6.42
South-eastern Asia (FAO),,1968,7.33
South-eastern Asia (FAO),,1969,7.9
South-eastern Asia (FAO),,1970,7.98
South-eastern Asia (FAO),,1971,7.48
South-eastern Asia (FAO),,1972,7.16
South-eastern Asia (FAO),,1973,7.57
South-eastern Asia (FAO),,1974,7.6
South-eastern Asia (FAO),,1975,6.78
South-eastern Asia (FAO),,1976,8.05
South-eastern Asia (FAO),,1977,9.28
South-eastern Asia (FAO),,1978,9.51
South-eastern Asia (FAO),,1979,10.14
South-eastern Asia (FAO),,1980,9.8
South-eastern Asia (FAO),,1981,9.23
South-eastern Asia (FAO),,1982,9.62
South-eastern Asia (FAO),,1983,10.11
South-eastern Asia (FAO),,1984,9.33
South-eastern Asia (FAO),,1985,8.85
South-eastern Asia (FAO),,1986,9.01
South-eastern Asia (FAO),,1987,9.9
South-eastern Asia (FAO),,1988,10.27
South-eastern Asia (FAO),,1989,8.55
South-eastern Asia (FAO),,1990,9.62
South-eastern Asia (FAO),,1991,10.13
South-eastern Asia (FAO),,1992,10.89
South-eastern Asia (FAO),,1993,10.74
South-eastern Asia (FAO),,1994,12.85
South-eastern Asia (FAO),,1995,13.96
South-eastern Asia (FAO),,1996,12.92
South-eastern Asia (FAO),,1997,13.39
South-eastern Asia (FAO),,1998,11.3
South-eastern Asia (FAO),,1999,13.77
South-eastern Asia (FAO),,2000,14.16
South-eastern Asia (FAO),,2001,13.73
South-eastern Asia (FAO),,2002,12.95
South-eastern Asia (FAO),,2003,14.2
South-eastern Asia (FAO),,2004,16.01
South-eastern Asia (FAO),,2005,14.72
South-eastern Asia (FAO),,2006,15.18
South-eastern Asia (FAO),,2007,14.97
South-eastern Asia (FAO),,2008,13.51
South-eastern Asia (FAO),,2009,15.11
South-eastern Asia (FAO),,2010,18.03
South-eastern Asia (FAO),,2011,19.32
South-eastern Asia (FAO),,2012,21.34
South-eastern Asia (FAO),,2013,19.58
South-eastern Asia (FAO),,2014,20.12
South-eastern Asia (FAO),,2015,21.58
South-eastern Asia (FAO),,2016,23.23
South-eastern Asia (FAO),,2017,24.35
South-eastern Asia (FAO),,2018,25.97
South-eastern Asia (FAO),,2019,26.07
South-eastern Asia (FAO),,2020,24.74
South-eastern Asia (FAO),,2021,25.36
South-eastern Asia (FAO),,2022,24.55
South-eastern Asia (FAO),,2023,22.37
Southern Africa (FAO),,1961,64.34
Southern Africa (FAO),,1962,63.71
Southern Africa (FAO),,1963,63.5
Southern Africa (FAO),,1964,59.99
Southern Africa (FAO),,1965,79.13
Southern Africa (FAO),,1966,82.63
Southern Africa (FAO),,1967,84.3
Southern Africa (FAO),,1968,85.15
Southern Africa (FAO),,1969,78.28
Southern Africa (FAO),,1970,74.64
Southern Africa (FAO),,1971,85.4
Southern Africa (FAO),,1972,81.11
Southern Africa (FAO),,1973,79.95
Southern Africa (FAO),,1974,86.65
Southern Africa (FAO),,1975,87.75
Southern Africa (FAO),,1976,79.74
Southern Africa (FAO),,1977,76.64
Southern Africa (FAO),,1978,72.64
Southern Africa (FAO),,1979,80.54
Southern Africa (FAO),,1980,72.55
Southern Africa (FAO),,1981,72.93
Southern Africa (FAO),,1982,75.57
Southern Africa (FAO),,1983,71.28
Southern Africa (FAO),,1984,67.28
Southern Africa (FAO),,1985,58.95
Southern Africa (FAO),,1986,53.73
Southern Africa (FAO),,1987,63.49
Southern Africa (FAO),,1988,59.15
Southern Africa (FAO),,1989,59.15
Southern Africa (FAO),,1990,59.25
Southern Africa (FAO),,1991,52.54
Southern Africa (FAO),,1992,54.71
Southern Africa (FAO),,1993,47.32
Southern Africa (FAO),,1994,51.1
Southern Africa (FAO),,1995,56.21
Southern Africa (FAO),,1996,53.25
Southern Africa (FAO),,1997,57.63
Southern Africa (FAO),,1998,57.27
Southern Africa (FAO),,1999,50.14
Southern Africa (FAO),,2000,54.88
Southern Africa (FAO),,2001,56.48
Southern Africa (FAO),,2002,56.66
Southern Africa (FAO),,2003,53.39
Southern Africa (FAO),,2004,53.68
Southern Africa (FAO),,2005,60.25
Southern Africa (FAO),,2006,59.85
Southern Africa (FAO),,2007,62.03
Southern Africa (FAO),,2008,58.42
Southern Africa (FAO),,2009,57.14
Southern Africa (FAO),,2010,56.47
Southern Africa (FAO),,2011,57.07
Southern Africa (FAO),,2012,61.26
Southern Africa (FAO),,2013,54.7
Southern Africa (FAO),,2014,54.89
Southern Africa (FAO),,2015,59.01
Southern Africa (FAO),,2016,57.66
Southern Africa (FAO),,2017,59.41
Southern Africa (FAO),,2018,55.64
Southern Africa (FAO),,2019,58.37
Southern Africa (FAO),,2020,55.72
Southern Africa (FAO),,2021,57.86
Southern Africa (FAO),,2022,59.84
Southern Africa (FAO),,2023,54.78
Southern Asia (FAO),,1961,42.06
Southern Asia (FAO),,1962,41.26
Southern Asia (FAO),,1963,40.46
Southern Asia (FAO),,1964,39.47
Southern Asia (FAO),,1965,38.18
Southern Asia (FAO),,1966,37.8
Southern Asia (FAO),,1967,37.57
Southern Asia (FAO),,1968,38.97
Southern Asia (FAO),,1969,39.27
Southern Asia (FAO),,1970,37.43
Southern Asia (FAO),,1971,38.91
Southern Asia (FAO),,1972,38.65
Southern Asia (FAO),,1973,38.68
Southern Asia (FAO),,1974,39.85
Southern Asia (FAO),,1975,39.66
Southern Asia (FAO),,1976,41.2
Southern Asia (FAO),,1977,41.98
Southern Asia (FAO),,1978,41.83
Southern Asia (FAO),,1979,42.31
Southern Asia (FAO),,1980,42.53
Southern Asia (FAO),,1981,44.91
Southern Asia (FAO),,1982,46.08
Southern Asia (FAO),,1983,48.15
Southern Asia (FAO),,1984,50.24
Southern Asia (FAO),,1985,51.7
Southern Asia (FAO),,1986,52.14
Southern Asia (FAO),,1987,52.25
Southern Asia (FAO),,1988,52.55
Southern Asia (FAO),,1989,54.11
Southern Asia (FAO),,1990,54.63
Southern Asia (FAO),,1991,54.55
Southern Asia (FAO),,1992,55.52
Southern Asia (FAO),,1993,56.69
Southern Asia (FAO),,1994,57.51
Southern Asia (FAO),,1995,59.76
Southern Asia (FAO),,1996,63.11
Southern Asia (FAO),,1997,63.95
Southern Asia (FAO),,1998,64.94
Southern Asia (FAO),,1999,66.83
Southern Asia (FAO),,2000,65.64
Southern Asia (FAO),,2001,65.81
Southern Asia (FAO),,2002,66.05
Southern Asia (FAO),,2003,66.64
Southern Asia (FAO),,2004,68.14
Southern Asia (FAO),,2005,69.6
Southern Asia (FAO),,2006,72.6
Southern Asia (FAO),,2007,76.31
Southern Asia (FAO),,2008,77.85
Southern Asia (FAO),,2009,80.06
Southern Asia (FAO),,2010,50.25
Southern Asia (FAO),,2011,52.06
Southern Asia (FAO),,2012,53.18
Southern Asia (FAO),,2013,52.96
Southern Asia (FAO),,2014,56.19
Southern Asia (FAO),,2015,58.85
Southern Asia (FAO),,2016,62.02
Southern Asia (FAO),,2017,64.82
Southern Asia (FAO),,2018,68.08
Southern Asia (FAO),,2019,72.69
Southern Asia (FAO),,2020,76.98
Southern Asia (FAO),,2021,82.07
Southern Asia (FAO),,2022,84.06
Southern Asia (FAO),,2023,86.73
Southern Europe (FAO),,1961,115.93
Southern Europe (FAO),,1962,116.63
Southern Europe (FAO),,1963,121.59
Southern Europe (FAO),,1964,121.19
Southern Europe (FAO),,1965,122.81
Southern Europe (FAO),,1966,131.73
Southern Europe (FAO),,1967,141.19
Southern Europe (FAO),,1968,144.39
Southern Europe (FAO),,1969,146.72
Southern Europe (FAO),,1970,147.77
Southern Europe (FAO),,1971,149.8
Southern Europe (FAO),,1972,156.49
Southern Europe (FAO),,1973,163.2
Southern Europe (FAO),,1974,167.72
Southern Europe (FAO),,1975,166.42
Southern Europe (FAO),,1976,172.24
Southern Europe (FAO),,1977,175.65
Southern Europe (FAO),,1978,182.79
Southern Europe (FAO),,1979,194.3
Southern Europe (FAO),,1980,196.53
Southern Europe (FAO),,1981,195.07
Southern Europe (FAO),,1982,202.82
Southern Europe (FAO),,1983,208.08
Southern Europe (FAO),,1984,206.3
Southern Europe (FAO),,1985,210.04
Southern Europe (FAO),,1986,203.81
Southern Europe (FAO),,1987,203.47
Southern Europe (FAO),,1988,201.66
Southern Europe (FAO),,1989,201.84
Southern Europe (FAO),,1990,203.04
Southern Europe (FAO),,1991,203.96
Southern Europe (FAO),,1992,198.69
Southern Europe (FAO),,1993,198.15
Southern Europe (FAO),,1994,201.46
Southern Europe (FAO),,1995,199.03
Southern Europe (FAO),,1996,208.27
Southern Europe (FAO),,1997,204.9
Southern Europe (FAO),,1998,220.06
Southern Europe (FAO),,1999,218.57
Southern Europe (FAO),,2000,217.53
Southern Europe (FAO),,2001,218.43
Southern Europe (FAO),,2002,218.78
Southern Europe (FAO),,2003,216.34
Southern Europe (FAO),,2004,217.65
Southern Europe (FAO),,2005,220.63
Southern Europe (FAO),,2006,222.44
Southern Europe (FAO),,2007,222.18
Southern Europe (FAO),,2008,223.02
Southern Europe (FAO),,2009,219.28
Southern Europe (FAO),,2010,213.52
Southern Europe (FAO),,2011,213.81
Southern Europe (FAO),,2012,212.35
Southern Europe (FAO),,2013,207.78
Southern Europe (FAO),,2014,204.06
Southern Europe (FAO),,2015,206.07
Southern Europe (FAO),,2016,205.56
Southern Europe (FAO),,2017,205.61
Southern Europe (FAO),,2018,214.72
Southern Europe (FAO),,2019,208.69
Southern Europe (FAO),,2020,205.68
Southern Europe (FAO),,2021,209.61
Southern Europe (FAO),,2022,214.3
Southern Europe (FAO),,2023,218.13
Spain,ESP,1961,83.38154
Spain,ESP,1962,83.48106
Spain,ESP,1963,95.06456
Spain,ESP,1964,93.56663
Spain,ESP,1965,91.679504
Spain,ESP,1966,101.91696
Spain,ESP,1967,108.67162
Spain,ESP,1968,111.97295
Spain,ESP,1969,121.12738
Spain,ESP,1970,121.24002
Spain,ESP,1971,129.21368
Spain,ESP,1972,128.40997
Spain,ESP,1973,129.36061
Spain,ESP,1974,141.7348
Spain,ESP,1975,138.63977
Spain,ESP,1976,144.27122
Spain,ESP,1977,143.90184
Spain,ESP,1978,151.82301
Spain,ESP,1979,156.7809
Spain,ESP,1980,159.3506
Spain,ESP,1981,157.75887
Spain,ESP,1982,166.03107
Spain,ESP,1983,172.46199
Spain,ESP,1984,176.55263
Spain,ESP,1985,169.98862
Spain,ESP,1986,159.68385
Spain,ESP,1987,155.54979
Spain,ESP,1988,151.4303
Spain,ESP,1989,150.38147
Spain,ESP,1990,150.86633
Spain,ESP,1991,160.15996
Spain,ESP,1992,155.8527
Spain,ESP,1993,163.31578
Spain,ESP,1994,163.61458
Spain,ESP,1995,159.39563
Spain,ESP,1996,163.19246
Spain,ESP,1997,154.10004
Spain,ESP,1998,162.43181
Spain,ESP,1999,161.76544
Spain,ESP,2000,164.98248
Spain,ESP,2001,164.2114
Spain,ESP,2002,163.79099
Spain,ESP,2003,160.60492
Spain,ESP,2004,161.9213
Spain,ESP,2005,157.45459
Spain,ESP,2006,159.28207
Spain,ESP,2007,161.81151
Spain,ESP,2008,158.09344
Spain,ESP,2009,166.40518
Spain,ESP,2010,167.84
Spain,ESP,2011,167.64
Spain,ESP,2012,164.89998
Spain,ESP,2013,163.81999
Spain,ESP,2014,160.17001
Spain,ESP,2015,164.01003
Spain,ESP,2016,171.69
Spain,ESP,2017,172.54002
Spain,ESP,2018,165.29001
Spain,ESP,2019,174.81
Spain,ESP,2020,166.55002
Spain,ESP,2021,175.40997
Spain,ESP,2022,185.90997
Spain,ESP,2023,191.52998
Sri Lanka,LKA,1961,17.893934
Sri Lanka,LKA,1962,16.96207
Sri Lanka,LKA,1963,20.234344
Sri Lanka,LKA,1964,23.60261
Sri Lanka,LKA,1965,23.94881
Sri Lanka,LKA,1966,20.581726
Sri Lanka,LKA,1967,20.616615
Sri Lanka,LKA,1968,21.066309
Sri Lanka,LKA,1969,18.535206
Sri Lanka,LKA,1970,21.236599
Sri Lanka,LKA,1971,17.650131
Sri Lanka,LKA,1972,18.46236
Sri Lanka,LKA,1973,17.866285
Sri Lanka,LKA,1974,17.259676
Sri Lanka,LKA,1975,18.405664
Sri Lanka,LKA,1976,20.606516
Sri Lanka,LKA,1977,24.390478
Sri Lanka,LKA,1978,31.75483
Sri Lanka,LKA,1979,29.968298
Sri Lanka,LKA,1980,28.065432
Sri Lanka,LKA,1981,22.713737
Sri Lanka,LKA,1982,20.774738
Sri Lanka,LKA,1983,30.028275
Sri Lanka,LKA,1984,27.490808
Sri Lanka,LKA,1985,29.573404
Sri Lanka,LKA,1986,23.885141
Sri Lanka,LKA,1987,31.086857
Sri Lanka,LKA,1988,33.517456
Sri Lanka,LKA,1989,36.983818
Sri Lanka,LKA,1990,29.89662
Sri Lanka,LKA,1991,35.57606
Sri Lanka,LKA,1992,30.541449
Sri Lanka,LKA,1993,27.461588
Sri Lanka,LKA,1994,26.912752
Sri Lanka,LKA,1995,32.38348
Sri Lanka,LKA,1996,33.90459
Sri Lanka,LKA,1997,34.491566
Sri Lanka,LKA,1998,31.046564
Sri Lanka,LKA,1999,30.897264
Sri Lanka,LKA,2000,31.854366
Sri Lanka,LKA,2001,29.312555
Sri Lanka,LKA,2002,33.560814
Sri Lanka,LKA,2003,34.533993
Sri Lanka,LKA,2004,30.303255
Sri Lanka,LKA,2005,28.500679
Sri Lanka,LKA,2006,37.76787
Sri Lanka,LKA,2007,34.456604
Sri Lanka,LKA,2008,31.88348
Sri Lanka,LKA,2009,32.059673
Sri Lanka,LKA,2010,36.619995
Sri Lanka,LKA,2011,35.849995
Sri Lanka,LKA,2012,39.61
Sri Lanka,LKA,2013,39.340004
Sri Lanka,LKA,2014,33.53001
Sri Lanka,LKA,2015,46.79999
Sri Lanka,LKA,2016,49.830017
Sri Lanka,LKA,2017,49.73999
Sri Lanka,LKA,2018,55.300007
Sri Lanka,LKA,2019,54.839996
Sri Lanka,LKA,2020,55.190006
Sri Lanka,LKA,2021,50.79998
Sri Lanka,LKA,2022,46.07001
Sri Lanka,LKA,2023,43.36001
Sudan,SDN,2012,105.65122
Sudan,SDN,2013,103.70726
Sudan,SDN,2014,101.783585
Sudan,SDN,2015,99.823456
Sudan,SDN,2016,98.39547
Sudan,SDN,2017,95.08462
Sudan,SDN,2018,93.881775
Sudan,SDN,2019,90.47305
Sudan,SDN,2020,92.39669
Sudan,SDN,2021,86.076965
Sudan,SDN,2022,85.48409
Sudan (former),OWID_SDN,1961,88.2676
Sudan (former),OWID_SDN,1962,87.56055
Sudan (former),OWID_SDN,1963,87.25629
Sudan (former),OWID_SDN,1964,87.989746
Sudan (former),OWID_SDN,1965,86.2221
Sudan (former),OWID_SDN,1966,83.300415
Sudan (former),OWID_SDN,1967,82.80083
Sudan (former),OWID_SDN,1968,82.0301
Sudan (former),OWID_SDN,1969,79.650406
Sudan (former),OWID_SDN,1970,77.62582
Sudan (former),OWID_SDN,1971,76.689644
Sudan (former),OWID_SDN,1972,75.24483
Sudan (former),OWID_SDN,1973,74.165794
Sudan (former),OWID_SDN,1974,72.80274
Sudan (former),OWID_SDN,1975,72.68
Sudan (former),OWID_SDN,1976,75.83713
Sudan (former),OWID_SDN,1977,79.63663
Sudan (former),OWID_SDN,1978,88.11106
Sudan (former),OWID_SDN,1979,94.74783
Sudan (former),OWID_SDN,1980,104.46362
Sudan (former),OWID_SDN,1981,117.74973
Sudan (former),OWID_SDN,1982,121.369606
Sudan (former),OWID_SDN,1983,122.65953
Sudan (former),OWID_SDN,1984,83.63006
Sudan (former),OWID_SDN,1985,112.48034
Sudan (former),OWID_SDN,1986,112.55114
Sudan (former),OWID_SDN,1987,109.911865
Sudan (former),OWID_SDN,1988,113.50643
Sudan (former),OWID_SDN,1989,120.240364
Sudan (former),OWID_SDN,1990,121.74175
Sudan (former),OWID_SDN,1991,123.82815
Sudan (former),OWID_SDN,1992,125.44009
Sudan (former),OWID_SDN,1993,128.32692
Sudan (former),OWID_SDN,1994,137.99345
Sudan (former),OWID_SDN,1995,143.83972
Sudan (former),OWID_SDN,1996,139.33412
Sudan (former),OWID_SDN,1997,137.36987
Sudan (former),OWID_SDN,1998,140.86371
Sudan (former),OWID_SDN,1999,154.31853
Sudan (former),OWID_SDN,2000,165.87466
Sudan (former),OWID_SDN,2001,176.55193
Sudan (former),OWID_SDN,2002,186.9902
Sudan (former),OWID_SDN,2003,196.0445
Sudan (former),OWID_SDN,2004,191.72954
Sudan (former),OWID_SDN,2005,191.38469
Sudan (former),OWID_SDN,2006,180.8046
Sudan (former),OWID_SDN,2007,176.22023
Sudan (former),OWID_SDN,2008,172.17207
Sudan (former),OWID_SDN,2009,169.37808
Sudan (former),OWID_SDN,2010,165.0546
Sudan (former),OWID_SDN,2011,159.86009
Suriname,SUR,1961,56.91359
Suriname,SUR,1962,50.29135
Suriname,SUR,1963,49.311207
Suriname,SUR,1964,48.442787
Suriname,SUR,1965,50.171932
Suriname,SUR,1966,48.407722
Suriname,SUR,1967,51.62262
Suriname,SUR,1968,52.151535
Suriname,SUR,1969,49.084583
Suriname,SUR,1970,46.047688
Suriname,SUR,1971,51.680973
Suriname,SUR,1972,41.380833
Suriname,SUR,1973,46.659473
Suriname,SUR,1974,51.56961
Suriname,SUR,1975,47.15841
Suriname,SUR,1976,54.829178
Suriname,SUR,1977,54.524517
Suriname,SUR,1978,53.99243
Suriname,SUR,1979,45.073185
Suriname,SUR,1980,71.41715
Suriname,SUR,1981,69.251366
Suriname,SUR,1982,71.701004
Suriname,SUR,1983,79.68302
Suriname,SUR,1984,73.1927
Suriname,SUR,1985,73.60032
Suriname,SUR,1986,110.733
Suriname,SUR,1987,116.54236
Suriname,SUR,1988,101.00748
Suriname,SUR,1989,108.62481
Suriname,SUR,1990,104.596535
Suriname,SUR,1991,102.86663
Suriname,SUR,1992,99.50199
Suriname,SUR,1993,102.35079
Suriname,SUR,1994,101.52872
Suriname,SUR,1995,81.08824
Suriname,SUR,1996,83.49809
Suriname,SUR,1997,80.947716
Suriname,SUR,1998,78.063156
Suriname,SUR,1999,70.33121
Suriname,SUR,2000,63.145573
Suriname,SUR,2001,57.46195
Suriname,SUR,2002,63.962494
Suriname,SUR,2003,52.188774
Suriname,SUR,2004,54.611717
Suriname,SUR,2005,47.331036
Suriname,SUR,2006,45.603645
Suriname,SUR,2007,45.878544
Suriname,SUR,2008,42.954052
Suriname,SUR,2009,42.311344
Suriname,SUR,2010,43.489132
Suriname,SUR,2011,47.03924
Suriname,SUR,2012,47.119164
Suriname,SUR,2013,49.119656
Suriname,SUR,2014,34.209404
Suriname,SUR,2015,36.48975
Suriname,SUR,2016,44.009624
Suriname,SUR,2017,47.7192
Suriname,SUR,2018,43.25935
Suriname,SUR,2019,49.699265
Suriname,SUR,2020,47.12
Suriname,SUR,2021,46.899624
Suriname,SUR,2022,35.37932
Suriname,SUR,2023,47.72985
Sweden,SWE,1961,299.01822
Sweden,SWE,1962,271.63928
Sweden,SWE,1963,265.15704
Sweden,SWE,1964,267.028
Sweden,SWE,1965,288.72797
Sweden,SWE,1966,285.9619
Sweden,SWE,1967,279.02295
Sweden,SWE,1968,279.7167
Sweden,SWE,1969,278.6099
Sweden,SWE,1970,284.5898
Sweden,SWE,1971,310.469
Sweden,SWE,1972,306.02396
Sweden,SWE,1973,307.78378
Sweden,SWE,1974,321.85953
Sweden,SWE,1975,344.30508
Sweden,SWE,1976,351.02515
Sweden,SWE,1977,369.1349
Sweden,SWE,1978,356.04672
Sweden,SWE,1979,367.47543
Sweden,SWE,1980,376.88403
Sweden,SWE,1981,374.2893
Sweden,SWE,1982,374.92184
Sweden,SWE,1983,363.8826
Sweden,SWE,1984,382.746
Sweden,SWE,1985,373.83362
Sweden,SWE,1986,372.7201
Sweden,SWE,1987,350.1604
Sweden,SWE,1988,348.22998
Sweden,SWE,1989,373.7691
Sweden,SWE,1990,350.02756
Sweden,SWE,1991,345.2118
Sweden,SWE,1992,360.00244
Sweden,SWE,1993,370.20572
Sweden,SWE,1994,384.3553
Sweden,SWE,1995,346.79758
Sweden,SWE,1996,348.55148
Sweden,SWE,1997,341.24905
Sweden,SWE,1998,344.404
Sweden,SWE,1999,346.7668
Sweden,SWE,2000,352.11606
Sweden,SWE,2001,361.82358
Sweden,SWE,2002,375.50815
Sweden,SWE,2003,379.59238
Sweden,SWE,2004,371.26068
Sweden,SWE,2005,369.90936
Sweden,SWE,2006,371.82336
Sweden,SWE,2007,356.1068
Sweden,SWE,2008,362.3123
Sweden,SWE,2009,357.91296
Sweden,SWE,2010,243.34991
Sweden,SWE,2011,240.98993
Sweden,SWE,2012,242.23033
Sweden,SWE,2013,243.98
Sweden,SWE,2014,202.71983
Sweden,SWE,2015,201.39995
Sweden,SWE,2016,195.37999
Sweden,SWE,2017,186.84995
Sweden,SWE,2018,190.61
Sweden,SWE,2019,212.8502
Sweden,SWE,2020,222.52019
Sweden,SWE,2021,219.48991
Sweden,SWE,2022,218.85011
Sweden,SWE,2023,220.76994
Switzerland,CHE,1961,312.32828
Switzerland,CHE,1962,303.22424
Switzerland,CHE,1963,299.00638
Switzerland,CHE,1964,299.9902
Switzerland,CHE,1965,308.4724
Switzerland,CHE,1966,302.37048
Switzerland,CHE,1967,282.19257
Switzerland,CHE,1968,281.1189
Switzerland,CHE,1969,281.08847
Switzerland,CHE,1970,296.60678
Switzerland,CHE,1971,285.24802
Switzerland,CHE,1972,282.5617
Switzerland,CHE,1973,294.1274
Switzerland,CHE,1974,295.65225
Switzerland,CHE,1975,308.10345
Switzerland,CHE,1976,320.91833
Switzerland,CHE,1977,341.5623
Switzerland,CHE,1978,342.404
Switzerland,CHE,1979,322.00702
Switzerland,CHE,1980,328.49417
Switzerland,CHE,1981,330.96933
Switzerland,CHE,1982,331.9702
Switzerland,CHE,1983,332.345
Switzerland,CHE,1984,345.47742
Switzerland,CHE,1985,341.3391
Switzerland,CHE,1986,333.74615
Switzerland,CHE,1987,334.02454
Switzerland,CHE,1988,321.62714
Switzerland,CHE,1989,328.42178
Switzerland,CHE,1990,337.7876
Switzerland,CHE,1991,344.1128
Switzerland,CHE,1992,336.60425
Switzerland,CHE,1993,335.78555
Switzerland,CHE,1994,333.89838
Switzerland,CHE,1995,324.4443
Switzerland,CHE,1996,321.38895
Switzerland,CHE,1997,319.27777
Switzerland,CHE,1998,314.11365
Switzerland,CHE,1999,284.2165
Switzerland,CHE,2000,317.98114
Switzerland,CHE,2001,300.38086
Switzerland,CHE,2002,308.9823
Switzerland,CHE,2003,312.4446
Switzerland,CHE,2004,307.6781
Switzerland,CHE,2005,306.25656
Switzerland,CHE,2006,313.84625
Switzerland,CHE,2007,316.63095
Switzerland,CHE,2008,309.20535
Switzerland,CHE,2009,314.66766
Switzerland,CHE,2010,258.79
Switzerland,CHE,2011,258.12973
Switzerland,CHE,2012,252.7501
Switzerland,CHE,2013,256.81003
Switzerland,CHE,2014,292.05008
Switzerland,CHE,2015,298.62964
Switzerland,CHE,2016,287.7399
Switzerland,CHE,2017,290.33
Switzerland,CHE,2018,291.35995
Switzerland,CHE,2019,288.4598
Switzerland,CHE,2020,300.57993
Switzerland,CHE,2021,300.58002
Switzerland,CHE,2022,292.32
Switzerland,CHE,2023,289.97986
Syria,SYR,2010,84.25001
Syria,SYR,2011,97.41998
Syria,SYR,2012,92.33998
Syria,SYR,2013,93.26999
Syria,SYR,2014,99.979996
Syria,SYR,2015,96.00002
Syria,SYR,2016,96.71998
Syria,SYR,2017,88.16999
Syria,SYR,2018,82.16
Syria,SYR,2019,78.60998
Syria,SYR,2020,87.399994
Syria,SYR,2021,79.87001
Syria,SYR,2022,74.36
Syria,SYR,2023,73.459984
Taiwan,TWN,1961,2.2286363
Taiwan,TWN,1962,2.538923
Taiwan,TWN,1963,2.9071443
Taiwan,TWN,1964,4.045294
Taiwan,TWN,1965,4.2225604
Taiwan,TWN,1966,4.5491843
Taiwan,TWN,1967,5.0131197
Taiwan,TWN,1968,6.3022823
Taiwan,TWN,1969,7.926774
Taiwan,TWN,1970,9.875835
Taiwan,TWN,1971,9.843242
Taiwan,TWN,1972,10.853229
Taiwan,TWN,1973,14.619353
Taiwan,TWN,1974,15.456884
Taiwan,TWN,1975,15.809531
Taiwan,TWN,1976,21.795378
Taiwan,TWN,1977,24.719381
Taiwan,TWN,1978,29.504475
Taiwan,TWN,1979,32.08925
Taiwan,TWN,1980,28.330141
Taiwan,TWN,1981,25.192757
Taiwan,TWN,1982,27.342342
Taiwan,TWN,1983,29.392075
Taiwan,TWN,1984,33.62746
Taiwan,TWN,1985,34.51932
Taiwan,TWN,1986,38.10851
Taiwan,TWN,1987,37.36757
Taiwan,TWN,1988,41.34446
Taiwan,TWN,1989,36.45989
Taiwan,TWN,1990,38.420834
Taiwan,TWN,1991,43.621567
Taiwan,TWN,1992,45.02164
Taiwan,TWN,1993,47.956146
Taiwan,TWN,1994,49.328045
Taiwan,TWN,1995,51.03691
Taiwan,TWN,1996,47.706673
Taiwan,TWN,1997,50.08071
Taiwan,TWN,1998,48.380894
Taiwan,TWN,1999,48.060356
Taiwan,TWN,2000,44.67957
Taiwan,TWN,2001,42.850605
Taiwan,TWN,2002,43.06779
Taiwan,TWN,2003,39.15539
Taiwan,TWN,2004,37.199024
Taiwan,TWN,2005,35.67784
Taiwan,TWN,2006,37.636997
Taiwan,TWN,2007,42.552837
Taiwan,TWN,2008,30.07037
Taiwan,TWN,2009,36.37705
Taiwan,TWN,2010,40.390003
Taiwan,TWN,2011,44.400005
Taiwan,TWN,2012,42.079998
Taiwan,TWN,2013,44.98
Taiwan,TWN,2014,46.34002
Taiwan,TWN,2015,49.11998
Taiwan,TWN,2016,49.3
Taiwan,TWN,2017,50.87
Taiwan,TWN,2018,53.930008
Taiwan,TWN,2019,53.510006
Taiwan,TWN,2020,56.1
Taiwan,TWN,2021,58.11
Taiwan,TWN,2022,58.320007
Taiwan,TWN,2023,57.790016
Tajikistan,TJK,1992,87.90817
Tajikistan,TJK,1993,79.462135
Tajikistan,TJK,1994,78.40758
Tajikistan,TJK,1995,64.98092
Tajikistan,TJK,1996,28.302532
Tajikistan,TJK,1997,37.85668
Tajikistan,TJK,1998,41.69689
Tajikistan,TJK,1999,48.497894
Tajikistan,TJK,2000,49.332584
Tajikistan,TJK,2001,54.26852
Tajikistan,TJK,2002,55.170097
Tajikistan,TJK,2003,53.947773
Tajikistan,TJK,2004,52.640316
Tajikistan,TJK,2005,53.182304
Tajikistan,TJK,2006,62.8531
Tajikistan,TJK,2007,53.84786
Tajikistan,TJK,2008,53.22613
Tajikistan,TJK,2009,52.42565
Tajikistan,TJK,2010,74.78996
Tajikistan,TJK,2011,77.370026
Tajikistan,TJK,2012,84.969925
Tajikistan,TJK,2013,96.269844
Tajikistan,TJK,2014,102.98988
Tajikistan,TJK,2015,97.58001
Tajikistan,TJK,2016,97.44008
Tajikistan,TJK,2017,97.76009
Tajikistan,TJK,2018,103.64983
Tajikistan,TJK,2019,102.04
Tajikistan,TJK,2020,101.849976
Tajikistan,TJK,2021,101.90999
Tajikistan,TJK,2022,107.279915
Tajikistan,TJK,2023,111.56992
Tanzania,TZA,1961,30.046188
Tanzania,TZA,1962,30.347424
Tanzania,TZA,1963,29.63327
Tanzania,TZA,1964,29.438246
Tanzania,TZA,1965,29.607962
Tanzania,TZA,1966,30.574736
Tanzania,TZA,1967,32.913612
Tanzania,TZA,1968,30.673595
Tanzania,TZA,1969,33.14529
Tanzania,TZA,1970,33.07306
Tanzania,TZA,1971,30.399185
Tanzania,TZA,1972,28.941256
Tanzania,TZA,1973,26.541994
Tanzania,TZA,1974,26.362417
Tanzania,TZA,1975,26.503992
Tanzania,TZA,1976,25.591043
Tanzania,TZA,1977,26.143888
Tanzania,TZA,1978,27.667208
Tanzania,TZA,1979,25.679388
Tanzania,TZA,1980,22.786922
Tanzania,TZA,1981,25.22241
Tanzania,TZA,1982,23.996325
Tanzania,TZA,1983,22.5689
Tanzania,TZA,1984,21.91442
Tanzania,TZA,1985,23.314621
Tanzania,TZA,1986,24.127153
Tanzania,TZA,1987,23.410875
Tanzania,TZA,1988,23.58546
Tanzania,TZA,1989,22.775497
Tanzania,TZA,1990,22.898249
Tanzania,TZA,1991,23.84846
Tanzania,TZA,1992,23.528564
Tanzania,TZA,1993,23.553038
Tanzania,TZA,1994,21.670162
Tanzania,TZA,1995,22.3815
Tanzania,TZA,1996,21.852318
Tanzania,TZA,1997,21.9755
Tanzania,TZA,1998,24.008516
Tanzania,TZA,1999,23.52681
Tanzania,TZA,2000,23.604082
Tanzania,TZA,2001,25.855268
Tanzania,TZA,2002,27.458208
Tanzania,TZA,2003,28.931423
Tanzania,TZA,2004,33.157387
Tanzania,TZA,2005,37.325733
Tanzania,TZA,2006,37.161667
Tanzania,TZA,2007,36.073215
Tanzania,TZA,2008,36.6425
Tanzania,TZA,2009,38.165268
Tanzania,TZA,2010,25.829998
Tanzania,TZA,2011,26.68
Tanzania,TZA,2012,27.33
Tanzania,TZA,2013,27.509996
Tanzania,TZA,2014,28.050003
Tanzania,TZA,2015,27.990002
Tanzania,TZA,2016,27.96
Tanzania,TZA,2017,26.490002
Tanzania,TZA,2018,28.800003
Tanzania,TZA,2019,30.88
Tanzania,TZA,2020,33.44
Tanzania,TZA,2021,32.6
Tanzania,TZA,2022,35.59
Tanzania,TZA,2023,36.15
Thailand,THA,1961,2.508458
Thailand,THA,1962,2.6323545
Thailand,THA,1963,2.9805734
Thailand,THA,1964,2.6957884
Thailand,THA,1965,2.9314241
Thailand,THA,1966,4.4446197
Thailand,THA,1967,4.93763
Thailand,THA,1968,5.902944
Thailand,THA,1969,8.204037
Thailand,THA,1970,8.821155
Thailand,THA,1971,7.563562
Thailand,THA,1972,6.836758
Thailand,THA,1973,9.909595
Thailand,THA,1974,6.206323
Thailand,THA,1975,7.1037545
Thailand,THA,1976,8.49074
Thailand,THA,1977,9.535848
Thailand,THA,1978,10.26694
Thailand,THA,1979,9.721925
Thailand,THA,1980,7.969193
Thailand,THA,1981,9.637887
Thailand,THA,1982,6.0658493
Thailand,THA,1983,9.831336
Thailand,THA,1984,9.9691925
Thailand,THA,1985,9.480923
Thailand,THA,1986,11.537289
Thailand,THA,1987,12.960615
Thailand,THA,1988,14.97141
Thailand,THA,1989,11.291239
Thailand,THA,1990,15.019658
Thailand,THA,1991,15.468348
Thailand,THA,1992,18.452309
Thailand,THA,1993,16.194563
Thailand,THA,1994,21.022718
Thailand,THA,1995,25.700228
Thailand,THA,1996,24.641865
Thailand,THA,1997,27.98938
Thailand,THA,1998,22.263489
Thailand,THA,1999,22.958136
Thailand,THA,2000,22.806791
Thailand,THA,2001,20.025164
Thailand,THA,2002,20.013056
Thailand,THA,2003,23.938877
Thailand,THA,2004,30.001732
Thailand,THA,2005,25.402376
Thailand,THA,2006,24.456215
Thailand,THA,2007,21.161612
Thailand,THA,2008,23.187319
Thailand,THA,2009,21.939558
Thailand,THA,2010,24.490004
Thailand,THA,2011,25.58
Thailand,THA,2012,29.310003
Thailand,THA,2013,27.219997
Thailand,THA,2014,27.600002
Thailand,THA,2015,32.380005
Thailand,THA,2016,27.870005
Thailand,THA,2017,29.120003
Thailand,THA,2018,30.049997
Thailand,THA,2019,29.000004
Thailand,THA,2020,29.289997
Thailand,THA,2021,31.129995
Thailand,THA,2022,29.780005
Thailand,THA,2023,31.929998
Togo,TGO,1961,2.834277
Togo,TGO,1962,3.2856517
Togo,TGO,1963,3.4303198
Togo,TGO,1964,3.537532
Togo,TGO,1965,3.3796656
Togo,TGO,1966,3.4467013
Togo,TGO,1967,3.782215
Togo,TGO,1968,3.187677
Togo,TGO,1969,5.576933
Togo,TGO,1970,3.4947057
Togo,TGO,1971,3.7420917
Togo,TGO,1972,3.789554
Togo,TGO,1973,3.9095316
Togo,TGO,1974,3.4997816
Togo,TGO,1975,3.0518808
Togo,TGO,1976,4.14982
Togo,TGO,1977,5.4494185
Togo,TGO,1978,3.1634173
Togo,TGO,1979,2.9503462
Togo,TGO,1980,3.5676823
Togo,TGO,1981,4.169993
Togo,TGO,1982,3.8680959
Togo,TGO,1983,3.8709419
Togo,TGO,1984,3.8014724
Togo,TGO,1985,6.1607075
Togo,TGO,1986,4.1841545
Togo,TGO,1987,4.6918426
Togo,TGO,1988,5.0915823
Togo,TGO,1989,4.2807126
Togo,TGO,1990,4.732421
Togo,TGO,1991,5.522847
Togo,TGO,1992,6.019177
Togo,TGO,1993,3.4751809
Togo,TGO,1994,4.315738
Togo,TGO,1995,5.1798387
Togo,TGO,1996,5.015184
Togo,TGO,1997,5.134327
Togo,TGO,1998,3.4416637
Togo,TGO,1999,3.1906378
Togo,TGO,2000,4.2408514
Togo,TGO,2001,3.7153955
Togo,TGO,2002,4.321704
Togo,TGO,2003,3.948755
Togo,TGO,2004,4.7220693
Togo,TGO,2005,5.4958377
Togo,TGO,2006,5.329037
Togo,TGO,2007,4.7809258
Togo,TGO,2008,2.6121907
Togo,TGO,2009,4.3592634
Togo,TGO,2010,6.4515553
Togo,TGO,2011,7.1218104
Togo,TGO,2012,10.46223
Togo,TGO,2013,6.940197
Togo,TGO,2014,1.2606661
Togo,TGO,2015,1.2470354
Togo,TGO,2016,1.1703405
Togo,TGO,2017,2.0585194
Togo,TGO,2018,2.503055
Togo,TGO,2019,1.6334912
Togo,TGO,2020,4.3903694
Togo,TGO,2021,5.032533
Togo,TGO,2022,5.680809
Tonga,TON,2019,49.101635
Tonga,TON,2020,50.349995
Tonga,TON,2021,52.403046
Tonga,TON,2022,54.493256
Tonga,TON,2023,52.103523
Trinidad and Tobago,TTO,1961,87.887764
Trinidad and Tobago,TTO,1962,87.23968
Trinidad and Tobago,TTO,1963,95.333046
Trinidad and Tobago,TTO,1964,100.53972
Trinidad and Tobago,TTO,1965,95.106316
Trinidad and Tobago,TTO,1966,96.26882
Trinidad and Tobago,TTO,1967,99.29703
Trinidad and Tobago,TTO,1968,96.82724
Trinidad and Tobago,TTO,1969,112.975525
Trinidad and Tobago,TTO,1970,107.89293
Trinidad and Tobago,TTO,1971,119.0485
Trinidad and Tobago,TTO,1972,113.34774
Trinidad and Tobago,TTO,1973,111.855385
Trinidad and Tobago,TTO,1974,110.16384
Trinidad and Tobago,TTO,1975,109.42356
Trinidad and Tobago,TTO,1976,105.81238
Trinidad and Tobago,TTO,1977,137.63458
Trinidad and Tobago,TTO,1978,134.3584
Trinidad and Tobago,TTO,1979,109.71309
Trinidad and Tobago,TTO,1980,141.53604
Trinidad and Tobago,TTO,1981,142.76015
Trinidad and Tobago,TTO,1982,151.91035
Trinidad and Tobago,TTO,1983,157.31537
Trinidad and Tobago,TTO,1984,162.44324
Trinidad and Tobago,TTO,1985,166.49252
Trinidad and Tobago,TTO,1986,169.60933
Trinidad and Tobago,TTO,1987,144.30894
Trinidad and Tobago,TTO,1988,102.281944
Trinidad and Tobago,TTO,1989,91.96866
Trinidad and Tobago,TTO,1990,91.65378
Trinidad and Tobago,TTO,1991,99.82871
Trinidad and Tobago,TTO,1992,95.59973
Trinidad and Tobago,TTO,1993,89.777725
Trinidad and Tobago,TTO,1994,95.29609
Trinidad and Tobago,TTO,1995,101.52077
Trinidad and Tobago,TTO,1996,89.97892
Trinidad and Tobago,TTO,1997,80.208
Trinidad and Tobago,TTO,1998,93.77362
Trinidad and Tobago,TTO,1999,92.504814
Trinidad and Tobago,TTO,2000,98.81473
Trinidad and Tobago,TTO,2001,107.22403
Trinidad and Tobago,TTO,2002,108.90685
Trinidad and Tobago,TTO,2003,104.25706
Trinidad and Tobago,TTO,2004,101.66502
Trinidad and Tobago,TTO,2005,95.56458
Trinidad and Tobago,TTO,2006,128.21838
Trinidad and Tobago,TTO,2007,100.60679
Trinidad and Tobago,TTO,2008,86.87716
Trinidad and Tobago,TTO,2009,95.07177
Trinidad and Tobago,TTO,2010,73.079636
Trinidad and Tobago,TTO,2011,71.29949
Trinidad and Tobago,TTO,2012,80.19977
Trinidad and Tobago,TTO,2013,79.30955
Trinidad and Tobago,TTO,2014,89.18969
Trinidad and Tobago,TTO,2015,80.89
Trinidad and Tobago,TTO,2016,87.699936
Trinidad and Tobago,TTO,2017,89.529686
Trinidad and Tobago,TTO,2018,88.34988
Trinidad and Tobago,TTO,2019,94.95949
Trinidad and Tobago,TTO,2020,81.57967
Trinidad and Tobago,TTO,2021,78.79027
Trinidad and Tobago,TTO,2022,77.50985
Trinidad and Tobago,TTO,2023,68.42964
Tunisia,TUN,1961,39.430084
Tunisia,TUN,1962,39.77386
Tunisia,TUN,1963,35.400043
Tunisia,TUN,1964,40.369453
Tunisia,TUN,1965,45.203213
Tunisia,TUN,1966,46.277935
Tunisia,TUN,1967,51.21407
Tunisia,TUN,1968,52.3464
Tunisia,TUN,1969,49.9014
Tunisia,TUN,1970,46.971195
Tunisia,TUN,1971,47.207108
Tunisia,TUN,1972,47.811756
Tunisia,TUN,1973,50.258324
Tunisia,TUN,1974,56.20701
Tunisia,TUN,1975,58.20737
Tunisia,TUN,1976,65.2804
Tunisia,TUN,1977,72.03985
Tunisia,TUN,1978,60.84498
Tunisia,TUN,1979,65.52073
Tunisia,TUN,1980,64.84464
Tunisia,TUN,1981,66.82625
Tunisia,TUN,1982,63.85639
Tunisia,TUN,1983,66.693985
Tunisia,TUN,1984,65.37344
Tunisia,TUN,1985,68.35942
Tunisia,TUN,1986,79.97906
Tunisia,TUN,1987,73.5525
Tunisia,TUN,1988,80.04671
Tunisia,TUN,1989,79.50277
Tunisia,TUN,1990,70.048195
Tunisia,TUN,1991,67.281364
Tunisia,TUN,1992,80.16901
Tunisia,TUN,1993,74.884575
Tunisia,TUN,1994,74.0832
Tunisia,TUN,1995,76.55089
Tunisia,TUN,1996,74.294106
Tunisia,TUN,1997,82.14133
Tunisia,TUN,1998,84.029915
Tunisia,TUN,1999,90.5463
Tunisia,TUN,2000,96.21539
Tunisia,TUN,2001,96.8263
Tunisia,TUN,2002,97.90557
Tunisia,TUN,2003,98.864624
Tunisia,TUN,2004,92.21809
Tunisia,TUN,2005,92.71386
Tunisia,TUN,2006,99.396355
Tunisia,TUN,2007,103.09712
Tunisia,TUN,2008,106.67331
Tunisia,TUN,2009,105.70527
Tunisia,TUN,2010,87.66997
Tunisia,TUN,2011,87.83999
Tunisia,TUN,2012,90.76002
Tunisia,TUN,2013,91.799965
Tunisia,TUN,2014,98.469955
Tunisia,TUN,2015,105.129906
Tunisia,TUN,2016,103.959946
Tunisia,TUN,2017,105.30996
Tunisia,TUN,2018,103.77995
Tunisia,TUN,2019,111.439964
Tunisia,TUN,2020,105.41002
Tunisia,TUN,2021,104.62995
Tunisia,TUN,2022,105.38993
Tunisia,TUN,2023,114.70996
Turkey,TUR,1961,173.85721
Turkey,TUR,1962,174.48735
Turkey,TUR,1963,168.9697
Turkey,TUR,1964,168.38155
Turkey,TUR,1965,163.68697
Turkey,TUR,1966,168.5053
Turkey,TUR,1967,169.50894
Turkey,TUR,1968,165.43968
Turkey,TUR,1969,161.14209
Turkey,TUR,1970,155.35121
Turkey,TUR,1971,157.22388
Turkey,TUR,1972,157.39307
Turkey,TUR,1973,159.90189
Turkey,TUR,1974,159.07808
Turkey,TUR,1975,160.22562
Turkey,TUR,1976,161.1984
Turkey,TUR,1977,163.82759
Turkey,TUR,1978,164.69644
Turkey,TUR,1979,169.79529
Turkey,TUR,1980,169.99152
Turkey,TUR,1981,169.64445
Turkey,TUR,1982,153.75401
Turkey,TUR,1983,144.70497
Turkey,TUR,1984,153.73378
Turkey,TUR,1985,156.74014
Turkey,TUR,1986,155.1134
Turkey,TUR,1987,150.84023
Turkey,TUR,1988,148.16031
Turkey,TUR,1989,141.1188
Turkey,TUR,1990,139.55742
Turkey,TUR,1991,145.7297
Turkey,TUR,1992,144.00798
Turkey,TUR,1993,143.32251
Turkey,TUR,1994,142.75174
Turkey,TUR,1995,141.24033
Turkey,TUR,1996,141.73946
Turkey,TUR,1997,130.82384
Turkey,TUR,1998,127.8116
Turkey,TUR,1999,127.76072
Turkey,TUR,2000,122.11691
Turkey,TUR,2001,116.53028
Turkey,TUR,2002,102.33997
Turkey,TUR,2003,128.3148
Turkey,TUR,2004,127.70323
Turkey,TUR,2005,131.39275
Turkey,TUR,2006,141.21924
Turkey,TUR,2007,142.77463
Turkey,TUR,2008,138.71756
Turkey,TUR,2009,140.57507
Turkey,TUR,2010,124.140015
Turkey,TUR,2011,134.66
Turkey,TUR,2012,153.31001
Turkey,TUR,2013,157.7
Turkey,TUR,2014,157.05998
Turkey,TUR,2015,152.93001
Turkey,TUR,2016,150.51001
Turkey,TUR,2017,160.78998
Turkey,TUR,2018,170.47
Turkey,TUR,2019,176.86
Turkey,TUR,2020,207.69998
Turkey,TUR,2021,206.69998
Turkey,TUR,2022,190.51
Turkey,TUR,2023,186.75
Turkmenistan,TKM,1992,98.71587
Turkmenistan,TKM,1993,129.36035
Turkmenistan,TKM,1994,137.8148
Turkmenistan,TKM,1995,146.58775
Turkmenistan,TKM,1996,137.05429
Turkmenistan,TKM,1997,135.12718
Turkmenistan,TKM,1998,124.15183
Turkmenistan,TKM,1999,131.3553
Turkmenistan,TKM,2000,131.35641
Turkmenistan,TKM,2001,134.99008
Turkmenistan,TKM,2002,138.86397
Turkmenistan,TKM,2003,134.94275
Turkmenistan,TKM,2004,142.39473
Turkmenistan,TKM,2005,141.01361
Turkmenistan,TKM,2006,137.9836
Turkmenistan,TKM,2007,135.2057
Turkmenistan,TKM,2008,132.64256
Turkmenistan,TKM,2009,130.9687
Turkmenistan,TKM,2010,199.23013
Turkmenistan,TKM,2011,199.97025
Turkmenistan,TKM,2012,204.51006
Turkmenistan,TKM,2013,204.21973
Turkmenistan,TKM,2014,232.41975
Turkmenistan,TKM,2015,234.2099
Turkmenistan,TKM,2016,264.11996
Turkmenistan,TKM,2017,265.3898
Turkmenistan,TKM,2018,265.89987
Turkmenistan,TKM,2019,262.3199
Turkmenistan,TKM,2020,273.2098
Turkmenistan,TKM,2021,273.80994
Turkmenistan,TKM,2022,266.99973
Turkmenistan,TKM,2023,278.57013
Tuvalu,TUV,2019,14.837744
Tuvalu,TUV,2020,22.500238
Tuvalu,TUV,2021,32.12434
Tuvalu,TUV,2022,28.108099
Tuvalu,TUV,2023,25.915134
USSR,OWID_USS,1961,157.9574
USSR,OWID_USS,1962,161.5701
USSR,OWID_USS,1963,170.98146
USSR,OWID_USS,1964,164.91122
USSR,OWID_USS,1965,148.54358
USSR,OWID_USS,1966,159.9025
USSR,OWID_USS,1967,175.15599
USSR,OWID_USS,1968,183.06581
USSR,OWID_USS,1969,190.74844
USSR,OWID_USS,1970,195.0926
USSR,OWID_USS,1971,191.29524
USSR,OWID_USS,1972,185.5384
USSR,OWID_USS,1973,168.54349
USSR,OWID_USS,1974,189.13158
USSR,OWID_USS,1975,195.56262
USSR,OWID_USS,1976,192.85207
USSR,OWID_USS,1977,179.60712
USSR,OWID_USS,1978,183.93562
USSR,OWID_USS,1979,179.42125
USSR,OWID_USS,1980,171.36307
USSR,OWID_USS,1981,168.14453
USSR,OWID_USS,1982,162.74716
USSR,OWID_USS,1983,157.96451
USSR,OWID_USS,1984,167.29956
USSR,OWID_USS,1985,172.63393
USSR,OWID_USS,1986,177.35121
USSR,OWID_USS,1987,173.88841
USSR,OWID_USS,1988,174.3721
USSR,OWID_USS,1989,181.63219
USSR,OWID_USS,1990,183.07928
USSR,OWID_USS,1991,153.77495
Uganda,UGA,1961,27.440788
Uganda,UGA,1962,25.203285
Uganda,UGA,1963,25.85609
Uganda,UGA,1964,25.214474
Uganda,UGA,1965,25.46597
Uganda,UGA,1966,24.298498
Uganda,UGA,1967,24.33234
Uganda,UGA,1968,21.824621
Uganda,UGA,1969,24.044626
Uganda,UGA,1970,24.672915
Uganda,UGA,1971,24.1851
Uganda,UGA,1972,24.938356
Uganda,UGA,1973,26.037722
Uganda,UGA,1974,26.63732
Uganda,UGA,1975,25.319426
Uganda,UGA,1976,23.41405
Uganda,UGA,1977,22.784834
Uganda,UGA,1978,29.228132
Uganda,UGA,1979,27.220211
Uganda,UGA,1980,25.55234
Uganda,UGA,1981,26.183535
Uganda,UGA,1982,24.605003
Uganda,UGA,1983,24.728977
Uganda,UGA,1984,24.358858
Uganda,UGA,1985,23.303524
Uganda,UGA,1986,23.555332
Uganda,UGA,1987,21.57094
Uganda,UGA,1988,22.809675
Uganda,UGA,1989,22.493427
Uganda,UGA,1990,23.942354
Uganda,UGA,1991,23.87013
Uganda,UGA,1992,23.58372
Uganda,UGA,1993,23.171919
Uganda,UGA,1994,21.570135
Uganda,UGA,1995,21.73895
Uganda,UGA,1996,21.114025
Uganda,UGA,1997,20.462132
Uganda,UGA,1998,20.85183
Uganda,UGA,1999,20.993908
Uganda,UGA,2000,20.38159
Uganda,UGA,2001,20.215843
Uganda,UGA,2002,26.255062
Uganda,UGA,2003,34.14822
Uganda,UGA,2004,35.00208
Uganda,UGA,2005,38.25441
Uganda,UGA,2006,40.561897
Uganda,UGA,2007,40.590736
Uganda,UGA,2008,40.3643
Uganda,UGA,2009,40.083214
Uganda,UGA,2010,37.97
Uganda,UGA,2011,37.839996
Uganda,UGA,2012,37.760006
Uganda,UGA,2013,37.51999
Uganda,UGA,2014,38.739998
Uganda,UGA,2015,38.560005
Uganda,UGA,2016,36.719997
Uganda,UGA,2017,34.960007
Uganda,UGA,2018,43.65999
Uganda,UGA,2019,34.990005
Uganda,UGA,2020,53.87
Uganda,UGA,2021,53.58
Uganda,UGA,2022,62.29
Uganda,UGA,2023,53.989998
Ukraine,UKR,1992,153.18597
Ukraine,UKR,1993,125.47483
Ukraine,UKR,1994,154.69499
Ukraine,UKR,1995,175.51065
Ukraine,UKR,1996,168.31828
Ukraine,UKR,1997,156.07059
Ukraine,UKR,1998,163.12561
Ukraine,UKR,1999,160.49124
Ukraine,UKR,2000,146.93346
Ukraine,UKR,2001,152.04071
Ukraine,UKR,2002,167.41576
Ukraine,UKR,2003,165.02597
Ukraine,UKR,2004,186.70651
Ukraine,UKR,2005,175.36743
Ukraine,UKR,2006,186.86462
Ukraine,UKR,2007,172.84175
Ukraine,UKR,2008,169.8407
Ukraine,UKR,2009,163.99554
Ukraine,UKR,2010,167.29001
Ukraine,UKR,2011,166.33998
Ukraine,UKR,2012,169.86003
Ukraine,UKR,2013,168.43002
Ukraine,UKR,2014,135.83
Ukraine,UKR,2015,142.16998
Ukraine,UKR,2016,139.32999
Ukraine,UKR,2017,142.91
Ukraine,UKR,2018,156.45003
Ukraine,UKR,2019,174.26004
Ukraine,UKR,2020,177.22002
Ukraine,UKR,2021,146.35
Ukraine,UKR,2022,142.53
Ukraine,UKR,2023,148.52003
United Arab Emirates,ARE,1961,101.42143
United Arab Emirates,ARE,1962,96.67384
United Arab Emirates,ARE,1963,92.81659
United Arab Emirates,ARE,1964,88.75606
United Arab Emirates,ARE,1965,85.60587
United Arab Emirates,ARE,1966,102.56236
United Arab Emirates,ARE,1967,105.88277
United Arab Emirates,ARE,1968,106.80373
United Arab Emirates,ARE,1969,100.434586
United Arab Emirates,ARE,1970,93.114784
United Arab Emirates,ARE,1971,83.87916
United Arab Emirates,ARE,1972,85.01084
United Arab Emirates,ARE,1973,125.33307
United Arab Emirates,ARE,1974,159.22214
United Arab Emirates,ARE,1975,133.9795
United Arab Emirates,ARE,1976,204.5001
United Arab Emirates,ARE,1977,181.17941
United Arab Emirates,ARE,1978,184.6657
United Arab Emirates,ARE,1979,200.88365
United Arab Emirates,ARE,1980,215.22923
United Arab Emirates,ARE,1981,178.86678
United Arab Emirates,ARE,1982,199.26028
United Arab Emirates,ARE,1983,182.11589
United Arab Emirates,ARE,1984,212.86511
United Arab Emirates,ARE,1985,176.40102
United Arab Emirates,ARE,1986,166.63405
United Arab Emirates,ARE,1987,190.39293
United Arab Emirates,ARE,1988,178.10202
United Arab Emirates,ARE,1989,167.19437
United Arab Emirates,ARE,1990,167.79202
United Arab Emirates,ARE,1991,160.54117
United Arab Emirates,ARE,1992,170.6455
United Arab Emirates,ARE,1993,163.42053
United Arab Emirates,ARE,1994,156.21759
United Arab Emirates,ARE,1995,141.54048
United Arab Emirates,ARE,1996,143.06204
United Arab Emirates,ARE,1997,118.27227
United Arab Emirates,ARE,1998,105.97544
United Arab Emirates,ARE,1999,124.39905
United Arab Emirates,ARE,2000,123.566315
United Arab Emirates,ARE,2001,97.58702
United Arab Emirates,ARE,2002,125.22567
United Arab Emirates,ARE,2003,121.992165
United Arab Emirates,ARE,2004,105.42533
United Arab Emirates,ARE,2005,94.43944
United Arab Emirates,ARE,2006,110.77602
United Arab Emirates,ARE,2007,131.4483
United Arab Emirates,ARE,2008,159.69804
United Arab Emirates,ARE,2009,160.64153
United Arab Emirates,ARE,2010,84.72986
United Arab Emirates,ARE,2011,106.38976
United Arab Emirates,ARE,2012,95.949974
United Arab Emirates,ARE,2013,135.87999
United Arab Emirates,ARE,2014,134.03983
United Arab Emirates,ARE,2015,135.99995
United Arab Emirates,ARE,2016,121.62996
United Arab Emirates,ARE,2017,120.72
United Arab Emirates,ARE,2018,147.77
United Arab Emirates,ARE,2019,112.18994
United Arab Emirates,ARE,2020,125.62987
United Arab Emirates,ARE,2021,143.70993
United Arab Emirates,ARE,2022,113.88005
United Arab Emirates,ARE,2023,110.82991
United Kingdom,GBR,1961,228.79904
United Kingdom,GBR,1962,234.13687
United Kingdom,GBR,1963,235.46236
United Kingdom,GBR,1964,238.69888
United Kingdom,GBR,1965,233.82329
United Kingdom,GBR,1966,227.40381
United Kingdom,GBR,1967,226.97903
United Kingdom,GBR,1968,228.71019
United Kingdom,GBR,1969,230.28403
United Kingdom,GBR,1970,232.31252
United Kingdom,GBR,1971,221.80421
United Kingdom,GBR,1972,225.4721
United Kingdom,GBR,1973,226.65703
United Kingdom,GBR,1974,227.73119
United Kingdom,GBR,1975,238.99081
United Kingdom,GBR,1976,231.94157
United Kingdom,GBR,1977,228.7761
United Kingdom,GBR,1978,222.99559
United Kingdom,GBR,1979,228.2419
United Kingdom,GBR,1980,223.32552
United Kingdom,GBR,1981,227.7559
United Kingdom,GBR,1982,232.10861
United Kingdom,GBR,1983,230.37927
United Kingdom,GBR,1984,237.3615
United Kingdom,GBR,1985,234.68933
United Kingdom,GBR,1986,233.83658
United Kingdom,GBR,1987,230.32703
United Kingdom,GBR,1988,228.61009
United Kingdom,GBR,1989,237.34586
United Kingdom,GBR,1990,232.52133
United Kingdom,GBR,1991,227.21786
United Kingdom,GBR,1992,222.43675
United Kingdom,GBR,1993,217.69516
United Kingdom,GBR,1994,215.67645
United Kingdom,GBR,1995,216.22679
United Kingdom,GBR,1996,236.30388
United Kingdom,GBR,1997,237.67256
United Kingdom,GBR,1998,231.77959
United Kingdom,GBR,1999,231.14177
United Kingdom,GBR,2000,221.07706
United Kingdom,GBR,2001,227.41045
United Kingdom,GBR,2002,232.44846
United Kingdom,GBR,2003,242.09879
United Kingdom,GBR,2004,235.4339
United Kingdom,GBR,2005,247.6831
United Kingdom,GBR,2006,238.31992
United Kingdom,GBR,2007,238.90424
United Kingdom,GBR,2008,243.31476
United Kingdom,GBR,2009,234.21042
United Kingdom,GBR,2010,236.86
United Kingdom,GBR,2011,233.52002
United Kingdom,GBR,2012,234.90997
United Kingdom,GBR,2013,233.67001
United Kingdom,GBR,2014,284.29004
United Kingdom,GBR,2015,290.61
United Kingdom,GBR,2016,280.59
United Kingdom,GBR,2017,281.06998
United Kingdom,GBR,2018,284.83
United Kingdom,GBR,2019,250.94002
United Kingdom,GBR,2020,230.76
United Kingdom,GBR,2021,227.36
United Kingdom,GBR,2022,231.93001
United Kingdom,GBR,2023,236.72998
United States,USA,1961,274.0688
United States,USA,1962,264.16153
United States,USA,1963,264.76666
United States,USA,1964,264.32697
United States,USA,1965,259.4184
United States,USA,1966,258.25558
United States,USA,1967,249.65521
United States,USA,1968,249.3147
United States,USA,1969,248.89186
United States,USA,1970,245.2071
United States,USA,1971,245.82347
United States,USA,1972,246.97372
United States,USA,1973,247.14969
United States,USA,1974,238.01743
United States,USA,1975,231.88727
United States,USA,1976,240.28224
United States,USA,1977,239.77165
United States,USA,1978,240.0847
United States,USA,1979,242.34009
United States,USA,1980,238.71912
United States,USA,1981,239.53668
United States,USA,1982,243.71596
United States,USA,1983,248.128
United States,USA,1984,246.85518
United States,USA,1985,256.00006
United States,USA,1986,257.58554
United States,USA,1987,263.2865
United States,USA,1988,255.19058
United States,USA,1989,252.32794
United States,USA,1990,257.8485
United States,USA,1991,257.32617
United States,USA,1992,260.54614
United States,USA,1993,255.17607
United States,USA,1994,258.62503
United States,USA,1995,259.7893
United States,USA,1996,255.29948
United States,USA,1997,253.76161
United States,USA,1998,253.57434
United States,USA,1999,256.67194
United States,USA,2000,259.73825
United States,USA,2001,262.9553
United States,USA,2002,265.8881
United States,USA,2003,263.60754
United States,USA,2004,259.60278
United States,USA,2005,260.00586
United States,USA,2006,255.50873
United States,USA,2007,259.57
United States,USA,2008,254.7914
United States,USA,2009,257.92386
United States,USA,2010,222.39
United States,USA,2011,214.98001
United States,USA,2012,217.95
United States,USA,2013,217.84
United States,USA,2014,216.88
United States,USA,2015,217.54
United States,USA,2016,221.87001
United States,USA,2017,221.9
United States,USA,2018,224.29
United States,USA,2019,225.76
United States,USA,2020,225.02
United States,USA,2021,229.87
United States,USA,2022,228.70001
United States,USA,2023,226.30002
Upper-middle-income countries,OWID_UMC,1961,48.64544
Upper-middle-income countries,OWID_UMC,1962,49.26617
Upper-middle-income countries,OWID_UMC,1963,50.48721
Upper-middle-income countries,OWID_UMC,1964,49.599712
Upper-middle-income countries,OWID_UMC,1965,46.991203
Upper-middle-income countries,OWID_UMC,1966,49.353733
Upper-middle-income countries,OWID_UMC,1967,51.46349
Upper-middle-income countries,OWID_UMC,1968,52.727406
Upper-middle-income countries,OWID_UMC,1969,53.077896
Upper-middle-income countries,OWID_UMC,1970,53.41627
Upper-middle-income countries,OWID_UMC,1971,52.66346
Upper-middle-income countries,OWID_UMC,1972,51.855816
Upper-middle-income countries,OWID_UMC,1973,49.618904
Upper-middle-income countries,OWID_UMC,1974,53.460815
Upper-middle-income countries,OWID_UMC,1975,54.50133
Upper-middle-income countries,OWID_UMC,1976,54.8878
Upper-middle-income countries,OWID_UMC,1977,53.20298
Upper-middle-income countries,OWID_UMC,1978,53.28999
Upper-middle-income countries,OWID_UMC,1979,53.26401
Upper-middle-income countries,OWID_UMC,1980,53.97795
Upper-middle-income countries,OWID_UMC,1981,52.70566
Upper-middle-income countries,OWID_UMC,1982,51.37599
Upper-middle-income countries,OWID_UMC,1983,50.26963
Upper-middle-income countries,OWID_UMC,1984,51.735767
Upper-middle-income countries,OWID_UMC,1985,52.586903
Upper-middle-income countries,OWID_UMC,1986,53.101543
Upper-middle-income countries,OWID_UMC,1987,52.77278
Upper-middle-income countries,OWID_UMC,1988,52.248554
Upper-middle-income countries,OWID_UMC,1989,52.994656
Upper-middle-income countries,OWID_UMC,1990,53.097454
Upper-middle-income countries,OWID_UMC,1991,49.354813
Upper-middle-income countries,OWID_UMC,1992,39.355164
Upper-middle-income countries,OWID_UMC,1993,38.372494
Upper-middle-income countries,OWID_UMC,1994,39.865852
Upper-middle-income countries,OWID_UMC,1995,42.02846
Upper-middle-income countries,OWID_UMC,1996,42.210026
Upper-middle-income countries,OWID_UMC,1997,41.77343
Upper-middle-income countries,OWID_UMC,1998,42.29186
Upper-middle-income countries,OWID_UMC,1999,43.15415
Upper-middle-income countries,OWID_UMC,2000,43.412533
Upper-middle-income countries,OWID_UMC,2001,44.09507
Upper-middle-income countries,OWID_UMC,2002,45.2557
Upper-middle-income countries,OWID_UMC,2003,47.24551
Upper-middle-income countries,OWID_UMC,2004,50.34458
Upper-middle-income countries,OWID_UMC,2005,52.794853
Upper-middle-income countries,OWID_UMC,2006,55.95511
Upper-middle-income countries,OWID_UMC,2007,56.77417
Upper-middle-income countries,OWID_UMC,2008,57.998096
Upper-middle-income countries,OWID_UMC,2009,58.809532
Upper-middle-income countries,OWID_UMC,2010,57.349583
Upper-middle-income countries,OWID_UMC,2011,58.67836
Upper-middle-income countries,OWID_UMC,2012,60.224598
Upper-middle-income countries,OWID_UMC,2013,60.2035
Upper-middle-income countries,OWID_UMC,2014,61.813206
Upper-middle-income countries,OWID_UMC,2015,59.079086
Upper-middle-income countries,OWID_UMC,2016,58.53921
Upper-middle-income countries,OWID_UMC,2017,58.68182
Upper-middle-income countries,OWID_UMC,2018,59.42596
Upper-middle-income countries,OWID_UMC,2019,62.00549
Upper-middle-income countries,OWID_UMC,2020,63.95894
Upper-middle-income countries,OWID_UMC,2021,65.730705
Upper-middle-income countries,OWID_UMC,2022,65.48499
Upper-middle-income countries,OWID_UMC,2023,66.51239
Uruguay,URY,1961,198.75916
Uruguay,URY,1962,197.93378
Uruguay,URY,1963,201.02698
Uruguay,URY,1964,192.76682
Uruguay,URY,1965,195.04074
Uruguay,URY,1966,194.12395
Uruguay,URY,1967,157.94757
Uruguay,URY,1968,181.35286
Uruguay,URY,1969,190.84492
Uruguay,URY,1970,186.59422
Uruguay,URY,1971,169.54419
Uruguay,URY,1972,176.84207
Uruguay,URY,1973,163.27386
Uruguay,URY,1974,173.62877
Uruguay,URY,1975,181.19981
Uruguay,URY,1976,182.97975
Uruguay,URY,1977,172.99297
Uruguay,URY,1978,181.49275
Uruguay,URY,1979,199.42651
Uruguay,URY,1980,182.43051
Uruguay,URY,1981,185.76201
Uruguay,URY,1982,182.74059
Uruguay,URY,1983,161.97035
Uruguay,URY,1984,173.32016
Uruguay,URY,1985,173.38963
Uruguay,URY,1986,180.66997
Uruguay,URY,1987,192.04654
Uruguay,URY,1988,178.39062
Uruguay,URY,1989,175.3759
Uruguay,URY,1990,160.01793
Uruguay,URY,1991,181.56902
Uruguay,URY,1992,181.87175
Uruguay,URY,1993,161.85257
Uruguay,URY,1994,202.54187
Uruguay,URY,1995,197.20407
Uruguay,URY,1996,219.71893
Uruguay,URY,1997,195.2747
Uruguay,URY,1998,187.4008
Uruguay,URY,1999,202.37247
Uruguay,URY,2000,217.02028
Uruguay,URY,2001,238.89725
Uruguay,URY,2002,198.6832
Uruguay,URY,2003,208.31488
Uruguay,URY,2004,177.9161
Uruguay,URY,2005,186.01436
Uruguay,URY,2006,180.58588
Uruguay,URY,2007,225.23096
Uruguay,URY,2008,211.33427
Uruguay,URY,2009,225.38774
Uruguay,URY,2010,160.97995
Uruguay,URY,2011,168.15955
Uruguay,URY,2012,162.5897
Uruguay,URY,2013,163.68024
Uruguay,URY,2014,173.05933
Uruguay,URY,2015,178.7099
Uruguay,URY,2016,165.52005
Uruguay,URY,2017,168.0498
Uruguay,URY,2018,199.33952
Uruguay,URY,2019,206.13025
Uruguay,URY,2020,204.93024
Uruguay,URY,2021,217.0198
Uruguay,URY,2022,213.2698
Uruguay,URY,2023,223.3598
Uzbekistan,UZB,1992,149.42935
Uzbekistan,UZB,1993,154.76625
Uzbekistan,UZB,1994,151.01295
Uzbekistan,UZB,1995,139.75345
Uzbekistan,UZB,1996,138.95245
Uzbekistan,UZB,1997,139.70227
Uzbekistan,UZB,1998,142.34242
Uzbekistan,UZB,1999,138.03639
Uzbekistan,UZB,2000,137.87292
Uzbekistan,UZB,2001,136.24728
Uzbekistan,UZB,2002,138.66881
Uzbekistan,UZB,2003,136.9472
Uzbekistan,UZB,2004,137.11526
Uzbekistan,UZB,2005,140.73871
Uzbekistan,UZB,2006,139.53336
Uzbekistan,UZB,2007,141.45122
Uzbekistan,UZB,2008,135.51413
Uzbekistan,UZB,2009,133.9779
Uzbekistan,UZB,2010,173.44
Uzbekistan,UZB,2011,188.55003
Uzbekistan,UZB,2012,199.91995
Uzbekistan,UZB,2013,211.08997
Uzbekistan,UZB,2014,227.55997
Uzbekistan,UZB,2015,235.36
Uzbekistan,UZB,2016,242.11005
Uzbekistan,UZB,2017,244.70006
Uzbekistan,UZB,2018,247.82002
Uzbekistan,UZB,2019,247.14
Uzbekistan,UZB,2020,253.59999
Uzbekistan,UZB,2021,257.19003
Uzbekistan,UZB,2022,271.20007
Uzbekistan,UZB,2023,275.61996
Vanuatu,VUT,1961,14.100393
Vanuatu,VUT,1962,16.085527
Vanuatu,VUT,1963,16.659304
Vanuatu,VUT,1964,17.5036
Vanuatu,VUT,1965,19.17284
Vanuatu,VUT,1966,20.824228
Vanuatu,VUT,1967,21.94806
Vanuatu,VUT,1968,23.38358
Vanuatu,VUT,1969,24.690939
Vanuatu,VUT,1970,26.046846
Vanuatu,VUT,1971,27.742262
Vanuatu,VUT,1972,28.151194
Vanuatu,VUT,1973,29.17238
Vanuatu,VUT,1974,32.608227
Vanuatu,VUT,1975,31.658823
Vanuatu,VUT,1976,25.829191
Vanuatu,VUT,1977,27.117805
Vanuatu,VUT,1978,27.136024
Vanuatu,VUT,1979,71.55137
Vanuatu,VUT,1980,31.315577
Vanuatu,VUT,1981,20.486015
Vanuatu,VUT,1982,26.378881
Vanuatu,VUT,1983,27.227144
Vanuatu,VUT,1984,26.443972
Vanuatu,VUT,1985,27.540558
Vanuatu,VUT,1986,23.778236
Vanuatu,VUT,1987,27.169075
Vanuatu,VUT,1988,27.381525
Vanuatu,VUT,1989,21.567343
Vanuatu,VUT,1990,21.185362
Vanuatu,VUT,1991,22.450018
Vanuatu,VUT,1992,21.41448
Vanuatu,VUT,1993,21.289856
Vanuatu,VUT,1994,25.213314
Vanuatu,VUT,1995,20.885048
Vanuatu,VUT,1996,29.46398
Vanuatu,VUT,1997,25.833439
Vanuatu,VUT,1998,26.591894
Vanuatu,VUT,1999,25.123425
Vanuatu,VUT,2000,25.134735
Vanuatu,VUT,2001,18.400707
Vanuatu,VUT,2002,19.610865
Vanuatu,VUT,2003,19.41826
Vanuatu,VUT,2004,19.89228
Vanuatu,VUT,2005,20.347485
Vanuatu,VUT,2006,24.682203
Vanuatu,VUT,2007,29.417374
Vanuatu,VUT,2008,28.280184
Vanuatu,VUT,2009,27.006573
Vanuatu,VUT,2010,26.57933
Vanuatu,VUT,2011,30.118393
Vanuatu,VUT,2012,24.858603
Vanuatu,VUT,2013,24.558552
Vanuatu,VUT,2014,24.349344
Vanuatu,VUT,2015,26.04853
Vanuatu,VUT,2016,25.709337
Vanuatu,VUT,2017,25.48927
Vanuatu,VUT,2018,24.558882
Vanuatu,VUT,2019,22.188862
Vanuatu,VUT,2020,20.829512
Vanuatu,VUT,2021,26.23897
Vanuatu,VUT,2022,24.489138
Vanuatu,VUT,2023,26.539007
Venezuela,VEN,1961,109.046165
Venezuela,VEN,1962,104.87403
Venezuela,VEN,1963,104.86805
Venezuela,VEN,1964,107.21907
Venezuela,VEN,1965,97.22742
Venezuela,VEN,1966,91.24684
Venezuela,VEN,1967,86.70433
Venezuela,VEN,1968,89.949066
Venezuela,VEN,1969,95.50604
Venezuela,VEN,1970,96.16743
Venezuela,VEN,1971,97.81594
Venezuela,VEN,1972,96.961395
Venezuela,VEN,1973,106.106834
Venezuela,VEN,1974,99.33338
Venezuela,VEN,1975,117.34665
Venezuela,VEN,1976,120.86219
Venezuela,VEN,1977,158.99066
Venezuela,VEN,1978,152.36838
Venezuela,VEN,1979,148.61186
Venezuela,VEN,1980,144.23007
Venezuela,VEN,1981,154.69406
Venezuela,VEN,1982,150.48885
Venezuela,VEN,1983,128.0284
Venezuela,VEN,1984,140.63577
Venezuela,VEN,1985,126.538795
Venezuela,VEN,1986,107.43181
Venezuela,VEN,1987,121.73753
Venezuela,VEN,1988,145.74437
Venezuela,VEN,1989,107.44151
Venezuela,VEN,1990,85.49752
Venezuela,VEN,1991,104.1575
Venezuela,VEN,1992,102.479485
Venezuela,VEN,1993,100.411446
Venezuela,VEN,1994,87.14437
Venezuela,VEN,1995,88.94007
Venezuela,VEN,1996,85.73049
Venezuela,VEN,1997,85.16678
Venezuela,VEN,1998,90.92181
Venezuela,VEN,1999,84.78943
Venezuela,VEN,2000,83.94175
Venezuela,VEN,2001,80.324936
Venezuela,VEN,2002,75.12849
Venezuela,VEN,2003,80.44155
Venezuela,VEN,2004,83.5759
Venezuela,VEN,2005,68.11759
Venezuela,VEN,2006,79.30174
Venezuela,VEN,2007,102.934685
Venezuela,VEN,2008,133.0437
Venezuela,VEN,2009,127.41505
Venezuela,VEN,2010,137.49
Venezuela,VEN,2011,138.67995
Venezuela,VEN,2012,142.42
Venezuela,VEN,2013,125.960014
Venezuela,VEN,2014,133.26
Venezuela,VEN,2015,134.05002
Venezuela,VEN,2016,95.97001
Venezuela,VEN,2017,78.82997
Venezuela,VEN,2018,89.99
Venezuela,VEN,2019,93.360016
Venezuela,VEN,2020,99.1
Venezuela,VEN,2021,116.71
Venezuela,VEN,2022,123.00002
Venezuela,VEN,2023,124.629944
Vietnam,VNM,1961,1.9494208
Vietnam,VNM,1962,1.9469002
Vietnam,VNM,1963,2.349126
Vietnam,VNM,1964,2.9494061
Vietnam,VNM,1965,2.8267562
Vietnam,VNM,1966,6.259876
Vietnam,VNM,1967,3.158248
Vietnam,VNM,1968,3.9520342
Vietnam,VNM,1969,4.889352
Vietnam,VNM,1970,6.133281
Vietnam,VNM,1971,4.524576
Vietnam,VNM,1972,3.8092093
Vietnam,VNM,1973,3.2399855
Vietnam,VNM,1974,3.1558242
Vietnam,VNM,1975,2.6976852
Vietnam,VNM,1976,2.445722
Vietnam,VNM,1977,2.8440266
Vietnam,VNM,1978,4.284273
Vietnam,VNM,1979,4.0327806
Vietnam,VNM,1980,1.6629086
Vietnam,VNM,1981,1.1811159
Vietnam,VNM,1982,1.3899274
Vietnam,VNM,1983,1.0968562
Vietnam,VNM,1984,1.1901573
Vietnam,VNM,1985,1.1692555
Vietnam,VNM,1986,1.473972
Vietnam,VNM,1987,1.3410511
Vietnam,VNM,1988,1.8370713
Vietnam,VNM,1989,1.030196
Vietnam,VNM,1990,1.3886242
Vietnam,VNM,1991,2.1049821
Vietnam,VNM,1992,2.3067396
Vietnam,VNM,1993,3.5423543
Vietnam,VNM,1994,7.2791705
Vietnam,VNM,1995,4.0304875
Vietnam,VNM,1996,4.3986053
Vietnam,VNM,1997,2.7075286
Vietnam,VNM,1998,4.613951
Vietnam,VNM,1999,6.0319357
Vietnam,VNM,2000,8.596851
Vietnam,VNM,2001,11.645719
Vietnam,VNM,2002,7.5241575
Vietnam,VNM,2003,9.868628
Vietnam,VNM,2004,9.678431
Vietnam,VNM,2005,11.7121525
Vietnam,VNM,2006,11.39579
Vietnam,VNM,2007,11.891113
Vietnam,VNM,2008,8.626551
Vietnam,VNM,2009,11.343786
Vietnam,VNM,2010,31.06
Vietnam,VNM,2011,39.77
Vietnam,VNM,2012,46.590004
Vietnam,VNM,2013,36.16
Vietnam,VNM,2014,38.77
Vietnam,VNM,2015,44.709995
Vietnam,VNM,2016,50.33
Vietnam,VNM,2017,47.81
Vietnam,VNM,2018,51.3
Vietnam,VNM,2019,48.52
Vietnam,VNM,2020,48.249996
Vietnam,VNM,2021,53.91
Vietnam,VNM,2022,41.079998
Vietnam,VNM,2023,37.38
Western Africa (FAO),,1961,12.82
Western Africa (FAO),,1962,13.1
Western Africa (FAO),,1963,13.36
Western Africa (FAO),,1964,13.79
Western Africa (FAO),,1965,14.7
Western Africa (FAO),,1966,14.91
Western Africa (FAO),,1967,14.82
Western Africa (FAO),,1968,15.2
Western Africa (FAO),,1969,16.24
Western Africa (FAO),,1970,17.29
Western Africa (FAO),,1971,17.44
Western Africa (FAO),,1972,15.35
Western Africa (FAO),,1973,14.38
Western Africa (FAO),,1974,14.42
Western Africa (FAO),,1975,16.12
Western Africa (FAO),,1976,16.9
Western Africa (FAO),,1977,20.07
Western Africa (FAO),,1978,21.6
Western Africa (FAO),,1979,19.15
Western Africa (FAO),,1980,21.12
Western Africa (FAO),,1981,21.73
Western Africa (FAO),,1982,21.03
Western Africa (FAO),,1983,19.52
Western Africa (FAO),,1984,17.23
Western Africa (FAO),,1985,15.91
Western Africa (FAO),,1986,14.8
Western Africa (FAO),,1987,15.1
Western Africa (FAO),,1988,14.36
Western Africa (FAO),,1989,13.22
Western Africa (FAO),,1990,14.69
Western Africa (FAO),,1991,15.45
Western Africa (FAO),,1992,15.79
Western Africa (FAO),,1993,16.14
Western Africa (FAO),,1994,12.72
Western Africa (FAO),,1995,17.42
Western Africa (FAO),,1996,12.53
Western Africa (FAO),,1997,12.42
Western Africa (FAO),,1998,13.39
Western Africa (FAO),,1999,13.36
Western Africa (FAO),,2000,13.89
Western Africa (FAO),,2001,13.98
Western Africa (FAO),,2002,14.52
Western Africa (FAO),,2003,16.06
Western Africa (FAO),,2004,17
Western Africa (FAO),,2005,17.2
Western Africa (FAO),,2006,18.26
Western Africa (FAO),,2007,20.73
Western Africa (FAO),,2008,18.3
Western Africa (FAO),,2009,19.27
Western Africa (FAO),,2010,17.7
Western Africa (FAO),,2011,17.47
Western Africa (FAO),,2012,17.03
Western Africa (FAO),,2013,15.72
Western Africa (FAO),,2014,16.63
Western Africa (FAO),,2015,15.62
Western Africa (FAO),,2016,15.34
Western Africa (FAO),,2017,14.77
Western Africa (FAO),,2018,14.49
Western Africa (FAO),,2019,14.91
Western Africa (FAO),,2020,14.65
Western Africa (FAO),,2021,14.9
Western Africa (FAO),,2022,13.22
Western Africa (FAO),,2023,12.35
Western Asia (FAO),,1961,123.64
Western Asia (FAO),,1962,124.62
Western Asia (FAO),,1963,121.44
Western Asia (FAO),,1964,121.9
Western Asia (FAO),,1965,119.14
Western Asia (FAO),,1966,122.54
Western Asia (FAO),,1967,123.25
Western Asia (FAO),,1968,123.25
Western Asia (FAO),,1969,120.87
Western Asia (FAO),,1970,117.02
Western Asia (FAO),,1971,118.08
Western Asia (FAO),,1972,118.07
Western Asia (FAO),,1973,119.99
Western Asia (FAO),,1974,119.77
Western Asia (FAO),,1975,118.94
Western Asia (FAO),,1976,122.45
Western Asia (FAO),,1977,126.48
Western Asia (FAO),,1978,128.54
Western Asia (FAO),,1979,135.92
Western Asia (FAO),,1980,135.43
Western Asia (FAO),,1981,135.35
Western Asia (FAO),,1982,127.12
Western Asia (FAO),,1983,122.41
Western Asia (FAO),,1984,130.87
Western Asia (FAO),,1985,127.63
Western Asia (FAO),,1986,125.08
Western Asia (FAO),,1987,121.5
Western Asia (FAO),,1988,122.5
Western Asia (FAO),,1989,113.67
Western Asia (FAO),,1990,112.35
Western Asia (FAO),,1991,109.38
Western Asia (FAO),,1992,99.52
Western Asia (FAO),,1993,98.59
Western Asia (FAO),,1994,99.31
Western Asia (FAO),,1995,99.85
Western Asia (FAO),,1996,102.77
Western Asia (FAO),,1997,98.06
Western Asia (FAO),,1998,97.22
Western Asia (FAO),,1999,101.97
Western Asia (FAO),,2000,99.54
Western Asia (FAO),,2001,96.16
Western Asia (FAO),,2002,90.73
Western Asia (FAO),,2003,101.06
Western Asia (FAO),,2004,100.02
Western Asia (FAO),,2005,100.7
Western Asia (FAO),,2006,102.29
Western Asia (FAO),,2007,101.77
Western Asia (FAO),,2008,104.39
Western Asia (FAO),,2009,104.8
Western Asia (FAO),,2010,96
Western Asia (FAO),,2011,104.03
Western Asia (FAO),,2012,108.06
Western Asia (FAO),,2013,110.61
Western Asia (FAO),,2014,119.28
Western Asia (FAO),,2015,117.27
Western Asia (FAO),,2016,115.33
Western Asia (FAO),,2017,118.8
Western Asia (FAO),,2018,121.46
Western Asia (FAO),,2019,121.95
Western Asia (FAO),,2020,131.17
Western Asia (FAO),,2021,129.7
Western Asia (FAO),,2022,114.36
Western Asia (FAO),,2023,117.38
Western Europe (FAO),,1961,202.95
Western Europe (FAO),,1962,202.83
Western Europe (FAO),,1963,206.05
Western Europe (FAO),,1964,205.69
Western Europe (FAO),,1965,207.51
Western Europe (FAO),,1966,205.31
Western Europe (FAO),,1967,210.98
Western Europe (FAO),,1968,215.29
Western Europe (FAO),,1969,210.82
Western Europe (FAO),,1970,213.22
Western Europe (FAO),,1971,212.18
Western Europe (FAO),,1972,214.99
Western Europe (FAO),,1973,217.24
Western Europe (FAO),,1974,218.14
Western Europe (FAO),,1975,213.66
Western Europe (FAO),,1976,219.38
Western Europe (FAO),,1977,225.72
Western Europe (FAO),,1978,231.45
Western Europe (FAO),,1979,237.89
Western Europe (FAO),,1980,241.69
Western Europe (FAO),,1981,243.15
Western Europe (FAO),,1982,245.22
Western Europe (FAO),,1983,255.6
Western Europe (FAO),,1984,260.63
Western Europe (FAO),,1985,262.54
Western Europe (FAO),,1986,260.41
Western Europe (FAO),,1987,263.47
Western Europe (FAO),,1988,262.34
Western Europe (FAO),,1989,259.22
Western Europe (FAO),,1990,249.56
Western Europe (FAO),,1991,262.89
Western Europe (FAO),,1992,258.36
Western Europe (FAO),,1993,251.42
Western Europe (FAO),,1994,254.44
Western Europe (FAO),,1995,261.92
Western Europe (FAO),,1996,251.18
Western Europe (FAO),,1997,256.35
Western Europe (FAO),,1998,253.05
Western Europe (FAO),,1999,258.21
Western Europe (FAO),,2000,256.11
Western Europe (FAO),,2001,263.16
Western Europe (FAO),,2002,271.07
Western Europe (FAO),,2003,267.37
Western Europe (FAO),,2004,260.81
Western Europe (FAO),,2005,261.99
Western Europe (FAO),,2006,265.5
Western Europe (FAO),,2007,266.3
Western Europe (FAO),,2008,257.03
Western Europe (FAO),,2009,266.16
Western Europe (FAO),,2010,190.94
Western Europe (FAO),,2011,194.5
Western Europe (FAO),,2012,189.84
Western Europe (FAO),,2013,191.05
Western Europe (FAO),,2014,191.62
Western Europe (FAO),,2015,196.45
Western Europe (FAO),,2016,201.27
Western Europe (FAO),,2017,205.19
Western Europe (FAO),,2018,202.63
Western Europe (FAO),,2019,230.77
Western Europe (FAO),,2020,237.29
Western Europe (FAO),,2021,240.62
Western Europe (FAO),,2022,240.64
Western Europe (FAO),,2023,246.02
World,OWID_WRL,1961,75.12821
World,OWID_WRL,1962,74.55203
World,OWID_WRL,1963,75.42149
World,OWID_WRL,1964,74.500435
World,OWID_WRL,1965,72.79291
World,OWID_WRL,1966,73.86971
World,OWID_WRL,1967,74.63225
World,OWID_WRL,1968,75.56933
World,OWID_WRL,1969,75.57904
World,OWID_WRL,1970,74.95178
World,OWID_WRL,1971,74.533516
World,OWID_WRL,1972,74.245674
World,OWID_WRL,1973,73.223404
World,OWID_WRL,1974,74.65806
World,OWID_WRL,1975,74.16984
World,OWID_WRL,1976,75.4086
World,OWID_WRL,1977,75.29041
World,OWID_WRL,1978,75.53744
World,OWID_WRL,1979,76.31734
World,OWID_WRL,1980,76.00739
World,OWID_WRL,1981,75.566414
World,OWID_WRL,1982,75.31689
World,OWID_WRL,1983,75.74888
World,OWID_WRL,1984,76.4118
World,OWID_WRL,1985,77.85975
World,OWID_WRL,1986,77.65674
World,OWID_WRL,1987,77.437836
World,OWID_WRL,1988,76.58393
World,OWID_WRL,1989,76.67038
World,OWID_WRL,1990,75.9239
World,OWID_WRL,1991,74.356705
World,OWID_WRL,1992,72.72441
World,OWID_WRL,1993,72.64268
World,OWID_WRL,1994,73.60594
World,OWID_WRL,1995,75.010414
World,OWID_WRL,1996,75.57496
World,OWID_WRL,1997,75.16811
World,OWID_WRL,1998,75.7629
World,OWID_WRL,1999,76.75598
World,OWID_WRL,2000,76.29525
World,OWID_WRL,2001,76.63894
World,OWID_WRL,2002,77.8757
World,OWID_WRL,2003,78.53368
World,OWID_WRL,2004,79.44488
World,OWID_WRL,2005,80.947075
World,OWID_WRL,2006,82.16393
World,OWID_WRL,2007,83.726906
World,OWID_WRL,2008,83.936264
World,OWID_WRL,2009,84.681465
World,OWID_WRL,2010,72.76391
World,OWID_WRL,2011,73.59641
World,OWID_WRL,2012,74.96355
World,OWID_WRL,2013,74.49089
World,OWID_WRL,2014,76.01085
World,OWID_WRL,2015,75.70372
World,OWID_WRL,2016,76.42284
World,OWID_WRL,2017,77.17603
World,OWID_WRL,2018,78.730644
World,OWID_WRL,2019,81.62932
World,OWID_WRL,2020,83.50362
World,OWID_WRL,2021,85.766624
World,OWID_WRL,2022,86.20398
World,OWID_WRL,2023,86.97962
Yemen,YEM,1961,23.439314
Yemen,YEM,1962,23.8606
Yemen,YEM,1963,23.86024
Yemen,YEM,1964,24.704456
Yemen,YEM,1965,25.865545
Yemen,YEM,1966,24.454525
Yemen,YEM,1967,25.966686
Yemen,YEM,1968,19.402906
Yemen,YEM,1969,21.265423
Yemen,YEM,1970,17.328085
Yemen,YEM,1971,15.8829975
Yemen,YEM,1972,16.272907
Yemen,YEM,1973,16.410904
Yemen,YEM,1974,16.44951
Yemen,YEM,1975,18.224325
Yemen,YEM,1976,19.05926
Yemen,YEM,1977,28.51757
Yemen,YEM,1978,35.17159
Yemen,YEM,1979,37.805042
Yemen,YEM,1980,34.160473
Yemen,YEM,1981,41.68579
Yemen,YEM,1982,45.86402
Yemen,YEM,1983,46.881023
Yemen,YEM,1984,48.019028
Yemen,YEM,1985,47.219337
Yemen,YEM,1986,46.20901
Yemen,YEM,1987,36.666683
Yemen,YEM,1988,44.711594
Yemen,YEM,1989,40.056705
Yemen,YEM,1990,35.332996
Yemen,YEM,1991,38.604946
Yemen,YEM,1992,23.324945
Yemen,YEM,1993,32.165657
Yemen,YEM,1994,24.08839
Yemen,YEM,1995,21.970703
Yemen,YEM,1996,23.917604
Yemen,YEM,1997,24.73423
Yemen,YEM,1998,29.686947
Yemen,YEM,1999,27.672033
Yemen,YEM,2000,30.011408
Yemen,YEM,2001,28.899849
Yemen,YEM,2002,28.53645
Yemen,YEM,2003,34.75356
Yemen,YEM,2004,32.878944
Yemen,YEM,2005,33.35151
Yemen,YEM,2006,32.270264
Yemen,YEM,2007,34.928654
Yemen,YEM,2008,32.333088
Yemen,YEM,2009,37.964935
Yemen,YEM,2010,32.550007
Yemen,YEM,2011,29.379997
Yemen,YEM,2012,32.919994
Yemen,YEM,2013,32.38999
Yemen,YEM,2014,33.92
Yemen,YEM,2015,24.810001
Yemen,YEM,2016,25.509989
Yemen,YEM,2017,29.919998
Yemen,YEM,2018,16.85
Yemen,YEM,2019,30.689995
Yemen,YEM,2020,36.999992
Yemen,YEM,2021,38.639996
Yemen,YEM,2022,24.54
Yemen,YEM,2023,32.8
Yugoslavia,OWID_YGS,1961,122.16419
Yugoslavia,OWID_YGS,1962,120.72565
Yugoslavia,OWID_YGS,1963,114.73796
Yugoslavia,OWID_YGS,1964,116.52749
Yugoslavia,OWID_YGS,1965,115.85475
Yugoslavia,OWID_YGS,1966,122.62316
Yugoslavia,OWID_YGS,1967,127.20425
Yugoslavia,OWID_YGS,1968,126.55491
Yugoslavia,OWID_YGS,1969,127.31886
Yugoslavia,OWID_YGS,1970,125.76788
Yugoslavia,OWID_YGS,1971,123.37953
Yugoslavia,OWID_YGS,1972,135.12166
Yugoslavia,OWID_YGS,1973,142.82068
Yugoslavia,OWID_YGS,1974,143.09439
Yugoslavia,OWID_YGS,1975,150.84427
Yugoslavia,OWID_YGS,1976,165.63768
Yugoslavia,OWID_YGS,1977,163.58643
Yugoslavia,OWID_YGS,1978,166.64574
Yugoslavia,OWID_YGS,1979,171.89752
Yugoslavia,OWID_YGS,1980,176.33131
Yugoslavia,OWID_YGS,1981,168.74709
Yugoslavia,OWID_YGS,1982,172.44946
Yugoslavia,OWID_YGS,1983,173.90924
Yugoslavia,OWID_YGS,1984,163.76477
Yugoslavia,OWID_YGS,1985,170.35706
Yugoslavia,OWID_YGS,1986,168.3758
Yugoslavia,OWID_YGS,1987,167.08336
Yugoslavia,OWID_YGS,1988,168.48361
Yugoslavia,OWID_YGS,1989,168.93239
Yugoslavia,OWID_YGS,1990,180.47725
Yugoslavia,OWID_YGS,1991,170.70627
Zambia,ZMB,1961,13.22628
Zambia,ZMB,1962,12.82057
Zambia,ZMB,1963,11.926907
Zambia,ZMB,1964,12.748197
Zambia,ZMB,1965,13.530271
Zambia,ZMB,1966,14.692444
Zambia,ZMB,1967,16.997107
Zambia,ZMB,1968,16.46747
Zambia,ZMB,1969,17.331423
Zambia,ZMB,1970,20.6751
Zambia,ZMB,1971,21.506369
Zambia,ZMB,1972,16.669071
Zambia,ZMB,1973,15.562918
Zambia,ZMB,1974,23.614717
Zambia,ZMB,1975,22.163527
Zambia,ZMB,1976,22.458157
Zambia,ZMB,1977,18.225233
Zambia,ZMB,1978,16.834917
Zambia,ZMB,1979,13.047452
Zambia,ZMB,1980,13.370984
Zambia,ZMB,1981,12.606275
Zambia,ZMB,1982,14.591906
Zambia,ZMB,1983,10.588783
Zambia,ZMB,1984,9.188222
Zambia,ZMB,1985,10.30598
Zambia,ZMB,1986,9.947029
Zambia,ZMB,1987,9.680445
Zambia,ZMB,1988,9.620481
Zambia,ZMB,1989,9.259959
Zambia,ZMB,1990,10.04534
Zambia,ZMB,1991,10.15116
Zambia,ZMB,1992,10.778534
Zambia,ZMB,1993,10.652069
Zambia,ZMB,1994,12.661536
Zambia,ZMB,1995,9.358465
Zambia,ZMB,1996,8.686
Zambia,ZMB,1997,9.333052
Zambia,ZMB,1998,6.6557345
Zambia,ZMB,1999,7.232766
Zambia,ZMB,2000,8.308574
Zambia,ZMB,2001,8.138915
Zambia,ZMB,2002,8.012689
Zambia,ZMB,2003,7.697401
Zambia,ZMB,2004,7.75672
Zambia,ZMB,2005,7.477784
Zambia,ZMB,2006,7.217101
Zambia,ZMB,2007,7.594596
Zambia,ZMB,2008,7.4906583
Zambia,ZMB,2009,7.158593
Zambia,ZMB,2010,9.959998
Zambia,ZMB,2011,10.230002
Zambia,ZMB,2012,10.379999
Zambia,ZMB,2013,10.36
Zambia,ZMB,2014,10.32
Zambia,ZMB,2015,10.169999
Zambia,ZMB,2016,7.929996
Zambia,ZMB,2017,9.209996
Zambia,ZMB,2018,9.819998
Zambia,ZMB,2019,7.6200004
Zambia,ZMB,2020,6.110002
Zambia,ZMB,2021,6.7
Zambia,ZMB,2022,7.3000016
Zambia,ZMB,2023,8.100002
Zimbabwe,ZWE,1961,58.415386
Zimbabwe,ZWE,1962,57.147186
Zimbabwe,ZWE,1963,55.83493
Zimbabwe,ZWE,1964,55.194115
Zimbabwe,ZWE,1965,52.54678
Zimbabwe,ZWE,1966,50.155224
Zimbabwe,ZWE,1967,48.61804
Zimbabwe,ZWE,1968,50.51597
Zimbabwe,ZWE,1969,52.25978
Zimbabwe,ZWE,1970,48.916798
Zimbabwe,ZWE,1971,56.928688
Zimbabwe,ZWE,1972,58.058327
Zimbabwe,ZWE,1973,59.89414
Zimbabwe,ZWE,1974,57.080643
Zimbabwe,ZWE,1975,58.61783
Zimbabwe,ZWE,1976,60.26151
Zimbabwe,ZWE,1977,61.60073
Zimbabwe,ZWE,1978,58.096123
Zimbabwe,ZWE,1979,58.648457
Zimbabwe,ZWE,1980,55.765015
Zimbabwe,ZWE,1981,52.175484
Zimbabwe,ZWE,1982,51.132538
Zimbabwe,ZWE,1983,48.863613
Zimbabwe,ZWE,1984,45.853973
Zimbabwe,ZWE,1985,43.847073
Zimbabwe,ZWE,1986,41.371353
Zimbabwe,ZWE,1987,41.40323
Zimbabwe,ZWE,1988,38.179615
Zimbabwe,ZWE,1989,38.617874
Zimbabwe,ZWE,1990,36.905445
Zimbabwe,ZWE,1991,30.121002
Zimbabwe,ZWE,1992,34.350582
Zimbabwe,ZWE,1993,27.386744
Zimbabwe,ZWE,1994,24.35449
Zimbabwe,ZWE,1995,20.235086
Zimbabwe,ZWE,1996,26.03105
Zimbabwe,ZWE,1997,29.802898
Zimbabwe,ZWE,1998,39.693207
Zimbabwe,ZWE,1999,30.921892
Zimbabwe,ZWE,2000,31.985361
Zimbabwe,ZWE,2001,36.651047
Zimbabwe,ZWE,2002,29.783733
Zimbabwe,ZWE,2003,31.578058
Zimbabwe,ZWE,2004,30.146887
Zimbabwe,ZWE,2005,28.602068
Zimbabwe,ZWE,2006,28.405466
Zimbabwe,ZWE,2007,27.81016
Zimbabwe,ZWE,2008,26.348991
Zimbabwe,ZWE,2009,29.273588
Zimbabwe,ZWE,2010,30.209997
Zimbabwe,ZWE,2011,32.639996
Zimbabwe,ZWE,2012,30.710005
Zimbabwe,ZWE,2013,30.509996
Zimbabwe,ZWE,2014,28.179987
Zimbabwe,ZWE,2015,26.870005
Zimbabwe,ZWE,2016,26.069986
Zimbabwe,ZWE,2017,24.199995
Zimbabwe,ZWE,2018,24.149988
Zimbabwe,ZWE,2019,25.659988
Zimbabwe,ZWE,2020,24.400003
Zimbabwe,ZWE,2021,28.849981
Zimbabwe,ZWE,2022,28.329998
Zimbabwe,ZWE,2023,27.219984