Entity,Code,Year,Other meats,Sheep and goat,Beef and buffalo,Pigmeat,Poultry
Afghanistan,AFG,1961,0.8260074,7.9491067,4.6645126,,0.61221725
Afghanistan,AFG,1962,0.85544544,7.6990094,4.870207,,0.64158416
Afghanistan,AFG,1963,1.0405341,7.8672156,4.920656,,0.6418248
Afghanistan,AFG,1964,0.9824902,8.122567,4.892996,,0.6517509
Afghanistan,AFG,1965,1.0313767,8.406693,4.855254,,0.6810978
Afghanistan,AFG,1966,1.0022699,8.738235,6.626658,,0.7006158
Afghanistan,AFG,1967,1.0799983,9.54485,6.1880984,,0.7199989
Afghanistan,AFG,1968,1.0507911,10.352239,6.5966334,,0.73944557
Afghanistan,AFG,1969,1.032251,9.650573,6.8070135,,0.8667013
Afghanistan,AFG,1970,1.0049907,9.405933,5.493299,,0.84887564
Afghanistan,AFG,1971,1.0669451,9.279485,5.3640904,,0.83202136
Afghanistan,AFG,1972,1.041248,7.4262595,5.1473017,,0.8054938
Afghanistan,AFG,1973,1.0334183,8.18861,5.176934,,0.82673466
Afghanistan,AFG,1974,1.0237252,8.544168,4.9709735,,0.7973245
Afghanistan,AFG,1975,1.0219284,8.882917,4.775551,,0.81557757
Afghanistan,AFG,1976,1.0100574,10.453604,4.7659025,,0.794317
Afghanistan,AFG,1977,1.1235569,10.287872,4.9436502,,0.81091493
Afghanistan,AFG,1978,1.1055403,10.376562,4.9264426,,0.82430637
Afghanistan,AFG,1979,0.99993664,10.106155,5.203554,,0.8834392
Afghanistan,AFG,1980,1.0508521,11.078983,5.084122,,0.9107385
Afghanistan,AFG,1981,1.1294209,12.771145,5.701404,,1.0425425
Afghanistan,AFG,1982,1.195424,14.034739,6.275976,,1.1264573
Afghanistan,AFG,1983,1.1661199,13.230976,6.223044,,1.1549072
Afghanistan,AFG,1984,1.0593177,11.949103,6.0804834,,1.2076222
Afghanistan,AFG,1985,0.8979557,10.331535,5.95274,,1.190548
Afghanistan,AFG,1986,0.6804492,9.338919,5.9563956,,1.2918673
Afghanistan,AFG,1987,0.6897482,9.986777,6.1980195,,1.3212079
Afghanistan,AFG,1988,0.78368706,10.484203,6.2121534,,1.1277447
Afghanistan,AFG,1989,0.85004413,10.77667,6.0447583,,1.0861675
Afghanistan,AFG,1990,0.9349223,11.20933,7.1872153,,1.03231
Afghanistan,AFG,1991,0.94804764,11.221999,7.0691376,,0.999572
Afghanistan,AFG,1992,1.0401399,10.016547,6.511276,,0.95692873
Afghanistan,AFG,1993,0.9952035,8.804504,6.5094433,,0.7921007
Afghanistan,AFG,1994,0.8419616,8.257311,6.9791517,,0.7202322
Afghanistan,AFG,1995,0.75225025,7.8316464,7.6152453,,0.73164064
Afghanistan,AFG,1996,0.518345,8.148383,8.055081,,0.7360499
Afghanistan,AFG,1997,0.5360322,8.648674,8.452815,,0.76281506
Afghanistan,AFG,1998,0.52914625,9.0870695,8.924255,,0.78354347
Afghanistan,AFG,1999,0.5225939,9.657938,7.487163,,0.70349187
Afghanistan,AFG,2000,0.5115414,8.4302025,6.261267,,0.654773
Afghanistan,AFG,2001,0.49464652,7.1986856,5.3253436,,0.65251243
Afghanistan,AFG,2002,0.488135,5.5564303,7.0208354,,1.1736012
Afghanistan,AFG,2003,0.45758042,5.348607,6.0400615,,1.2608883
Afghanistan,AFG,2004,0.46894875,5.556023,6.4123645,,1.5189861
Afghanistan,AFG,2005,0.5908474,5.470432,5.9288483,,2.2717063
Afghanistan,AFG,2006,0.4435807,4.6979227,4.7684927,,1.4013118
Afghanistan,AFG,2007,0.45762706,3.8949149,5.4203386,,1.118644
Afghanistan,AFG,2008,0.46954247,4.8485365,5.0731,,2.0006592
Afghanistan,AFG,2009,0.43378708,5.0036836,4.963331,,1.5636511
Afghanistan,AFG,2010,0.37000003,5.0200005,4.7200003,,2.2800002
Afghanistan,AFG,2011,0.35000002,4.6400003,4.7900004,,1.9100002
Afghanistan,AFG,2012,0.36999992,5.0099993,4.379999,,2.0399995
Afghanistan,AFG,2013,0.37999988,5.1899986,4.1699986,,2.0999992
Afghanistan,AFG,2014,0.3799999,5.0499988,4.9799986,0.029999992,2.0999994
Afghanistan,AFG,2015,0.35999995,4.7599993,3.7999995,0.019999996,1.9599997
Afghanistan,AFG,2016,0.35999998,4.7899995,3.2699997,0.009999999,1.9899998
Afghanistan,AFG,2017,0.3299999,4.4399986,2.9199991,0.019999994,1.7899994
Afghanistan,AFG,2018,0.32,4.31,2.66,0.03,1.46
Afghanistan,AFG,2019,0.30999997,3.4499998,2.7499998,0.029999996,1.8099997
Afghanistan,AFG,2020,0.30000004,4.0200005,3.1900003,0.040000003,1.6400001
Afghanistan,AFG,2021,0.29,3.79,2.29,0.01,1.52
Afghanistan,AFG,2022,0.28999993,3.6599994,1.8899996,0.009999998,0.8699998
Afghanistan,AFG,2023,0.28,3.57,1.73,0,0.81
Africa,OWID_AFR,1961,1.8493114,2.6927876,6.917249,0.7091465,1.3127555
Africa,OWID_AFR,1962,1.8299868,2.6267848,6.7192073,0.6685557,1.3284563
Africa,OWID_AFR,1963,1.8256018,2.5505898,6.6729302,0.64883363,1.341056
Africa,OWID_AFR,1964,1.8595244,2.5681264,6.6425843,0.67250884,1.3897934
Africa,OWID_AFR,1965,1.8557682,2.6380744,6.6628184,0.66978234,1.4261725
Africa,OWID_AFR,1966,1.8714385,2.6964362,6.7416067,0.6619524,1.4713482
Africa,OWID_AFR,1967,1.9147344,2.6776671,6.707718,0.69090325,1.5240312
Africa,OWID_AFR,1968,1.9285272,2.7422128,6.822936,0.70344573,1.566331
Africa,OWID_AFR,1969,1.8968924,2.7997928,6.822687,0.7329059,1.6526207
Africa,OWID_AFR,1970,1.8692533,2.6933768,6.7460046,0.7181971,1.7088604
Africa,OWID_AFR,1971,1.854573,2.6827314,6.4743567,0.7301307,1.7401396
Africa,OWID_AFR,1972,1.8421396,2.6549351,6.427069,0.7640453,1.8261698
Africa,OWID_AFR,1973,1.7548006,2.4264333,6.508065,0.7715274,1.8773019
Africa,OWID_AFR,1974,1.7355721,2.2788615,6.4657583,0.7329987,1.8559487
Africa,OWID_AFR,1975,1.7381597,2.3465395,6.332531,0.72113043,1.9809252
Africa,OWID_AFR,1976,1.7083591,2.3747034,6.5568438,0.72635645,2.0633488
Africa,OWID_AFR,1977,1.7193196,2.4306254,6.6768746,0.73967004,2.1770015
Africa,OWID_AFR,1978,1.7064074,2.4831474,6.931495,0.7380726,2.254942
Africa,OWID_AFR,1979,1.6915307,2.4938776,6.8037233,0.72598326,2.277237
Africa,OWID_AFR,1980,1.7316749,2.4969969,7.0435314,0.7459159,2.4140077
Africa,OWID_AFR,1981,1.734093,2.4832454,6.890057,0.7681883,2.5451698
Africa,OWID_AFR,1982,1.7840204,2.3882148,7.106341,0.7702343,2.5762715
Africa,OWID_AFR,1983,1.7922664,2.3636022,7.0135226,0.76571256,2.7390413
Africa,OWID_AFR,1984,1.7814703,2.3135118,6.9133573,0.79481405,2.8755214
Africa,OWID_AFR,1985,1.7768819,2.3130388,6.8520412,0.80404663,2.92635
Africa,OWID_AFR,1986,1.7609407,2.2480633,6.5642614,0.8398617,3.0010011
Africa,OWID_AFR,1987,1.7360393,2.3159125,6.2927427,0.89922005,3.1404061
Africa,OWID_AFR,1988,1.7227366,2.4244173,6.1497684,0.9115529,3.0585568
Africa,OWID_AFR,1989,1.7283736,2.4640005,6.0530763,0.98812556,3.0326316
Africa,OWID_AFR,1990,1.6891791,2.4310248,6.143553,0.9936154,3.286497
Africa,OWID_AFR,1991,1.6717973,2.425514,6.2926607,0.9492211,3.228427
Africa,OWID_AFR,1992,1.669754,2.4591742,6.2689195,0.98037606,3.2613332
Africa,OWID_AFR,1993,1.5953859,2.3338523,6.090976,0.9572492,3.1703649
Africa,OWID_AFR,1994,1.6926507,2.38285,5.9113607,0.96379995,3.285753
Africa,OWID_AFR,1995,1.6528343,2.4360845,5.6511207,1.1659052,3.4450467
Africa,OWID_AFR,1996,1.6132152,2.418666,5.5265756,1.1686826,3.5386589
Africa,OWID_AFR,1997,1.6445152,2.520018,5.597608,1.1649337,3.8307023
Africa,OWID_AFR,1998,1.574788,2.5738764,5.566459,1.1376797,3.7445836
Africa,OWID_AFR,1999,1.6015837,2.6797543,5.7037992,1.1132365,3.913295
Africa,OWID_AFR,2000,1.5745704,2.7344306,5.8459744,1.0755914,4.080964
Africa,OWID_AFR,2001,1.5736727,2.7226765,5.352622,1.0821928,4.184419
Africa,OWID_AFR,2002,1.5799695,2.6800914,5.6533456,1.1002965,4.358125
Africa,OWID_AFR,2003,1.5909249,2.656127,5.7078714,1.1008601,4.5293956
Africa,OWID_AFR,2004,1.5891905,2.6704814,5.8471026,1.1772918,4.522219
Africa,OWID_AFR,2005,1.5634673,2.7604191,6.125204,1.2057081,4.554902
Africa,OWID_AFR,2006,1.5401117,2.7808316,6.3256235,1.2162161,4.6683426
Africa,OWID_AFR,2007,1.5924107,2.784799,6.362358,1.349661,5.0197754
Africa,OWID_AFR,2008,1.6253978,2.8241217,6.157458,1.4448923,5.2381577
Africa,OWID_AFR,2009,1.6180016,2.7992527,6.092054,1.4638572,5.381107
Africa,OWID_AFR,2010,1.6361518,2.730781,6.2424326,1.2098923,5.5298386
Africa,OWID_AFR,2011,1.6570872,2.6525764,6.1756177,1.2560731,5.627725
Africa,OWID_AFR,2012,1.5862104,2.4641201,6.0547805,1.264838,5.8634925
Africa,OWID_AFR,2013,1.5750872,2.4890354,6.178719,1.2543938,6.066974
Africa,OWID_AFR,2014,1.6355493,2.6433008,6.2003098,1.4123693,6.2347136
Africa,OWID_AFR,2015,1.6460766,2.5063806,6.354442,1.3765255,5.992974
Africa,OWID_AFR,2016,1.6108758,2.4641113,6.0492373,1.3347195,5.931626
Africa,OWID_AFR,2017,1.5605482,2.4029987,5.7756124,1.3804218,6.22255
Africa,OWID_AFR,2018,1.5399051,2.3723156,5.7999096,1.3610504,6.544198
Africa,OWID_AFR,2019,1.4561272,2.3677197,5.4398255,1.582013,6.4188647
Africa,OWID_AFR,2020,1.4047573,2.3895702,5.2589664,1.6686351,6.5099607
Africa,OWID_AFR,2021,1.3837917,2.3468328,5.1133604,1.6511664,6.984568
Africa,OWID_AFR,2022,1.3590103,2.2884452,5.0522213,1.7459704,6.6777263
Africa,OWID_AFR,2023,1.3015183,1.8926048,4.6965504,1.7558445,7.021459
Africa (FAO),,1961,1.85,2.69,6.91,0.68,1.31
Africa (FAO),,1962,1.83,2.62,6.71,0.64,1.33
Africa (FAO),,1963,1.82,2.54,6.66,0.62,1.34
Africa (FAO),,1964,1.85,2.56,6.62,0.64,1.39
Africa (FAO),,1965,1.85,2.63,6.64,0.64,1.42
Africa (FAO),,1966,1.86,2.68,6.71,0.63,1.47
Africa (FAO),,1967,1.91,2.67,6.68,0.66,1.52
Africa (FAO),,1968,1.92,2.73,6.79,0.67,1.56
Africa (FAO),,1969,1.89,2.79,6.79,0.7,1.65
Africa (FAO),,1970,1.86,2.68,6.72,0.68,1.7
Africa (FAO),,1971,1.85,2.67,6.45,0.7,1.73
Africa (FAO),,1972,1.83,2.64,6.4,0.73,1.82
Africa (FAO),,1973,1.75,2.42,6.49,0.73,1.87
Africa (FAO),,1974,1.73,2.27,6.45,0.7,1.85
Africa (FAO),,1975,1.74,2.35,6.33,0.69,1.98
Africa (FAO),,1976,1.71,2.38,6.57,0.69,2.07
Africa (FAO),,1977,1.73,2.44,6.7,0.71,2.19
Africa (FAO),,1978,1.72,2.5,6.97,0.71,2.27
Africa (FAO),,1979,1.7,2.51,6.85,0.7,2.29
Africa (FAO),,1980,1.74,2.52,7.1,0.72,2.43
Africa (FAO),,1981,1.75,2.51,6.95,0.74,2.57
Africa (FAO),,1982,1.8,2.41,7.18,0.74,2.6
Africa (FAO),,1983,1.81,2.39,7.1,0.74,2.77
Africa (FAO),,1984,1.8,2.34,6.99,0.76,2.91
Africa (FAO),,1985,1.8,2.34,6.93,0.77,2.96
Africa (FAO),,1986,1.78,2.27,6.64,0.81,3.03
Africa (FAO),,1987,1.76,2.34,6.36,0.87,3.18
Africa (FAO),,1988,1.74,2.45,6.22,0.88,3.1
Africa (FAO),,1989,1.75,2.5,6.13,0.96,3.07
Africa (FAO),,1990,1.71,2.47,6.23,0.96,3.34
Africa (FAO),,1991,1.7,2.47,6.39,0.92,3.28
Africa (FAO),,1992,1.7,2.5,6.38,0.95,3.32
Africa (FAO),,1993,1.63,2.39,6.23,0.94,3.24
Africa (FAO),,1994,1.73,2.44,6.04,0.94,3.36
Africa (FAO),,1995,1.69,2.49,5.77,1.14,3.52
Africa (FAO),,1996,1.65,2.47,5.65,1.14,3.62
Africa (FAO),,1997,1.68,2.58,5.73,1.14,3.92
Africa (FAO),,1998,1.61,2.64,5.7,1.11,3.84
Africa (FAO),,1999,1.64,2.75,5.84,1.09,4.01
Africa (FAO),,2000,1.61,2.81,5.99,1.05,4.18
Africa (FAO),,2001,1.62,2.79,5.49,1.06,4.29
Africa (FAO),,2002,1.62,2.76,5.81,1.08,4.48
Africa (FAO),,2003,1.64,2.74,5.87,1.08,4.66
Africa (FAO),,2004,1.64,2.75,6.03,1.16,4.66
Africa (FAO),,2005,1.61,2.85,6.32,1.19,4.7
Africa (FAO),,2006,1.59,2.87,6.54,1.2,4.82
Africa (FAO),,2007,1.65,2.88,6.58,1.33,5.2
Africa (FAO),,2008,1.68,2.93,6.38,1.43,5.43
Africa (FAO),,2009,1.68,2.9,6.32,1.45,5.58
Africa (FAO),,2010,1.53,2.39,6.18,1.21,5.73
Africa (FAO),,2011,1.55,2.32,6.12,1.26,5.83
Africa (FAO),,2012,1.59,2.46,6.05,1.26,5.86
Africa (FAO),,2013,1.57,2.49,6.18,1.25,6.06
Africa (FAO),,2014,1.63,2.64,6.2,1.41,6.23
Africa (FAO),,2015,1.65,2.51,6.35,1.38,5.99
Africa (FAO),,2016,1.61,2.46,6.05,1.33,5.93
Africa (FAO),,2017,1.56,2.4,5.77,1.38,6.22
Africa (FAO),,2018,1.54,2.37,5.8,1.36,6.54
Africa (FAO),,2019,1.45,2.37,5.44,1.58,6.42
Africa (FAO),,2020,1.4,2.38,5.25,1.67,6.51
Africa (FAO),,2021,1.38,2.34,5.11,1.65,6.98
Africa (FAO),,2022,1.36,2.28,5.03,1.75,6.68
Africa (FAO),,2023,1.37,2.29,5.04,1.61,6.55
Albania,ALB,1961,0,7.653345,4.2933397,2.1024594,0.90386105
Albania,ALB,1962,0,7.5118923,4.2389946,2.0899227,0.9069477
Albania,ALB,1963,0,6.980035,4.2414093,1.789499,0.94912654
Albania,ALB,1964,0,6.846927,3.2552588,1.741415,1.0290179
Albania,ALB,1965,0,6.6479263,3.482247,1.9191931,1.2563789
Albania,ALB,1966,0,6.567989,3.5358496,2.2024984,1.491378
Albania,ALB,1967,0,8.069612,4.207234,2.4336927,1.497657
Albania,ALB,1968,0,6.793404,3.573409,2.6898737,1.5510951
Albania,ALB,1969,0,5.68578,4.18591,2.8722992,1.5979002
Albania,ALB,1970,0,5.3150754,4.5403686,2.883085,1.5592195
Albania,ALB,1971,0,5.2444415,4.7828517,2.877568,1.6990418
Albania,ALB,1972,0,4.877094,4.6312723,2.8613596,1.7010831
Albania,ALB,1973,0,4.7576604,4.4818544,2.630011,1.8321426
Albania,ALB,1974,0,4.75492,4.53789,2.6635442,1.9828607
Albania,ALB,1975,0,4.7257504,4.0336947,2.6100378,2.1552587
Albania,ALB,1976,0,4.743105,4.8916364,2.624056,2.3467972
Albania,ALB,1977,0,4.416012,4.366394,2.6496074,2.451135
Albania,ALB,1978,0,4.7199216,5.147198,2.5934725,2.5934725
Albania,ALB,1979,0,4.701705,5.2595353,2.609845,2.7194185
Albania,ALB,1980,0,4.6092854,5.269183,2.5596032,2.849558
Albania,ALB,1981,0,4.513848,5.1959405,3.149663,2.959078
Albania,ALB,1982,0,4.1849723,5.090375,3.0884292,3.0884292
Albania,ALB,1983,0,3.923304,5.476488,3.166883,2.723116
Albania,ALB,1984,0,3.3401113,5.597217,3.238896,2.5303874
Albania,ALB,1985,0,3.2343845,5.6144032,3.437805,3.1733582
Albania,ALB,1986,0,2.9186199,4.9974966,3.6252332,2.5601928
Albania,ALB,1987,0,3.0466428,5.2464223,3.5526955,2.3546934
Albania,ALB,1988,0,3.3952625,6.2609887,3.7379034,2.8345768
Albania,ALB,1989,0,3.6855092,6.473132,3.6855092,2.9337904
Albania,ALB,1990,0.03154701,3.6594534,7.203234,4.0590487,2.933872
Albania,ALB,1991,0,3.8050842,12.037136,2.7721252,3.109418
Albania,ALB,1992,0.03150337,4.504982,12.055289,3.64389,0.84008986
Albania,ALB,1993,0,4.6389365,9.309147,5.118467,3.9926126
Albania,ALB,1994,0.031051407,5.6617064,10.039955,5.454697,4.6266594
Albania,ALB,1995,0.010305124,5.6162925,10.593668,5.2453084,5.193783
Albania,ALB,1996,0.25734207,5.1777225,12.27007,3.2836847,6.8864737
Albania,ALB,1997,0.3094129,4.8990374,11.1388645,2.8259711,3.3416593
Albania,ALB,1998,0.34180817,5.2203426,11.093228,5.1892695,2.579098
Albania,ALB,1999,0.1144641,5.764828,11.540063,6.305931,9.136316
Albania,ALB,2000,0.093947,6.252694,11.84776,4.3320003,5.5741887
Albania,ALB,2001,0.04175425,6.1900673,11.8895235,6.868574,7.860238
Albania,ALB,2002,0.07290143,6.33201,13.507593,7.4151163,12.028736
Albania,ALB,2003,0.031163277,6.367697,14.428598,8.372535,10.159228
Albania,ALB,2004,0.051893365,7.0056043,15.381193,9.102097,9.600272
Albania,ALB,2005,0.07272713,7.0441422,15.594775,9.537644,9.89089
Albania,ALB,2006,0.07296435,7.1609297,18.960308,12.487327,7.7029505
Albania,ALB,2007,0.05236716,8.808156,19.229221,12.777586,10.232543
Albania,ALB,2008,0.07383727,10.157899,21.328423,11.4447775,13.448931
Albania,ALB,2009,0.0425597,11.523039,20.97129,12.140155,14.619257
Albania,ALB,2010,0.0799997,7.3199725,15.209943,9.669964,14.629945
Albania,ALB,2011,0.040000014,7.5500026,14.940004,9.780004,14.300005
Albania,ALB,2012,0.039999958,7.9899917,14.909985,9.989989,13.629986
Albania,ALB,2013,0.039999988,8.049997,15.029995,9.899997,14.179996
Albania,ALB,2014,0.050000034,8.520006,13.450009,6.710005,11.750008
Albania,ALB,2015,0.04999993,9.059988,13.83998,7.03999,11.869983
Albania,ALB,2016,0.050000038,9.080007,13.91001,7.060005,13.55001
Albania,ALB,2017,0.21999961,9.059985,13.789976,8.209986,11.46998
Albania,ALB,2018,0.05000002,10.860003,13.340005,5.880002,9.450003
Albania,ALB,2019,0.6099998,8.669997,13.319995,7.1399975,12.289996
Albania,ALB,2020,0.06,8.28,11.77,5.65,14.05
Albania,ALB,2021,0.059999976,8.049997,13.2199955,5.9699974,12.929996
Albania,ALB,2022,0.26999965,8.919988,15.2699795,6.3399916,22.67997
Albania,ALB,2023,0.08,8.41,15.899999,7.51,24.78
Algeria,DZA,1961,0.4871399,3.608812,4.036302,1.4017699,1.7994351
Algeria,DZA,1962,0.47176167,3.2621818,3.312369,0.60224897,1.6561846
Algeria,DZA,1963,0.45577908,2.8967292,2.390308,0.15192637,1.529392
Algeria,DZA,1964,0.46994013,3.1261234,2.1964593,0.13280916,1.5630617
Algeria,DZA,1965,0.547359,3.2531714,2.3133664,0.1445854,1.7143697
Algeria,DZA,1966,0.5315881,3.0436025,2.397358,0.13550283,1.7511137
Algeria,DZA,1967,0.51362777,2.893087,2.316566,0.031446595,1.8029382
Algeria,DZA,1968,0.49548933,3.4051714,2.5301583,0.031626977,1.876534
Algeria,DZA,1969,0.4876848,3.4562008,2.5232387,0.031805526,1.9295355
Algeria,DZA,1970,0.47962007,3.6237965,2.1636195,0.021316448,1.9717715
Algeria,DZA,1971,0.48188737,3.640927,2.6878607,0.010708609,2.0346355
Algeria,DZA,1972,0.4945923,3.6449301,2.9137938,0.010752006,2.0858893
Algeria,DZA,1973,0.5070641,3.7544322,2.9668643,0,2.1792967
Algeria,DZA,1974,0.48691618,3.5382576,3.1811857,0,2.261455
Algeria,DZA,1975,0.5368463,3.500238,3.0063393,0,2.3084393
Algeria,DZA,1976,0.50638026,3.5763106,3.1859758,0,2.3209095
Algeria,DZA,1977,0.5651662,3.6317158,3.9142988,0.010466039,2.3548589
Algeria,DZA,1978,0.5340048,3.6856802,3.2773237,0,2.408257
Algeria,DZA,1979,0.57586896,3.9892013,3.130633,0,2.4500606
Algeria,DZA,1980,0.5547188,4.0609603,3.3073802,0,3.2341154
Algeria,DZA,1981,0.51251805,4.089685,3.4516523,0.010459552,3.7549791
Algeria,DZA,1982,0.5225098,4.77574,3.521716,0.010450196,4.4308834
Algeria,DZA,1983,0.46958816,4.6541405,4.393258,0,4.873282
Algeria,DZA,1984,0.41651058,4.82111,3.217544,0.020825528,7.0598545
Algeria,DZA,1985,0.40485778,4.505341,4.007054,0,7.2770596
Algeria,DZA,1986,0.3829078,4.4707074,4.2533817,0,7.4822254
Algeria,DZA,1987,0.40301526,4.9498544,3.8441458,0,7.3472786
Algeria,DZA,1988,0.3925376,4.93771,3.925376,0,7.561514
Algeria,DZA,1989,0.3822939,5.5484276,3.5543003,0,7.521891
Algeria,DZA,1990,0.38260052,5.8527536,3.9397511,0,7.6520104
Algeria,DZA,1991,0.37255132,5.9090776,4.2946887,0.010348647,7.595907
Algeria,DZA,1992,0.36191392,6.183558,4.3843284,0,7.486448
Algeria,DZA,1993,0.35098088,6.513792,4.531782,0,7.494474
Algeria,DZA,1994,0.35055485,6.38216,4.4850397,0,7.54724
Algeria,DZA,1995,0.35008895,6.3427877,4.685014,0.010296733,7.3209777
Algeria,DZA,1996,0.339229,6.5995455,4.358578,0.010279666,7.4219184
Algeria,DZA,1997,0.32828364,6.0527296,3.8265562,0,7.4479356
Algeria,DZA,1998,0.31789967,6.0606036,4.18397,0.010254828,8.234627
Algeria,DZA,1999,0.34894383,5.8704667,4.5670586,0,7.7178164
Algeria,DZA,2000,0.3694952,5.901659,4.680272,0,7.9030914
Algeria,DZA,2001,0.34888518,5.684776,3.5093744,0.010261328,7.716519
Algeria,DZA,2002,0.3488041,5.662937,4.2574615,0.010258944,7.7557616
Algeria,DZA,2003,0.33848378,5.6106243,5.2413697,0.010257083,8.05181
Algeria,DZA,2004,0.34867722,6.0095544,6.6453776,0.010255212,8.255446
Algeria,DZA,2005,0.33848932,6.236409,6.626185,0.010257252,8.236573
Algeria,DZA,2006,0.34893388,6.1576567,5.79846,0.010262761,7.7996984
Algeria,DZA,2007,0.33876008,6.118212,5.6870627,0.0102654565,7.801747
Algeria,DZA,2008,0.3386065,5.6742244,5.469008,0.010260803,7.7058635
Algeria,DZA,2009,0.33829927,5.97662,5.8741055,0.010251492,7.6373615
Algeria,DZA,2010,0.36,7.3700004,4.88,0,7.2500005
Algeria,DZA,2011,0.36000007,7.430001,5.3400006,0,7.250001
Algeria,DZA,2012,0.36000007,7.5300016,6.120001,0,7.3900013
Algeria,DZA,2013,0.36999997,7.579999,5.8699994,0,7.379999
Algeria,DZA,2014,0.36999997,7.699999,6.1599994,0,7.719999
Algeria,DZA,2015,0.38000003,7.8100004,5.8100004,0,7.8100004
Algeria,DZA,2016,0.38,7.89,5.59,0,7.21
Algeria,DZA,2017,0.36,7.86,5,0,6.86
Algeria,DZA,2018,0.35000005,7.770001,4.9600005,0.010000002,6.7200007
Algeria,DZA,2019,0.34,8.02,5.18,0.02,6.47
Algeria,DZA,2020,0.33999997,8.0199995,3.9599996,0.019999998,5.8499994
Algeria,DZA,2021,0.35000002,8.07,3.6100001,0.010000001,6.0900006
Algeria,DZA,2022,0.51,8.46,3.24,0,9.71
Algeria,DZA,2023,0.5199999,8.639999,3.2199998,0,9.879999
Americas (FAO),,1961,1.03,1.9,30.83,16.83,9.03
Americas (FAO),,1962,0.98,1.88,31.01,17.03,9
Americas (FAO),,1963,0.99,1.75,31.84,17.21,9.24
Americas (FAO),,1964,0.97,1.64,32.41,17.02,9.51
Americas (FAO),,1965,0.87,1.57,32.29,15.63,10.17
Americas (FAO),,1966,0.89,1.62,33.12,15.75,10.7
Americas (FAO),,1967,0.88,1.59,33.48,16.81,11.07
Americas (FAO),,1968,0.85,1.63,34.42,17.07,11
Americas (FAO),,1969,0.84,1.53,34.64,16.71,11.47
Americas (FAO),,1970,0.84,1.49,34.51,17.14,12
Americas (FAO),,1971,0.83,1.48,32.96,18.45,12.05
Americas (FAO),,1972,0.77,1.4,33.19,17.26,12.53
Americas (FAO),,1973,0.78,1.23,31.9,16.09,12.32
Americas (FAO),,1974,0.82,1.16,33.59,16.98,12.54
Americas (FAO),,1975,0.77,1.07,35.35,14.76,12.3
Americas (FAO),,1976,0.76,1.01,37.41,15.42,12.99
Americas (FAO),,1977,0.73,0.96,36.41,16.13,13.28
Americas (FAO),,1978,0.73,0.91,35.56,16.15,13.94
Americas (FAO),,1979,0.74,0.9,32.55,17.9,15.1
Americas (FAO),,1980,0.71,0.85,32.38,18.91,15.68
Americas (FAO),,1981,0.73,0.86,32.56,18.21,16.21
Americas (FAO),,1982,0.74,0.86,31.52,16.61,16.55
Americas (FAO),,1983,0.7,0.86,31.55,17.26,16.65
Americas (FAO),,1984,0.69,0.85,31.6,16.74,16.66
Americas (FAO),,1985,0.68,0.85,32.09,16.51,17.32
Americas (FAO),,1986,0.65,0.91,32.91,15.43,18.28
Americas (FAO),,1987,0.64,0.87,31.69,15.57,19.6
Americas (FAO),,1988,0.65,0.87,31.25,16.25,20.23
Americas (FAO),,1989,0.65,0.85,30.75,15.77,20.57
Americas (FAO),,1990,0.65,0.86,30.23,15.12,21.76
Americas (FAO),,1991,0.61,0.87,30.39,15.45,23.12
Americas (FAO),,1992,0.62,0.85,30.16,16.22,24.16
Americas (FAO),,1993,0.61,0.85,29.54,16.43,25.14
Americas (FAO),,1994,0.62,0.85,30.5,16.96,26.12
Americas (FAO),,1995,0.6,0.82,30.9,16.78,27.19
Americas (FAO),,1996,0.58,0.73,31.55,15.96,27.29
Americas (FAO),,1997,0.54,0.71,31.01,15.96,28.52
Americas (FAO),,1998,0.6,0.72,30.82,17.42,29.21
Americas (FAO),,1999,0.6,0.75,31.45,17.76,31.03
Americas (FAO),,2000,0.62,0.77,31.38,17.47,31.51
Americas (FAO),,2001,0.64,0.78,30.73,17.18,31.8
Americas (FAO),,2002,0.64,0.77,31.07,17.22,32.77
Americas (FAO),,2003,0.58,0.75,30.03,17.42,33.08
Americas (FAO),,2004,0.55,0.79,30.13,17.42,34.71
Americas (FAO),,2005,0.59,0.75,30.57,16.47,34.13
Americas (FAO),,2006,0.57,0.76,30.89,16.73,35.3
Americas (FAO),,2007,0.56,0.8,30.97,17.27,36
Americas (FAO),,2008,0.63,0.76,30.64,17.36,37.1
Americas (FAO),,2009,0.68,0.72,30.08,17.35,35.87
Americas (FAO),,2010,0.61,0.65,29.99,17.3,38.51
Americas (FAO),,2011,0.59,0.62,29.35,17.04,39.63
Americas (FAO),,2012,0.61,0.62,29.53,17.06,39.02
Americas (FAO),,2013,0.63,0.62,29.56,17.24,39.77
Americas (FAO),,2014,0.61,0.64,29.44,16.74,40.67
Americas (FAO),,2015,0.62,0.63,28.18,17.32,42.39
Americas (FAO),,2016,0.63,0.62,27.9,17.5,42.59
Americas (FAO),,2017,0.64,0.63,28.25,17.76,43.11
Americas (FAO),,2018,0.73,0.64,28.4,19.25,43.77
Americas (FAO),,2019,0.7,0.67,28.22,19.5,44.82
Americas (FAO),,2020,0.68,0.68,27.89,19.14,45.19
Americas (FAO),,2021,0.67,0.7,27.64,19.67,43.86
Americas (FAO),,2022,0.63,0.7,27.65,20.31,44.57
Americas (FAO),,2023,0.66,0.66,28.46,20.43,44.7
Angola,AGO,1961,0.75355405,0.31477574,3.157296,1.5071081,0.5818582
Angola,AGO,1962,0.750236,0.31740755,3.4530094,1.4908535,0.586723
Angola,AGO,1963,0.7370477,0.32003388,3.5785606,1.4934913,0.60127574
Angola,AGO,1964,0.9186364,0.33227274,4.0361366,1.4756818,0.6059091
Angola,AGO,1965,0.9053416,0.3444234,4.4381423,1.6433917,0.61996216
Angola,AGO,1966,0.8912294,0.36639434,4.5650754,1.604213,0.6832759
Angola,AGO,1967,1.0658636,0.34864697,5.1400523,1.5838535,0.7172167
Angola,AGO,1968,1.0522636,0.39084077,5.251296,1.5934278,0.77166
Angola,AGO,1969,1.0395262,0.41379198,5.934383,1.5946131,0.8477689
Angola,AGO,1970,1.0229788,0.4253971,6.7253256,1.5597894,0.97233623
Angola,AGO,1971,0.99956536,0.44425127,6.875798,1.6154592,0.99956536
Angola,AGO,1972,0.9710575,0.4705124,6.537119,1.5917335,1.0010902
Angola,AGO,1973,0.9402548,0.4750761,6.6411686,1.6330742,0.9897419
Angola,AGO,1974,0.91054213,0.479748,6.5989823,1.6840134,0.96928674
Angola,AGO,1975,0.87304425,0.4850246,7.6633887,1.716987,0.9506482
Angola,AGO,1976,0.8469542,0.49084845,6.746761,1.7805288,0.9239501
Angola,AGO,1977,0.8214723,0.49670413,8.873811,2.0536807,0.89788824
Angola,AGO,1978,0.7964584,0.4930457,8.467112,2.0575178,0.87231165
Angola,AGO,1979,0.7637354,0.49972808,8.005078,2.26292,0.8485949
Angola,AGO,1980,0.7417419,0.48823515,8.562894,2.6759043,1.0703617
Angola,AGO,1981,0.7119252,0.47773927,8.449429,2.4636362,1.1709297
Angola,AGO,1982,0.68315095,0.4679116,9.217859,2.4144237,1.3475854
Angola,AGO,1983,0.6636475,0.45801023,7.3935933,2.467647,1.9629009
Angola,AGO,1984,0.633763,0.45668218,7.716996,3.0476544,1.3700465
Angola,AGO,1985,0.61173576,0.4448987,7.479859,3.0586786,1.5200706
Angola,AGO,1986,0.5883391,0.43206152,7.2623105,2.684297,1.6730893
Angola,AGO,1987,0.5737768,0.43716326,8.296994,2.65941,2.1858163
Angola,AGO,1988,0.55028224,0.43300897,7.8122034,2.6431592,1.759099
Angola,AGO,1989,0.5365989,0.42927912,8.12053,2.7813709,1.8602095
Angola,AGO,1990,0.52441686,0.4355327,6.968523,2.675415,1.9554528
Angola,AGO,1991,0.496167,0.43414614,6.3970103,2.5162754,1.842906
Angola,AGO,1992,0.5048175,0.43396595,6.642336,2.5240874,2.4886618
Angola,AGO,1993,0.5053381,0.443279,6.2856965,2.36711,1.5780733
Angola,AGO,1994,0.5140424,0.4520028,5.548113,2.3575048,1.0812616
Angola,AGO,1995,0.51248264,0.47713906,4.736047,2.429875,1.2988786
Angola,AGO,1996,0.50964457,0.53600556,5.6763864,2.6888146,1.107159
Angola,AGO,1997,0.50604147,0.59329003,5.9677997,2.6261806,2.3295357
Angola,AGO,1998,0.4939952,0.623994,6.1792736,2.7646399,2.73864
Angola,AGO,1999,0.47430515,0.6467797,6.1142244,2.4318917,2.337031
Angola,AGO,2000,0.45571518,0.67927366,7.411821,2.5193312,3.396368
Angola,AGO,2001,0.43806416,0.7730544,7.5158067,2.8087645,2.4995427
Angola,AGO,2002,0.42098084,0.8419617,7.886947,3.1015117,4.957264
Angola,AGO,2003,0.4039224,0.8937858,8.224547,3.1884089,5.955707
Angola,AGO,2004,0.38653147,0.9019067,6.760006,3.3241706,5.0678573
Angola,AGO,2005,0.37734175,0.96050626,7.992784,3.6104746,5.73731
Angola,AGO,2006,0.36784196,0.9666544,7.596364,4.1660237,6.8948984
Angola,AGO,2007,0.34951058,0.9547606,7.75743,4.8846235,7.1351304
Angola,AGO,2008,0.33948362,1.2391152,7.247975,5.4656863,8.512551
Angola,AGO,2009,0.34620333,1.0723859,6.0290046,5.7250214,7.869793
Angola,AGO,2010,0.3800001,0.9300003,5.830002,5.670002,11.050004
Angola,AGO,2011,0.3699999,0.9099997,5.919998,6.5999975,12.749995
Angola,AGO,2012,0.3599999,0.87999976,6.229998,6.929998,13.869996
Angola,AGO,2013,0.34000003,0.8800001,6.300001,7.400001,14.220002
Angola,AGO,2014,0.36000004,0.87000006,6.9400005,11.000001,15.480001
Angola,AGO,2015,0.34999996,0.84999996,5.42,8.62,9.66
Angola,AGO,2016,0.32999998,0.8299999,4.6399994,7.6599994,8.799999
Angola,AGO,2017,0.33000004,0.80000013,4.7000003,8.220001,10.500001
Angola,AGO,2018,0.3199999,0.7899998,4.1899986,7.8299975,12.029996
Angola,AGO,2019,0.31999996,0.78999996,4.4299994,7.5899997,9.699999
Angola,AGO,2020,0.2899999,0.7399998,3.7599988,6.439998,8.309998
Angola,AGO,2021,0.28000003,0.71000004,3.5000002,7.8600006,8.720001
Angola,AGO,2022,0.27000004,0.6700001,3.3000002,8.340001,10.460001
Angola,AGO,2023,0.26,0.65,3.48,6.79,7.41
Antigua and Barbuda,ATG,1961,0.4765357,0.846094,10.367083,4.804258,4.0456905
Antigua and Barbuda,ATG,1962,0.5956304,1.2889053,11.287685,6.0734773,6.5519347
Antigua and Barbuda,ATG,1963,0.03920422,1.1859277,10.281307,6.086456,6.331482
Antigua and Barbuda,ATG,1964,0.16989921,0.9994071,10.133988,6.835945,7.165749
Antigua and Barbuda,ATG,1965,0.18003902,0.8001734,9.982162,5.981296,5.6312203
Antigua and Barbuda,ATG,1966,0.7010228,0.8712712,11.136248,8.232011,8.862931
Antigua and Barbuda,ATG,1967,1.1626816,0.8419419,8.940621,6.003847,8.16884
Antigua and Barbuda,ATG,1968,1.7947861,0.9525401,7.2092247,6.858289,9.274733
Antigua and Barbuda,ATG,1969,3.5693696,1.2232109,9.204162,7.569871,8.66274
Antigua and Barbuda,ATG,1970,3.1015196,1.2083844,10.77476,9.294489,12.506778
Antigua and Barbuda,ATG,1971,2.7828317,1.2639968,11.416745,8.746042,10.76436
Antigua and Barbuda,ATG,1972,2.4776037,1.2543516,9.806749,7.609042,11.081833
Antigua and Barbuda,ATG,1973,2.1764395,1.0882198,10.132066,6.5821447,5.451664
Antigua and Barbuda,ATG,1974,1.1845679,1.0014982,8.647345,5.6536193,10.381123
Antigua and Barbuda,ATG,1975,0.010805562,1.5668067,6.9911985,5.554059,9.3684225
Antigua and Barbuda,ATG,1976,0,1.2511955,7.7705827,5.2242904,7.01328
Antigua and Barbuda,ATG,1977,0.03287311,1.0848126,11.187815,5.435021,5.3802323
Antigua and Barbuda,ATG,1978,0.07758957,1.0973382,13.323238,5.93006,13.334322
Antigua and Barbuda,ATG,1979,0,1.2478032,11.208143,8.072072,13.70375
Antigua and Barbuda,ATG,1980,0.032542497,1.5186499,12.105809,15.197348,15.284127
Antigua and Barbuda,ATG,1981,0.06492904,1.6556906,11.69805,9.04678,30.981974
Antigua and Barbuda,ATG,1982,0,1.6823555,12.713496,8.677973,33.05083
Antigua and Barbuda,ATG,1983,0,1.7274295,13.233157,8.270723,35.5327
Antigua and Barbuda,ATG,1984,0,1.6930923,15.021033,9.879813,40.5826
Antigua and Barbuda,ATG,1985,0,1.7162492,14.465529,10.042101,43.12076
Antigua and Barbuda,ATG,1986,0,1.5367386,15.468488,9.604616,44.76762
Antigua and Barbuda,ATG,1987,0,1.4872428,17.62038,9.681852,47.49328
Antigua and Barbuda,ATG,1988,0,1.9303594,18.769032,9.562703,52.84235
Antigua and Barbuda,ATG,1989,0,2.241341,13.888485,6.8806243,57.668045
Antigua and Barbuda,ATG,1990,0,2.4274416,14.613788,6.908872,62.45502
Antigua and Barbuda,ATG,1991,0,2.112103,15.74299,5.6811657,56.811657
Antigua and Barbuda,ATG,1992,0,1.9265158,14.404861,5.867561,51.996365
Antigua and Barbuda,ATG,1993,0,2.2987454,15.249005,5.7171383,47.104465
Antigua and Barbuda,ATG,1994,0,2.4050255,13.778791,4.7699676,52.650017
Antigua and Barbuda,ATG,1995,0,2.5620875,13.109514,4.366515,48.589943
Antigua and Barbuda,ATG,1996,0,2.2519352,10.153815,5.0769076,61.2647
Antigua and Barbuda,ATG,1997,0,2.522548,9.148035,5.885945,60.956505
Antigua and Barbuda,ATG,1998,0,2.5848405,11.023885,6.978048,57.8473
Antigua and Barbuda,ATG,1999,0,2.372389,10.799528,6.0960083,58.546436
Antigua and Barbuda,ATG,2000,0,2.6336932,9.618706,7.6304235,51.913944
Antigua and Barbuda,ATG,2001,0,3.0112247,8.192608,7.123104,52.675667
Antigua and Barbuda,ATG,2002,0,3.613285,8.721723,8.763254,49.329647
Antigua and Barbuda,ATG,2003,0,2.8907773,8.214799,8.069221,51.108532
Antigua and Barbuda,ATG,2004,0,3.0307112,8.092311,7.7902813,52.282368
Antigua and Barbuda,ATG,2005,3.6690612,3.8149898,10.142035,11.684709,54.18119
Antigua and Barbuda,ATG,2006,3.4695294,3.0371253,10.212977,9.605552,54.606483
Antigua and Barbuda,ATG,2007,3.423075,3.8445346,11.348573,9.621616,56.05414
Antigua and Barbuda,ATG,2008,3.3722837,3.6797867,11.469864,11.285363,56.631817
Antigua and Barbuda,ATG,2009,3.3197534,3.2686803,11.61403,8.47814,57.01804
Antigua and Barbuda,ATG,2010,1.269747,1.6096792,7.2885475,8.27835,83.01346
Antigua and Barbuda,ATG,2011,0.189956,1.9795414,10.977457,8.518027,62.525517
Antigua and Barbuda,ATG,2012,0.13997594,1.1797972,7.2887473,11.318054,74.927124
Antigua and Barbuda,ATG,2013,0.34994435,1.6297408,10.848275,8.758608,63.07997
Antigua and Barbuda,ATG,2014,0.40993533,1.939694,11.418199,7.938748,61.480305
Antigua and Barbuda,ATG,2015,0.28996432,1.9397615,11.238618,7.879031,66.28185
Antigua and Barbuda,ATG,2016,0.2599711,1.9897789,10.338851,8.929008,46.644817
Antigua and Barbuda,ATG,2017,0.30995548,1.7297515,11.018417,8.758741,69.27004
Antigua and Barbuda,ATG,2018,0.20997228,1.4298112,10.808574,7.788972,67.111145
Antigua and Barbuda,ATG,2019,0.33993676,1.8696522,9.758184,6.4887924,65.74777
Antigua and Barbuda,ATG,2020,0.059990853,1.0598384,7.628837,6.5390034,66.58985
Antigua and Barbuda,ATG,2021,0.69993937,1.8198423,10.599082,9.289195,67.004196
Antigua and Barbuda,ATG,2022,0.22997522,1.4498439,12.598643,10.798837,69.5725
Antigua and Barbuda,ATG,2023,0.089989394,1.9497702,14.688268,11.848603,67.792015
Argentina,ARG,1961,0.9101054,7.0179243,84.38699,8.787573,2.0730178
Argentina,ARG,1962,0.79833984,6.5180907,87.008934,7.3871694,2.4152308
Argentina,ARG,1963,0.8280117,5.725398,87.46631,6.916927,2.8879433
Argentina,ARG,1964,1.261171,5.8821015,65.90375,6.850681,3.9146748
Argentina,ARG,1965,1.008202,6.6037226,67.5092,9.527508,5.776997
Argentina,ARG,1966,0.88647056,6.688823,77.26397,9.851912,5.449779
Argentina,ARG,1967,0.8351672,7.0033298,80.06537,9.247212,5.524178
Argentina,ARG,1968,0.59301794,8.010768,84.39953,7.8398986,5.9804354
Argentina,ARG,1969,0.86381495,7.0310516,89.96733,8.658238,6.2174587
Argentina,ARG,1970,0.8535836,6.3767715,81.913895,8.716595,7.832885
Argentina,ARG,1971,1.2257229,6.9826016,62.12004,10.177519,8.74081
Argentina,ARG,1972,0.6738515,5.2298923,60.26445,8.739954,8.307483
Argentina,ARG,1973,0.65438575,4.5605655,64.38149,9.886258,8.255327
Argentina,ARG,1974,1.2288955,4.00902,72.93797,9.377883,11.090279
Argentina,ARG,1975,1.0277225,4.241874,83.97097,9.733136,10.730631
Argentina,ARG,1976,1.0681355,4.101238,86.64998,9.210151,9.8147545
Argentina,ARG,1977,1.2588096,4.1288953,86.46511,8.831808,9.234627
Argentina,ARG,1978,1.1467578,4.134364,89.70866,7.836179,9.707204
Argentina,ARG,1979,1.2057502,4.1397424,84.231705,9.364659,10.821609
Argentina,ARG,1980,1.204644,3.8147056,85.3691,9.516686,11.243343
Argentina,ARG,1981,1.2838693,3.7412755,85.026245,8.9369335,11.0432825
Argentina,ARG,1982,1.1926633,3.4877882,70.20677,7.947747,11.826408
Argentina,ARG,1983,1.1517085,3.4751554,67.179665,7.0404444,12.198096
Argentina,ARG,1984,1.321057,3.5228183,72.498,7.0256205,11.869495
Argentina,ARG,1985,1.1201311,3.1903737,81.9796,6.3507433,12.081414
Argentina,ARG,1986,1.1094242,3.1783507,72.052605,6.68653,12.85333
Argentina,ARG,1987,1.2585196,2.8566399,71.87546,6.552293,14.4829645
Argentina,ARG,1988,0.92802376,2.644369,67.33661,5.98725,12.313778
Argentina,ARG,1989,0.99687153,2.6018345,65.69384,5.203669,10.78615
Argentina,ARG,1990,1.3545649,2.559729,63.96335,4.233015,11.304641
Argentina,ARG,1991,1.3138313,2.637616,65.76124,4.5088305,12.401772
Argentina,ARG,1992,1.6017559,2.129042,64.7169,5.451939,15.997661
Argentina,ARG,1993,1.5711769,2.1181056,64.41825,7.5774474,22.334576
Argentina,ARG,1994,1.6000232,2.6932068,61.138775,7.8112936,23.32456
Argentina,ARG,1995,1.5494568,2.5228338,55.601665,6.893097,23.698746
Argentina,ARG,1996,1.6880426,2.0256512,54.086872,6.513859,22.848154
Argentina,ARG,1997,1.4992135,1.4495707,55.818398,6.086211,23.719343
Argentina,ARG,1998,1.4990458,1.2111497,55.881653,7.137841,26.843843
Argentina,ARG,1999,1.8756336,1.7664697,59.821793,7.8994937,27.747467
Argentina,ARG,2000,1.8345401,2.0130358,58.596203,7.903397,27.587517
Argentina,ARG,2001,1.585039,1.7138233,56.229256,7.2218337,26.549402
Argentina,ARG,2002,1.5633254,1.4248029,52.351612,4.729554,18.759903
Argentina,ARG,2003,1.6996648,1.5810835,54.70549,5.0594673,19.41768
Argentina,ARG,2004,1.5198884,2.0429668,55.791748,5.0531354,21.712692
Argentina,ARG,2005,1.5669392,2.3356264,55.22722,5.3611,23.996838
Argentina,ARG,2006,1.5941144,2.174687,54.70174,6.4847,27.336111
Argentina,ARG,2007,1.43498,2.3490427,54.16558,6.9095273,28.453884
Argentina,ARG,2008,1.2366805,2.0120595,53.677822,7.606567,30.985718
Argentina,ARG,2009,1.3225461,2.0474973,53.460255,8.01365,32.77955
Argentina,ARG,2010,1.0699999,1.8399999,51.159996,7.9199996,33.819996
Argentina,ARG,2011,0.9600001,1.5200002,49.000008,8.620001,37.490005
Argentina,ARG,2012,0.97,1.47,51.06,8.64,38.4
Argentina,ARG,2013,1.0000002,1.4800003,54.93001,10.120002,37.61001
Argentina,ARG,2014,0.97,1.56,51.18,10.46,38.8
Argentina,ARG,2015,0.98,1.54,52.02,11.37,44.27
Argentina,ARG,2016,1.0199999,1.2999998,49.399998,12.549999,43.829998
Argentina,ARG,2017,1.0299999,1.2599998,51.34999,13.599998,44.29999
Argentina,ARG,2018,1.1100001,1.2700001,51.850002,14.880001,43.960003
Argentina,ARG,2019,1.2,1.33,47.77,14.65,44.93
Argentina,ARG,2020,1.18,1.39,51.26,14.36,46.21
Argentina,ARG,2021,1.26,1.14,44.72,16.05,48.32
Argentina,ARG,2022,1.1699998,0.9299999,46.409996,17.049997,48.29999
Argentina,ARG,2023,1.1199999,1.0699999,48.989998,17.039999,46.729996
Armenia,ARM,1992,0,2.2884734,7.6475573,4.702475,3.3023543
Armenia,ARM,1993,0,2.4494264,12.100752,1.307662,1.7955955
Armenia,ARM,1994,0,2.2001,13.973079,1.808971,1.3396164
Armenia,ARM,1995,0.068209864,2.1437387,16.117018,1.500617,2.494532
Armenia,ARM,1996,0,1.6742082,10.035571,0.78387785,5.7290826
Armenia,ARM,1997,0,1.5079604,11.7156925,0.7346474,6.1091733
Armenia,ARM,1998,0,1.591236,11.8857565,0.9605632,6.219404
Armenia,ARM,1999,0.019537255,1.4164511,10.393821,0.92801964,6.886883
Armenia,ARM,2000,0.029523646,2.58824,10.343119,2.6669695,5.235527
Armenia,ARM,2001,0.029763158,2.212395,10.54608,2.8572633,6.0716844
Armenia,ARM,2002,0.019943474,1.9345171,11.756679,3.1410973,6.222364
Armenia,ARM,2003,0.009990207,2.0479925,13.926349,3.1169446,6.0041146
Armenia,ARM,2004,0.030034302,2.3927329,14.957082,3.3938763,6.026883
Armenia,ARM,2005,0,2.5272422,14.551701,4.813795,7.3310084
Armenia,ARM,2006,0.0100422315,2.4101357,16.409008,6.4872823,5.0412006
Armenia,ARM,2007,0.010051011,2.452447,16.78519,6.9553,10.945552
Armenia,ARM,2008,0,2.5043042,22.96115,8.558887,14.7341585
Armenia,ARM,2009,0,3.022898,21.381964,5.1490026,11.2149515
Armenia,ARM,2010,0.049999952,2.799997,19.65998,6.6899934,14.099986
Armenia,ARM,2011,0.06000002,2.8700008,21.230007,7.9900026,14.730004
Armenia,ARM,2012,0.020000007,2.900001,19.850008,8.600003,14.060005
Armenia,ARM,2013,0.019999959,3.0699937,20.549957,9.509981,13.539972
Armenia,ARM,2014,0.03999982,2.9999866,22.399899,10.739952,13.829938
Armenia,ARM,2015,0.030000009,3.130001,22.650007,10.650003,14.240005
Armenia,ARM,2016,0.039999917,2.6799946,24.30995,9.239981,11.279977
Armenia,ARM,2017,0.039999917,2.7899942,25.049948,9.53998,15.619967
Armenia,ARM,2018,0.05999977,2.9399889,25.349905,10.369961,15.339942
Armenia,ARM,2019,0.09999983,3.2599943,25.379955,9.869983,19.059967
Armenia,ARM,2020,0.039999954,3.679996,25.169973,8.89999,15.769983
Armenia,ARM,2021,0.030000115,3.7600145,25.8601,10.050039,18.510073
Armenia,ARM,2022,0.029999897,3.7399871,24.189917,10.999962,18.569937
Armenia,ARM,2023,0.06999981,3.4999905,22.299938,10.769971,18.039951
Asia,OWID_ASI,1961,0.30166444,0.84309083,1.6278554,1.7185179,0.88205314
Asia,OWID_ASI,1962,0.32061383,0.8429342,1.6677423,2.0320442,0.911845
Asia,OWID_ASI,1963,0.2990417,0.85463065,1.6816142,2.8730476,0.9509687
Asia,OWID_ASI,1964,0.30138704,0.85509,1.7229457,3.513179,0.96298325
Asia,OWID_ASI,1965,0.3003735,0.8525209,1.7148361,3.861895,1.0044267
Asia,OWID_ASI,1966,0.30409124,0.8843927,1.6984468,4.1613746,1.0434285
Asia,OWID_ASI,1967,0.29122713,0.8791433,1.6842308,4.308969,1.1091212
Asia,OWID_ASI,1968,0.27791128,0.8769381,1.6953399,4.19622,1.1681362
Asia,OWID_ASI,1969,0.27560714,0.88746285,1.7358308,4.050429,1.2288306
Asia,OWID_ASI,1970,0.25789776,0.8717236,1.7502067,4.016301,1.2780617
Asia,OWID_ASI,1971,0.25881794,0.8739926,1.7591321,4.414716,1.3351709
Asia,OWID_ASI,1972,0.26437226,0.87374717,1.764132,4.6958537,1.4205319
Asia,OWID_ASI,1973,0.26415104,0.8760749,1.803279,4.708378,1.4801501
Asia,OWID_ASI,1974,0.26444155,0.8681379,1.850858,4.638994,1.5252807
Asia,OWID_ASI,1975,0.25058928,0.9356342,1.862911,4.594246,1.5693041
Asia,OWID_ASI,1976,0.24186708,0.9304209,1.8520273,4.545642,1.6694801
Asia,OWID_ASI,1977,0.24194029,0.96569955,1.8935038,4.524623,1.7748932
Asia,OWID_ASI,1978,0.2395608,0.9865312,1.9392751,4.8736916,1.9188299
Asia,OWID_ASI,1979,0.22672133,0.95525813,2.0004764,5.7606335,2.0478392
Asia,OWID_ASI,1980,0.230432,0.9764022,1.9560918,6.1819506,2.133979
Asia,OWID_ASI,1981,0.2193244,1.0238482,2.0113614,6.3455887,2.243357
Asia,OWID_ASI,1982,0.22065592,1.0660183,2.090208,6.552423,2.3541203
Asia,OWID_ASI,1983,0.22838746,1.0682219,2.1281528,6.691983,2.4491293
Asia,OWID_ASI,1984,0.22530033,1.0684875,2.2238052,7.1707535,2.4305239
Asia,OWID_ASI,1985,0.23088454,1.077022,2.232871,7.870626,2.5018623
Asia,OWID_ASI,1986,0.23368251,1.0708126,2.3544114,7.9551682,2.702106
Asia,OWID_ASI,1987,0.23763411,1.1212158,2.3752043,8.316794,2.941479
Asia,OWID_ASI,1988,0.22763082,1.1358476,2.4256852,8.800732,3.1735237
Asia,OWID_ASI,1989,0.21959144,1.1853293,2.468591,9.064537,3.2116866
Asia,OWID_ASI,1990,0.20987779,1.2120944,2.5148022,9.434953,3.3324876
Asia,OWID_ASI,1991,0.2182709,1.2535347,2.5436285,9.771568,3.6828418
Asia,OWID_ASI,1992,0.309292,1.3936548,3.0276737,10.121601,4.013158
Asia,OWID_ASI,1993,0.30172685,1.4376308,3.1575253,10.348331,4.457776
Asia,OWID_ASI,1994,0.32393077,1.4570976,3.2876887,10.913166,4.6869383
Asia,OWID_ASI,1995,0.36644602,1.5151359,3.4388914,11.0484705,5.2173276
Asia,OWID_ASI,1996,0.37295046,1.4442664,3.4461458,11.02743,5.2595077
Asia,OWID_ASI,1997,0.350769,1.5263916,3.6969178,11.217897,5.628058
Asia,OWID_ASI,1998,0.36099926,1.5776024,3.73292,11.679845,5.811304
Asia,OWID_ASI,1999,0.366854,1.5897852,3.7369394,11.785888,6.197358
Asia,OWID_ASI,2000,0.3620458,1.6194122,3.8171587,12.337475,6.5432186
Asia,OWID_ASI,2001,0.3992806,1.6064309,3.70593,12.278264,6.494471
Asia,OWID_ASI,2002,0.42866558,1.6271871,3.7399628,12.55637,6.66199
Asia,OWID_ASI,2003,0.44486308,1.6693509,3.819281,13.0318575,6.9358287
Asia,OWID_ASI,2004,0.46320626,1.7267056,3.8376029,13.018289,6.8765287
Asia,OWID_ASI,2005,0.47784016,1.7811941,3.777409,13.3724165,7.300947
Asia,OWID_ASI,2006,0.4909232,1.7649006,3.8902068,13.795392,7.525871
Asia,OWID_ASI,2007,0.51211435,1.8130771,4.0810266,13.912984,8.017899
Asia,OWID_ASI,2008,0.51011276,1.7957926,4.063338,14.407733,8.373471
Asia,OWID_ASI,2009,0.5270515,1.7981063,4.1185613,14.705249,8.809133
Asia,OWID_ASI,2010,0.5455093,1.7860932,4.257282,15.119104,8.899343
Asia,OWID_ASI,2011,0.5490762,1.8321923,4.181593,14.597937,9.255124
Asia,OWID_ASI,2012,0.5277863,1.8696196,4.148194,14.716009,9.357679
Asia,OWID_ASI,2013,0.53911734,1.9507108,4.181405,14.853629,9.616161
Asia,OWID_ASI,2014,0.5422297,1.9919415,4.2002025,15.3603735,9.455971
Asia,OWID_ASI,2015,0.5346561,1.9937582,4.2958274,15.539211,9.526255
Asia,OWID_ASI,2016,0.5001193,2.0269728,4.3575506,15.656669,9.936935
Asia,OWID_ASI,2017,0.4315937,2.094281,4.5091553,15.510748,9.983552
Asia,OWID_ASI,2018,0.4337632,2.1239395,4.7350855,15.075012,10.515431
Asia,OWID_ASI,2019,0.42153516,2.0855932,5.0408587,14.499882,11.4901495
Asia,OWID_ASI,2020,0.43252352,2.155123,5.501338,12.07274,12.200208
Asia,OWID_ASI,2021,0.4235988,2.2400742,5.801843,14.046704,12.212191
Asia,OWID_ASI,2022,0.41406548,2.634026,5.823469,15.181635,12.629757
Asia,OWID_ASI,2023,0.41787812,2.8123431,5.8002763,15.401421,12.71338
Asia (FAO),,1961,0.3,0.84,1.62,1.7,0.88
Asia (FAO),,1962,0.32,0.84,1.66,2.01,0.91
Asia (FAO),,1963,0.3,0.86,1.68,2.85,0.95
Asia (FAO),,1964,0.3,0.86,1.74,3.5,0.97
Asia (FAO),,1965,0.31,0.86,1.73,3.86,1.01
Asia (FAO),,1966,0.3,0.89,1.71,4.17,1.05
Asia (FAO),,1967,0.29,0.89,1.7,4.31,1.12
Asia (FAO),,1968,0.28,0.89,1.71,4.19,1.18
Asia (FAO),,1969,0.28,0.9,1.75,4.04,1.24
Asia (FAO),,1970,0.26,0.88,1.76,4.01,1.29
Asia (FAO),,1971,0.26,0.88,1.77,4.4,1.34
Asia (FAO),,1972,0.26,0.88,1.77,4.68,1.43
Asia (FAO),,1973,0.26,0.88,1.81,4.68,1.49
Asia (FAO),,1974,0.27,0.87,1.86,4.61,1.53
Asia (FAO),,1975,0.25,0.94,1.87,4.56,1.57
Asia (FAO),,1976,0.24,0.93,1.85,4.51,1.67
Asia (FAO),,1977,0.24,0.97,1.9,4.49,1.78
Asia (FAO),,1978,0.24,0.99,1.94,4.83,1.92
Asia (FAO),,1979,0.23,0.96,2,5.71,2.05
Asia (FAO),,1980,0.23,0.98,1.95,6.13,2.14
Asia (FAO),,1981,0.22,1.03,2.01,6.29,2.24
Asia (FAO),,1982,0.22,1.07,2.09,6.51,2.36
Asia (FAO),,1983,0.23,1.07,2.13,6.65,2.45
Asia (FAO),,1984,0.23,1.07,2.23,7.12,2.44
Asia (FAO),,1985,0.23,1.08,2.23,7.81,2.5
Asia (FAO),,1986,0.23,1.07,2.36,7.88,2.7
Asia (FAO),,1987,0.24,1.12,2.37,8.24,2.94
Asia (FAO),,1988,0.23,1.14,2.42,8.72,3.17
Asia (FAO),,1989,0.22,1.19,2.47,8.98,3.21
Asia (FAO),,1990,0.21,1.21,2.51,9.34,3.33
Asia (FAO),,1991,0.22,1.25,2.54,9.69,3.68
Asia (FAO),,1992,0.31,1.4,3.03,10.04,4.02
Asia (FAO),,1993,0.3,1.44,3.16,10.26,4.46
Asia (FAO),,1994,0.32,1.46,3.29,10.82,4.7
Asia (FAO),,1995,0.37,1.52,3.44,10.96,5.23
Asia (FAO),,1996,0.38,1.45,3.46,10.95,5.28
Asia (FAO),,1997,0.35,1.53,3.71,11.15,5.66
Asia (FAO),,1998,0.36,1.59,3.75,11.62,5.85
Asia (FAO),,1999,0.37,1.6,3.76,11.74,6.25
Asia (FAO),,2000,0.37,1.64,3.85,12.3,6.6
Asia (FAO),,2001,0.4,1.62,3.74,12.26,6.56
Asia (FAO),,2002,0.43,1.65,3.78,12.55,6.74
Asia (FAO),,2003,0.45,1.69,3.86,13.02,7.02
Asia (FAO),,2004,0.47,1.75,3.88,13.01,6.96
Asia (FAO),,2005,0.48,1.8,3.83,13.38,7.4
Asia (FAO),,2006,0.5,1.79,3.95,13.8,7.63
Asia (FAO),,2007,0.52,1.84,4.14,13.93,8.14
Asia (FAO),,2008,0.52,1.83,4.13,14.43,8.51
Asia (FAO),,2009,0.54,1.83,4.19,14.74,8.96
Asia (FAO),,2010,0.55,1.79,4.26,14.9,8.92
Asia (FAO),,2011,0.55,1.84,4.18,14.38,9.27
Asia (FAO),,2012,0.53,1.88,4.15,14.49,9.38
Asia (FAO),,2013,0.54,1.95,4.19,14.62,9.64
Asia (FAO),,2014,0.54,1.99,4.21,15.23,9.47
Asia (FAO),,2015,0.53,2,4.3,15.4,9.54
Asia (FAO),,2016,0.5,2.03,4.36,15.51,9.96
Asia (FAO),,2017,0.43,2.1,4.51,15.37,10
Asia (FAO),,2018,0.43,2.13,4.74,14.97,10.54
Asia (FAO),,2019,0.45,2.08,5.02,14.33,11.46
Asia (FAO),,2020,0.46,2.15,5.48,11.96,12.16
Asia (FAO),,2021,0.45,2.24,5.78,13.91,12.17
Asia (FAO),,2022,0.44,2.62,5.8,15.12,12.59
Asia (FAO),,2023,0.44,2.74,5.86,15.5,13.06
Australia,AUS,1961,2.4387357,46.0961,41.228626,10.334642,4.797513
Australia,AUS,1962,2.1367552,44.64221,49.51481,11.302835,4.652934
Australia,AUS,1963,2.6750224,42.421062,51.803604,10.789922,4.661326
Australia,AUS,1964,2.3571885,40.71144,54.954456,10.377623,5.303674
Australia,AUS,1965,2.1219637,38.745857,52.208317,10.810005,6.315845
Australia,AUS,1966,2.1619654,38.040535,48.699524,11.584112,5.9428906
Australia,AUS,1967,1.8657806,37.680653,44.028362,11.81323,7.4631224
Australia,AUS,1968,1.6980835,38.15573,46.175594,12.213925,8.469958
Australia,AUS,1969,1.9848241,40.416367,47.81061,13.009339,8.803159
Australia,AUS,1970,1.6490489,37.62085,45.190086,13.376758,9.699685
Australia,AUS,1971,1.2141287,41.08814,45.64112,13.709537,11.493752
Australia,AUS,1972,1.0647087,42.990124,46.51572,14.182724,12.043262
Australia,AUS,1973,1.6640903,33.632668,48.23857,15.879031,11.608534
Australia,AUS,1974,1.8407378,23.639473,40.846375,14.675882,13.795529
Australia,AUS,1975,2.0098572,26.338127,70.98495,12.499111,13.289055
Australia,AUS,1976,1.881103,23.423737,78.516045,11.826935,14.18832
Australia,AUS,1977,1.6409801,17.890686,78.797066,12.637548,15.048989
Australia,AUS,1978,1.6602197,17.232279,80.950714,13.571795,16.71221
Australia,AUS,1979,1.6798804,18.218702,62.14558,13.20906,18.208704
Australia,AUS,1980,2.6376069,20.061798,52.522346,14.596756,20.74118
Australia,AUS,1981,2.2821553,20.439741,51.453136,15.287452,19.722208
Australia,AUS,1982,2.8626578,19.660892,56.010677,14.859976,18.557575
Australia,AUS,1983,2.5339718,20.470518,48.145466,15.303203,20.192278
Australia,AUS,1984,2.299404,21.928947,47.44138,16.036102,18.99248
Australia,AUS,1985,2.8618908,23.413658,47.74472,16.124313,21.718462
Australia,AUS,1986,3.4051979,23.716553,45.925232,16.666496,22.118805
Australia,AUS,1987,3.7985399,22.021536,46.162254,17.003464,23.081127
Australia,AUS,1988,3.6386611,22.53171,43.7539,17.353615,23.141483
Australia,AUS,1989,3.4961903,21.43664,45.750145,17.780624,23.284626
Australia,AUS,1990,3.7236178,22.810904,46.480335,18.108961,23.928986
Australia,AUS,1991,4.172487,21.611086,44.44996,17.877808,23.807133
Australia,AUS,1992,3.8055959,20.845877,43.249947,19.127863,24.98109
Australia,AUS,1993,4.000473,20.652441,42.024967,18.392174,25.753044
Australia,AUS,1994,4.2656097,19.81606,42.065315,19.085096,26.604986
Australia,AUS,1995,4.196636,18.268888,40.9147,19.360615,26.201433
Australia,AUS,1996,3.9672892,16.470263,42.167477,18.413832,26.809258
Australia,AUS,1997,2.718507,16.80258,36.875393,18.869045,30.956873
Australia,AUS,1998,2.844117,16.843605,39.325195,19.536974,32.712368
Australia,AUS,1999,2.7569559,15.917898,42.45108,18.916338,31.010721
Australia,AUS,2000,3.050038,17.716394,39.45924,18.984726,32.58407
Australia,AUS,2001,3.4716566,14.973406,42.585655,17.801044,31.818487
Australia,AUS,2002,4.004301,14.548289,39.046967,19.910833,33.885643
Australia,AUS,2003,3.5839887,13.520496,45.81666,20.909956,34.843216
Australia,AUS,2004,3.257604,13.02033,37.265778,20.433144,34.6839
Australia,AUS,2005,3.3671665,13.003532,42.86312,22.02309,37.33207
Australia,AUS,2006,3.6380222,13.761656,35.96474,21.86867,38.06243
Australia,AUS,2007,2.9099185,14.458342,43.800865,23.046148,39.583004
Australia,AUS,2008,2.5928712,12.589605,38.295494,22.586338,37.758686
Australia,AUS,2009,2.539266,11.563272,38.95902,21.83162,38.695988
Australia,AUS,2010,2.1399999,10.199999,38.589996,22.249996,46.45999
Australia,AUS,2011,2.31,9.17,41.89,23.49,47.07
Australia,AUS,2012,2.2299993,9.929997,36.849987,24.439993,47.339985
Australia,AUS,2013,2.2899997,9.919999,35.779995,24.119999,47.699997
Australia,AUS,2014,1.14,11.15,35,24.43,47.5
Australia,AUS,2015,1.0900002,11.750002,33.020004,25.980003,47.940006
Australia,AUS,2016,1.0099999,11.879999,34.129997,25.479998,50.159996
Australia,AUS,2017,0.9499998,10.049998,28.099995,25.319994,50.33999
Australia,AUS,2018,0.88000035,10.750005,27.96001,25.660011,48.230022
Australia,AUS,2019,0.88999987,9.369999,25.829996,28.229996,48.66999
Australia,AUS,2020,0.76000005,10.070001,36.670002,24.030003,48.260002
Australia,AUS,2021,0.97000015,8.740001,24.770002,25.610004,48.240005
Australia,AUS,2022,1.1199998,9.859997,25.969994,26.809992,49.509987
Australia,AUS,2023,1.1299998,10.559998,26.909992,25.049994,53.129986
Austria,AUT,1961,1.9121401,0.49054906,18.240416,41.025917,4.0645494
Austria,AUT,1962,1.7122592,0.48063412,20.186634,42.085526,5.8477154
Austria,AUT,1963,1.5026126,0.41071412,19.794418,41.712524,6.3510427
Austria,AUT,1964,1.4427129,0.36067823,19.356396,43.501797,7.2336016
Austria,AUT,1965,1.0621266,0.37074235,18.537117,43.96804,6.36274
Austria,AUT,1966,1.0813979,0.3304271,19.665419,41.804035,7.17928
Austria,AUT,1967,1.0896612,0.33989432,20.403656,42.48679,7.237749
Austria,AUT,1968,1.039912,0.30997378,21.078217,42.88637,7.4193726
Austria,AUT,1969,0.9416037,0.32054594,21.727007,43.844677,7.542847
Austria,AUT,1970,0.9930073,0.29088092,22.417892,44.32423,8.174756
Austria,AUT,1971,0.99334836,0.26087937,22.31522,46.396393,8.4785795
Austria,AUT,1972,0.99206537,0.2705633,22.106022,47.91976,8.768254
Austria,AUT,1973,1.0604042,0.28010678,22.698654,48.09834,9.483615
Austria,AUT,1974,0.9914381,0.32046482,25.24662,47.78932,8.572434
Austria,AUT,1975,1.0054326,0.38206437,25.005108,49.135487,8.827698
Austria,AUT,1976,1.157988,0.42291734,25.908722,52.300777,9.545848
Austria,AUT,1977,1.1555724,0.40193823,24.086147,53.859722,9.88768
Austria,AUT,1978,1.0935746,0.46150857,25.38297,54.718864,10.353845
Austria,AUT,1979,1.1229163,0.5414061,24.884628,57.098293,10.677731
Austria,AUT,1980,1.0709347,0.5404717,26.132807,56.349174,10.739371
Austria,AUT,1981,1.0475649,0.5487245,25.620445,61.826286,10.914628
Austria,AUT,1982,0.9173179,0.49854234,24.348808,60.64269,10.160293
Austria,AUT,1983,0.9496022,0.56976134,23.760048,60.444683,11.195311
Austria,AUT,1984,0.9507897,0.6505403,23.619617,61.601166,11.929909
Austria,AUT,1985,0.99152994,0.6109427,21.15264,60.954056,11.477711
Austria,AUT,1986,0.7915241,0.68131185,22.51335,60.887238,12.2235365
Austria,AUT,1987,0.6816776,0.791949,21.974077,62.132904,13.152368
Austria,AUT,1988,0.7822266,0.82234085,21.481148,68.3646,12.565769
Austria,AUT,1989,0.7910984,1.0013903,21.870365,67.27341,13.358547
Austria,AUT,1990,0.8489345,1.0986211,21.722734,66.57644,13.483077
Austria,AUT,1991,1.2250624,1.1254637,23.355864,66.342606,14.222674
Austria,AUT,1992,1.2924223,1.1532383,24.82445,67.17613,14.624256
Austria,AUT,1993,0.96564627,1.0950627,22.996319,65.43498,14.972494
Austria,AUT,1994,0.909982,1.2099761,21.929567,71.35859,14.779707
Austria,AUT,1995,0.9842746,1.1449724,20.268023,57.26871,15.386823
Austria,AUT,1996,1.1066439,1.1670063,21.992033,59.738647,15.553376
Austria,AUT,1997,1.2267655,1.1764882,20.26174,58.27136,16.07867
Austria,AUT,1998,1.2347075,1.1544012,19.986198,57.80037,16.482841
Austria,AUT,1999,1.1119587,1.0618705,18.2221,57.421146,16.819628
Austria,AUT,2000,1.1209884,1.2711207,19.507198,60.35321,17.075054
Austria,AUT,2001,0.95079935,1.2110182,18.675701,56.11718,17.905052
Austria,AUT,2002,0.8911409,1.1414614,18.914215,56.031734,17.282125
Austria,AUT,2003,1.0023879,1.1226745,18.664463,54.730377,16.810045
Austria,AUT,2004,1.01241,1.1126487,18.283525,56.99568,18.01288
Austria,AUT,2005,1.0612618,1.151369,17.841213,55.726257,18.461952
Austria,AUT,2006,1.0008584,1.1409786,18.205616,53.87621,17.044619
Austria,AUT,2007,0.8514396,0.98165977,17.860197,56.19501,17.699926
Austria,AUT,2008,0.4810813,1.1826582,17.890211,52.377728,17.158567
Austria,AUT,2009,0.65209734,1.1336461,17.405983,55.297855,17.716984
Austria,AUT,2010,1.2000004,1.1300004,17.490005,67.580025,18.850006
Austria,AUT,2011,1.2499996,1.1399996,17.389994,65.50998,18.699995
Austria,AUT,2012,1.3700001,1.1400001,17.380001,48.380005,18.960001
Austria,AUT,2013,1.4599999,1.1399999,17.159998,52.599995,18.729998
Austria,AUT,2014,1.3300014,1.140001,14.060014,47.690044,19.18002
Austria,AUT,2015,1.1900005,1.1400003,14.210005,53.11002,18.940006
Austria,AUT,2016,1.19,1.14,15.97,49.36,18.22
Austria,AUT,2017,1.1800001,1.1200001,15.510002,49.11001,18.240002
Austria,AUT,2018,1.3499997,1.1399996,16.829994,48.549984,18.649994
Austria,AUT,2019,0.5900002,1.1700004,16.220007,47.08002,15.7000065
Austria,AUT,2020,0.3300003,1.0500009,15.010014,45.450043,15.950014
Austria,AUT,2021,0.30000022,0.9600007,14.12001,43.330032,16.420012
Austria,AUT,2022,0.5200001,0.9900002,14.280003,42.230007,18.080004
Austria,AUT,2023,0.4599998,0.9999995,13.849994,40.85998,17.539993
Azerbaijan,AZE,1992,0,3.6421032,9.246113,0.71433514,4.8494306
Azerbaijan,AZE,1993,0,3.4688256,8.379634,0.34284905,3.4889932
Azerbaijan,AZE,1994,0.01008688,2.9352822,5.467089,0.43373585,2.8445
Azerbaijan,AZE,1995,0.08053598,2.9898982,6.513347,0.41274688,3.5939178
Azerbaijan,AZE,1996,0.07018789,3.9204948,6.2066145,0.5615031,5.284145
Azerbaijan,AZE,1997,0.009982082,3.2641408,6.059124,0.62887114,5.0509334
Azerbaijan,AZE,1998,0.009947908,4.038851,5.9687448,1.084322,7.480827
Azerbaijan,AZE,1999,0.1291579,4.301952,6.6565995,0.87429965,5.5239844
Azerbaijan,AZE,2000,0,4.2800617,6.9017234,0.665346,4.3892975
Azerbaijan,AZE,2001,0.0099311955,4.4591064,6.9319744,0.5660781,3.5255742
Azerbaijan,AZE,2002,0.019889165,4.5247855,7.6374397,0.56684124,3.2319894
Azerbaijan,AZE,2003,0,4.68292,8.4990015,0.60778326,3.5171719
Azerbaijan,AZE,2004,0,4.7959075,8.375389,0.6879784,4.1876945
Azerbaijan,AZE,2005,0.019920327,4.8804803,8.814746,0.69721144,4.6912374
Azerbaijan,AZE,2006,0,5.132528,9.190805,0.84547454,4.7048173
Azerbaijan,AZE,2007,0.029801842,5.115983,8.414054,0.7847819,6.84449
Azerbaijan,AZE,2008,0.01985544,5.18227,8.637116,0.72472364,7.2472363
Azerbaijan,AZE,2009,0.009933303,7.479778,10.191569,0.71519786,8.850574
Azerbaijan,AZE,2010,0.009999997,7.689998,12.569997,0.3399999,8.699998
Azerbaijan,AZE,2011,0.039999973,7.619995,12.799993,0.29999983,9.639995
Azerbaijan,AZE,2012,0.020000001,7.6400003,12.410001,0.23000002,10.530001
Azerbaijan,AZE,2013,0.07999994,7.739994,12.61999,0.20999984,10.369992
Azerbaijan,AZE,2014,0.05000002,7.000003,11.640005,0.34000012,11.380005
Azerbaijan,AZE,2015,0,7.119993,12.709988,1.2099988,11.739988
Azerbaijan,AZE,2016,0,7.6899967,12.229994,0.7799996,11.699995
Azerbaijan,AZE,2017,0,7.68,12.65,0.62,12.97
Azerbaijan,AZE,2018,0,7.6999984,12.799998,0.6099999,13.749998
Azerbaijan,AZE,2019,0,8.259998,12.559998,0.65999985,14.439996
Azerbaijan,AZE,2020,0,8.289995,13.349993,0.67999965,14.369992
Azerbaijan,AZE,2021,0,8.5599985,14.949997,0.8299998,15.309998
Azerbaijan,AZE,2022,0,8.649994,15.109989,0.8199994,15.479989
Azerbaijan,AZE,2023,0,8.610001,14.210001,0.93000007,15.680002
Bahamas,BHS,1961,0.028229864,3.8298519,29.123812,18.80109,8.46896
Bahamas,BHS,1962,0.01883166,3.1731343,27.804945,18.615095,8.1917715
Bahamas,BHS,1963,0.04700257,3.130371,28.624565,18.133593,7.811827
Bahamas,BHS,1964,0.15147875,3.4272068,31.744265,18.149048,8.624822
Bahamas,BHS,1965,0.21761315,3.3398888,31.033527,17.872662,10.653584
Bahamas,BHS,1966,0.1979546,3.4217868,33.143257,20.427029,11.651042
Bahamas,BHS,1967,0.33941546,3.6770008,31.471355,18.573568,12.794077
Bahamas,BHS,1968,0.58888197,2.720074,34.659912,18.601192,17.900143
Bahamas,BHS,1969,0.83845997,3.4459782,31.7417,18.980522,22.325148
Bahamas,BHS,1970,1.8544825,3.58107,30.82278,19.741562,21.998
Bahamas,BHS,1971,0.90250385,3.546202,29.901136,21.104002,21.131351
Bahamas,BHS,1972,0.8988065,3.40457,27.254719,22.669897,21.298988
Bahamas,BHS,1973,0.9825199,3.3441734,24.094273,21.04756,20.425598
Bahamas,BHS,1974,0.80177444,3.1980891,23.224434,20.377684,21.350624
Bahamas,BHS,1975,1.0985389,3.2595987,22.258917,20.494053,20.376993
Bahamas,BHS,1976,0.29689956,3.7967153,21.709654,20.477072,21.8716
Bahamas,BHS,1977,0.17976995,3.415629,16.655687,18.048903,21.347681
Bahamas,BHS,1978,0.15346114,3.1685212,24.481567,16.176609,21.854671
Bahamas,BHS,1979,0.09025429,3.1408494,31.453619,18.52018,20.722383
Bahamas,BHS,1980,0.30850607,3.2393136,32.665348,21.423025,31.930376
Bahamas,BHS,1981,0.2271517,3.3436732,31.728548,20.834354,30.556448
Bahamas,BHS,1982,0.07314316,4.2514462,37.933872,20.013798,31.670988
Bahamas,BHS,1983,0.11033107,4.1741924,38.671043,21.38584,29.46759
Bahamas,BHS,1984,0.06469007,3.9645772,37.353893,21.64345,34.368908
Bahamas,BHS,1985,0.11138804,5.857155,36.052597,22.240479,32.13545
Bahamas,BHS,1986,0.0463993,5.6514344,35.07787,22.856293,34.771633
Bahamas,BHS,1987,0.055660114,5.436138,33.03428,25.028498,34.37012
Bahamas,BHS,1988,0.03722927,5.509932,34.409157,24.01288,36.829056
Bahamas,BHS,1989,0.037169922,4.525438,36.157043,22.757286,30.30278
Bahamas,BHS,1990,0.05566145,4.879654,35.938744,20.984367,34.519375
Bahamas,BHS,1991,0.06507685,5.2898183,34.34198,21.001228,36.489517
Bahamas,BHS,1992,0.037210863,5.27464,34.689827,21.014835,25.191755
Bahamas,BHS,1993,0.06511069,4.055466,34.313335,20.770311,24.193274
Bahamas,BHS,1994,0.16754408,6.1712065,35.370415,19.649197,29.906618
Bahamas,BHS,1995,0.16718027,4.0866284,29.58162,18.668463,31.0398
Bahamas,BHS,1996,0.32453856,3.8017375,20.436659,17.135637,39.565887
Bahamas,BHS,1997,0.80308384,4.467731,14.400124,20.870949,44.649612
Bahamas,BHS,1998,0.6344807,3.4666557,14.096507,21.719473,47.852722
Bahamas,BHS,1999,0.6233594,5.5919003,14.126424,26.25443,47.962006
Bahamas,BHS,2000,4.646962,5.5119405,12.652618,26.115004,49.690285
Bahamas,BHS,2001,3.0683825,4.8983216,18.373325,23.900112,49.546986
Bahamas,BHS,2002,3.1028118,5.2458954,16.604237,26.909672,55.7388
Bahamas,BHS,2003,0.99801856,4.0203204,19.254229,24.366718,49.23245
Bahamas,BHS,2004,0.9571093,4.3306828,15.996044,21.558651,52.41358
Bahamas,BHS,2005,0.46876317,4.1519027,18.128698,24.05042,50.69339
Bahamas,BHS,2006,1.5238271,4.851171,19.144283,23.551807,51.462917
Bahamas,BHS,2007,0.7162446,5.4299083,18.390062,23.113405,52.411682
Bahamas,BHS,2008,1.136896,5.2569294,18.569304,24.69105,52.88996
Bahamas,BHS,2009,0.37077665,5.103058,21.49529,28.120483,53.586983
Bahamas,BHS,2010,0.30999833,3.149983,28.509846,34.119816,57.26969
Bahamas,BHS,2011,0.14999679,3.1099331,15.459668,24.989462,46.519
Bahamas,BHS,2012,0.35999617,5.489941,24.37974,32.589653,46.8995
Bahamas,BHS,2013,0.32999393,4.8299108,24.749544,28.879467,49.129097
Bahamas,BHS,2014,0.26999152,4.3698626,14.829534,36.84884,49.358448
Bahamas,BHS,2015,0.28999624,2.5099676,16.18979,38.489502,50.08935
Bahamas,BHS,2016,0.36,2.1,10.46,31.6,50.63
Bahamas,BHS,2017,0.45999292,2.7999568,8.099875,33.13949,51.36921
Bahamas,BHS,2018,0.13000065,1.7000087,9.72005,33.11017,55.930286
Bahamas,BHS,2019,0.1099961,1.6299422,9.829652,29.268963,53.238113
Bahamas,BHS,2020,0.04999823,1.6399419,7.449736,28.948977,71.187485
Bahamas,BHS,2021,0.43998778,1.7699509,7.129802,35.32902,72.98797
Bahamas,BHS,2022,0.4999975,2.8999856,11.439942,31.239843,65.44967
Bahamas,BHS,2023,0.6199814,3.2699018,12.269632,32.459023,66.28801
Bahrain,BHR,2019,0.7699974,22.629923,13.769955,0.97999674,47.249844
Bahrain,BHR,2020,0.5999996,21.649984,14.26999,0.9699994,50.779964
Bahrain,BHR,2021,1.2399983,21.37997,13.949982,0.69999903,41.049946
Bahrain,BHR,2022,1.53,22.61,14.88,0.85,44.91
Bahrain,BHR,2023,0.8999977,21.629944,13.889965,0.6399984,39.1999
Bangladesh,BGD,1961,0.05734797,0.51613176,2.2461288,0,0.35364583
Bangladesh,BGD,1962,0.06683916,0.5251648,2.2343373,0,0.42013183
Bangladesh,BGD,1963,0.0667847,0.5342776,2.213436,0,0.4770336
Bangladesh,BGD,1964,0.07632115,0.5628684,2.194233,0,0.534248
Bangladesh,BGD,1965,0.07639077,0.55383307,2.1293929,0,0.620675
Bangladesh,BGD,1966,0.076575555,0.47859722,2.1536875,0,0.7083239
Bangladesh,BGD,1967,0.08639505,0.47037303,2.1310778,0,0.7583565
Bangladesh,BGD,1968,0.08656107,0.4712769,2.1063192,0,0.7982853
Bangladesh,BGD,1969,0.08655733,0.47125655,2.115846,0,0.8367208
Bangladesh,BGD,1970,0.09601804,0.4704884,2.1027951,0,0.883366
Bangladesh,BGD,1971,0.09623096,0.48115483,2.0497196,0,0.8083401
Bangladesh,BGD,1972,0.095935985,0.4988671,2.0050619,0,0.72911346
Bangladesh,BGD,1973,0.09461317,0.50144976,1.8544182,0,0.6622922
Bangladesh,BGD,1974,0.09346467,0.50470924,1.8506005,0,0.6449062
Bangladesh,BGD,1975,0.10210283,0.51979625,1.837851,0,0.6311812
Bangladesh,BGD,1976,0.09259872,0.52781266,1.8519744,0,0.6111516
Bangladesh,BGD,1977,0.092686616,0.53758234,1.8444637,0,0.5097764
Bangladesh,BGD,1978,0.08369423,0.5393628,2.0551581,0,0.78114605
Bangladesh,BGD,1979,0.08403764,0.47621325,2.0916033,0,0.8123638
Bangladesh,BGD,1980,0.093730226,0.28119066,1.3965803,0,0.5998734
Bangladesh,BGD,1981,0.08447949,0.27221167,1.3798317,0,0.61951625
Bangladesh,BGD,1982,0.06566075,0.31892365,1.3601155,0,0.6378473
Bangladesh,BGD,1983,0.07501954,0.34696537,1.3409742,0,0.6657984
Bangladesh,BGD,1984,0.07508381,0.40357548,1.2764248,0,0.60067046
Bangladesh,BGD,1985,0.084644355,0.52667594,1.3543097,0,0.6677499
Bangladesh,BGD,1986,0.06605546,0.55675316,1.3305457,0,0.6888641
Bangladesh,BGD,1987,0.07582139,0.5781382,1.3173968,0,0.72030324
Bangladesh,BGD,1988,0.057155456,0.6096582,1.3050495,0,0.7430209
Bangladesh,BGD,1989,0.047873233,0.6415013,1.2925773,0,0.7659717
Bangladesh,BGD,1990,0.06733646,0.67336464,1.2890123,0,0.79841805
Bangladesh,BGD,1991,0.06763025,0.70528686,1.2559901,0,0.8212244
Bangladesh,BGD,1992,0.07757059,0.7466169,1.2508256,0,0.8435801
Bangladesh,BGD,1993,0.07780967,0.7878229,1.2449547,0,0.8948112
Bangladesh,BGD,1994,0.07802287,0.82899296,1.2483659,0,0.91676867
Bangladesh,BGD,1995,0.078218356,0.87995654,1.2319392,0,0.95817494
Bangladesh,BGD,1996,0.0784231,0.95088017,1.2449667,0,0.8430484
Bangladesh,BGD,1997,0.088405825,0.9921098,1.3260874,0,0.87423533
Bangladesh,BGD,1998,0.08851183,1.003134,1.2686696,0,0.8851183
Bangladesh,BGD,1999,0.08854138,0.9837931,1.3182827,0,0.91492754
Bangladesh,BGD,2000,0.088554256,0.9740968,1.3086351,0,0.9642574
Bangladesh,BGD,2001,0.088634394,0.9651301,1.3098195,0,1.0045232
Bangladesh,BGD,2002,0.088751286,1.0058478,1.3115467,0,1.0452927
Bangladesh,BGD,2003,0.09873424,1.0367094,1.3131653,0,1.0860766
Bangladesh,BGD,2004,0.08894959,1.0673951,1.304594,0,1.1168115
Bangladesh,BGD,2005,0.0890169,1.097875,1.2956903,0,1.1572195
Bangladesh,BGD,2006,0.08905517,1.1280322,1.2962475,0,1.2269824
Bangladesh,BGD,2007,0.0989646,1.1677822,1.2964362,0,1.2766433
Bangladesh,BGD,2008,0.09899363,1.1978229,1.2869171,0,1.2770178
Bangladesh,BGD,2009,0.099091485,1.2386435,1.2881892,0,1.3080076
Bangladesh,BGD,2010,0.10000001,1.23,1.27,0,1.28
Bangladesh,BGD,2011,0.1,1.27,1.17,0,1.33
Bangladesh,BGD,2012,0.099999994,1.3099998,1.1699998,0,1.3899999
Bangladesh,BGD,2013,0.10000001,1.34,1.22,0,1.4400002
Bangladesh,BGD,2014,0.20000002,1.38,1.31,0,1.4900001
Bangladesh,BGD,2015,0.10000001,1.4200001,1.3700001,0,1.5500001
Bangladesh,BGD,2016,0.11,1.46,1.31,0,1.61
Bangladesh,BGD,2017,0.11000001,1.4000001,1.2100002,0,1.5900002
Bangladesh,BGD,2018,0.10999999,1.3899999,1.2099999,0,1.5799999
Bangladesh,BGD,2019,0.099999994,1.4099998,1.2299999,0,1.5799999
Bangladesh,BGD,2020,0.099999994,1.3899999,1.2599999,0,1.6199999
Bangladesh,BGD,2021,0.099999994,1.3299999,1.2899998,0,1.6499999
Bangladesh,BGD,2022,0.10000001,1.4200001,1.2800001,0,1.6700001
Bangladesh,BGD,2023,0.12,1.45,1.22,0.01,1.7
Barbados,BRB,1961,0.079603694,0.98509574,11.592288,21.73181,2.497566
Barbados,BRB,1962,0.11885936,0.99049467,10.994491,22.216795,3.0606284
Barbados,BRB,1963,0.09849895,0.98498946,14.016399,23.462448,2.8663194
Barbados,BRB,1964,0.11701511,1.1116436,15.953061,23.76382,3.8029914
Barbados,BRB,1965,0.24234699,1.6770412,19.523474,24.855106,4.84694
Barbados,BRB,1966,0.17338069,1.4159422,14.101629,22.751398,5.6541367
Barbados,BRB,1967,0.08595745,1.5854374,15.7970705,23.600094,8.18506
Barbados,BRB,1968,0.038140606,1.9261005,16.38139,25.077448,8.982113
Barbados,BRB,1969,0.03816442,2.4138994,18.013605,25.875477,10.857778
Barbados,BRB,1970,0.038332302,2.4628506,18.361174,29.31463,12.55383
Barbados,BRB,1971,0.14447562,5.663444,18.569933,31.958006,16.13311
Barbados,BRB,1972,0.038611583,3.4750426,21.072273,32.62679,18.060568
Barbados,BRB,1973,0.019414373,4.4361844,16.715775,29.7137,14.822874
Barbados,BRB,1974,0,2.8312585,14.623304,32.437855,18.699926
Barbados,BRB,1975,0,2.5463,17.549883,28.880919,20.468334
Barbados,BRB,1976,0.00982287,2.730758,22.857819,30.293732,21.32545
Barbados,BRB,1977,0,3.3079917,23.342447,30.243095,18.964512
Barbados,BRB,1978,0,2.6124358,22.84156,30.55071,22.890852
Barbados,BRB,1979,0,3.34579,18.998953,26.49984,28.967236
Barbados,BRB,1980,0,4.217101,14.076801,29.252424,30.70762
Barbados,BRB,1981,0,3.5774593,23.25844,31.275517,32.98001
Barbados,BRB,1982,0,3.966843,25.447296,28.729858,33.72808
Barbados,BRB,1983,0,4.355553,26.252377,25.131243,31.560396
Barbados,BRB,1984,0.06947005,5.5675282,24.681717,22.250265,31.966146
Barbados,BRB,1985,0.208497,6.880401,27.452106,23.351665,30.46042
Barbados,BRB,1986,6.6773696,7.6412163,21.035702,19.734013,34.549427
Barbados,BRB,1987,5.9932837,10.148627,17.430468,20.197365,37.23827
Barbados,BRB,1988,5.2044473,9.332112,14.785815,18.554554,39.28261
Barbados,BRB,1989,6.037356,10.285495,16.952574,20.690939,52.776882
Barbados,BRB,1990,6.1899657,10.206432,15.985738,18.830317,48.22765
Barbados,BRB,1991,1.3832879,11.798043,15.095882,20.22808,43.944454
Barbados,BRB,1992,0,10.017942,12.845831,17.859816,38.066177
Barbados,BRB,1993,0.090332374,8.160024,11.923873,17.303667,37.779003
Barbados,BRB,1994,0,8.131639,13.789738,17.965715,37.984367
Barbados,BRB,1995,0.04014562,6.433336,12.92689,14.99439,42.22316
Barbados,BRB,1996,0.06039117,6.542377,13.225667,13.316253,44.920967
Barbados,BRB,1997,0.04039557,6.47339,15.491702,12.68421,45.596504
Barbados,BRB,1998,0.050488885,6.5332613,14.258061,12.319287,48.92373
Barbados,BRB,1999,0.020265045,6.515212,17.063168,10.36557,48.210545
Barbados,BRB,2000,0.0101880785,5.8988976,15.475691,7.0399623,42.525043
Barbados,BRB,2001,0,4.993808,13.143212,5.1572046,45.281277
Barbados,BRB,2002,0,4.558687,14.555091,5.1821847,42.970226
Barbados,BRB,2003,0,5.006264,11.246251,5.4039106,43.679913
Barbados,BRB,2004,0,4.4672403,12.506238,5.891873,42.189472
Barbados,BRB,2005,0.010196601,4.415128,14.9788065,6.3422856,51.56421
Barbados,BRB,2006,0.01018477,4.9905376,13.72907,7.3737736,44.721325
Barbados,BRB,2007,0.010173315,11.567059,13.622069,7.060281,46.12581
Barbados,BRB,2008,0.020387284,5.2905006,13.85316,8.236464,43.7715
Barbados,BRB,2009,0,4.6205363,13.413804,8.284398,44.760174
Barbados,BRB,2010,0.0399984,5.99976,13.089477,8.869645,41.74833
Barbados,BRB,2011,0.029998915,3.569871,13.059528,8.069708,43.12844
Barbados,BRB,2012,0.0399987,4.1698647,11.619622,8.109736,43.29859
Barbados,BRB,2013,0,3.9300144,13.720051,8.470031,41.20015
Barbados,BRB,2014,0,4.3499217,11.959785,8.269852,44.99919
Barbados,BRB,2015,0,4.0398693,14.669526,9.109706,48.428436
Barbados,BRB,2016,0,3.7999456,13.749804,9.389866,45.859344
Barbados,BRB,2017,0.049998753,4.299893,12.729682,8.609785,46.99883
Barbados,BRB,2018,0.049998395,4.079869,12.649593,9.049709,49.53841
Barbados,BRB,2019,0.059998717,3.6299226,12.299737,9.709792,49.93893
Barbados,BRB,2020,0.0799983,3.9799154,13.749708,15.3596735,52.088894
Barbados,BRB,2021,0.07999801,3.8899035,13.069675,14.399642,55.078632
Barbados,BRB,2022,0.099998586,3.7999463,14.099801,10.709848,50.94928
Barbados,BRB,2023,0.09999752,3.9199028,11.939703,11.30972,48.96879
Belarus,BLR,1992,0.57264644,0.49227503,36.187237,30.209612,11.84474
Belarus,BLR,1993,0.59026957,0.4902239,33.615353,26.211973,12.805849
Belarus,BLR,1994,0.4895118,0.4395616,29.950129,24.61545,9.150873
Belarus,BLR,1995,0.51956826,0.33971775,26.497984,25.618713,6.854305
Belarus,BLR,1996,0.58953416,0.33973154,25.799614,26.419125,6.305018
Belarus,BLR,1997,0.5699231,0.2499663,24.926638,28.02622,7.1190395
Belarus,BLR,1998,1.5000627,0.26001084,26.09109,30.271265,5.940248
Belarus,BLR,1999,1.3094492,0.24989489,24.999485,29.897425,7.6367874
Belarus,BLR,2000,1.128834,0.21977298,20.408918,28.400663,9.110589
Belarus,BLR,2001,1.1479092,0.24954548,20.712275,27.639658,9.512673
Belarus,BLR,2002,0.32931647,0.16964787,19.699112,28.450947,9.610053
Belarus,BLR,2003,0.38923714,0.18962836,17.186317,32.246803,9.261848
Belarus,BLR,2004,0.9485275,0.14976752,17.872255,28.635548,11.322424
Belarus,BLR,2005,1.009704,0.0999707,21.543684,26.06236,13.156143
Belarus,BLR,2006,0.3604481,0.10012447,22.818367,29.17627,16.430426
Belarus,BLR,2007,0.29066303,0.10022864,22.240736,32.75472,18.061201
Belarus,BLR,2008,0.3208947,0.10027959,21.399664,34.897297,20.97849
Belarus,BLR,2009,0.34066755,0.10019633,20.389954,36.43139,22.223547
Belarus,BLR,2010,0.39999992,0.10999998,18.629995,39.679993,27.089994
Belarus,BLR,2011,0.35000008,0.11000002,20.280006,41.01001,27.910006
Belarus,BLR,2012,0.26000014,0.11000006,19.16001,40.840023,28.410015
Belarus,BLR,2013,0.25999987,0.109999955,16.709991,41.149986,28.319988
Belarus,BLR,2014,0.22000013,0.11000007,13.770009,32.15002,28.610018
Belarus,BLR,2015,0.23000003,0.10000001,13.740002,33.770004,27.860004
Belarus,BLR,2016,0.20999984,0.099999934,16.11999,34.179977,27.49998
Belarus,BLR,2017,0.23999992,0.09999997,16.869995,32.92999,27.88999
Belarus,BLR,2018,0.21999998,0.10999999,16.479998,35.159996,28.869999
Belarus,BLR,2019,0.24000011,0.12000006,19.720009,38.32002,27.780016
Belarus,BLR,2020,0.26999995,0.11999997,19.219994,39.619987,34.229992
Belarus,BLR,2021,0.21999982,0.1199999,18.879984,39.549965,33.699974
Belarus,BLR,2022,0.21,0.1,21.84,37.47,36.51
Belarus,BLR,2023,0.21000001,0.10000001,26.290003,39.120003,46.000004
Belgium,BEL,2000,1.602541,2.1433988,19.48089,38.68133,19.631128
Belgium,BEL,2001,2.5134146,1.8625305,20.738174,39.14318,22.150095
Belgium,BEL,2002,2.001166,1.4908688,19.601423,35.860897,25.324757
Belgium,BEL,2003,1.8815832,1.7915074,18.725756,35.56993,21.918442
Belgium,BEL,2004,1.6130438,1.6431005,19.647074,33.87392,21.841213
Belgium,BEL,2005,1.7749182,1.6646125,18.772015,34.69614,25.069466
Belgium,BEL,2006,1.4654748,1.4755123,20.73747,32.160145,22.855385
Belgium,BEL,2007,2.08023,1.4772649,20.691757,34.14793,24.932613
Belgium,BEL,2008,1.9414053,1.579278,19.263166,33.1246,13.086883
Belgium,BEL,2009,2.1798465,1.336035,18.352901,33.631916,11.140322
Belgium,BEL,2010,1.3500013,1.4100014,18.200018,36.070034,11.930012
Belgium,BEL,2011,1.3400007,1.4800009,16.11001,35.00002,12.690006
Belgium,BEL,2012,2.2299995,1.2199998,15.759996,40.219994,12.659997
Belgium,BEL,2013,2.2500007,1.3100003,15.550005,38.450012,12.200004
Belgium,BEL,2014,1.3600008,1.3400009,12.640008,31.150019,12.500008
Belgium,BEL,2015,1.7499996,1.3099997,12.269999,28.449995,11.499998
Belgium,BEL,2016,1.4799992,1.1199993,11.8399935,41.34997,12.609992
Belgium,BEL,2017,1.8399996,1.0599997,11.679997,28.689993,11.379997
Belgium,BEL,2018,1.9099985,1.1499991,12.099992,31.289978,11.679992
Belgium,BEL,2019,1.9599996,1.1599997,14.529996,31.739992,12.769998
Belgium,BEL,2020,1.5000011,1.2800009,14.04001,32.94002,15.510012
Belgium,BEL,2021,2.0999994,0.87999976,13.269997,35.65999,14.059997
Belgium,BEL,2022,2.0200012,0.79000044,13.070006,32.40002,16.300009
Belgium,BEL,2023,2.0499997,0.95999986,13.149998,30.549995,13.249998
Belgium-Luxembourg (FAO),,1961,4.38,0.52,23.62,25.16,7.21
Belgium-Luxembourg (FAO),,1962,4.21,0.49,24.69,26.57,8.04
Belgium-Luxembourg (FAO),,1963,4.22,0.49,25.92,25.19,7.7
Belgium-Luxembourg (FAO),,1964,4.52,0.56,24.62,25.39,7.8
Belgium-Luxembourg (FAO),,1965,4.55,0.61,23.78,28.57,7.65
Belgium-Luxembourg (FAO),,1966,4.32,0.62,24.49,29.81,7.55
Belgium-Luxembourg (FAO),,1967,4.12,0.68,25.41,31.19,7.5
Belgium-Luxembourg (FAO),,1968,4.05,0.66,25.76,32.52,8.42
Belgium-Luxembourg (FAO),,1969,4.33,0.93,26.84,32.34,8.79
Belgium-Luxembourg (FAO),,1970,4.62,0.99,27.57,34.36,9.29
Belgium-Luxembourg (FAO),,1971,4.3,1.07,28.16,34.84,9.42
Belgium-Luxembourg (FAO),,1972,4.48,1.02,27.96,36.09,9.5
Belgium-Luxembourg (FAO),,1973,4.39,1.07,28.09,37.75,10.26
Belgium-Luxembourg (FAO),,1974,4.42,1.14,31.14,37.77,10.54
Belgium-Luxembourg (FAO),,1975,4.19,1.31,30.56,36.47,11.06
Belgium-Luxembourg (FAO),,1976,4.65,1.52,29.12,36.72,11.28
Belgium-Luxembourg (FAO),,1977,4.49,1.73,28.49,37.8,11.89
Belgium-Luxembourg (FAO),,1978,4.55,1.9,28.8,40.29,11.66
Belgium-Luxembourg (FAO),,1979,4.27,2.08,28.78,41.44,12.53
Belgium-Luxembourg (FAO),,1980,4.07,2.08,27.97,42.23,13.31
Belgium-Luxembourg (FAO),,1981,3.56,1.68,26.92,41.31,13.98
Belgium-Luxembourg (FAO),,1982,3.55,1.66,26.13,43.65,15.28
Belgium-Luxembourg (FAO),,1983,3.43,1.39,26.39,44.84,14.81
Belgium-Luxembourg (FAO),,1984,3.03,1.51,26.3,46.03,14.5
Belgium-Luxembourg (FAO),,1985,3.19,1.58,26.75,48.36,12.75
Belgium-Luxembourg (FAO),,1986,3.13,1.72,25.16,46.22,16.19
Belgium-Luxembourg (FAO),,1987,3.42,1.74,24.2,47.16,16.29
Belgium-Luxembourg (FAO),,1988,5.37,1.76,21.3,48.23,16.49
Belgium-Luxembourg (FAO),,1989,5.38,1.86,20.49,47.35,15.84
Belgium-Luxembourg (FAO),,1990,5.84,2,19.53,46.37,16.35
Belgium-Luxembourg (FAO),,1991,5.62,2.08,21.88,49.12,16.7
Belgium-Luxembourg (FAO),,1992,5.15,2.02,19.67,51.74,17.35
Belgium-Luxembourg (FAO),,1993,4.63,1.98,21.3,53.23,17.47
Belgium-Luxembourg (FAO),,1994,4.55,2.1,21.57,41.69,19.77
Belgium-Luxembourg (FAO),,1995,4.53,1.92,21.61,39.25,21.82
Belgium-Luxembourg (FAO),,1996,3.85,1.97,22.44,38.44,21.35
Belgium-Luxembourg (FAO),,1997,3.89,1.81,21.27,34.19,18.78
Belgium-Luxembourg (FAO),,1998,4.42,1.9,19.62,33.15,18.54
Belgium-Luxembourg (FAO),,1999,4.4,1.74,20.47,38.74,19.17
Belize,BLZ,1961,0,0.091301285,12.285094,9.505478,2.6984603
Belize,BLZ,1962,0,0.0908807,16.025297,9.189049,2.938476
Belize,BLZ,1963,0,0.1519526,8.2155695,11.882692,4.0115485
Belize,BLZ,1964,0,0.1114949,7.845186,11.798187,8.281031
Belize,BLZ,1965,0,0.081001826,8.849449,11.137751,9.507589
Belize,BLZ,1966,0,0.10100449,8.181364,10.2923565,9.484322
Belize,BLZ,1967,0,0.08122849,8.0314665,10.6917,10.772928
Belize,BLZ,1968,0,0.09099546,7.916605,12.051843,11.950737
Belize,BLZ,1969,0,0.10080304,6.6530004,11.400824,11.693152
Belize,BLZ,1970,0,0.1111424,7.2444634,12.7611685,13.832176
Belize,BLZ,1971,0,0.10177495,8.467676,12.894887,13.190034
Belize,BLZ,1972,0,0.11203965,8.728907,11.9169445,13.485499
Belize,BLZ,1973,0,0.11220851,8.650255,11.078039,9.966156
Belize,BLZ,1974,0,0.09196568,10.892823,12.119033,8.859361
Belize,BLZ,1975,0,0.09179237,11.627032,14.0646305,9.271029
Belize,BLZ,1976,0,0.14198036,10.536972,12.981062,10.212444
Belize,BLZ,1977,0,0.10080645,9.969758,13.024194,12.167338
Belize,BLZ,1978,0,0.120241344,11.53315,12.2846575,12.384858
Belize,BLZ,1979,0,0.17911965,12.608033,12.797103,13.40412
Belize,BLZ,1980,0,0.09926106,11.772361,12.219036,14.373
Belize,BLZ,1981,0,0.20886816,10.174863,13.327778,17.07746
Belize,BLZ,1982,0,0.22764665,10.056043,12.381998,18.508663
Belize,BLZ,1983,0,0.26946452,12.764634,12.395369,17.974281
Belize,BLZ,1984,0,0.27989504,11.745595,13.09509,17.833313
Belize,BLZ,1985,0,0.18130541,11.42224,13.043916,17.596695
Belize,BLZ,1986,0,0.15217704,9.688604,13.148095,17.469921
Belize,BLZ,1987,0,0.14216599,11.35297,11.941943,21.426445
Belize,BLZ,1988,0,0.12260623,10.820001,12.362796,25.624704
Belize,BLZ,1989,0,0.11238025,9.95076,8.377437,18.011488
Belize,BLZ,1990,0,0.112949915,13.708013,11.099896,19.838112
Belize,BLZ,1991,0,0.05105423,9.373557,7.1986465,20.676964
Belize,BLZ,1992,0.09188723,0.051048458,11.23066,10.3015785,20.86861
Belize,BLZ,1993,0.05079111,0.030474665,9.914425,9.609678,21.26116
Belize,BLZ,1994,0.04058242,0.060873624,10.531137,11.3224945,17.775099
Belize,BLZ,1995,0.010138858,0.05069429,12.186908,10.889133,20.145912
Belize,BLZ,1996,0.01007983,0.04031932,10.66446,9.192805,20.835009
Belize,BLZ,1997,0.010024878,0.050124392,10.696546,9.643932,24.941896
Belize,BLZ,1998,0.00999174,0.03996696,8.133277,8.652847,26.098427
Belize,BLZ,1999,0.009954262,0.04977131,5.7237005,8.192357,25.930851
Belize,BLZ,2000,0.009924878,0.04962439,6.778692,9.656906,26.072655
Belize,BLZ,2001,0,0.05918041,6.2238064,10.228348,30.073513
Belize,BLZ,2002,0,0.07874415,7.52991,10.177682,33.466267
Belize,BLZ,2003,0.06846251,0.10758395,9.692335,9.056613,30.348454
Belize,BLZ,2004,0,0.08778226,10.563131,9.119601,30.167835
Belize,BLZ,2005,0.019446142,0.106953785,7.1270113,11.385716,28.848352
Belize,BLZ,2006,0,0.096912354,6.522201,11.06739,27.096693
Belize,BLZ,2007,0.009658344,0.10624179,5.7563734,12.613798,25.874706
Belize,BLZ,2008,0.009659201,0.11591041,5.80518,13.590495,24.254255
Belize,BLZ,2009,0.009628333,0.06739833,5.642204,11.708054,25.062553
Belize,BLZ,2010,0.24999532,0.109997936,4.4599166,12.759761,28.199472
Belize,BLZ,2011,0.24999541,0.10999798,4.829911,12.789765,28.189484
Belize,BLZ,2012,0.24999177,0.109996386,4.5498505,14.939508,27.67909
Belize,BLZ,2013,0.24999635,0.10999839,4.5999327,13.169807,28.06959
Belize,BLZ,2014,0.52997875,0.079996794,4.3798246,17.769289,30.088795
Belize,BLZ,2015,0.23999257,0.12999597,4.3198667,18.319433,31.339031
Belize,BLZ,2016,0.42997998,0.12999395,4.2198033,20.029068,31.108551
Belize,BLZ,2017,0.35998556,0.10999558,3.759849,15.409381,31.61873
Belize,BLZ,2018,0.09999948,0.12999931,4.369977,14.939921,30.859838
Belize,BLZ,2019,0.15999874,0.07999937,4.199967,14.03989,31.649752
Belize,BLZ,2020,0.0999977,0.07999816,3.8799107,14.099675,32.52925
Belize,BLZ,2021,0.08999886,0.119998485,4.2799463,15.119809,33.799572
Belize,BLZ,2022,0.19999455,0.29999182,5.639846,16.899538,44.73878
Belize,BLZ,2023,0.00999995,0.30999848,4.5599775,16.009922,47.299767
Benin,BEN,1961,1.95605,0.7804929,2.2643929,1.0599287,1.5609858
Benin,BEN,1962,1.9219347,0.8168223,2.152567,1.1915996,1.5375478
Benin,BEN,1963,2.2622242,1.0352553,2.0417535,1.294069,1.5145401
Benin,BEN,1964,2.2187533,1.0806859,2.132681,1.3867209,1.5110476
Benin,BEN,1965,2.175888,1.1261175,2.376299,1.4410486,1.5078523
Benin,BEN,1966,2.1338859,1.1145743,2.619726,1.2003108,1.5051517
Benin,BEN,1967,2.0927951,1.1700627,2.6635573,1.3603166,1.5315454
Benin,BEN,1968,2.3857422,1.0835642,2.5473263,1.1786137,1.5778215
Benin,BEN,1969,2.3359182,1.148968,2.6112907,1.2249327,1.6237481
Benin,BEN,1970,2.286506,1.0341458,2.5331829,1.3092855,1.7457141
Benin,BEN,1971,2.2374606,0.91015345,2.5408452,1.2988648,1.8961531
Benin,BEN,1972,2.1791406,0.9474524,2.662341,1.231688,1.9991244
Benin,BEN,1973,1.8280188,1.0134614,2.6994061,1.2028933,2.1500533
Benin,BEN,1974,1.7806901,1.2692152,2.7183938,1.1744977,2.292165
Benin,BEN,1975,1.7425871,1.4205873,2.897998,1.1459404,2.4528806
Benin,BEN,1976,1.695641,1.4304011,2.9176393,1.2219983,2.6239808
Benin,BEN,1977,1.6576507,1.3640097,2.7848532,1.2408699,2.7659087
Benin,BEN,1978,1.6107057,1.4401604,2.8518965,1.2790898,2.8992703
Benin,BEN,1979,1.5732573,1.4216181,2.8432362,1.2889338,3.174947
Benin,BEN,1980,1.5249902,1.4586862,3.0499804,1.2881905,3.315196
Benin,BEN,1981,1.4859046,1.4575114,3.1421673,1.3250103,3.5396705
Benin,BEN,1982,1.4469615,1.5226196,3.1681836,1.3429315,4.1990256
Benin,BEN,1983,1.3990715,1.6543074,3.1479106,1.3612587,6.2391024
Benin,BEN,1984,1.3609382,1.7200747,3.3550904,1.3325852,5.1413217
Benin,BEN,1985,1.3225601,1.6815406,3.3914218,1.4359223,5.488624
Benin,BEN,1986,1.2839571,1.1801076,3.1438067,1.4161291,4.2295055
Benin,BEN,1987,1.2453536,1.1415741,3.207729,1.4340435,3.9813573
Benin,BEN,1988,1.207245,1.160087,3.027544,1.0469078,3.3293552
Benin,BEN,1989,1.1708394,1.1330703,2.8515604,1.0008788,2.5966196
Benin,BEN,1990,1.0889273,1.0699894,3.2383752,0.984769,3.4088159
Benin,BEN,1991,1.0847605,1.0657296,3.159127,1.0657296,2.6452932
Benin,BEN,1992,1.1200483,0.9668793,3.848371,1.0626099,3.6090446
Benin,BEN,1993,1.2071333,0.9219837,4.0206094,1.0455486,4.933088
Benin,BEN,1994,1.2245088,0.9397393,3.4172337,1.1580626,4.233573
Benin,BEN,1995,1.1920521,0.922879,2.797477,1.1151454,4.489422
Benin,BEN,1996,1.1981237,0.9855533,2.49287,1.1981237,4.125797
Benin,BEN,1997,1.285075,0.9855462,2.4735277,0.91791064,4.8600955
Benin,BEN,1998,1.2340952,0.9159301,2.9309762,0.5013512,4.7242713
Benin,BEN,1999,1.1549636,0.8854721,2.7141645,0.36573848,7.6901326
Benin,BEN,2000,1.1835672,0.8948923,2.5018492,0.5292374,9.420424
Benin,BEN,2001,1.2912998,0.87692744,2.5825996,0.49146482,7.622523
Benin,BEN,2002,2.5600846,0.86946267,2.579406,0.5120169,10.655748
Benin,BEN,2003,3.1969624,0.8525233,2.5866332,0.5328271,10.44341
Benin,BEN,2004,1.0973015,0.86424625,2.5927389,0.5340848,8.75899
Benin,BEN,2005,1.1263893,0.85450226,2.6217685,0.56319463,7.6516795
Benin,BEN,2006,1.2141614,0.84505635,2.6420152,0.5245177,7.4792337
Benin,BEN,2007,0.6904164,0.83627903,2.615803,0.56400216,7.9932723
Benin,BEN,2008,0.75840753,0.82646984,2.6058106,0.6028368,12.202583
Benin,BEN,2009,0.7774177,0.83572406,3.2651544,0.6899582,10.135584
Benin,BEN,2010,0.7423532,0.8387627,3.5093062,0.6459437,16.389616
Benin,BEN,2011,0.7419843,0.7612567,3.5750155,0.78052896,16.323656
Benin,BEN,2012,0.7608562,0.741594,3.3419886,0.847536,17.91383
Benin,BEN,2013,0.81824255,0.7893634,3.0323107,0.71235234,17.500765
Benin,BEN,2014,0.8565005,0.9142421,3.0795524,0.80838245,18.698658
Benin,BEN,2015,0.80836135,0.8564781,3.1372118,0.7602446,18.82327
Benin,BEN,2016,0.7604361,0.7893134,3.1283762,0.7026814,14.50604
Benin,BEN,2017,0.7416683,0.7801965,3.1496823,0.6838759,10.277404
Benin,BEN,2018,0.7328322,0.78104484,3.1434643,0.655692,9.237542
Benin,BEN,2019,0.64703,0.74360156,3.3896644,0.6760014,9.473678
Benin,BEN,2020,0.657782,1.170465,3.2308702,0.8222275,8.067503
Benin,BEN,2021,0.6491947,2.519263,2.5095735,0.9205,9.389099
Benin,BEN,2022,0.64049447,2.6105,2.668727,0.9801506,10.374069
Bermuda,BMU,1961,0,5.7469344,53.769558,15.673458,17.731264
Bermuda,BMU,1962,0,5.3314357,53.428673,16.607473,16.607473
Bermuda,BMU,1963,0,4.2791324,51.867645,17.033642,17.572416
Bermuda,BMU,1964,0,5.644626,52.590134,16.210209,15.228085
Bermuda,BMU,1965,0,5.4588914,53.825287,16.263163,17.522112
Bermuda,BMU,1966,0.020594778,6.013675,57.480022,18.57649,19.873959
Bermuda,BMU,1967,0.08075098,4.48168,46.058342,23.417786,20.712627
Bermuda,BMU,1968,0,6.4830937,50.195934,24.071392,18.721071
Bermuda,BMU,1969,0.01987142,6.2893043,47.880184,23.85564,20.070135
Bermuda,BMU,1970,0,5.793622,37.035305,25.268568,20.960747
Bermuda,BMU,1971,0,5.4936533,37.368702,22.606976,21.34225
Bermuda,BMU,1972,0,7.063322,34.86512,24.360435,23.136393
Bermuda,BMU,1973,0,6.57459,36.545513,26.538527,23.146158
Bermuda,BMU,1974,1.210694,7.3455544,48.51932,25.068485,20.612318
Bermuda,BMU,1975,1.1887559,7.244299,51.63468,25.228043,20.147888
Bermuda,BMU,1976,0.8265705,6.354261,52.10494,26.253944,23.123308
Bermuda,BMU,1977,1.6702284,6.649983,51.117237,23.414125,24.352343
Bermuda,BMU,1978,1.5331799,6.7912664,49.185234,25.992031,25.477541
Bermuda,BMU,1979,0.7844895,7.0813255,59.642124,23.618364,26.14965
Bermuda,BMU,1980,0.76136553,5.830183,59.563816,29.22392,27.544744
Bermuda,BMU,1981,0.9122547,5.038134,53.781563,27.274342,27.771936
Bermuda,BMU,1982,0.51335305,5.8249855,51.59722,26.704836,27.197235
Bermuda,BMU,1983,0.4784497,4.52447,52.442245,28.925404,28.134922
Bermuda,BMU,1984,0.48542282,6.3827934,50.44266,25.22133,30.798529
Bermuda,BMU,1985,1.3151218,5.709298,42.511833,24.058376,32.700607
Bermuda,BMU,1986,1.0685602,4.668467,43.230003,19.721682,33.19799
Bermuda,BMU,1987,0.7232833,5.524207,41.981876,26.122057,31.782536
Bermuda,BMU,1988,0.6553937,5.7633038,46.845047,22.657898,34.153297
Bermuda,BMU,1989,0.78461564,6.3388686,40.851635,22.87774,39.932808
Bermuda,BMU,1990,0.6981106,5.3869133,38.19811,26.35107,46.96096
Bermuda,BMU,1991,0.5378661,5.037323,34.133812,20.16998,47.911457
Bermuda,BMU,1992,7.1778193,5.288379,27.448229,18.658224,38.55896
Bermuda,BMU,1993,5.0907636,5.1115,29.217459,14.556889,38.14444
Bermuda,BMU,1994,4.821157,4.84176,29.23599,14.535583,37.25065
Bermuda,BMU,1995,0.5019396,5.091101,33.28167,16.99424,45.471626
Bermuda,BMU,1996,0.300488,5.88542,37.2916,17.84277,38.452103
Bermuda,BMU,1997,0.32960096,5.8504167,37.54361,21.01206,41.55032
Bermuda,BMU,1998,0.3270743,5.8055687,38.05305,22.813433,37.930397
Bermuda,BMU,1999,0.32972425,2.3183737,36.238754,17.908148,40.906414
Bermuda,BMU,2000,0.3274375,2.466014,36.959507,15.297471,47.120304
Bermuda,BMU,2001,0.325755,2.3413641,35.690533,17.295555,40.413982
Bermuda,BMU,2002,0.081077166,4.550456,35.633415,17.441725,39.82916
Bermuda,BMU,2003,0,2.2254627,35.47408,19.690731,36.858585
Bermuda,BMU,2004,0.23523396,1.9636921,32.002045,17.223217,28.616722
Bermuda,BMU,2005,0.23465647,3.7136936,32.709072,17.129923,28.617886
Bermuda,BMU,2006,0.23418981,5.0299897,33.835335,17.910429,39.180973
Bermuda,BMU,2007,0.25781375,4.898461,38.10487,19.428844,38.971127
Bermuda,BMU,2008,0,5.1532717,36.699097,15.808841,55.75183
Bermuda,BMU,2009,0,5.264441,34.959976,16.079544,48.923523
Bhutan,BTN,2019,,0.29999608,9.189879,2.4699678,3.3299565
Bhutan,BTN,2020,,0.60999763,3.299987,1.9399925,4.1999836
Bhutan,BTN,2021,0,0.2399969,5.9599233,3.5499542,5.3699307
Bhutan,BTN,2022,0,0.24999647,7.479894,3.3399527,4.819932
Bhutan,BTN,2023,0,0.31999755,6.8499475,2.1499836,5.3399596
Bolivia,BOL,1961,1.850651,4.817136,10.02436,4.916926,1.850651
Bolivia,BOL,1962,1.9353623,4.8792934,10.630862,4.9065523,1.8263277
Bolivia,BOL,1963,1.902212,4.8966036,10.4030075,4.8966036,1.902212
Bolivia,BOL,1964,1.8047835,4.7489505,10.135956,4.876561,1.8594738
Bolivia,BOL,1965,1.7158694,4.5999904,10.240455,5.147608,1.8710277
Bolivia,BOL,1966,1.6998658,4.4964194,10.409393,5.0904584,2.4766862
Bolivia,BOL,1967,1.6837264,4.465535,10.541592,5.032878,2.6811514
Bolivia,BOL,1968,1.6307741,4.406755,10.847397,5.313759,2.849274
Bolivia,BOL,1969,1.5226979,4.3479443,10.979937,5.595456,3.0545685
Bolivia,BOL,1970,1.5710365,4.2445545,11.695494,5.999338,3.380944
Bolivia,BOL,1971,1.5463862,4.547112,10.033101,6.1579313,3.8843749
Bolivia,BOL,1972,1.5313816,4.5480185,11.817469,6.2915797,4.040633
Bolivia,BOL,1973,1.5163537,4.558307,12.195552,6.453749,4.179219
Bolivia,BOL,1974,1.49156,4.567323,12.655099,6.6332726,4.085577
Bolivia,BOL,1975,1.4663516,4.538265,12.696007,6.858442,5.4570556
Bolivia,BOL,1976,1.4494519,4.7200103,13.342391,7.033559,5.621272
Bolivia,BOL,1977,1.4227216,4.658716,13.901757,7.3181825,6.2023225
Bolivia,BOL,1978,1.4051664,4.67148,13.902772,7.472507,5.6578884
Bolivia,BOL,1979,1.3783205,4.628549,14.844884,7.63664,5.336335
Bolivia,BOL,1980,1.2585987,4.3165274,19.410387,8.288105,5.2115307
Bolivia,BOL,1981,1.2789987,4.3224554,17.88731,8.364838,4.92928
Bolivia,BOL,1982,1.2157344,4.3392363,17.600092,8.500789,3.9651642
Bolivia,BOL,1983,1.2652409,3.851956,17.928932,10.140672,3.7020013
Bolivia,BOL,1984,1.0613085,2.3574197,18.493067,8.4529,3.5502179
Bolivia,BOL,1985,1.0356765,2.3914711,19.5837,8.596115,3.2670884
Bolivia,BOL,1986,1.0192659,2.595353,17.554024,8.191877,3.1427362
Bolivia,BOL,1987,1.0784756,2.8286333,18.125957,8.580503,3.0840619
Bolivia,BOL,1988,1.0713953,2.939226,19.18082,8.865086,4.48469
Bolivia,BOL,1989,1.074037,2.8419209,19.294645,7.803401,5.056528
Bolivia,BOL,1990,1.0100274,2.667997,18.34248,9.166475,6.031579
Bolivia,BOL,1991,0.9747051,2.3412037,18.146715,9.16414,7.1573935
Bolivia,BOL,1992,0.98739666,2.3103166,16.97747,9.078298,7.295232
Bolivia,BOL,1993,0.9526169,2.2901297,17.204838,7.6882915,9.458812
Bolivia,BOL,1994,0.946605,2.4148088,17.512192,7.8626175,11.388238
Bolivia,BOL,1995,0.94047683,2.482083,17.675146,7.9116397,12.02259
Bolivia,BOL,1996,0.9343008,2.4914687,17.887966,8.272455,12.875833
Bolivia,BOL,1997,0.928028,2.500791,18.18935,8.430402,13.949726
Bolivia,BOL,1998,0.9215243,2.4802728,18.66577,8.734874,16.018837
Bolivia,BOL,1999,0.9443616,2.4887865,18.454401,8.784531,16.349262
Bolivia,BOL,2000,0.9673229,2.4972723,18.783833,8.913189,15.753544
Bolivia,BOL,2001,0.9310067,2.5156991,18.412144,11.122559,14.787161
Bolivia,BOL,2002,0.9041356,2.543502,18.50994,11.316598,15.320626
Bolivia,BOL,2003,0.93649966,2.590318,18.660254,11.516953,15.033808
Bolivia,BOL,2004,0.9083888,2.5854142,18.656908,11.7192135,16.151352
Bolivia,BOL,2005,1.2292434,2.5184498,18.66851,11.562882,19.777828
Bolivia,BOL,2006,1.3093554,2.5287552,20.899712,11.584297,26.416996
Bolivia,BOL,2007,1.4684885,2.5873365,25.05421,11.588072,29.359777
Bolivia,BOL,2008,1.5074158,2.5356529,25.166855,11.650028,30.82715
Bolivia,BOL,2009,1.5364208,1.7259793,20.262796,8.061221,32.35463
Bolivia,BOL,2010,1.4599993,1.7499992,19.83999,8.279996,37.58998
Bolivia,BOL,2011,1.6799997,1.7699997,19.759998,8.459999,36.349995
Bolivia,BOL,2012,1.6699992,1.7799993,20.109993,8.809997,34.459984
Bolivia,BOL,2013,1.6799997,1.7099998,19.759996,8.829999,34.379997
Bolivia,BOL,2014,1.6400001,1.6900002,20.340002,8.920001,34.390003
Bolivia,BOL,2015,1.689999,1.8899988,21.709986,9.039994,46.079975
Bolivia,BOL,2016,1.7399999,2.15,22.26,9.56,41.92
Bolivia,BOL,2017,1.7899997,2.5599997,22.619999,9.489999,44.679996
Bolivia,BOL,2018,1.83,2.87,22.96,9.54,42.16
Bolivia,BOL,2019,1.8700006,3.220001,22.520008,10.200003,41.96001
Bolivia,BOL,2020,1.7699997,3.0999997,21.719997,9.669999,40.269997
Bolivia,BOL,2021,1.8099986,3.1599977,21.749985,9.7999935,42.88997
Bolivia,BOL,2022,1.8099991,3.2399986,22.51999,10.259995,44.739983
Bolivia,BOL,2023,1.7999998,3.3399997,23.539999,10.579999,45.169994
Bosnia and Herzegovina,BIH,1992,0,0.45004746,6.740928,3.7862687,3.4536252
Bosnia and Herzegovina,BIH,1993,0,0.4574689,7.5780716,3.4409618,3.4807417
Bosnia and Herzegovina,BIH,1994,0,0.3339389,7.71006,4.4590664,5.1564097
Bosnia and Herzegovina,BIH,1995,0,0.34114867,6.9935474,5.297281,6.5102534
Bosnia and Herzegovina,BIH,1996,0,0.35082674,7.4663134,7.448322,9.82315
Bosnia and Herzegovina,BIH,1997,0,0.16719808,7.0223193,6.344727,8.201506
Bosnia and Herzegovina,BIH,1998,0,0.2849152,6.4462066,6.9804225,6.3571706
Bosnia and Herzegovina,BIH,1999,0,0.3361102,5.75021,5.813798,4.9598966
Bosnia and Herzegovina,BIH,2000,0,0.35945606,6.285873,5.456359,3.7235963
Bosnia and Herzegovina,BIH,2001,0,0.33412084,7.387783,6.5524807,3.805265
Bosnia and Herzegovina,BIH,2002,0.018615063,0.33507118,8.4605465,5.854438,6.068511
Bosnia and Herzegovina,BIH,2003,0.018647738,0.41957408,7.915964,3.8507578,5.584997
Bosnia and Herzegovina,BIH,2004,0.037546575,0.43178564,5.8948126,4.7120953,6.570651
Bosnia and Herzegovina,BIH,2005,0.028414547,0.5019903,7.520384,5.4555936,5.9765267
Bosnia and Herzegovina,BIH,2006,0.009536657,0.5435894,7.371835,5.0448914,5.369138
Bosnia and Herzegovina,BIH,2007,0.057840943,0.51092833,7.3940005,4.955041,7.1915574
Bosnia and Herzegovina,BIH,2008,0.0782461,0.4890381,8.46036,4.9881887,10.211116
Bosnia and Herzegovina,BIH,2009,0.089378364,0.5064774,8.560461,6.693446,11.301397
Bosnia and Herzegovina,BIH,2010,0.059999842,0.5999985,9.379975,7.1499815,11.829968
Bosnia and Herzegovina,BIH,2011,0,0.70000017,10.000003,8.300002,14.410004
Bosnia and Herzegovina,BIH,2012,0,0.6700002,9.440002,8.950003,16.920006
Bosnia and Herzegovina,BIH,2013,0.07000006,0.49000043,9.790009,8.840008,13.960012
Bosnia and Herzegovina,BIH,2014,0.23999994,0.4599999,10.909997,8.609998,14.219996
Bosnia and Herzegovina,BIH,2015,0.09999997,0.3999999,14.279996,9.419997,16.079996
Bosnia and Herzegovina,BIH,2016,0.110000096,0.40000036,13.4200115,9.380008,17.770016
Bosnia and Herzegovina,BIH,2017,0.1699998,0.39999953,12.1999855,10.409987,18.319979
Bosnia and Herzegovina,BIH,2018,0.5000001,0.46000016,12.190003,11.170003,19.390005
Bosnia and Herzegovina,BIH,2019,0.26999986,0.43999973,14.039991,11.079993,20.629988
Bosnia and Herzegovina,BIH,2020,0.3399998,0.29999983,12.8799925,10.579994,19.889988
Bosnia and Herzegovina,BIH,2021,0.40999973,0.41999972,14.31999,12.189992,19.879986
Bosnia and Herzegovina,BIH,2022,0.39999977,0.39999977,13.509992,13.209992,21.319986
Bosnia and Herzegovina,BIH,2023,0.4899997,0.43999973,15.049991,13.329992,22.569986
Botswana,BWA,1961,5.0144897,4.109237,19.996931,0.26445585,0.32548413
Botswana,BWA,1962,4.89736,4.2559175,22.257025,0.33599353,0.3665384
Botswana,BWA,1963,6.5989723,4.395915,23.672665,0.36717623,0.39777422
Botswana,BWA,1964,6.4423733,4.4246507,22.29737,0.37896314,0.43017435
Botswana,BWA,1965,6.3471556,4.438861,21.769085,0.42521796,0.4667026
Botswana,BWA,1966,6.311648,4.7629075,19.422903,0.4455281,0.50917494
Botswana,BWA,1967,6.2780886,4.768306,20.572144,0.47791675,0.55394894
Botswana,BWA,1968,6.30963,5.495844,21.894194,0.501649,0.5796833
Botswana,BWA,1969,6.274788,6.9491277,24.287659,0.64005125,0.46860895
Botswana,BWA,1970,6.245168,7.0669007,31.965399,0.5047786,0.5869519
Botswana,BWA,1971,6.20029,6.713007,33.183475,0.9181199,0.32193816
Botswana,BWA,1972,9.511324,6.3250303,34.383434,0.85601914,0.63012516
Botswana,BWA,1973,9.146164,6.1052694,16.930382,0.85708594,0.57530427
Botswana,BWA,1974,9.833614,4.9515142,5.1828933,0.9139477,0.8445339
Botswana,BWA,1975,6.5690203,4.7868166,5.449431,0.8111312,0.982497
Botswana,BWA,1976,6.1658053,4.3960958,5.5120273,0.6988665,1.0708438
Botswana,BWA,1977,5.5702386,4.091512,5.5591197,0.6115032,1.2230064
Botswana,BWA,1978,6.0058923,4.0583296,3.7972035,0.45697007,1.316509
Botswana,BWA,1979,5.3604755,3.9750643,2.6855662,0.3516813,1.3960681
Botswana,BWA,1980,5.0139894,3.5023408,4.8010817,0.36194405,1.5861665
Botswana,BWA,1981,4.658315,3.1446295,6.3532176,0.28781354,1.7482008
Botswana,BWA,1982,3.9262915,3.3002071,5.4437504,0.26528996,1.4325658
Botswana,BWA,1983,4.088217,3.3997867,2.2559333,0.25418964,1.302722
Botswana,BWA,1984,4.060886,3.3734965,18.199959,0.45473462,1.3747791
Botswana,BWA,1985,3.2213888,3.348132,12.283525,0.42247722,1.9222714
Botswana,BWA,1986,3.7121108,3.754294,5.1041527,0.42183077,2.0458794
Botswana,BWA,1987,3.7283976,3.6546724,10.563793,0.4212879,1.7483447
Botswana,BWA,1988,4.1131115,4.186937,10.9155655,0.527322,2.5733314
Botswana,BWA,1989,4.842196,4.514449,10.033284,0.97266823,3.0025845
Botswana,BWA,1990,4.780459,4.8228574,16.535511,0.9645715,4.8864555
Botswana,BWA,1991,5.437606,5.1720977,15.611876,0.9345885,5.692494
Botswana,BWA,1992,5.307825,5.063665,18.248302,0.96602416,5.2759776
Botswana,BWA,1993,5.0974917,4.8961353,15.366659,0.7418387,5.373032
Botswana,BWA,1994,5.312151,4.550249,9.671925,1.0370336,4.687814
Botswana,BWA,1995,4.1717873,7.023389,15.9056,0.96109533,5.6926413
Botswana,BWA,1996,4.770388,5.234762,16.590818,1.2137048,4.9709134
Botswana,BWA,1997,4.027321,5.977725,11.02769,1.3600115,5.8090415
Botswana,BWA,1998,4.2118206,5.2015986,7.886634,1.4846668,4.8014755
Botswana,BWA,1999,5.6309175,4.916547,4.475319,1.4602566,4.8009877
Botswana,BWA,2000,6.99956,4.415268,5.1371956,2.134395,5.6080184
Botswana,BWA,2001,6.924721,4.5192914,3.6966553,0.74974424,5.7584524
Botswana,BWA,2002,6.8948255,4.043582,6.8740892,0.6842985,5.370706
Botswana,BWA,2003,7.566344,3.1586647,5.6773386,0.5367665,3.47866
Botswana,BWA,2004,8.047576,3.5618734,11.065416,0.44138488,3.7261097
Botswana,BWA,2005,8.381369,4.027543,12.847353,0.37726355,2.8651636
Botswana,BWA,2006,6.938586,4.0053644,11.034982,0.43492594,3.358033
Botswana,BWA,2007,9.328511,3.8977344,7.394674,0.47093448,3.6372175
Botswana,BWA,2008,10.939649,4.135842,6.883152,0.74385643,4.840026
Botswana,BWA,2009,10.992233,3.8438497,8.158375,0.71581894,4.4812226
Botswana,BWA,2010,10.64,3.75,4.31,0.54,5.16
Botswana,BWA,2011,11.619955,3.7199857,17.579933,0.5799978,4.8899813
Botswana,BWA,2012,11.780017,3.6800056,12.550018,0.6100009,4.990007
Botswana,BWA,2013,10.7399645,3.2199893,3.379989,0.6699978,5.98998
Botswana,BWA,2014,12.309927,3.0899816,3.33998,0.6899959,4.619972
Botswana,BWA,2015,13.219964,2.579993,5.2099857,0.79999787,2.969992
Botswana,BWA,2016,12.449978,2.6299953,3.9899929,0.9699983,3.2699943
Botswana,BWA,2017,12.130006,2.7400012,3.8500016,0.81000036,3.3000014
Botswana,BWA,2018,12.429951,2.6599896,3.3099868,0.78999686,3.8299847
Botswana,BWA,2019,12.239989,2.3999982,5.9599953,0.5799995,3.649997
Botswana,BWA,2020,12.349974,2.4399948,8.839981,0.48999897,3.4999924
Botswana,BWA,2021,12.429958,2.139993,26.419912,0.63999784,3.0599897
Botswana,BWA,2022,12.489974,1.9199959,29.689938,0.40999913,2.799994
Botswana,BWA,2023,12.619989,2.229998,25.17998,0.49999958,2.7499979
Brazil,BRA,1961,0.6030767,0.5729228,17.680197,7.0459456,1.738871
Brazil,BRA,1962,0.5831818,0.5932367,17.123426,7.5411444,1.7897649
Brazil,BRA,1963,0.59356815,0.59356815,16.821117,7.1731205,2.0925791
Brazil,BRA,1964,0.56363124,0.6139555,17.170622,6.995066,2.1538765
Brazil,BRA,1965,0.54361695,0.64428675,16.902462,7.016685,2.66775
Brazil,BRA,1966,0.5134496,0.614126,16.259237,7.6111355,2.788736
Brazil,BRA,1967,0.46315113,0.58397317,16.67344,7.4607606,3.0608249
Brazil,BRA,1968,0.4028025,0.6243439,17.70317,7.8244386,3.2123501
Brazil,BRA,1969,0.3222844,0.6042833,18.269497,7.644183,3.5753427
Brazil,BRA,1970,0.30215257,0.5942334,17.877361,7.936541,3.9682705
Brazil,BRA,1971,0.22155023,0.6042279,16.67669,8.096654,3.89727
Brazil,BRA,1972,0.120798275,0.5637253,18.602934,7.620358,4.358804
Brazil,BRA,1973,0.14085695,0.5634278,19.659607,6.710828,5.111095
Brazil,BRA,1974,0.11063152,0.5732724,18.777185,6.7786946,5.249968
Brazil,BRA,1975,0.1307253,0.5832359,19.347343,6.9284406,5.118398
Brazil,BRA,1976,0.18097118,0.58312935,20.218502,6.927174,5.459297
Brazil,BRA,1977,0.11056495,0.49251658,20.132872,7.186722,6.050918
Brazil,BRA,1978,0.120581366,0.4019379,22.046295,7.214785,7.1444464
Brazil,BRA,1979,0.16073415,0.43197304,22.352093,7.5042753,8.760012
Brazil,BRA,1980,0.080351494,0.42184535,22.57877,7.9849296,10.114244
Brazil,BRA,1981,0.07030913,0.40176648,22.287996,7.79427,9.863367
Brazil,BRA,1982,0.090426765,0.39184928,21.220148,6.7418175,10.46941
Brazil,BRA,1983,0.070359156,0.45230883,21.610312,6.714273,10.192026
Brazil,BRA,1984,0.09047839,0.5026577,22.318003,5.5795007,8.454702
Brazil,BRA,1985,0.07036541,0.57297546,22.33599,5.7197027,9.258078
Brazil,BRA,1986,0.07034744,0.76377225,26.812426,6.1704755,10.341074
Brazil,BRA,1987,0.05023495,0.68319535,25.047146,7.2639737,11.594227
Brazil,BRA,1988,0.060261413,0.723137,24.546484,7.51259,12.172806
Brazil,BRA,1989,0.06023591,0.74290955,27.919344,7.228309,12.95072
Brazil,BRA,1990,0.050169226,0.7625722,27.603107,6.9634886,14.187858
Brazil,BRA,1991,0.07019827,0.7621526,28.48044,7.8020363,15.674271
Brazil,BRA,1992,0.09018839,0.7615908,28.419363,7.886473,16.634747
Brazil,BRA,1993,0.06008282,0.7810766,28.028635,9.262768,17.243769
Brazil,BRA,1994,0.060063284,0.7908333,30.482119,10.42098,18.869883
Brazil,BRA,1995,0.050048202,0.8608291,34.393124,10.86046,22.922077
Brazil,BRA,1996,0.030034613,0.6207153,36.93256,11.0126915,21.735046
Brazil,BRA,1997,0.030047402,0.62097967,34.574543,11.778582,25.039501
Brazil,BRA,1998,0.030055394,0.61112636,32.62012,13.474834,25.617214
Brazil,BRA,1999,0.0300637,0.6112953,34.50311,13.228028,28.219793
Brazil,BRA,2000,0.040111877,0.6317621,34.96753,13.888739,29.672762
Brazil,BRA,2001,0.030113464,0.59223145,34.409653,13.029092,28.607792
Brazil,BRA,2002,0.030149663,0.5728436,35.114307,12.431711,30.933556
Brazil,BRA,2003,0.030187735,0.5534418,33.548637,13.413417,32.62288
Brazil,BRA,2004,0.020146145,0.59431124,33.674282,13.115141,34.399544
Brazil,BRA,2005,0.020157443,0.59464455,36.43458,10.300454,27.756802
Brazil,BRA,2006,0.040317357,0.6047604,36.900463,11.14775,29.824766
Brazil,BRA,2007,0.050383102,0.6045972,37.47495,11.104436,31.922733
Brazil,BRA,2008,0.07051432,0.6144819,37.684864,11.614716,36.838696
Brazil,BRA,2009,0.07051423,0.60440767,38.107906,11.765803,35.29741
Brazil,BRA,2010,0.2,0.61,38.98,12.43,38.05
Brazil,BRA,2011,0.16,0.61,39.4,12.68,40.96
Brazil,BRA,2012,0.26,0.62,39.68,11.85,41.23
Brazil,BRA,2013,0.27,0.62,39.63,11.9,43.27
Brazil,BRA,2014,0.23,0.62,39.38,12.14,45.27
Brazil,BRA,2015,0.23,0.61,38.44,13.04,46.96
Brazil,BRA,2016,0.2,0.61,37.5,13.23,46.64
Brazil,BRA,2017,0.42000002,0.6100001,37.620003,13.860001,48.370003
Brazil,BRA,2018,0.68,0.61,38.08,14.66,48.57
Brazil,BRA,2019,0.54,0.65,37.84,14.6,47.97
Brazil,BRA,2020,0.5,0.69,35.51,14.45,49.42
Brazil,BRA,2021,0.33,0.68,35.42,15.38,48.32
Brazil,BRA,2022,0.36,0.68,35.43,16.54,48.2
Brazil,BRA,2023,0.48,0.72,39.07,16.75,47.55
Brunei,BRN,1961,0,0.1115326,23.36608,4.414832,4.1638837
Brunei,BRN,1962,0.13025007,0.0744286,28.6178,4.447109,4.586663
Brunei,BRN,1963,0.1579504,0.13936801,26.963062,4.8035507,4.608435
Brunei,BRN,1964,0.06475608,0.12951216,24.135515,4.4496675,4.588431
Brunei,BRN,1965,0.111495994,0.167244,21.695263,5.063776,6.2437754
Brunei,BRN,1966,0.055397358,0.24005522,20.64475,4.773406,8.254207
Brunei,BRN,1967,0.074688524,0.39211473,20.40864,3.6037211,7.916983
Brunei,BRN,1968,0.15890746,0.28977242,20.788834,3.7296515,8.337968
Brunei,BRN,1969,0.254686,0.3301485,20.667295,3.5090067,8.61216
Brunei,BRN,1970,0.17313199,0.35588244,19.78514,3.5684426,9.599206
Brunei,BRN,1971,0.31552008,0.3944001,18.171986,3.648201,13.932183
Brunei,BRN,1972,0.43939042,0.4294043,18.1648,3.355345,11.254387
Brunei,BRN,1973,0.40168,0.471974,16.810308,2.741466,15.093125
Brunei,BRN,1974,0.4034873,0.49427193,18.933641,3.3489444,12.155055
Brunei,BRN,1975,0.41757074,0.5397865,17.97591,3.5951822,16.631536
Brunei,BRN,1976,0.21433678,0.47970614,21.300995,3.715171,17.555204
Brunei,BRN,1977,0.59614736,0.45224974,20.803488,3.2068615,16.836023
Brunei,BRN,1978,0.8027352,0.5145739,16.867731,3.8695955,15.519548
Brunei,BRN,1979,1.0571413,0.6011195,20.210054,3.6378098,16.758799
Brunei,BRN,1980,0.85030705,0.67402387,20.438477,4.5833626,22.73016
Brunei,BRN,1981,1.2438148,0.673733,23.228241,4.5191936,29.799728
Brunei,BRN,1982,1.1792488,0.6206573,20.28515,5.172144,32.76036
Brunei,BRN,1983,1.885824,1.3499614,21.331451,5.5647264,30.647215
Brunei,BRN,1984,1.1686894,0.91239786,21.589998,6.509805,25.639406
Brunei,BRN,1985,0.47874185,0.8148798,28.001307,6.0912266,22.724958
Brunei,BRN,1986,1.0211028,0.2123085,17.864244,4.721337,29.146925
Brunei,BRN,1987,1.331988,0.7063572,22.159433,4.8738647,31.533804
Brunei,BRN,1988,0.524472,0.77662206,24.882164,7.7258763,25.003197
Brunei,BRN,1989,0.16124025,1.1286818,22.936428,6.8627887,33.50774
Brunei,BRN,1990,0.16106099,0.5637135,22.447876,4.519774,27.783022
Brunei,BRN,1991,0.28148848,0.6635086,22.61961,5.0165267,35.718876
Brunei,BRN,1992,0.5543862,0.8970976,22.084728,5.775696,31.64033
Brunei,BRN,1993,0.7480739,0.96036506,21.12803,8.491649,30.74179
Brunei,BRN,1994,2.333596,1.3940964,25.497822,11.829616,35.145374
Brunei,BRN,1995,2.0767014,1.0332856,24.120127,11.447184,33.196835
Brunei,BRN,1996,1.2900835,1.2291348,29.74303,12.271031,32.455254
Brunei,BRN,1997,0.24364923,1.4720476,19.654373,10.476917,26.902937
Brunei,BRN,1998,0.19279893,1.6743065,15.484798,8.391828,31.294312
Brunei,BRN,1999,0.122099355,1.2311685,20.085344,4.955199,41.930954
Brunei,BRN,2000,0.04068266,0.85433584,11.604729,4.597141,43.54062
Brunei,BRN,2001,0.0203388,1.0576175,10.474483,5.8270664,48.79278
Brunei,BRN,2002,0.11190563,0.87489855,12.431699,4.638997,53.480717
Brunei,BRN,2003,0.061272174,1.0824751,11.335353,4.942622,57.432457
Brunei,BRN,2004,0.16366269,2.0969281,8.684351,6.137351,53.937084
Brunei,BRN,2005,0.030758087,1.753211,7.597247,6.9308224,47.316193
Brunei,BRN,2006,0.04113308,1.3779582,11.32188,5.3473,52.753174
Brunei,BRN,2007,0.030818343,1.5614628,9.738596,5.937668,55.80175
Brunei,BRN,2008,0.051349923,1.5302277,9.171096,7.127369,56.166542
Brunei,BRN,2009,0.10234697,1.7808372,9.293104,6.775369,56.79233
Bulgaria,BGR,1961,0.9096208,6.227404,7.1370244,14.473966,3.6684706
Bulgaria,BGR,1962,0.4597514,7.3360333,8.185574,14.632089,3.538087
Bulgaria,BGR,1963,0.24997737,6.8293815,9.149171,12.838838,3.4796848
Bulgaria,BGR,1964,0.1900216,8.160928,8.560974,14.001593,3.9804528
Bulgaria,BGR,1965,0.18010058,8.154553,8.354666,17.529789,4.0822797
Bulgaria,BGR,1966,0.24029678,8.820895,9.661933,16.029799,4.585664
Bulgaria,BGR,1967,0.15032259,9.009333,10.72301,18.098837,5.331441
Bulgaria,BGR,1968,0.3606604,8.485538,10.940032,17.081276,5.229575
Bulgaria,BGR,1969,0.13008825,8.545798,10.407061,14.820055,6.444372
Bulgaria,BGR,1970,0.17008366,8.294079,9.894867,14.247006,7.8238482
Bulgaria,BGR,1971,0.350332,8.798338,9.048575,15.824998,9.168689
Bulgaria,BGR,1972,0.34067717,8.38667,9.368622,20.28031,9.398682
Bulgaria,BGR,1973,0.20044525,8.488856,10.643642,19.45321,10.663688
Bulgaria,BGR,1974,0.30018142,8.515145,11.987244,18.22101,12.47754
Bulgaria,BGR,1975,0.33014584,6.612921,11.97529,28.142431,10.964844
Bulgaria,BGR,1976,0.41007334,7.591358,12.942314,26.964823,11.752102
Bulgaria,BGR,1977,0.3893493,5.7404065,13.24786,25.467438,13.108093
Bulgaria,BGR,1978,0.6701717,5.6914577,12.80328,26.676832,14.053599
Bulgaria,BGR,1979,0.7112073,5.098655,12.471169,30.000927,14.775081
Bulgaria,BGR,1980,0.5903636,5.2132115,12.257551,29.308056,13.188125
Bulgaria,BGR,1981,0.3801367,6.9625034,12.394457,32.081535,12.804605
Bulgaria,BGR,1982,0.25011954,6.343032,12.576011,31.735168,13.656527
Bulgaria,BGR,1983,0.19012064,6.4140697,12.587987,32.850845,14.629283
Bulgaria,BGR,1984,0.20005344,6.8818383,13.033482,30.218071,14.873973
Bulgaria,BGR,1985,0.20002556,8.201048,13.921779,31.22399,14.171811
Bulgaria,BGR,1986,0.1398989,7.8643165,13.650135,33.08609,15.31893
Bulgaria,BGR,1987,0.1394977,6.9748845,13.49142,33.80826,15.932629
Bulgaria,BGR,1988,0.2282922,6.5311418,14.134265,36.745117,16.308004
Bulgaria,BGR,1989,0.21856263,7.1231546,15.498077,38.486893,17.01808
Bulgaria,BGR,1990,0.24996129,6.738956,14.39777,22.386532,18.517134
Bulgaria,BGR,1991,0.3318672,8.2966795,12.4701605,23.59274,9.945959
Bulgaria,BGR,1992,0.45498988,6.1979737,15.247217,23.538145,8.483034
Bulgaria,BGR,1993,0.565653,6.252486,16.100908,29.848297,10.141351
Bulgaria,BGR,1994,0.57237536,5.071045,12.813175,28.699102,10.232465
Bulgaria,BGR,1995,0.65003294,5.1602616,10.680542,30.981571,11.04056
Bulgaria,BGR,1996,0.79841745,6.177755,9.650871,28.90271,12.2457285
Bulgaria,BGR,1997,1.5567534,5.688137,9.300604,27.133413,13.40205
Bulgaria,BGR,1998,0.84924877,5.9847054,10.340853,32.860928,15.5462475
Bulgaria,BGR,1999,0.75986207,6.488822,10.548085,24.495554,15.09726
Bulgaria,BGR,2000,0.8900535,6.7004027,8.780528,24.341463,16.390985
Bulgaria,BGR,2001,0.65053654,5.6646724,11.099155,20.53694,17.904768
Bulgaria,BGR,2002,0.6506656,5.7258573,6.6768303,20.090551,20.711187
Bulgaria,BGR,2003,0.57018954,1.5205054,7.4024606,21.307081,14.254738
Bulgaria,BGR,2004,0.79954267,1.6990283,9.574524,22.327229,16.210728
Bulgaria,BGR,2005,0.8287006,2.1166809,12.57029,17.81207,17.292885
Bulgaria,BGR,2006,0.90794045,2.035383,13.798699,13.020465,18.009148
Bulgaria,BGR,2007,1.2659999,1.8641102,5.0739684,19.687794,19.149494
Bulgaria,BGR,2008,2.1609035,2.0214903,5.118453,21.9974,19.975908
Bulgaria,BGR,2009,1.9092267,1.6705734,4.932169,25.167982,21.80695
Bulgaria,BGR,2010,0.9300008,1.8300016,4.8100038,26.23002,21.990017
Bulgaria,BGR,2011,0.8999996,1.8899993,4.399998,28.009989,21.47999
Bulgaria,BGR,2012,0.9299987,1.8399974,3.8599944,25.669964,21.709969
Bulgaria,BGR,2013,1.0199993,1.6299989,3.7799973,25.909983,21.309984
Bulgaria,BGR,2014,0.98,1.9,3.97,27.48,21.59
Bulgaria,BGR,2015,0.80000055,1.540001,3.8800027,27.810019,21.770016
Bulgaria,BGR,2016,0.79999936,1.6699986,3.9499967,28.319977,22.24998
Bulgaria,BGR,2017,0.7999998,1.3799996,3.699999,29.229992,22.129993
Bulgaria,BGR,2018,0.75000054,1.5100011,3.3100023,31.970022,22.740015
Bulgaria,BGR,2019,0.76000047,1.3800008,4.0000024,31.720018,23.070013
Bulgaria,BGR,2020,0.6699994,1.2899988,3.329997,30.109974,21.46998
Bulgaria,BGR,2021,0.7000008,1.6400019,3.9700046,34.60004,21.690025
Bulgaria,BGR,2022,0.7399998,1.3999995,3.909999,33.97999,23.279993
Bulgaria,BGR,2023,0.6499995,1.5699989,2.8099978,32.799973,25.90998
Burkina Faso,BFA,1961,1.29235,1.8476567,3.018849,0.23221916,1.3832184
Burkina Faso,BFA,1962,1.2602464,1.8954105,3.115329,0.21172138,1.3106562
Burkina Faso,BFA,1963,1.2485374,1.943288,3.4435468,0.21144584,1.2988816
Burkina Faso,BFA,1964,1.2367818,2.0814133,3.66007,0.26143354,1.2468369
Burkina Faso,BFA,1965,1.2252481,2.1994207,3.9870777,0.27116147,1.114775
Burkina Faso,BFA,1966,1.2342412,2.378172,4.023827,0.3211034,1.1740342
Burkina Faso,BFA,1967,1.2338452,2.2269402,4.0125046,0.29090658,1.2739702
Burkina Faso,BFA,1968,1.2535424,2.1260078,3.660344,0.2807935,1.2134291
Burkina Faso,BFA,1969,1.1931992,2.396425,4.4719896,0.2907796,1.3034947
Burkina Faso,BFA,1970,1.1730641,2.5065472,4.782492,0.32083806,1.2933784
Burkina Faso,BFA,1971,1.1530217,2.5366476,4.8126125,0.35091963,1.2933894
Burkina Faso,BFA,1972,1.1234256,2.4574935,3.952051,0.3009176,1.2638538
Burkina Faso,BFA,1973,1.0632405,1.8155335,2.3772454,0.24073373,1.2738826
Burkina Faso,BFA,1974,1.0626557,1.7844596,2.185462,0.23057625,1.1929815
Burkina Faso,BFA,1975,1.0412561,1.8522345,2.6832368,0.2803382,1.2314856
Burkina Faso,BFA,1976,1.0588796,1.4784358,3.1466708,0.27970406,1.4384781
Burkina Faso,BFA,1977,1.0152816,1.532876,3.254873,0.28865847,1.2939862
Burkina Faso,BFA,1978,0.98098963,1.6548007,3.3888733,0.2873606,1.1494424
Burkina Faso,BFA,1979,0.96668464,1.6275812,3.6497276,0.29592386,1.1836954
Burkina Faso,BFA,1980,0.9525627,1.8560241,3.1228342,0.294607,1.2864505
Burkina Faso,BFA,1981,0.9293416,2.0249863,2.8173726,0.4108668,1.3108609
Burkina Faso,BFA,1982,0.9069155,2.3209236,3.3741157,0.48758897,1.414008
Burkina Faso,BFA,1983,0.9041196,2.4498725,3.7914693,0.5444161,1.5554746
Burkina Faso,BFA,1984,0.8914421,2.4611554,3.4979413,0.6007545,1.4631279
Burkina Faso,BFA,1985,0.86940706,2.569581,4.095873,0.618245,1.603573
Burkina Faso,BFA,1986,0.8674241,2.6311865,4.24074,0.62647295,1.7541243
Burkina Faso,BFA,1987,0.8566281,2.7142599,4.2446404,0.63525236,1.896132
Burkina Faso,BFA,1988,0.85604495,2.750886,4.2513695,0.65405685,2.0294998
Burkina Faso,BFA,1989,0.8463456,2.9718273,4.1644053,0.6539944,2.0004532
Burkina Faso,BFA,1990,0.6829965,3.1071534,6.2431655,0.83691126,2.0874684
Burkina Faso,BFA,1991,0.6839545,3.1885765,6.36752,0.9055172,2.1192956
Burkina Faso,BFA,1992,0.68549985,3.195781,6.0826044,0.9654927,2.1144292
Burkina Faso,BFA,1993,0.7353859,3.202799,6.0669336,1.035346,2.1190727
Burkina Faso,BFA,1994,0.78545254,3.2096887,6.0508933,1.1151487,2.1721158
Burkina Faso,BFA,1995,0.777146,3.23487,6.0423098,1.194862,2.1662943
Burkina Faso,BFA,1996,0.79822683,3.2415798,5.947764,1.2946851,2.1805222
Burkina Faso,BFA,1997,0.79981,3.2577627,6.0473437,1.3850368,2.2043543
Burkina Faso,BFA,1998,0.7903516,3.2589805,5.883729,1.4733715,2.214936
Burkina Faso,BFA,1999,0.78950113,3.2652204,5.8189154,1.5790023,2.017614
Burkina Faso,BFA,2000,0.7981654,3.2607977,5.752631,1.6839343,2.219289
Burkina Faso,BFA,2001,0.80644023,3.2549095,5.6742306,1.8266358,2.2152817
Burkina Faso,BFA,2002,0.78541404,3.2580137,5.6239524,1.9489903,2.2398844
Burkina Faso,BFA,2003,0.7644248,3.241548,8.021622,2.0803967,2.2448928
Burkina Faso,BFA,2004,0.77235454,3.2342346,7.897325,2.2205193,2.2301736
Burkina Faso,BFA,2005,0.7899756,3.1984377,8.024996,2.360293,2.215785
Burkina Faso,BFA,2006,0.8462225,3.1925669,7.9333363,2.5194352,2.2213342
Burkina Faso,BFA,2007,0.5764592,3.189741,7.849453,2.305837,2.2289755
Burkina Faso,BFA,2008,0.6149126,3.1898592,7.77288,1.9696419,2.2194502
Burkina Faso,BFA,2009,0.6341603,3.1900182,7.6963997,1.9505231,2.2579947
Burkina Faso,BFA,2010,0.64999986,3.1899996,7.6399984,2.4099996,2.3099995
Burkina Faso,BFA,2011,0.60000014,3.1900008,7.5600014,2.3900006,2.3000004
Burkina Faso,BFA,2012,0.5600002,3.190001,7.4800024,2.3300006,2.2800007
Burkina Faso,BFA,2013,0.47999996,3.1899998,6.5299997,2.31,2.16
Burkina Faso,BFA,2014,0.5099999,3.219999,6.3399982,2.2599993,2.1599994
Burkina Faso,BFA,2015,0.44000006,2.9900002,5.8600006,2.1800003,2.7500002
Burkina Faso,BFA,2016,0.4200001,2.1800008,5.7000012,2.0700004,2.3800008
Burkina Faso,BFA,2017,0.43999994,2.0799997,5.2799993,2.0299997,2.0999997
Burkina Faso,BFA,2018,0.43,2.26,5.31,1.99,2.08
Burkina Faso,BFA,2019,0.3999999,4.1099987,6.249998,15.319995,9.739997
Burkina Faso,BFA,2020,0.44999996,3.4799998,5.1699996,14.809999,9.229999
Burkina Faso,BFA,2021,0.42999983,2.279999,5.7499976,10.1799965,6.789997
Burkina Faso,BFA,2022,0.43000004,2.24,5.7500005,8.02,6.7100005
Burkina Faso,BFA,2023,0.43000004,2.2100003,5.7600007,8.030001,6.6500006
Burundi,BDI,2010,0.17520386,0.49641094,0.8370851,0.39907545,0.73001605
Burundi,BDI,2011,0.21406308,0.32109463,1.0313947,0.3892056,0.7103002
Burundi,BDI,2012,0.20425421,0.5933099,1.2060724,0.5057723,0.37932923
Burundi,BDI,2013,0.19444859,0.38889718,0.8750186,0.5152887,0.35000747
Burundi,BDI,2014,0.11661239,0.44701418,1.0592293,0.47616726,0.48588496
Burundi,BDI,2015,0.06796968,0.4369479,1.0195451,0.46607777,0.47578776
Burundi,BDI,2016,0.16491596,0.4268413,1.0185986,0.46564505,0.475346
Burundi,BDI,2017,0.12603253,0.41687685,0.9888707,0.4556561,0.4653509
Burundi,BDI,2018,0.077531256,0.37796485,0.90130085,0.4264219,0.4264219
Burundi,BDI,2019,0.05813714,0.86236763,1.2983962,0.79454094,0.5329238
Burundi,BDI,2020,0.058112975,0.72641224,1.0847756,0.8038962,0.6101863
Burundi,BDI,2021,0.05808286,0.78411865,1.1713377,0.81316006,0.6389115
Burundi,BDI,2022,0.048380308,0.7644089,1.2675639,0.8418173,0.6386201
Cambodia,KHM,1961,0,0,2.4655125,1.7068933,0.71647376
Cambodia,KHM,1962,0,0,2.452924,2.040579,0.7506794
Cambodia,KHM,1963,0,0,2.4936664,2.5785573,0.71096027
Cambodia,KHM,1964,0,0,2.4898615,3.3410964,0.82995385
Cambodia,KHM,1965,0,0,2.501981,3.8434687,0.9475588
Cambodia,KHM,1966,0,0,2.5068102,4.2382092,0.955987
Cambodia,KHM,1967,0,0,2.990897,4.6501584,1.035717
Cambodia,KHM,1968,0,0,3.3826485,4.9163957,1.1555631
Cambodia,KHM,1969,0,0,3.5316172,5.4019113,1.2015857
Cambodia,KHM,1970,0,0,4.198909,5.8700113,1.2268851
Cambodia,KHM,1971,0,0,4.2445235,5.9011865,1.2560323
Cambodia,KHM,1972,0,0,4.1648664,5.8461976,1.2857239
Cambodia,KHM,1973,0,0,4.0969357,5.7623568,1.2768228
Cambodia,KHM,1974,0,0,3.9713287,4.540255,1.2605622
Cambodia,KHM,1975,0,0,3.0309544,3.650922,1.2743784
Cambodia,KHM,1976,0,0,2.737423,2.6041858,1.3687115
Cambodia,KHM,1977,0,0,2.4180033,2.1125715,1.5907917
Cambodia,KHM,1978,0,0,2.6740072,1.537554,1.5509241
Cambodia,KHM,1979,0,0,2.5033112,1.0386078,1.4114413
Cambodia,KHM,1980,0,0,2.6152499,1.0048743,1.1208214
Cambodia,KHM,1981,0,0,2.9814515,1.7018586,1.2923889
Cambodia,KHM,1982,0,0,3.4993184,5.3128333,1.7879728
Cambodia,KHM,1983,0,0,3.811046,5.8444567,1.6753255
Cambodia,KHM,1984,0,0,4.169593,6.90228,1.8346208
Cambodia,KHM,1985,0,0,4.439381,7.952282,2.1103144
Cambodia,KHM,1986,0,0,4.6628866,7.3839684,2.2739556
Cambodia,KHM,1987,0,0,4.8682833,7.6303406,2.1945112
Cambodia,KHM,1988,0,0,4.8851957,8.808345,2.598774
Cambodia,KHM,1989,0,0,5.194353,9.830839,2.4050226
Cambodia,KHM,1990,0,0,5.2563057,8.216047,2.2105956
Cambodia,KHM,1991,0,0,5.3314195,8.06423,2.2692084
Cambodia,KHM,1992,0,0,5.5242143,10.065813,2.3846393
Cambodia,KHM,1993,0,0,5.4499454,9.859022,2.3975084
Cambodia,KHM,1994,0,0,5.15903,8.77148,2.144892
Cambodia,KHM,1995,0,0,5.0520835,8.137079,1.9778371
Cambodia,KHM,1996,0,0,4.856877,7.9681535,2.0331113
Cambodia,KHM,1997,0,0,4.5993767,8.381305,2.0091493
Cambodia,KHM,1998,0,0,4.4091854,8.295083,1.9962465
Cambodia,KHM,1999,0,0,4.3488307,8.356385,2.067157
Cambodia,KHM,2000,0,0,5.5218744,8.425027,2.0989008
Cambodia,KHM,2001,0,0,5.3011665,8.3557415,2.1480563
Cambodia,KHM,2002,0,0,4.844255,8.353868,2.066223
Cambodia,KHM,2003,0,0,4.8461704,8.968884,2.0316257
Cambodia,KHM,2004,0,0,4.844726,9.034223,2.0053988
Cambodia,KHM,2005,0,0,5.008797,9.013846,1.9478656
Cambodia,KHM,2006,0,0,5.167962,8.914735,1.868417
Cambodia,KHM,2007,0,0.009931531,5.174328,8.958241,1.8969225
Cambodia,KHM,2008,0,0.009919964,5.1980605,8.719648,1.9641528
Cambodia,KHM,2009,0,0.009906968,5.2705073,8.619062,2.2786028
Cambodia,KHM,2010,0,0,5,7.22,1.9500002
Cambodia,KHM,2011,0,0,4.9399977,7.4599967,1.8799992
Cambodia,KHM,2012,0,0,4.61,6.58,1.71
Cambodia,KHM,2013,0,0,3.9,6.76,1.71
Cambodia,KHM,2014,0,0,3.9399996,7.2999997,1.6399999
Cambodia,KHM,2015,0,0.009999998,3.7999992,7.1199985,1.5799997
Cambodia,KHM,2016,0,0.009999999,3.7699995,7.109999,1.6599997
Cambodia,KHM,2017,0,0.009999997,3.989999,7.019998,2.1799996
Cambodia,KHM,2018,0,0.009999998,4.3299994,6.819999,2.4699996
Cambodia,KHM,2019,0.029999992,0,3.569999,5.6699986,1.7299995
Cambodia,KHM,2020,0.009999991,0,3.539997,6.4099946,1.7899985
Cambodia,KHM,2021,0.010000001,0.010000001,4.1500006,6.1200004,1.7300001
Cambodia,KHM,2022,0,0.01,4.19,6.11,1.93
Cambodia,KHM,2023,0.049999993,0.009999998,5.689999,6.469999,3.9099994
Cameroon,CMR,1961,4.9010067,1.6510854,4.274012,0.5956447,0.54339516
Cameroon,CMR,1962,4.9981737,1.666058,4.222776,0.5867877,0.565831
Cameroon,CMR,1963,4.9050407,1.6769371,4.4962873,0.58692795,0.6288514
Cameroon,CMR,1964,4.7821355,1.6884295,3.5866017,0.57679266,0.828484
Cameroon,CMR,1965,4.838947,1.6899575,3.9152431,0.56681806,0.8817169
Cameroon,CMR,1966,4.747421,1.8170439,4.1487417,0.5986792,1.0083017
Cameroon,CMR,1967,4.6235476,1.8809432,4.329322,0.5148951,1.1138545
Cameroon,CMR,1968,4.686529,1.9124401,4.32926,0.6935222,1.1558704
Cameroon,CMR,1969,4.5691314,1.9116826,4.590139,0.7457662,1.2814575
Cameroon,CMR,1970,4.598128,1.9316335,5.1965137,0.8188446,1.249263
Cameroon,CMR,1971,4.468733,1.8986869,5.2449913,0.88115853,1.216838
Cameroon,CMR,1972,4.328481,1.8969855,5.261253,0.9432525,1.1738254
Cameroon,CMR,1973,4.3570037,1.6234028,5.3100986,0.91120034,1.2149338
Cameroon,CMR,1974,4.228932,1.6224864,5.286165,0.92115355,1.2142478
Cameroon,CMR,1975,4.1017013,1.6113825,5.3259335,0.8893995,1.1091334
Cameroon,CMR,1976,4.24298,1.6238564,5.5001593,1.2886087,1.1628908
Cameroon,CMR,1977,4.137841,1.8483757,5.587136,1.4072862,1.1552348
Cameroon,CMR,1978,4.0279474,1.9140638,5.5528884,1.524941,1.1673685
Cameroon,CMR,1979,3.9161022,1.8211981,5.642556,1.6317092,1.1790415
Cameroon,CMR,1980,3.903453,1.7418635,5.7187686,1.7208772,0.9233975
Cameroon,CMR,1981,3.9449062,1.5863115,4.9572234,1.5236939,0.76184696
Cameroon,CMR,1982,3.9168677,1.49114,5.2924967,1.2286153,0.78757393
Cameroon,CMR,1983,3.9548852,1.4632015,5.5135126,1.0814967,1.0920997
Cameroon,CMR,1984,3.9539614,1.48805,6.4623885,1.1372954,1.5624526
Cameroon,CMR,1985,4.16868,1.5526206,6.263654,1.5526206,1.5738894
Cameroon,CMR,1986,4.1270843,1.9252635,6.4033628,2.010358,1.8827163
Cameroon,CMR,1987,4.148667,1.9679574,6.8399816,1.7764804,1.9679574
Cameroon,CMR,1988,4.054264,2.0962994,6.7145424,1.5323204,1.5323204
Cameroon,CMR,1989,4.0892763,2.2363229,6.719618,1.5760752,1.4908819
Cameroon,CMR,1990,3.9410238,2.3752658,6.5186663,1.5338039,1.5231524
Cameroon,CMR,1991,3.739488,2.2799158,6.509479,1.3210726,1.5448027
Cameroon,CMR,1992,3.7731147,2.2382882,6.4803777,1.2044123,1.5774604
Cameroon,CMR,1993,3.7524803,2.1960537,6.3749523,1.1193477,1.5564265
Cameroon,CMR,1994,3.7319853,2.1645515,5.672618,1.0449558,1.6207479
Cameroon,CMR,1995,3.7229114,2.122806,5.5897,1.0134,1.6321073
Cameroon,CMR,1996,3.5326211,2.091824,6.5209417,0.9498589,1.8570275
Cameroon,CMR,1997,3.51302,2.0608294,5.52046,0.9396528,2.188964
Cameroon,CMR,1998,3.5674253,2.0400546,5.447266,1.0894532,2.5313764
Cameroon,CMR,1999,3.5353408,2.0293498,6.2803035,0.9399094,2.627474
Cameroon,CMR,2000,3.5140088,2.1361756,6.2376328,1.2069392,2.3711548
Cameroon,CMR,2001,3.492246,2.0932117,6.1941977,1.1000041,2.44564
Cameroon,CMR,2002,3.5216992,2.0383167,5.730765,1.1312124,2.9560928
Cameroon,CMR,2003,3.4850264,1.9823085,5.5739107,1.1190451,3.29319
Cameroon,CMR,2004,3.4476416,1.9366382,5.607738,1.8515112,4.9267225
Cameroon,CMR,2005,3.4099178,1.8802351,5.5238543,1.8483667,3.5161457
Cameroon,CMR,2006,3.4359827,1.8240402,5.3872814,1.8240402,3.6374755
Cameroon,CMR,2007,3.4492984,1.7775525,5.2903347,1.8410366,3.7561376
Cameroon,CMR,2008,3.3653429,1.6668469,5.9500103,1.8672904,3.6607332
Cameroon,CMR,2009,3.4814436,1.5461397,5.7743583,1.7354629,3.3552284
Cameroon,CMR,2010,3.1300013,1.8600007,4.2100015,2.0100007,3.4700012
Cameroon,CMR,2011,3.1599984,1.649999,4.299998,1.669999,3.479998
Cameroon,CMR,2012,3.19,1.45,4.25,1.51,3.4
Cameroon,CMR,2013,3.2600002,1.6400001,4.3500004,1.5200001,3.4200003
Cameroon,CMR,2014,3.3399994,1.5699998,4.3899994,1.6199998,3.4799995
Cameroon,CMR,2015,3.389999,1.4699996,4.4699984,1.6399994,3.5599988
Cameroon,CMR,2016,3.4299994,1.4799997,3.9299994,1.4899997,3.6199992
Cameroon,CMR,2017,3.129999,1.4599994,3.4899986,1.3999994,3.2399988
Cameroon,CMR,2018,3.0900004,1.3700002,3.3400004,1.3700002,3.2700005
Cameroon,CMR,2019,2.8800006,1.3400003,3.2600005,1.3600003,3.4000008
Cameroon,CMR,2020,2.9299994,1.6299996,4.229999,1.6899997,0.6899999
Cameroon,CMR,2021,2.8999996,1.6099997,4.399999,1.7599996,3.8999994
Cameroon,CMR,2022,2.87,1.56,4.34,1.84,4.64
Cameroon,CMR,2023,2.84,1.56,4.29,1.83,4.23
Canada,CAN,1961,0.25043696,1.6228316,36.70404,26.315918,13.874208
Canada,CAN,1962,0.04009542,1.7140793,36.917862,26.072048,13.903087
Canada,CAN,1963,0.010020956,1.833835,38.1598,26.325052,14.941246
Canada,CAN,1964,0.010012074,1.5819079,40.709095,27.483145,15.748993
Canada,CAN,1965,0.020003539,1.3302354,43.147633,25.124445,16.392899
Canada,CAN,1966,0.15985903,1.5586256,42.432587,25.077888,17.71438
Canada,CAN,1967,0.23970863,1.6679726,42.578247,28.785013,18.247822
Canada,CAN,1968,0.24999791,1.909984,43.18964,28.299763,17.849852
Canada,CAN,1969,0.3507716,1.8240125,42.65383,27.209856,19.482859
Canada,CAN,1970,0.2199382,1.7195169,41.158436,31.041279,20.424261
Canada,CAN,1971,0.22884774,1.2636374,42.58558,32.49638,19.481907
Canada,CAN,1972,0.24894431,1.6729057,42.69893,31.217617,19.746262
Canada,CAN,1973,0.22971159,1.3782696,42.71637,29.353146,20.174671
Canada,CAN,1974,0.2099532,0.9697839,44.160156,30.633173,19.755598
Canada,CAN,1975,0.1399215,1.1093776,49.662136,26.25527,18.379686
Canada,CAN,1976,0.33969873,0.9091937,52.55339,27.235846,19.432768
Canada,CAN,1977,0.16991876,0.769632,50.066063,27.157015,20.000437
Canada,CAN,1978,0.2100986,0.7703615,46.621876,28.243254,20.529634
Canada,CAN,1979,0.18011755,0.9406138,40.426384,31.780739,21.9143
Canada,CAN,1980,0.06993501,0.7792758,40.22262,34.557884,22.0595
Canada,CAN,1981,0.1395437,0.67778367,41.39464,33.22137,21.808685
Canada,CAN,1982,0.14924127,0.69645923,41.031403,30.902891,21.858871
Canada,CAN,1983,0.039772388,0.7457323,40.776638,31.599163,21.95436
Canada,CAN,1984,0.09949991,0.8059493,39.053715,31.043972,22.695929
Canada,CAN,1985,0.06977196,0.707687,39.411194,31.68644,24.260708
Canada,CAN,1986,0.089883134,0.85888326,39.6085,30.680109,24.608004
Canada,CAN,1987,0.1499779,0.8398761,37.484474,30.475506,25.836191
Canada,CAN,1988,0.0099948235,0.79958594,37.610523,30.87401,26.866085
Canada,CAN,1989,0.019945884,0.75794363,36.889915,29.200775,26.74743
Canada,CAN,1990,0.019905405,0.7862635,35.590862,27.46946,27.658562
Canada,CAN,1991,0.019894766,0.8256328,34.805897,27.265778,27.603989
Canada,CAN,1992,0.0099469945,0.79575956,33.89936,29.751461,27.762062
Canada,CAN,1993,0.009946364,0.80565554,32.355522,28.963814,28.784779
Canada,CAN,1994,0.019892694,0.77581507,33.011925,29.829096,30.79389
Canada,CAN,1995,0.0099442825,0.74582124,33.17413,29.037306,30.240564
Canada,CAN,1996,0.009939124,0.715617,32.968075,27.0046,30.592625
Canada,CAN,1997,0.009936096,0.7054628,33.176624,26.668484,31.68621
Canada,CAN,1998,0.019875389,0.7552648,33.66891,29.882648,33.1124
Canada,CAN,1999,0.01988009,0.7753235,34.412437,31.629225,34.6013
Canada,CAN,2000,0.039747763,0.89432466,33.805473,30.198364,35.70343
Canada,CAN,2001,0.02978223,0.97288626,32.502342,30.606207,36.433598
Canada,CAN,2002,0.05952134,0.972182,32.478813,30.048359,36.387383
Canada,CAN,2003,0.02976962,1.0220903,34.32437,27.080431,35.971622
Canada,CAN,2004,0.019863889,1.0527861,32.93433,28.663593,36.36085
Canada,CAN,2005,0.0099423025,1.0638264,32.203117,25.094372,36.468365
Canada,CAN,2006,0.019909536,1.1348436,32.12404,25.195518,36.61364
Canada,CAN,2007,0.019935833,1.1562783,32.6848,27.252285,37.359753
Canada,CAN,2008,0.029929066,1.0874228,31.196064,26.317625,37.491146
Canada,CAN,2009,0.039913237,1.097614,30.733194,25.763996,36.460747
Canada,CAN,2010,0.08,0.93999994,29.169998,24.449999,36.36
Canada,CAN,2011,0.09,0.95,28.67,24.52,36.5
Canada,CAN,2012,0.070000015,0.96000016,29.670006,24.190004,36.65001
Canada,CAN,2013,0.090000026,0.97000027,29.290009,22.670006,36.530006
Canada,CAN,2014,0.07999999,0.9799999,30.909998,22.829998,37.149998
Canada,CAN,2015,0.07999998,0.97999984,28.809996,24.939997,37.969994
Canada,CAN,2016,0.07999998,0.9799999,26.989996,23.099997,38.619995
Canada,CAN,2017,0.07000001,0.99000007,26.760002,24.020002,38.890003
Canada,CAN,2018,0.07000001,0.9900001,27.730003,23.380001,40.240005
Canada,CAN,2019,0.5199999,1.0499998,26.249996,24.529999,40.489998
Canada,CAN,2020,0.56999993,1.0399998,27.819996,21.139997,40.299995
Canada,CAN,2021,0.6,1.06,24.8,22.24,39.58
Canada,CAN,2022,0.58000004,1.2300001,26.080002,22.090002,40.780003
Canada,CAN,2023,0.57000005,1.1200001,25.640001,25.900002,41.560005
Cape Verde,CPV,1961,0,0.6759339,0.7969967,1.5435505,0.1815942
Cape Verde,CPV,1962,0,0.7033749,0.6832785,1.5876178,0.18086785
Cape Verde,CPV,1963,0,0.6888389,0.78867066,1.7071226,0.16971393
Cape Verde,CPV,1964,0,0.7039579,0.73370266,1.992895,0.16855331
Cape Verde,CPV,1965,0,0.7016842,0.6226212,2.3125927,0.20754038
Cape Verde,CPV,1966,0,0.7352098,0.51954824,2.8330088,0.17645037
Cape Verde,CPV,1967,0,0.6801602,0.6024276,2.6429083,0.18461491
Cape Verde,CPV,1968,0,0.6665754,0.6086123,2.63732,0.20287076
Cape Verde,CPV,1969,0,0.6525959,0.5374319,2.7639356,0.24952193
Cape Verde,CPV,1970,0,0.6017819,0.8596884,2.7032425,0.2770107
Cape Verde,CPV,1971,0,0.57948935,0.84025955,2.8298397,0.3283773
Cape Verde,CPV,1972,0,0.54188466,1.0936219,3.0049968,0.3645406
Cape Verde,CPV,1973,0,0.48337722,1.1681616,3.4138517,0.36253294
Cape Verde,CPV,1974,0,0.55146116,1.0518609,2.6653953,0.34721625
Cape Verde,CPV,1975,0,0.59165674,1.0915048,2.468637,0.3468333
Cape Verde,CPV,1976,0,0.6978886,0.94063246,2.1138945,0.34388715
Cape Verde,CPV,1977,0.019818246,0.7233661,0.84227556,2.4475536,0.3468193
Cape Verde,CPV,1978,0.30870152,0.74281305,0.79104763,2.643257,0.54022765
Cape Verde,CPV,1979,0.0756217,0.75621706,1.8999953,2.9208882,0.6616899
Cape Verde,CPV,1980,0.03736352,0.71924776,1.0555195,3.4561257,0.93408805
Cape Verde,CPV,1981,0.027816836,0.8623219,0.9550447,3.5790994,0.99213386
Cape Verde,CPV,1982,0.009316891,1.0062243,1.0807594,5.7112546,0.94100606
Cape Verde,CPV,1983,0.009388114,0.8730946,1.2767836,4.5156827,0.9200352
Cape Verde,CPV,1984,0.018977493,0.8634759,1.309447,4.184537,1.1671158
Cape Verde,CPV,1985,0.019057488,0.7051271,0.7718283,6.9655123,0.9814607
Cape Verde,CPV,1986,0,0.82016116,1.3637563,7.2574725,1.3256093
Cape Verde,CPV,1987,0,0.8538851,1.3092905,8.510389,1.2618525
Cape Verde,CPV,1988,0,1.3686079,1.8499804,8.966742,1.2930984
Cape Verde,CPV,1989,0,1.1194063,2.0130498,9.500843,1.3545756
Cape Verde,CPV,1990,0,1.1250889,2.1470447,10.210182,1.3126037
Cape Verde,CPV,1991,0.009360301,1.2542804,1.1981186,10.586501,1.5257292
Cape Verde,CPV,1992,0,1.2380474,5.1116347,19.199112,1.7163838
Cape Verde,CPV,1993,0,1.2916908,3.4036524,18.366524,1.9611071
Cape Verde,CPV,1994,0.038027447,1.2739196,2.6429076,12.786729,1.8443313
Cape Verde,CPV,1995,0.038171224,1.1165082,3.3876963,15.478431,1.4409637
Cape Verde,CPV,1996,0,1.076336,3.5077024,14.540147,1.3934708
Cape Verde,CPV,1997,0,1.0623771,2.7042327,13.173476,1.468012
Cape Verde,CPV,1998,0.5715013,1.2301809,1.966352,16.835072,1.8598009
Cape Verde,CPV,1999,0.029158305,1.1468933,1.4384764,17.504704,2.1965923
Cape Verde,CPV,2000,0.06824975,1.1504958,1.5892441,17.520685,4.2119846
Cape Verde,CPV,2001,0.11757549,1.0875733,1.5284814,16.401781,6.025744
Cape Verde,CPV,2002,0.18672279,1.1203368,1.1399918,16.146608,6.1127143
Cape Verde,CPV,2003,0.15784225,0.9174581,2.2196567,15.646113,8.543212
Cape Verde,CPV,2004,0.17798102,1.55239,1.5425019,15.33603,11.222692
Cape Verde,CPV,2005,0.19747366,1.5600419,1.964863,15.235093,13.0135145
Cape Verde,CPV,2006,0.32413068,1.4634992,2.4850018,15.342185,12.729496
Cape Verde,CPV,2007,0.12680472,1.7460035,2.6336367,14.065571,15.158042
Cape Verde,CPV,2008,0.23216757,0.98671216,2.5248222,13.726908,15.45849
Cape Verde,CPV,2009,0.10562128,1.3538728,2.3428721,12.348087,18.310888
Cape Verde,CPV,2010,0.07999796,2.0199485,3.3799138,11.149715,17.629549
Cape Verde,CPV,2011,0.14999913,1.70999,2.2199872,10.679938,17.2699
Cape Verde,CPV,2012,0.14999533,1.7699447,2.5499203,10.459673,15.509516
Cape Verde,CPV,2013,0.14999971,1.8199965,2.0999956,10.409979,17.569965
Cape Verde,CPV,2014,0.119999066,1.8799853,2.2099829,10.8099165,18.859854
Cape Verde,CPV,2015,0.15999532,1.9199438,2.2499342,10.919681,20.15941
Cape Verde,CPV,2016,0.48999426,1.959977,2.2599735,11.289867,23.649723
Cape Verde,CPV,2017,0.25999543,2.0999632,3.2299435,12.429783,25.65955
Cape Verde,CPV,2018,0.23999624,2.0599678,3.4299464,12.419806,27.579569
Cape Verde,CPV,2019,0.13999563,2.1199338,3.4198935,11.53964,27.21915
Cape Verde,CPV,2020,0.039999764,2.1999872,2.3199863,9.4499445,29.669827
Cape Verde,CPV,2021,0.07999923,1.3599869,2.1599793,11.439889,25.639753
Cape Verde,CPV,2022,0.16999672,1.4899713,3.8799255,12.259764,26.549488
Cape Verde,CPV,2023,0.18999818,1.5499852,3.4099677,13.909867,24.799763
Caribbean (FAO),,1961,1.72,0.57,11.8,4.42,3.36
Caribbean (FAO),,1962,2.38,0.57,11.94,4.49,3.59
Caribbean (FAO),,1963,2.86,0.55,12.11,4.52,3.78
Caribbean (FAO),,1964,1.79,0.54,12.93,4.6,3.94
Caribbean (FAO),,1965,0.74,0.53,12.51,4.55,4.09
Caribbean (FAO),,1966,1.47,0.53,12.14,4.62,4.49
Caribbean (FAO),,1967,1.73,0.57,12.02,4.55,4.76
Caribbean (FAO),,1968,1.56,0.59,14.59,4.54,4.92
Caribbean (FAO),,1969,1.52,0.6,14.2,4.47,5.16
Caribbean (FAO),,1970,1.72,0.62,13.5,4.66,5.63
Caribbean (FAO),,1971,1.77,0.68,12.58,5.05,6.02
Caribbean (FAO),,1972,1.83,0.66,12.2,5.17,6.01
Caribbean (FAO),,1973,2.16,0.59,10.88,5.31,6.39
Caribbean (FAO),,1974,2.71,0.56,9.86,4.98,6.4
Caribbean (FAO),,1975,2.04,0.56,9.59,4.79,8.22
Caribbean (FAO),,1976,1.89,0.54,11.02,5.19,7.29
Caribbean (FAO),,1977,1.65,0.51,11.49,6.64,7.96
Caribbean (FAO),,1978,1.83,0.5,11.68,5.47,8.95
Caribbean (FAO),,1979,1.95,0.48,10.43,5.32,9.42
Caribbean (FAO),,1980,2.25,0.53,10.5,4.79,10.79
Caribbean (FAO),,1981,2.14,0.49,10.45,4.52,11.13
Caribbean (FAO),,1982,2.72,0.55,10.55,4.52,10.4
Caribbean (FAO),,1983,2.37,0.55,10.75,4.56,11.11
Caribbean (FAO),,1984,2.36,0.57,10.62,4.78,12
Caribbean (FAO),,1985,2.2,0.58,10.39,5.11,11.77
Caribbean (FAO),,1986,1.93,0.57,10.21,5.23,11.83
Caribbean (FAO),,1987,1.8,0.61,9.83,5.41,12.02
Caribbean (FAO),,1988,2.03,0.58,9.94,5.22,12.38
Caribbean (FAO),,1989,2.27,0.71,9.78,5.38,13.14
Caribbean (FAO),,1990,2,0.73,9.42,5.66,13.19
Caribbean (FAO),,1991,1.03,0.75,7.84,5.81,14.05
Caribbean (FAO),,1992,0.74,0.68,7.48,5.77,11.43
Caribbean (FAO),,1993,0.75,0.69,7.25,6.98,11.69
Caribbean (FAO),,1994,0.73,0.7,6.96,7.28,11.21
Caribbean (FAO),,1995,0.76,0.62,7,7.04,11.51
Caribbean (FAO),,1996,0.77,0.6,7.04,7.23,13.2
Caribbean (FAO),,1997,0.75,0.66,6.91,6.42,14.28
Caribbean (FAO),,1998,0.74,0.72,7.08,6.7,15.93
Caribbean (FAO),,1999,0.31,0.87,6.8,7.42,16.69
Caribbean (FAO),,2000,0.35,0.88,6.95,7.34,16.88
Caribbean (FAO),,2001,0.33,0.85,6.71,7.18,17.34
Caribbean (FAO),,2002,0.32,0.9,6.64,7.54,17.79
Caribbean (FAO),,2003,0.3,0.9,6.24,7.5,17.33
Caribbean (FAO),,2004,0.31,0.93,6.25,7.39,20.17
Caribbean (FAO),,2005,0.31,0.9,6.66,8.34,20.36
Caribbean (FAO),,2006,0.34,0.92,7.18,9.14,22.3
Caribbean (FAO),,2007,0.32,1.1,7.1,11.26,22.39
Caribbean (FAO),,2008,2,1.06,7.37,11.67,21.92
Caribbean (FAO),,2009,2.32,0.98,7.2,11.34,23.86
Caribbean (FAO),,2010,2,0.88,7.71,10.49,21.99
Caribbean (FAO),,2011,1.84,0.9,7.04,11.05,22.78
Caribbean (FAO),,2012,1.8,0.94,6.93,9.89,23.45
Caribbean (FAO),,2013,1.9,0.89,7.03,10.71,24.08
Caribbean (FAO),,2014,1.8,0.92,6.58,11.02,24.74
Caribbean (FAO),,2015,1.97,0.82,7.27,11.21,25.12
Caribbean (FAO),,2016,2.34,0.83,7.19,11.92,27.52
Caribbean (FAO),,2017,1.51,0.86,6.01,12.27,29.04
Caribbean (FAO),,2018,2.26,0.79,6.32,12.53,28.73
Caribbean (FAO),,2019,1.59,0.73,6.43,11.9,29.11
Caribbean (FAO),,2020,1.39,0.87,5.8,9.29,31.12
Caribbean (FAO),,2021,0.99,1.02,6.32,9.69,30.88
Caribbean (FAO),,2022,0.92,0.95,6.35,12.41,30.64
Caribbean (FAO),,2023,1.05,0.97,6.11,9.39,31.07
Central African Republic,CAF,1961,6.1527295,0.99607223,5.3593974,0.28207356,0.29970315
Central African Republic,CAF,1962,6.0849066,1.0038775,5.4068494,0.3258199,0.3258199
Central African Republic,CAF,1963,6.034141,1.002758,5.523966,0.35184494,0.3342527
Central African Republic,CAF,1964,5.9772277,0.9844845,5.3970847,0.43950203,0.35160163
Central African Republic,CAF,1965,5.9098086,1.0098485,5.259993,0.5005336,0.36003292
Central African Republic,CAF,1966,5.8437285,1.0090523,5.562949,0.66685194,0.35974905
Central African Republic,CAF,1967,5.8046775,1.0171338,5.7959094,0.69270325,0.3595042
Central African Republic,CAF,1968,5.7504997,0.9890509,6.0218325,0.7089657,0.35010654
Central African Republic,CAF,1969,5.686485,1.0132599,6.306669,0.70753497,0.35813498
Central African Republic,CAF,1970,5.6243033,1.0376623,6.539888,0.7324674,0.35751387
Central African Republic,CAF,1971,5.565071,1.0450839,6.819172,0.74026775,0.3570703
Central African Republic,CAF,1972,5.501634,1.0881397,7.286183,0.7486401,0.37432006
Central African Republic,CAF,1973,5.4733567,1.1312183,7.700987,0.7657478,0.37417224
Central African Republic,CAF,1974,4.980609,1.1667861,8.097843,0.7662475,0.3918311
Central African Republic,CAF,1975,4.9685707,1.1593332,8.385552,1.3162354,0.42712274
Central African Republic,CAF,1976,4.530388,1.185276,8.920299,1.6681662,0.44777092
Central African Republic,CAF,1977,4.55941,1.2176203,8.558892,1.6531194,0.48882565
Central African Republic,CAF,1978,4.591772,1.2424796,8.706361,1.8907297,0.531205
Central African Republic,CAF,1979,5.444113,1.333625,7.2253237,1.8725555,0.58460265
Central African Republic,CAF,1980,5.4656835,1.3826603,8.648585,1.8559197,0.6124535
Central African Republic,CAF,1981,5.4855266,1.4162289,9.507616,2.3131738,0.6703483
Central African Republic,CAF,1982,5.942464,1.4231144,10.413735,2.288522,0.67309463
Central African Republic,CAF,1983,6.3533993,1.4586387,12.139006,2.3494852,0.6852665
Central African Republic,CAF,1984,6.4083843,1.6020961,11.383838,2.388218,0.7065144
Central African Republic,CAF,1985,6.40386,1.6034863,11.537033,2.400187,0.6958525
Central African Republic,CAF,1986,6.551406,1.5894547,11.666189,2.496259,0.7743497
Central African Republic,CAF,1987,6.5928082,1.7662975,13.0623865,2.5981004,0.85234123
Central African Republic,CAF,1988,6.560194,1.8022511,13.985469,2.6364357,0.8650805
Central African Republic,CAF,1989,6.4949102,1.823492,14.14743,2.6532834,0.8707687
Central African Republic,CAF,1990,6.410413,1.7750351,14.190138,2.809627,0.872303
Central African Republic,CAF,1991,6.3457856,2.0012858,14.240305,2.7253692,0.8447638
Central African Republic,CAF,1992,6.2938333,2.0148246,14.403003,2.6930823,0.8378478
Central African Republic,CAF,1993,6.2146873,1.9989917,14.359095,2.7807755,0.8708479
Central African Republic,CAF,1994,6.1702123,2.1320639,13.863327,2.8787775,0.86461574
Central African Republic,CAF,1995,6.066554,2.2994196,14.334681,2.994138,0.87084407
Central African Republic,CAF,1996,6.054617,2.3301988,17.890858,3.3051775,0.93597937
Central African Republic,CAF,1997,6.0514765,2.3856783,14.178299,3.3457685,0.94069433
Central African Republic,CAF,1998,6.0343037,2.458063,14.054337,3.2774174,0.7422386
Central African Republic,CAF,1999,5.9923553,2.4314027,13.679034,3.2259161,0.698789
Central African Republic,CAF,2000,5.9503665,2.9514575,17.509453,3.1317718,0.83513916
Central African Republic,CAF,2001,5.878018,2.9579096,17.095394,3.1941643,0.8410669
Central African Republic,CAF,2002,5.877006,3.103059,17.226679,3.1218655,1.0249499
Central African Republic,CAF,2003,5.8620186,3.1643698,15.961865,3.1550355,1.036121
Central African Republic,CAF,2004,5.720969,3.1391034,17.645847,3.222689,1.0030271
Central African Republic,CAF,2005,5.65222,3.2417145,17.723219,3.1585937,1.0343932
Central African Republic,CAF,2006,5.6460757,3.3526454,17.822443,3.0947495,1.0223726
Central African Republic,CAF,2007,5.586094,3.5154657,18.884125,2.9632983,1.141146
Central African Republic,CAF,2008,5.5078,3.9747956,17.762655,3.7177653,1.1749973
Central African Republic,CAF,2009,5.5855803,4.2103786,18.216717,3.8995452,1.2527525
Central African Republic,CAF,2010,6.2334747,4.5013776,18.928604,4.179851,1.3068515
Central African Republic,CAF,2011,6.96583,5.1621776,19.280422,3.99084,1.3371905
Central African Republic,CAF,2012,7.029244,5.11406,19.514175,3.5612075,1.5010904
Central African Republic,CAF,2013,7.1378174,5.110264,19.799685,3.6723554,1.4482528
Central African Republic,CAF,2014,7.390347,5.1275725,20.001684,4.037704,1.7853086
Central African Republic,CAF,2015,7.120744,5.1844015,20.165031,3.9143271,1.8842905
Central African Republic,CAF,2016,7.085247,5.139665,19.944815,3.7559092,1.893561
Central African Republic,CAF,2017,7.0778723,5.2015586,20.545635,3.908987,2.2620006
Central African Republic,CAF,2018,6.975913,4.887316,19.925213,4.2607374,2.474987
Central African Republic,CAF,2019,6.8794475,5.278106,20.3855,3.9190726,3.2553587
Central African Republic,CAF,2020,6.855982,5.1446443,20.089622,3.837224,8.843685
Central African Republic,CAF,2021,6.8213,5.1026316,20.10095,3.810961,2.8181899
Central African Republic,CAF,2022,6.9383063,5.209202,20.530382,3.8631263,2.5498822
Central America (FAO),,1961,0.8,0.63,8.96,8.79,2.86
Central America (FAO),,1962,0.73,0.61,9.8,8.49,3.04
Central America (FAO),,1963,0.71,0.6,9.87,8.3,3.08
Central America (FAO),,1964,0.72,0.61,10.16,8.07,3.14
Central America (FAO),,1965,0.7,0.61,10.07,7.92,3.31
Central America (FAO),,1966,0.67,0.56,9.67,7.79,3.35
Central America (FAO),,1967,0.64,0.57,9.8,7.74,3.38
Central America (FAO),,1968,0.61,0.55,9.64,7.58,3.4
Central America (FAO),,1969,0.56,0.59,9.36,7.61,3.43
Central America (FAO),,1970,0.54,0.58,8.93,7.76,3.57
Central America (FAO),,1971,0.58,0.59,8.73,7.86,3.69
Central America (FAO),,1972,0.59,0.7,8.35,8.55,3.79
Central America (FAO),,1973,0.52,0.68,8.08,9.17,4.03
Central America (FAO),,1974,0.54,0.65,8.22,9.92,4.26
Central America (FAO),,1975,0.59,0.63,9.44,10.75,4.38
Central America (FAO),,1976,0.59,0.62,10.59,11.63,4.63
Central America (FAO),,1977,0.57,0.61,10.92,12.52,4.8
Central America (FAO),,1978,0.51,0.61,10.33,13.05,5.01
Central America (FAO),,1979,0.49,0.61,9.36,13.74,5.29
Central America (FAO),,1980,0.52,0.6,10.35,14.24,5.81
Central America (FAO),,1981,0.67,0.63,11.03,14.51,6.22
Central America (FAO),,1982,0.67,0.63,11.06,14.84,6.35
Central America (FAO),,1983,0.65,0.56,11.72,15.74,6.53
Central America (FAO),,1984,0.65,0.54,11.38,15.09,6.76
Central America (FAO),,1985,0.72,0.61,11.38,13.26,7.45
Central America (FAO),,1986,0.67,0.65,13.89,9.87,8.45
Central America (FAO),,1987,0.71,0.6,14.02,9.22,8.34
Central America (FAO),,1988,0.84,0.63,13.86,9,8.4
Central America (FAO),,1989,0.86,0.65,12.85,7.78,7.92
Central America (FAO),,1990,0.88,0.64,12.44,7.76,9.16
Central America (FAO),,1991,0.87,0.7,13.26,8.37,10.48
Central America (FAO),,1992,0.89,0.75,13.58,8.5,11.2
Central America (FAO),,1993,0.94,0.77,13.05,8.38,12.69
Central America (FAO),,1994,0.95,0.77,14.24,8.93,13.36
Central America (FAO),,1995,0.8,0.67,13.7,8.42,14.52
Central America (FAO),,1996,0.79,0.63,13.28,8.07,14.24
Central America (FAO),,1997,0.78,0.68,13.87,8.28,16.15
Central America (FAO),,1998,1.06,0.73,14.6,8.8,17.56
Central America (FAO),,1999,0.97,0.76,14.8,9.24,18.45
Central America (FAO),,2000,1.18,0.85,15.09,9.85,19.45
Central America (FAO),,2001,1.43,0.89,15.15,10.06,20.33
Central America (FAO),,2002,1.24,0.9,15.39,10.27,21.7
Central America (FAO),,2003,0.88,0.87,14.78,10.31,22.28
Central America (FAO),,2004,0.8,0.99,14.27,10.75,23.32
Central America (FAO),,2005,0.77,0.87,14.43,10.67,24.95
Central America (FAO),,2006,0.71,0.83,14.95,10.72,25.22
Central America (FAO),,2007,0.67,0.84,15.09,10.88,25.66
Central America (FAO),,2008,0.62,0.84,15.17,11.31,25.88
Central America (FAO),,2009,0.6,0.77,14.65,12.12,25.98
Central America (FAO),,2010,0.5,0.69,15.14,13.39,28.24
Central America (FAO),,2011,0.51,0.67,14.85,13.22,28.49
Central America (FAO),,2012,0.51,0.68,14.18,13.43,28.76
Central America (FAO),,2013,0.52,0.68,14.18,13.5,28.83
Central America (FAO),,2014,0.53,0.7,13.91,12.92,28.78
Central America (FAO),,2015,0.52,0.7,13.55,13.8,29.73
Central America (FAO),,2016,0.53,0.69,13.45,14.23,30.38
Central America (FAO),,2017,0.53,0.68,13.57,14.61,31.02
Central America (FAO),,2018,0.54,0.68,13.57,15.4,32.15
Central America (FAO),,2019,0.53,0.66,13.65,15.57,34.58
Central America (FAO),,2020,0.49,0.61,13.37,16.01,34.12
Central America (FAO),,2021,0.5,0.62,13.52,16.65,35.38
Central America (FAO),,2022,0.47,0.62,13.53,17.7,35.9
Central America (FAO),,2023,0.45,0.63,14.72,18.21,36.3
Central Asia (FAO),,1992,1.63,8.41,19.29,5.55,4.04
Central Asia (FAO),,1993,1.52,9.21,18.39,4.8,2.6
Central Asia (FAO),,1994,1.77,8.48,21.21,3.79,2.35
Central Asia (FAO),,1995,1.52,7.42,21.07,2.89,1.99
Central Asia (FAO),,1996,1.73,6.58,19.59,2.77,1.54
Central Asia (FAO),,1997,1.71,5.86,19.3,2.21,1.79
Central Asia (FAO),,1998,1.74,5.81,18.55,2.46,1.87
Central Asia (FAO),,1999,1.64,5.31,15.51,2.73,1.58
Central Asia (FAO),,2000,1.47,5.38,15.59,3.38,1.75
Central Asia (FAO),,2001,1.43,5.4,15.49,4.19,1.75
Central Asia (FAO),,2002,1.24,5.63,16.21,4.15,2.2
Central Asia (FAO),,2003,1.39,5.73,16.98,4.25,2.62
Central Asia (FAO),,2004,1.36,5.82,17.59,4.43,3.11
Central Asia (FAO),,2005,1.35,5.96,17.95,4.65,3.88
Central Asia (FAO),,2006,1.32,6.29,18.23,4.95,4.83
Central Asia (FAO),,2007,1.32,6.94,18.9,5.05,4.97
Central Asia (FAO),,2008,1.34,7.13,19.19,5.47,5.01
Central Asia (FAO),,2009,1.46,7.31,19.77,5.26,4.97
Central Asia (FAO),,2010,1.71,7.45,19.24,3.1,5.88
Central Asia (FAO),,2011,1.76,7.59,19.32,3.7,6.14
Central Asia (FAO),,2012,1.77,7.85,19.9,3.72,6.89
Central Asia (FAO),,2013,1.79,7.88,20.37,3.6,6.44
Central Asia (FAO),,2014,1.94,7.96,20.79,3.53,6.36
Central Asia (FAO),,2015,1.76,8.05,21.44,3.09,6.3
Central Asia (FAO),,2016,1.84,7.8,22.25,2.8,6.37
Central Asia (FAO),,2017,1.8,8,22.94,2.7,6.8
Central Asia (FAO),,2018,1.82,8.2,23.77,2.19,7.75
Central Asia (FAO),,2019,2.01,8.21,24.55,2.22,7.56
Central Asia (FAO),,2020,2.05,7.72,24.28,2.32,8.62
Central Asia (FAO),,2021,2.32,7.7,24.68,2.47,10.16
Central Asia (FAO),,2022,2.79,8.08,24.91,1.93,10.52
Central Asia (FAO),,2023,2.92,8.1,25.33,1.9,11.36
Chad,TCD,1961,1.0524796,3.0394034,7.259158,0.03934503,0.45246786
Chad,TCD,1962,1.0322776,3.057508,8.779276,0.039324865,0.44240472
Chad,TCD,1963,1.0711964,3.1742792,9.011808,0.03930996,0.43240955
Chad,TCD,1964,1.050757,3.1522713,9.005086,0.039280634,0.42226684
Chad,TCD,1965,1.030327,3.1302316,9.469195,0.039250553,0.43175608
Chad,TCD,1966,0.990361,3.6476662,7.8150263,0.029416662,0.4510555
Chad,TCD,1967,0.97933227,3.5745628,8.7062645,0.029379968,0.47007948
Chad,TCD,1968,0.95884895,3.5810072,8.189352,0.029352516,0.48920864
Chad,TCD,1969,0.9386706,3.510237,4.7520204,0.039111275,0.5084466
Chad,TCD,1970,0.9191128,3.4711175,5.143121,0.039111182,0.528001
Chad,TCD,1971,0.8908011,3.2010105,4.6106296,0.029367067,0.5579743
Chad,TCD,1972,0.8821415,3.646185,5.694713,0.029404717,0.53908646
Chad,TCD,1973,0.87282616,2.9519176,5.1388865,0.01961407,0.539387
Chad,TCD,1974,0.87311745,3.1491091,4.2969155,0.039241236,0.54937726
Chad,TCD,1975,0.85366637,3.4244776,5.494864,0.02943677,0.5691109
Chad,TCD,1976,0.8539766,3.671118,5.2907286,0.02944747,0.58894944
Chad,TCD,1977,0.8349555,3.467521,5.864334,0.029469017,0.6090264
Chad,TCD,1978,0.8158191,3.833367,6.6838193,0.029487437,0.6388945
Chad,TCD,1979,0.8046417,4.229275,7.369341,0.029438112,0.6574512
Chad,TCD,1980,0.799564,4.3376346,7.345994,0.0399782,0.6696349
Chad,TCD,1981,0.80573285,4.4570284,8.291909,0.0407966,0.66294473
Chad,TCD,1982,0.7862511,4.369168,8.161088,0.039810184,0.63696295
Chad,TCD,1983,0.8051395,3.5988767,7.33356,0.038801905,0.6208305
Chad,TCD,1984,0.7955261,2.7696092,6.2659955,0.04910655,0.6482065
Chad,TCD,1985,0.7693542,2.9675093,6.2647414,0.039966453,0.62947166
Chad,TCD,1986,0.76881605,3.264972,11.8417635,0.049923122,0.6290313
Chad,TCD,1987,0.7556243,3.2312882,11.364192,0.049712125,0.62637275
Chad,TCD,1988,0.7144197,3.145431,12.035987,0.049612477,0.60527223
Chad,TCD,1989,0.75287116,2.9520476,11.847815,0.049530998,0.6141844
Chad,TCD,1990,0.71628886,2.8353097,12.296291,0.04974228,0.63670117
Chad,TCD,1991,0.68302983,3.0191898,12.126254,0.049494915,0.62363595
Chad,TCD,1992,0.6755437,3.044842,12.19895,0.048952445,0.6070103
Chad,TCD,1993,0.6710607,3.1381958,10.5396,0.0493427,0.6118495
Chad,TCD,1994,0.6672882,3.1472101,8.37596,0.05975715,0.6075311
Chad,TCD,1995,0.64984614,3.337846,8.812307,0.059076916,0.6006154
Chad,TCD,1996,0.66218746,3.2525089,8.9005785,0.048690256,0.57454497
Chad,TCD,1997,0.62269735,3.804292,9.398839,0.05837788,0.5740491
Chad,TCD,1998,0.6129509,3.687435,10.011532,0.05837628,0.5740334
Chad,TCD,1999,0.5839681,3.5524724,9.470015,0.058396805,0.5645024
Chad,TCD,2000,0.5948726,3.5789874,8.64028,0.048760045,0.54611254
Chad,TCD,2001,0.5875203,3.6230416,8.724675,0.048960023,0.52876824
Chad,TCD,2002,0.5700624,3.6267765,8.364192,0.05897197,0.5209191
Chad,TCD,2003,0.5593766,3.5721593,8.253258,0.058881745,0.52012205
Chad,TCD,2004,0.53585994,3.497704,8.076871,0.04871454,0.5066312
Chad,TCD,2005,0.5138818,3.4614305,7.902145,0.04847942,0.49449006
Chad,TCD,2006,0.4933551,3.395444,7.864661,0.04836815,0.46433422
Chad,TCD,2007,0.44390795,3.4065108,7.787689,0.048250865,0.4632083
Chad,TCD,2008,0.43253925,3.3738062,7.728035,0.048059918,0.45176324
Chad,TCD,2009,0.43022165,3.336608,7.667506,0.057362884,0.43978214
Chad,TCD,2010,0.73420805,12.095112,21.919975,0.057963792,0.44438908
Chad,TCD,2011,0.7339453,12.506042,22.279102,0.05794305,0.43457285
Chad,TCD,2012,0.7627261,12.937379,22.650068,0.057928562,0.42480946
Chad,TCD,2013,0.7529778,13.379836,23.023745,0.048267808,0.41510317
Chad,TCD,2014,0.7626314,13.746672,24.317322,0.14480343,0.4537174
Chad,TCD,2015,0.77229005,14.268058,25.195963,0.14480439,0.4537204
Chad,TCD,2016,0.7144398,14.221214,24.821955,0.15447347,0.42480206
Chad,TCD,2017,0.69525725,16.193699,25.618298,0.13518889,0.39591035
Chad,TCD,2018,0.69538623,15.906959,26.328094,0.12555583,0.38632566
Chad,TCD,2019,0.78289425,16.547098,26.019152,0.14498042,0.45427197
Chad,TCD,2020,0.81171566,17.055693,26.487055,0.14494923,0.45417425
Chad,TCD,2021,0.7998073,17.653578,26.384005,0.13490726,0.44326672
Chad,TCD,2022,0.80668235,18.275198,27.321566,0.13444707,0.46096134
Chile,CHL,1961,0.19792181,3.2232983,18.764874,3.5154686,2.3844867
Chile,CHL,1962,0.17995854,3.2108395,19.577595,2.9835234,2.3584042
Chile,CHL,1963,0.1903543,3.1598814,19.006876,2.9314563,2.54123
Chile,CHL,1964,0.2581669,2.715533,16.618298,3.0597558,2.715533
Chile,CHL,1965,0.2496454,2.909329,15.958103,3.6390617,2.880524
Chile,CHL,1966,0.24091323,2.9005952,17.499937,3.9413407,3.9220676
Chile,CHL,1967,0.23196638,2.9962323,18.257687,3.9240978,4.4943485
Chile,CHL,1968,0.26163694,3.4497313,19.787504,4.379996,4.942031
Chile,CHL,1969,0.33019084,3.3116198,18.354725,4.3701725,5.58411
Chile,CHL,1970,0.2821546,2.8896523,19.264349,4.5242033,5.68201
Chile,CHL,1971,0.3410942,3.089339,17.47377,4.53168,4.668118
Chile,CHL,1972,0.34158328,2.225171,15.302932,5.6605234,6.421766
Chile,CHL,1973,0.26372373,1.8069959,10.324295,4.9033074,5.7335486
Chile,CHL,1974,0.55698854,3.029236,20.843098,5.2083316,5.892353
Chile,CHL,1975,0.1465483,2.080986,20.194355,2.8137274,4.103352
Chile,CHL,1976,0.21475782,1.5325899,18.332508,2.294004,3.5142188
Chile,CHL,1977,0.253491,1.6281923,16.05768,2.6324067,4.1046047
Chile,CHL,1978,0.33103195,1.6551598,16.210829,3.037705,5.315984
Chile,CHL,1979,0.42801896,1.5467049,15.350316,3.7743492,7.052585
Chile,CHL,1980,0.47652212,1.3517668,14.665211,4.3956733,9.734666
Chile,CHL,1981,0.4183757,1.3232348,16.65719,4.96213,11.296144
Chile,CHL,1982,0.27274108,1.3052609,17.026834,5.0164876,10.295975
Chile,CHL,1983,0.46826,1.2877151,17.530483,4.9655075,7.2872963
Chile,CHL,1984,0.5666622,1.1724046,16.609066,4.9338694,6.106274
Chile,CHL,1985,0.4989618,1.2425127,14.743833,5.3418264,5.879923
Chile,CHL,1986,0.3624488,1.2244892,14.370605,5.995099,5.789385
Chile,CHL,1987,0.36279228,1.2844808,13.786107,6.9028587,7.7363005
Chile,CHL,1988,0.33365935,1.1285536,15.397397,7.713419,8.292416
Chile,CHL,1989,0.4027396,1.0314063,17.091875,8.575406,8.123553
Chile,CHL,1990,0.40319023,0.91455346,18.251732,9.057029,8.771846
Chile,CHL,1991,0.4235014,0.98488694,17.649174,8.863982,9.681438
Chile,CHL,1992,0.3454984,1.0661094,16.91955,9.466657,14.4023485
Chile,CHL,1993,0.23754463,1.0095646,19.013468,10.214419,17.004236
Chile,CHL,1994,0.26790163,0.8830831,20.330755,10.934356,20.112467
Chile,CHL,1995,0.3777143,0.8150677,22.086346,11.768783,20.983025
Chile,CHL,1996,0.39804402,0.79608804,22.927336,12.399071,22.041687
Chile,CHL,1997,0.41830012,0.8266407,24.321165,13.186414,21.940838
Chile,CHL,1998,0.38856146,0.8568279,22.87531,14.496332,23.622545
Chile,CHL,1999,0.3188864,0.8570072,21.325527,15.475956,23.906515
Chile,CHL,2000,0.32894346,0.8173746,21.64049,15.729477,26.265636
Chile,CHL,2001,0.33902767,0.69799817,19.643663,16.821756,27.899984
Chile,CHL,2002,0.34916294,0.6883498,20.690397,16.420633,26.436623
Chile,CHL,2003,0.3194258,0.5789592,21.092083,18.177322,26.711983
Chile,CHL,2004,0.29964188,0.5793076,21.973738,16.929766,29.304976
Chile,CHL,2005,0.26982197,0.5496374,22.655052,17.758284,29.090807
Chile,CHL,2006,0.2899263,0.6598323,20.424809,20.794714,33.20156
Chile,CHL,2007,0.2599599,0.6698967,21.926619,20.676811,34.234722
Chile,CHL,2008,0.26987195,0.7296538,20.67019,22.56929,33.32419
Chile,CHL,2009,0.2097811,0.62934333,20.718382,21.20787,31.097551
Chile,CHL,2010,0.35999998,0.54999995,22.629997,22.049997,32.749996
Chile,CHL,2011,0.21000011,0.59000033,21.760014,21.900013,35.820023
Chile,CHL,2012,0.22000004,0.5100001,22.500004,21.650003,35.370007
Chile,CHL,2013,0.49000013,0.5000001,25.810005,22.760006,35.83001
Chile,CHL,2014,0.6599999,0.5299999,23.939997,22.519997,35.719997
Chile,CHL,2015,0.6600001,0.5,25.580002,21.950003,37.79
Chile,CHL,2016,0.5499999,0.46999988,27.599995,23.259995,40.29999
Chile,CHL,2017,0.59000003,0.48000002,25.790003,24.070002,39.660004
Chile,CHL,2018,0.6600002,0.5200001,26.570005,24.030006,39.170006
Chile,CHL,2019,0.7599997,0.39999986,28.53999,22.859991,38.219986
Chile,CHL,2020,0.84999996,0.39999998,28.489998,21.519999,36.059998
Chile,CHL,2021,0.9000003,0.41000015,33.39001,24.18001,38.150017
Chile,CHL,2022,0.8400002,0.4200001,27.400007,25.090008,38.610012
Chile,CHL,2023,1.3699998,0.41999993,27.489996,31.389996,37.859997
China,CHN,1961,0.110861436,0.1511747,0.09070481,2.0559757,0.94736135
China,CHN,1962,0.111056596,0.15144081,0.12115265,2.6552625,0.9692212
China,CHN,1963,0.10974199,0.17957781,0.15962471,4.7787647,0.97770137
China,CHN,1964,0.12840298,0.19754305,0.16791159,6.2423606,0.9778381
China,CHN,1965,0.12786715,0.21639057,0.18688276,6.9933496,0.9934294
China,CHN,1966,0.13754375,0.2554384,0.19649106,7.407713,0.9922799
China,CHN,1967,0.13784818,0.25600377,0.19692598,7.7096524,1.0141687
China,CHN,1968,0.13815959,0.25658208,0.19737084,7.3915377,1.0065912
China,CHN,1969,0.13834834,0.25693262,0.19764048,6.976709,1.0277305
China,CHN,1970,0.13848133,0.2571796,0.18793894,6.7064533,1.0188268
China,CHN,1971,0.13861457,0.27722913,0.20792185,7.574296,1.0396092
China,CHN,1972,0.14879073,0.29758146,0.2182264,8.233088,1.0712932
China,CHN,1973,0.139109,0.31796342,0.23847257,8.058386,1.0929993
China,CHN,1974,0.13933094,0.31847072,0.23885304,7.9518156,1.1345519
China,CHN,1975,0.1396108,0.3390548,0.249305,8.037594,1.1368308
China,CHN,1976,0.14985244,0.30969504,0.23976389,7.7923265,1.1988195
China,CHN,1977,0.15004414,0.32009414,0.24007061,7.672257,1.2403649
China,CHN,1978,0.15016513,0.33036327,0.24026418,8.329158,1.2814089
China,CHN,1979,0.1301502,0.3904506,0.27031198,10.231809,1.301502
China,CHN,1980,0.15013006,0.45039016,0.29025143,11.399877,1.3311533
China,CHN,1981,0.15005322,0.4701667,0.29010287,11.774176,1.3504789
China,CHN,1982,0.1598336,0.5194591,0.2896984,12.367125,1.3885543
China,CHN,1983,0.17977665,0.5293423,0.3196029,12.60434,1.4082503
China,CHN,1984,0.1900807,0.5602378,0.36015293,13.635789,1.4306073
China,CHN,1985,0.20047012,0.5613163,0.3909167,15.396105,1.4935024
China,CHN,1986,0.23102365,0.5725369,0.50222534,15.739742,1.7176106
China,CHN,1987,0.26165658,0.6541414,0.6742689,16.544748,1.9926156
China,CHN,1988,0.27234447,0.716165,0.73633873,17.752823,2.4511
China,CHN,1989,0.2526422,0.8488778,0.8084551,18.362036,2.4961052
China,CHN,1990,0.22225921,0.9193449,0.87893414,19.174908,2.7580347
China,CHN,1991,0.2324005,1.010437,1.010437,20.077383,3.3546507
China,CHN,1992,0.42507043,1.0525553,1.3865393,21.2434,3.7851512
China,CHN,1993,0.4255408,1.1449075,1.6717675,22.016672,4.782268
China,CHN,1994,0.4968571,1.2269329,1.8758891,23.544943,5.323469
China,CHN,1995,0.6389827,1.4301043,2.2415109,23.98721,6.521681
China,CHN,1996,0.63867617,1.469969,2.5344293,23.914875,6.488139
China,CHN,1997,0.57729405,1.7217543,3.1092856,24.702108,7.444055
China,CHN,1998,0.6170107,1.8813769,3.408731,26.258354,8.203207
China,CHN,1999,0.6262672,2.0000145,3.595986,26.606255,9.000066
China,CHN,2000,0.6152121,2.0977724,3.8929813,28.15856,9.621513
China,CHN,2001,0.7150887,2.115051,3.9279523,28.009321,9.306225
China,CHN,2002,0.815322,2.1943235,4.016216,28.53627,9.330908
China,CHN,2003,0.86550915,2.365054,4.156457,29.839937,9.701755
China,CHN,2004,0.92587405,2.526026,4.246944,29.819181,9.5204
China,CHN,2005,0.9760345,2.6463618,4.246253,30.719933,10.162834
China,CHN,2006,1.026262,2.7266376,4.2660303,31.824186,10.423603
China,CHN,2007,1.0768845,2.8683372,4.518889,32.13544,11.171419
China,CHN,2008,1.0670824,2.838842,4.4998665,33.824497,11.838575
China,CHN,2009,1.1172141,2.8987176,4.680221,34.90539,12.148445
China,CHN,2010,1.17,2.71,4.66,37.57,12.15
China,CHN,2011,1.18,2.83,4.49,36.03,12.48
China,CHN,2012,1.11,2.99,4.52,36.48,12.75
China,CHN,2013,1.15,3.17,4.69,37.01,13
China,CHN,2014,1.16,3.24,4.69,38.96,12.33
China,CHN,2015,1.16,3.24,4.85,39.48,12.03
China,CHN,2016,1.05,3.36,4.93,39.85,12.81
China,CHN,2017,0.83,3.43,5.12,39.45,12.71
China,CHN,2018,0.84,3.5,5.53,38.19,14.01
China,CHN,2019,0.83,3.59,6.25,36.97,14.83
China,CHN,2020,0.86,3.63,7.2,30.06,16.97
China,CHN,2021,0.86,3.86,7.54,36.42,17.04
China,CHN,2022,0.7900001,3.9000003,7.5900006,40.19,17.44
China,CHN,2023,0.76,4.02,7.8899994,42.16,18.71
China (FAO),,1961,0.13,0.15,0.13,2.36,1.03
China (FAO),,1962,0.12,0.15,0.16,2.96,1.06
China (FAO),,1963,0.12,0.17,0.2,5.13,1.07
China (FAO),,1964,0.12,0.2,0.23,6.65,1.09
China (FAO),,1965,0.13,0.22,0.25,7.45,1.12
China (FAO),,1966,0.14,0.26,0.26,7.92,1.13
China (FAO),,1967,0.15,0.26,0.26,8.22,1.15
China (FAO),,1968,0.14,0.26,0.26,7.9,1.16
China (FAO),,1969,0.15,0.26,0.26,7.48,1.18
China (FAO),,1970,0.15,0.25,0.26,7.25,1.18
China (FAO),,1971,0.15,0.28,0.27,8.13,1.21
China (FAO),,1972,0.15,0.29,0.28,8.78,1.26
China (FAO),,1973,0.14,0.31,0.3,8.63,1.28
China (FAO),,1974,0.15,0.32,0.3,8.47,1.32
China (FAO),,1975,0.14,0.33,0.34,8.46,1.33
China (FAO),,1976,0.15,0.31,0.32,8.31,1.41
China (FAO),,1977,0.16,0.32,0.32,8.25,1.51
China (FAO),,1978,0.17,0.33,0.31,8.88,1.58
China (FAO),,1979,0.16,0.38,0.34,10.85,1.61
China (FAO),,1980,0.17,0.45,0.36,11.93,1.67
China (FAO),,1981,0.18,0.47,0.37,12.3,1.71
China (FAO),,1982,0.18,0.51,0.37,12.91,1.77
China (FAO),,1983,0.2,0.52,0.41,13.17,1.84
China (FAO),,1984,0.21,0.56,0.45,14.2,1.85
China (FAO),,1985,0.22,0.55,0.48,15.95,1.91
China (FAO),,1986,0.25,0.57,0.59,16.27,2.13
China (FAO),,1987,0.28,0.65,0.75,17.02,2.44
China (FAO),,1988,0.28,0.71,0.83,18.17,2.88
China (FAO),,1989,0.26,0.83,0.9,18.68,2.96
China (FAO),,1990,0.22,0.91,0.97,19.5,3.23
China (FAO),,1991,0.24,0.99,1.11,20.37,3.82
China (FAO),,1992,0.42,1.03,1.47,21.46,4.31
China (FAO),,1993,0.42,1.12,1.74,22.19,5.3
China (FAO),,1994,0.49,1.2,1.95,23.7,5.86
China (FAO),,1995,0.63,1.4,2.29,24.1,7.05
China (FAO),,1996,0.63,1.44,2.57,24.05,7.07
China (FAO),,1997,0.58,1.68,3.13,24.87,8.04
China (FAO),,1998,0.61,1.84,3.42,26.36,8.77
China (FAO),,1999,0.62,1.96,3.62,26.71,9.58
China (FAO),,2000,0.61,2.06,3.9,28.31,10.18
China (FAO),,2001,0.7,2.08,3.94,28.23,9.82
China (FAO),,2002,0.81,2.16,4.04,28.73,9.85
China (FAO),,2003,0.85,2.33,4.18,29.99,10.21
China (FAO),,2004,0.91,2.48,4.26,30.01,10.06
China (FAO),,2005,0.96,2.6,4.28,30.87,10.7
China (FAO),,2006,1.01,2.68,4.32,31.99,10.97
China (FAO),,2007,1.06,2.81,4.57,32.24,11.7
China (FAO),,2008,1.05,2.79,4.57,33.87,12.37
China (FAO),,2009,1.1,2.84,4.75,34.91,12.74
China (FAO),,2010,1.16,2.67,4.76,37.67,12.74
China (FAO),,2011,1.17,2.79,4.58,36.19,13.07
China (FAO),,2012,1.11,2.95,4.65,36.63,13.27
China (FAO),,2013,1.14,3.12,4.82,37.14,13.46
China (FAO),,2014,1.15,3.19,4.86,39,12.83
China (FAO),,2015,1.15,3.19,5,39.58,12.53
China (FAO),,2016,1.05,3.3,5.11,39.93,13.31
China (FAO),,2017,0.83,3.38,5.3,39.55,13.24
China (FAO),,2018,0.84,3.44,5.72,38.32,14.51
China (FAO),,2019,0.82,3.53,6.43,37.09,15.44
China (FAO),,2020,0.85,3.63,7.35,30.34,17.57
China (FAO),,2021,0.85,3.8,7.68,36.54,17.59
China (FAO),,2022,0.78,3.83,7.67,40.22,17.96
China (FAO),,2023,0.76,3.96,7.96,42.14,19.22
Colombia,COL,1961,0.20489329,0.3483186,19.977097,4.671567,1.8747737
Colombia,COL,1962,0.19442941,0.36839262,21.346304,4.349079,1.9852268
Colombia,COL,1963,0.19426517,0.3987548,21.471415,4.192038,2.2493863
Colombia,COL,1964,0.19414295,0.408722,21.672483,3.7295883,2.2786252
Colombia,COL,1965,0.22472167,0.43922874,20.919544,3.5444736,2.2982898
Colombia,COL,1966,0.18391041,0.43934155,18.850819,3.4840808,2.1149697
Colombia,COL,1967,0.18406475,0.41925856,18.161055,3.783553,2.137196
Colombia,COL,1968,0.1842635,0.42994815,18.569664,3.4907696,2.1804514
Colombia,COL,1969,0.17421451,0.40991652,18.538475,3.28958,2.2135491
Colombia,COL,1970,0.23589274,0.43076062,19.312435,3.3230107,2.2153406
Colombia,COL,1971,0.34894532,0.4310501,20.444092,3.335507,2.0731459
Colombia,COL,1972,0.17455338,0.40044597,17.835249,3.2857108,2.1049082
Colombia,COL,1973,0.17456594,0.35940045,16.491346,3.7377648,2.1769397
Colombia,COL,1974,0.17461249,0.3903103,17.112024,3.6360483,2.732172
Colombia,COL,1975,0.21585931,0.38032356,18.954504,4.214396,2.6931016
Colombia,COL,1976,0.21615407,0.39113593,21.635994,4.168686,2.9232264
Colombia,COL,1977,0.2472954,0.401855,21.133453,4.100982,3.245752
Colombia,COL,1978,0.23714104,0.4124192,21.621077,4.1963654,3.588047
Colombia,COL,1979,0.27857518,0.42302155,22.3376,3.7349706,4.023864
Colombia,COL,1980,0.27858987,0.42304388,21.83319,3.601032,4.1788483
Colombia,COL,1981,0.27845716,0.43315554,22.11156,3.9705925,4.125291
Colombia,COL,1982,0.27824336,0.44312832,20.322071,3.7099113,4.5858626
Colombia,COL,1983,0.28815168,0.4631009,18.894518,4.00325,4.5178065
Colombia,COL,1984,0.277497,0.43166196,19.969505,4.00829,4.8099475
Colombia,COL,1985,0.34939238,0.43160233,19.504314,4.0693936,5.179228
Colombia,COL,1986,0.2878613,0.41123042,18.66986,4.1328654,6.250702
Colombia,COL,1987,0.28791845,0.41131204,17.892075,4.0205755,7.054002
Colombia,COL,1988,0.27761912,0.42156976,19.464184,4.22598,8.914659
Colombia,COL,1989,0.28776056,0.380255,21.047628,3.9772618,8.848637
Colombia,COL,1990,0.26694828,0.37988797,22.187511,4.137699,9.19945
Colombia,COL,1991,0.27700427,0.34882018,19.995604,4.0524697,11.736773
Colombia,COL,1992,0.24602427,0.36903644,17.037182,4.0183964,12.321716
Colombia,COL,1993,0.23546608,0.37879327,17.096886,3.921022,13.237289
Colombia,COL,1994,0.25560525,0.37829578,17.99461,3.8851998,14.487706
Colombia,COL,1995,0.27580145,0.3677353,19.224382,3.9122946,15.914765
Colombia,COL,1996,0.2553017,0.3267862,19.668444,3.6661325,13.408446
Colombia,COL,1997,0.24504194,0.34714276,20.205751,2.9405034,12.374619
Colombia,COL,1998,0.25513223,0.31636396,19.859491,2.2349584,14.042478
Colombia,COL,1999,0.24486266,0.30607834,18.252472,2.9995677,13.569473
Colombia,COL,2000,0.23475453,0.33682173,18.657883,2.857881,13.728036
Colombia,COL,2001,0.23492177,0.32684767,17.220787,2.6556373,15.954251
Colombia,COL,2002,0.2350838,0.30663106,16.39454,2.8414476,16.956697
Colombia,COL,2003,0.22502245,0.2966205,15.3322115,3.0991728,17.306273
Colombia,COL,2004,0.22521532,0.2866377,16.624985,3.1837256,17.525848
Colombia,COL,2005,0.91228795,0.28701195,18.204758,3.1161296,18.819784
Colombia,COL,2006,0.2670033,0.27727267,18.454037,3.584006,20.733835
Colombia,COL,2007,0.24700885,0.2675929,17.527336,4.3226547,22.302841
Colombia,COL,2008,0.25796524,0.25796524,16.963795,4.199674,24.001085
Colombia,COL,2009,1.34497,0.24830216,15.508539,4.1176777,23.971504
Colombia,COL,2010,0.17999999,0.23999996,16.759998,4.6499996,24.669998
Colombia,COL,2011,0.16999999,0.23999996,17.699999,5.2899995,24.629997
Colombia,COL,2012,0.16,0.17,18.15,8.09,25.35
Colombia,COL,2013,0.14999999,0.15999998,17.319998,6.7099996,28.719995
Colombia,COL,2014,0.14000002,0.20000002,17.420002,7.2800007,30.260002
Colombia,COL,2015,0.120000005,0.18000002,17.570002,7.9700003,31.450003
Colombia,COL,2016,0.13,0.17,16.3,8.86,32.85
Colombia,COL,2017,0.11000001,0.20000002,15.200001,9.53,34.06
Colombia,COL,2018,0.110000014,0.21000002,15.150002,10.600001,35.040005
Colombia,COL,2019,0.12,0.05,14.83,11.47,36.22
Colombia,COL,2020,0.17000002,0.020000001,13.750001,10.620001,33.940002
Colombia,COL,2021,0.15,0.02,13.399999,12.219999,35.07
Colombia,COL,2022,0.15999998,0.019999998,12.689999,13.469999,36.74
Colombia,COL,2023,0.14999999,0.019999998,12.909999,13.819999,35.689995
Comoros,COM,2010,0,0.79999274,5.6399484,0,14.369869
Comoros,COM,2011,0,0.7399956,4.7499714,0.03999976,14.659912
Comoros,COM,2012,0,0.67999303,4.7499514,0.07999918,14.829847
Comoros,COM,2013,0.07999851,0.69998693,4.919908,0.0699987,16.1897
Comoros,COM,2014,0,0.78998667,6.1798954,0.109998144,16.969713
Comoros,COM,2015,0,0.7199951,5.4599624,0.049999658,16.469885
Comoros,COM,2016,0,0.6699955,6.189958,0.039999727,17.579882
Comoros,COM,2017,0,0.64999825,5.6299853,0.17999953,17.759953
Comoros,COM,2018,0.039999638,0.66999394,5.2799525,0.13999873,15.579859
Comoros,COM,2019,0.049999874,0.6399984,3.2999916,0.029999923,1.3299967
Comoros,COM,2020,0.6999895,0.6499902,3.9099414,0.12999804,19.569706
Comoros,COM,2021,1.6899835,0.5799943,3.759963,0.18999813,24.839756
Comoros,COM,2022,0.009999988,0.5999993,5.619993,0.04999994,23.109974
Comoros,COM,2023,0,0.59,3.95,0.12,21.93
Congo,COG,1961,6.473674,0.23017506,2.5894694,1.1796472,0.9686534
Congo,COG,1962,6.4856358,0.22066513,2.7247345,1.1896728,0.94981945
Congo,COG,1963,6.5763702,0.21090399,2.8951366,1.1887317,0.9298949
Congo,COG,1964,6.4848237,0.21104455,2.7819512,1.0552229,0.90173584
Congo,COG,1965,6.38494,0.19173995,2.7514682,0.90117776,0.8340688
Congo,COG,1966,6.282594,0.18196538,2.36555,0.82363284,0.79490143
Congo,COG,1967,6.18367,0.1723004,2.7950954,0.69877386,0.88064647
Congo,COG,1968,6.082103,0.18169802,3.6148345,0.9084901,0.8224227
Congo,COG,1969,5.9821796,0.19112395,4.07094,1.0798503,0.80272055
Congo,COG,1970,5.8743668,0.19103631,3.9162445,1.3277024,0.7928007
Congo,COG,1971,5.767362,0.19097227,3.7144105,1.2126738,0.8784724
Congo,COG,1972,5.651264,0.20046714,3.5606782,1.1646187,0.85914487
Congo,COG,1973,5.551766,0.19078234,3.1479084,1.1256157,0.94437253
Congo,COG,1974,5.441862,0.21919934,2.296828,1.1245879,0.7624325
Congo,COG,1975,5.358183,0.21967594,2.072595,1.1747887,0.94556165
Congo,COG,1976,5.2878036,0.2783054,2.543136,1.2763664,1.5354782
Congo,COG,1977,5.227739,0.2604224,2.9128728,1.2828215,1.5721797
Congo,COG,1978,5.1681027,0.27149507,3.4809546,1.3574754,1.6386667
Congo,COG,1979,5.590563,0.3024563,4.341711,0.9561521,1.5415514
Congo,COG,1980,5.577545,0.32404754,3.5645227,0.7168324,1.9442852
Congo,COG,1981,5.5111237,0.33640608,3.5124753,0.62334067,2.5725172
Congo,COG,1982,5.4544554,0.41880643,4.9060187,0.74786866,2.8219578
Congo,COG,1983,5.422257,0.36215448,3.8126817,0.72430897,2.9274154
Congo,COG,1984,5.3845572,0.39399198,4.7986207,0.87890524,2.6872275
Congo,COG,1985,5.148746,0.38363203,4.189666,0.9086022,2.4936082
Congo,COG,1986,5.051099,0.43352744,3.6799421,1.1896799,2.5003443
Congo,COG,1987,4.952722,0.4630594,2.7582233,1.4294442,2.6978245
Congo,COG,1988,4.8041315,0.46232226,2.8945394,1.6683803,4.98504
Congo,COG,1989,4.763218,0.4813357,2.1660109,1.5342575,4.6529117
Congo,COG,1990,4.6847925,0.5105223,1.3213519,1.5315669,4.814926
Congo,COG,1991,4.5758204,0.48955286,8.752007,1.7284213,6.2043333
Congo,COG,1992,4.6063075,0.4785774,12.562657,2.4826202,7.41795
Congo,COG,1993,4.549773,0.46689814,9.01014,2.5331707,7.2021523
Congo,COG,1994,4.527009,0.44576672,7.37001,2.040621,4.507197
Congo,COG,1995,4.522689,0.44534135,6.046746,2.4048433,5.2451315
Congo,COG,1996,4.3947864,0.42562118,1.8707535,3.4247658,6.8891244
Congo,COG,1997,4.5045643,0.39863402,2.4217017,2.581155,4.1059303
Congo,COG,1998,5.0853505,0.3811505,1.7853893,3.6710815,5.6269855
Congo,COG,1999,5.279293,0.37135708,1.0638878,2.1578858,4.3559184
Congo,COG,2000,5.049057,0.34718466,1.4780147,2.6782815,4.9201026
Congo,COG,2001,4.839553,0.3428833,0.7445466,2.4687598,4.183176
Congo,COG,2002,5.3708014,0.38222855,1.4015046,2.6854007,4.8219604
Congo,COG,2003,5.192228,0.36111358,1.346856,1.7079697,12.160744
Congo,COG,2004,5.890907,0.36757708,2.4085972,1.8185393,9.22812
Congo,COG,2005,6.498633,0.35464516,2.405836,1.0543505,4.734992
Congo,COG,2006,6.776212,0.43717498,1.691677,1.7106845,7.7931185
Congo,COG,2007,7.0355587,0.5194037,1.7848599,2.29482,8.914856
Congo,COG,2008,7.3025155,0.33921364,3.3167555,1.1966703,8.207086
Congo,COG,2009,7.5118227,0.38258973,3.4619703,1.5863477,9.079507
Congo,COG,2010,8.389974,0.3799988,2.519992,0.979997,6.9199786
Congo,COG,2011,8.379986,0.35999942,2.409996,1.9499967,8.719986
Congo,COG,2012,8.439987,0.3599995,3.0699956,1.0299985,9.339987
Congo,COG,2013,8.499993,0.35999972,4.0599966,2.0299983,11.93999
Congo,COG,2014,8.889988,0.38999942,3.0099957,3.429995,12.779982
Congo,COG,2015,8.919995,0.38999975,3.0299983,6.349996,14.739991
Congo,COG,2016,8.609991,0.34999967,2.8699973,5.8999944,14.219987
Congo,COG,2017,8.239995,0.3399998,3.029998,6.9599957,19.909988
Congo,COG,2018,8.389988,0.33999953,2.1099968,6.319991,21.52997
Congo,COG,2019,7.630006,0.31000024,2.2800016,7.270005,19.940016
Congo,COG,2020,8.149997,0.2799999,2.0299993,7.6199975,22.529993
Congo,COG,2021,7.999991,0.27999967,2.4199972,8.71999,25.69997
Congo,COG,2022,7.779995,0.2599998,2.5599983,9.5899935,27.309982
Congo,COG,2023,7.74,0.26,2.78,8.47,36.57
Costa Rica,CRI,1961,0,0.010029624,18.504658,3.7711387,1.1333475
Costa Rica,CRI,1962,0,0.010010879,15.927307,3.53384,1.2213272
Costa Rica,CRI,1963,0,0.010002666,18.324884,3.6009598,1.320352
Costa Rica,CRI,1964,0,0.009993702,17.159187,3.5477643,1.4290994
Costa Rica,CRI,1965,0,0.009979738,17.963528,3.9419966,1.5568391
Costa Rica,CRI,1966,0,0.00996875,11.942563,3.9077504,1.5052813
Costa Rica,CRI,1967,0,0.009949489,12.804993,2.8953013,1.5023729
Costa Rica,CRI,1968,0,0.009938301,13.734732,3.070935,1.5006834
Costa Rica,CRI,1969,0,0.009925774,13.667792,3.2258768,1.5087178
Costa Rica,CRI,1970,0,0.009907849,14.83205,4.121665,1.5059931
Costa Rica,CRI,1971,0,0.009885902,16.193106,4.3399105,1.512543
Costa Rica,CRI,1972,0,0.009859353,12.324192,4.239522,1.5183403
Costa Rica,CRI,1973,0,0.009837312,15.877421,4.2202067,1.514946
Costa Rica,CRI,1974,0,0.009815414,11.542928,4.1617355,1.5115738
Costa Rica,CRI,1975,0,0.009805439,17.620375,3.794705,1.5100377
Costa Rica,CRI,1976,0,0.009800854,23.512249,3.9203417,2.4600143
Costa Rica,CRI,1977,0,0.009804833,21.923607,4.5886617,2.4806228
Costa Rica,CRI,1978,0,0.009812251,17.877922,4.4253254,2.4824996
Costa Rica,CRI,1979,0,0.009817364,22.01053,4.2607365,3.5146163
Costa Rica,CRI,1980,0,0.009821634,21.254015,4.252767,4.1938376
Costa Rica,CRI,1981,0,0.009830488,19.238266,3.686433,4.42372
Costa Rica,CRI,1982,0,0.009834399,17.180695,5.222066,4.8483586
Costa Rica,CRI,1983,0,0.009841416,22.192392,4.9502325,6.7413697
Costa Rica,CRI,1984,0,0.009844066,22.414938,3.8588738,6.4183307
Costa Rica,CRI,1985,0,0.009843528,27.138607,4.419744,7.126714
Costa Rica,CRI,1986,0,0.00984304,20.050274,3.4844363,6.6243663
Costa Rica,CRI,1987,0,0.009845479,23.91467,3.3277724,6.9804454
Costa Rica,CRI,1988,0.009851413,0.009851413,20.98351,5.270506,9.427802
Costa Rica,CRI,1989,0,0.009859302,21.296093,4.643731,12.984701
Costa Rica,CRI,1990,0,0.009863193,21.90615,4.5666585,13.7394285
Costa Rica,CRI,1991,0,0.00985578,20.943531,5.193996,14.547131
Costa Rica,CRI,1992,0,0.009846964,21.200514,5.6324635,15.134784
Costa Rica,CRI,1993,0,0,20.388735,5.6356707,15.441541
Costa Rica,CRI,1994,0,0.009834482,19.442774,6.5596,15.479476
Costa Rica,CRI,1995,0,0,18.997675,6.3751907,16.65617
Costa Rica,CRI,1996,0,0,19.416874,5.4899487,17.88915
Costa Rica,CRI,1997,0,0.019763822,18.92386,5.672217,16.621374
Costa Rica,CRI,1998,0.009915831,0.019831661,18.50294,6.187478,16.827164
Costa Rica,CRI,1999,0,0.009947948,17.747139,7.4410653,18.71209
Costa Rica,CRI,2000,0.009980352,0.009980352,16.677166,7.5651064,18.044476
Costa Rica,CRI,2001,0.0200202,0.0100101,15.545685,8.528605,18.758926
Costa Rica,CRI,2002,0,0.010044876,12.174389,8.558234,19.024996
Costa Rica,CRI,2003,0,0.010077822,14.844632,8.918873,17.81759
Costa Rica,CRI,2004,0,0.010109333,13.35443,8.663698,20.046808
Costa Rica,CRI,2005,0.020275788,0.020275788,14.649257,8.03935,20.711718
Costa Rica,CRI,2006,0.01016352,0.030490562,14.645634,8.699974,22.94923
Costa Rica,CRI,2007,0.010188916,0.020377832,16.149433,9.801737,24.891523
Costa Rica,CRI,2008,0,0.020418651,16.161364,10.086814,23.991917
Costa Rica,CRI,2009,0,0.010224926,16.871128,10.061328,24.672747
Costa Rica,CRI,2010,0,0.019999977,17.949982,9.909989,23.679974
Costa Rica,CRI,2011,0,0.019999983,17.769985,10.239991,22.589981
Costa Rica,CRI,2012,0,0.02,15.940001,10.44,23.49
Costa Rica,CRI,2013,0,0.019999987,15.46999,10.439993,23.809984
Costa Rica,CRI,2014,0,0.019999975,13.329984,9.549989,24.49997
Costa Rica,CRI,2015,0,0.0099999895,12.899986,10.2499895,25.379972
Costa Rica,CRI,2016,0,0.019999987,12.179993,11.259994,26.299984
Costa Rica,CRI,2017,0,0.020000013,12.280007,12.440007,26.700018
Costa Rica,CRI,2018,0,0.020000027,12.950018,12.510017,27.180038
Costa Rica,CRI,2019,0,0.010000002,12.630002,13.180002,38.83001
Costa Rica,CRI,2020,0,0.009999993,13.069991,14.049992,32.75998
Costa Rica,CRI,2021,0,0.05999999,13.499998,15.079998,31.499996
Costa Rica,CRI,2022,0,0.05999995,13.559989,15.109987,33.139973
Costa Rica,CRI,2023,0.010000007,0.060000043,13.66001,15.390012,35.010025
Cote d'Ivoire,CIV,1961,13.131177,1.465322,4.131263,0.58612883,1.1155355
Cote d'Ivoire,CIV,1962,12.649789,1.4654089,4.0464196,0.5672551,1.1534187
Cote d'Ivoire,CIV,1963,12.165503,1.485213,4.1529202,0.6338171,1.1257348
Cote d'Ivoire,CIV,1964,14.043432,1.5161601,4.7190485,0.6917481,1.1655481
Cote d'Ivoire,CIV,1965,13.517652,1.5579022,4.7592015,0.7029559,1.1399285
Cote d'Ivoire,CIV,1966,12.997448,1.5913297,5.307609,0.7241979,1.1339417
Cote d'Ivoire,CIV,1967,13.5537405,1.6356313,6.0929656,0.7078171,1.099986
Cote d'Ivoire,CIV,1968,13.027323,1.6524333,7.1861634,0.93189555,1.0760031
Cote d'Ivoire,CIV,1969,12.526952,1.6213621,7.344384,0.9264926,1.0423043
Cote d'Ivoire,CIV,1970,12.011442,1.6370435,7.419972,0.9008582,1.1042778
Cote d'Ivoire,CIV,1971,12.39222,1.651001,7.652875,0.8837711,1.0877182
Cote d'Ivoire,CIV,1972,11.846691,1.7410161,7.9853315,0.8850976,1.1185299
Cote d'Ivoire,CIV,1973,11.487209,1.6354669,6.366639,0.8956129,1.1779257
Cote d'Ivoire,CIV,1974,11.828605,1.5979334,4.920466,0.91588867,1.2471675
Cote d'Ivoire,CIV,1975,11.337713,1.6377779,4.9913235,0.94562185,1.4720504
Cote d'Ivoire,CIV,1976,11.062914,1.4404327,5.869518,0.989685,1.7245996
Cote d'Ivoire,CIV,1977,11.386336,1.39364,6.4146976,1.077353,1.8384188
Cote d'Ivoire,CIV,1978,11.020301,1.4634005,6.9685736,1.1448371,2.1204376
Cote d'Ivoire,CIV,1979,10.522946,1.3016013,6.7983637,1.1414043,2.3729193
Cote d'Ivoire,CIV,1980,10.346682,1.2468305,6.4453087,1.1161144,2.4232752
Cote d'Ivoire,CIV,1981,10.529555,1.3615806,6.1825843,1.1296076,2.5718744
Cote d'Ivoire,CIV,1982,10.664949,1.1928568,5.4285097,1.0614403,2.4160407
Cote d'Ivoire,CIV,1983,10.243607,1.2045348,5.496322,1.0223362,2.3179703
Cote d'Ivoire,CIV,1984,10.35877,1.0632169,5.3363366,0.98221,2.2580705
Cote d'Ivoire,CIV,1985,9.965285,1.0724062,5.442968,0.9611188,2.2358658
Cote d'Ivoire,CIV,1986,10.058329,1.019971,4.9483743,0.9189838,2.4741871
Cote d'Ivoire,CIV,1987,9.67865,0.9366436,4.6932893,0.96685785,2.4070735
Cote d'Ivoire,CIV,1988,9.313585,0.8831848,5.128494,1.0638362,2.8502781
Cote d'Ivoire,CIV,1989,9.392962,0.8693487,4.166878,0.96927387,2.6280313
Cote d'Ivoire,CIV,1990,9.382863,0.8249763,6.5202947,0.90449214,2.0276527
Cote d'Ivoire,CIV,1991,9.157541,0.80017346,5.9173317,0.9285963,1.906586
Cote d'Ivoire,CIV,1992,9.065485,0.75545704,5.258766,0.83394617,1.8346815
Cote d'Ivoire,CIV,1993,9.678795,0.7789775,4.187004,0.8276636,1.8111228
Cote d'Ivoire,CIV,1994,10.04462,0.75334644,2.7043207,0.81129616,1.7288336
Cote d'Ivoire,CIV,1995,9.885965,0.7369016,2.7083526,0.8804538,1.7130569
Cote d'Ivoire,CIV,1996,9.787943,0.7106444,2.529894,0.5021887,1.5444672
Cote d'Ivoire,CIV,1997,9.898533,0.7123944,2.7558415,0.49680135,1.565393
Cote d'Ivoire,CIV,1998,7.2993317,0.65768087,2.491777,0.37978753,1.4635715
Cote d'Ivoire,CIV,1999,7.3062487,0.62415195,2.4139993,0.3946843,1.367627
Cote d'Ivoire,CIV,2000,7.3277125,0.59241456,2.2785177,0.4010191,1.3853387
Cote d'Ivoire,CIV,2001,6.982076,0.5780761,1.8877798,0.39742735,1.3006713
Cote d'Ivoire,CIV,2002,7.267189,0.5363239,1.6894202,0.41118166,1.4659519
Cote d'Ivoire,CIV,2003,7.188203,0.5304947,1.9097809,0.52165306,1.9805135
Cote d'Ivoire,CIV,2004,7.3230567,0.6036929,1.9160687,0.6299404,1.8985704
Cote d'Ivoire,CIV,2005,7.384564,0.62404764,1.9674835,0.6413823,1.4647785
Cote d'Ivoire,CIV,2006,7.383949,0.6446987,2.2177634,0.73065853,1.1346698
Cote d'Ivoire,CIV,2007,7.322793,0.52061814,1.9715211,0.6913126,1.1265836
Cote d'Ivoire,CIV,2008,7.4433804,0.6535237,1.8417486,0.68747294,1.1118389
Cote d'Ivoire,CIV,2009,7.441098,0.57499397,1.792628,0.7610214,1.1161648
Cote d'Ivoire,CIV,2010,7.2199974,0.5799998,1.7899994,0.8899997,1.6099995
Cote d'Ivoire,CIV,2011,7.059999,0.56999993,1.5899998,0.8599999,1.5299997
Cote d'Ivoire,CIV,2012,6.5299993,0.54999995,1.3599999,1.0599998,1.7399998
Cote d'Ivoire,CIV,2013,6.8200016,0.5000001,1.2700002,1.3900002,1.7300004
Cote d'Ivoire,CIV,2014,7.4200025,0.59000015,1.6200005,1.0600003,1.8400006
Cote d'Ivoire,CIV,2015,7.7199974,0.54999983,1.3199997,1.5199995,1.9199994
Cote d'Ivoire,CIV,2016,7.199999,0.48999995,1.2799999,0.41999993,1.9399998
Cote d'Ivoire,CIV,2017,6.889998,0.44999987,1.2299997,1.3299997,1.8299996
Cote d'Ivoire,CIV,2018,6.8199987,0.4499999,1.2099998,1.1499997,1.8899996
Cote d'Ivoire,CIV,2019,6.419999,0.5799999,1.2699997,1.0399998,2.6599996
Cote d'Ivoire,CIV,2020,6.4399996,0.59999996,1.2499999,1.3199999,2.4999998
Cote d'Ivoire,CIV,2021,6.3100004,0.6700001,0.8400001,0.78000003,2.1900003
Cote d'Ivoire,CIV,2022,6.219999,0.66999996,0.83999985,0.48999995,3.5099995
Cote d'Ivoire,CIV,2023,6.1599994,0.6999999,0.87999994,0.44999996,3.8299997
Croatia,HRV,1992,0.81097645,0.74089205,8.199873,17.821457,8.3300295
Croatia,HRV,1993,0.825594,0.5738885,8.08478,14.780147,6.463797
Croatia,HRV,1994,0.73835045,0.7080073,7.707165,16.56737,7.272246
Croatia,HRV,1995,0.6599396,1.350338,7.076583,18.458004,8.051263
Croatia,HRV,1996,0.6622113,0.6927749,4.319655,17.482378,6.846246
Croatia,HRV,1997,0.67426676,0.6844829,7.335204,17.612663,7.5497437
Croatia,HRV,1998,0.69672304,0.48155856,5.788949,16.188564,6.301245
Croatia,HRV,1999,0.7201385,1.0802077,6.594411,19.186546,6.8516035
Croatia,HRV,2000,0.74478084,0.63099486,7.0547295,21.226254,7.2305803
Croatia,HRV,2001,0.7340879,0.5893382,5.6452394,22.40519,7.382236
Croatia,HRV,2002,0.88401115,0.74010235,6.03389,24.351423,9.569935
Croatia,HRV,2003,0.8091355,1.1266444,6.5038104,23.905344,11.071841
Croatia,HRV,2004,0.78606975,1.082122,7.9423676,28.849781,11.546039
Croatia,HRV,2005,0.7427006,1.2412256,7.4880495,32.139603,9.003973
Croatia,HRV,2006,0.7406897,1.2277186,8.959301,38.495567,9.294133
Croatia,HRV,2007,0.74909425,1.1337643,8.857533,42.070755,10.598671
Croatia,HRV,2008,0.73767537,1.0206194,9.832303,41.057194,10.610399
Croatia,HRV,2009,0.7366832,1.0293381,10.475029,45.139503,10.414479
Croatia,HRV,2010,0.73,0.92,9.39,42.04,8.22
Croatia,HRV,2011,0.72999877,0.8199986,9.249985,42.709927,7.4299874
Croatia,HRV,2012,0.7600013,1.6300027,12.840022,44.940075,9.110015
Croatia,HRV,2013,0.8099994,1.7199987,12.629991,42.87997,8.619993
Croatia,HRV,2014,1.6299981,1.3899983,11.619987,44.549946,9.149989
Croatia,HRV,2015,1.5099993,1.3999993,11.929995,47.119976,9.389996
Croatia,HRV,2016,1.4700007,1.4800007,12.360005,47.050022,9.670005
Croatia,HRV,2017,1.6600008,1.4800007,13.050007,50.750023,11.050006
Croatia,HRV,2018,1.2300006,1.5300008,13.720008,52.440025,18.060009
Croatia,HRV,2019,0.98999804,1.6499966,13.209973,55.24989,15.239969
Croatia,HRV,2020,0.7000007,1.5000015,12.160012,51.730053,17.180017
Croatia,HRV,2021,1.0700009,1.5800012,13.910011,60.760048,19.540016
Croatia,HRV,2022,1.0899998,1.7799995,14.499996,59.209984,20.579994
Croatia,HRV,2023,0.9099993,1.9699985,15.669988,61.059956,20.099985
Cuba,CUB,1961,3.4441164,0.15789644,19.391657,3.680961,3.0000324
Cuba,CUB,1962,5.058146,0.14818788,19.857176,3.714576,3.1712205
Cuba,CUB,1963,6.211779,0.13847914,19.931105,3.847742,3.2443686
Cuba,CUB,1964,3.4648416,0.13859367,21.521616,3.969719,3.435143
Cuba,CUB,1965,0.9703833,0.13862619,20.96226,4.0795703,3.733005
Cuba,CUB,1966,2.7318885,0.13857405,20.093237,4.2759995,4.1473236
Cuba,CUB,1967,3.324348,0.1385145,20.005451,3.9476633,4.1950107
Cuba,CUB,1968,2.8572195,0.14829858,26.377375,3.6382585,4.231453
Cuba,CUB,1969,2.8060384,0.14820626,25.036978,3.695276,4.386905
Cuba,CUB,1970,3.1307042,0.14814058,22.8334,3.7133904,4.5331016
Cuba,CUB,1971,3.2796645,0.14817762,21.070856,4.277394,4.7219267
Cuba,CUB,1972,3.4818463,0.14837414,19.624952,4.124801,5.173311
Cuba,CUB,1973,4.4713426,0.15862855,16.774971,4.4118567,5.6214
Cuba,CUB,1974,5.872687,0.15898983,14.080538,4.0542407,5.3460336
Cuba,CUB,1975,4.251204,0.1592957,12.654052,3.653845,8.044433
Cuba,CUB,1976,3.7393274,0.15954463,15.675261,4.377506,5.1951723
Cuba,CUB,1977,3.1852248,0.15976049,17.623579,8.11783,6.110839
Cuba,CUB,1978,3.659252,0.15996729,16.72658,5.068964,7.3684936
Cuba,CUB,1979,3.895037,0.16020717,14.849202,5.056539,8.130514
Cuba,CUB,1980,4.283153,0.17052366,14.945896,4.704447,9.459048
Cuba,CUB,1981,4.3963094,0.17063302,14.513844,5.5104423,10.980736
Cuba,CUB,1982,6.1012545,0.17031416,14.226242,5.7005153,8.716078
Cuba,CUB,1983,5.261546,0.1697273,14.227141,6.060263,9.6245365
Cuba,CUB,1984,5.276689,0.17920831,14.117632,6.799959,10.692761
Cuba,CUB,1985,4.8709445,0.18887337,14.006451,7.4654684,11.839377
Cuba,CUB,1986,3.9764745,0.18888254,14.444544,7.823714,11.154012
Cuba,CUB,1987,3.5629103,0.18909301,13.554983,8.200665,10.7484455
Cuba,CUB,1988,4.3148136,0.18933362,13.562265,8.021767,11.360017
Cuba,CUB,1989,4.986116,0.5684172,13.123457,8.386646,12.953929
Cuba,CUB,1990,4.367313,0.57831997,12.812779,9.512366,12.164661
Cuba,CUB,1991,1.9141527,0.5981728,8.434236,8.603718,14.106907
Cuba,CUB,1992,1.2368032,0.55855626,7.1814375,7.819788,6.652804
Cuba,CUB,1993,1.2078749,0.5190867,6.0593395,10.291893,6.2889357
Cuba,CUB,1994,1.199226,0.54964525,5.8662133,10.892968,6.0161166
Cuba,CUB,1995,1.3208021,0.35021263,6.173749,9.695887,6.5239615
Cuba,CUB,1996,1.3423215,0.2804851,6.5613475,10.21767,6.791746
Cuba,CUB,1997,1.3331524,0.34080586,6.4151692,7.7884164,8.239483
Cuba,CUB,1998,1.3235031,0.33087578,6.71778,8.201709,10.016511
Cuba,CUB,1999,0.10026887,0.85228544,7.4399505,10.728769,10.929307
Cuba,CUB,2000,0.10026004,0.71184623,7.2488008,10.647616,10.858162
Cuba,CUB,2001,0.10027697,0.762105,7.0695267,9.566423,12.123486
Cuba,CUB,2002,0.10030936,0.85262954,6.2392416,10.29174,13.943
Cuba,CUB,2003,0.1003267,0.8728423,5.3975763,10.22329,13.97551
Cuba,CUB,2004,0.07021329,0.90274227,5.8377333,11.274247,16.078844
Cuba,CUB,2005,0.10026146,0.9123793,6.47689,11.048813,11.880983
Cuba,CUB,2006,0.04007962,0.85169196,6.9037147,12.003846,17.594954
Cuba,CUB,2007,0.03003914,1.0513698,6.0178413,19.215036,14.869374
Cuba,CUB,2008,5.3820186,1.1004127,6.9826183,20.517694,15.875954
Cuba,CUB,2009,6.516699,1.109438,6.606653,19.77998,19.75999
Cuba,CUB,2010,5.519998,1.1299996,6.8799977,18.919994,15.919994
Cuba,CUB,2011,5.0599966,1.2599992,6.189996,18.159988,16.889988
Cuba,CUB,2012,5.0000033,1.2900008,6.2500043,16.730011,18.250013
Cuba,CUB,2013,5.3200035,1.2200007,6.420004,19.100012,19.660011
Cuba,CUB,2014,5.03,1.21,7.03,19.1,17.43
Cuba,CUB,2015,5.6499953,1.0699991,7.509994,19.859983,19.059984
Cuba,CUB,2016,6.959997,1.1199995,8.059998,22.31999,24.22999
Cuba,CUB,2017,4.1500025,1.1900007,7.9200044,23.160013,30.070017
Cuba,CUB,2018,6.7800026,1.1800004,7.710003,23.060007,27.300009
Cuba,CUB,2019,4.530001,1.0600002,8.170002,22.820005,29.130007
Cyprus,CYP,1961,0.75443053,6.5480704,11.113342,3.9655964,4.2944508
Cyprus,CYP,1962,0.7495623,6.611524,9.75392,3.6324942,4.4204955
Cyprus,CYP,1963,0.7519424,7.31954,9.518257,4.216588,4.654428
Cyprus,CYP,1964,0.74675405,7.6376867,10.766492,4.53724,4.934248
Cyprus,CYP,1965,0.7430113,8.135503,10.9476595,5.5208554,6.0569525
Cyprus,CYP,1966,0.7601132,8.642769,11.983513,9.5154915,6.324892
Cyprus,CYP,1967,0.7513647,9.636252,11.345607,10.143424,7.5606074
Cyprus,CYP,1968,0.7531913,10.667071,11.109571,11.269625,9.12303
Cyprus,CYP,1969,0.746636,12.399828,10.24498,14.441262,11.889469
Cyprus,CYP,1970,0.7491934,12.3474655,10.242137,14.879549,12.015544
Cyprus,CYP,1971,0.76906025,15.238786,9.826881,15.172324,12.703736
Cyprus,CYP,1972,0.76948327,16.216146,10.658769,16.729137,13.109715
Cyprus,CYP,1973,0.80096585,16.057459,12.710565,18.841768,12.338688
Cyprus,CYP,1974,0.7162748,10.511816,7.9467783,17.27771,10.182717
Cyprus,CYP,1975,0.8477301,6.4269767,8.861736,14.007261,8.763164
Cyprus,CYP,1976,1.013768,6.977109,6.261508,16.170593,9.402201
Cyprus,CYP,1977,1.5574182,8.086596,7.837009,16.482677,9.823716
Cyprus,CYP,1978,1.9321274,9.580548,7.207936,17.248991,10.5215845
Cyprus,CYP,1979,2.1778402,9.333601,8.3299885,17.743877,12.0132475
Cyprus,CYP,1980,2.7577217,9.065383,8.233052,17.890093,12.023666
Cyprus,CYP,1981,2.9104435,8.73133,8.761335,19.662996,12.241865
Cyprus,CYP,1982,3.1395702,8.663624,7.3223515,21.748478,13.343173
Cyprus,CYP,1983,3.2775471,9.842454,11.108334,22.64844,14.631206
Cyprus,CYP,1984,2.7557292,10.169028,9.4897995,23.889456,14.574314
Cyprus,CYP,1985,3.7063272,10.685775,10.050404,23.807135,14.055163
Cyprus,CYP,1986,3.190565,10.9514,11.669995,23.48371,15.933662
Cyprus,CYP,1987,1.7145957,11.69565,13.793395,25.268734,15.000318
Cyprus,CYP,1988,1.5848862,11.603288,11.209468,27.884392,17.65467
Cyprus,CYP,1989,1.3524064,11.418174,12.1716585,29.44382,21.14584
Cyprus,CYP,1990,2.1306772,10.186388,9.378872,31.48343,22.016996
Cyprus,CYP,1991,2.185481,8.977133,9.388747,31.694374,20.75717
Cyprus,CYP,1992,2.0955544,9.489304,10.863276,33.163136,25.45308
Cyprus,CYP,1993,1.5268714,9.49833,9.0918255,35.65344,25.550312
Cyprus,CYP,1994,2.0412965,9.631749,8.155277,37.912624,26.308945
Cyprus,CYP,1995,1.7839383,9.950412,7.710578,37.373505,27.512293
Cyprus,CYP,1996,1.7156636,8.608069,6.0990353,38.29004,28.184484
Cyprus,CYP,1997,1.7570362,9.271592,6.0950294,37.959927,29.482471
Cyprus,CYP,1998,1.7970328,10.782197,5.2024593,37.97597,28.73267
Cyprus,CYP,1999,1.6886178,11.581931,5.5525727,38.629616,30.275923
Cyprus,CYP,2000,1.6418742,11.5130205,6.3883834,38.797985,29.165655
Cyprus,CYP,2001,1.734353,11.542418,5.3226695,37.73713,29.533838
Cyprus,CYP,2002,1.5676917,12.91099,5.3920608,37.534733,30.285406
Cyprus,CYP,2003,1.7172469,8.196858,5.461244,37.839336,28.604141
Cyprus,CYP,2004,2.08615,7.5360928,4.871011,37.850147,28.347685
Cyprus,CYP,2005,1.4455836,7.0684047,5.602882,40.286915,29.440056
Cyprus,CYP,2006,1.8486681,7.991017,5.019233,41.55528,23.784208
Cyprus,CYP,2007,2.5566056,7.550905,5.628496,40.251675,25.684969
Cyprus,CYP,2008,2.3888824,7.265362,5.636578,36.721664,26.948961
Cyprus,CYP,2009,1.7701827,5.8907747,6.1563025,37.7934,25.884005
Cyprus,CYP,2010,1.7199908,5.029973,6.709964,40.52978,28.139849
Cyprus,CYP,2011,1.5899959,4.989987,6.7899823,40.749893,26.179932
Cyprus,CYP,2012,1.7799954,4.8799877,6.629983,41.09989,24.369938
Cyprus,CYP,2013,1.3599896,4.7499638,6.2399526,39.269703,23.63982
Cyprus,CYP,2014,1.6299919,5.019975,6.439968,36.699818,23.789883
Cyprus,CYP,2015,1.2699958,4.589985,6.2099795,35.739883,23.489923
Cyprus,CYP,2016,1.1499963,4.4399858,6.729978,35.93988,23.479923
Cyprus,CYP,2017,0.96000457,4.540022,7.070034,37.00018,23.790115
Cyprus,CYP,2018,0.9799977,4.629989,7.3999825,36.36991,23.769943
Cyprus,CYP,2019,0.57000047,4.750004,7.480006,37.490032,28.970022
Cyprus,CYP,2020,0.44,3.89,6.26,35.34,24.88
Cyprus,CYP,2021,0.49999964,3.7399974,6.539995,35.50997,26.699982
Cyprus,CYP,2022,0.3999982,3.9699821,7.6699653,32.359856,29.869865
Cyprus,CYP,2023,0.33999974,3.7099972,8.689993,33.409973,31.799974
Czechia,CZE,1993,3.1465707,0.5110672,20.68319,58.442036,12.115299
Czechia,CZE,1994,3.2167382,0.41086066,17.125874,46.447292,11.674455
Czechia,CZE,1995,3.1883137,0.41107187,16.553164,49.639435,14.588038
Czechia,CZE,1996,3.410521,0.38117585,16.079603,49.80364,14.685302
Czechia,CZE,1997,3.4503572,0.35105377,14.583776,44.62395,17.713171
Czechia,CZE,1998,3.9097145,0.3408469,13.052432,46.94665,19.1175
Czechia,CZE,1999,3.8770273,0.36065373,11.811409,45.64273,19.575483
Czechia,CZE,2000,3.8649738,0.13016751,10.783878,42.26439,20.376223
Czechia,CZE,2001,3.9296381,0.12998803,9.2191515,41.60617,22.507927
Czechia,CZE,2002,3.9501483,0.12967658,9.675868,42.18479,22.005117
Czechia,CZE,2003,4.052167,0.14934276,10.205089,43.24966,22.540798
Czechia,CZE,2004,4.0786424,0.109427,10.345825,48.277203,23.88493
Czechia,CZE,2005,3.8713999,0.17913933,9.753141,48.735847,25.049648
Czechia,CZE,2006,4.167996,0.19942565,9.24338,46.206924,25.267231
Czechia,CZE,2007,5.6202507,0.21000935,9.64043,47.202106,23.401043
Czechia,CZE,2008,5.347308,0.22071442,9.370331,46.169445,23.746864
Czechia,CZE,2009,5.363253,0.23143494,9.740393,45.47193,24.240294
Czechia,CZE,2010,4.4100018,0.25000012,9.750005,46.35002,22.81001
Czechia,CZE,2011,4.1500006,0.25000003,9.240002,45.72001,21.940004
Czechia,CZE,2012,3.9999967,0.31999972,8.269994,42.90996,20.519983
Czechia,CZE,2013,3.9799986,0.34999987,8.339997,41.919983,19.289993
Czechia,CZE,2014,3.8300025,0.3100002,8.310006,41.63003,20.670015
Czechia,CZE,2015,3.9200008,0.32000005,8.640002,44.45001,21.100004
Czechia,CZE,2016,4.2000017,0.3200001,9.590004,43.91002,21.390007
Czechia,CZE,2017,4.3899984,0.3199999,9.869997,44.419987,22.229994
Czechia,CZE,2018,4.440003,0.33000022,10.250007,46.98003,22.590014
Czechia,CZE,2019,0.6200005,0.34000027,10.970009,45.640034,23.230017
Czechia,CZE,2020,0.63000005,0.30000004,10.310001,44.960003,23.870003
Czechia,CZE,2021,0.75999975,0.2799999,10.989996,46.889984,23.169992
Czechia,CZE,2022,1.939999,0.2899998,10.619994,46.489975,24.409986
Czechia,CZE,2023,1.8599997,0.27999994,11.249998,44.45999,24.449995
Czechoslovakia,OWID_CZS,1961,1.5312213,0.65051883,18.304602,37.980293,3.8130412
Czechoslovakia,OWID_CZS,1962,1.4415585,0.84090906,20.422077,36.26921,3.8541665
Czechoslovakia,OWID_CZS,1963,1.3,0.54,20.12,37.65,3.76
Czechoslovakia,OWID_CZS,1964,1.0376313,0.5886562,17.370348,40.61728,4.4398646
Czechoslovakia,OWID_CZS,1965,0.88547134,0.4775576,17.808918,43.994995,3.9597485
Czechoslovakia,OWID_CZS,1966,0.86461604,0.39752463,18.206627,45.317806,4.4125233
Czechoslovakia,OWID_CZS,1967,1.5690463,0.3972269,19.07682,44.251076,4.458872
Czechoslovakia,OWID_CZS,1968,2.8116207,0.38746718,19.85024,45.740997,5.444411
Czechoslovakia,OWID_CZS,1969,3.7292163,0.43990755,21.655449,43.470863,5.828775
Czechoslovakia,OWID_CZS,1970,3.9738812,0.52050835,21.781275,42.50151,7.207039
Czechoslovakia,OWID_CZS,1971,2.8335423,0.54067594,20.665834,46.117657,7.7196507
Czechoslovakia,OWID_CZS,1972,2.7817302,0.5303298,21.023077,46.659023,7.954948
Czechoslovakia,OWID_CZS,1973,2.479659,0.5399258,22.5469,46.203648,8.148879
Czechoslovakia,OWID_CZS,1974,2.4859235,0.48919782,24.030594,46.32404,8.665791
Czechoslovakia,OWID_CZS,1975,2.6234117,0.44887272,24.009703,48.218906,8.857755
Czechoslovakia,OWID_CZS,1976,2.0843816,0.4388172,24.115,47.46207,9.344811
Czechoslovakia,OWID_CZS,1977,2.08512,0.38908938,23.86415,50.451923,9.417958
Czechoslovakia,OWID_CZS,1978,2.0173228,0.33954936,23.169252,53.25932,9.517369
Czechoslovakia,OWID_CZS,1979,2.109166,0.3798498,23.810585,54.438473,9.896087
Czechoslovakia,OWID_CZS,1980,2.2114491,0.4202754,24.70619,55.266216,10.396813
Czechoslovakia,OWID_CZS,1981,2.4422312,0.46042064,24.011936,56.671776,10.129254
Czechoslovakia,OWID_CZS,1982,2.3627672,0.53062147,23.757826,48.136383,9.621268
Czechoslovakia,OWID_CZS,1983,2.7414243,0.63032746,23.81237,53.647873,9.995193
Czechoslovakia,OWID_CZS,1984,2.8603709,0.7200934,24.20314,54.297043,9.681256
Czechoslovakia,OWID_CZS,1985,2.5291812,0.6697832,24.302132,54.89223,9.966774
Czechoslovakia,OWID_CZS,1986,2.5182092,0.5596021,24.012924,53.681828,10.502532
Czechoslovakia,OWID_CZS,1987,2.4969375,0.62922823,23.760859,55.372086,11.415998
Czechoslovakia,OWID_CZS,1988,2.4257782,0.559027,23.998232,58.927437,11.839394
Czechoslovakia,OWID_CZS,1989,2.1368368,0.6090983,23.884644,59.26227,13.979306
Czechoslovakia,OWID_CZS,1990,2.1888747,0.43977392,24.037642,58.15011,14.622483
Czechoslovakia,OWID_CZS,1991,2.1901405,0.45002887,16.951088,53.213413,12.78082
Czechoslovakia,OWID_CZS,1992,2.0803995,0.4500864,16.653198,53.53028,11.782262
Democratic Republic of Congo,COD,2010,2.31,0.32,0.26,0.7,1.15
Democratic Republic of Congo,COD,2011,2.3,0.31,0.23,0.54,1.25
Democratic Republic of Congo,COD,2012,2.2299998,0.29999998,0.23999998,0.5299999,1.2099999
Democratic Republic of Congo,COD,2013,2.17,0.28,0.25,0.52,1.17
Democratic Republic of Congo,COD,2014,2.0999997,0.27999997,0.31999996,0.6399999,1.3799999
Democratic Republic of Congo,COD,2015,2.08,0.26,0.33,0.58,1.33
Democratic Republic of Congo,COD,2016,2.0299997,0.24999997,0.28999996,0.59999996,1.2699999
Democratic Republic of Congo,COD,2017,1.97,0.25,0.28,0.59,1.37
Democratic Republic of Congo,COD,2018,1.9299998,0.23999998,0.25999996,0.56999993,1.5399998
Democratic Republic of Congo,COD,2019,2.0399997,0.24999997,0.30999997,0.70999986,1.5999998
Democratic Republic of Congo,COD,2020,1.77,0.22,0.23,0.48,1.01
Democratic Republic of Congo,COD,2021,1.72,0.22,0.27,0.52,1.01
Democratic Republic of Congo,COD,2022,1.6499999,0.20999998,0.31999996,0.71999997,0.98999995
Democratic Republic of Congo,COD,2023,1.6099999,0.19999999,0.30999997,0.60999995,0.75999993
Denmark,DNK,1961,1.2807333,0.30017188,16.599504,35.6304,7.2541537
Denmark,DNK,1962,1.1603829,0.29009572,12.9942875,32.160614,7.952624
Denmark,DNK,1963,1.0904031,0.28010353,13.925147,31.441622,6.0122223
Denmark,DNK,1964,1.2302895,0.30007058,12.272887,31.637442,8.171923
Denmark,DNK,1965,1.2503055,0.35008553,11.932916,32.05783,6.8216667
Denmark,DNK,1966,1.0397401,0.4498875,18.95526,32.49188,4.8687825
Denmark,DNK,1967,1.0091178,0.6194585,19.143267,31.572401,3.7067597
Denmark,DNK,1968,0.710029,0.6200254,19.140781,30.301239,4.2701745
Denmark,DNK,1969,0.6808621,0.5006339,21.327003,29.867819,4.0951858
Denmark,DNK,1970,0.5601507,0.45012105,19.895351,29.647974,5.781555
Denmark,DNK,1971,0.60962343,0.35977778,19.40801,30.890917,4.8769875
Denmark,DNK,1972,0.6396706,0.34981987,16.231642,34.282345,6.456675
Denmark,DNK,1973,0.249713,0.3495982,14.683125,34.80999,7.76108
Denmark,DNK,1974,0.3296312,0.25970942,14.563705,35.450336,7.381741
Denmark,DNK,1975,0.42004955,0.37004367,15.76186,39.074608,6.7007904
Denmark,DNK,1976,0.640908,0.43061006,16.162897,39.896523,8.802471
Denmark,DNK,1977,0.56081754,0.47068617,15.462541,41.921112,8.181928
Denmark,DNK,1978,0.6005477,0.550502,16.715244,45.92188,9.058261
Denmark,DNK,1979,0.58012897,0.6201379,14.763283,47.880646,8.27184
Denmark,DNK,1980,0.55999136,0.41999352,14.509776,55.14915,8.429871
Denmark,DNK,1981,0.45029625,0.51033574,13.809086,51.193684,8.93588
Denmark,DNK,1982,0.46045867,0.46045867,11.321278,49.098907,9.349313
Denmark,DNK,1983,0.4704165,0.43038103,11.470155,51.32544,9.908772
Denmark,DNK,1984,0.48029757,0.5303285,13.418313,53.94342,10.516516
Denmark,DNK,1985,0.5799004,0.55990386,14.307544,56.85024,11.148086
Denmark,DNK,1986,0.6591376,0.61918986,16.808008,63.566833,12.593523
Denmark,DNK,1987,0.6485884,0.7284148,16.28456,66.40549,12.003876
Denmark,DNK,1988,0.83874726,0.80879205,17.443945,65.98145,11.902224
Denmark,DNK,1989,0.80941343,0.83939165,19.615784,64.88298,12.830702
Denmark,DNK,1990,0.7998407,0.94981074,19.376139,64.7471,12.137582
Denmark,DNK,1991,0.80994564,0.9799342,19.928663,65.18562,13.859069
Denmark,DNK,1992,0.8099417,0.9899288,21.088484,65.04533,14.46896
Denmark,DNK,1993,0.9404279,1.050478,20.499327,64.819496,13.045936
Denmark,DNK,1994,1.0609797,1.1710814,19.18772,63.668793,15.45427
Denmark,DNK,1995,1.0699257,1.2399138,18.158737,64.44551,16.65884
Denmark,DNK,1996,1.0581731,0.8984488,19.186872,65.14752,15.912527
Denmark,DNK,1997,0.9685242,0.82873714,19.640074,57.80192,18.272156
Denmark,DNK,1998,0.76923597,1.0389681,21.528616,68.442024,16.533579
Denmark,DNK,1999,0.7695928,0.9794818,25.04675,23.79741,17.41079
Denmark,DNK,2000,0.7397701,1.1796334,23.622658,26.931631,17.334612
Denmark,DNK,2001,0.78943616,1.0992149,24.312634,26.091364,20.275518
Denmark,DNK,2002,0.8189373,0.95875585,27.394453,34.125717,20.153849
Denmark,DNK,2003,0.82882655,1.0585014,28.369835,28.64944,18.284113
Denmark,DNK,2004,0.8591099,1.1288304,28.969984,24.314808,16.882507
Denmark,DNK,2005,0.8497569,0.9897169,26.962286,44.027405,19.664375
Denmark,DNK,2006,0.94061804,1.010664,26.097147,32.08108,19.082539
Denmark,DNK,2007,2.3026934,1.2114171,26.34081,40.177,19.983374
Denmark,DNK,2008,0.96039104,1.0604317,27.391153,26.320717,22.729256
Denmark,DNK,2009,1.010152,1.0901641,26.013914,19.382915,18.912846
Denmark,DNK,2010,1.5999986,0.8699992,28.779974,22.78998,22.77998
Denmark,DNK,2011,1.5800006,0.88000035,29.30001,18.260008,23.27001
Denmark,DNK,2012,1.200002,0.8800014,27.360044,25.25004,22.090034
Denmark,DNK,2013,0.8499996,0.8799995,28.599985,24.889986,22.409988
Denmark,DNK,2014,0.82999927,0.8799992,26.189978,36.30997,23.809978
Denmark,DNK,2015,0.8300003,0.88000035,26.19001,46.97002,18.370008
Denmark,DNK,2016,1.4600011,0.89000064,25.980019,42.31003,26.050018
Denmark,DNK,2017,1.3000013,0.90000093,23.620026,43.350044,25.220026
Denmark,DNK,2018,1.4099989,0.8299994,23.669983,46.829967,26.699982
Denmark,DNK,2019,0.9200004,0.73000026,24.61001,47.050014,25.01001
Denmark,DNK,2020,0.64000005,0.67000014,24.720003,47.170006,24.490004
Denmark,DNK,2021,0.65000063,0.73000073,23.600023,57.050056,19.11002
Denmark,DNK,2022,0.8099998,0.7199999,21.849997,52.08999,17.759996
Denmark,DNK,2023,0.76000077,0.7100007,21.580023,57.900063,20.32002
Djibouti,DJI,1961,2.972474,24.990437,2.4606574,0,0
Djibouti,DJI,1962,2.9618993,24.692568,2.3574297,0,0
Djibouti,DJI,1963,2.8477736,24.453707,2.2493284,0,0
Djibouti,DJI,1964,2.8879802,23.668882,2.1345942,0,0
Djibouti,DJI,1965,2.6455438,22.724272,2.0131428,0,0
Djibouti,DJI,1966,2.667326,22.416206,2.8593733,0,0
Djibouti,DJI,1967,2.5519688,22.267815,2.713486,0,0
Djibouti,DJI,1968,2.4122124,22.986963,2.575937,0,0
Djibouti,DJI,1969,2.3697555,22.738628,3.2294805,0,0
Djibouti,DJI,1970,2.3032205,22.11753,3.0305536,0,0
Djibouti,DJI,1971,2.2329714,21.741516,2.8320613,0,0
Djibouti,DJI,1972,2.0885558,20.853262,3.3050857,0,0
Djibouti,DJI,1973,1.5625911,19.243416,3.0823715,0,0
Djibouti,DJI,1974,1.4793222,18.560705,4.04419,0,0
Djibouti,DJI,1975,1.4298644,17.158373,6.2423186,0,0
Djibouti,DJI,1976,1.2949249,16.51029,7.8450856,0,0
Djibouti,DJI,1977,1.5940055,14.477063,5.2296476,0,0
Djibouti,DJI,1978,1.8587213,14.143878,3.8384242,0,0.79188126
Djibouti,DJI,1979,2.350152,13.582334,4.5679007,0.30894014,0.6399474
Djibouti,DJI,1980,2.6443887,15.458655,4.6497164,0.22036572,0.74924344
Djibouti,DJI,1981,2.7874458,10.002011,6.2088985,1.3008081,1.0056667
Djibouti,DJI,1982,2.4056635,8.371278,4.84369,0.39914596,2.6106303
Djibouti,DJI,1983,2.1481338,9.730408,3.796454,0.41473868,0.9039177
Djibouti,DJI,1984,1.9824408,10.724161,3.6379898,0.35852653,0.84359187
Djibouti,DJI,1985,1.9584247,9.897415,4.338016,0.30534577,0.7159832
Djibouti,DJI,1986,1.7598892,9.350737,5.332677,0.2756453,0.48768017
Djibouti,DJI,1987,1.4468243,8.691663,4.2868867,0.32151654,0.6966191
Djibouti,DJI,1988,1.4599686,8.381301,3.8932493,0.44339785,0.55154365
Djibouti,DJI,1989,1.1877056,7.4472356,3.6273174,0.23540112,0.49220234
Djibouti,DJI,1990,0.99768096,7.0346684,4.092528,0.44793838,0.47847962
Djibouti,DJI,1991,1.0198923,7.129534,4.8857703,0.29139784,0.35939065
Djibouti,DJI,1992,1.1052433,7.1840816,4.943452,0.5325263,0.46219265
Djibouti,DJI,1993,1.170604,7.190853,6.281545,0.5957538,0.5748502
Djibouti,DJI,1994,1.0106795,7.0434985,6.1995287,0.3438394,0.44803318
Djibouti,DJI,1995,1.0173835,6.974845,5.9679503,0.32514316,0.47198197
Djibouti,DJI,1996,0.98008186,6.818867,6.130725,0.10426403,0.4170561
Djibouti,DJI,1997,0.94214875,6.5848002,6.1649294,0.10240747,0.39938912
Djibouti,DJI,1998,0.96088535,6.335838,5.4950633,0.13011989,0.39035967
Djibouti,DJI,1999,0.8848042,6.1837983,5.869201,0.1671297,0.38341516
Djibouti,DJI,2000,0.87070435,6.0755816,8.416808,0.11609391,0.56112057
Djibouti,DJI,2001,0.8469476,6.0904098,7.850919,0.07613012,0.5424271
Djibouti,DJI,2002,0.28055146,5.704546,7.649703,0.19638601,0.4488823
Djibouti,DJI,2003,0.278417,5.698267,7.4615746,0.6774813,0.7517258
Djibouti,DJI,2004,0.7974019,5.489092,4.9605813,0.9550278,2.994893
Djibouti,DJI,2005,1.0555379,5.4165764,7.073956,1.86108,4.509184
Djibouti,DJI,2006,1.0313088,5.718239,12.209959,0.14732982,7.228369
Djibouti,DJI,2007,0.8496793,5.2442565,18.0534,0.29236275,6.614707
Djibouti,DJI,2008,0.9345396,5.080992,11.894965,0.20868361,6.959145
Djibouti,DJI,2009,0.8927686,4.9778614,7.0339346,0.19839302,4.7524147
Djibouti,DJI,2010,0.8499982,4.8799896,7.189985,0.7099984,1.449997
Djibouti,DJI,2011,0.7199962,4.779975,7.4299607,0.12999931,0.74999607
Djibouti,DJI,2012,0.63999736,4.82998,7.519969,0.08999963,4.7599807
Djibouti,DJI,2013,0.6499914,4.6799383,9.0698805,0.11999842,1.8199761
Djibouti,DJI,2014,0.68,4.59,6.4,0.14,1.3
Djibouti,DJI,2015,0.7499956,4.699972,6.3299627,0.06999959,1.9299886
Djibouti,DJI,2016,0.6299939,4.4899564,6.17994,0.08999914,1.869982
Djibouti,DJI,2017,0.6099977,4.4899826,6.2599764,0.119999535,2.63999
Djibouti,DJI,2018,0.5999967,4.5699744,6.0899663,0.14999917,2.9799833
Djibouti,DJI,2019,0.6,4.05,5.8,0.15,3.29
Djibouti,DJI,2020,0.6199983,4.0999885,5.6699843,0.16999952,3.259991
Djibouti,DJI,2021,0.6399994,4.0499964,5.669995,0.16999985,4.1499963
Djibouti,DJI,2022,0.74999934,3.9899964,6.0799947,0.09999991,3.9299965
Djibouti,DJI,2023,0.63999385,3.9899616,6.0099425,0.2499976,3.1799695
Dominica,DMA,1961,2.3091483,1.1647019,4.962643,8.40611,2.9066908
Dominica,DMA,1962,3.2541127,1.1287704,4.9015074,8.806442,4.179501
Dominica,DMA,1963,3.3969138,1.1221037,4.600625,8.864618,4.468013
Dominica,DMA,1964,4.048433,1.1859046,4.5187054,9.3441105,4.988978
Dominica,DMA,1965,3.970278,1.1767577,4.3181887,8.820566,5.6484365
Dominica,DMA,1966,4.245064,1.1661139,4.0302534,8.807228,6.280648
Dominica,DMA,1967,4.3952556,1.1299125,3.8769474,8.655752,6.748377
Dominica,DMA,1968,5.2201467,0.96133393,3.8970203,8.548636,7.597639
Dominica,DMA,1969,5.3873096,1.0300783,4.0173054,8.796868,8.539349
Dominica,DMA,1970,6.5306773,1.2154888,3.842181,8.838046,10.414061
Dominica,DMA,1971,5.880255,1.0766665,3.8408005,8.520158,10.82878
Dominica,DMA,1972,5.219774,1.839251,3.884005,10.090193,10.151844
Dominica,DMA,1973,1.3563163,1.1319633,3.834398,10.034701,6.567426
Dominica,DMA,1974,1.3872247,0.9113155,3.6351361,10.115602,7.007004
Dominica,DMA,1975,0.74424845,0.7945355,5.441059,8.518627,9.614885
Dominica,DMA,1976,0.44588816,1.2464601,5.411461,8.836693,10.407435
Dominica,DMA,1977,0.53421515,0.624931,6.037639,9.716669,13.748482
Dominica,DMA,1978,0.18311544,0.93592334,5.5748477,9.654252,15.117196
Dominica,DMA,1979,0.061662417,0.62690127,3.5969744,10.400394,15.415605
Dominica,DMA,1980,0.40012583,0.6976553,3.929441,10.536648,13.717134
Dominica,DMA,1981,0.030820228,0.8115994,3.8011615,9.574818,18.584599
Dominica,DMA,1982,0,0.7736851,3.724004,11.223592,16.990124
Dominica,DMA,1983,0.42481178,0.7770947,4.1859503,8.9106865,22.432133
Dominica,DMA,1984,0.8110996,0.88296914,5.2772803,8.593548,25.472631
Dominica,DMA,1985,0.8145692,0.9589232,5.7019844,8.516888,22.323318
Dominica,DMA,1986,0.6847647,0.9811553,5.917593,9.678689,27.380367
Dominica,DMA,1987,3.7396543,0.9830528,6.232757,11.16829,27.292383
Dominica,DMA,1988,2.619924,1.0907856,6.687433,11.601065,27.85071
Dominica,DMA,1989,2.681307,1.0927591,7.66955,12.162004,33.258324
Dominica,DMA,1990,4.210413,1.2641433,9.440296,11.846247,27.9131
Dominica,DMA,1991,4.322211,1.1778537,9.42283,9.289681,30.58323
Dominica,DMA,1992,4.668897,1.453911,9.685914,9.54257,40.381863
Dominica,DMA,1993,4.1606555,1.5538565,9.353807,7.789728,42.608383
Dominica,DMA,1994,5.629488,1.2975408,8.817147,8.081533,40.417885
Dominica,DMA,1995,2.5951936,1.2771622,10.299036,13.589005,37.334007
Dominica,DMA,1996,6.1670656,1.6670508,10.319351,10.452307,37.56489
Dominica,DMA,1997,0.9833369,1.2701435,9.761667,14.381303,35.50256
Dominica,DMA,1998,0.9820086,1.2755988,10.468009,10.41739,30.260036
Dominica,DMA,1999,0.050810795,1.3109185,9.867456,7.3065925,30.97426
Dominica,DMA,2000,0.07150466,1.5322428,12.104718,16.83424,38.46951
Dominica,DMA,2001,0,1.9370708,9.9928255,16.265245,39.89956
Dominica,DMA,2002,0.10236163,1.5661329,11.106237,16.234554,40.156467
Dominica,DMA,2003,0.17359085,1.3887268,9.792566,15.623177,37.413933
Dominica,DMA,2004,0.020389142,1.8452172,10.612548,18.594896,41.542877
Dominica,DMA,2005,0.030981818,1.704,11.390982,18.568436,38.76858
Dominica,DMA,2006,0.051581595,1.7125089,10.522645,17.506792,34.74536
Dominica,DMA,2007,0.072173335,1.3609829,11.784874,18.19799,33.58122
Dominica,DMA,2008,0.10309877,1.422763,10.4232855,21.02184,34.940174
Dominica,DMA,2009,0.10307931,1.0617169,10.421318,20.296318,31.23303
Dominica,DMA,2010,0.039929144,1.9365635,9.982286,13.615838,44.331333
Dominica,DMA,2011,0,1.4629132,10.728029,10.976824,39.558365
Dominica,DMA,2012,0.039856516,1.1359107,14.288562,13.461539,24.691114
Dominica,DMA,2013,0.019738143,1.1250741,9.513785,9.207844,46.45372
Dominica,DMA,2014,0.009855513,0.99540687,9.825947,11.067741,43.90631
Dominica,DMA,2015,0,1.252504,9.652233,11.759621,43.758114
Dominica,DMA,2016,0.040260244,1.3889785,9.481288,10.769615,46.943443
Dominica,DMA,2017,0.13357854,1.017252,10.254722,10.038941,45.694138
Dominica,DMA,2018,0.124619104,1.2150363,9.699521,10.177227,48.41452
Dominica,DMA,2019,0,0.9993741,10.41453,13.307455,50.91548
Dominica,DMA,2020,0.042611115,1.161153,10.23732,14.210807,61.903297
Dominica,DMA,2021,0.107717715,1.5511352,11.8920355,22.448372,58.339916
Dominica,DMA,2022,0.02176313,1.5560638,11.284183,23.01451,50.55575
Dominican Republic,DOM,1961,0,0.22337595,6.9551144,2.761739,5.635166
Dominican Republic,DOM,1962,0.030517766,0.22379696,7.192021,2.9297059,5.818721
Dominican Republic,DOM,1963,0.05097131,0.22427377,7.074818,2.7116737,6.2796655
Dominican Republic,DOM,1964,0.08171822,0.22472511,7.1094856,2.6456275,6.1288667
Dominican Republic,DOM,1965,0.010239001,0.22525804,6.327703,2.3549705,6.061489
Dominican Republic,DOM,1966,0.010255367,0.23587345,6.409604,2.6663952,6.1327095
Dominican Republic,DOM,1967,0,0.23609707,6.0974636,2.4841518,6.1898494
Dominican Republic,DOM,1968,0.020547528,0.23629658,6.061521,2.7020001,6.266996
Dominican Republic,DOM,1969,0.010280477,0.23645097,6.373895,2.5084364,6.3327737
Dominican Republic,DOM,1970,0.030850405,0.23651977,6.3140492,2.632568,6.509435
Dominican Republic,DOM,1971,0.0102823945,0.26734224,6.6321445,3.208107,6.652709
Dominican Republic,DOM,1972,0.010275389,0.26716012,6.5454226,3.5552847,6.6892786
Dominican Republic,DOM,1973,0,0.26689193,6.6722984,3.6441016,6.703094
Dominican Republic,DOM,1974,0.010253962,0.25634906,6.6240597,3.793966,6.121615
Dominican Republic,DOM,1975,0.010242168,0.2560542,6.6369247,3.902266,7.1490335
Dominican Republic,DOM,1976,0.010228932,0.2557233,6.9863605,4.1836333,7.150023
Dominican Republic,DOM,1977,0.02042726,0.26555437,7.190396,4.299938,7.3844547
Dominican Republic,DOM,1978,0.020392925,0.26510802,7.9940267,4.211139,8.626207
Dominican Republic,DOM,1979,0.16292842,0.2749417,7.9631267,4.3583355,9.918267
Dominican Republic,DOM,1980,0.2949079,0.31524637,8.440468,3.1219559,12.599686
Dominican Republic,DOM,1981,0.20318793,0.3149413,8.168155,1.3613591,11.094061
Dominican Republic,DOM,1982,0.1218555,0.31479338,8.336947,1.1474726,10.124162
Dominican Republic,DOM,1983,0.01015089,0.3146776,8.65871,1.0962962,12.130314
Dominican Republic,DOM,1984,0.0101478,0.304434,8.442969,1.1264058,13.527017
Dominican Republic,DOM,1985,0.020291105,0.31451213,8.674447,2.0291104,12.600776
Dominican Republic,DOM,1986,0,0.28403887,7.770492,2.2013013,12.802038
Dominican Republic,DOM,1987,0.060871333,0.273921,8.684311,2.50587,13.696051
Dominican Republic,DOM,1988,0.05071665,0.25358325,9.74774,2.5662622,15.499007
Dominican Republic,DOM,1989,0.020276194,0.25345245,10.077269,2.8994958,15.997917
Dominican Republic,DOM,1990,0.020262433,0.23301798,10.1717415,2.948184,15.622335
Dominican Republic,DOM,1991,0.03037871,0.2227772,9.761693,5.174507,15.63491
Dominican Republic,DOM,1992,0.04049694,0.21260893,9.962248,5.7404413,16.411385
Dominican Republic,DOM,1993,0.030369077,0.20246053,10.386225,6.944396,16.854837
Dominican Republic,DOM,1994,0.030357696,0.1922654,9.815655,7.2251315,16.980072
Dominican Republic,DOM,1995,0.08091155,0.19216493,9.911665,7.7877364,17.436438
Dominican Republic,DOM,1996,0.050535955,0.19203661,10.006118,7.8735013,18.556803
Dominican Republic,DOM,1997,0.04040087,0.16160348,9.706309,7.87817,19.87723
Dominican Republic,DOM,1998,0.050497156,0.14139204,9.655057,8.089644,23.006504
Dominican Republic,DOM,1999,0.0504842,0.12116208,7.7846637,7.320209,22.354403
Dominican Republic,DOM,2000,0.05045901,0.14128521,8.043165,7.2963724,24.835924
Dominican Republic,DOM,2001,0.050451323,0.1412637,8.132753,7.3961635,23.580948
Dominican Republic,DOM,2002,0.020187002,0.1312155,8.236297,7.529752,20.883453
Dominican Republic,DOM,2003,0.010100632,0.13130821,7.8784933,7.2320523,17.41349
Dominican Republic,DOM,2004,0.01011215,0.15168226,7.634673,5.9156075,26.35226
Dominican Republic,DOM,2005,0.010127875,0.18230176,8.0314045,9.307516,32.156002
Dominican Republic,DOM,2006,0,0.20295066,10.401221,11.202876,33.923203
Dominican Republic,DOM,2007,0.01016851,0.2033702,10.931148,10.412554,35.27456
Dominican Republic,DOM,2008,0.020369502,0.20369503,10.622696,10.480109,32.295845
Dominican Republic,DOM,2009,0.010194662,0.20389324,10.734979,10.398555,34.62107
Dominican Republic,DOM,2010,0.019999979,0.20999978,11.669988,8.639992,26.999971
Dominican Republic,DOM,2011,0.02999999,0.19999994,10.369997,11.829996,27.379992
Dominican Republic,DOM,2012,0.030000003,0.20000003,9.630001,9.050001,27.720003
Dominican Republic,DOM,2013,0.029999975,0.18999985,9.979992,9.649992,28.489977
Dominican Republic,DOM,2014,0.020000014,0.22000015,8.410006,8.9100065,32.400024
Dominican Republic,DOM,2015,0.0100000035,0.19000007,9.960004,9.180004,33.02001
Dominican Republic,DOM,2016,0.01,0.21,9.4,9.68,34.8
Dominican Republic,DOM,2017,0.019999988,0.1899999,6.1199965,10.579994,34.76998
Dominican Republic,DOM,2018,0.010000002,0.21000002,6.550001,11.270002,34.260006
Dominican Republic,DOM,2019,0.08999998,0.19999994,6.559998,10.779997,34.969994
Dominican Republic,DOM,2020,0.040000007,0.17000003,6.280001,11.490002,31.750006
Dominican Republic,DOM,2021,0.030000001,0.18000002,6.3300004,11.910001,35.85
Dominican Republic,DOM,2022,0.02999999,0.19999994,6.209998,16.459993,36.89999
Dominican Republic,DOM,2023,0.030000001,0.21000001,6.4000006,16.33,38.63
East Timor,TLS,1961,63.118996,1.659899,3.4161794,11.008879,5.3009677
East Timor,TLS,1962,62.14515,1.6523399,3.2724915,10.675833,5.2896338
East Timor,TLS,1963,61.157406,1.6865822,3.3194516,10.98964,5.2531123
East Timor,TLS,1964,70.19087,1.6045474,3.5860016,10.88723,5.298237
East Timor,TLS,1965,69.02945,1.718441,3.815155,11.110423,5.209362
East Timor,TLS,1966,67.86484,1.6879646,3.8736625,10.5930605,5.1179953
East Timor,TLS,1967,66.71132,1.4290643,3.713402,8.206293,5.034204
East Timor,TLS,1968,65.55884,1.3339515,3.6765006,8.719487,4.9453807
East Timor,TLS,1969,64.41222,1.1094302,3.730731,8.179329,4.8619146
East Timor,TLS,1970,63.285355,1.2995613,3.8659215,8.900355,4.848783
East Timor,TLS,1971,62.168056,1.3656048,4.030737,9.658351,4.7575912
East Timor,TLS,1972,61.085876,1.336184,4.298058,9.965705,4.676644
East Timor,TLS,1973,60.04989,1.2435706,3.9995916,9.029891,4.5933685
East Timor,TLS,1974,59.23821,1.1782557,3.972405,9.123066,4.533479
East Timor,TLS,1975,58.51161,1.1194681,3.6244166,6.151533,4.4778724
East Timor,TLS,1976,49.369553,1.0837481,2.7791162,4.935882,4.742739
East Timor,TLS,1977,45.280186,0.82792217,2.4224389,4.0067344,4.660895
East Timor,TLS,1978,44.533573,0.5908108,2.1114223,3.1768186,4.7361717
East Timor,TLS,1979,39.137814,0.30482602,1.8012447,2.7803829,4.978825
East Timor,TLS,1980,33.85636,0.17880307,1.984714,2.6909862,4.952845
East Timor,TLS,1981,33.306858,0.22104366,1.7860328,3.2714462,4.8718023
East Timor,TLS,1982,32.87641,0.2765723,1.6415904,4.014759,4.808789
East Timor,TLS,1983,32.465824,0.29133663,1.4931002,5.0710783,5.198538
East Timor,TLS,1984,32.03439,0.34425572,1.3211975,6.16869,5.3592243
East Timor,TLS,1985,34.446102,0.36947137,1.2789395,6.953641,5.4568086
East Timor,TLS,1986,33.93878,0.34514016,1.3038628,7.4588623,5.3688464
East Timor,TLS,1987,33.40123,0.36757797,1.2768499,7.2838483,5.368573
East Timor,TLS,1988,32.844913,0.36050487,1.4127893,7.7167525,5.202962
East Timor,TLS,1989,29.538704,0.39202,1.56808,9.173267,5.2138658
East Timor,TLS,1990,30.460842,0.4049593,1.5803291,9.511605,5.264471
East Timor,TLS,1991,25.697468,0.40932253,1.6872076,10.68232,5.4709454
East Timor,TLS,1992,25.91274,0.46326706,1.6717898,12.608921,5.327571
East Timor,TLS,1993,21.90793,0.48616767,1.7927432,14.119119,5.4795146
East Timor,TLS,1994,22.237345,0.57641137,1.4966471,11.073166,5.2787147
East Timor,TLS,1995,18.425518,0.6191773,1.6777706,10.915497,5.5725956
East Timor,TLS,1996,16.80951,0.66225183,1.8796264,5.7265306,5.4830556
East Timor,TLS,1997,17.341125,0.69627964,1.7312899,11.940254,5.626692
East Timor,TLS,1998,17.24033,0.74210346,2.4344616,10.60665,5.556726
East Timor,TLS,1999,19.89201,0.74163264,2.1537824,7.6601505,6.369913
East Timor,TLS,2000,23.290024,0.3438488,2.6820204,9.650689,6.8998985
East Timor,TLS,2001,22.540293,0.3431443,2.2518845,10.337223,6.5733585
East Timor,TLS,2002,22.404188,0.3783455,2.7608995,10.184651,6.033077
East Timor,TLS,2003,22.966911,0.42738602,2.2081614,9.758648,5.566194
East Timor,TLS,2004,24.198914,0.4787742,1.7277503,9.637933,5.5475354
East Timor,TLS,2005,16.86765,0.47263023,1.701469,9.568136,5.472008
East Timor,TLS,2006,18.033195,0.46907157,1.6782339,9.621179,5.3369923
East Timor,TLS,2007,18.309679,0.46392766,1.6495206,9.660006,5.216609
East Timor,TLS,2008,18.4792,0.4678279,1.6373975,8.8989,5.105426
East Timor,TLS,2009,18.95293,0.4622666,1.6279824,9.0644455,5.004538
East Timor,TLS,2010,17.60987,0.45999664,1.4799892,9.059934,4.7899647
East Timor,TLS,2011,17.829967,0.4799991,1.4999973,10.069982,4.809991
East Timor,TLS,2012,17.929827,0.50999504,1.5199852,10.699896,4.6999545
East Timor,TLS,2013,15.039908,0.53999674,1.5299907,11.069932,5.539966
East Timor,TLS,2014,13.679851,0.52999413,1.7699805,11.709871,4.7999473
East Timor,TLS,2015,16.959957,0.45999888,1.9099952,11.659971,5.869985
East Timor,TLS,2016,17.009945,0.38999873,1.6999946,11.139965,7.029978
East Timor,TLS,2017,17.01985,0.3499969,1.8699836,10.689905,10.409908
East Timor,TLS,2018,17.009974,0.3699994,1.7099973,10.769983,8.079987
East Timor,TLS,2019,14.439932,0.37999824,1.7899916,11.309948,8.959958
East Timor,TLS,2020,11.399991,0.44999966,1.5999988,9.849994,9.149993
East Timor,TLS,2021,12.309982,0.47999927,1.4699979,6.9999895,4.7399926
East Timor,TLS,2022,12.740009,0.48000035,1.5400012,10.380008,5.170004
East Timor,TLS,2023,12.529982,0.36999947,1.6699976,12.119983,5.129993
Eastern Africa (FAO),,1961,1.52,2.76,8.33,0.55,1.38
Eastern Africa (FAO),,1962,1.52,2.78,8.04,0.56,1.38
Eastern Africa (FAO),,1963,1.51,2.64,7.78,0.57,1.36
Eastern Africa (FAO),,1964,1.52,2.61,7.53,0.59,1.37
Eastern Africa (FAO),,1965,1.53,2.55,7.3,0.58,1.38
Eastern Africa (FAO),,1966,1.53,2.54,7.59,0.58,1.44
Eastern Africa (FAO),,1967,1.54,2.49,7.45,0.6,1.48
Eastern Africa (FAO),,1968,1.55,2.41,7.58,0.63,1.49
Eastern Africa (FAO),,1969,1.53,2.32,7.56,0.61,1.6
Eastern Africa (FAO),,1970,1.51,2.22,7.67,0.59,1.65
Eastern Africa (FAO),,1971,1.48,2.15,6.93,0.62,1.68
Eastern Africa (FAO),,1972,1.47,2.09,6.91,0.68,1.7
Eastern Africa (FAO),,1973,1.48,2.01,6.91,0.66,1.72
Eastern Africa (FAO),,1974,1.49,1.82,6.62,0.64,1.69
Eastern Africa (FAO),,1975,1.49,1.88,6.35,0.61,1.74
Eastern Africa (FAO),,1976,1.46,1.92,6.43,0.55,1.76
Eastern Africa (FAO),,1977,1.47,1.94,6.61,0.58,1.83
Eastern Africa (FAO),,1978,1.47,1.97,7.23,0.61,1.86
Eastern Africa (FAO),,1979,1.46,1.93,6.8,0.58,1.88
Eastern Africa (FAO),,1980,1.46,1.86,6.69,0.62,1.78
Eastern Africa (FAO),,1981,1.46,1.85,6.48,0.67,1.73
Eastern Africa (FAO),,1982,1.46,1.84,6.58,0.62,1.72
Eastern Africa (FAO),,1983,1.45,1.76,6.4,0.64,1.69
Eastern Africa (FAO),,1984,1.46,1.78,6.08,0.66,1.57
Eastern Africa (FAO),,1985,1.45,1.82,6.06,0.64,1.68
Eastern Africa (FAO),,1986,1.44,1.72,6.47,0.67,1.71
Eastern Africa (FAO),,1987,1.41,1.67,5.72,0.78,1.62
Eastern Africa (FAO),,1988,1.4,1.69,5.79,0.77,1.65
Eastern Africa (FAO),,1989,1.39,1.68,5.87,0.87,1.66
Eastern Africa (FAO),,1990,1.38,1.68,5.82,0.96,1.55
Eastern Africa (FAO),,1991,1.37,1.69,5.91,0.96,1.56
Eastern Africa (FAO),,1992,1.3,1.67,5.78,0.97,1.56
Eastern Africa (FAO),,1993,0.92,1.23,5.64,0.97,1.4
Eastern Africa (FAO),,1994,0.92,1.21,5.45,0.97,1.37
Eastern Africa (FAO),,1995,0.91,1.19,5.4,1.49,1.41
Eastern Africa (FAO),,1996,0.92,1.17,5.29,1.5,1.4
Eastern Africa (FAO),,1997,0.91,1.15,5.23,1.52,1.42
Eastern Africa (FAO),,1998,0.91,1.12,5.22,1.41,1.43
Eastern Africa (FAO),,1999,0.92,1.17,5.57,1.36,1.4
Eastern Africa (FAO),,2000,0.89,1.15,5.25,1.31,1.45
Eastern Africa (FAO),,2001,0.94,1.22,5.05,1.3,1.67
Eastern Africa (FAO),,2002,0.99,1.25,5.27,1.24,1.65
Eastern Africa (FAO),,2003,1.01,1.26,5.27,1.17,1.62
Eastern Africa (FAO),,2004,1.03,1.31,5.22,1.23,1.61
Eastern Africa (FAO),,2005,1.02,1.3,5.53,1.31,1.62
Eastern Africa (FAO),,2006,1.02,1.35,5.69,1.26,1.55
Eastern Africa (FAO),,2007,1.18,1.43,5.57,1.34,1.59
Eastern Africa (FAO),,2008,1.17,1.39,5.7,1.38,1.63
Eastern Africa (FAO),,2009,1.14,1.39,5.6,1.35,1.72
Eastern Africa (FAO),,2010,1.17,1.53,6.96,1.08,1.74
Eastern Africa (FAO),,2011,1.15,1.52,6.81,1.15,1.81
Eastern Africa (FAO),,2012,1.1,1.5,6.43,1.28,1.9
Eastern Africa (FAO),,2013,1.09,1.5,6.51,1.21,1.88
Eastern Africa (FAO),,2014,1.11,1.56,6.24,1.28,1.94
Eastern Africa (FAO),,2015,1.11,1.54,6.41,1.33,2.05
Eastern Africa (FAO),,2016,1.11,1.5,6.34,1.39,2.01
Eastern Africa (FAO),,2017,1.07,1.35,6.24,1.42,2.17
Eastern Africa (FAO),,2018,1.05,1.37,6.11,1.34,2.37
Eastern Africa (FAO),,2019,1.02,1.67,5.78,1.43,2.15
Eastern Africa (FAO),,2020,0.98,1.77,5.73,1.69,2.18
Eastern Africa (FAO),,2021,0.92,1.6,5.8,1.57,2.36
Eastern Africa (FAO),,2022,0.87,1.5,5.67,1.9,2.47
Eastern Africa (FAO),,2023,0.92,1.6,5.73,1.68,2.29
Eastern Asia (FAO),,1961,0.42,0.23,0.39,2.36,1.06
Eastern Asia (FAO),,1962,0.47,0.22,0.41,2.98,1.11
Eastern Asia (FAO),,1963,0.43,0.28,0.5,4.76,1.15
Eastern Asia (FAO),,1964,0.43,0.31,0.59,6.12,1.17
Eastern Asia (FAO),,1965,0.43,0.32,0.58,6.86,1.22
Eastern Asia (FAO),,1966,0.43,0.39,0.51,7.45,1.26
Eastern Asia (FAO),,1967,0.41,0.4,0.52,7.73,1.34
Eastern Asia (FAO),,1968,0.38,0.41,0.53,7.43,1.4
Eastern Asia (FAO),,1969,0.37,0.43,0.59,7.12,1.49
Eastern Asia (FAO),,1970,0.34,0.41,0.63,7.06,1.57
Eastern Asia (FAO),,1971,0.34,0.43,0.67,7.91,1.65
Eastern Asia (FAO),,1972,0.35,0.47,0.71,8.54,1.77
Eastern Asia (FAO),,1973,0.34,0.46,0.74,8.54,1.82
Eastern Asia (FAO),,1974,0.33,0.44,0.72,8.44,1.88
Eastern Asia (FAO),,1975,0.31,0.49,0.8,8.45,1.89
Eastern Asia (FAO),,1976,0.3,0.47,0.78,8.37,2.04
Eastern Asia (FAO),,1977,0.31,0.48,0.82,8.4,2.2
Eastern Asia (FAO),,1978,0.31,0.5,0.91,9.05,2.36
Eastern Asia (FAO),,1979,0.28,0.53,0.99,10.97,2.46
Eastern Asia (FAO),,1980,0.28,0.54,0.95,11.9,2.53
Eastern Asia (FAO),,1981,0.27,0.57,1.01,12.18,2.57
Eastern Asia (FAO),,1982,0.27,0.6,1.04,12.71,2.67
Eastern Asia (FAO),,1983,0.29,0.61,1.1,13,2.77
Eastern Asia (FAO),,1984,0.29,0.63,1.15,13.93,2.81
Eastern Asia (FAO),,1985,0.3,0.62,1.2,15.51,2.9
Eastern Asia (FAO),,1986,0.31,0.64,1.35,15.72,3.2
Eastern Asia (FAO),,1987,0.32,0.7,1.52,16.48,3.52
Eastern Asia (FAO),,1988,0.31,0.75,1.62,17.54,3.96
Eastern Asia (FAO),,1989,0.29,0.86,1.73,18.06,4.01
Eastern Asia (FAO),,1990,0.26,0.93,1.83,18.78,4.24
Eastern Asia (FAO),,1991,0.28,1,2,19.55,4.8
Eastern Asia (FAO),,1992,0.44,1.04,2.39,20.59,5.27
Eastern Asia (FAO),,1993,0.43,1.1,2.69,21.19,6.09
Eastern Asia (FAO),,1994,0.48,1.17,2.95,22.51,6.58
Eastern Asia (FAO),,1995,0.6,1.33,3.32,23.03,7.7
Eastern Asia (FAO),,1996,0.61,1.37,3.52,23.1,7.73
Eastern Asia (FAO),,1997,0.57,1.57,4.05,23.67,8.52
Eastern Asia (FAO),,1998,0.6,1.71,4.29,24.96,9.12
Eastern Asia (FAO),,1999,0.61,1.81,4.52,25.46,9.94
Eastern Asia (FAO),,2000,0.62,1.89,4.81,26.91,10.5
Eastern Asia (FAO),,2001,0.72,1.9,4.65,26.84,10.21
Eastern Asia (FAO),,2002,0.81,1.97,4.72,27.46,10.29
Eastern Asia (FAO),,2003,0.84,2.11,4.9,28.63,10.57
Eastern Asia (FAO),,2004,0.9,2.25,4.74,28.68,10.32
Eastern Asia (FAO),,2005,0.94,2.36,4.79,29.49,11.12
Eastern Asia (FAO),,2006,0.99,2.42,4.83,30.46,11.41
Eastern Asia (FAO),,2007,1.03,2.54,5.06,30.76,12.02
Eastern Asia (FAO),,2008,1.03,2.53,5.06,32.18,12.61
Eastern Asia (FAO),,2009,1.08,2.6,5.25,33.02,12.92
Eastern Asia (FAO),,2010,1.13,2.43,5.29,35.44,13
Eastern Asia (FAO),,2011,1.15,2.53,5.22,34.17,13.35
Eastern Asia (FAO),,2012,1.1,2.67,5.27,34.63,13.55
Eastern Asia (FAO),,2013,1.13,2.83,5.44,35.08,13.83
Eastern Asia (FAO),,2014,1.14,2.9,5.49,36.78,13.22
Eastern Asia (FAO),,2015,1.14,2.91,5.59,37.33,12.97
Eastern Asia (FAO),,2016,1.05,3.01,5.69,37.75,13.68
Eastern Asia (FAO),,2017,0.86,3.09,5.94,37.51,13.65
Eastern Asia (FAO),,2018,0.86,3.14,6.36,36.53,14.8
Eastern Asia (FAO),,2019,0.87,3.25,7.03,35.46,15.71
Eastern Asia (FAO),,2020,0.88,3.34,7.83,29.45,17.85
Eastern Asia (FAO),,2021,0.88,3.49,8.15,34.91,18.09
Eastern Asia (FAO),,2022,0.84,3.53,8.1,38.29,18.55
Eastern Asia (FAO),,2023,0.82,3.65,8.31,39.87,19.71
Eastern Europe (FAO),,1961,1.28,3.81,12.56,20.34,3.71
Eastern Europe (FAO),,1962,1.11,3.99,14.13,21,3.75
Eastern Europe (FAO),,1963,1.01,4.07,15.11,21.3,3.66
Eastern Europe (FAO),,1964,0.94,3.83,14.99,16.82,3.11
Eastern Europe (FAO),,1965,0.74,3.67,16.16,21.76,3.37
Eastern Europe (FAO),,1966,0.7,3.4,16.89,22.55,3.58
Eastern Europe (FAO),,1967,0.71,3.7,18.66,22,3.72
Eastern Europe (FAO),,1968,0.86,3.66,20.2,21.39,3.93
Eastern Europe (FAO),,1969,1.05,3.48,20.41,20.55,4.21
Eastern Europe (FAO),,1970,1.05,3.59,20.13,20.9,5.07
Eastern Europe (FAO),,1971,0.99,3.49,20.49,23.28,5.57
Eastern Europe (FAO),,1972,1.13,3.27,20.4,26.21,5.77
Eastern Europe (FAO),,1973,1.14,3.32,20.85,27.4,6.06
Eastern Europe (FAO),,1974,1.13,3.35,23.47,25.79,6.69
Eastern Europe (FAO),,1975,1.21,3.24,23.85,28.4,7.03
Eastern Europe (FAO),,1976,1.07,2.97,24.22,26.73,6.82
Eastern Europe (FAO),,1977,1.02,2.96,25.45,24.47,7.96
Eastern Europe (FAO),,1978,0.99,3.01,24.41,26.61,8.54
Eastern Europe (FAO),,1979,1.11,3.02,24.5,27.14,9.37
Eastern Europe (FAO),,1980,0.92,3.11,24.04,26.95,9.72
Eastern Europe (FAO),,1981,0.89,3.1,23.3,25.67,10.35
Eastern Europe (FAO),,1982,0.85,2.96,22.92,25.59,10.21
Eastern Europe (FAO),,1983,0.9,2.95,24.13,27.16,10.53
Eastern Europe (FAO),,1984,0.87,2.92,24.69,27.16,10.59
Eastern Europe (FAO),,1985,0.91,2.96,24.56,27.68,11.07
Eastern Europe (FAO),,1986,0.91,3.17,25.89,26.69,11.6
Eastern Europe (FAO),,1987,0.9,3.15,26.54,28.18,12.02
Eastern Europe (FAO),,1988,0.91,3.23,27.05,29.56,12.07
Eastern Europe (FAO),,1989,0.9,3.31,27.69,29.93,12
Eastern Europe (FAO),,1990,0.81,3.31,28.35,28.98,12.65
Eastern Europe (FAO),,1991,0.82,3.09,26.57,26.98,11.34
Eastern Europe (FAO),,1992,0.63,1.86,23.69,28.67,10.53
Eastern Europe (FAO),,1993,0.66,1.85,22.04,27.23,10.07
Eastern Europe (FAO),,1994,0.68,1.64,20.71,24.22,10.09
Eastern Europe (FAO),,1995,0.77,1.46,17.81,24.5,10.54
Eastern Europe (FAO),,1996,0.71,1.33,16.75,24.41,9.92
Eastern Europe (FAO),,1997,0.71,1.18,16.72,21.64,11.08
Eastern Europe (FAO),,1998,0.91,1.07,15.35,23.25,10.75
Eastern Europe (FAO),,1999,0.78,0.94,13.79,23.38,9.37
Eastern Europe (FAO),,2000,0.77,0.91,12.65,21.74,11.06
Eastern Europe (FAO),,2001,0.74,0.86,12.37,20.91,14.4
Eastern Europe (FAO),,2002,0.77,0.88,13.19,22.37,16.09
Eastern Europe (FAO),,2003,0.76,0.8,13.52,23.59,15.99
Eastern Europe (FAO),,2004,0.86,0.86,13.18,22.5,16.91
Eastern Europe (FAO),,2005,0.96,0.84,13.53,22.51,18.1
Eastern Europe (FAO),,2006,1.07,0.85,13.44,23.78,19.5
Eastern Europe (FAO),,2007,1.18,0.91,12.92,25.59,20.69
Eastern Europe (FAO),,2008,1.57,0.95,13.34,26.95,21.6
Eastern Europe (FAO),,2009,1.64,1.01,12.45,26.38,22.45
Eastern Europe (FAO),,2010,1.79,1.04,12.2,28.09,22.75
Eastern Europe (FAO),,2011,1.83,1.06,11.62,28.81,22.99
Eastern Europe (FAO),,2012,1.9,1.06,12.07,29.21,25.24
Eastern Europe (FAO),,2013,2.03,1.06,11.92,28.94,25.64
Eastern Europe (FAO),,2014,2.09,1.07,11.42,28.56,25.99
Eastern Europe (FAO),,2015,2.26,1.05,10.34,29.29,26.86
Eastern Europe (FAO),,2016,2,1.05,9.88,30.32,27.58
Eastern Europe (FAO),,2017,2.04,1.06,9.69,30.96,28.69
Eastern Europe (FAO),,2018,2.16,1.06,9.81,31.57,28.02
Eastern Europe (FAO),,2019,1.84,0.96,9.89,31.67,28.77
Eastern Europe (FAO),,2020,1.95,1,9.73,32.14,28.79
Eastern Europe (FAO),,2021,2.04,1.03,9.34,33.04,28.33
Eastern Europe (FAO),,2022,2.24,1.03,9.15,33.31,30.23
Eastern Europe (FAO),,2023,2.27,1.06,9.31,34.39,31.34
Ecuador,ECU,1961,0.77706283,1.3869095,7.8886633,6.383718,0.9836238
Ecuador,ECU,1962,0.75743854,1.3673241,7.751449,6.5316777,1.0033602
Ecuador,ECU,1963,0.74743074,1.3473423,8.457769,5.0254884,1.0719731
Ecuador,ECU,1964,0.7276533,1.3274757,8.407346,5.1624055,1.1111463
Ecuador,ECU,1965,0.70765245,1.2973628,8.491829,5.287736,1.2383916
Ecuador,ECU,1966,0.6876048,1.2671573,8.49683,5.186505,1.2082199
Ecuador,ECU,1967,0.6772445,1.2661527,8.372313,5.074426,1.2661527
Ecuador,ECU,1968,0.657098,1.2553513,8.591311,5.021405,1.2357365
Ecuador,ECU,1969,0.646609,1.2344353,8.876179,4.898553,1.3030151
Ecuador,ECU,1970,0.6264426,1.2137326,10.062235,4.8647184,1.5073775
Ecuador,ECU,1971,0.606206,1.2026345,8.516216,4.830093,1.6621778
Ecuador,ECU,1972,0.58593607,1.1914034,8.535135,4.843738,1.7578081
Ecuador,ECU,1973,0.48772424,1.1607838,8.359593,5.052823,1.6485081
Ecuador,ECU,1974,0.44819373,1.1594577,9.275661,5.2711477,1.8999517
Ecuador,ECU,1975,0.5451109,1.1680949,9.481036,5.519248,1.8494834
Ecuador,ECU,1976,0.544555,1.1669037,9.296332,5.7664485,2.0907025
Ecuador,ECU,1977,0.5246594,0.6606822,9.822789,6.004435,2.4484105
Ecuador,ECU,1978,0.5144363,0.6503252,10.948758,6.6391406,2.6110072
Ecuador,ECU,1979,0.5139396,0.65939426,11.103036,7.1369734,2.5890923
Ecuador,ECU,1980,0.49395642,0.63923776,9.026812,7.661167,2.4794676
Ecuador,ECU,1981,0.4836702,0.6868117,9.044633,6.355427,2.9697351
Ecuador,ECU,1982,0.47336778,0.6569185,9.109915,6.5691857,3.2169688
Ecuador,ECU,1983,0.4630909,0.66569316,9.184637,6.618341,3.463534
Ecuador,ECU,1984,0.45281634,0.5973322,9.162305,6.830783,4.0464435
Ecuador,ECU,1985,0.6641262,0.5967511,9.509518,7.016638,4.7258835
Ecuador,ECU,1986,0.7506663,0.4908203,9.412201,7.112082,5.7262363
Ecuador,ECU,1987,0.7125855,0.45258808,9.485091,6.9043756,5.3732796
Ecuador,ECU,1988,0.68448144,0.4241857,10.247941,6.5363164,5.4565706
Ecuador,ECU,1989,0.71436054,0.44406196,9.556985,6.2844424,5.8114195
Ecuador,ECU,1990,0.73462665,0.4639747,9.550146,6.746966,6.688969
Ecuador,ECU,1991,0.8035252,0.44532725,10.581363,7.134917,7.134917
Ecuador,ECU,1992,0.7950831,0.45571837,10.355473,7.4951124,7.369063
Ecuador,ECU,1993,0.7188844,0.54402065,11.317572,7.2859907,7.247132
Ecuador,ECU,1994,0.7109225,0.57458115,11.218941,7.4013844,9.086173
Ecuador,ECU,1995,0.71271014,0.62484175,12.848308,7.6836004,9.235942
Ecuador,ECU,1996,0.7045189,0.616454,12.994459,8.757561,12.74005
Ecuador,ECU,1997,0.6963012,0.6276518,12.984547,8.934231,14.847889
Ecuador,ECU,1998,0.7077061,0.94360805,13.023757,8.227083,8.915131
Ecuador,ECU,1999,0.71924096,0.7783567,13.202505,8.857501,11.764023
Ecuador,ECU,2000,0.6815055,0.8099051,13.47208,8.958341,15.002997
Ecuador,ECU,2001,0.6731669,0.88105667,14.552284,10.909264,15.809523
Ecuador,ECU,2002,0.7041381,0.88265204,15.461287,11.176954,15.768727
Ecuador,ECU,2003,0.6753062,1.2016479,15.412871,11.649032,15.978937
Ecuador,ECU,2004,0.6660761,0.9245534,15.220337,12.05896,15.429107
Ecuador,ECU,2005,0.66665334,0.7562038,15.124075,11.98981,15.333027
Ecuador,ECU,2006,0.64713264,0.7466915,15.003522,11.857461,21.464891
Ecuador,ECU,2007,0.6273275,0.67711544,16.340387,13.472605,23.639294
Ecuador,ECU,2008,0.66709477,0.66709477,17.075634,15.034524,22.86044
Ecuador,ECU,2009,0.67679125,0.6568856,17.944921,12.470874,21.119867
Ecuador,ECU,2010,0.6499997,0.44999978,17.309992,12.939994,22.79999
Ecuador,ECU,2011,0.6399999,0.42999998,17.549997,13.669999,21.749998
Ecuador,ECU,2012,0.6299998,0.4299999,17.079994,13.6799965,21.299994
Ecuador,ECU,2013,0.61999995,0.43999994,16.539999,14.369998,21.679996
Ecuador,ECU,2014,0.61999977,0.36999986,14.499993,19.039993,21.47999
Ecuador,ECU,2015,0.6100001,0.34000003,13.270001,18.370003,20.950003
Ecuador,ECU,2016,0.60999995,0.33999997,12.909999,15.559999,20.529999
Ecuador,ECU,2017,0.6000002,0.3000001,13.0700035,15.420004,20.310005
Ecuador,ECU,2018,0.5900003,0.29000014,12.620007,16.370008,19.41001
Ecuador,ECU,2019,0.58000004,0.30000004,13.300002,13.960002,18.590002
Ecuador,ECU,2020,0.58000004,0.37000006,13.850002,12.610002,25.880003
Ecuador,ECU,2021,0.5799998,0.40999988,12.989996,12.469996,27.889992
Ecuador,ECU,2022,0.58,0.41,12.18,11.69,29.1
Ecuador,ECU,2023,0.58000004,0.42000002,11.790001,11.940001,31.510002
Egypt,EGY,1961,0.9803607,1.3975354,6.2367625,0.041717473,2.513478
Egypt,EGY,1962,0.9815973,1.2844305,6.1088767,0.041770097,2.4748783
Egypt,EGY,1963,1.01395,1.2230119,6.177778,0.052265465,2.4460237
Egypt,EGY,1964,1.0149307,1.2346579,6.1942163,0.03138961,2.4065366
Egypt,EGY,1965,1.0160731,1.3931725,6.1802387,0.03142494,2.4197204
Egypt,EGY,1966,1.027756,1.6569942,6.439205,0.031461913,2.3176944
Egypt,EGY,1967,1.0497769,1.4276966,6.0047235,0.031493306,2.2990115
Egypt,EGY,1968,0.8507887,1.2604278,6.8063097,0.031510692,2.2582664
Egypt,EGY,1969,0.8822186,1.3968462,6.469603,0.042010408,2.2580597
Egypt,EGY,1970,0.88168,1.3540086,6.287218,0.041984763,2.3616428
Egypt,EGY,1971,0.8283175,1.4364493,6.374899,0.031455092,2.4115572
Egypt,EGY,1972,0.8686101,1.3500085,6.3942266,0.031395547,2.5011787
Egypt,EGY,1973,0.81430876,1.3049821,6.2847934,0.041759424,2.3176482
Egypt,EGY,1974,0.7913116,1.2390275,6.1847253,0.04164798,2.363523
Egypt,EGY,1975,0.7474788,1.183508,6.3743324,0.041526597,2.4293058
Egypt,EGY,1976,0.7663574,1.1081114,6.8454356,0.062137086,2.4337025
Egypt,EGY,1977,0.7334371,1.229282,6.611264,0.0516505,2.6548357
Egypt,EGY,1978,0.7414573,1.0503978,6.8790755,0.051490087,2.6774845
Egypt,EGY,1979,0.7493053,1.0572389,6.476872,0.05132228,2.9972212
Egypt,EGY,1980,0.76675045,1.1756841,7.1256676,0.061340038,3.884869
Egypt,EGY,1981,0.94645417,1.2822927,7.480041,0.061061557,4.772979
Egypt,EGY,1982,1.3365937,1.3264679,7.523402,0.060754254,4.3844323
Egypt,EGY,1983,1.4888453,1.4787856,8.721817,0.05029883,5.3115563
Egypt,EGY,1984,1.6980208,1.5282186,7.711012,0.04994179,6.312642
Egypt,EGY,1985,1.7961588,1.5778412,7.6609645,0.059541173,5.795341
Egypt,EGY,1986,1.5896062,1.6192261,7.859171,0.05923998,5.4500785
Egypt,EGY,1987,1.4060904,1.6322448,7.9645686,0.0589968,6.1061687
Egypt,EGY,1988,1.5267385,1.8007686,7.6826267,0.04893393,4.9912605
Egypt,EGY,1989,1.567312,1.5381075,7.505575,0.077878855,4.614322
Egypt,EGY,1990,1.5146267,1.4085064,7.688901,0.038589217,4.3219924
Egypt,EGY,1991,1.5869676,1.2332458,7.6002364,0.038240183,4.7322226
Egypt,EGY,1992,1.5950264,1.2437408,7.4624453,0.047471024,4.8230557
Egypt,EGY,1993,1.4611206,1.2820156,7.399869,0.047132924,4.9112506
Egypt,EGY,1994,1.5272186,1.3679382,8.919706,0.0468472,5.246886
Egypt,EGY,1995,1.5093405,1.3882205,8.944241,0.046584584,5.7671714
Egypt,EGY,1996,1.520011,1.3531805,8.471281,0.046341795,5.811261
Egypt,EGY,1997,1.4751985,1.3737787,9.238431,0.046099953,7.385213
Egypt,EGY,1998,1.4476401,1.3743418,9.629556,0.11910962,7.1374154
Egypt,EGY,1999,1.5382292,1.1377435,9.547943,0.04550974,7.7184515
Egypt,EGY,2000,1.5927187,1.0497464,10.044988,0.045247693,7.9726434
Egypt,EGY,2001,1.7284415,1.0712737,7.0668054,0.0180046,8.156084
Egypt,EGY,2002,1.6126283,1.0302904,7.7495747,0.017918093,8.107937
Egypt,EGY,2003,1.4893533,0.90966487,8.124556,0.026754849,8.10672
Egypt,EGY,2004,1.465512,0.7194332,9.086175,0.017763782,8.011466
Egypt,EGY,2005,1.4514729,1.0797542,9.903647,0.017700888,7.912297
Egypt,EGY,2006,1.5445421,1.2797635,11.6679125,0.026477862,8.64061
Egypt,EGY,2007,1.3740387,1.5237738,12.498467,0.044039704,9.58304
Egypt,EGY,2008,1.406714,1.7847683,10.453644,0.035167847,8.6952505
Egypt,EGY,2009,1.2810218,1.6670831,11.213327,0.008774121,9.414632
Egypt,EGY,2010,0.97,1.35,11.39,0.01,10.75
Egypt,EGY,2011,1.01,1.34,11.08,0.01,10.14
Egypt,EGY,2012,1,1.34,11.27,0.01,11.02
Egypt,EGY,2013,0.98999995,1.33,11.369999,0.01,12.339999
Egypt,EGY,2014,1.2699999,1.3899999,11.379999,0.009999999,12.5199995
Egypt,EGY,2015,1.3000001,1.4300001,13.420001,0.010000001,12.200001
Egypt,EGY,2016,1.2900001,1.3100001,11.520001,0.010000001,12.270001
Egypt,EGY,2017,1.3000001,0.9100001,10.310001,0.010000001,14.990001
Egypt,EGY,2018,1.25,0.71,11.86,0.01,16.17
Egypt,EGY,2019,1.05,0.51,8.97,0.01,15.46
Egypt,EGY,2020,0.96,0.64,7.78,0.01,19.48
Egypt,EGY,2021,1.1,0.65,7.16,0.01,22.7
Egypt,EGY,2022,1.09,0.69,7.39,0.01,17.9
Egypt,EGY,2023,1.03,0.56,7.08,0.01,18.95
El Salvador,SLV,1961,0,0.029884787,7.003002,4.05437,0.986198
El Salvador,SLV,1962,0,0.030018197,6.784113,3.94239,1.0006067
El Salvador,SLV,1963,0,0.030181484,6.821016,3.8531694,1.01611
El Salvador,SLV,1964,0,0.030319165,6.3872375,3.7292573,1.0308516
El Salvador,SLV,1965,0,0.0304175,6.0632215,3.6501,1.0443342
El Salvador,SLV,1966,0,0.030465255,6.336773,3.5441248,1.0561289
El Salvador,SLV,1967,0,0.030485714,6.0260096,3.434724,1.0974858
El Salvador,SLV,1968,0,0.030484589,5.57868,3.3329818,1.1279298
El Salvador,SLV,1969,0,0.020332795,5.8558455,3.171916,1.1691357
El Salvador,SLV,1970,0,0.020366337,5.427629,3.1058664,1.1914307
El Salvador,SLV,1971,0,0.020417662,5.747572,2.899308,1.1331803
El Salvador,SLV,1972,0,0.020473974,5.548447,3.316784,1.1055946
El Salvador,SLV,1973,0,0.020507492,6.2855463,3.3427212,1.0663896
El Salvador,SLV,1974,0,0.020532673,8.202803,3.326293,1.1190307
El Salvador,SLV,1975,0,0.02054144,6.4602833,3.379067,1.5200666
El Salvador,SLV,1976,0,0.020544795,6.6051517,3.3488016,1.9825727
El Salvador,SLV,1977,0,0.020524222,6.701159,3.3762348,2.8939154
El Salvador,SLV,1978,0,0.020481888,6.687337,3.4307163,3.328307
El Salvador,SLV,1979,0,0.030680371,6.637187,3.5486963,3.5486963
El Salvador,SLV,1980,0,0.020531334,7.185967,3.7777658,2.9154494
El Salvador,SLV,1981,0,0.020714995,5.9244885,2.9518867,3.5008345
El Salvador,SLV,1982,0,0.020789715,5.6755924,2.8793755,3.5446465
El Salvador,SLV,1983,0,0.031049198,5.5060577,2.8565261,3.9018493
El Salvador,SLV,1984,0,0.020583563,6.061859,2.7581975,4.785679
El Salvador,SLV,1985,0,0.020446593,5.3774543,2.8216298,5.040085
El Salvador,SLV,1986,0,0.020305352,5.370766,2.8529022,5.8885527
El Salvador,SLV,1987,0,0.02016321,3.5789697,2.853094,5.7565966
El Salvador,SLV,1988,0,0.02001606,4.143324,2.5520475,6.1849623
El Salvador,SLV,1989,0,0.019886857,5.0810924,1.9190817,7.1493254
El Salvador,SLV,1990,0,0.019793589,4.8989134,2.1970885,6.0073547
El Salvador,SLV,1991,0.009872465,0.01974493,4.44261,2.0238554,6.4763374
El Salvador,SLV,1992,0.009866423,0.019732846,4.291894,2.1804795,7.1531568
El Salvador,SLV,1993,0.009888764,0.019777527,4.9246044,2.1260843,7.7923465
El Salvador,SLV,1994,0.05962054,0.019873513,5.5745206,2.3550112,6.578133
El Salvador,SLV,1995,0.039901875,0.019950937,6.4441533,2.1048238,6.9429264
El Salvador,SLV,1996,0.010002952,0.020005904,6.812011,2.310682,6.982061
El Salvador,SLV,1997,0.010017832,0.020035664,7.733766,2.0636733,7.353089
El Salvador,SLV,1998,0.01002417,0.02004834,6.525735,2.3957767,8.259916
El Salvador,SLV,1999,0.010025519,0.020051038,6.6368937,3.0978854,7.80988
El Salvador,SLV,2000,0.030078929,0.02005262,7.930811,2.586788,10.517599
El Salvador,SLV,2001,0.050141938,0.020056775,7.701802,2.0457911,13.237472
El Salvador,SLV,2002,0.09032129,0.020071395,9.162592,2.2178893,14.160369
El Salvador,SLV,2003,0,0.020101367,7.6988235,2.291556,13.498068
El Salvador,SLV,2004,0,0.020150973,7.3047276,2.4281924,15.747985
El Salvador,SLV,2005,0,0.020224513,7.6549788,3.033677,16.897581
El Salvador,SLV,2006,0,0.020315474,8.948967,3.7583628,17.47131
El Salvador,SLV,2007,0,0.02037665,9.149116,2.944426,18.430681
El Salvador,SLV,2008,0,0.020407004,9.142339,3.020237,16.499063
El Salvador,SLV,2009,0.020445468,0.020445468,8.811996,3.0463748,16.89818
El Salvador,SLV,2010,0,0.01999999,9.909995,2.6199987,17.81999
El Salvador,SLV,2011,0,0.020000005,8.050003,2.4500008,18.720005
El Salvador,SLV,2012,0,0.020000009,7.9500036,2.6500013,19.61001
El Salvador,SLV,2013,0,0.019999983,6.4699945,2.9899974,20.429983
El Salvador,SLV,2014,0,0.019999994,6.489998,3.339999,23.929993
El Salvador,SLV,2015,0,0.020000016,6.520005,3.5200028,23.84002
El Salvador,SLV,2016,0,0.019999973,6.729991,3.9799948,24.069967
El Salvador,SLV,2017,0,0.019999973,7.41999,4.159994,24.159967
El Salvador,SLV,2018,0,0.020000022,8.13001,4.8000054,25.94003
El Salvador,SLV,2019,0,0.020000013,10.570006,4.9900026,25.570015
El Salvador,SLV,2020,0,0.01999997,10.509985,5.2499924,24.369965
El Salvador,SLV,2021,0,0.02,10.66,6.15,28.029999
El Salvador,SLV,2022,0,0.020000013,9.700006,5.700003,28.310017
El Salvador,SLV,2023,0,0.019999972,10.169986,5.5599923,29.899958
Estonia,EST,1992,0.4845236,1.1569237,24.60193,27.657396,6.536124
Estonia,EST,1993,0.7730811,0.8424603,25.729725,19.79286,3.7662928
Estonia,EST,1994,0.7815867,0.8805217,20.627953,23.645472,6.4604573
Estonia,EST,1995,0.32550833,0.54251385,16.600924,23.988976,7.2696853
Estonia,EST,1996,0.6598869,0.3545661,18.013927,25.824228,11.828718
Estonia,EST,1997,0.5896613,0.32431373,14.230493,21.542294,16.402412
Estonia,EST,1998,0.39285547,0.304463,16.06779,23.188295,20.556164
Estonia,EST,1999,0.098035164,0.3137125,14.617043,29.537994,13.303371
Estonia,EST,2000,0.0880028,0.2542303,13.180863,27.163532,17.307219
Estonia,EST,2001,0.087978885,0.22483493,12.062882,27.94796,19.335804
Estonia,EST,2002,0.07817677,0.23453029,13.065291,28.53452,21.039322
Estonia,EST,2003,0.078141354,0.29303008,10.334194,28.658342,20.668388
Estonia,EST,2004,0.07819872,0.26392072,12.111029,30.292233,15.326951
Estonia,EST,2005,4.8018336,0.29339108,12.381103,28.077524,15.960473
Estonia,EST,2006,0.5386132,0.4700624,13.504501,34.089317,15.991915
Estonia,EST,2007,0.5484263,0.5288396,13.798796,37.028564,17.324394
Estonia,EST,2008,0.16630293,0.7141244,13.9009695,33.681236,17.872675
Estonia,EST,2009,0.14645629,0.64440763,12.614767,33.909508,19.556795
Estonia,EST,2010,0.3,0.54,12.21,37.58,20.48
Estonia,EST,2011,0.32999852,0.4799978,13.119941,35.869835,18.749914
Estonia,EST,2012,0.30000114,0.43000162,10.400039,28.86011,19.610075
Estonia,EST,2013,0.16,0.43,7,28.980001,20.62
Estonia,EST,2014,0.10999941,0.44999757,6.359966,33.12982,19.839893
Estonia,EST,2015,0.16,0.44999996,6.51,36.89,20.66
Estonia,EST,2016,0.13,0.46,7.48,38.3,21.1
Estonia,EST,2017,0.12999901,0.45999652,7.459944,34.44974,21.029842
Estonia,EST,2018,0.15999854,0.4699957,8.64992,37.019665,22.129797
Estonia,EST,2019,0.12999979,0.3799994,7.9299874,37.389942,21.749966
Estonia,EST,2020,0.10999959,0.40999848,8.469969,37.69986,21.059921
Estonia,EST,2021,0.42,0.37,9.77,39.74,21.5
Estonia,EST,2022,0.38999912,0.38999912,8.6899805,37.549915,21.289953
Estonia,EST,2023,0.22000079,0.35000128,7.810028,35.54013,20.810076
Eswatini,SWZ,1961,0,4.844069,27.422699,1.2768885,0.82085687
Eswatini,SWZ,1962,0,4.982954,30.343353,1.1039472,0.8304923
Eswatini,SWZ,1963,0,4.622304,29.685911,0.95075834,0.83949935
Eswatini,SWZ,1964,0,4.7538686,29.575132,0.9912323,0.8496276
Eswatini,SWZ,1965,0,4.633236,28.839115,0.70659363,0.8479124
Eswatini,SWZ,1966,0,4.4245725,28.588772,0.8145236,0.85474694
Eswatini,SWZ,1967,0,4.6219964,29.339632,1.0650687,0.85406464
Eswatini,SWZ,1968,0,4.248653,30.535936,1.0772653,0.8557714
Eswatini,SWZ,1969,0,5.2295966,24.754772,1.1004364,0.8581385
Eswatini,SWZ,1970,0,5.3068404,24.088001,1.0411515,0.85920274
Eswatini,SWZ,1971,0,5.3577952,21.704641,0.9925595,0.901406
Eswatini,SWZ,1972,0,5.026117,24.755653,1.2362627,0.8613305
Eswatini,SWZ,1973,0,5.0322204,21.287819,1.3012611,0.9251153
Eswatini,SWZ,1974,0,5.1116014,22.93093,1.313539,1.0182474
Eswatini,SWZ,1975,0,5.4279017,23.952017,1.4257152,1.07947
Eswatini,SWZ,1976,0,4.919163,24.555079,1.436029,1.1508602
Eswatini,SWZ,1977,0,4.7940884,22.138306,1.5064226,1.10946
Eswatini,SWZ,1978,0,4.831264,23.32229,1.1595033,1.118819
Eswatini,SWZ,1979,0,4.712773,23.726023,1.2972792,1.1655244
Eswatini,SWZ,1980,0,4.770178,26.033852,1.0106308,1.0712687
Eswatini,SWZ,1981,0,4.7520165,28.884611,1.2182077,1.2987503
Eswatini,SWZ,1982,0,4.830159,26.064821,1.0221498,1.2526346
Eswatini,SWZ,1983,0,4.9128475,27.719643,0.98856074,1.2182264
Eswatini,SWZ,1984,0,4.3049984,22.054379,1.0987235,1.1786307
Eswatini,SWZ,1985,0,3.7236407,21.692953,0.9184315,1.1480393
Eswatini,SWZ,1986,0,4.111477,19.867136,1.0203664,1.1103989
Eswatini,SWZ,1987,0,4.097029,22.53366,1.114633,1.074466
Eswatini,SWZ,1988,0,3.3750308,20.510572,1.121672,1.2218213
Eswatini,SWZ,1989,0,3.474129,20.48641,0.9556343,1.3737243
Eswatini,SWZ,1990,0,2.5026362,18.388937,1.0584272,1.325507
Eswatini,SWZ,1991,0,2.597928,19.201227,0.87899816,1.2891974
Eswatini,SWZ,1992,0,3.1087122,20.683043,0.8084577,1.2511845
Eswatini,SWZ,1993,0,3.107872,20.925703,0.63873446,1.1630687
Eswatini,SWZ,1994,0,3.1589103,19.293652,0.63178205,1.0983288
Eswatini,SWZ,1995,0,3.2250867,19.916151,0.45647383,1.1908014
Eswatini,SWZ,1996,0,3.2141836,18.578579,0.33833513,1.194124
Eswatini,SWZ,1997,2.68094,2.7709713,15.935587,2.450859,5.7820272
Eswatini,SWZ,1998,1.5541108,2.7045567,16.29798,3.400879,4.9348063
Eswatini,SWZ,1999,1.9927337,2.5519192,14.609991,1.6470554,6.4458838
Eswatini,SWZ,2000,1.144275,3.0854557,15.478362,1.7164124,3.9130118
Eswatini,SWZ,2001,0.7159398,3.2830956,15.259746,1.9637206,6.2695875
Eswatini,SWZ,2002,0.6025545,2.5736227,24.857927,1.0110661,5.9234176
Eswatini,SWZ,2003,0.09179662,1.9583278,21.6436,0.9587647,12.20895
Eswatini,SWZ,2004,0.1938649,1.9488524,30.73269,5.438421,10.040161
Eswatini,SWZ,2005,0.3481857,1.9150212,20.379103,2.9595783,9.001624
Eswatini,SWZ,2006,0.29897404,1.8866293,18.979696,2.5979812,5.4949365
Eswatini,SWZ,2007,0.31218112,2.1332376,17.742292,1.8002445,5.8065686
Eswatini,SWZ,2008,0.31527242,2.080798,16.46773,1.3977077,5.3070855
Eswatini,SWZ,2009,0.30806455,2.0608456,16.550503,1.3916019,5.268966
Eswatini,SWZ,2010,0.2299998,2.1399982,16.889984,1.6799985,6.109995
Eswatini,SWZ,2011,0.23999676,2.1199713,15.099797,1.6899773,6.179917
Eswatini,SWZ,2012,0.23999785,1.9599825,15.299864,1.8199838,6.389943
Eswatini,SWZ,2013,0.22999796,2.009982,16.829851,2.6199768,6.7099404
Eswatini,SWZ,2014,0.25999886,2.1199906,18.35992,2.5499887,7.5299673
Eswatini,SWZ,2015,0.23999749,2.129978,17.06982,2.1399777,6.68993
Eswatini,SWZ,2016,0.2499987,1.9999896,16.899912,1.8999901,6.759965
Eswatini,SWZ,2017,0.25999817,1.9799862,17.539879,2.4599829,6.649954
Eswatini,SWZ,2018,0.28999925,2.019995,17.809954,2.319994,6.4499836
Eswatini,SWZ,2019,0.23999694,1.8099769,16.579788,2.2999706,6.8399134
Eswatini,SWZ,2020,0.51999825,1.8499938,16.579945,1.9599935,6.9199767
Eswatini,SWZ,2021,0.5099966,1.8499877,15.429897,1.8499877,6.7699547
Eswatini,SWZ,2022,0.2799998,2.549998,13.30999,2.1199982,4.4199967
Eswatini,SWZ,2023,0.040000096,2.5300062,13.190032,2.070005,4.550011
Ethiopia,ETH,1993,1.0332054,1.1325521,4.4407964,0.019869335,0.67555743
Ethiopia,ETH,1994,1.0124522,1.0918603,4.2781067,0.019852003,0.6451901
Ethiopia,ETH,1995,1.000989,1.0505428,4.083242,0.019821562,0.6243792
Ethiopia,ETH,1996,1.0285863,1.0186961,4.490175,0.019780505,0.60330546
Ethiopia,ETH,1997,1.0261025,0.9669044,4.4004016,0.019732742,0.5919823
Ethiopia,ETH,1998,1.0135897,0.9742271,4.3200574,0.019681355,0.58059996
Ethiopia,ETH,1999,1.0402905,0.94214994,4.435956,0.019628124,0.5692156
Ethiopia,ETH,2000,0.9892117,0.89127,4.358408,0.01958835,0.55826795
Ethiopia,ETH,2001,1.0757678,0.9486316,4.3715286,0.019559413,0.7139186
Ethiopia,ETH,2002,1.1522026,1.1033806,4.9212723,0.019528858,0.75186104
Ethiopia,ETH,2003,1.1798017,1.1505504,4.5827007,0.019500853,0.68252987
Ethiopia,ETH,2004,1.1682763,1.3337821,4.4199786,0.019471271,0.6230807
Ethiopia,ETH,2005,1.1565862,1.3995664,4.4708366,0.019438421,0.5442758
Ethiopia,ETH,2006,1.1350248,1.5909749,4.627409,0.019402133,0.5626619
Ethiopia,ETH,2007,1.1905968,1.7423369,4.365522,0.019359298,0.55174
Ethiopia,ETH,2008,1.3038762,1.612943,4.442837,0.019316683,0.56984216
Ethiopia,ETH,2009,1.2724595,1.6387737,4.029455,0.019279689,0.5687508
Ethiopia,ETH,2010,1.2799999,1.5799999,4.6399994,0.019999998,0.6399999
Ethiopia,ETH,2011,1.2099999,1.4199998,3.9799998,0.019999998,0.53999996
Ethiopia,ETH,2012,1.07,1.33,3.2,0.02,0.57
Ethiopia,ETH,2013,1.03,1.43,3.43,0.02,0.62
Ethiopia,ETH,2014,1.05,1.4599999,3.5199997,0.029999997,0.66999996
Ethiopia,ETH,2015,1.0399998,1.4499999,3.5099998,0.019999998,0.65999997
Ethiopia,ETH,2016,1.0999999,1.5799999,3.6599998,0.019999998,0.66999996
Ethiopia,ETH,2017,1.01,1.4799999,3.3199997,0.019999998,0.61999995
Ethiopia,ETH,2018,1.0199999,1.4799999,3.2599998,0.019999998,0.61999995
Ethiopia,ETH,2019,1.01,2.06,3.3,0.02,0.48
Ethiopia,ETH,2020,0.99,2.1,3.5,0.02,0.54
Ethiopia,ETH,2021,1.03,1.8000001,3.3300002,0.020000001,0.40000004
Ethiopia,ETH,2022,1.01,1.6,3.32,0.02,0.45
Ethiopia,ETH,2023,0.98999995,2.0499997,3.3499997,0.019999998,0.49999997
Ethiopia (former),OWID_ERE,1961,2.4890177,5.196537,8.208059,0.028500205,1.6340117
Ethiopia (former),OWID_ERE,1962,2.4938865,5.4273086,8.131408,0.019110242,1.6434808
Ethiopia (former),OWID_ERE,1963,2.5086803,5.0750318,7.900902,0.019223604,1.5859474
Ethiopia (former),OWID_ERE,1964,2.51387,5.114759,7.6963105,0.019337462,1.5953407
Ethiopia (former),OWID_ERE,1965,2.518758,5.0277915,7.6924233,0.01944987,1.6046143
Ethiopia (former),OWID_ERE,1966,2.5139062,4.969122,7.864516,0.019563472,1.6042048
Ethiopia (former),OWID_ERE,1967,2.5187733,4.8309283,7.8711667,0.019677917,1.6135892
Ethiopia (former),OWID_ERE,1968,2.5128167,4.679379,7.9836335,0.019785957,1.6323415
Ethiopia (former),OWID_ERE,1969,2.5168378,4.526329,8.117548,0.01989595,1.6613119
Ethiopia (former),OWID_ERE,1970,2.513797,4.4066563,8.302541,0.020030254,1.7025717
Ethiopia (former),OWID_ERE,1971,2.5029004,4.188321,6.1159577,0.020184679,1.7257901
Ethiopia (former),OWID_ERE,1972,2.501742,4.098382,5.695022,0.020339364,1.7186763
Ethiopia (former),OWID_ERE,1973,2.5478086,4.02124,5.6890826,0.020464327,1.6473783
Ethiopia (former),OWID_ERE,1974,2.5967853,3.397375,6.0044246,0.020527946,1.5909158
Ethiopia (former),OWID_ERE,1975,2.6663346,3.5072556,5.4147105,0.020510266,1.5587802
Ethiopia (former),OWID_ERE,1976,2.5577593,3.6073577,5.5537004,0.020380551,1.548922
Ethiopia (former),OWID_ERE,1977,2.6197321,3.5300639,5.553023,0.020229591,1.6588266
Ethiopia (former),OWID_ERE,1978,2.6452448,3.4933386,5.603477,0.020192709,1.7567657
Ethiopia (former),OWID_ERE,1979,2.67795,3.5807436,5.528343,0.020287499,1.7548686
Ethiopia (former),OWID_ERE,1980,2.71841,3.6519015,5.4573364,0.0205163,1.7541437
Ethiopia (former),OWID_ERE,1981,2.7172432,3.5990653,5.352456,0.020507494,1.7226295
Ethiopia (former),OWID_ERE,1982,2.7037427,3.608417,5.242999,0.02056078,1.6962644
Ethiopia (former),OWID_ERE,1983,2.695725,3.5529864,5.164224,0.030985344,1.6628802
Ethiopia (former),OWID_ERE,1984,2.6952095,3.4473612,4.586035,0.020893099,1.6401082
Ethiopia (former),OWID_ERE,1985,2.7114692,3.4238944,4.9550767,0.021266423,1.6375146
Ethiopia (former),OWID_ERE,1986,2.705129,3.2847993,6.9560456,0.021469276,1.6209304
Ethiopia (former),OWID_ERE,1987,2.675005,3.1691828,4.4475985,0.021485984,1.5792199
Ethiopia (former),OWID_ERE,1988,2.6442215,3.0724356,4.2928457,0.021410702,1.584392
Ethiopia (former),OWID_ERE,1989,2.6088452,3.0241308,4.7917566,0.021296695,1.5227138
Ethiopia (former),OWID_ERE,1990,2.5567102,2.8961902,4.7951574,0.02121751,1.4852257
Ethiopia (former),OWID_ERE,1991,2.4909503,2.7735372,4.5737195,0.020932356,1.4338664
Ethiopia (former),OWID_ERE,1992,2.40894,2.6789074,4.3817787,0.020766724,1.3809873
Europe,OWID_EUR,1961,1.8722454,3.608881,15.567293,21.58917,4.579235
Europe,OWID_EUR,1962,1.7825972,3.6974955,16.82519,22.031576,4.844973
Europe,OWID_EUR,1963,1.7321633,3.6641607,17.561941,22.194159,5.0072026
Europe,OWID_EUR,1964,1.7497773,3.5794032,17.059439,20.66053,5.097947
Europe,OWID_EUR,1965,1.6726462,3.5116825,17.463463,23.572926,5.469766
Europe,OWID_EUR,1966,1.6573682,3.421874,18.56028,23.773394,5.6282163
Europe,OWID_EUR,1967,1.6978215,3.5718184,19.757887,23.945753,5.8817787
Europe,OWID_EUR,1968,1.7884762,3.5303752,20.644249,24.271307,6.1208696
Europe,OWID_EUR,1969,1.9060822,3.3986278,21.042461,23.69354,6.5857587
Europe,OWID_EUR,1970,1.9531024,3.4618475,21.251925,24.405668,7.4388156
Europe,OWID_EUR,1971,1.9486037,3.4930956,21.298756,26.464342,7.8137064
Europe,OWID_EUR,1972,2.0395677,3.3327973,20.917948,28.126848,8.33794
Europe,OWID_EUR,1973,2.0432844,3.2863045,21.240978,28.729116,8.877268
Europe,OWID_EUR,1974,2.0402012,3.214137,22.811436,28.710382,9.141937
Europe,OWID_EUR,1975,2.1068397,3.2542422,23.00833,29.931662,9.383115
Europe,OWID_EUR,1976,2.1191468,3.0919213,23.36622,29.311455,9.626074
Europe,OWID_EUR,1977,2.1095364,3.0385146,23.809017,28.752039,10.321132
Europe,OWID_EUR,1978,2.1235392,3.0672708,23.501451,30.696886,10.855708
Europe,OWID_EUR,1979,2.231227,3.0958805,23.619692,31.605698,11.381143
Europe,OWID_EUR,1980,2.0636034,3.2458854,23.337755,32.081028,11.678865
Europe,OWID_EUR,1981,2.01716,3.188564,22.721113,31.562294,12.16631
Europe,OWID_EUR,1982,1.8821524,3.188959,22.320023,31.432571,12.3222275
Europe,OWID_EUR,1983,1.931565,3.2010987,22.967182,32.486732,12.253739
Europe,OWID_EUR,1984,1.9174017,3.1654196,23.32628,32.758163,12.344486
Europe,OWID_EUR,1985,1.9550488,3.189887,23.25867,33.01396,12.746673
Europe,OWID_EUR,1986,1.7226933,3.293737,23.98548,32.7159,13.230082
Europe,OWID_EUR,1987,1.7683808,3.324438,24.511852,33.900467,13.775064
Europe,OWID_EUR,1988,1.7677343,3.38413,24.471605,35.067688,14.007541
Europe,OWID_EUR,1989,1.7252443,3.457047,24.717474,34.882084,13.937038
Europe,OWID_EUR,1990,1.6500143,3.5506282,25.311695,34.408096,14.568632
Europe,OWID_EUR,1991,1.6787077,3.393049,24.486378,32.67883,14.042566
Europe,OWID_EUR,1992,1.7271727,2.845669,22.529932,34.196434,14.351327
Europe,OWID_EUR,1993,1.7340677,2.8312323,21.04123,34.169636,13.992005
Europe,OWID_EUR,1994,1.7180473,2.720036,20.111212,32.73693,14.564818
Europe,OWID_EUR,1995,1.8373085,2.6521564,18.819843,32.789497,14.827439
Europe,OWID_EUR,1996,1.8829898,2.5920343,18.223434,33.314964,15.130465
Europe,OWID_EUR,1997,1.8588688,2.4710207,17.934578,31.778204,15.579081
Europe,OWID_EUR,1998,1.9744476,2.4634416,17.508154,33.97226,15.99964
Europe,OWID_EUR,1999,1.9103024,2.4009697,16.599201,33.8816,15.020675
Europe,OWID_EUR,2000,2.1061566,2.3721478,16.290144,33.14499,15.953178
Europe,OWID_EUR,2001,2.47056,2.1460147,15.741929,32.77044,17.878254
Europe,OWID_EUR,2002,2.0786836,2.1695018,16.515387,33.34741,18.594975
Europe,OWID_EUR,2003,1.9667047,2.1202562,16.68529,34.010616,18.252535
Europe,OWID_EUR,2004,1.5989181,2.184459,16.724094,32.800716,19.033297
Europe,OWID_EUR,2005,1.6168058,2.1769488,16.724392,33.077118,19.329748
Europe,OWID_EUR,2006,1.9226816,2.1712391,16.802681,33.341267,19.331085
Europe,OWID_EUR,2007,2.0531628,2.1788962,16.76441,34.459496,20.355991
Europe,OWID_EUR,2008,2.163262,2.1024585,16.597631,34.515438,21.370153
Europe,OWID_EUR,2009,2.3054905,2.0346498,16.186745,33.989674,21.788748
Europe,OWID_EUR,2010,2.2413983,1.9930348,16.029741,35.12949,21.80933
Europe,OWID_EUR,2011,2.287836,1.9837439,15.444306,35.012386,22.055784
Europe,OWID_EUR,2012,2.357117,1.8945303,15.471531,35.005516,23.423828
Europe,OWID_EUR,2013,2.4357595,1.8885936,15.109638,34.756084,23.480505
Europe,OWID_EUR,2014,2.1462617,1.8918023,14.760277,33.806824,23.571783
Europe,OWID_EUR,2015,2.0789266,1.8450232,14.262149,34.57904,24.182745
Europe,OWID_EUR,2016,2.0050983,1.8036604,14.150747,34.32056,24.790054
Europe,OWID_EUR,2017,1.8503572,1.7497973,13.933682,34.708595,25.10767
Europe,OWID_EUR,2018,1.8290515,1.7568512,14.265325,35.289673,25.4117
Europe,OWID_EUR,2019,1.4349537,1.6796383,14.145226,34.892883,25.40729
Europe,OWID_EUR,2020,1.42091,1.6450915,14.121837,34.21751,25.608168
Europe,OWID_EUR,2021,1.4613845,1.614567,13.860543,34.95636,25.201797
Europe,OWID_EUR,2022,1.5144572,1.6596674,13.673091,34.556576,26.254221
Europe,OWID_EUR,2023,1.5276108,1.5889574,13.448068,34.826897,27.242353
Europe (FAO),,1961,1.91,3.55,15.67,21.63,4.61
Europe (FAO),,1962,1.82,3.64,16.91,22.07,4.88
Europe (FAO),,1963,1.77,3.6,17.65,22.2,5.04
Europe (FAO),,1964,1.79,3.52,17.12,20.68,5.12
Europe (FAO),,1965,1.71,3.45,17.5,23.58,5.48
Europe (FAO),,1966,1.69,3.36,18.59,23.79,5.64
Europe (FAO),,1967,1.73,3.51,19.78,23.98,5.88
Europe (FAO),,1968,1.82,3.47,20.66,24.33,6.13
Europe (FAO),,1969,1.94,3.35,21.08,23.76,6.6
Europe (FAO),,1970,1.99,3.41,21.29,24.49,7.44
Europe (FAO),,1971,1.98,3.44,21.34,26.5,7.81
Europe (FAO),,1972,2.07,3.28,20.97,28.17,8.33
Europe (FAO),,1973,2.07,3.24,21.29,28.79,8.87
Europe (FAO),,1974,2.07,3.17,22.88,28.77,9.14
Europe (FAO),,1975,2.13,3.21,23.05,29.95,9.38
Europe (FAO),,1976,2.15,3.06,23.39,29.34,9.62
Europe (FAO),,1977,2.14,3.01,23.82,28.81,10.32
Europe (FAO),,1978,2.15,3.04,23.54,30.78,10.85
Europe (FAO),,1979,2.26,3.07,23.67,31.7,11.38
Europe (FAO),,1980,2.09,3.22,23.39,32.2,11.69
Europe (FAO),,1981,2.04,3.16,22.77,31.68,12.18
Europe (FAO),,1982,1.9,3.16,22.37,31.58,12.35
Europe (FAO),,1983,1.95,3.17,23.01,32.64,12.28
Europe (FAO),,1984,1.93,3.13,23.37,32.93,12.36
Europe (FAO),,1985,1.97,3.16,23.3,33.21,12.74
Europe (FAO),,1986,1.74,3.26,24,32.89,13.26
Europe (FAO),,1987,1.79,3.29,24.51,34.07,13.8
Europe (FAO),,1988,1.81,3.35,24.44,35.24,14.03
Europe (FAO),,1989,1.77,3.43,24.68,35.06,13.96
Europe (FAO),,1990,1.71,3.53,25.27,34.59,14.6
Europe (FAO),,1991,1.73,3.37,24.51,32.95,14.09
Europe (FAO),,1992,1.78,2.83,22.51,34.47,14.39
Europe (FAO),,1993,1.77,2.81,21.04,34.42,14.02
Europe (FAO),,1994,1.76,2.7,20.13,32.84,14.62
Europe (FAO),,1995,1.87,2.63,18.86,32.85,14.9
Europe (FAO),,1996,1.91,2.57,18.28,33.34,15.19
Europe (FAO),,1997,1.89,2.45,17.98,31.77,15.59
Europe (FAO),,1998,2.01,2.44,17.53,33.91,16
Europe (FAO),,1999,1.94,2.38,16.64,33.89,15.04
Europe (FAO),,2000,2.1,2.36,16.28,33.08,15.91
Europe (FAO),,2001,2.47,2.13,15.73,32.7,17.82
Europe (FAO),,2002,2.08,2.15,16.5,33.29,18.55
Europe (FAO),,2003,1.96,2.11,16.69,33.97,18.22
Europe (FAO),,2004,1.6,2.17,16.72,32.75,19
Europe (FAO),,2005,1.61,2.17,16.71,33.01,19.28
Europe (FAO),,2006,1.91,2.15,16.73,33.16,19.23
Europe (FAO),,2007,2.04,2.16,16.69,34.26,20.23
Europe (FAO),,2008,2.15,2.08,16.52,34.32,21.25
Europe (FAO),,2009,2.29,2.02,16.11,33.79,21.66
Europe (FAO),,2010,2.25,1.99,16.05,35.15,21.81
Europe (FAO),,2011,2.29,1.98,15.47,35.03,22.06
Europe (FAO),,2012,2.36,1.89,15.5,35.02,23.44
Europe (FAO),,2013,2.44,1.89,15.13,34.77,23.5
Europe (FAO),,2014,2.15,1.89,14.78,33.83,23.59
Europe (FAO),,2015,2.08,1.84,14.29,34.6,24.2
Europe (FAO),,2016,2.01,1.8,14.17,34.34,24.81
Europe (FAO),,2017,1.85,1.75,13.95,34.73,25.13
Europe (FAO),,2018,1.83,1.75,14.29,35.31,25.43
Europe (FAO),,2019,1.44,1.67,14.17,34.91,25.42
Europe (FAO),,2020,1.42,1.64,14.14,34.24,25.63
Europe (FAO),,2021,1.46,1.61,13.88,34.98,25.22
Europe (FAO),,2022,1.52,1.66,13.69,34.58,26.27
Europe (FAO),,2023,1.53,1.59,13.47,34.85,27.25
European Union (27),OWID_EU27,1961,2.2658834,1.6715534,15.146131,21.897348,4.7082086
European Union (27),OWID_EU27,1962,2.2588177,1.7196759,16.081293,22.049034,5.1869144
European Union (27),OWID_EU27,1963,2.288876,1.6561786,16.75718,21.828062,5.57332
European Union (27),OWID_EU27,1964,2.3277457,1.7225318,16.331463,22.793283,6.1452484
European Union (27),OWID_EU27,1965,2.328671,1.7791046,16.039885,24.041199,6.5295935
European Union (27),OWID_EU27,1966,2.375631,1.8259753,17.197704,24.063745,6.5679216
European Union (27),OWID_EU27,1967,2.432252,1.8544757,17.911066,24.96553,6.830807
European Union (27),OWID_EU27,1968,2.4696727,1.8266258,18.406052,26.085335,6.9523616
European Union (27),OWID_EU27,1969,2.5709248,1.9095637,18.81619,25.737192,7.600995
European Union (27),OWID_EU27,1970,2.656343,2.0132284,19.498491,26.693916,8.379131
European Union (27),OWID_EU27,1971,2.704134,2.0793858,19.245974,28.505302,8.662553
European Union (27),OWID_EU27,1972,2.7765446,2.0591152,18.532036,30.19725,9.42907
European Union (27),OWID_EU27,1973,2.793781,2.0953357,19.02565,30.536028,10.234551
European Union (27),OWID_EU27,1974,2.8121164,2.0392501,19.405466,32.11586,10.36386
European Union (27),OWID_EU27,1975,2.8789818,2.0218093,19.379555,33.112953,10.723975
European Union (27),OWID_EU27,1976,3.0390701,2.0975177,20.471773,32.478897,11.261339
European Union (27),OWID_EU27,1977,3.0483658,2.0974994,20.238539,33.131172,11.67142
European Union (27),OWID_EU27,1978,3.0946624,2.0693226,20.161913,35.131874,12.229509
European Union (27),OWID_EU27,1979,3.1770124,2.105586,20.124186,36.614834,12.549665
European Union (27),OWID_EU27,1980,3.0423703,2.2236285,20.505762,37.476048,12.81145
European Union (27),OWID_EU27,1981,2.9458885,2.2303257,19.55252,37.19997,13.270437
European Union (27),OWID_EU27,1982,2.750049,2.2855139,19.166727,37.088497,13.146349
European Union (27),OWID_EU27,1983,2.8063145,2.3509853,19.356134,37.64364,12.804971
European Union (27),OWID_EU27,1984,2.7981536,2.3984175,19.326784,37.993534,12.940299
European Union (27),OWID_EU27,1985,2.836292,2.427122,19.435575,38.294594,13.1771345
European Union (27),OWID_EU27,1986,2.3994408,2.4738421,19.614033,39.051365,13.392227
European Union (27),OWID_EU27,1987,2.4831076,2.5389078,19.90206,39.99012,14.043043
European Union (27),OWID_EU27,1988,2.547498,2.5196059,19.468836,41.057487,14.1507015
European Union (27),OWID_EU27,1989,2.4715476,2.6295035,19.437885,40.771244,14.225336
European Union (27),OWID_EU27,1990,2.4518826,2.78623,20.125868,40.409622,14.971344
European Union (27),OWID_EU27,1991,2.4983513,2.7584028,20.228287,39.843597,14.925095
European Union (27),OWID_EU27,1992,2.5724635,2.745888,19.712585,40.908913,15.521494
European Union (27),OWID_EU27,1993,2.6615849,2.6916027,19.511618,43.686012,15.639312
European Union (27),OWID_EU27,1994,2.6317062,2.6216996,18.562033,42.21737,16.410639
European Union (27),OWID_EU27,1995,2.7430918,2.612945,18.1004,42.127483,16.648764
European Union (27),OWID_EU27,1996,2.8547063,2.594277,17.959608,42.90073,17.418716
European Union (27),OWID_EU27,1997,2.82364,2.5332658,17.32233,41.703766,17.572655
European Union (27),OWID_EU27,1998,2.8853865,2.554769,17.432543,44.61328,18.504543
European Union (27),OWID_EU27,1999,2.8870578,2.5361998,16.981514,44.418587,17.943865
European Union (27),OWID_EU27,2000,3.147979,2.4963274,17.083302,43.770943,18.406654
European Union (27),OWID_EU27,2001,3.6912456,2.2969978,16.119108,43.271828,19.629803
European Union (27),OWID_EU27,2002,2.9503233,2.2779706,16.52783,43.562424,20.170578
European Union (27),OWID_EU27,2003,2.8309486,2.2286193,16.49379,43.99013,19.30466
European Union (27),OWID_EU27,2004,2.1793873,2.2597334,16.531204,42.472946,19.90574
European Union (27),OWID_EU27,2005,2.120157,2.2206385,16.418657,42.98593,19.814928
European Union (27),OWID_EU27,2006,2.5650935,2.1526668,16.617783,43.143867,18.669857
European Union (27),OWID_EU27,2007,2.7575593,2.113458,16.525229,43.819027,19.594772
European Union (27),OWID_EU27,2008,2.6862726,1.9820064,15.986843,43.211765,20.584694
European Union (27),OWID_EU27,2009,2.8381772,1.9223115,16.09307,42.61292,20.944138
European Union (27),OWID_EU27,2010,2.5999997,1.9499999,15.849999,43.629997,20.919998
European Union (27),OWID_EU27,2011,2.55,1.93,15.35,42.87,21.04
European Union (27),OWID_EU27,2012,2.5999997,1.8299999,15.139999,41.949997,21.809998
European Union (27),OWID_EU27,2013,2.6599998,1.7799999,14.679999,41.309998,21.739998
European Union (27),OWID_EU27,2014,2.1399999,1.7799999,14.239999,40.659996,21.589998
European Union (27),OWID_EU27,2015,1.9,1.65,14.07,41.96,22.03
European Union (27),OWID_EU27,2016,1.94,1.6,14.19,40.9,22.64
European Union (27),OWID_EU27,2017,1.7199999,1.5599998,13.949999,41.289997,22.499998
European Union (27),OWID_EU27,2018,1.64,1.56,14.43,42.31,22.85
European Union (27),OWID_EU27,2019,1.03,1.46,14.43,41.22,22.61
European Union (27),OWID_EU27,2020,0.94,1.41,14.07,39.74,23.21
European Union (27),OWID_EU27,2021,0.95,1.35,14.1,40.79,22.52
European Union (27),OWID_EU27,2022,0.96999997,1.4299998,13.949999,39.569996,23.029999
European Union (27),OWID_EU27,2023,0.96999997,1.3399999,13.409999,39.349995,23.479998
Fiji,FJI,1961,0.71178055,2.866623,6.9812994,1.5990685,0.4777705
Fiji,FJI,1962,0.52927655,2.8718152,6.890396,1.6368365,0.44106373
Fiji,FJI,1963,0.5789938,3.326761,7.497479,1.7860488,0.4514189
Fiji,FJI,1964,0.59890956,3.5640028,7.8447328,2.0029106,0.53018224
Fiji,FJI,1965,0.72656024,3.3873415,7.079053,2.1207705,0.62837636
Fiji,FJI,1966,0.43050978,3.0624902,7.4165096,2.0938432,0.66533333
Fiji,FJI,1967,0.45974892,3.1791148,7.9233327,2.2889626,0.86080647
Fiji,FJI,1968,0.15654656,3.5712185,9.011211,2.2797093,0.99798435
Fiji,FJI,1969,0.2643984,3.7015774,10.027554,2.3795855,1.0967636
Fiji,FJI,1970,0.3530887,3.8447435,9.494163,2.657973,1.4319708
Fiji,FJI,1971,0.45223716,3.5785725,10.263817,2.8608916,2.0547297
Fiji,FJI,1972,0.798953,4.685218,8.640529,3.1662211,2.6927674
Fiji,FJI,1973,0.5448544,3.932858,8.529448,3.2691262,3.2295005
Fiji,FJI,1974,0.72678673,4.1118207,8.72144,3.355166,3.1958704
Fiji,FJI,1975,0.66123885,7.0732517,9.878507,3.3863444,3.045706
Fiji,FJI,1976,0.6928941,6.3866763,11.146558,3.374093,2.9021218
Fiji,FJI,1977,0.7502371,7.112248,13.044123,3.5911348,3.531116
Fiji,FJI,1978,2.5072334,6.5566144,13.521152,3.5519137,3.9498873
Fiji,FJI,1979,1.002144,6.7173414,12.769894,3.4430094,4.2169423
Fiji,FJI,1980,0.751731,6.013848,12.878339,3.5509396,4.530168
Fiji,FJI,1981,0.8812377,6.584529,13.990887,3.5348523,4.6636286
Fiji,FJI,1982,0.68444455,5.247408,13.90712,3.571015,4.840709
Fiji,FJI,1983,0.6454348,5.828773,13.772587,3.5747159,5.9380007
Fiji,FJI,1984,0.68343705,6.2499824,13.847029,3.6251879,5.3288283
Fiji,FJI,1985,0.05902452,8.096196,13.142793,3.767732,4.987572
Fiji,FJI,1986,0,10.847887,13.761375,3.6612833,5.1374507
Fiji,FJI,1987,0.019239198,10.668136,13.371243,3.693926,4.8097997
Fiji,FJI,1988,0.00952937,8.833727,14.132056,3.7736306,5.1363306
Fiji,FJI,1989,0.009447615,9.343691,14.152526,3.9491029,6.4243784
Fiji,FJI,1990,0,11.541435,17.726364,3.8879385,6.9286265
Fiji,FJI,1991,0,13.801294,14.998538,3.9782417,7.4662743
Fiji,FJI,1992,0.03789398,16.389147,12.6565895,3.8746598,8.279835
Fiji,FJI,1993,0.038209468,14.8157215,13.306448,4.136175,9.9822235
Fiji,FJI,1994,0.0674653,14.697797,11.199239,4.3659687,10.437845
Fiji,FJI,1995,0,14.767074,11.91081,3.9152176,10.735274
Fiji,FJI,1996,0,13.067251,12.793797,4.0725293,11.768339
Fiji,FJI,1997,0,12.810718,12.859539,4.6770835,11.912405
Fiji,FJI,1998,0,13.238639,12.206044,4.140119,10.316202
Fiji,FJI,1999,0,14.474553,11.923074,4.879826,11.331285
Fiji,FJI,2000,0.009656171,14.55185,12.311619,4.4708076,11.983309
Fiji,FJI,2001,0.067148775,12.489672,11.012399,4.4797826,12.345781
Fiji,FJI,2002,0.03803943,11.525948,10.213587,4.735909,12.876348
Fiji,FJI,2003,0.11317135,10.694693,9.327206,4.78149,14.495363
Fiji,FJI,2004,0.037467018,10.921636,9.507256,4.5522428,16.672823
Fiji,FJI,2005,0,11.653906,9.343618,4.657836,16.749578
Fiji,FJI,2006,0.009299505,12.377641,9.299504,4.4637623,17.576063
Fiji,FJI,2007,0.083700605,9.820871,9.523269,4.296631,17.409725
Fiji,FJI,2008,0,10.108534,9.164947,4.4843774,17.348934
Fiji,FJI,2009,0.03756415,8.855749,8.480106,4.244749,14.077165
Fiji,FJI,2010,0.099999234,4.799963,3.5799723,4.4799657,17.11987
Fiji,FJI,2011,0.08999991,4.9299946,3.629996,4.5399947,22.569975
Fiji,FJI,2012,0.09,5.38,4.04,4.48,28.86
Fiji,FJI,2013,0.09999902,5.269948,2.8699715,4.349957,18.719814
Fiji,FJI,2014,0.13999863,5.699944,3.669964,4.479956,23.849768
Fiji,FJI,2015,0.11999935,5.49997,4.069978,4.5299754,25.009865
Fiji,FJI,2016,0.090000294,4.7500153,3.3400106,4.7600155,18.45006
Fiji,FJI,2017,0.039999913,6.629986,4.58999,4.61999,36.79992
Fiji,FJI,2018,0.009999945,6.4899645,4.799974,4.209977,41.69977
Fiji,FJI,2019,0,5.6299634,3.669976,3.7799752,39.95974
Fiji,FJI,2020,0,4.96994,3.8699534,3.7299552,31.809618
Fiji,FJI,2021,0,5.389953,3.5199695,3.2099721,31.149729
Fiji,FJI,2022,0,6.439944,4.6299596,1.5099869,51.369553
Fiji,FJI,2023,0,10.07,4.95,1.34,46.8
Finland,FIN,1961,1.230552,0.49021992,17.56788,13.936252,1.4606552
Finland,FIN,1962,1.0907913,0.4203049,18.253242,14.79073,1.4210309
Finland,FIN,1963,1.2497522,0.37992465,19.56612,14.557114,1.5196986
Finland,FIN,1964,1.4390213,0.32977572,21.565332,14.460165,1.4989804
Finland,FIN,1965,1.6403054,0.3900726,20.653845,14.752747,1.5102812
Finland,FIN,1966,1.5484958,0.269738,20.400185,15.774676,1.5684764
Finland,FIN,1967,1.452824,0.26867294,19.742485,16.916443,1.582185
Finland,FIN,1968,1.3487282,0.22809374,19.229294,17.126865,1.4974849
Finland,FIN,1969,1.2523477,0.2484817,21.19052,18.258436,1.7493112
Finland,FIN,1970,1.2101818,0.30004507,20.913141,20.683107,1.890284
Finland,FIN,1971,1.1827797,0.3508245,20.979305,22.322462,1.8242875
Finland,FIN,1972,1.1513513,0.30035254,21.975794,22.996992,2.132503
Finland,FIN,1973,1.0406889,0.23015237,22.725044,24.456192,1.8011924
Finland,FIN,1974,1.2104216,0.23008013,23.19808,24.078384,1.8706515
Finland,FIN,1975,0.9099668,0.23999123,24.399109,27.319002,2.3699133
Finland,FIN,1976,0.87030566,0.22007729,24.098463,26.099165,2.4708676
Finland,FIN,1977,0.8200725,0.24002121,23.172049,27.232407,2.7102396
Finland,FIN,1978,0.7796318,0.18991032,22.189522,28.156704,2.49882
Finland,FIN,1979,0.68979186,0.19993968,23.023054,29.151205,2.8791316
Finland,FIN,1980,0.5499588,0.17998652,23.988203,29.89776,3.1697626
Finland,FIN,1981,0.58013904,0.19004557,21.595177,29.90717,3.5308464
Finland,FIN,1982,0.51990473,0.2199597,22.415894,31.594213,3.4193738
Finland,FIN,1983,0.4597356,0.25985056,19.95852,32.97104,3.7778273
Finland,FIN,1984,2.7484076,0.2998263,20.787954,30.652239,3.9477127
Finland,FIN,1985,2.9798408,0.29998398,21.748838,31.518316,4.1397786
Finland,FIN,1986,2.351311,0.27015066,21.532007,32.59818,4.4524827
Finland,FIN,1987,2.1120288,0.29027885,22.681791,32.741455,5.385174
Finland,FIN,1988,2.2624538,0.3103366,21.893747,33.716568,5.6060805
Finland,FIN,1989,2.441708,0.28019598,21.204832,33.603508,6.7046895
Finland,FIN,1990,0.70005953,0.27002296,22.261892,32.522766,7.2206135
Finland,FIN,1991,0.98903465,0.27972698,20.190292,32.45832,7.8823066
Finland,FIN,1992,0.7189798,0.28958905,19.801899,32.104443,7.749004
Finland,FIN,1993,0.78912777,0.2896798,19.048944,29.407495,7.4617524
Finland,FIN,1994,0.67967206,0.32984087,19.740475,29.315855,8.45592
Finland,FIN,1995,0.69001096,0.44000697,19.360308,32.330513,9.3201475
Finland,FIN,1996,0.61015296,0.4101028,19.074781,32.628178,10.972751
Finland,FIN,1997,0.4700981,0.3900814,19.294027,32.86686,10.892274
Finland,FIN,1998,0.6599302,0.37995982,19.56793,34.23638,11.878744
Finland,FIN,1999,0.589941,0.35996404,18.958105,33.806625,12.678734
Finland,FIN,2000,0.7599711,0.3599863,18.049313,32.668755,13.64948
Finland,FIN,2001,0.8500049,0.27000156,18.080105,31.870186,15.70009
Finland,FIN,2002,0.87990725,0.2599726,18.0381,32.146614,16.96821
Finland,FIN,2003,1.0400083,0.3100025,18.270147,32.09026,17.770144
Finland,FIN,2004,1.1299682,0.28999183,18.939468,32.93907,17.989494
Finland,FIN,2005,1.209982,0.31999522,18.999718,33.409504,17.889734
Finland,FIN,2006,1.2604191,0.43014306,19.026329,33.091007,17.335766
Finland,FIN,2007,1.9211925,0.53032917,18.591541,35.20185,18.801672
Finland,FIN,2008,1.651435,0.48041743,18.315914,33.989532,19.677097
Finland,FIN,2009,1.831764,0.48046264,18.207533,34.002743,18.427744
Finland,FIN,2010,2.0300012,0.5600003,18.39001,36.44002,18.680012
Finland,FIN,2011,2.2700016,0.57000047,18.740015,34.850025,18.920015
Finland,FIN,2012,1.9999971,0.55999917,19.45997,37.089947,18.859974
Finland,FIN,2013,1.6899978,0.5599993,19.159975,36.22995,18.939976
Finland,FIN,2014,1.7399981,0.5499994,18.22998,35.81996,18.62998
Finland,FIN,2015,1.5100003,0.55000013,17.720003,36.010006,18.590004
Finland,FIN,2016,1.3100004,0.56000024,18.130007,36.120014,18.760008
Finland,FIN,2017,1.4900005,0.5600002,18.830006,36.19001,18.990005
Finland,FIN,2018,1.680003,0.57000107,19.310036,37.38007,19.580036
Finland,FIN,2019,1.1500012,0.54000056,17.910019,31.840033,20.58002
Finland,FIN,2020,0.6599993,0.46999946,17.64998,29.999968,21.059977
Finland,FIN,2021,0.7500001,0.44000006,19.320004,30.790005,22.790005
Finland,FIN,2022,0.8,0.44999996,17.81,29.209997,23.47
Finland,FIN,2023,0.5000004,0.41000035,17.300014,27.870026,23.32002
France,FRA,1961,9.047909,2.2422218,28.21051,25.622572,10.904903
France,FRA,1962,9.209326,2.2229407,28.46158,26.695135,11.045237
France,FRA,1963,9.471427,2.1136236,28.444191,26.669544,11.60499
France,FRA,1964,9.628986,2.2397642,28.277023,27.247131,12.128723
France,FRA,1965,9.82033,2.4049788,28.078127,28.559122,12.505889
France,FRA,1966,10.120433,2.5677214,29.23792,28.53581,9.177598
France,FRA,1967,10.517528,2.6068227,29.597466,29.567387,9.484825
France,FRA,1968,10.726671,2.6441095,30.026667,30.617584,9.504772
France,FRA,1969,11.087952,2.7494922,30.3144,29.624527,11.627852
France,FRA,1970,11.146024,2.8239253,29.925625,30.474447,11.964263
France,FRA,1971,11.110859,3.0293286,29.605707,31.847809,12.06749
France,FRA,1972,11.219551,3.208433,28.497261,32.42311,13.013085
France,FRA,1973,11.267243,3.290434,28.29773,32.076744,14.178779
France,FRA,1974,11.094396,3.2853792,28.959269,32.394436,14.309874
France,FRA,1975,11.169453,3.4329052,29.725157,33.24814,14.051892
France,FRA,1976,11.255632,3.5180116,30.569616,33.636604,14.843804
France,FRA,1977,11.07386,3.5777085,31.02685,34.384087,14.962238
France,FRA,1978,10.766565,3.545455,31.28814,35.905243,15.64407
France,FRA,1979,11.100768,3.6635537,32.791805,36.805702,15.875399
France,FRA,1980,10.849988,3.8199956,32.699963,37.459957,16.039982
France,FRA,1981,10.429993,4.1560125,31.559721,35.665783,16.464203
France,FRA,1982,9.064795,4.2528663,30.92812,35.25087,17.999807
France,FRA,1983,9.623947,4.1331058,31.217926,35.34105,16.372688
France,FRA,1984,9.398467,4.224816,31.850914,35.30667,16.769423
France,FRA,1985,9.321059,4.0561094,31.56972,35.176258,17.553164
France,FRA,1986,6.505466,4.356963,31.538017,35.345364,17.837568
France,FRA,1987,7.0752797,4.516987,31.41904,35.88606,19.267147
France,FRA,1988,6.942497,4.5350986,29.957624,36.720314,19.438992
France,FRA,1989,6.777413,4.5615287,29.934404,36.262653,20.54185
France,FRA,1990,6.583296,4.4686613,32.926453,33.70448,20.767305
France,FRA,1991,6.5401196,4.386666,34.355568,33.787292,21.55448
France,FRA,1992,6.465658,4.363572,30.126581,35.067978,21.638536
France,FRA,1993,6.394314,4.3724356,26.284414,35.646805,20.985699
France,FRA,1994,6.0482454,4.3144813,25.757355,35.591984,23.03714
France,FRA,1995,6.020984,4.3063993,27.82213,35.717197,23.685196
France,FRA,1996,6.1526003,4.317789,27.591969,35.330086,25.54775
France,FRA,1997,5.884823,4.3487844,27.529001,35.538345,26.292192
France,FRA,1998,5.8258104,4.2995276,27.722479,37.18942,26.645102
France,FRA,1999,5.8113303,4.226422,26.146002,37.060936,25.248884
France,FRA,2000,5.793513,4.2107487,25.92149,37.379105,26.339577
France,FRA,2001,5.6710615,3.4225357,27.350437,37.180275,27.42008
France,FRA,2002,5.01667,3.414123,27.940067,35.66415,25.571085
France,FRA,2003,4.4941764,3.3880708,26.197758,37.41825,24.394108
France,FRA,2004,3.7593853,3.3605113,26.166119,33.47548,24.141834
France,FRA,2005,3.2405055,3.3402133,26.442526,34.299507,20.719294
France,FRA,2006,3.2891064,3.3090403,25.684933,30.788029,20.013714
France,FRA,2007,3.4576924,3.29826,26.575405,29.206041,20.905586
France,FRA,2008,2.8895056,3.3478408,25.736526,34.62425,24.092499
France,FRA,2009,2.421588,3.338403,26.009647,34.759254,23.578094
France,FRA,2010,2.7899997,3.7299995,25.849998,34.569996,23.619999
France,FRA,2011,2.6400003,3.5400002,25.300001,33.460003,23.580002
France,FRA,2012,2.4700003,3.4700003,25.020002,33.480003,23.750002
France,FRA,2013,2.6799998,3.3799999,23.779999,33.149998,23.829998
France,FRA,2014,2.5999997,3.3199997,23.789999,33.479996,25.119999
France,FRA,2015,2.41,3.1600003,23.760002,33.84,25.490002
France,FRA,2016,2.7300003,2.9800003,23.620003,32.830006,25.800001
France,FRA,2017,2.4500003,2.9200003,22.990002,32.930004,25.530003
France,FRA,2018,2.21,2.91,23.11,33.56,26.75
France,FRA,2019,1.2,2.51,23.2,32.76,25.5
France,FRA,2020,0.85000014,2.3900003,22.530003,32.330006,25.720003
France,FRA,2021,0.59,2.34,22.47,32.63,25.05
France,FRA,2022,0.59999996,2.3799999,22.639997,32.889996,24.259998
France,FRA,2023,0.5199999,2.2099998,21.649998,31.179996,24.739996
French Polynesia,PYF,1961,0.037916023,0.8057155,14.68298,7.896012,2.3981884
French Polynesia,PYF,1962,0.019248836,0.7699535,12.65611,11.212447,2.7429593
French Polynesia,PYF,1963,0.019387618,0.7561171,15.490706,4.8469048,3.1795695
French Polynesia,PYF,1964,0.18419975,0.736799,18.623564,5.225456,4.2268996
French Polynesia,PYF,1965,0.29052514,0.7166287,17.324982,7.7086,6.9241824
French Polynesia,PYF,1966,0.41988805,0.7421277,20.711222,8.45635,9.315656
French Polynesia,PYF,1967,0.5157197,0.7006004,23.800951,9.2634945,9.7111
French Polynesia,PYF,1968,1.06516,0.677829,17.342741,9.402457,11.900742
French Polynesia,PYF,1969,0.20405197,0.651023,25.632814,7.802559,11.03824
French Polynesia,PYF,1970,0.8489217,0.62704444,18.18429,8.788269,14.798249
French Polynesia,PYF,1971,0.74415684,0.59919125,20.256529,8.369349,12.322078
French Polynesia,PYF,1972,0.6195242,3.9301066,25.565054,8.576538,11.238556
French Polynesia,PYF,1973,0.58135843,3.943548,24.523636,8.604105,13.3131075
French Polynesia,PYF,1974,0.6010433,4.488436,14.667396,9.97538,13.736748
French Polynesia,PYF,1975,0.5081496,3.527731,30.528067,8.355153,12.400805
French Polynesia,PYF,1976,9.352807,2.1696167,16.47736,8.23868,13.613856
French Polynesia,PYF,1977,9.131822,3.7406285,16.915844,8.096557,13.614716
French Polynesia,PYF,1978,9.339531,4.1000443,15.621072,6.9535193,14.3355465
French Polynesia,PYF,1979,13.470136,4.2960906,12.034872,8.1751795,18.80388
French Polynesia,PYF,1980,8.159248,3.9047832,12.005751,7.5084515,17.979486
French Polynesia,PYF,1981,11.165003,3.9212723,10.537212,8.016395,18.485998
French Polynesia,PYF,1982,9.119951,3.8064208,13.940774,7.7287726,18.587698
French Polynesia,PYF,1983,8.862586,3.604956,14.274852,8.30203,20.34432
French Polynesia,PYF,1984,4.4792614,4.0843153,15.06573,14.661152,20.200022
French Polynesia,PYF,1985,4.3120832,3.7609875,16.126804,15.111629,22.449903
French Polynesia,PYF,1986,5.341304,4.6821227,15.025446,15.335649,24.641731
French Polynesia,PYF,1987,4.604068,4.8566117,16.609613,14.569836,26.27427
French Polynesia,PYF,1988,4.85687,5.635527,16.672983,17.32511,27.535246
French Polynesia,PYF,1989,4.032557,6.0731277,16.722965,16.645227,26.67318
French Polynesia,PYF,1990,2.5165374,5.4897437,14.856316,12.534105,32.16115
French Polynesia,PYF,1991,4.1322713,6.1254845,32.97066,12.591273,29.110636
French Polynesia,PYF,1992,2.461124,6.191568,29.640072,14.107861,36.56804
French Polynesia,PYF,1993,2.396703,5.7404904,30.393675,14.660478,34.008057
French Polynesia,PYF,1994,2.8202446,5.7374043,31.982153,13.132066,33.69756
French Polynesia,PYF,1995,2.990843,6.059119,33.94462,14.199245,34.825417
French Polynesia,PYF,1996,2.894102,5.778492,31.155302,14.072328,35.117695
French Polynesia,PYF,1997,2.6297505,5.318157,31.850288,12.738159,36.796955
French Polynesia,PYF,1998,3.5145,5.9031854,33.441593,14.116738,37.582634
French Polynesia,PYF,1999,2.9247355,5.524501,34.318867,13.185929,36.68229
French Polynesia,PYF,2000,2.928653,5.630508,32.057407,15.037696,40.064365
French Polynesia,PYF,2001,3.060543,5.745923,33.774574,13.4170265,41.820843
French Polynesia,PYF,2002,3.1739209,5.4876204,35.971104,14.742417,42.902313
French Polynesia,PYF,2003,2.3351479,5.0364,34.71059,16.11846,43.32887
French Polynesia,PYF,2004,2.9570177,5.322632,36.4206,14.114831,46.484318
French Polynesia,PYF,2005,3.0067394,5.1487956,37.20103,13.156941,42.398956
French Polynesia,PYF,2006,3.136373,4.37132,32.667286,13.506006,43.830814
French Polynesia,PYF,2007,3.3762686,4.9570646,39.51015,13.446526,46.428574
French Polynesia,PYF,2008,3.0377436,4.409628,35.80618,14.581169,45.458363
French Polynesia,PYF,2009,2.9303064,4.5527916,33.993523,14.622032,46.06874
French Polynesia,PYF,2010,2.2499168,3.1998816,35.528683,14.319469,43.968372
French Polynesia,PYF,2011,2.2499669,3.139954,36.90946,14.049794,45.689327
French Polynesia,PYF,2012,2.2798996,3.1198626,35.398445,13.989385,44.798027
French Polynesia,PYF,2013,2.0399554,3.119932,34.53925,13.959696,47.778957
French Polynesia,PYF,2014,2.3299916,3.129989,34.809875,14.189949,49.009823
French Polynesia,PYF,2015,2.1199465,3.1499207,34.339134,14.189642,48.558777
French Polynesia,PYF,2016,1.94,3.14,29.5,19.43,48.17
French Polynesia,PYF,2017,1.4099697,3.0699341,28.43939,17.919617,48.258965
French Polynesia,PYF,2018,1.3599855,2.9499686,30.589672,20.359783,49.59947
French Polynesia,PYF,2019,1.4299487,2.9998925,26.719042,18.129349,49.118237
French Polynesia,PYF,2020,1.6999513,2.2499354,31.68909,12.55964,49.87857
French Polynesia,PYF,2021,1.0299337,2.3198507,29.958073,13.779114,50.976723
French Polynesia,PYF,2022,1.2199652,2.6199253,36.96895,13.639611,51.318535
French Polynesia,PYF,2023,0.9599829,1.909966,24.849558,19.04966,51.70908
Gabon,GAB,1961,31.08944,0.4959529,10.162172,2.4214172,0.4959529
Gabon,GAB,1962,32.694374,0.47537816,10.361303,2.4739068,0.5141845
Gabon,GAB,1963,34.23436,0.5048743,10.534397,2.553499,0.5340017
Gabon,GAB,1964,35.67156,0.58255136,10.699526,2.5535166,0.58255136
Gabon,GAB,1965,36.127544,0.584273,10.292941,2.648704,0.5550593
Gabon,GAB,1966,36.549034,0.5669548,10.987193,2.6392725,0.53762954
Gabon,GAB,1967,36.070297,0.5597623,11.106863,2.5827632,0.53030115
Gabon,GAB,1968,35.592213,0.6318729,11.551426,2.6262217,0.57263476
Gabon,GAB,1969,34.969154,0.6232127,12.31587,2.6214504,0.59353596
Gabon,GAB,1970,34.29085,0.5140168,11.555492,2.6985884,0.66229093
Gabon,GAB,1971,33.71737,0.49395502,10.21499,2.756269,0.8199653
Gabon,GAB,1972,33.09504,0.5026346,9.944281,2.9172518,0.7490241
Gabon,GAB,1973,32.446945,0.50114906,9.629923,2.8889768,1.1202155
Gabon,GAB,1974,31.852991,0.5196086,9.872564,3.049024,1.8921597
Gabon,GAB,1975,29.718533,0.5382019,10.597685,3.3857794,2.818221
Gabon,GAB,1976,29.132137,0.7913156,8.137851,3.1359546,3.4290345
Gabon,GAB,1977,28.582523,0.838941,12.1841545,3.0728652,3.980092
Gabon,GAB,1978,27.963587,0.9158805,11.711578,3.5271142,6.781413
Gabon,GAB,1979,27.2468,1.0012202,14.47395,3.6063368,5.3560424
Gabon,GAB,1980,26.638285,1.0961858,15.851042,3.2885575,6.577115
Gabon,GAB,1981,26.187672,1.3379854,16.763601,3.296486,7.930958
Gabon,GAB,1982,25.476637,1.3648198,18.729975,3.6008012,10.628171
Gabon,GAB,1983,24.76684,1.4113812,19.382322,3.190108,9.773331
Gabon,GAB,1984,24.115149,1.7652289,21.202038,3.2410758,9.829334
Gabon,GAB,1985,23.418552,1.3979787,23.264292,3.5768971,10.200423
Gabon,GAB,1986,22.769665,1.3110391,21.824944,3.8077974,8.994114
Gabon,GAB,1987,22.139923,1.6949223,18.037441,3.3031726,10.708828
Gabon,GAB,1988,21.57661,1.674545,16.524103,3.6570525,11.365735
Gabon,GAB,1989,21.03445,2.0110703,13.981269,3.0983956,7.899946
Gabon,GAB,1990,20.879938,1.1648098,13.0728245,3.8987439,6.6519303
Gabon,GAB,1991,20.0795,1.5016308,19.713717,5.0343137,9.0290365
Gabon,GAB,1992,20.270815,1.0294149,20.222712,5.5511436,8.947251
Gabon,GAB,1993,19.848368,1.5682424,21.503202,7.542958,6.551982
Gabon,GAB,1994,19.612862,1.5293993,19.03573,7.7431846,9.715052
Gabon,GAB,1995,18.663261,1.0096046,15.4421425,7.5576115,14.028696
Gabon,GAB,1996,18.656322,1.0589244,11.311238,7.4606037,11.532649
Gabon,GAB,1997,18.679811,1.000876,8.23798,6.1014943,12.414712
Gabon,GAB,1998,18.722174,1.0786437,10.353053,6.9822917,11.874711
Gabon,GAB,1999,18.550648,0.95254874,10.603119,6.88914,10.468414
Gabon,GAB,2000,18.117355,1.1149142,10.457127,7.4583917,11.4855385
Gabon,GAB,2001,17.412535,1.1116422,10.052695,7.206508,12.668888
Gabon,GAB,2002,16.870413,0.80244315,7.900244,6.8398724,13.956779
Gabon,GAB,2003,16.421988,0.89487934,7.1019144,5.7310357,15.127269
Gabon,GAB,2004,16.894114,1.0706869,8.51812,6.3293705,19.964048
Gabon,GAB,2005,16.527237,1.2626281,11.910164,6.039885,22.915758
Gabon,GAB,2006,16.08473,1.5644437,12.759116,6.632492,24.141148
Gabon,GAB,2007,15.964734,1.4597923,8.907522,6.6666946,25.932232
Gabon,GAB,2008,15.271232,1.4948276,5.656354,5.259578,28.097223
Gabon,GAB,2009,15.541353,1.4170057,6.033702,4.964091,29.33659
Gabon,GAB,2010,17.75997,1.0699981,6.729988,4.9599915,33.11994
Gabon,GAB,2011,17.529932,1.0799958,5.9499764,5.5099783,38.799847
Gabon,GAB,2012,17.519972,0.9599984,6.24999,5.729991,37.78994
Gabon,GAB,2013,15.229992,0.8799996,8.019997,7.999996,38.44998
Gabon,GAB,2014,14.93,0.94,6.96,8.47,39.64
Gabon,GAB,2015,14.6,0.75,9.56,8.9,43.28
Gabon,GAB,2016,14.31,0.66,6.96,8.43,36.27
Gabon,GAB,2017,14.099987,0.6499993,7.0099936,8.579991,37.109966
Gabon,GAB,2018,14.01,0.63,6.84,7.4,37.96
Gabon,GAB,2019,13.899993,0.6599997,5.949997,8.059997,37.219986
Gabon,GAB,2020,13.620012,0.62000054,4.290004,8.360007,34.92003
Gabon,GAB,2021,13.17995,0.6299976,4.4899826,10.079962,38.65985
Gabon,GAB,2022,12.95,0.67,3.79,8.24,38.01
Gabon,GAB,2023,12.83,0.56,5.35,9.17,35.17
Gambia,GMB,1961,1.4658248,1.8530238,5.347034,0.27657074,0.48860824
Gambia,GMB,1962,1.4257052,1.8369664,5.593151,0.26503494,0.44781768
Gambia,GMB,1963,1.432512,1.5316167,6.1534953,0.1801902,0.45047548
Gambia,GMB,1964,1.4155058,1.5668491,6.1427608,0.28488165,0.48964038
Gambia,GMB,1965,1.407141,1.5654444,6.2529826,0.36937448,0.5276779
Gambia,GMB,1966,1.3846036,1.5761839,6.356985,0.4615345,0.5660329
Gambia,GMB,1967,1.4511688,1.52891,6.4266047,0.45780918,0.59601575
Gambia,GMB,1968,1.4106017,1.4020005,6.6057444,0.4816689,0.58488363
Gambia,GMB,1969,1.4720391,1.4035721,6.6584096,0.4535934,0.5734106
Gambia,GMB,1970,1.4328153,1.4072293,6.9593887,0.4605478,0.5628918
Gambia,GMB,1971,1.3900785,1.4071347,7.001561,0.4605168,0.55432576
Gambia,GMB,1972,1.5309337,1.4283013,7.0987434,0.46184596,0.53882027
Gambia,GMB,1973,1.5248091,1.4305793,7.058667,0.4625826,0.5311133
Gambia,GMB,1974,1.5289266,1.4258529,6.5108223,0.506779,0.5325475
Gambia,GMB,1975,1.5625819,1.425212,6.4048686,0.50655127,0.5494793
Gambia,GMB,1976,1.5677074,1.4135066,6.1166286,0.4883023,0.57396936
Gambia,GMB,1977,1.4702199,1.4103853,5.564611,0.47012842,0.48722398
Gambia,GMB,1978,1.472987,1.4048721,5.3129706,0.4512619,0.4512619
Gambia,GMB,1979,1.4502387,1.3908722,5.037671,0.46645105,0.5088557
Gambia,GMB,1980,1.4044131,1.3790321,4.7716203,0.48223823,0.58376205
Gambia,GMB,1981,1.3529383,1.3529383,4.7014604,0.48198426,0.58345467
Gambia,GMB,1982,1.3031776,1.3370265,4.222634,0.50773156,0.5838913
Gambia,GMB,1983,1.2620952,1.3129178,4.06581,0.49128538,0.6014011
Gambia,GMB,1984,1.2141336,1.2905476,3.718815,0.46697447,0.63678336
Gambia,GMB,1985,1.167615,1.4147743,3.8096633,0.45170504,0.60511434
Gambia,GMB,1986,1.1153007,1.3898362,3.6633337,0.43754104,0.6348635
Gambia,GMB,1987,1.0707313,1.3643188,4.576513,0.45765123,0.67352444
Gambia,GMB,1988,1.0340233,1.1991193,4.952884,0.42577425,0.7125202
Gambia,GMB,1989,0.99305195,1.1411387,3.414705,0.49652597,0.7491445
Gambia,GMB,1990,0.9042166,0.9389942,4.0081143,0.40863636,0.79118955
Gambia,GMB,1991,0.8800138,0.88864136,5.72009,0.5262828,0.8368759
Gambia,GMB,1992,0.8725688,0.82979584,3.370511,0.39351144,0.88112336
Gambia,GMB,1993,0.9330412,0.7633973,3.1553757,0.37321648,0.9330412
Gambia,GMB,1994,0.9801887,0.70979184,3.6757078,0.38869554,1.0224383
Gambia,GMB,1995,0.9696121,0.66608137,2.7064826,0.39627627,0.8684352
Gambia,GMB,1996,0.9684798,0.6231957,2.8296454,0.38739195,0.61477417
Gambia,GMB,1997,0.99324965,0.5807985,2.7693148,0.3619469,0.7491459
Gambia,GMB,1998,0.9763586,0.5386806,2.710237,0.3787598,0.58076507
Gambia,GMB,1999,0.9606113,0.5561434,2.460513,0.2949245,1.5336075
Gambia,GMB,2000,0.98820347,0.48143247,3.7501056,0.2702779,1.8919452
Gambia,GMB,2001,0.9746004,0.6695081,2.0847974,0.24576879,1.18647
Gambia,GMB,2002,0.9872501,0.7319268,2.0681188,0.28936642,1.0468255
Gambia,GMB,2003,0.9747981,0.87218773,2.4284444,0.2821784,0.94914556
Gambia,GMB,2004,0.93583643,0.84139425,2.8332663,0.3262549,3.7433457
Gambia,GMB,2005,0.95683056,0.8447693,2.7670505,0.3275636,4.439349
Gambia,GMB,2006,0.6220774,1.1059153,2.4883096,0.32831863,3.8534238
Gambia,GMB,2007,0.86590725,0.8745663,2.3119724,0.476249,4.216968
Gambia,GMB,2008,1.1284703,0.8767347,2.3611073,0.45138812,1.9965245
Gambia,GMB,2009,0.7133376,0.86992395,2.2444036,0.40016502,3.053433
Gambia,GMB,2010,0.7299985,0.79999834,2.1899955,0.46999902,2.7799942
Gambia,GMB,2011,0.64999837,0.66999835,1.979995,0.30999923,3.7899904
Gambia,GMB,2012,0.6399978,0.62999785,1.9999931,0.23999918,3.459988
Gambia,GMB,2013,0.6399985,0.6299985,2.2299948,0.13999967,2.4399943
Gambia,GMB,2014,0.6399985,0.5899986,4.9699883,0.28999934,5.099988
Gambia,GMB,2015,0.64,0.65,2.94,0.41,6.43
Gambia,GMB,2016,0.6599986,0.6599986,2.3999949,0.58999866,7.4499836
Gambia,GMB,2017,0.6799997,0.6399997,2.329999,0.32999986,7.629997
Gambia,GMB,2018,0.6699991,0.6799991,2.4899967,0.27999964,9.649987
Gambia,GMB,2019,0.5699984,0.6099983,2.8699918,0.47999865,10.739969
Gambia,GMB,2020,0.5999967,0.529997,2.7199848,0.30999827,10.199943
Gambia,GMB,2021,0.7599985,0.6899987,1.7899965,0.26999947,11.259978
Gambia,GMB,2022,0.60999954,0.6399995,1.4099989,0.59999955,14.759989
Gambia,GMB,2023,0.59000087,0.64000094,1.5400023,0.8400012,15.530024
Georgia,GEO,1992,0.050489347,1.1511571,9.067886,10.461392,2.3023143
Georgia,GEO,1993,0.071003154,1.2983434,8.449375,8.489948,1.9373717
Georgia,GEO,1994,0.010217453,1.4713134,6.7230844,9.246796,2.4215364
Georgia,GEO,1995,0.0102867745,1.9442005,13.918006,9.865018,2.4893997
Georgia,GEO,1996,0.020736482,1.9699657,11.757586,9.766883,5.5366406
Georgia,GEO,1997,0.020965382,1.4046807,12.285715,10.283521,6.551682
Georgia,GEO,1998,0.08499169,1.8379455,10.3052435,9.731549,6.6718483
Georgia,GEO,1999,0.07545818,1.5738419,10.973775,9.281355,6.5756407
Georgia,GEO,2000,0.10960269,2.0495703,11.234276,9.107984,6.883049
Georgia,GEO,2001,0.11122089,1.8129004,11.300042,9.375921,6.573154
Georgia,GEO,2002,0.11197101,1.981887,12.652725,9.640704,7.6700144
Georgia,GEO,2003,0.08938954,2.0671332,13.307868,10.089845,7.821585
Georgia,GEO,2004,0.12244593,2.2708154,13.502447,10.051698,7.124127
Georgia,GEO,2005,0.11114878,2.389699,13.504577,10.50356,8.236125
Georgia,GEO,2006,0.36710852,1.9022896,9.567071,11.547232,6.5300817
Georgia,GEO,2007,0.32350603,1.8852594,10.24064,9.549006,9.749803
Georgia,GEO,2008,0.10077409,1.9035105,8.017138,8.028336,12.551971
Georgia,GEO,2009,0.10107083,1.0443985,7.36694,6.5696034,12.981987
Georgia,GEO,2010,0.08999973,1.1299965,8.329974,7.0299783,13.03996
Georgia,GEO,2011,0.10999989,0.7699992,7.6599917,7.3399925,13.639986
Georgia,GEO,2012,0.13000005,0.7800004,6.6700034,8.280004,14.310008
Georgia,GEO,2013,0.11000005,0.8000004,6.6300035,9.480004,14.640008
Georgia,GEO,2014,0.10999997,1.3499997,7.9099975,10.379997,15.159995
Georgia,GEO,2015,0.22,1.32,7.56,9.93,15.53
Georgia,GEO,2016,0.09999998,1.0599997,6.749998,9.549998,17.109997
Georgia,GEO,2017,0.14,0.56,6.91,10.15,17.71
Georgia,GEO,2018,0.15999995,0.65999985,7.5999975,10.669997,16.379993
Georgia,GEO,2019,0.9899995,0.8199996,7.3399963,10.299994,19.189991
Georgia,GEO,2020,0.61,1.29,6.52,9.71,19.16
Georgia,GEO,2021,0.41,1.08,6.29,11.22,18.34
Georgia,GEO,2022,0.12999992,1.3199993,7.179996,12.129993,18.939991
Georgia,GEO,2023,0.17999981,1.2899987,7.6599917,15.999983,20.28998
Germany,DEU,1961,0.92656857,0.7452834,20.062223,37.54617,5.015556
Germany,DEU,1962,1.0075003,0.79592526,21.651182,36.73346,5.4808016
Germany,DEU,1963,1.0377079,0.68508875,21.126926,37.09554,5.037417
Germany,DEU,1964,0.92803204,0.59515095,20.346092,39.229527,5.477406
Germany,DEU,1965,0.92833245,0.51461905,20.17105,40.644814,5.771806
Germany,DEU,1966,1.0493665,0.49441305,20.85616,39.956646,5.9834065
Germany,DEU,1967,1.1437883,0.42512488,21.08417,41.297844,6.3566294
Germany,DEU,1968,1.1060244,0.39573348,21.998724,44.403324,6.6462936
Germany,DEU,1969,1.0733136,0.40502402,22.458582,44.12737,6.8550315
Germany,DEU,1970,1.1557709,0.4258103,23.733856,45.511013,7.542926
Germany,DEU,1971,1.2792528,0.40611202,23.595106,48.246105,8.081629
Germany,DEU,1972,1.2958224,0.43531534,23.112207,49.808174,8.331733
Germany,DEU,1973,1.3231058,0.52520233,23.169504,49.16702,8.554738
Germany,DEU,1974,1.2822393,0.5351077,23.615414,52.218437,8.137676
Germany,DEU,1975,1.2965426,0.6989175,23.195957,53.512775,8.863085
Germany,DEU,1976,1.2908007,0.7724477,23.22425,53.634296,8.629054
Germany,DEU,1977,1.3226867,0.8037866,23.01475,54.453995,9.045142
Germany,DEU,1978,1.3727372,0.82364225,23.753437,57.19738,9.6193285
Germany,DEU,1979,1.3394772,0.89298475,23.177013,58.835518,9.619881
Germany,DEU,1980,1.3242787,0.9098098,23.291134,60.704536,9.765292
Germany,DEU,1981,1.249341,0.8161018,23.11281,61.21771,9.662243
Germany,DEU,1982,1.2181548,0.8859307,22.41002,59.629177,9.785508
Germany,DEU,1983,1.2396996,0.9574915,22.496012,61.158512,9.464048
Germany,DEU,1984,1.1723112,0.89944565,22.061684,61.72825,9.61093
Germany,DEU,1985,1.1145875,0.88153744,22.930105,62.862736,9.57532
Germany,DEU,1986,1.0043842,0.8420595,23.080545,63.39795,9.769919
Germany,DEU,1987,1.0158422,0.8939411,23.374529,64.140274,10.30064
Germany,DEU,1988,0.9345068,0.8126146,22.956362,64.01372,10.797616
Germany,DEU,1989,0.90143305,0.90143305,22.262358,60.861927,10.624756
Germany,DEU,1990,0.91889405,1.0299691,21.932283,60.121925,11.2084875
Germany,DEU,1991,0.91819096,0.87783086,21.259651,53.931107,11.532882
Germany,DEU,1992,1.1194645,0.9681855,20.099936,53.371227,12.162831
Germany,DEU,1993,1.0897843,0.9283348,17.64845,54.014954,11.230832
Germany,DEU,1994,1.1536118,0.95122373,16.585697,54.007244,12.133162
Germany,DEU,1995,1.8450326,0.9833415,15.905802,52.046135,11.769685
Germany,DEU,1996,1.9665498,1.0643697,16.229103,53.208347,13.502289
Germany,DEU,1997,2.016602,0.99310046,14.805304,51.722294,13.123113
Germany,DEU,1998,2.2399447,1.0181568,14.498551,55.540447,13.918202
Germany,DEU,1999,2.5248177,0.9915277,12.848971,55.627766,12.767196
Germany,DEU,2000,3.3283405,1.031173,13.292943,53.855816,12.966234
Germany,DEU,2001,4.7537937,0.96912104,10.599124,52.301933,14.353192
Germany,DEU,2002,3.181461,0.8973352,11.767327,53.075336,13.398847
Germany,DEU,2003,3.9081926,0.8775577,11.693966,54.561638,13.76541
Germany,DEU,2004,1.3686681,0.9192546,12.542719,54.756935,14.830642
Germany,DEU,2005,1.3590045,0.9911537,12.353658,54.370396,14.724252
Germany,DEU,2006,2.0498893,0.9224502,12.473577,54.762794,14.277479
Germany,DEU,2007,2.7654555,0.9252453,13.138483,56.069866,15.564683
Germany,DEU,2008,2.7138588,0.842941,12.911389,54.52389,17.115814
Germany,DEU,2009,2.559152,0.801662,12.898538,54.82135,17.266567
Germany,DEU,2010,2.2500002,0.8000001,12.930001,55.670002,17.950003
Germany,DEU,2011,2.2699997,0.9099999,13.699998,54.829994,18.169998
Germany,DEU,2012,2.34,0.77,13.66,53.65,17.82
Germany,DEU,2013,2.53,0.74,13.44,52.89,18
Germany,DEU,2014,2.6,0.81,13.59,49.91,17.72
Germany,DEU,2015,2.27,0.81,14.17,51.56,17.66
Germany,DEU,2016,2.41,0.8,14.54,45.73,17.82
Germany,DEU,2017,2.05,0.81,14.88,44.42,17.96
Germany,DEU,2018,1.78,0.82,14.8,45.34,18.1
Germany,DEU,2019,0.78000003,0.84000003,14.410001,46.490005,17.3
Germany,DEU,2020,0.83,0.95,14.68,43.9,18.05
Germany,DEU,2021,0.94,0.7,14.9,41.68,17.09
Germany,DEU,2022,1.03,0.76,13.93,38.72,16.63
Germany,DEU,2023,0.92999995,0.74999994,13.549999,38.669994,16.769999
Ghana,GHA,1961,3.6335504,1.1121156,4.0841494,1.0833541,0.7765635
Ghana,GHA,1962,3.5442662,1.0912863,3.611868,0.72430503,0.71464765
Ghana,GHA,1963,3.4601736,1.2441074,3.499052,0.6220537,0.7872867
Ghana,GHA,1964,3.6419117,1.0447308,3.1732473,0.6151218,0.8982731
Ghana,GHA,1965,3.550973,0.95866483,3.1890278,0.45976782,0.9782294
Ghana,GHA,1966,3.8406737,0.8697708,3.0295389,0.53749883,0.9284071
Ghana,GHA,1967,3.7504332,1.0033627,3.2049158,0.63319004,0.9449144
Ghana,GHA,1968,3.8894815,1.0184427,2.686749,0.8147542,0.94084716
Ghana,GHA,1969,4.029702,1.0726546,3.1116645,0.8503928,0.94702834
Ghana,GHA,1970,3.9200678,1.1365306,3.0917487,0.92463505,1.0305829
Ghana,GHA,1971,3.9247084,1.0100352,2.9339118,0.827267,0.99079645
Ghana,GHA,1972,3.9172645,0.92397386,2.4158068,0.72185457,1.0875943
Ghana,GHA,1973,3.8113708,0.78922325,2.2906725,0.8469713,1.0875881
Ghana,GHA,1974,3.6973448,0.8835214,2.727392,0.97955626,1.0275738
Ghana,GHA,1975,3.9063203,1.0219469,1.8719774,0.8786833,0.9932941
Ghana,GHA,1976,3.7749949,0.92719173,1.6462383,0.85150254,0.89880824
Ghana,GHA,1977,4.398412,0.9525224,1.4754759,0.80310714,1.1299531
Ghana,GHA,1978,4.832998,0.920571,1.3624451,0.7824854,1.0862738
Ghana,GHA,1979,5.1766744,0.8370018,1.3282855,0.827904,0.98256737
Ghana,GHA,1980,5.7802672,0.8412596,1.3749619,0.823168,0.8864886
Ghana,GHA,1981,6.1104217,0.83282787,1.4665012,0.778513,0.7423031
Ghana,GHA,1982,6.5696497,0.7814521,1.7082907,0.7541922,0.6178924
Ghana,GHA,1983,7.2947197,0.7669042,1.7529238,0.6938657,0.5021397
Ghana,GHA,1984,6.8785768,0.67220366,1.574614,0.6814119,0.48803824
Ghana,GHA,1985,6.590645,0.6888527,1.6197348,0.6795439,0.44682336
Ghana,GHA,1986,6.446826,0.6381138,1.5671324,0.7507221,0.42228118
Ghana,GHA,1987,6.3022175,0.69814986,1.5095133,0.6321087,0.56606746
Ghana,GHA,1988,6.152019,0.70984834,1.4196967,0.74770695,0.54894936
Ghana,GHA,1989,5.9941144,0.77771735,1.508013,0.8535922,0.7492643
Ghana,GHA,1990,5.977168,0.7126989,1.7579906,0.8647413,1.0357891
Ghana,GHA,1991,5.9171534,0.70510364,2.9728692,0.8575584,1.2101103
Ghana,GHA,1992,5.9460397,0.6882876,3.0303774,0.7169662,1.1758246
Ghana,GHA,1993,6.4531164,0.6712008,2.579329,0.6999666,0.9972126
Ghana,GHA,1994,5.9805474,0.6922821,2.3172219,0.7018971,1.0095779
Ghana,GHA,1995,5.982279,0.67433095,2.1482258,0.6454311,1.1463627
Ghana,GHA,1996,5.4562345,0.6747993,1.4267186,0.80975914,1.2242787
Ghana,GHA,1997,5.5962663,0.7320417,1.3099694,0.8765236,1.281073
Ghana,GHA,1998,5.2018447,0.721143,1.2115202,0.7692192,1.3269031
Ghana,GHA,1999,5.203234,0.768005,1.4784096,0.7296048,1.8912123
Ghana,GHA,2000,5.272549,1.0640963,1.3516899,0.6422924,1.8022532
Ghana,GHA,2001,5.0702896,1.0331911,1.2436559,0.62182796,1.6454525
Ghana,GHA,2002,4.7151814,1.059484,1.2790169,0.6681431,2.4053152
Ghana,GHA,2003,4.6997333,1.1725502,1.2964782,0.77216715,3.7941053
Ghana,GHA,2004,4.7830296,1.1338258,1.3434407,0.6955402,3.449117
Ghana,GHA,2005,4.5912437,1.1335229,1.4288104,0.66677815,3.6196527
Ghana,GHA,2006,4.3437424,1.1621416,1.3431308,0.990678,3.8769805
Ghana,GHA,2007,3.9254718,1.3148425,1.8769853,0.9623123,5.1736193
Ghana,GHA,2008,4.288463,1.4676074,1.7630349,1.0387611,5.003207
Ghana,GHA,2009,4.4882283,1.629484,1.1530268,0.98150206,4.6025777
Ghana,GHA,2010,4.1499987,1.4599994,1.2199996,0.7999997,5.8299975
Ghana,GHA,2011,4.36,1.5799999,1.14,0.99999994,7.6199994
Ghana,GHA,2012,4.3199997,1.6599997,1.1299999,1.0499998,7.639999
Ghana,GHA,2013,4.2699995,1.7099998,1.0599998,1.1699998,8.139999
Ghana,GHA,2014,4.3199997,1.7399999,1.1699998,0.8899999,6.7799997
Ghana,GHA,2015,4.38,1.76,1.1,1.05,6.04
Ghana,GHA,2016,4.1500006,1.7600002,1.0500001,0.9900001,5.230001
Ghana,GHA,2017,4.209998,1.6599991,1.0599995,1.0799996,6.9799967
Ghana,GHA,2018,4.1799984,1.5399994,0.98999965,0.86999965,8.809997
Ghana,GHA,2019,3.9399996,1.7099998,1.4199998,1.0399998,7.079999
Ghana,GHA,2020,3.740001,1.7500005,1.5700005,1.2000004,11.310003
Ghana,GHA,2021,3.660001,1.8600005,1.6800003,1.4400004,13.540003
Ghana,GHA,2022,3.6099994,1.8799998,1.4799999,1.3099998,9.479999
Ghana,GHA,2023,3.6999993,1.8999996,1.5699998,1.1399997,9.069998
Greece,GRC,1961,0.8637165,9.113698,5.1128044,4.3682213,1.459383
Greece,GRC,1962,0.9949992,9.581842,6.4774446,4.636696,2.0795481
Greece,GRC,1963,0.9779945,10.189106,8.851848,4.560648,2.7743108
Greece,GRC,1964,0.9606773,10.997754,9.126434,4.5331964,3.082173
Greece,GRC,1965,0.9533035,12.61371,11.359364,5.5090904,4.3249874
Greece,GRC,1966,0.83164537,13.085891,12.2442255,5.7914586,5.180249
Greece,GRC,1967,0.799154,13.335882,13.675522,5.20449,6.0935493
Greece,GRC,1968,0.7980807,13.098498,14.914132,4.888244,5.436924
Greece,GRC,1969,0.8799931,13.87989,16.119873,5.06996,6.719947
Greece,GRC,1970,0.9448594,14.524699,19.912409,6.2923617,7.5488234
Greece,GRC,1971,0.9852384,17.261778,15.984989,7.4496083,9.389925
Greece,GRC,1972,1.0926632,16.009018,15.53787,8.610988,10.325166
Greece,GRC,1973,1.2425928,15.993372,17.767073,10.942834,11.764548
Greece,GRC,1974,1.6473264,13.04803,16.222147,12.043563,11.209855
Greece,GRC,1975,1.2240633,13.675395,17.247252,11.769066,12.290798
Greece,GRC,1976,1.3884505,14.254093,22.225197,12.6858425,12.665866
Greece,GRC,1977,1.3188589,13.42838,21.851093,14.047845,12.009608
Greece,GRC,1978,1.2423815,13.8766,25.22836,15.139019,11.922854
Greece,GRC,1979,1.341265,13.732951,22.791494,16.485546,13.03229
Greece,GRC,1980,1.3385538,12.796174,21.706547,15.463292,13.515397
Greece,GRC,1981,1.1568607,12.8850355,15.837025,17.362885,13.752681
Greece,GRC,1982,1.1350784,13.073316,20.15262,18.280737,14.925285
Greece,GRC,1983,1.0830175,13.512878,22.137276,20.09047,14.844294
Greece,GRC,1984,1.040974,13.542577,21.463894,20.908707,14.861144
Greece,GRC,1985,1.1678864,13.549461,20.932878,19.586842,14.133405
Greece,GRC,1986,0.92921376,13.5230255,21.708014,20.017637,14.11614
Greece,GRC,1987,0.7603103,13.843573,21.96013,22.177362,14.366903
Greece,GRC,1988,0.9771586,14.075032,21.655415,18.595625,14.459973
Greece,GRC,1989,1.4620337,14.887059,23.027029,21.011795,15.005602
Greece,GRC,1990,1.1885955,14.639535,20.295269,19.453346,15.630031
Greece,GRC,1991,1.5907408,14.326609,20.222292,18.561956,15.619085
Greece,GRC,1992,1.2188348,14.785864,21.689262,21.299637,14.576065
Greece,GRC,1993,1.3061484,14.41787,20.21516,21.149557,14.759478
Greece,GRC,1994,1.3737392,14.383858,19.798006,22.49498,15.343454
Greece,GRC,1995,1.4710579,14.172881,20.533937,28.010971,17.003399
Greece,GRC,1996,1.5673784,14.564406,20.457342,24.253654,15.663607
Greece,GRC,1997,1.652282,14.370774,19.88858,29.373901,12.402314
Greece,GRC,1998,1.8373624,14.464126,20.680536,26.988815,13.392331
Greece,GRC,1999,1.6532288,14.705571,23.31869,32.421654,12.695164
Greece,GRC,2000,1.7016512,12.879564,34.787052,36.52946,13.5520735
Greece,GRC,2001,1.9297593,12.655158,23.04539,36.10681,16.382639
Greece,GRC,2002,1.4174465,12.524153,20.077118,31.507812,15.460293
Greece,GRC,2003,1.737885,12.731018,19.803806,28.119383,20.925346
Greece,GRC,2004,1.3305663,14.515268,17.962645,27.095167,17.307442
Greece,GRC,2005,1.3976783,14.519765,17.858105,29.240635,18.29048
Greece,GRC,2006,1.7056934,14.71913,19.46497,32.0871,14.297724
Greece,GRC,2007,2.3545237,13.946796,18.465479,28.895517,13.846603
Greece,GRC,2008,1.450802,13.687566,18.300116,29.41626,14.718135
Greece,GRC,2009,2.3178973,13.397846,19.072699,29.882893,14.966423
Greece,GRC,2010,2.780001,13.0300045,20.260008,29.380009,14.900005
Greece,GRC,2011,2.4400005,13.330002,17.960003,31.500006,13.330002
Greece,GRC,2012,2.7400022,12.95001,17.150013,27.730022,14.950011
Greece,GRC,2013,4.0400023,12.6600065,16.34001,28.790016,15.970009
Greece,GRC,2014,2.4000003,11.620001,14.760001,27.870003,15.030001
Greece,GRC,2015,2.2099998,7.849999,13.949998,27.889996,14.909998
Greece,GRC,2016,2.0999987,7.7499957,14.329992,27.899984,14.869991
Greece,GRC,2017,2.1599998,6.959999,15.209997,28.139996,15.049997
Greece,GRC,2018,1.829999,6.719996,15.369991,28.539984,27.369986
Greece,GRC,2019,1.9799999,8.249999,14.739999,28.199999,25.309998
Greece,GRC,2020,1.7,7.43,14.21,24.39,22.6
Greece,GRC,2021,2.0099998,7.479999,14.349998,25.999996,25.759996
Greece,GRC,2022,1.9199998,8.5,14.759999,27.319998,26.999998
Greece,GRC,2023,1.83,7.11,14.97,27.82,30.27
Grenada,GRD,1961,1.7561119,0.25769034,4.4666324,2.3764775,2.5864475
Grenada,GRD,1962,1.6320688,0.26723933,4.695777,2.3956096,2.519685
Grenada,GRD,1963,1.9707443,0.30613503,4.993828,2.5160475,2.774349
Grenada,GRD,1964,2.2401097,0.33649716,5.5281677,2.8458045,2.9034898
Grenada,GRD,1965,1.9952896,0.36806312,5.123826,2.644243,4.3973856
Grenada,GRD,1966,2.5943325,0.3678531,6.398708,2.952505,5.5081162
Grenada,GRD,1967,2.683041,0.42618704,5.676037,3.4676127,4.8236628
Grenada,GRD,1968,2.5953903,0.3873717,6.0236297,3.912454,5.858997
Grenada,GRD,1969,3.7721443,0.5803299,9.014457,3.104765,6.6834655
Grenada,GRD,1970,3.9918318,0.5156912,7.1050787,4.851317,8.18421
Grenada,GRD,1971,4.430412,0.60024935,6.879048,5.3736606,8.222464
Grenada,GRD,1972,4.043809,0.25690082,6.5557275,5.908718,8.886865
Grenada,GRD,1973,3.722942,0.46655795,4.3418455,5.8748217,9.274029
Grenada,GRD,1974,3.2573273,0.2926874,6.1275516,5.589385,9.337672
Grenada,GRD,1975,4.124552,0.26247147,6.2899413,4.752609,10.8175745
Grenada,GRD,1976,3.3080742,0.5125186,6.7932005,4.1281037,13.167068
Grenada,GRD,1977,2.2631943,0.44521853,4.2574024,5.4632025,14.89627
Grenada,GRD,1978,2.1806026,0.7391873,4.7862377,5.7287016,18.230207
Grenada,GRD,1979,1.8171444,0.60571474,4.7991247,6.364664,19.46674
Grenada,GRD,1980,2.466104,0.5365188,4.132136,4.5368786,20.086512
Grenada,GRD,1981,2.2250335,0.657836,8.764697,4.488763,20.567049
Grenada,GRD,1982,1.4285109,0.66992235,7.2115173,5.0441213,20.137077
Grenada,GRD,1983,1.9915125,0.71775323,3.8212776,6.3283596,21.734781
Grenada,GRD,1984,2.2366467,0.738709,5.1812224,5.9712305,21.422558
Grenada,GRD,1985,2.039033,0.81145185,4.660647,5.721776,21.919603
Grenada,GRD,1986,2.0556364,0.75407773,9.0695915,6.1049304,22.00254
Grenada,GRD,1987,1.4514492,1.0352994,8.048945,11.540544,21.335289
Grenada,GRD,1988,1.3156637,0.94687915,6.5882854,8.691354,22.047335
Grenada,GRD,1989,2.2015877,1.0078379,5.538216,8.209476,21.233091
Grenada,GRD,1990,2.33343,0.9122463,5.819171,7.7108817,20.395906
Grenada,GRD,1991,4.047378,0.9332778,6.447235,7.7995353,21.151121
Grenada,GRD,1992,2.2241137,0.8495542,5.593694,5.2500544,18.795195
Grenada,GRD,1993,3.3592453,0.9761909,9.446083,4.584269,25.447958
Grenada,GRD,1994,4.0022297,1.0365487,10.902957,8.215609,24.91556
Grenada,GRD,1995,4.3796325,1.0491867,13.379536,7.9795938,21.955914
Grenada,GRD,1996,3.5340683,1.0718076,9.327622,10.96913,26.022717
Grenada,GRD,1997,4.018555,1.189262,8.996192,7.711022,24.897776
Grenada,GRD,1998,4.991747,1.3431991,10.164493,9.764391,24.320478
Grenada,GRD,1999,2.507401,1.3246646,6.453009,10.6162405,25.074009
Grenada,GRD,2000,2.5057228,1.1769304,7.9822454,11.123891,25.90196
Grenada,GRD,2001,1.6244745,1.2939129,5.2795424,8.849608,26.747162
Grenada,GRD,2002,0.8467541,1.2136809,8.749793,12.663678,32.891693
Grenada,GRD,2003,1.2832545,0.9273153,6.753478,11.165251,32.952477
Grenada,GRD,2004,0.94203293,1.347107,7.9224973,12.604402,31.718248
Grenada,GRD,2005,0.9479334,1.3796654,8.165366,15.063693,37.804707
Grenada,GRD,2006,4.320148,1.2904339,9.4631815,18.524271,33.223995
Grenada,GRD,2007,1.5430825,1.2137661,6.0688305,12.212934,31.793146
Grenada,GRD,2008,1.1908647,1.0595883,6.123108,14.215362,33.044155
Grenada,GRD,2009,1.1964122,1.4674743,6.327899,16.338503,33.65844
Grenada,GRD,2010,1.0799032,1.2398889,5.0595465,10.2790785,37.526634
Grenada,GRD,2011,1.1098713,1.2398562,4.1695166,8.888969,38.7755
Grenada,GRD,2012,1.0997854,1.209764,4.1991806,10.447961,37.872612
Grenada,GRD,2013,1.0599159,1.0799143,3.8596938,9.589239,40.96675
Grenada,GRD,2014,1.3597856,1.0998266,3.4094622,9.528497,40.013687
Grenada,GRD,2015,1.3098743,1.209884,5.3294888,11.958853,42.995876
Grenada,GRD,2016,1.4297888,1.4197903,6.009113,14.697829,41.78383
Grenada,GRD,2017,1.6798836,1.1799182,4.9396577,15.638917,44.48692
Grenada,GRD,2018,1.4498372,1.2698573,6.089316,18.637905,45.614876
Grenada,GRD,2019,1.1298538,1.259837,5.9192348,16.667845,46.12404
Grenada,GRD,2020,1.0798793,1.3898447,5.959334,14.948329,57.71355
Grenada,GRD,2021,1.1199424,1.439926,6.789651,16.029177,58.726982
Grenada,GRD,2022,1.1298261,4.6592827,9.558529,22.396551,45.712963
Grenada,GRD,2023,1.1198661,3.2396126,8.259013,22.147352,45.69454
Guatemala,GTM,1961,0.19303164,0.8229243,8.53403,2.8649957,1.1073921
Guatemala,GTM,1962,0.1823773,0.91188645,7.953676,2.6849992,1.12466
Guatemala,GTM,1963,0.18193485,0.79849184,8.611583,2.5268729,1.152254
Guatemala,GTM,1964,0.20170178,0.8168922,8.239517,2.2489748,1.1799554
Guatemala,GTM,1965,0.2013189,0.9663307,7.8514376,2.214508,1.2079135
Guatemala,GTM,1966,0.21099946,0.5626653,7.1438394,2.3109465,1.2459017
Guatemala,GTM,1967,0.21072264,0.63216794,7.405396,2.3480523,1.2743702
Guatemala,GTM,1968,0.20054244,0.5514917,8.121968,2.3764277,1.3035257
Guatemala,GTM,1969,0.19050281,0.5213761,7.028551,2.3060865,1.3535726
Guatemala,GTM,1970,0.21074039,0.5720096,6.9745035,2.508814,1.404936
Guatemala,GTM,1971,0.21101014,0.5526457,6.8829503,2.421593,1.5072154
Guatemala,GTM,1972,0.19120917,0.51324564,6.9942303,2.2945101,1.7510735
Guatemala,GTM,1973,0.1713223,0.5442003,5.4722357,2.458979,1.8744676
Guatemala,GTM,1974,0.2220156,0.5146725,4.7834272,2.2302477,1.9678657
Guatemala,GTM,1975,0.24255584,0.4952182,6.084109,2.2234287,2.0819376
Guatemala,GTM,1976,0.18257512,0.49701002,7.211717,1.8358941,2.282189
Guatemala,GTM,1977,0.19321986,0.5186428,5.5932064,1.637284,2.2576215
Guatemala,GTM,1978,0.20327546,0.49802485,5.559583,1.920953,2.053082
Guatemala,GTM,1979,0.22340742,0.48743436,4.32598,2.59965,2.3457778
Guatemala,GTM,1980,0.19277515,0.3652582,3.003234,2.4249086,4.9106936
Guatemala,GTM,1981,0.21300805,0.27386752,1.8663563,2.444521,5.173053
Guatemala,GTM,1982,0.21341531,0.2743911,2.7032607,2.3678937,5.4674973
Guatemala,GTM,1983,0.2236577,0.06099755,2.5313985,2.287408,5.6524396
Guatemala,GTM,1984,0.22289227,0.27354962,2.4112892,2.0769506,5.906645
Guatemala,GTM,1985,0.22197051,0.31277665,2.7544525,2.0380929,6.154637
Guatemala,GTM,1986,0.2411354,0.31146657,4.1193967,1.9290832,6.2896156
Guatemala,GTM,1987,0.23006964,0.2800848,4.981508,1.7305238,6.4319468
Guatemala,GTM,1988,0.21896592,0.2886369,5.0561223,1.6621504,6.6486015
Guatemala,GTM,1989,0.21780518,0.2772066,5.504531,1.68304,6.7024593
Guatemala,GTM,1990,0.21671455,0.27581853,5.1223435,2.4331133,6.9053135
Guatemala,GTM,1991,0.22569418,0.26494536,2.8162706,2.4630103,7.2418394
Guatemala,GTM,1992,0.22494544,0.25428614,2.6406639,2.4939601,9.389027
Guatemala,GTM,1993,0.2826828,0.25343975,3.1582494,2.583136,9.04585
Guatemala,GTM,1994,0.2719791,0.2719791,4.448801,2.6129422,9.60669
Guatemala,GTM,1995,0.21298169,0.28074858,4.7824073,2.826848,9.845563
Guatemala,GTM,1996,0.2026876,0.28955373,4.9996276,2.673546,10.086122
Guatemala,GTM,1997,0.28873375,0.24061145,5.187583,2.9739575,11.9824505
Guatemala,GTM,1998,0.2687351,0.21114902,5.2787256,3.205626,12.918481
Guatemala,GTM,1999,0.2490524,0.1724209,5.709048,3.314313,12.4622
Guatemala,GTM,2000,0.23945099,0.13409255,5.727668,3.4097822,12.001284
Guatemala,GTM,2001,0.29729837,0.13426378,5.8596554,3.8552885,12.323498
Guatemala,GTM,2002,0.3554705,0.14410967,5.5818477,4.6211166,14.478218
Guatemala,GTM,2003,0.24076223,0.16371833,5.4797487,5.4219656,13.347858
Guatemala,GTM,2004,0.22210895,0.18348129,5.2147317,5.272673,14.668846
Guatemala,GTM,2005,0.24219422,0.19375537,5.066703,5.4929647,14.9385395
Guatemala,GTM,2006,0.21387018,0.2041488,5.2884264,4.656537,13.930726
Guatemala,GTM,2007,0.2243723,0.2243723,5.3654246,4.721574,16.29138
Guatemala,GTM,2008,0.20567237,0.23505415,5.5531545,4.720671,15.954301
Guatemala,GTM,2009,0.20665234,0.2361741,5.756744,4.9596562,16.168087
Guatemala,GTM,2010,0.1899999,0.14999993,10.929995,5.419997,17.199991
Guatemala,GTM,2011,0.19000009,0.15000008,11.100005,5.410002,17.370008
Guatemala,GTM,2012,0.19000015,0.15000013,11.230008,5.1000037,17.510014
Guatemala,GTM,2013,0.20000002,0.15000002,11.320001,5.0800004,17.690002
Guatemala,GTM,2014,0.20000008,0.19000006,11.610003,4.850002,17.960005
Guatemala,GTM,2015,0.19999994,0.13999996,12.169996,4.6999984,19.729994
Guatemala,GTM,2016,0.19999999,0.13999999,12.249999,4.5499997,20.389997
Guatemala,GTM,2017,0.16999997,0.13999997,11.749997,4.499999,20.079996
Guatemala,GTM,2018,0.18000002,0.14000002,11.360001,4.8400006,19.560001
Guatemala,GTM,2019,0.16999999,0.12999998,12.299998,4.2099996,25.639996
Guatemala,GTM,2020,0.16999999,0.13,12.0199995,3.9999998,29.479998
Guatemala,GTM,2021,0.15999998,0.12999998,11.249999,5.3999996,25.489998
Guatemala,GTM,2022,0.15000004,0.13000003,11.690002,5.020001,28.900005
Guatemala,GTM,2023,0.13999999,0.11999999,18.389997,5.7299995,29.889997
Guinea,GIN,1961,0.8330833,0.49182028,2.8003643,0.13048293,0.2509287
Guinea,GIN,1962,0.811258,0.5107921,2.8143642,0.16024849,0.24037273
Guinea,GIN,1963,0.7993685,0.5195895,2.8477502,0.18985002,0.24980265
Guinea,GIN,1964,0.7879879,0.52865005,2.8826392,0.20946512,0.25933775
Guinea,GIN,1965,0.7668881,0.53781766,2.9181588,0.17927255,0.26890883
Guinea,GIN,1966,0.82598853,0.5473418,2.9655976,0.17913006,0.2686951
Guinea,GIN,1967,0.82544833,0.52709347,2.7746997,0.19890322,0.26851934
Guinea,GIN,1968,0.81431514,0.5163949,2.909687,0.2085441,0.25819746
Guinea,GIN,1969,0.8016455,0.4750492,2.5929768,0.21773088,0.2672152
Guinea,GIN,1970,0.7970212,0.47230884,2.5484998,0.22631466,0.25583395
Guinea,GIN,1971,0.79080546,0.44909942,2.4993358,0.21478668,0.23431273
Guinea,GIN,1972,0.7931139,0.43524542,2.4567187,0.21278664,0.26114726
Guinea,GIN,1973,0.8035903,0.48789412,2.5351362,0.22959723,0.27743
Guinea,GIN,1974,0.8038838,0.48233023,2.8561516,0.2364364,0.29318115
Guinea,GIN,1975,0.80384594,0.48604634,2.9256253,0.25237024,0.30845252
Guinea,GIN,1976,0.79449874,0.4896329,2.8823674,0.258674,0.3233425
Guinea,GIN,1977,0.78510284,0.49297157,2.7204726,0.25561488,0.3377768
Guinea,GIN,1978,0.77663267,0.48765308,2.682092,0.26188776,0.35219386
Guinea,GIN,1979,0.78803265,0.4835655,2.5431962,0.2776024,0.35819665
Guinea,GIN,1980,0.7747815,0.4808989,2.4935496,0.30278817,0.34731585
Guinea,GIN,1981,0.78242433,0.47123283,2.4006202,0.39121217,0.34675622
Guinea,GIN,1982,0.76598537,0.47206074,2.4226515,0.36517906,0.32955185
Guinea,GIN,1983,0.7422252,0.54549086,2.4770648,0.36664137,0.3308715
Guinea,GIN,1984,0.7281001,0.5483223,2.5168893,0.33258894,0.32360005
Guinea,GIN,1985,0.71348786,0.514795,2.5288177,0.22578728,0.3161022
Guinea,GIN,1986,0.6978736,0.33534187,1.6042029,0.21751903,0.37159503
Guinea,GIN,1987,0.6817143,0.4544762,1.9087999,0.21814857,0.39993906
Guinea,GIN,1988,0.74037886,0.51186687,2.4405081,0.20109054,0.42046207
Guinea,GIN,1989,0.72167194,0.55513227,2.3315554,0.15728748,0.42560142
Guinea,GIN,1990,0.664275,0.5426472,2.5635402,0.33681554,0.4116634
Guinea,GIN,1991,0.6544379,0.5595918,2.7695055,0.16123833,0.40783814
Guinea,GIN,1992,0.6525222,0.56486994,2.8827848,0.2629567,0.41878292
Guinea,GIN,1993,0.70076853,0.58063674,3.1134143,0.20021959,0.6507136
Guinea,GIN,1994,0.685406,0.5933366,3.2531214,0.2762084,0.5524168
Guinea,GIN,1995,0.6744181,0.7677991,3.6729848,0.18676195,0.46690485
Guinea,GIN,1996,0.6771848,0.79178536,3.6151254,0.18752812,0.45840204
Guinea,GIN,1997,0.7008019,0.8263187,3.6609056,0.19873486,0.47068784
Guinea,GIN,1998,0.69062424,0.8685122,3.631009,0.19881606,0.53366417
Guinea,GIN,1999,0.68682116,0.90535516,3.7358909,0.19772124,0.55153817
Guinea,GIN,2000,0.70558727,0.9338655,3.849601,0.20752567,0.6018244
Guinea,GIN,2001,0.6457756,0.9790792,3.9892268,0.20831472,0.59369695
Guinea,GIN,2002,0.65701324,1.0220206,4.004652,0.20857564,0.63615566
Guinea,GIN,2003,0.67448896,1.0688056,4.2440925,0.22828858,0.7471263
Guinea,GIN,2004,0.6727558,1.1178097,4.3780875,0.24840213,0.85905737
Guinea,GIN,2005,0.6835677,1.1910648,4.5053325,0.24857005,0.9321377
Guinea,GIN,2006,0.48781326,1.3285127,4.8366165,0.1972011,0.99638456
Guinea,GIN,2007,0.45751944,1.3725584,4.9599266,0.20796338,1.0918077
Guinea,GIN,2008,0.47933754,1.4171718,5.012203,0.17714648,1.1983439
Guinea,GIN,2009,0.49082568,1.4202616,5.7750344,0.1566465,1.2009565
Guinea,GIN,2010,0.56,1.48,6.02,0.17,1.79
Guinea,GIN,2011,0.5399999,1.5399996,6.1899986,0.16999996,1.8499995
Guinea,GIN,2012,0.55,1.61,6.38,0.17,1.97
Guinea,GIN,2013,0.53999984,1.6699994,6.569998,0.16999994,2.0199993
Guinea,GIN,2014,0.53999996,1.6599998,6.7499995,0.15999998,1.9899998
Guinea,GIN,2015,0.5499997,1.7099991,6.949996,0.1599999,2.0099988
Guinea,GIN,2016,0.56999993,1.7999998,7.1899996,0.19999999,2.0599997
Guinea,GIN,2017,0.49999967,1.7999988,7.3799953,0.20999986,2.1599987
Guinea,GIN,2018,0.49999973,1.919999,7.5899963,0.1999999,2.2999988
Guinea,GIN,2019,0.49000004,2.31,8.76,0.22000001,2.6500003
Guinea,GIN,2020,0.4799998,1.8999993,9.049996,0.57999974,5.119998
Guinea,GIN,2021,0.46999982,2.0199993,5.019998,0.27999988,5.7899976
Guinea,GIN,2022,0.46000013,1.9800005,5.2100015,0.3700001,6.1600013
Guinea,GIN,2023,0.45000002,2.11,6.3500004,0.37000003,5.9000006
Guinea-Bissau,GNB,1961,0,1.0359354,3.2069914,8.871574,0.24245295
Guinea-Bissau,GNB,1962,0,1.0223265,3.1988926,8.783214,0.24184068
Guinea-Bissau,GNB,1963,0,1.0200765,3.2247581,8.763883,0.24130842
Guinea-Bissau,GNB,1964,0,1.0254354,3.1766205,8.9056835,0.26750487
Guinea-Bissau,GNB,1965,0,1.054378,3.254819,9.122662,0.2750551
Guinea-Bissau,GNB,1966,0,1.0626285,3.2929804,9.283402,0.31528538
Guinea-Bissau,GNB,1967,0.011669267,1.0619034,3.4074264,9.40543,0.38508585
Guinea-Bissau,GNB,1968,0.0346086,1.0497942,3.333962,9.240497,0.46144798
Guinea-Bissau,GNB,1969,0.011571029,1.0413926,3.3903117,9.349392,0.5554094
Guinea-Bissau,GNB,1970,0.01168702,1.0401448,3.41261,9.630105,0.71290827
Guinea-Bissau,GNB,1971,0.0119236475,1.0612047,3.5055525,9.956246,0.6796479
Guinea-Bissau,GNB,1972,0.012256406,1.115333,3.6033835,9.915433,0.84569204
Guinea-Bissau,GNB,1973,0.012499684,1.1499709,3.512411,9.924749,1.0249741
Guinea-Bissau,GNB,1974,0,1.1429764,3.3543873,9.827112,0.7329957
Guinea-Bissau,GNB,1975,0,1.1114764,3.5017483,9.357914,0.44220027
Guinea-Bissau,GNB,1976,0,1.1024728,3.1369328,9.331239,0.38643378
Guinea-Bissau,GNB,1977,0,1.0851636,3.0728393,9.422659,0.37604678
Guinea-Bissau,GNB,1978,0,1.0839304,2.9681456,9.11717,0.35455662
Guinea-Bissau,GNB,1979,0,1.103774,2.8776965,9.244107,0.35478452
Guinea-Bissau,GNB,1980,0,1.1441746,2.6927557,9.488758,0.38467938
Guinea-Bissau,GNB,1981,0,1.14563,2.7949421,9.648971,0.40492097
Guinea-Bissau,GNB,1982,0,1.1605692,2.8567858,9.631732,0.42653397
Guinea-Bissau,GNB,1983,0,1.159205,3.0379164,9.663372,0.45968473
Guinea-Bissau,GNB,1984,0,1.1483507,3.0421221,9.599809,0.5036626
Guinea-Bissau,GNB,1985,0.07095856,1.145474,2.939712,9.630091,0.5676685
Guinea-Bissau,GNB,1986,0.010206889,1.1533785,2.8885496,9.61489,0.6226203
Guinea-Bissau,GNB,1987,0,1.1606349,3.0505183,9.634297,0.64707965
Guinea-Bissau,GNB,1988,0,1.1774347,3.2121243,9.471119,0.68167275
Guinea-Bissau,GNB,1989,0,1.1738979,3.4281974,9.318464,0.7064164
Guinea-Bissau,GNB,1990,0,1.1907222,3.5930564,9.212429,0.78336984
Guinea-Bissau,GNB,1991,0,1.2140673,3.8933885,9.042709,0.7744913
Guinea-Bissau,GNB,1992,0,1.2683955,4.252244,9.013926,0.8317348
Guinea-Bissau,GNB,1993,0,1.2857082,4.0834093,9.082243,0.84342456
Guinea-Bissau,GNB,1994,0,1.285341,3.9784367,9.048393,0.683475
Guinea-Bissau,GNB,1995,0,1.2723782,3.7458816,8.947364,0.68199474
Guinea-Bissau,GNB,1996,0,1.283641,4.044488,8.924361,0.78444725
Guinea-Bissau,GNB,1997,0,1.2988203,4.049865,8.887203,1.0124662
Guinea-Bissau,GNB,1998,0,1.3129001,4.072042,8.851819,0.9949322
Guinea-Bissau,GNB,1999,0,1.3178529,4.0771074,8.823436,1.2148955
Guinea-Bissau,GNB,2000,0,1.2990353,4.0929923,8.691165,1.3093451
Guinea-Bissau,GNB,2001,0,1.2697091,4.025907,8.588601,1.4864888
Guinea-Bissau,GNB,2002,0,1.2387955,3.5099204,8.392839,1.4246148
Guinea-Bissau,GNB,2003,0,1.2693498,3.9318886,8.544891,1.4963881
Guinea-Bissau,GNB,2004,0,1.2368394,3.823895,8.348666,1.6800401
Guinea-Bissau,GNB,2005,0,1.2453912,3.808221,8.398671,1.4409485
Guinea-Bissau,GNB,2006,0,1.2935495,3.788252,8.428604,1.5912712
Guinea-Bissau,GNB,2007,0,1.350031,3.7637227,8.427465,1.6057186
Guinea-Bissau,GNB,2008,0,1.4170339,4.4753804,8.451231,1.7636465
Guinea-Bissau,GNB,2009,0,1.4733843,4.0340242,8.454176,1.7782222
Guinea-Bissau,GNB,2010,0,1.4999981,4.0799947,8.739988,2.0699973
Guinea-Bissau,GNB,2011,0,1.4799963,4.06999,9.369976,2.2399943
Guinea-Bissau,GNB,2012,0.00999997,1.4599956,4.069988,9.249972,2.0599937
Guinea-Bissau,GNB,2013,0,1.4099916,3.9599767,9.609942,2.199987
Guinea-Bissau,GNB,2014,0,1.4099951,3.9699864,8.869969,2.579991
Guinea-Bissau,GNB,2015,0,1.3999991,3.8999977,8.639996,3.0399983
Guinea-Bissau,GNB,2016,0,1.4499937,3.949983,8.309964,3.1799862
Guinea-Bissau,GNB,2017,0,1.4199969,3.9199915,8.179982,3.6399922
Guinea-Bissau,GNB,2018,0,1.4200022,3.8800063,8.050013,3.230005
Guinea-Bissau,GNB,2019,0,1.2799973,3.6599925,7.1699853,3.0499938
Guinea-Bissau,GNB,2020,0,1.1300006,3.660002,7.0500035,2.9500015
Guinea-Bissau,GNB,2021,0,1.0899996,3.6799984,6.179997,3.0299985
Guinea-Bissau,GNB,2022,0,1.0399975,3.6499915,5.6399865,2.9499931
Guinea-Bissau,GNB,2023,0,1.0099987,3.6199949,5.4999924,3.8899949
Guyana,GUY,1961,0.6031093,0.5240129,8.512738,2.2740185,3.173739
Guyana,GUY,1962,0.6362726,0.6064474,8.201952,2.1772456,3.270839
Guyana,GUY,1963,0.6594122,0.63943,8.5623665,2.257987,3.317043
Guyana,GUY,1964,0.69247025,0.7125418,8.169142,2.428664,4.1548214
Guyana,GUY,1965,0.676187,0.767018,9.375786,2.3515158,4.3598924
Guyana,GUY,1966,0.6999417,0.7405181,9.596303,2.8910635,4.767719
Guyana,GUY,1967,0.939008,0.72466916,9.053262,2.6333048,4.6848335
Guyana,GUY,1968,0.92239976,0.83015984,9.11126,2.5929682,6.200577
Guyana,GUY,1969,0.6051904,0.7693099,8.7906475,2.164325,7.9905653
Guyana,GUY,1970,0.5540519,0.75925624,9.439402,2.0315235,8.628844
Guyana,GUY,1971,0.5019139,0.75799245,9.249557,2.4276245,9.280287
Guyana,GUY,1972,0.15298699,0.73433757,8.638665,2.3254023,10.668293
Guyana,GUY,1973,0.060809504,0.76011884,7.8545613,2.0472534,12.050418
Guyana,GUY,1974,0.04032176,0.71571124,6.6530905,1.6330314,12.661034
Guyana,GUY,1975,0.06028921,0.7335188,7.76726,2.100074,13.293771
Guyana,GUY,1976,0.03010935,0.75273377,7.6879206,3.0912266,13.749937
Guyana,GUY,1977,0.040228877,0.7744059,4.767122,3.2685964,14.50251
Guyana,GUY,1978,0.030212112,0.79558563,4.3404737,2.215555,13.343683
Guyana,GUY,1979,0.010064059,0.8151888,2.3046696,2.3549898,13.244302
Guyana,GUY,1980,0.010033937,0.8428507,2.9399436,1.8261766,13.305001
Guyana,GUY,1981,0,0.85948944,2.688403,1.758955,13.272115
Guyana,GUY,1982,0,0.8845939,2.9221418,1.4710101,9.034785
Guyana,GUY,1983,0,0.9181373,2.8531365,1.1748209,4.8967323
Guyana,GUY,1984,0,0.92164123,2.078595,1.3824618,5.3729725
Guyana,GUY,1985,0,0.94550246,2.1639335,1.393885,3.7332723
Guyana,GUY,1986,0,0.95052236,2.1823215,1.4160843,4.0542684
Guyana,GUY,1987,0,0.9671193,2.3887846,1.46035,4.8065825
Guyana,GUY,1988,0,0.9841853,2.7595785,1.4473313,5.5384545
Guyana,GUY,1989,0,1.0029767,3.230742,1.3501608,3.182522
Guyana,GUY,1990,0,1.0248156,2.9294257,1.1988409,4.331296
Guyana,GUY,1991,0,1.0344177,4.040996,1.1987644,6.0131574
Guyana,GUY,1992,0,1.0412325,5.6014447,0.8869758,14.933972
Guyana,GUY,1993,0,1.0384492,5.096093,1.7019027,16.605572
Guyana,GUY,1994,0,1.027783,6.0898547,0.8068577,16.79993
Guyana,GUY,1995,0,1.0271165,5.0107923,0.95032275,17.82575
Guyana,GUY,1996,0,1.0284472,3.8158271,0.77854407,20.021078
Guyana,GUY,1997,0.057776317,1.0303444,2.8214104,1.6562545,22.513506
Guyana,GUY,1998,0.009664796,1.0148036,3.1120646,1.6526803,23.05054
Guyana,GUY,1999,0.33924577,1.0274299,2.5201113,1.579916,26.722874
Guyana,GUY,2000,0.029182727,1.0311229,2.8112695,1.9357876,30.320852
Guyana,GUY,2001,0.009784377,1.0175753,2.90596,1.8003255,24.999084
Guyana,GUY,2002,0,1.0325971,2.4979014,1.7800007,26.926197
Guyana,GUY,2003,0.009880659,1.0177078,2.7073007,1.2153211,32.131905
Guyana,GUY,2004,0.009928858,1.0326012,2.6311476,1.1716052,32.824806
Guyana,GUY,2005,0,1.0301056,2.9102983,0.9600984,30.983175
Guyana,GUY,2006,0,1.0280957,3.1145253,1.0684131,28.4843
Guyana,GUY,2007,0.010173423,1.0885564,3.3877501,2.1567657,33.409523
Guyana,GUY,2008,0,1.0900407,3.085021,1.7276117,32.259037
Guyana,GUY,2009,0,1.1007357,3.125674,2.6376119,36.396965
Guyana,GUY,2010,0.13000017,1.1000015,3.3100045,1.1100016,31.870045
Guyana,GUY,2011,0.12999809,1.1099837,3.199953,1.0299848,34.499493
Guyana,GUY,2012,0.12999895,1.1299909,2.6699786,2.4199805,40.68967
Guyana,GUY,2013,0.13,1.12,3.38,2.44,38.58
Guyana,GUY,2014,0.11999983,1.1099985,3.8199947,3.5499952,39.549946
Guyana,GUY,2015,0.14999942,1.1099957,3.3199868,3.3899868,42.099834
Guyana,GUY,2016,0.089999646,1.1099956,3.0699878,3.8999846,43.569828
Guyana,GUY,2017,0.039999843,1.1199956,3.0799878,4.219983,40.57984
Guyana,GUY,2018,0.17999932,1.079996,3.1099882,4.1699843,53.689796
Guyana,GUY,2019,0.049999505,1.0499895,4.139959,5.3899465,48.839516
Guyana,GUY,2020,0.1199991,1.0499921,4.3599677,5.5699587,53.689598
Guyana,GUY,2021,0.20999897,1.0399948,3.5299826,5.9299707,60.889698
Guyana,GUY,2022,0.13000031,1.0400025,3.260008,7.1300178,70.860176
Guyana,GUY,2023,0.09999915,1.0799909,3.6799688,7.0099406,76.84934
Haiti,HTI,1961,0.8538863,0.8840234,3.455728,4.379935,0.60274327
Haiti,HTI,1962,0.84512657,0.8753097,3.1994078,4.3866096,0.6036619
Haiti,HTI,1963,0.84699786,0.8772478,3.2165754,4.366072,0.6049985
Haiti,HTI,1964,0.86907554,0.85897,3.2034528,4.395905,0.60633177
Haiti,HTI,1965,0.8704202,0.79957205,3.4816809,4.3925858,0.60726994
Haiti,HTI,1966,0.8617254,0.81103563,3.507729,4.44042,0.6082767
Haiti,HTI,1967,0.913757,0.89345133,3.7260983,4.9038296,0.6802414
Haiti,HTI,1968,0.9758389,0.88435405,3.771211,4.9706793,0.6912193
Haiti,HTI,1969,1.0170707,0.89502215,3.8241854,5.0548406,0.7119494
Haiti,HTI,1970,1.0574728,0.89478475,3.904515,5.246692,0.7219286
Haiti,HTI,1971,1.1072501,0.8939267,3.9718788,5.36356,0.7517111
Haiti,HTI,1972,1.1660378,0.87199354,3.9138312,5.4550295,0.77059895
Haiti,HTI,1973,1.204128,0.8702101,3.936183,5.4742284,0.7993791
Haiti,HTI,1974,1.2322437,0.7979283,3.94924,5.6359997,0.8383297
Haiti,HTI,1975,1.2811842,0.74651676,4.035226,5.8006372,0.8473974
Haiti,HTI,1976,1.3310829,0.766381,4.0739202,5.8688655,0.8571367
Haiti,HTI,1977,1.2809087,0.71609855,3.9738429,5.3656964,0.867387
Haiti,HTI,1978,1.3325634,0.5956154,4.3611164,5.865298,0.8782804
Haiti,HTI,1979,1.3549411,0.65724754,3.8322587,5.3388724,0.9909271
Haiti,HTI,1980,1.3787743,0.64883494,4.2883935,3.953838,1.0442188
Haiti,HTI,1981,1.3528353,0.6611601,4.536576,2.7260141,1.1188864
Haiti,HTI,1982,1.3580455,0.66370636,4.9829035,2.9713626,1.1334063
Haiti,HTI,1983,1.3532488,0.6458687,5.11569,2.839772,1.3224931
Haiti,HTI,1984,1.3479369,0.65853405,5.1859555,2.9016657,1.4611224
Haiti,HTI,1985,1.3209649,0.65016246,5.108419,2.941211,1.3416051
Haiti,HTI,1986,1.3138092,0.6310422,4.8414383,3.1862457,1.324154
Haiti,HTI,1987,1.2742515,0.6215861,4.506499,2.8696556,1.3260503
Haiti,HTI,1988,1.2650396,0.6117814,4.2617316,2.51971,1.2131937
Haiti,HTI,1989,1.2447258,0.60161746,4.0453587,2.2301338,1.0787623
Haiti,HTI,1990,1.1513845,0.6949798,3.5163903,2.095312,0.9854191
Haiti,HTI,1991,1.0267309,0.6326322,3.5780017,2.3231084,0.9126497
Haiti,HTI,1992,0.98506606,0.5703014,3.7847278,2.6233866,0.88137496
Haiti,HTI,1993,1.0055602,0.5908962,3.960041,2.767882,0.83969456
Haiti,HTI,1994,0.97436094,0.5597393,3.752326,2.8919861,1.1816717
Haiti,HTI,1995,0.91205204,0.5078472,3.3269172,3.1818178,1.6790049
Haiti,HTI,1996,0.9533549,0.58030295,3.8341446,3.4818177,1.9585226
Haiti,HTI,1997,0.95299596,0.67331237,3.7601907,3.511583,2.5275111
Haiti,HTI,1998,0.9526347,0.75589496,4.0072784,3.7484102,3.4170592
Haiti,HTI,1999,0.96213967,0.7345367,3.8485587,3.7864852,5.048647
Haiti,HTI,2000,0.95045364,0.8678055,4.855578,3.8741317,2.892685
Haiti,HTI,2001,0.94873214,0.8559213,4.7952223,4.5477266,2.9905686
Haiti,HTI,2002,0.93667865,0.8440401,4.89955,4.7554455,3.839353
Haiti,HTI,2003,0.9242557,0.8318302,4.867747,4.8780165,4.2413073
Haiti,HTI,2004,0.91194797,0.75824887,4.8056583,4.3240676,2.889543
Haiti,HTI,2005,0.9402784,0.807413,4.854698,4.558306,3.362517
Haiti,HTI,2006,0.9372121,0.72328323,4.818493,4.1359577,3.2496812
Haiti,HTI,2007,1.0251608,0.8120086,4.72995,4.526948,3.410436
Haiti,HTI,2008,1.0415871,0.8595622,4.641636,4.6011863,3.4079113
Haiti,HTI,2009,0.9977053,0.7558373,4.5551796,4.2730002,4.111755
Haiti,HTI,2010,0.9499991,0.6099995,4.6999955,4.0099964,6.0199943
Haiti,HTI,2011,0.93999964,0.63999975,4.709998,4.3099985,7.709997
Haiti,HTI,2012,0.8999999,0.64,4.74,4.19,8.09
Haiti,HTI,2013,0.89999956,0.6599997,4.659998,4.159998,7.6499968
Haiti,HTI,2014,0.92999995,0.67999995,4.4999995,5.5899997,8.479999
Haiti,HTI,2015,0.91999924,0.6899994,4.459996,5.109996,8.789992
Haiti,HTI,2016,0.91999984,0.7399999,4.429999,5.0299993,10.019999
Haiti,HTI,2017,0.92999923,0.7099994,4.409996,4.5499964,9.099993
Haiti,HTI,2018,0.91999894,0.67999923,4.529995,4.989994,10.239988
Haiti,HTI,2019,0.85999966,0.5399998,4.369998,4.019998,9.859995
Haiti,HTI,2020,0.8800003,0.6100002,4.3400016,4.740001,11.000004
Haiti,HTI,2021,0.84999985,0.57999986,4.349999,4.069999,12.269999
Haiti,HTI,2022,0.8300005,0.61000043,4.4100027,4.0100026,9.990006
Haiti,HTI,2023,0.8199999,0.59999996,4.4299994,4.7599998,10.099999
High-income countries,OWID_HIC,1961,1.8005632,3.1589444,21.550577,20.633343,7.532687
High-income countries,OWID_HIC,1962,1.7945398,3.1515634,22.289333,21.084879,7.7668066
High-income countries,OWID_HIC,1963,1.747951,3.0558023,23.26998,21.175703,8.087474
High-income countries,OWID_HIC,1964,1.77406,3.0071614,23.946192,21.734272,8.542255
High-income countries,OWID_HIC,1965,1.7777332,2.9119904,23.610996,21.642763,9.072931
High-income countries,OWID_HIC,1966,1.7850237,2.99979,24.574482,21.84247,9.519207
High-income countries,OWID_HIC,1967,1.7781311,3.0084386,25.038488,22.906887,10.003147
High-income countries,OWID_HIC,1968,1.7725785,3.003537,25.63737,23.66885,10.164006
High-income countries,OWID_HIC,1969,1.7975489,3.0119135,25.963657,23.375107,10.839685
High-income countries,OWID_HIC,1970,1.8034955,2.9852962,26.524004,24.222765,11.559499
High-income countries,OWID_HIC,1971,1.8126681,3.094259,26.26176,26.042778,11.834298
High-income countries,OWID_HIC,1972,1.8335361,3.1199286,26.118141,26.199554,12.6597805
High-income countries,OWID_HIC,1973,1.8497232,2.8103468,25.437248,25.747082,12.824069
High-income countries,OWID_HIC,1974,1.8534114,2.4934247,26.495213,26.908955,12.968719
High-income countries,OWID_HIC,1975,1.8455517,2.5633895,27.872623,25.547344,12.938
High-income countries,OWID_HIC,1976,1.8891184,2.468997,29.44723,25.794302,13.887613
High-income countries,OWID_HIC,1977,1.8744751,2.3276064,28.709398,26.699343,14.393989
High-income countries,OWID_HIC,1978,1.9038044,2.3063574,28.147886,27.775778,15.147369
High-income countries,OWID_HIC,1979,1.9438366,2.31966,26.22354,29.963383,16.029005
High-income countries,OWID_HIC,1980,1.8639047,2.3732908,25.911312,30.869846,16.475508
High-income countries,OWID_HIC,1981,1.7982866,2.376926,25.734257,30.25009,17.01978
High-income countries,OWID_HIC,1982,1.6966424,2.4231608,25.635902,29.271275,17.315298
High-income countries,OWID_HIC,1983,1.7088298,2.4709952,25.696815,30.017591,17.514578
High-income countries,OWID_HIC,1984,1.6802152,2.5070763,25.760284,30.105238,17.776102
High-income countries,OWID_HIC,1985,1.7025636,2.5410917,25.924276,30.454336,18.420996
High-income countries,OWID_HIC,1986,1.4954304,2.5682428,26.204441,30.26418,19.201218
High-income countries,OWID_HIC,1987,1.5170319,2.5796356,25.887377,30.901226,20.428164
High-income countries,OWID_HIC,1988,1.4700055,2.554918,25.598888,31.949913,21.029474
High-income countries,OWID_HIC,1989,1.4199317,2.5740228,24.964064,31.740656,21.487492
High-income countries,OWID_HIC,1990,1.4083648,2.6861484,25.073816,31.17109,22.481354
High-income countries,OWID_HIC,1991,1.4468809,2.6350827,25.125978,30.889751,23.064962
High-income countries,OWID_HIC,1992,1.352988,2.567516,25.074165,29.989313,22.063723
High-income countries,OWID_HIC,1993,1.3540115,2.5140233,24.09094,30.400612,22.075457
High-income countries,OWID_HIC,1994,1.3578547,2.4230993,24.035973,29.759531,22.888905
High-income countries,OWID_HIC,1995,1.3904979,2.365569,23.637554,29.935974,23.33146
High-income countries,OWID_HIC,1996,1.4356177,2.2792337,23.486195,29.868029,23.852974
High-income countries,OWID_HIC,1997,1.3753952,2.2104356,23.184006,28.876097,24.43506
High-income countries,OWID_HIC,1998,1.439874,2.215066,23.11061,30.827671,24.953865
High-income countries,OWID_HIC,1999,1.4086406,2.1582525,22.924603,31.12963,25.223225
High-income countries,OWID_HIC,2000,1.5200704,2.1528296,22.651415,30.489653,25.882315
High-income countries,OWID_HIC,2001,1.7187626,1.9775218,22.089058,30.293913,27.088385
High-income countries,OWID_HIC,2002,1.5288006,2.0011604,22.676926,30.897366,27.922117
High-income countries,OWID_HIC,2003,1.4496411,1.9419978,22.64374,31.360537,27.826881
High-income countries,OWID_HIC,2004,1.2340397,1.9560236,22.348673,30.761114,28.512377
High-income countries,OWID_HIC,2005,1.2195708,1.9574823,22.32849,30.740759,29.377594
High-income countries,OWID_HIC,2006,1.4329039,1.9713764,22.368097,31.03622,29.472025
High-income countries,OWID_HIC,2007,1.5018556,2.008741,22.548944,31.820642,30.02964
High-income countries,OWID_HIC,2008,1.5609192,1.9332014,22.050459,31.650518,30.234085
High-income countries,OWID_HIC,2009,1.627633,1.8147603,21.620203,31.252432,29.895386
High-income countries,OWID_HIC,2010,1.5734093,1.7459563,21.448584,31.513136,30.403679
High-income countries,OWID_HIC,2011,1.6001596,1.7126426,20.813204,31.101818,30.827137
High-income countries,OWID_HIC,2012,1.6309353,1.6984746,20.850365,31.133856,31.027159
High-income countries,OWID_HIC,2013,1.6807367,1.6780999,20.542912,30.999767,31.373346
High-income countries,OWID_HIC,2014,1.4893562,1.6937135,20.64527,30.225077,31.48183
High-income countries,OWID_HIC,2015,1.4474019,1.6699827,19.719776,30.969177,32.850636
High-income countries,OWID_HIC,2016,1.399134,1.643903,19.849426,30.887665,33.571507
High-income countries,OWID_HIC,2017,1.316665,1.5754396,19.976608,31.214985,33.674843
High-income countries,OWID_HIC,2018,1.3115349,1.6099539,20.288769,32.165024,34.206684
High-income countries,OWID_HIC,2019,1.1636872,1.6061865,20.314543,32.108242,35.002277
High-income countries,OWID_HIC,2020,1.1463337,1.7104979,20.675123,31.153208,35.70986
High-income countries,OWID_HIC,2021,1.1738931,1.6788732,20.507467,31.554537,34.604027
High-income countries,OWID_HIC,2022,1.1690898,1.7017671,20.281664,30.860546,35.74274
High-income countries,OWID_HIC,2023,1.2873479,1.7987751,20.865404,31.699808,37.101357
Honduras,HND,1961,0,0.09753706,7.0616827,3.6771472,1.2094595
Honduras,HND,1962,0,0.088223815,6.479549,3.6955974,1.215528
Honduras,HND,1963,0,0.07879249,6.1655126,3.8115866,1.3197743
Honduras,HND,1964,0,0.07906969,6.0685987,3.8151126,1.680231
Honduras,HND,1965,0,0.06928848,5.5331798,3.8405614,1.7223135
Honduras,HND,1966,0,0.049453318,5.133254,3.6595454,1.908898
Honduras,HND,1967,0,0.06909257,6.395998,3.6915174,1.8654994
Honduras,HND,1968,0,0.06889166,7.3418827,3.6709414,1.8502331
Honduras,HND,1969,0,0.068681784,5.9164453,3.777498,1.8151613
Honduras,HND,1970,0,0.06848023,5.6349444,3.82511,1.7902689
Honduras,HND,1971,0,0.058547445,6.8500514,3.6884892,1.7661812
Honduras,HND,1972,0,0.05841739,6.1922436,3.6802957,1.7427855
Honduras,HND,1973,0,0.058336936,6.349004,3.1988087,1.7112169
Honduras,HND,1974,0,0.038918085,6.654993,2.8799386,1.6929368
Honduras,HND,1975,0,0.058398385,6.1999617,2.7252579,2.005011
Honduras,HND,1976,0,0.058370717,5.4576626,2.8893507,1.8094923
Honduras,HND,1977,0,0.058381848,6.3636217,2.5785317,2.0822861
Honduras,HND,1978,0,0.05841734,7.993439,2.7358787,2.3464298
Honduras,HND,1979,0,0.04872766,6.802381,2.7579854,2.309691
Honduras,HND,1980,0,0.048776835,8.409126,2.868078,2.3217776
Honduras,HND,1981,0,0.048818503,8.660402,3.3782406,2.509271
Honduras,HND,1982,0,0.04885399,6.888413,2.7749066,3.0191765
Honduras,HND,1983,0,0.048894398,4.6449676,2.2002478,3.2661455
Honduras,HND,1984,0,0.039153732,5.7262335,2.7897034,3.1714523
Honduras,HND,1985,0,0.049013056,6.018803,2.44085,4.058281
Honduras,HND,1986,0.0098136505,0.049068253,3.788069,2.5122945,3.7291873
Honduras,HND,1987,0,0.049137946,7.7048297,2.4863799,3.537932
Honduras,HND,1988,0,0.03935694,7.153124,2.5188441,4.437495
Honduras,HND,1989,0,0.049227122,7.118242,2.6681101,4.213842
Honduras,HND,1990,0,0.039385658,6.2229342,2.6683784,5.6518416
Honduras,HND,1991,0,0.049201794,5.3433146,2.5978549,6.130543
Honduras,HND,1992,0,0.049142197,6.290201,2.5357373,6.771795
Honduras,HND,1993,0.00980961,0.02942883,4.5026116,2.5210698,7.455304
Honduras,HND,1994,0,0.04890445,9.604834,1.42801,8.440908
Honduras,HND,1995,0.16562723,0.03897111,9.966862,1.6562723,8.9049
Honduras,HND,1996,0.16481814,0.038780738,10.402932,1.628791,9.384939
Honduras,HND,1997,0.0771215,0.048200943,10.151118,1.7352339,10.286081
Honduras,HND,1998,0,0.038367543,8.872495,1.8991935,10.004337
Honduras,HND,1999,0.038165946,0.038165946,8.358343,2.6429918,11.478409
Honduras,HND,2000,0.066362806,0.037921604,8.26691,2.5123062,12.988149
Honduras,HND,2001,0.10360326,0.047092393,8.222331,3.0233314,11.029037
Honduras,HND,2002,0.07489408,0.03744704,8.032391,2.5370371,15.971163
Honduras,HND,2003,0.07448014,0.03724007,8.695557,2.7371452,17.307323
Honduras,HND,2004,0.07411423,0.027792836,8.662101,2.3531268,18.713844
Honduras,HND,2005,0.055351693,0.027675847,8.957749,3.394904,19.972736
Honduras,HND,2006,0,0.03676194,9.337533,4.3287187,17.82954
Honduras,HND,2007,0,0.027485045,9.546473,4.745751,18.396658
Honduras,HND,2008,0.0091381185,0.036552474,9.302606,4.9711366,18.94332
Honduras,HND,2009,0.018241972,0.027362958,6.9775543,4.7793965,19.117586
Honduras,HND,2010,0.07999999,0.029999996,7.079999,4.9999995,17.519999
Honduras,HND,2011,0.06999994,0.029999975,6.969994,4.749996,18.989985
Honduras,HND,2012,0.05999999,0.029999996,6.1299996,4.4399996,18.909998
Honduras,HND,2013,0.06000003,0.040000018,6.5600033,5.3300023,18.23001
Honduras,HND,2014,0.11999991,0.029999977,6.7199945,4.3299966,18.519987
Honduras,HND,2015,0.06000002,0.03000001,7.040003,5.090002,20.450008
Honduras,HND,2016,0.06,0.03,7.11,5.49,21.41
Honduras,HND,2017,0.059999973,0.029999986,6.7799973,5.4899974,21.23999
Honduras,HND,2018,0.050000004,0.030000003,6.4800005,6.0200005,22.620003
Honduras,HND,2019,0.049999963,0.029999977,6.3399954,6.1599956,22.759983
Honduras,HND,2020,0.05000001,0.030000005,6.300001,6.840001,20.230003
Honduras,HND,2021,0.049999997,0.029999996,6.3099995,8.369999,25.189999
Honduras,HND,2022,0.049999952,0.029999971,6.219994,7.1299934,23.949978
Honduras,HND,2023,0.05999998,0.019999994,6.239998,7.2099977,24.159992
Hong Kong,HKG,1961,5.9051085,0.20977294,6.7337112,19.414486,8.495804
Hong Kong,HKG,1962,2.7121055,0.30525863,8.852501,28.952608,9.345611
Hong Kong,HKG,1963,2.4693532,0.36039212,9.370194,36.773342,10.544806
Hong Kong,HKG,1964,0.12960608,0.34168875,10.545222,34.451653,10.498093
Hong Kong,HKG,1965,0.11833715,0.24653572,10.088242,29.830822,8.589305
Hong Kong,HKG,1966,0.46239087,0.3275269,9.575344,32.3481,8.631297
Hong Kong,HKG,1967,0.9771474,0.34817895,11.388822,34.537106,11.388822
Hong Kong,HKG,1968,1.3027308,0.45978737,12.759099,43.57762,14.955861
Hong Kong,HKG,1969,1.6662393,0.39341757,11.964523,38.369785,14.325028
Hong Kong,HKG,1970,1.3228906,0.4550744,12.763249,35.63338,15.080954
Hong Kong,HKG,1971,1.6368518,0.47197568,10.935778,39.75642,15.665576
Hong Kong,HKG,1972,1.580909,0.4149886,11.412187,42.279438,16.431572
Hong Kong,HKG,1973,1.0902225,0.38305113,12.257636,40.436447,16.078327
Hong Kong,HKG,1974,1.2347673,0.35279065,11.063907,37.621204,15.924578
Hong Kong,HKG,1975,1.2265167,0.4317339,12.098361,36.31471,15.444299
Hong Kong,HKG,1976,1.3817854,0.43427542,12.820994,38.08793,17.341408
Hong Kong,HKG,1977,1.6637204,0.48815748,12.841531,39.36143,20.253553
Hong Kong,HKG,1978,5.2259507,0.46318638,12.314715,38.071907,20.54131
Hong Kong,HKG,1979,4.6076016,0.5378918,11.163793,39.661915,21.44463
Hong Kong,HKG,1980,5.255154,0.77401495,11.477828,43.222626,23.953728
Hong Kong,HKG,1981,5.4564195,0.5293541,11.991906,45.575356,24.085611
Hong Kong,HKG,1982,4.8227735,0.5584264,12.843806,47.953594,25.596233
Hong Kong,HKG,1983,5.993303,0.646832,14.048383,48.219303,23.841824
Hong Kong,HKG,1984,4.8810377,0.7447357,13.817865,47.3511,23.378662
Hong Kong,HKG,1985,5.030324,0.41166323,14.207401,48.174637,26.316324
Hong Kong,HKG,1986,5.706989,0.56365323,14.433549,49.531025,27.397572
Hong Kong,HKG,1987,5.5179596,0.64917165,14.129628,48.708164,29.730034
Hong Kong,HKG,1988,2.548739,0.5015591,16.336494,55.488808,27.800701
Hong Kong,HKG,1989,2.4377031,0.5061333,14.037452,53.412556,31.58685
Hong Kong,HKG,1990,2.4798985,0.6147647,15.28576,54.00552,35.249985
Hong Kong,HKG,1991,2.278684,0.5514623,15.357705,50.20388,37.624294
Hong Kong,HKG,1992,2.5965238,0.5028841,14.994156,46.470592,46.234547
Hong Kong,HKG,1993,2.518051,0.54608333,14.835263,42.281006,45.163113
Hong Kong,HKG,1994,2.600749,0.420121,15.984604,50.55456,49.05413
Hong Kong,HKG,1995,2.4766552,0.4276955,14.432237,48.85675,55.580524
Hong Kong,HKG,1996,2.2401934,0.40821302,13.85933,46.118114,55.556797
Hong Kong,HKG,1997,2.335202,0.45100465,11.615876,48.788685,52.73748
Hong Kong,HKG,1998,2.2541656,0.5963936,11.675163,52.694912,52.189495
Hong Kong,HKG,1999,2.2997847,0.7326748,12.821808,52.31501,54.21793
Hong Kong,HKG,2000,2.089851,0.9174955,13.171158,54.244373,53.91815
Hong Kong,HKG,2001,1.9231329,0.70209616,12.932815,55.56735,46.725006
Hong Kong,HKG,2002,1.8441696,0.88155353,12.2302885,53.886227,45.263214
Hong Kong,HKG,2003,1.7018502,0.81567967,13.47382,56.654488,45.788834
Hong Kong,HKG,2004,1.7822833,0.8410775,14.919113,61.819202,47.460804
Hong Kong,HKG,2005,2.1064928,1.028288,16.302856,58.77215,53.261322
Hong Kong,HKG,2006,1.894493,1.196522,17.888004,62.548183,51.251026
Hong Kong,HKG,2007,2.089052,1.1340568,18.403553,61.020214,54.205925
Hong Kong,HKG,2008,2.223189,1.1413695,20.177427,60.61168,52.830517
Hong Kong,HKG,2009,2.1126742,1.7258464,21.979746,59.958286,54.026928
Hong Kong,HKG,2010,2.4200022,1.9700017,19.750017,53.620045,57.11005
Hong Kong,HKG,2011,2.6800005,2.2200005,17.870005,55.250008,57.52001
Hong Kong,HKG,2012,2.8800006,1.6300002,28.330004,56.74001,49.04001
Hong Kong,HKG,2013,2.7100036,1.4100019,24.190033,56.370075,45.330063
Hong Kong,HKG,2014,3.3999991,1.8099995,32.179993,50.649986,42.24999
Hong Kong,HKG,2015,3.1899996,1.4199998,29.819996,55.469994,37.849995
Hong Kong,HKG,2016,3.0000014,0.68000036,31.990017,58.77003,39.52002
Hong Kong,HKG,2017,2.8300004,1.1900003,33.280003,59.270008,46.190006
Hong Kong,HKG,2018,3.39,0.98,35.24,56.35,40.32
Hong Kong,HKG,2019,2.5599976,0.9099992,33.78997,51.66995,56.569946
Hong Kong,HKG,2020,2.12,1.19,32.28,55.74,53.94
Hong Kong,HKG,2021,2.0599988,1.3299993,32.449986,52.139973,49.449974
Hong Kong,HKG,2022,2.0599992,0.48999983,18.899992,49.81998,39.999985
Hong Kong,HKG,2023,2.0699978,0.4499995,17.45998,46.01995,41.439953
Hungary,HUN,1961,1.14051,0.94042045,19.648785,46.870956,9.404204
Hungary,HUN,1962,0.840579,0.9706687,20.514132,49.033775,9.796748
Hungary,HUN,1963,0.6410254,0.8413459,21.173872,48.397423,10.406648
Hungary,HUN,1964,0.7014966,0.6914753,20.363445,48.894318,11.023519
Hungary,HUN,1965,0.6819367,0.98279107,18.883629,50.36303,11.021299
Hungary,HUN,1966,0.6020407,1.0535711,17.118023,48.022778,11.619385
Hungary,HUN,1967,0.5517345,1.0834059,18.167112,49.886826,12.2184105
Hungary,HUN,1968,0.65186864,0.7822424,19.134853,55.599384,12.124758
Hungary,HUN,1969,0.521386,0.74197245,19.341417,53.532307,13.024624
Hungary,HUN,1970,0.96287185,0.65194446,19.839172,54.733246,14.23245
Hungary,HUN,1971,0.9534925,0.43158084,19.672056,58.27345,14.744005
Hungary,HUN,1972,1.1246096,0.4618932,17.853176,64.725296,14.439183
Hungary,HUN,1973,1.3461235,0.331508,19.89048,63.7299,15.038409
Hungary,HUN,1974,1.1344407,0.40157193,19.235294,67.81546,15.540833
Hungary,HUN,1975,1.7341698,0.43103644,14.665263,72.76496,15.356926
Hungary,HUN,1976,1.7032526,0.27051657,20.919947,63.300877,16.491491
Hungary,HUN,1977,1.313435,0.17044576,18.187565,67.54665,16.192347
Hungary,HUN,1978,1.3957125,0.25102744,20.564165,69.03254,17.019659
Hungary,HUN,1979,1.1056337,0.1809219,17.298141,69.83585,17.398655
Hungary,HUN,1980,1.2171985,0.41243914,19.716602,70.19513,18.026608
Hungary,HUN,1981,1.1576102,0.47311026,19.025072,72.798584,18.92441
Hungary,HUN,1982,1.1367751,0.31185868,18.892601,72.743546,20.210455
Hungary,HUN,1983,0.7736975,0.34163266,16.217503,77.55061,19.93527
Hungary,HUN,1984,0.87317866,0.38138837,15.014658,76.24757,21.026545
Hungary,HUN,1985,0.67163527,0.36087865,15.62805,76.245636,20.971058
Hungary,HUN,1986,0.6009077,0.35052946,17.796883,74.7429,22.524023
Hungary,HUN,1987,0.35023043,0.29019094,17.471495,76.68045,22.534828
Hungary,HUN,1988,0.2600614,0.2700638,15.683703,75.89792,20.53485
Hungary,HUN,1989,0.15009487,0.48030353,15.769967,77.97928,22.063944
Hungary,HUN,1990,0.2901039,0.36012903,13.054676,70.8954,22.748148
Hungary,HUN,1991,0.3297401,0.43965346,16.037357,67.80656,20.204073
Hungary,HUN,1992,0.6096191,0.31980014,17.589008,64.97939,22.935669
Hungary,HUN,1993,1.1007574,0.09006197,17.952353,57.149323,21.975119
Hungary,HUN,1994,1.2826076,0.070142604,15.251006,52.63701,22.716183
Hungary,HUN,1995,0.9928012,0.18050931,11.131408,49.078472,23.656748
Hungary,HUN,1996,0.99314827,0.14044522,8.506967,49.195953,23.354033
Hungary,HUN,1997,0.7323011,0.17053588,9.720544,46.61648,24.737732
Hungary,HUN,1998,0.8425632,0.23070185,7.1918793,45.80936,27.022207
Hungary,HUN,1999,1.1838336,0.33107215,7.6246915,47.022274,28.01071
Hungary,HUN,2000,1.5550804,0.34111443,12.50084,46.07051,34.14154
Hungary,HUN,2001,1.1432862,0.16046122,9.898452,43.59531,34.02781
Hungary,HUN,2002,0.9929821,0.26078317,10.501538,48.64609,37.171635
Hungary,HUN,2003,0.76248324,0.09029407,11.999078,41.68576,34.171288
Hungary,HUN,2004,0.94300216,0.20063876,8.988617,46.397713,34.09856
Hungary,HUN,2005,0.6720167,0.12036119,6.3289924,43.68108,33.43032
Hungary,HUN,2006,1.1430688,0.110296115,7.851078,46.344425,29.439037
Hungary,HUN,2007,1.0026824,0.100268245,6.748053,47.88811,27.744225
Hungary,HUN,2008,1.0029298,0.13038087,5.7969346,45.663395,28.402973
Hungary,HUN,2009,0.8826061,0.11032576,5.686792,44.661873,27.471115
Hungary,HUN,2010,1.8400004,0.11000002,5.730001,40.63001,23.370005
Hungary,HUN,2011,1.6700008,0.14000006,6.440003,41.670017,24.930012
Hungary,HUN,2012,2.0299997,0.13999999,5.9999995,39.219997,25.819998
Hungary,HUN,2013,1.9800011,0.11000006,5.5300035,35.16002,23.400013
Hungary,HUN,2014,1.1899997,0.13999996,5.229998,40.01999,25.249992
Hungary,HUN,2015,1.0299999,0.13999999,4.9299994,44.979996,24.729998
Hungary,HUN,2016,1.1500001,0.13000001,5.2900004,47.870007,24.840004
Hungary,HUN,2017,1.049999,0.13999988,5.489995,49.53996,25.139978
Hungary,HUN,2018,1.0699995,0.14999992,5.8099966,53.93997,26.509985
Hungary,HUN,2019,0.16000006,0.16000006,6.1100025,51.41002,27.33001
Hungary,HUN,2020,0.23000003,0.080000006,5.7700005,47.870003,27.480001
Hungary,HUN,2021,0.4600001,0.10000002,5.7400007,50.010006,25.340004
Hungary,HUN,2022,0.36000007,0.12000002,5.590001,48.500008,24.210003
Hungary,HUN,2023,0.46999976,0.13999993,4.4299974,47.209976,24.079987
Iceland,ISL,1961,9.779235,60.62526,10.889149,1.3998905,1.3998905
Iceland,ISL,1962,9.653762,56.005867,14.059169,1.5353695,1.3748081
Iceland,ISL,1963,9.236984,51.7752,13.594997,1.5628736,1.3424685
Iceland,ISL,1964,9.307882,48.119053,13.576911,1.6896156,1.3196998
Iceland,ISL,1965,7.7860503,48.433224,14.034855,1.7169238,1.2976749
Iceland,ISL,1966,8.463784,48.56956,13.38853,2.2530215,1.2760475
Iceland,ISL,1967,5.539498,48.705963,9.691644,2.2098534,1.2585263
Iceland,ISL,1968,6.69912,44.492085,5.3493714,2.3819096,1.2405778
Iceland,ISL,1969,8.501793,41.982567,7.7866883,1.9864,1.231568
Iceland,ISL,1970,5.397063,45.341316,8.1604395,1.9952173,1.4664848
Iceland,ISL,1971,6.847423,45.61267,8.313293,1.9377604,1.5963933
Iceland,ISL,1972,6.243517,50.731087,7.618697,2.0577507,1.7967678
Iceland,ISL,1973,5.7465925,48.90119,9.958755,2.6376157,2.1161098
Iceland,ISL,1974,6.4817696,49.926605,7.7002225,2.7864618,1.9974637
Iceland,ISL,1975,5.7392364,57.102406,10.728572,2.7496343,2.0497272
Iceland,ISL,1976,5.255318,45.36958,9.031953,3.0872495,2.1380951
Iceland,ISL,1977,5.6940527,45.712536,8.746224,3.2423077,2.2516024
Iceland,ISL,1978,5.5303693,50.033813,11.291171,3.4865372,2.9555416
Iceland,ISL,1979,4.714903,48.21013,14.324896,3.9841428,2.572675
Iceland,ISL,1980,6.875567,44.08158,9.643782,4.60703,3.1279833
Iceland,ISL,1981,8.008529,50.19345,11.051769,4.815128,3.3435607
Iceland,ISL,1982,7.9110723,47.974575,9.784223,4.1946616,3.3776493
Iceland,ISL,1983,7.6386685,44.726543,11.622329,5.348064,4.362108
Iceland,ISL,1984,5.9073205,45.622074,11.734812,5.987149,4.440469
Iceland,ISL,1985,8.984566,43.58513,13.406969,6.7484074,6.329128
Iceland,ISL,1986,6.4312177,45.09879,14.046341,7.685355,8.728798
Iceland,ISL,1987,5.043195,34.769913,13.451868,8.167564,6.811327
Iceland,ISL,1988,9.369969,34.75698,11.722473,9.900535,3.964218
Iceland,ISL,1989,10.723362,29.887882,11.430944,10.623702,5.112532
Iceland,ISL,1990,5.7035336,30.899145,11.50713,9.936157,5.973701
Iceland,ISL,1991,10.008184,27.831524,11.672892,10.077962,6.050765
Iceland,ISL,1992,10.207326,25.712502,12.955835,10.137617,6.144312
Iceland,ISL,1993,10.29087,29.59122,12.933122,10.857067,5.6917653
Iceland,ISL,1994,10.238928,28.087334,13.286703,12.061617,5.0796237
Iceland,ISL,1995,10.36996,28.225452,11.447876,12.465908,7.3557844
Iceland,ISL,1996,9.124911,18.982626,11.584321,13.832924,6.5350027
Iceland,ISL,1997,9.462599,25.27722,12.623509,14.485829,8.093542
Iceland,ISL,1998,9.373817,26.933361,12.615889,14.206718,10.370603
Iceland,ISL,1999,10.390556,28.145683,13.306325,16.99362,11.1921425
Iceland,ISL,2000,10.369188,29.868855,12.946501,17.092178,11.29822
Iceland,ISL,2001,10.042587,24.96699,12.941787,18.600706,13.559485
Iceland,ISL,2002,9.659503,24.887192,12.752938,20.436634,16.734491
Iceland,ISL,2003,10.043299,22.579899,12.5766535,20.687393,20.206757
Iceland,ISL,2004,10.168736,23.656853,12.645736,18.973618,18.90342
Iceland,ISL,2005,9.314642,24.44218,11.885923,17.87891,20.049992
Iceland,ISL,2006,10.241902,24.673674,12.143687,19.206043,22.544071
Iceland,ISL,2007,9.864532,24.269882,11.939216,20.590256,25.532307
Iceland,ISL,2008,8.894775,22.451035,11.775359,21.97418,25.078594
Iceland,ISL,2009,10.121117,19.759336,11.500821,20.518173,23.563377
Iceland,ISL,2010,10.959897,21.669796,12.189885,19.419817,25.699759
Iceland,ISL,2011,8.980028,21.830069,13.530043,19.600063,26.180084
Iceland,ISL,2012,8.679703,21.87925,11.929591,20.569294,26.399094
Iceland,ISL,2013,10.5799675,21.859934,12.409962,21.499935,26.989918
Iceland,ISL,2014,12.129742,21.719536,15.759664,19.699581,26.939426
Iceland,ISL,2015,11.739574,21.669214,15.869425,19.779284,27.658998
Iceland,ISL,2016,11.819964,21.639935,15.869953,20.029942,27.27992
Iceland,ISL,2017,12.019755,21.339565,16.849657,19.939594,32.599335
Iceland,ISL,2018,11.799666,19.889437,16.829523,20.289427,29.559162
Iceland,ISL,2019,11.139723,19.109524,16.379591,21.089474,31.639212
Iceland,ISL,2020,11.299506,20.169119,13.799397,20.12912,29.98869
Iceland,ISL,2021,10.479803,17.249676,14.919721,20.059624,29.29945
Iceland,ISL,2022,11.0097685,14.639692,16.179659,21.669544,31.30934
Iceland,ISL,2023,10.830028,17.190044,17.260044,21.230055,31.540083
India,IND,1961,0.11297124,0.8010687,2.3621259,0.34918383,0.17459191
India,IND,1962,0.112568825,0.8289159,2.3537118,0.33770648,0.17397
India,IND,1963,0.11222694,0.81619596,2.3261583,0.32647836,0.17344163
India,IND,1964,0.111922905,0.80381,2.3300314,0.3154191,0.17297177
India,IND,1965,0.11175318,0.7924316,2.326498,0.3047814,0.17270947
India,IND,1966,0.12189697,0.77201414,2.3262005,0.29458433,0.17268738
India,IND,1967,0.12190356,0.76189727,2.3466434,0.3047589,0.17269671
India,IND,1968,0.12193851,0.7417926,2.357478,0.31500784,0.17274623
India,IND,1969,0.13221669,0.7221065,2.3595593,0.30511546,0.17289875
India,IND,1970,0.12205232,0.7018008,2.359678,0.31530184,0.17290746
India,IND,1971,0.13226147,0.6816553,2.3705325,0.34591463,0.17295732
India,IND,1972,0.13235098,0.66175485,2.3415942,0.35632956,0.1628935
India,IND,1973,0.142574,0.65176684,2.3524709,0.35643497,0.16294171
India,IND,1974,0.14257039,0.6415667,2.3727784,0.35642594,0.16293758
India,IND,1975,0.13232274,0.6514351,2.3818095,0.34607488,0.16285877
India,IND,1976,0.12211333,0.641095,2.391386,0.34598777,0.16281778
India,IND,1977,0.12208499,0.6307725,2.3806574,0.34590748,0.16277999
India,IND,1978,0.1221248,0.6411552,2.3712566,0.35619733,0.16283306
India,IND,1979,0.13230057,0.63097197,2.3712332,0.37654778,0.17300844
India,IND,1980,0.14236513,0.6609809,2.3693624,0.37625068,0.19320981
India,IND,1981,0.14226976,0.6605382,2.3677752,0.3963229,0.20324253
India,IND,1982,0.15231785,0.70066214,2.5284762,0.40618095,0.21324499
India,IND,1983,0.14201508,0.6897875,2.5156958,0.40575737,0.22316656
India,IND,1984,0.14183116,0.67876345,2.4820454,0.4052319,0.23300834
India,IND,1985,0.15176456,0.6778817,2.478821,0.4654113,0.24282329
India,IND,1986,0.15156548,0.6769925,2.4553607,0.4648008,0.26271346
India,IND,1987,0.14128031,0.71649295,2.4623141,0.45411527,0.38347512
India,IND,1988,0.15117684,0.71557033,2.428908,0.46360898,0.38298133
India,IND,1989,0.15094596,0.7044145,2.3950093,0.46290097,0.41258562
India,IND,1990,0.14063427,0.6931261,2.370692,0.48217463,0.45203874
India,IND,1991,0.14038351,0.6918902,2.3263552,0.48131487,0.5916162
India,IND,1992,0.14012294,0.6805971,2.3120284,0.4904303,0.6005269
India,IND,1993,0.1398466,0.67925495,2.2575238,0.48946312,0.65927684
India,IND,1994,0.13959678,0.67804146,2.2036347,0.4786175,0.66807026
India,IND,1995,0.1393444,0.67681557,2.1299787,0.467799,0.6668624
India,IND,1996,0.13906677,0.6754672,2.0959349,0.46686703,0.6754672
India,IND,1997,0.13878462,0.67409676,2.0421164,0.4659198,0.66418356
India,IND,1998,0.13849948,0.6628189,2.0379207,0.45506972,0.72217584
India,IND,1999,0.13821858,0.6516019,1.9844239,0.444274,0.77994776
India,IND,2000,0.13792755,0.6403778,1.8423178,0.4433385,0.85712117
India,IND,2001,0.13761048,0.63890576,1.8577415,0.43249008,0.8944681
India,IND,2002,0.1373349,0.6278167,1.775544,0.42181435,1.0300118
India,IND,2003,0.13711476,0.61701643,1.7139345,0.4211382,1.116506
India,IND,2004,0.13687395,0.6257095,1.7500311,0.39106843,1.182982
India,IND,2005,0.13666181,0.64426285,1.6301801,0.3709392,1.2494794
India,IND,2006,0.1267203,0.653097,1.608373,0.34117004,1.3256893
India,IND,2007,0.12655193,0.66196394,1.6257055,0.32124722,1.4991536
India,IND,2008,0.12641951,0.62237304,1.6337292,0.3209111,1.5851064
India,IND,2009,0.12624627,0.5923864,1.5538003,0.31076005,1.7286029
India,IND,2010,0.14,0.60999995,1.4199998,0.29999998,1.7899998
India,IND,2011,0.14,0.6,1.17,0.27,1.9300001
India,IND,2012,0.14,0.5,1.07,0.25,1.94
India,IND,2013,0.14,0.52,0.84,0.26,2.09
India,IND,2014,0.14,0.55,0.9200001,0.28,2.34
India,IND,2015,0.14,0.56,0.98,0.29,2.48
India,IND,2016,0.14,0.57,0.91999996,0.29,2.58
India,IND,2017,0.14,0.56,0.85,0.28,2.79
India,IND,2018,0.14,0.57,1.05,0.27,2.9799998
India,IND,2019,0.14,0.58,1.04,0.26,3.1499999
India,IND,2020,0.14,0.59,2.01,0.23000002,3.2200003
India,IND,2021,0.14,0.58,2.24,0.23,3.31
India,IND,2022,0.14,1.71,2.31,0.26,3.53
India,IND,2023,0.14,1.89,2.32,0.26,3.52
Indonesia,IDN,1961,0.010007571,0.3902953,1.7012873,1.0307798,0.60045433
Indonesia,IDN,1962,0.009970565,0.38885203,1.7348784,1.1167033,0.58826333
Indonesia,IDN,1963,0.009934366,0.36757153,1.6391703,1.2020583,0.5861276
Indonesia,IDN,1964,0.0098983385,0.36623853,1.7025143,1.1680039,0.58400196
Indonesia,IDN,1965,0.009897881,0.35632372,1.7024356,1.1382563,0.57407707
Indonesia,IDN,1966,0.009916395,0.34707382,1.6560379,1.1106362,0.56523454
Indonesia,IDN,1967,0,0.35688958,1.6456574,0.9814463,0.5749887
Indonesia,IDN,1968,0,0.27722174,1.5841242,1.2573985,0.5247411
Indonesia,IDN,1969,0,0.3162185,1.670029,1.0771194,0.5237369
Indonesia,IDN,1970,0.009862482,0.34518686,1.7752467,1.0947355,0.51284903
Indonesia,IDN,1971,0.0098453555,0.32489675,1.7032465,1.2503601,0.6005667
Indonesia,IDN,1972,0.0098307235,0.35390607,1.7203766,1.3074863,0.6488278
Indonesia,IDN,1973,0.019635,0.3632475,1.826055,1.09956,0.647955
Indonesia,IDN,1974,0.019615099,0.34326422,1.9418948,1.1180606,0.68652844
Indonesia,IDN,1975,0.019600458,0.38220894,1.9404455,1.0094236,0.7154168
Indonesia,IDN,1976,0.019587396,0.38195422,1.9685334,1.1066879,0.7247337
Indonesia,IDN,1977,0.019576631,0.39153263,1.8891449,1.0767148,0.743912
Indonesia,IDN,1978,0.019563917,0.4010603,1.8390083,1.0075418,0.79233867
Indonesia,IDN,1979,0.00977455,0.42030564,1.8082918,1.2120442,0.97745496
Indonesia,IDN,1980,0.01953588,0.3614138,1.7582293,1.1819209,1.1916888
Indonesia,IDN,1981,0.009763056,0.37099615,1.7768763,1.3375387,1.2399081
Indonesia,IDN,1982,0.00975834,0.38057524,1.7857763,1.3759259,1.288101
Indonesia,IDN,1983,0.019504748,0.5558853,1.5701323,1.7651796,1.6579037
Indonesia,IDN,1984,0.009745599,0.47753435,1.6372606,2.0563214,1.7152255
Indonesia,IDN,1985,0.009741139,0.4773158,1.6657348,2.2112386,1.9092633
Indonesia,IDN,1986,0.0097412625,0.5455107,1.6365321,2.4255743,2.0164413
Indonesia,IDN,1987,0.009742255,0.53582406,1.6074721,2.406337,2.2017498
Indonesia,IDN,1988,0.009740462,0.5454658,1.5876952,2.6104438,2.2890084
Indonesia,IDN,1989,0.009736925,0.525794,1.6455406,2.7458131,2.4537053
Indonesia,IDN,1990,0.00973471,0.4964702,1.6743702,2.9788213,2.7743924
Indonesia,IDN,1991,0.009732719,0.5061013,1.6837603,3.0852718,3.1242027
Indonesia,IDN,1992,0.009730234,0.52543265,1.829284,3.084484,3.4055817
Indonesia,IDN,1993,0.009726537,0.5738657,2.081479,3.2194839,3.618272
Indonesia,IDN,1994,0.009719936,0.50543666,1.9925869,3.363098,4.1892924
Indonesia,IDN,1995,0.009711085,0.4758432,1.8451062,2.8647702,4.3894105
Indonesia,IDN,1996,0.009699496,0.48497486,2.0368943,2.948647,4.6751575
Indonesia,IDN,1997,0.009685959,0.5230418,2.0921671,3.0704489,4.358681
Indonesia,IDN,1998,0.009674218,0.3869687,1.9058208,2.9603105,2.9506364
Indonesia,IDN,1999,0.009668661,0.36740914,1.7983711,2.5815327,2.939273
Indonesia,IDN,2000,0.00966962,0.36744553,1.9532632,1.9145846,3.8485086
Indonesia,IDN,2001,0.00967467,0.4256855,1.847862,1.9059101,4.2181563
Indonesia,IDN,2002,0.009682536,0.57126963,1.752539,2.091428,4.967141
Indonesia,IDN,2003,0.00969331,0.63975847,1.8901954,2.161608,5.0502143
Indonesia,IDN,2004,0.009709001,0.54370403,2.2136521,2.1262712,5.330241
Indonesia,IDN,2005,0.029169584,0.5153293,1.8376838,2.391906,4.987999
Indonesia,IDN,2006,0.029199623,0.6034589,2.024507,2.530634,5.5089955
Indonesia,IDN,2007,0.04871567,0.50664294,1.8317091,2.5234716,5.680247
Indonesia,IDN,2008,0.019507416,0.47793168,2.0385249,2.6627622,5.774195
Indonesia,IDN,2009,0.009764287,0.5272715,2.1774359,2.6656501,5.897629
Indonesia,IDN,2010,0.009999999,0.41999996,2.5299997,0.85999995,6.6199994
Indonesia,IDN,2011,0.01,0.42,2.41,1.38,6.78
Indonesia,IDN,2012,0.01,0.42999998,2.31,1.39,6.9399996
Indonesia,IDN,2013,0.01,0.44,2.41,1.41,7.1
Indonesia,IDN,2014,0.01,0.46000004,2.55,1.5300001,7.2400002
Indonesia,IDN,2015,0.01,0.47,2.5,1.52,7.37
Indonesia,IDN,2016,0.009999999,0.44999996,2.8299997,1.3199999,7.5199995
Indonesia,IDN,2017,0.01,0.46,2.67,1.19,7.66
Indonesia,IDN,2018,0.01,0.47,2.74,0.8,7.83
Indonesia,IDN,2019,0.01,0.53,2.88,0.87,14.55
Indonesia,IDN,2020,0.010000001,0.43000004,2.5400002,1.03,13.400001
Indonesia,IDN,2021,0.01,0.38,2.84,0.91,12.63
Indonesia,IDN,2022,0.01,0.43,2.97,0.97,14.88
Indonesia,IDN,2023,0.01,0.41,3.01,0.56,15.95
Iran,IRN,1961,0.67223823,7.791852,4.0538,0.050927136,1.9250457
Iran,IRN,1962,0.649038,8.021705,4.0767703,0.0507061,1.8761256
Iran,IRN,1963,0.6056888,7.359119,3.4928055,0.05047407,1.9079198
Iran,IRN,1964,0.57258743,7.102093,3.4556153,0.050226968,1.91867
Iran,IRN,1965,0.5597096,6.8864274,3.4282215,0.049974076,1.8590356
Iran,IRN,1966,0.53723466,6.814921,3.3228955,0.049743947,1.8007308
Iran,IRN,1967,0.525334,6.7896943,3.3403313,0.049559813,2.4284308
Iran,IRN,1968,0.51385206,6.7986584,3.3202748,0.03952708,2.6680782
Iran,IRN,1969,0.55163205,6.8559985,3.388597,0.03940229,2.8960683
Iran,IRN,1970,0.53003013,6.831499,3.6120572,0.049076863,3.1507347
Iran,IRN,1971,0.50879496,6.4382133,3.8355315,0.048922595,3.4245818
Iran,IRN,1972,0.48807973,6.3255134,4.060823,0.039046377,3.728929
Iran,IRN,1973,0.4774601,6.3044214,4.0243063,0.03897633,3.7124956
Iran,IRN,1974,0.45741105,6.38429,4.2724137,0.04866075,3.8052707
Iran,IRN,1975,0.44741276,6.8181815,4.551938,0.05835818,4.0753465
Iran,IRN,1976,0.43790585,6.8021374,5.3327203,0.07784993,4.4569087
Iran,IRN,1977,0.4284753,7.702817,5.8136306,0.0779046,4.9079895
Iran,IRN,1978,0.41894457,7.316916,6.0308533,0.077943176,5.8457384
Iran,IRN,1979,0.4095182,7.2055707,5.3724895,0.029251302,5.947765
Iran,IRN,1980,0.40996101,8.404201,6.032284,0,5.6125617
Iran,IRN,1981,0.39487186,8.49456,5.354848,0,6.7898703
Iran,IRN,1982,0.38037467,9.176538,5.25868,0,5.895807
Iran,IRN,1983,0.36203143,8.059963,6.392713,0,6.0973716
Iran,IRN,1984,0.36312842,8.036606,5.5520425,0,5.657159
Iran,IRN,1985,0.34511358,7.9759574,4.735725,0,5.310914
Iran,IRN,1986,0.33635917,7.5921073,5.381747,0,6.1025167
Iran,IRN,1987,0.3661358,7.4287033,4.287643,0,6.3688364
Iran,IRN,1988,0.34808543,6.275206,5.201943,0,6.178516
Iran,IRN,1989,0.3778476,6.452475,4.9217076,0,6.859388
Iran,IRN,1990,0.39582703,6.0339484,5.9180965,0,6.6807876
Iran,IRN,1991,0.45029542,6.8214965,4.8670225,0,7.1759844
Iran,IRN,1992,0.53365904,6.7183867,4.669517,0,9.138911
Iran,IRN,1993,0.5859437,6.3589296,5.2927046,0,10.114732
Iran,IRN,1994,0.5333929,6.22615,5.139968,0,10.192654
Iran,IRN,1995,0.4957543,6.153186,4.9672637,0,10.440002
Iran,IRN,1996,0.32244134,6.526994,6.1361566,0,10.679648
Iran,IRN,1997,0.40293488,6.555063,6.0440235,0,11.272349
Iran,IRN,1998,0.42462257,6.8038354,6.0039654,0,11.445059
Iran,IRN,1999,0.5252512,6.0948963,4.9849315,0,11.39696
Iran,IRN,2000,0.34732482,6.559478,4.286981,0,12.493771
Iran,IRN,2001,0.36674166,6.581526,4.8469367,0,13.15314
Iran,IRN,2002,0.39832783,6.6122417,4.4114804,0,13.881724
Iran,IRN,2003,0.3089797,6.0599885,5.262622,0,16.096844
Iran,IRN,2004,0.25661635,6.0798335,5.7936077,0,16.581364
Iran,IRN,2005,0.24416508,6.12366,5.3520985,0,17.169687
Iran,IRN,2006,0.26111287,5.376991,5.4833703,0,18.422962
Iran,IRN,2007,0.27914035,4.6395054,6.3047223,0,19.867092
Iran,IRN,2008,0.2886649,3.993198,4.5993943,0,20.90896
Iran,IRN,2009,0.32703805,3.2799993,4.7420516,0,26.297707
Iran,IRN,2010,0.16999999,5.0899997,8.079999,0,21.729998
Iran,IRN,2011,0.17,5.09,7.31,0,23.38
Iran,IRN,2012,0.14999999,4.7999997,5.9299994,0,23.789999
Iran,IRN,2013,0.13,4.68,6.01,0,24.45
Iran,IRN,2014,0.16,4.93,5.82,0,25.64
Iran,IRN,2015,0.11999999,4.2199993,6.5199995,0,25.219997
Iran,IRN,2016,0.10999999,4.55,7.0499997,0,26.839998
Iran,IRN,2017,0.09999999,4.5799994,7.709999,0,25.749996
Iran,IRN,2018,0.1,4.03,6.8,0,25.48
Iran,IRN,2019,0.1,3.24,7.34,0,24.66
Iran,IRN,2020,0.07999999,2.1299999,3.3699994,0,27.809996
Iran,IRN,2021,0.1,3.12,4.37,0,25.23
Iran,IRN,2022,0.09,3.3,3.8700001,0,24.47
Iran,IRN,2023,0.1,3.1,3.23,0,23.47
Iraq,IRQ,1961,0.7896243,6.5247903,5.423472,0.010389793,0.5402692
Iraq,IRQ,1962,0.76596373,6.2726216,5.423851,0,0.5485956
Iraq,IRQ,1963,0.74075776,5.926062,5.3704934,0,0.58643323
Iraq,IRQ,1964,0.7067443,5.67444,5.3159466,0,0.67601633
Iraq,IRQ,1965,0.68420154,5.51446,4.6975026,0,0.7046254
Iraq,IRQ,1966,0.68309957,5.3832326,4.45544,0,0.8258368
Iraq,IRQ,1967,0.6522566,5.2588186,4.5352216,0,1.1414491
Iraq,IRQ,1968,0.69317216,5.219178,4.5158124,0,1.4271191
Iraq,IRQ,1969,0.7237905,4.9136205,4.505851,0,1.5903002
Iraq,IRQ,1970,0.7029266,4.9001117,4.645428,0,1.8642837
Iraq,IRQ,1971,0.66149235,4.4370875,4.5693855,0,2.045538
Iraq,IRQ,1972,0.6199325,3.9736652,4.400504,0,2.3882642
Iraq,IRQ,1973,0.56804675,3.5401485,4.3009253,0,2.5156357
Iraq,IRQ,1974,0.51658654,3.676881,4.4061794,0,2.6639662
Iraq,IRQ,1975,0.47575536,3.8667774,4.2008185,0,2.8039198
Iraq,IRQ,1976,0.44517732,3.1364763,4.2797728,0,2.7216523
Iraq,IRQ,1977,0.38400456,3.850151,4.112891,0,3.6480434
Iraq,IRQ,1978,0.30250865,3.196508,4.7292185,0,4.396459
Iraq,IRQ,1979,0.21139722,3.583686,4.4393415,0,5.516461
Iraq,IRQ,1980,0.21094252,4.027998,4.6407356,0,8.588374
Iraq,IRQ,1981,0.21057904,4.6227117,5.4550004,0,10.24818
Iraq,IRQ,1982,0.22045688,4.098494,6.212876,0,12.40571
Iraq,IRQ,1983,0.20975155,4.5046644,7.760807,0,12.295436
Iraq,IRQ,1984,0.1787335,4.2498856,8.052937,0,14.179523
Iraq,IRQ,1985,0.1291095,3.6249976,8.233213,0,14.211977
Iraq,IRQ,1986,0.099171676,3.4710088,7.903982,0,14.588154
Iraq,IRQ,1987,0.10854152,3.2069085,7.726183,0,14.97873
Iraq,IRQ,1988,0.11832639,2.7609491,8.203962,0,14.938706
Iraq,IRQ,1989,0.12782477,2.664655,7.050028,0,15.447132
Iraq,IRQ,1990,0.12953262,2.6105804,7.1442223,0,10.711351
Iraq,IRQ,1991,0.03040987,1.2265315,2.9700308,0,1.0947554
Iraq,IRQ,1992,0.020269005,1.6417894,4.2564907,0,1.7228655
Iraq,IRQ,1993,0.019919593,1.96208,3.973959,0,1.9919593
Iraq,IRQ,1994,0.009797506,1.6655762,2.821682,0,2.0378814
Iraq,IRQ,1995,0.009777748,1.47644,2.0826604,0,1.9164386
Iraq,IRQ,1996,0.009774748,1.0361233,1.7301304,0,1.8669769
Iraq,IRQ,1997,0.009782381,1.2227976,2.0543,0,1.4869219
Iraq,IRQ,1998,0.009782646,1.2228308,2.0543556,0,1.2228308
Iraq,IRQ,1999,0.0097692,1.1723042,1.9929168,0,2.0710704
Iraq,IRQ,2000,0.009744898,1.2765818,1.9587247,0,3.0306635
Iraq,IRQ,2001,0.009729802,0.98270994,2.0140688,0,3.2984028
Iraq,IRQ,2002,0.029113425,0.9510386,1.9700085,0,3.6488826
Iraq,IRQ,2003,0.04842803,1.2107008,1.4140985,0.009685606,1.1235303
Iraq,IRQ,2004,0.029016737,0.8705021,1.847399,0.009672246,2.6985567
Iraq,IRQ,2005,0.06746083,1.108285,1.8889031,0,4.0765615
Iraq,IRQ,2006,0.068648465,1.3043208,1.9319639,0,4.364081
Iraq,IRQ,2007,0.060738374,1.6601822,1.5791976,0,7.298728
Iraq,IRQ,2008,0.08126736,1.9097829,1.9605749,0,7.710241
Iraq,IRQ,2009,0.05017432,2.0069728,2.3682277,0.010034863,11.770894
Iraq,IRQ,2010,0.060040373,1.5867814,2.573159,0,10.1554
Iraq,IRQ,2011,0.051463168,1.3723512,2.821897,0,14.272451
Iraq,IRQ,2012,0.05146316,1.7240158,2.8990915,0,13.088798
Iraq,IRQ,2013,0.042885978,1.6553987,2.8218973,0,14.564078
Iraq,IRQ,2014,0.042885978,1.5696268,2.9591324,0.06861756,5.051968
Iraq,IRQ,2015,0.06004036,1.501009,2.4959636,0.10292633,11.86226
Iraq,IRQ,2016,0.12865792,1.4752775,2.4873865,0.09434914,13.3546915
Iraq,IRQ,2017,0.16296671,1.4667006,2.8990922,0.1886983,14.838548
Iraq,IRQ,2018,0.08577193,1.423814,2.9419775,0.23158424,14.246719
Iraq,IRQ,2019,0.1629667,1.3980827,3.0963671,0.25731584,14.932896
Iraq,IRQ,2020,0.59182644,1.3466196,2.7361252,0.29162464,14.281029
Iraq,IRQ,2021,0.09434915,1.3037338,3.070636,0.34308785,11.38194
Iraq,IRQ,2022,0.06861755,1.2694248,3.1907163,0.35166496,14.349646
Iraq,IRQ,2023,0.07719475,1.3637738,3.808274,0.4117053,15.413217
Ireland,IRL,1961,1.4416844,10.552328,16.04875,23.89792,5.216094
Ireland,IRL,1962,0.09011138,11.183823,16.86084,24.290022,5.256497
Ireland,IRL,1963,0.060083676,11.335787,17.91495,24.874643,6.108507
Ireland,IRL,1964,0.16021453,11.124896,17.503437,26.986135,6.819131
Ireland,IRL,1965,0.11007056,10.616805,17.36113,29.268763,7.314689
Ireland,IRL,1966,0.1399087,10.752983,17.218763,28.021715,8.404515
Ireland,IRL,1967,0.13973883,11.009423,18.55532,26.161104,8.3643675
Ireland,IRL,1968,0.17952032,10.7413,19.13886,26.778448,9.574417
Ireland,IRL,1969,0.1697249,11.01215,19.318686,29.27255,10.203462
Ireland,IRL,1970,0.17009173,10.745795,19.620583,31.276869,10.075434
Ireland,IRL,1971,0.17027722,11.098068,22.196136,31.020504,11.218264
Ireland,IRL,1972,0.17010339,10.9266405,20.63254,31.709272,11.637073
Ireland,IRL,1973,0.16002925,10.251874,18.583397,30.705614,12.882356
Ireland,IRL,1974,0.16009311,10.816292,30.897972,31.02805,10.876327
Ireland,IRL,1975,0.15018307,10.803168,33.90132,26.732586,10.262509
Ireland,IRL,1976,0.15026052,9.20596,32.716724,28.96021,11.670233
Ireland,IRL,1977,0.11020955,9.337754,30.47795,27.752768,12.293374
Ireland,IRL,1978,0.15017189,7.7488694,25.579277,29.383633,13.4554
Ireland,IRL,1979,0.16010398,7.715011,24.976221,30.43977,14.629501
Ireland,IRL,1980,0.2101697,7.746255,26.151115,30.864923,13.941257
Ireland,IRL,1981,0.22026633,8.049733,27.05271,31.468048,15.178352
Ireland,IRL,1982,0.2003722,7.2033806,32.039516,32.05955,16.65093
Ireland,IRL,1983,0.2505994,7.2172627,27.465694,33.7808,16.920471
Ireland,IRL,1984,0.3006013,6.793589,33.07616,32.6954,17.635277
Ireland,IRL,1985,0.31023923,6.9053245,30.223305,32.30491,18.66439
Ireland,IRL,1986,0.30966085,6.8025494,27.559814,33.583218,20.457594
Ireland,IRL,1987,0.2697421,6.7735233,28.143091,32.478943,22.178793
Ireland,IRL,1988,0.22049354,6.9255013,27.621826,34.747776,22.580544
Ireland,IRL,1989,0.1910244,7.3996816,21.816998,34.84687,21.97786
Ireland,IRL,1990,0.13062835,9.003308,23.000639,34.003567,24.166245
Ireland,IRL,1991,0.15015882,9.159687,23.394745,35.647705,24.976418
Ireland,IRL,1992,0.03989414,9.255441,21.074081,36.50314,23.54752
Ireland,IRL,1993,0.17949073,9.752329,19.484716,32.507763,23.95204
Ireland,IRL,1994,0.1298855,7.6632447,17.954172,31.132557,26.836344
Ireland,IRL,1995,0.13001098,11.440966,15.441304,31.862692,25.772177
Ireland,IRL,1996,0.24996516,8.938754,16.977634,32.625454,26.026373
Ireland,IRL,1997,0.3997509,9.424128,19.068117,35.02817,24.854513
Ireland,IRL,1998,1.3784846,10.618328,20.027983,37.728527,25.831604
Ireland,IRL,1999,0.30983993,9.7649555,19.270044,42.46806,32.713097
Ireland,IRL,2000,0.7802894,8.38311,17.826612,37.213806,30.95148
Ireland,IRL,2001,3.3426101,3.1624696,25.029547,38.720234,28.13197
Ireland,IRL,2002,1.0920974,5.4905443,26.871607,40.31743,27.532875
Ireland,IRL,2003,0.85384566,5.1532097,23.58623,42.25029,27.61437
Ireland,IRL,2004,1.4470598,6.0394645,27.775505,39.151,27.956388
Ireland,IRL,2005,1.7511443,5.1433606,26.04702,35.79339,32.23106
Ireland,IRL,2006,4.0391164,4.7618017,27.462032,35.985756,27.838226
Ireland,IRL,2007,2.6565318,4.717297,23.381386,33.99775,25.520285
Ireland,IRL,2008,1.6298201,4.22007,21.4787,32.761326,26.775616
Ireland,IRL,2009,2.0329528,4.0367246,22.158215,31.710173,25.309776
Ireland,IRL,2010,1.7899984,3.509997,21.99998,30.269974,22.679981
Ireland,IRL,2011,1.6299989,2.7699983,21.869987,29.74998,21.169987
Ireland,IRL,2012,0.9499989,2.9899967,22.219975,31.529966,25.189972
Ireland,IRL,2013,1.7400014,4.1000032,22.240019,32.320026,26.270023
Ireland,IRL,2014,1.3300012,3.290003,18.960016,30.490028,24.650023
Ireland,IRL,2015,1.8999972,3.3399951,20.04997,29.609959,26.539963
Ireland,IRL,2016,2.469997,3.3499956,19.859976,26.759966,27.079966
Ireland,IRL,2017,0.9200004,3.370001,20.040009,28.50001,23.66001
Ireland,IRL,2018,1.1600002,3.3800008,23.390005,29.780006,24.200006
Ireland,IRL,2019,1.0099994,3.559998,19.27999,29.209982,27.889984
Ireland,IRL,2020,0.5600009,2.9000046,20.250032,29.080046,28.670046
Ireland,IRL,2021,2.5700011,3.9100018,23.220009,27.580011,30.500013
Ireland,IRL,2022,2.5200024,4.1500044,23.130022,28.61003,29.990028
Ireland,IRL,2023,3.6500008,4.290001,23.140003,31.110006,36.20001
Israel,ISR,1961,0.1888605,1.1998198,8.687584,1.9330429,21.718958
Israel,ISR,1962,0.16639172,1.2091131,13.211502,2.0077932,24.792366
Israel,ISR,1963,0.14345337,1.3462548,14.16878,1.7324755,24.155342
Israel,ISR,1964,0.10946052,1.3792025,18.400312,1.1602814,25.318216
Israel,ISR,1965,0.11903751,1.3202342,17.53098,1.3743421,24.532549
Israel,ISR,1966,0.12779826,1.3099321,22.929138,1.3631814,25.804598
Israel,ISR,1967,0.114954434,1.400354,15.842812,1.525759,26.585827
Israel,ISR,1968,0.112724684,1.4244301,21.048775,1.772852,25.445036
Israel,ISR,1969,0.11083238,1.4609723,20.41331,1.682637,25.713114
Israel,ISR,1970,0.10943276,1.382832,19.678,1.7111304,27.000044
Israel,ISR,1971,0.09864633,1.2429436,19.33468,1.7361753,30.284422
Israel,ISR,1972,0.088673,1.3005375,15.636006,1.9902163,34.19822
Israel,ISR,1973,0.079341345,1.2793791,19.081593,2.1620517,33.184517
Israel,ISR,1974,0.08000032,1.2200049,12.370049,2.3400092,36.86015
Israel,ISR,1975,0.080455996,1.20684,15.779432,2.564535,37.864605
Israel,ISR,1976,0.08069998,1.2104998,15.383433,2.4815245,38.53424
Israel,ISR,1977,0.08079045,1.1714616,21.480162,2.8781598,37.39588
Israel,ISR,1978,0.070660524,1.261795,12.708799,2.553873,38.348476
Israel,ISR,1979,0.05041368,1.17968,22.37359,2.4702702,38.435387
Israel,ISR,1980,0.050313488,1.0263952,13.151946,2.495549,35.551514
Israel,ISR,1981,0.04013431,1.0033578,15.301206,2.4281259,37.45535
Israel,ISR,1982,0.03000278,1.0000927,16.291512,2.4902308,41.133812
Israel,ISR,1983,0.019951353,1.0374703,12.778843,2.224576,42.835556
Israel,ISR,1984,0,1.0155153,17.721739,2.070855,41.63613
Israel,ISR,1985,0.0099455295,1.0243895,16.9074,2.1283436,39.78212
Israel,ISR,1986,0,1.1146361,14.3807955,2.0003736,33.837166
Israel,ISR,1987,0.01990146,1.2637427,17.32422,2.099604,34.230515
Israel,ISR,1988,0.019924203,1.464429,19.535683,2.1717381,38.244507
Israel,ISR,1989,0.020006793,1.3604618,16.705671,1.9506623,37.49273
Israel,ISR,1990,0.0197976,1.3165406,14.095892,2.0193553,38.585526
Israel,ISR,1991,0.019423032,1.2527856,17.09227,1.9520148,39.681255
Israel,ISR,1992,0.019393856,1.212116,13.992667,1.8618102,42.210728
Israel,ISR,1993,0.019606605,1.3822657,14.910824,1.7057747,44.408962
Israel,ISR,1994,0.009898984,1.3957567,19.59009,1.6630293,47.54482
Israel,ISR,1995,0.009957544,1.443844,17.186722,1.9018909,46.01381
Israel,ISR,1996,0.009975352,1.3666233,18.973122,1.8753663,46.375416
Israel,ISR,1997,0.0099708205,1.2164402,20.101175,2.0839014,45.875744
Israel,ISR,1998,0.009954849,1.3140402,19.033672,2.0307891,45.513573
Israel,ISR,1999,0.009907369,1.3870317,18.665483,1.446476,46.16834
Israel,ISR,2000,0.009840957,1.4564617,22.81134,2.4110346,57.26453
Israel,ISR,2001,0.009792368,1.4394782,20.828367,2.5068462,65.10945
Israel,ISR,2002,0.009767187,1.2697343,24.369133,2.5687704,68.634026
Israel,ISR,2003,0.009763455,1.308303,25.170187,2.6751866,68.35395
Israel,ISR,2004,0.009777653,1.2808726,25.177458,2.70841,69.46045
Israel,ISR,2005,0.0098153865,1.4134157,23.586374,2.7581234,71.39712
Israel,ISR,2006,0.009875761,1.5702461,28.037287,2.5380707,69.16984
Israel,ISR,2007,0.009953384,1.5626814,27.00353,2.5978332,67.59344
Israel,ISR,2008,0.0100344205,1.6556795,29.430956,2.5587773,68.79599
Israel,ISR,2009,0.010094231,1.746302,25.336521,2.705254,67.197296
Israel,ISR,2010,0.009999993,1.9499987,29.44998,2.5499983,65.789955
Israel,ISR,2011,0.009999996,1.9899992,29.839989,2.4199991,66.00998
Israel,ISR,2012,0.009999998,1.9899997,28.029997,2.0699997,65.979996
Israel,ISR,2013,0.010000014,2.0100029,29.410042,2.0100029,66.00009
Israel,ISR,2014,0.010000009,2.1000018,27.860025,1.7100016,70.63006
Israel,ISR,2015,0.009999992,1.8599987,27.879978,1.7399987,73.93995
Israel,ISR,2016,0.010000004,1.7500008,30.350014,1.7100009,77.43004
Israel,ISR,2017,0.010000004,1.8200009,31.070013,1.5500007,74.72003
Israel,ISR,2018,0.0100000035,1.7200007,29.840012,1.3800006,76.64003
Israel,ISR,2019,0.010000004,1.7500007,31.500013,1.3700006,69.90003
Israel,ISR,2020,0.01,5.07,30.18,1.47,74.83
Israel,ISR,2021,0.009999994,4.939997,33.94998,1.3299993,70.07996
Israel,ISR,2022,0.010000008,5.0700045,36.12003,1.1500009,70.330055
Israel,ISR,2023,0.009999998,4.709999,30.059996,1.1299999,72.81999
Italy,ITA,1961,2.0721085,0.8208353,14.865128,7.888027,5.37547
Italy,ITA,1962,2.1832767,0.8713077,16.50477,8.392595,6.2093186
Italy,ITA,1963,2.263442,0.85129464,18.758526,8.162413,7.190935
Italy,ITA,1964,2.2315483,0.84058315,18.26267,9.606666,8.465874
Italy,ITA,1965,2.2687771,0.7995691,18.33012,9.584834,10.034592
Italy,ITA,1966,2.3363912,0.8686583,21.556705,9.365535,10.703468
Italy,ITA,1967,2.364415,0.8978791,23.753891,10.315634,10.355539
Italy,ITA,1968,2.463995,0.9476903,23.52267,11.402211,10.713888
Italy,ITA,1969,2.6745884,1.0379,24.520388,11.247244,10.9578285
Italy,ITA,1970,2.8764274,1.1186106,25.807945,12.864022,11.735424
Italy,ITA,1971,3.1195471,1.1198375,26.1962,14.247932,12.158236
Italy,ITA,1972,3.4204073,1.1201334,25.343018,14.8517685,13.161567
Italy,ITA,1973,3.4791965,1.0597552,27.393673,15.916325,14.686608
Italy,ITA,1974,3.617351,0.91932684,25.281487,17.367281,15.148907
Italy,ITA,1975,3.9049644,1.0786091,23.27998,18.276432,15.619858
Italy,ITA,1976,4.0240116,1.0983654,23.91441,18.901869,16.37563
Italy,ITA,1977,4.3231955,1.3378943,24.151987,19.798838,16.573914
Italy,ITA,1978,4.542682,1.3877643,24.151094,22.07444,17.28216
Italy,ITA,1979,4.722721,1.4577533,25.221128,22.95462,17.652792
Italy,ITA,1980,4.86347,1.4251561,26.131184,24.765825,18.068586
Italy,ITA,1981,4.7969623,1.3933084,25.756302,25.049696,18.003536
Italy,ITA,1982,4.712556,1.4047999,25.76463,24.579018,18.531404
Italy,ITA,1983,4.8077636,1.5959381,26.891556,26.55242,18.622602
Italy,ITA,1984,4.831365,1.437431,26.023489,28.259491,18.247387
Italy,ITA,1985,5.0625544,1.5077823,25.981787,27.859026,17.973564
Italy,ITA,1986,5.074017,1.4682689,26.368908,28.236708,18.058708
Italy,ITA,1987,5.1737247,1.5081707,27.316868,29.454275,18.70731
Italy,ITA,1988,5.4200087,1.5671113,26.88045,30.054598,19.154692
Italy,ITA,1989,5.275818,1.6854693,26.997427,30.867027,19.328043
Italy,ITA,1990,5.112059,1.7638097,27.084944,31.748575,19.541418
Italy,ITA,1991,5.428955,1.7731266,27.423695,32.035816,19.434664
Italy,ITA,1992,5.657032,1.7628428,25.974543,33.135468,19.630299
Italy,ITA,1993,5.636857,1.7129673,26.550991,34.19959,19.39039
Italy,ITA,1994,5.615038,1.7261777,26.775597,33.749752,18.858988
Italy,ITA,1995,5.6169763,1.6076858,25.286318,32.63007,18.27006
Italy,ITA,1996,5.836924,1.6435025,25.349781,35.698868,18.58652
Italy,ITA,1997,5.649978,1.6213847,24.072092,35.183052,18.561373
Italy,ITA,1998,5.574193,1.5699153,24.393303,37.817074,18.421665
Italy,ITA,1999,5.6832466,1.569848,25.554737,36.81194,18.291708
Italy,ITA,2000,5.7710166,1.5323043,24.80542,37.262856,18.845354
Italy,ITA,2001,6.577838,1.5471394,23.875854,39.716568,18.246264
Italy,ITA,2002,6.0784955,1.4520295,24.093674,39.725517,18.035206
Italy,ITA,2003,5.171466,1.4231553,24.72482,40.189106,15.013287
Italy,ITA,2004,5.3182387,1.4121877,23.56651,39.701504,15.764421
Italy,ITA,2005,5.404028,1.4537739,23.671448,38.790695,15.450106
Italy,ITA,2006,5.510179,1.4881505,24.413713,40.542046,13.534125
Italy,ITA,2007,5.565297,1.4089359,24.203505,41.20131,15.910912
Italy,ITA,2008,5.7600455,1.3671312,23.030128,39.14418,17.12935
Italy,ITA,2009,5.709961,1.3370156,23.714434,39.899357,17.441519
Italy,ITA,2010,6.22,1.24,23.32,42.11,17.67
Italy,ITA,2011,6.2099996,1.1799998,21.709997,40.359997,18.24
Italy,ITA,2012,6.359999,1.1099998,20.889996,40.00999,19.129995
Italy,ITA,2013,6.0900006,0.92000014,18.740002,40.510002,18.710001
Italy,ITA,2014,3.4400003,0.96000004,19.63,36.55,18.39
Italy,ITA,2015,2.5500002,0.8900001,17.420002,36.780003,18.520002
Italy,ITA,2016,2.5300002,0.9400001,17.270002,36.140003,18.690002
Italy,ITA,2017,2.2300003,0.87000006,16.22,40.430004,18.960001
Italy,ITA,2018,2.2100003,0.88000005,17.090002,38.220005,19.060001
Italy,ITA,2019,1.1900002,0.89000005,17.340002,36.310005,19.500002
Italy,ITA,2020,1.0800002,0.77000004,16.080002,33.140003,20.740002
Italy,ITA,2021,1.11,0.81,15.84,35.58,20.92
Italy,ITA,2022,1.1100001,0.8600001,16.05,33.970005,20.250002
Italy,ITA,2023,1.24,0.86999995,14.489999,34.13,20.469997
Jamaica,JAM,1961,0.49364507,1.6981391,9.191671,3.9590337,2.418861
Jamaica,JAM,1962,0.47492683,1.7018212,9.112659,3.987407,3.1167076
Jamaica,JAM,1963,0.5851647,1.4480349,9.898211,4.086235,3.6994314
Jamaica,JAM,1964,0.9939424,1.3815799,10.784275,4.264013,4.1248612
Jamaica,JAM,1965,0.8057852,1.452403,9.848485,4.018978,4.3572087
Jamaica,JAM,1966,0.8559306,1.4033281,10.032303,3.244574,5.8322716
Jamaica,JAM,1967,1.0249604,1.7414376,9.722198,3.6122394,7.4234996
Jamaica,JAM,1968,1.0344596,1.9893454,9.648325,4.038371,7.479939
Jamaica,JAM,1969,0.7657945,1.8498415,10.164183,4.1571703,8.9409
Jamaica,JAM,1970,1.1941278,2.0499194,11.523333,4.4381747,11.055633
Jamaica,JAM,1971,0.9660594,2.3802907,9.063031,3.7845623,14.401256
Jamaica,JAM,1972,0.85708284,2.371927,11.600516,4.793684,11.650346
Jamaica,JAM,1973,0.22926998,1.6447629,10.656069,4.9043837,14.932452
Jamaica,JAM,1974,0.16941048,1.6044168,11.210988,2.9298048,16.57233
Jamaica,JAM,1975,0.099654034,1.7937726,12.83544,3.2487216,19.64181
Jamaica,JAM,1976,0.04979033,1.3045065,12.9952755,3.515197,22.296108
Jamaica,JAM,1977,0.04971852,0.9844267,10.440889,3.9774816,23.596409
Jamaica,JAM,1978,0.09933895,0.94372,12.645848,3.606004,24.040026
Jamaica,JAM,1979,0.05958975,0.635624,8.213454,2.9000347,23.150618
Jamaica,JAM,1980,0.22853564,0.67567056,7.392631,3.9944055,25.268093
Jamaica,JAM,1981,0.119512945,0.45813298,7.8878546,3.714861,24.918451
Jamaica,JAM,1982,0.06987629,0.5590103,8.095667,3.2941678,25.424986
Jamaica,JAM,1983,0.1201163,0.47045553,8.898617,3.0329366,24.473698
Jamaica,JAM,1984,0.060144052,0.30072027,8.740936,3.147539,26.50348
Jamaica,JAM,1985,0.020055382,0.3409415,7.5107403,3.1687503,23.244188
Jamaica,JAM,1986,0.32067484,0.50105447,8.287441,2.6555886,26.325401
Jamaica,JAM,1987,0.6205812,0.6906468,8.1576395,3.0128217,27.99622
Jamaica,JAM,1988,0.5990316,0.79870886,8.835717,3.5742218,25.83823
Jamaica,JAM,1989,0.7272422,0.82686436,8.6870575,3.7956064,25.373777
Jamaica,JAM,1990,0.5763736,0.71549827,7.979793,3.2694294,30.816113
Jamaica,JAM,1991,0.19834453,0.66445416,7.963532,1.8743557,32.310326
Jamaica,JAM,1992,0.05936409,0.55406487,8.528642,2.6812782,32.818447
Jamaica,JAM,1993,0.4443219,1.036751,8.343378,3.2781081,33.610485
Jamaica,JAM,1994,0.06900383,1.2322112,8.053733,3.6473453,28.232422
Jamaica,JAM,1995,0.049237005,1.5657369,8.990678,3.2791846,24.687435
Jamaica,JAM,1996,0.0393746,1.4962349,7.8060145,3.238561,38.66586
Jamaica,JAM,1997,0.039390028,1.6740762,8.429466,3.2693722,40.591423
Jamaica,JAM,1998,0.01972184,2.4159255,7.7013783,3.4118783,40.23255
Jamaica,JAM,1999,0.019762173,1.9169309,8.487854,3.3595698,40.79901
Jamaica,JAM,2000,0.019801926,2.1386082,7.8019595,3.0395958,40.782066
Jamaica,JAM,2001,0.019852081,1.6477227,6.2534056,3.1664069,43.347015
Jamaica,JAM,2002,0.039794255,2.1986327,8.267258,2.7756493,43.72394
Jamaica,JAM,2003,0.089673795,2.072461,7.731874,3.377713,48.932
Jamaica,JAM,2004,0.03990679,1.9554328,6.853991,3.691378,50.12293
Jamaica,JAM,2005,0.029943395,2.036151,7.1864147,4.4915094,48.30868
Jamaica,JAM,2006,0.4292083,2.4754338,5.140518,5.230352,46.99332
Jamaica,JAM,2007,0.059871588,2.9736223,5.2587214,3.751953,52.587215
Jamaica,JAM,2008,0.029926993,2.493916,5.745983,4.3294387,51.364697
Jamaica,JAM,2009,0.029923262,1.8352935,4.438617,3.9897683,48.6652
Jamaica,JAM,2010,0.019999979,1.4799985,4.819995,3.619996,52.449944
Jamaica,JAM,2011,0.019999977,1.2999985,5.859994,3.8699956,52.34994
Jamaica,JAM,2012,0.019999985,1.3799989,5.079996,3.8999972,53.079964
Jamaica,JAM,2013,0.030000009,1.1700003,4.3400016,3.9700015,52.98002
Jamaica,JAM,2014,0.019999957,1.2899972,4.1999907,3.5299923,53.319885
Jamaica,JAM,2015,0.019999957,1.1399976,4.3699903,3.5099926,54.209885
Jamaica,JAM,2016,0.029999902,1.0999964,4.559985,3.8199875,52.729828
Jamaica,JAM,2017,0.029999945,1.0399982,4.129993,3.5799935,53.109905
Jamaica,JAM,2018,0.079999916,0.92999905,5.0599947,3.4999964,57.41994
Jamaica,JAM,2019,0.03999993,1.0199982,5.3799906,3.2299943,57.6499
Jamaica,JAM,2020,0.019999964,0.9699983,4.4899917,2.4199958,55.4399
Jamaica,JAM,2021,0.02,0.81,6.35,2.66,51.79
Jamaica,JAM,2022,0.009999964,1.1699958,5.2699814,2.7499902,55.429802
Jamaica,JAM,2023,0.0100000175,1.150002,5.66001,3.3500059,56.7901
Japan,JPN,1961,2.141445,0.26888096,1.507654,2.0838275,1.3348019
Japan,JPN,1962,2.6719365,0.25950462,1.5089713,3.2486134,1.5474164
Japan,JPN,1963,2.3384013,0.5100216,1.8861178,2.8291767,1.7995104
Japan,JPN,1964,2.3126118,0.62633234,2.389699,3.4111023,1.7826383
Japan,JPN,1965,2.3342938,0.54016715,2.2281895,3.9451497,2.0449185
Japan,JPN,1966,2.3490818,0.9086983,1.6433905,5.4328556,2.38775
Japan,JPN,1967,2.1110947,0.9490242,1.6559504,5.7425647,2.8567567
Japan,JPN,1968,1.9086065,1.0366544,1.7923462,5.6386247,3.2359116
Japan,JPN,1969,1.9111445,1.2126551,2.415609,5.8595495,3.8998988
Japan,JPN,1970,1.7007307,1.0301569,2.8280723,6.9001074,4.5968323
Japan,JPN,1971,1.6752437,1.1882542,3.1751711,7.8989687,5.1426086
Japan,JPN,1972,1.7177563,1.366397,3.5233524,8.559503,5.8364677
Japan,JPN,1973,1.7393078,1.1921098,3.6056437,9.849563,6.2830048
Japan,JPN,1974,1.5738544,0.791815,3.4116473,10.117637,6.5495806
Japan,JPN,1975,1.4080261,1.1342432,3.578733,10.1593,6.5610104
Japan,JPN,1976,1.281286,1.1639163,3.599338,10.416562,7.3649497
Japan,JPN,1977,1.2228932,1.2620257,4.0600057,10.94734,8.041746
Japan,JPN,1978,1.1251217,1.1740401,4.6081076,11.750185,8.942272
Japan,JPN,1979,1.0665479,0.9882691,4.911991,13.121474,9.67721
Japan,JPN,1980,0.9499478,0.6561495,4.867258,13.181749,9.901002
Japan,JPN,1981,0.88357186,0.72649246,5.2621617,13.0964985,10.07272
Japan,JPN,1982,0.8866168,0.69944215,5.319701,12.944606,10.55074
Japan,JPN,1983,0.8697514,0.67208064,5.564432,13.105573,10.960844
Japan,JPN,1984,0.85238904,0.61451304,5.976635,13.2715,11.418049
Japan,JPN,1985,0.81427807,0.6454643,6.156737,14.081054,11.807033
Japan,JPN,1986,0.61583287,0.6456312,6.466245,14.342945,12.555044
Japan,JPN,1987,0.51607007,0.61531436,6.887551,15.124824,13.090316
Japan,JPN,1988,0.4065053,0.62463003,7.4162426,15.3877125,13.78152
Japan,JPN,1989,0.39636785,0.554915,8.115631,15.706076,13.654872
Japan,JPN,1990,0.3764563,0.5151507,8.341479,15.246481,13.492987
Japan,JPN,1991,0.3565512,0.51501834,8.34924,15.183138,13.697508
Japan,JPN,1992,0.3268065,0.53477424,9.041646,15.389614,14.141807
Japan,JPN,1993,0.3268783,0.4457431,10.034173,15.214698,13.728888
Japan,JPN,1994,0.2872574,0.37640625,10.727578,15.105778,13.748734
Japan,JPN,1995,0.28725475,0.3764028,11.242558,17.086706,14.649993
Japan,JPN,1996,0.25756398,0.32690814,10.629467,17.97004,14.720772
Japan,JPN,1997,0.21787968,0.28720504,10.596875,16.360785,14.40977
Japan,JPN,1998,0.21777098,0.27716306,10.779664,16.293228,14.362987
Japan,JPN,1999,0.20781296,0.23750053,10.974504,17.268269,15.012013
Japan,JPN,2000,0.18803641,0.20782971,11.301978,17.665525,15.428883
Japan,JPN,2001,0.17818086,0.20787765,10.294893,18.065557,15.571026
Japan,JPN,2002,0.15844925,0.19806157,8.902867,18.934687,16.042988
Japan,JPN,2003,0.15856224,0.17838253,9.523644,18.958097,15.776943
Japan,JPN,2004,0.1785315,0.21820515,8.311633,20.372427,14.857787
Japan,JPN,2005,0.18861216,0.24817389,8.517328,20.667921,16.746775
Japan,JPN,2006,0.16885613,0.24831784,8.442806,19.388657,17.253124
Japan,JPN,2007,0.14901784,0.17882141,8.54369,19.938587,17.057575
Japan,JPN,2008,0.13908565,0.17882442,8.464356,20.16742,17.226751
Japan,JPN,2009,0.12914869,0.17882128,8.6927,19.630602,16.848936
Japan,JPN,2010,0.1399128,0.1399128,8.864475,19.827642,17.349188
Japan,JPN,2011,0.13990255,0.13990255,8.923784,20.096,17.827581
Japan,JPN,2012,0.11993002,0.13991837,9.014741,20.248186,18.179394
Japan,JPN,2013,0.11995798,0.14994748,9.156793,19.913025,19.67311
Japan,JPN,2014,0.12998994,0.14998841,8.979305,20.558409,18.028606
Japan,JPN,2015,0.12997453,0.14997062,8.588317,20.086063,18.056461
Japan,JPN,2016,0.1298302,0.14980409,8.54882,20.982557,18.256124
Japan,JPN,2017,0.119620144,0.1495252,9.260592,21.721025,18.90995
Japan,JPN,2018,0.119378254,0.14922282,9.659691,21.756687,19.180107
Japan,JPN,2019,0.13899697,0.14892533,9.719859,22.011162,19.678
Japan,JPN,2020,0.10907703,0.13882531,9.61861,21.54767,22.76735
Japan,JPN,2021,0.10906628,0.1288965,9.459021,21.833086,25.98752
Japan,JPN,2022,0.11899592,0.14874491,9.400677,22.579475,27.666552
Jordan,JOR,1961,0.96479607,7.911328,1.4086024,0,1.1770513
Jordan,JOR,1962,0.87005246,10.100174,1.2861645,0,1.437478
Jordan,JOR,1963,0.5217727,8.981944,1.9939171,0,1.8821086
Jordan,JOR,1964,0.51287895,8.883796,1.6851737,0,2.253004
Jordan,JOR,1965,0.7316594,9.36881,1.6060816,0,2.8552563
Jordan,JOR,1966,0.5857239,10.181258,1.5676727,0,3.014755
Jordan,JOR,1967,0.3465897,6.7172394,1.270829,0,2.5251536
Jordan,JOR,1968,0.41939047,7.580483,1.32108,0,2.7679772
Jordan,JOR,1969,0.3797703,7.226185,0.9177782,0,5.9602838
Jordan,JOR,1970,0.38066104,6.5558286,0.94107866,0,5.5090113
Jordan,JOR,1971,0.5499809,6.494005,0.86727756,0,6.6209245
Jordan,JOR,1972,0.81375885,6.1296124,0.8877369,0,7.471786
Jordan,JOR,1973,0.72721606,6.818968,1.1171725,0,8.979538
Jordan,JOR,1974,0.3987623,4.417866,0.69258714,0.010493744,10.409795
Jordan,JOR,1975,0.36583906,4.6931925,0.8675612,0,11.821829
Jordan,JOR,1976,0.3748581,3.1967065,0.8017798,0,12.15165
Jordan,JOR,1977,0.55952233,4.3829246,0.7978373,0.010361524,12.060814
Jordan,JOR,1978,0.26791078,8.088845,0.78312385,0.010304261,13.086411
Jordan,JOR,1979,0.2666523,8.225199,0.76918936,0.020511715,12.4813795
Jordan,JOR,1980,0.4083803,7.0547695,0.7452941,0.010209507,13.517387
Jordan,JOR,1981,1.6990635,8.861584,6.5419035,0.010174033,12.982067
Jordan,JOR,1982,1.4309542,9.590438,4.0898905,0.010148611,15.720199
Jordan,JOR,1983,1.8629831,6.864688,4.424585,0.020249816,19.105701
Jordan,JOR,1984,1.0689086,6.8268976,4.235298,0.010084043,21.479012
Jordan,JOR,1985,1.1116701,10.445693,7.1507425,0.010015045,20.610964
Jordan,JOR,1986,1.7443372,7.591831,6.00607,0.009911007,22.82505
Jordan,JOR,1987,0.9686793,8.522421,5.743583,0.009784639,21.310946
Jordan,JOR,1988,0.15468624,12.51025,5.5397015,0,22.574524
Jordan,JOR,1989,0.2874042,8.756248,2.203432,0.009580139,17.569977
Jordan,JOR,1990,0.25032616,5.4608183,3.8476055,0,17.476473
Jordan,JOR,1991,0.1355503,7.319716,2.9549963,0,21.579605
Jordan,JOR,1992,0.09974807,7.254405,1.1153648,0,18.77984
Jordan,JOR,1993,0.12737758,7.824623,5.4044485,0,19.907295
Jordan,JOR,1994,0.07285468,5.454994,5.03608,0.009106835,21.492132
Jordan,JOR,1995,0.09999796,4.3271847,3.9453743,0.0090907235,22.408632
Jordan,JOR,1996,0.09060527,4.2403264,2.4463422,0,20.875454
Jordan,JOR,1997,0.09020494,4.0502014,4.528288,0.009020493,20.043537
Jordan,JOR,1998,0.08967351,4.770631,3.577973,0,19.199099
Jordan,JOR,1999,0.08905609,4.0876746,4.2212586,0.008905609,21.471424
Jordan,JOR,2000,0.106190056,4.2033563,5.6015253,0.008849171,22.379555
Jordan,JOR,2001,0.09671935,4.6073575,6.4626107,0.008792668,21.691511
Jordan,JOR,2002,0.08730294,4.312765,7.0278864,0.008730293,20.070944
Jordan,JOR,2003,0.095481634,4.261953,5.286211,0.017360298,22.160421
Jordan,JOR,2004,0.08656822,5.1334953,6.916801,0.008656822,23.711035
Jordan,JOR,2005,0.060821645,4.58769,5.856255,0.017377611,24.146193
Jordan,JOR,2006,0.08446681,3.8516862,8.083473,0.00844668,20.719707
Jordan,JOR,2007,0.124267004,4.987249,7.514011,0.008284466,23.337343
Jordan,JOR,2008,0.11839126,4.8624983,7.1288457,0.016913038,23.898123
Jordan,JOR,2009,0.06058308,5.495751,4.898575,0.017309451,24.13803
Jordan,JOR,2010,0.08999993,4.5099964,4.749996,0.019999983,29.709974
Jordan,JOR,2011,0.07999988,4.369993,6.62999,0.01999997,30.289955
Jordan,JOR,2012,0.04999998,6.489997,5.7899976,0.019999992,30.789988
Jordan,JOR,2013,0.079999976,5.1699986,5.8499985,0.009999997,30.409992
Jordan,JOR,2014,0.07999995,4.959997,4.4399977,0.009999994,29.129982
Jordan,JOR,2015,0.080000006,5.0600004,5.7600007,0.010000001,26.270002
Jordan,JOR,2016,0.110000014,4.8700004,6.3800006,0.010000001,24.800001
Jordan,JOR,2017,0.08000003,4.5600014,6.5500026,0.0100000035,24.170008
Jordan,JOR,2018,0.09,5.68,6.5699997,0.01,25.609999
Jordan,JOR,2019,0.089999974,4.4699984,7.589998,0.009999997,22.019993
Jordan,JOR,2020,0.08999999,4.4499993,7.399999,0.009999998,24.519997
Jordan,JOR,2021,0.10000004,4.390002,7.840003,0.0100000035,28.490011
Jordan,JOR,2022,0.08999993,4.389996,6.8399944,0.009999991,26.60998
Jordan,JOR,2023,0.07999993,4.7499957,7.109994,0.009999991,23.139978
Kazakhstan,KAZ,1992,3.5788116,13.434451,24.384132,12.75763,6.1099405
Kazakhstan,KAZ,1993,3.8546672,15.243458,22.261164,11.38879,4.620068
Kazakhstan,KAZ,1994,4.3897114,14.065559,24.69328,9.19529,2.7724493
Kazakhstan,KAZ,1995,3.8199902,11.4785595,24.499985,6.3852386,2.3607724
Kazakhstan,KAZ,1996,4.5279565,10.082872,21.48212,6.6378913,2.58607
Kazakhstan,KAZ,1997,4.400759,9.121231,18.139027,5.5103526,3.4792328
Kazakhstan,KAZ,1998,4.5672255,7.615208,16.98704,5.4123044,3.465774
Kazakhstan,KAZ,1999,4.226612,6.401655,17.504824,6.4111533,2.7829156
Kazakhstan,KAZ,2000,3.5261996,6.149692,16.060663,9.31857,3.450974
Kazakhstan,KAZ,2001,3.55199,6.2346773,15.245515,12.403924,4.224999
Kazakhstan,KAZ,2002,3.3623219,6.4911494,15.746876,12.720785,5.1929197
Kazakhstan,KAZ,2003,3.9428205,6.0968556,17.119896,12.605787,5.9189134
Kazakhstan,KAZ,2004,4.183799,6.4120245,18.01384,12.617209,7.5308385
Kazakhstan,KAZ,2005,4.103702,6.688563,18.461943,13.707308,9.61304
Kazakhstan,KAZ,2006,4.217189,7.148419,19.119183,14.079359,13.3134575
Kazakhstan,KAZ,2007,4.214265,7.604617,20.57887,14.4042635,12.709087
Kazakhstan,KAZ,2008,4.3311505,7.989409,20.319447,15.855612,11.865646
Kazakhstan,KAZ,2009,4.6228285,8.127842,20.509064,15.497844,11.253935
Kazakhstan,KAZ,2010,5.270001,8.570001,16.570002,7.770001,13.4400015
Kazakhstan,KAZ,2011,5.4300013,8.770002,15.880004,10.080002,15.280004
Kazakhstan,KAZ,2012,5.5499983,8.869997,15.709995,9.979997,18.169994
Kazakhstan,KAZ,2013,5.6199994,8.999999,16.159998,9.689999,16.979998
Kazakhstan,KAZ,2014,5.359998,9.079997,16.299994,8.739997,15.819995
Kazakhstan,KAZ,2015,5.2699986,9.069997,16.449997,7.9999976,16.209995
Kazakhstan,KAZ,2016,5.56,9.05,16.27,7.57,16.54
Kazakhstan,KAZ,2017,5.5299997,8.979999,17.439999,7.3399997,18.159998
Kazakhstan,KAZ,2018,5.5900016,8.950003,17.440006,7.080002,19.650005
Kazakhstan,KAZ,2019,6.0900016,8.960002,19.590004,7.310002,20.000004
Kazakhstan,KAZ,2020,6.300001,8.790001,19.730003,7.9200015,21.160004
Kazakhstan,KAZ,2021,6.589998,8.819997,19.999992,8.499997,21.809992
Kazakhstan,KAZ,2022,8.469999,7.049999,17.879997,6.679999,22.229996
Kazakhstan,KAZ,2023,8.839996,7.1799965,18.779991,6.699997,23.389988
Kenya,KEN,1961,1.7794333,3.8100808,13.105003,0.28261587,0.9001839
Kenya,KEN,1962,1.7259432,3.5350647,11.738494,0.2599312,0.92535514
Kenya,KEN,1963,1.7138766,3.5206745,10.0457945,0.15486838,0.92921025
Kenya,KEN,1964,1.7018926,3.537066,10.754731,0.17429021,0.9739747
Kenya,KEN,1965,1.6794933,3.3691654,11.29841,0.1730387,1.007696
Kenya,KEN,1966,1.6476413,3.2043087,10.047579,0.20216458,1.1220134
Kenya,KEN,1967,1.6369221,3.1734197,10.13285,0.15063702,1.1649262
Kenya,KEN,1968,1.6174083,2.9552646,10.732802,0.18969603,1.1481602
Kenya,KEN,1969,1.6292517,2.58296,10.659677,0.19868924,1.3709557
Kenya,KEN,1970,1.5340749,2.2664719,11.124517,0.08907532,1.346027
Kenya,KEN,1971,1.5029927,2.1556082,10.906585,0.12854543,1.5128808
Kenya,KEN,1972,1.4749776,1.9996341,10.750507,0.1880844,1.663062
Kenya,KEN,1973,1.4379683,1.8644001,10.88889,0.18842342,1.7453959
Kenya,KEN,1974,1.4220045,1.9291531,10.580509,0.17899358,1.7799916
Kenya,KEN,1975,1.387359,2.165877,9.172539,0.189639,1.9363141
Kenya,KEN,1976,1.3737671,2.2862694,9.61637,0.19052245,1.9052246
Kenya,KEN,1977,1.3591857,2.5472145,12.444099,0.1912928,2.0236764
Kenya,KEN,1978,1.4138623,2.8984177,12.664167,0.20198034,2.0501003
Kenya,KEN,1979,1.3776222,2.765374,12.266915,0.20259151,2.0157855
Kenya,KEN,1980,1.3710302,2.21396,11.943197,0.21327136,2.0108445
Kenya,KEN,1981,1.3438127,2.2193272,9.885168,0.22396879,2.0462604
Kenya,KEN,1982,1.3369384,2.1942122,10.613862,0.24493529,2.0207162
Kenya,KEN,1983,1.400294,1.8500234,10.885496,0.23508586,2.1668782
Kenya,KEN,1984,1.4834479,2.291671,10.414827,0.23530552,1.698292
Kenya,KEN,1985,1.4948412,2.549421,9.767661,0.24572732,2.1296368
Kenya,KEN,1986,1.4857266,2.0595245,9.959492,0.23566698,2.2746987
Kenya,KEN,1987,1.4149356,1.9993654,10.6427765,0.22556943,2.1429095
Kenya,KEN,1988,1.3944377,2.3684933,11.155501,0.24607722,1.876339
Kenya,KEN,1989,1.3834816,2.3570426,10.278755,0.24595228,1.9676182
Kenya,KEN,1990,1.3621478,2.4580112,9.319959,0.2458011,0.77837014
Kenya,KEN,1991,1.363212,2.51118,10.341961,0.2972417,0.7584788
Kenya,KEN,1992,1.2014079,2.4336212,10.258176,0.3183218,0.7701333
Kenya,KEN,1993,1.1418988,2.3660965,9.649559,0.31890866,0.5760931
Kenya,KEN,1994,1.163994,2.2764838,9.363456,0.2575208,0.5974482
Kenya,KEN,1995,1.154366,2.2365842,8.987564,0.2885915,0.7523993
Kenya,KEN,1996,1.1854026,2.102801,9.225525,0.34015903,0.72154945
Kenya,KEN,1997,1.1432679,2.090841,9.331537,0.3707896,0.7209797
Kenya,KEN,1998,1.1515566,1.850716,9.346116,0.32901618,0.6683141
Kenya,KEN,1999,1.1788371,2.2244143,9.379442,0.33827502,0.5022871
Kenya,KEN,2000,1.031164,2.1133757,8.371827,0.40838182,0.5513155
Kenya,KEN,2001,1.1176322,2.3978288,8.920736,0.40641168,0.904266
Kenya,KEN,2002,1.173196,2.376733,9.759776,0.42477784,0.60682553
Kenya,KEN,2003,1.2090135,2.2870502,10.185937,0.42315468,0.6145818
Kenya,KEN,2004,1.3547269,2.1775982,10.08519,0.42147058,0.5418908
Kenya,KEN,2005,1.2196426,2.109382,11.066757,0.41987696,0.5498389
Kenya,KEN,2006,1.3247019,2.171316,11.653392,0.41832688,0.5776895
Kenya,KEN,2007,2.4416094,2.2232542,11.68201,0.3870844,0.61536497
Kenya,KEN,2008,2.482257,2.1361256,11.669575,0.35602093,0.61314714
Kenya,KEN,2009,2.1386447,2.1485002,11.944872,0.3843647,0.6208968
Kenya,KEN,2010,2.13,2.09,11.1,0.29,0.65
Kenya,KEN,2011,2.0499997,2.2499998,10.709998,0.25999996,0.49999994
Kenya,KEN,2012,2.0699997,2.1799998,9.349999,0.24999997,0.5299999
Kenya,KEN,2013,2.0899997,1.9899998,9.419999,0.27999997,0.82999986
Kenya,KEN,2014,2.2,2.19,10.14,0.29,0.97
Kenya,KEN,2015,2.1500003,2.0700002,10.450001,0.32000002,0.90000004
Kenya,KEN,2016,2.1300006,1.9200003,10.790002,0.30000007,0.8300001
Kenya,KEN,2017,2.1500006,0.9500002,11.030003,0.28000006,2.1700006
Kenya,KEN,2018,2.09,1.12,10.47,0.3,2.64
Kenya,KEN,2019,2.15,1.89,6.42,0.32,1.74
Kenya,KEN,2020,1.82,2.83,4.66,0.47,1.33
Kenya,KEN,2021,1.3700001,2.0400002,4.7100005,0.42000002,1.6900002
Kenya,KEN,2022,1.05,1.4000001,4.09,1.1,1.7500001
Kenya,KEN,2023,1.5999998,1.8699998,4.2799997,0.7199999,1.7099998
Kiribati,KIR,1961,0,0,1.3994664,10.260409,1.9409684
Kiribati,KIR,1962,0,0,6.595779,10.006659,1.9773213
Kiribati,KIR,1963,0,0,6.8794775,9.763048,1.9696134
Kiribati,KIR,1964,0,0,7.072506,11.396959,1.9953556
Kiribati,KIR,1965,0,0,6.0712414,11.111651,1.9834617
Kiribati,KIR,1966,0,0,4.1973224,9.34728,2.0198717
Kiribati,KIR,1967,0,0,6.65261,9.248219,2.057583
Kiribati,KIR,1968,0,0,7.0775046,9.164461,2.1398866
Kiribati,KIR,1969,0,0,4.8735366,9.030152,2.18127
Kiribati,KIR,1970,0,0,6.0344167,8.8489485,2.2256215
Kiribati,KIR,1971,0,0,6.0897875,8.728184,2.2702482
Kiribati,KIR,1972,0,0,7.4851155,8.562111,2.338618
Kiribati,KIR,1973,0,0,7.254064,8.412861,3.2523546
Kiribati,KIR,1974,0,0,6.4319425,8.358456,3.4001794
Kiribati,KIR,1975,0,0,6.459163,8.512563,3.2964547
Kiribati,KIR,1976,0,0,7.985927,8.648056,3.2944975
Kiribati,KIR,1977,0,0,10.735506,8.671311,3.400846
Kiribati,KIR,1978,0,0,8.745114,8.666956,3.6387322
Kiribati,KIR,1979,0,0,9.54479,8.699495,4.0855927
Kiribati,KIR,1980,0,0,9.117214,8.68563,3.4796467
Kiribati,KIR,1981,0.18024687,0.12617281,5.7498755,8.552714,3.640987
Kiribati,KIR,1982,0.541602,0.0180534,5.876382,8.322618,3.5745733
Kiribati,KIR,1983,0.33092877,0.07353972,5.7820606,8.190487,3.7413335
Kiribati,KIR,1984,0.34945205,0,5.949881,8.019006,4.0738754
Kiribati,KIR,1985,0.19576003,0,5.4812813,7.8490453,3.9711323
Kiribati,KIR,1986,0.64865816,0,3.6193244,7.8685055,4.4089956
Kiribati,KIR,1987,0.45420006,0,6.1506257,8.014739,4.646088
Kiribati,KIR,1988,0.24746308,0,5.4822593,7.595213,4.3401217
Kiribati,KIR,1989,0.028292602,0.028292602,8.912169,7.4786777,4.3193374
Kiribati,KIR,1990,0.0758628,0.06637996,4.494871,7.3302436,4.437974
Kiribati,KIR,1991,0.5655561,0.075407475,5.759246,7.2862473,5.4764676
Kiribati,KIR,1992,0.43242547,0.037602212,6.3453736,7.0222135,5.565128
Kiribati,KIR,1993,0.19707556,0.037538204,4.7673516,7.8267155,6.3439565
Kiribati,KIR,1994,0.15930928,0.065597944,5.079155,7.909237,6.3723717
Kiribati,KIR,1995,0.44897908,0.16836716,7.0527134,8.352882,9.372439
Kiribati,KIR,1996,0.28316614,0.094388716,6.257972,7.7681904,10.8263855
Kiribati,KIR,1997,0.51627237,0.08448094,4.9656014,8.072623,10.23158
Kiribati,KIR,1998,0.16808292,0.42954525,4.8744044,7.6851244,12.382109
Kiribati,KIR,1999,0.09295493,0.39041072,3.764675,8.059193,12.669758
Kiribati,KIR,2000,0.22474952,0.7866233,4.1672306,9.242825,12.342495
Kiribati,KIR,2001,1.1342556,0.3346984,4.815938,10.003763,14.475705
Kiribati,KIR,2002,0.27026147,0.41937125,4.305545,11.071402,15.013492
Kiribati,KIR,2003,0.4248904,0.24015543,5.9392285,11.555171,16.78317
Kiribati,KIR,2004,0.30563188,0.63904846,5.603251,10.965701,16.985723
Kiribati,KIR,2005,0.09179459,0.88122797,5.746341,9.454843,21.948086
Kiribati,KIR,2006,0.42308155,0.79097855,5.702403,9.583716,20.57464
Kiribati,KIR,2007,0.22776031,0.8654892,5.566462,9.6114855,19.678492
Kiribati,KIR,2008,0.45570105,0.3098767,4.10131,9.770231,16.186502
Kiribati,KIR,2009,0,0.11720621,2.2629814,8.646212,14.758967
Kiribati,KIR,2010,0.059990615,0.09998436,4.6192775,8.24871,13.327915
Kiribati,KIR,2011,0,0.02999729,10.819022,8.329247,13.828751
Kiribati,KIR,2012,0.03999537,0.09998842,6.179284,8.569008,13.12848
Kiribati,KIR,2013,0.129992,0.17998894,5.219679,9.389422,14.239123
Kiribati,KIR,2014,0.039996877,0.15998751,7.2094374,7.969378,15.098823
Kiribati,KIR,2015,0.06999041,0.08998767,4.189426,8.918778,16.327763
Kiribati,KIR,2016,0.0399973,0.01999865,4.1897173,11.509223,17.46882
Kiribati,KIR,2017,0.3099536,0.049992517,3.5794642,12.748092,19.96701
Kiribati,KIR,2018,0.13998051,0.09998608,3.8994572,10.69851,21.816961
Kiribati,KIR,2019,0.22998515,0.1099929,2.3998451,11.379266,21.438616
Kiribati,KIR,2020,,0.07999365,3.959686,13.648917,10.679153
Kiribati,KIR,2021,0.009999455,0.119993456,7.0296173,16.579096,15.389162
Kiribati,KIR,2022,0.12998705,0.22997709,5.4494567,14.208585,23.887619
Kiribati,KIR,2023,0.01999849,0.5099615,4.0396953,14.84888,25.658064
Kuwait,KWT,1961,4.6899433,23.04894,3.4705584,,9.25198
Kuwait,KWT,1962,4.211374,21.36141,3.506578,,9.040532
Kuwait,KWT,1963,3.7958672,21.819538,3.6083066,,8.600988
Kuwait,KWT,1964,2.8513365,21.426018,4.1995726,,8.663326
Kuwait,KWT,1965,3.3293679,23.259335,7.121148,,8.998541
Kuwait,KWT,1966,2.9190164,23.911686,3.627787,,8.607834
Kuwait,KWT,1967,2.845548,19.079166,3.8251626,,11.596774
Kuwait,KWT,1968,2.3693302,19.68867,3.4378517,,13.045254
Kuwait,KWT,1969,2.41686,18.575562,3.0280201,,12.093561
Kuwait,KWT,1970,1.7333689,18.16793,3.2257347,,11.058338
Kuwait,KWT,1971,1.9614393,17.727674,2.8113964,,10.815937
Kuwait,KWT,1972,2.3456416,16.984707,4.917369,,15.166598
Kuwait,KWT,1973,2.3799257,17.000824,4.5512524,,13.900283
Kuwait,KWT,1974,1.8744668,17.517223,2.7593672,,16.860685
Kuwait,KWT,1975,1.0928897,18.08495,5.8255777,,15.794634
Kuwait,KWT,1976,1.1981162,18.415142,3.5566127,,21.971754
Kuwait,KWT,1977,1.457041,19.548635,5.062284,,26.81516
Kuwait,KWT,1978,1.1268628,19.76628,6.1792717,,25.38212
Kuwait,KWT,1979,1.3099331,21.032213,8.189372,,24.192541
Kuwait,KWT,1980,1.1844186,20.399332,6.6600766,,25.701881
Kuwait,KWT,1981,1.1549625,19.252407,8.666766,,23.090157
Kuwait,KWT,1982,1.0061841,18.23822,12.645287,,33.358173
Kuwait,KWT,1983,0.6957052,18.422634,10.272945,,32.273495
Kuwait,KWT,1984,0.1631248,18.242788,7.7756147,,31.338087
Kuwait,KWT,1985,0.17352468,19.270372,6.045965,,26.768465
Kuwait,KWT,1986,0.13855374,19.36981,8.17467,,33.483818
Kuwait,KWT,1987,0.14028203,19.826529,9.426952,,33.67704
Kuwait,KWT,1988,0.13162456,20.430012,10.003467,,31.759125
Kuwait,KWT,1989,0.13928036,20.279219,9.628915,,32.823734
Kuwait,KWT,1990,0.25676134,17.557585,0.953685,,25.70059
Kuwait,KWT,1991,0.8879661,6.038169,3.033884,,13.423086
Kuwait,KWT,1992,1.3756233,12.34593,7.6526265,,26.934471
Kuwait,KWT,1993,0.57856375,16.157707,9.961816,,28.139236
Kuwait,KWT,1994,0.712918,20.179539,9.485769,,32.51698
Kuwait,KWT,1995,0.83944386,20.269268,9.903551,,35.690514
Kuwait,KWT,1996,0.842766,20.226383,9.563561,,35.295403
Kuwait,KWT,1997,0.51248205,24.0592,9.663947,,35.73647
Kuwait,KWT,1998,0.5975574,22.847235,9.822351,,37.403362
Kuwait,KWT,1999,0.4497075,20.112452,9.147243,,38.952324
Kuwait,KWT,2000,0.34127772,19.394325,8.892722,,48.334675
Kuwait,KWT,2001,0.43405622,17.776575,7.191522,,56.831768
Kuwait,KWT,2002,0.3579059,20.400635,7.3768377,,45.384453
Kuwait,KWT,2003,0.52150685,20.980621,12.997556,,54.988888
Kuwait,KWT,2004,0.25448135,22.485971,10.830727,,72.20145
Kuwait,KWT,2005,0.56455725,24.019344,12.656347,,86.8289
Kuwait,KWT,2006,0.5417126,22.486183,10.384528,,63.094185
Kuwait,KWT,2007,1.2531052,22.056688,10.126719,,72.09939
Kuwait,KWT,2008,0.40762863,20.911348,9.721943,,77.062195
Kuwait,KWT,2009,0.77481973,19.299128,10.011486,,89.532455
Kuwait,KWT,2010,0.5499993,14.399981,10.469987,,70.99991
Kuwait,KWT,2011,0.69999886,14.369977,10.139984,,67.509895
Kuwait,KWT,2012,0.59000087,14.320022,9.160013,,58.86009
Kuwait,KWT,2013,0.53999925,13.84998,12.639982,,53.209923
Kuwait,KWT,2014,0.64000016,13.590004,11.780003,,46.76001
Kuwait,KWT,2015,0.5699977,13.359947,12.099953,,47.069817
Kuwait,KWT,2016,0.43999934,13.14998,9.589986,,46.20993
Kuwait,KWT,2017,0.53999925,12.599982,9.599987,,45.239937
Kuwait,KWT,2018,1.3800004,12.180003,9.490003,,46.44001
Kuwait,KWT,2019,2.419994,12.949967,11.6299715,0.30999923,45.739887
Kuwait,KWT,2020,2.259997,13.149982,11.589985,0,45.279938
Kuwait,KWT,2021,2.4499958,13.689975,12.329978,0,45.18992
Kuwait,KWT,2022,2.089998,13.8699875,11.959989,,40.52996
Kuwait,KWT,2023,1.9799995,14.259996,9.489998,,36.809994
Kyrgyzstan,KGZ,1992,2.607582,15.110353,19.089836,4.0767794,4.8259726
Kyrgyzstan,KGZ,1993,1.2078907,17.417006,19.004799,4.4419208,2.0066571
Kyrgyzstan,KGZ,1994,2.8435342,16.279476,17.627958,3.810922,1.5439119
Kyrgyzstan,KGZ,1995,2.2309039,11.368842,16.619747,5.815937,0.67219377
Kyrgyzstan,KGZ,1996,2.77618,11.231353,15.644017,5.9030356,0.7305737
Kyrgyzstan,KGZ,1997,3.7927656,8.856303,19.335285,5.1417394,1.2609968
Kyrgyzstan,KGZ,1998,3.7056339,8.630096,19.294851,6.369365,2.1132927
Kyrgyzstan,KGZ,1999,4.1411724,9.01198,19.207151,5.5610027,1.0747329
Kyrgyzstan,KGZ,2000,3.9047194,8.1939945,20.065918,4.624529,1.321294
Kyrgyzstan,KGZ,2001,3.6289167,8.300286,19.757435,4.927066,1.3079835
Kyrgyzstan,KGZ,2002,2.3762102,8.145609,20.505814,4.292824,1.5841401
Kyrgyzstan,KGZ,2003,1.611603,8.184225,18.290724,4.135801,2.2620692
Kyrgyzstan,KGZ,2004,0.9453344,8.276499,18.25074,4.7556105,2.479091
Kyrgyzstan,KGZ,2005,1.2205354,8.514915,17.202822,3.3348486,3.2771857
Kyrgyzstan,KGZ,2006,0.6830579,8.46607,15.575645,5.7530794,3.1555352
Kyrgyzstan,KGZ,2007,0.78265494,8.531905,14.010489,5.623521,3.826313
Kyrgyzstan,KGZ,2008,0.7392977,8.492195,14.036928,5.3015423,5.1459007
Kyrgyzstan,KGZ,2009,1.1119092,8.80749,14.513341,5.4912705,6.22279
Kyrgyzstan,KGZ,2010,1.4299991,8.739995,13.839992,5.359997,10.719994
Kyrgyzstan,KGZ,2011,1.4499981,8.619988,14.249982,4.789994,8.33999
Kyrgyzstan,KGZ,2012,1.4499998,8.489998,14.329997,4.819999,7.1299987
Kyrgyzstan,KGZ,2013,1.4699991,8.409994,14.599991,4.289997,5.639996
Kyrgyzstan,KGZ,2014,1.4899994,8.479997,15.429995,5.769998,3.6299987
Kyrgyzstan,KGZ,2015,1.480001,8.540006,14.490009,3.1200018,3.6900024
Kyrgyzstan,KGZ,2016,1.49,8.6,14.55,2.81,4.27
Kyrgyzstan,KGZ,2017,1.5100005,8.670003,14.070004,2.740001,3.1200008
Kyrgyzstan,KGZ,2018,1.4999993,8.699996,14.669993,2.669999,5.889997
Kyrgyzstan,KGZ,2019,1.5499985,8.659991,15.169986,2.2499979,5.7499943
Kyrgyzstan,KGZ,2020,1.4599994,8.699996,15.149993,2.089999,5.589998
Kyrgyzstan,KGZ,2021,3.2999985,9.549996,15.319993,2.039999,7.509997
Kyrgyzstan,KGZ,2022,3.699999,9.529997,15.769996,1.4199996,7.9399977
Kyrgyzstan,KGZ,2023,4.269998,9.589996,16.189993,1.1799995,8.729996
Land Locked Developing Countries (FAO),,1961,1.97,3.81,7.93,1.12,1.01
Land Locked Developing Countries (FAO),,1962,1.9,3.72,7.71,1.13,1.03
Land Locked Developing Countries (FAO),,1963,1.95,3.83,7.58,1.16,1.04
Land Locked Developing Countries (FAO),,1964,1.96,3.85,7.39,1.23,1.06
Land Locked Developing Countries (FAO),,1965,1.99,3.87,7.43,1.26,1.09
Land Locked Developing Countries (FAO),,1966,1.99,4,7.89,1.3,1.15
Land Locked Developing Countries (FAO),,1967,2.06,4.21,7.75,1.36,1.21
Land Locked Developing Countries (FAO),,1968,2.09,4.42,7.87,1.4,1.21
Land Locked Developing Countries (FAO),,1969,1.98,4.41,7.72,1.4,1.29
Land Locked Developing Countries (FAO),,1970,1.92,4.36,7.73,1.42,1.32
Land Locked Developing Countries (FAO),,1971,1.9,4.22,7.61,1.41,1.31
Land Locked Developing Countries (FAO),,1972,1.93,3.87,7.82,1.46,1.33
Land Locked Developing Countries (FAO),,1973,1.94,3.67,7.22,1.47,1.34
Land Locked Developing Countries (FAO),,1974,1.96,3.82,6.87,1.48,1.35
Land Locked Developing Countries (FAO),,1975,1.89,4.02,6.8,1.54,1.47
Land Locked Developing Countries (FAO),,1976,1.84,4.22,7.01,1.61,1.53
Land Locked Developing Countries (FAO),,1977,1.89,4.24,7.43,1.65,1.57
Land Locked Developing Countries (FAO),,1978,1.9,4.53,7.33,1.71,1.52
Land Locked Developing Countries (FAO),,1979,1.8,4.44,7.35,1.76,1.51
Land Locked Developing Countries (FAO),,1980,1.78,4.46,7.77,1.91,1.52
Land Locked Developing Countries (FAO),,1981,1.74,4.58,7.89,2.01,1.48
Land Locked Developing Countries (FAO),,1982,1.72,4.54,7.98,2.06,1.48
Land Locked Developing Countries (FAO),,1983,1.73,4.36,7.79,2.15,1.5
Land Locked Developing Countries (FAO),,1984,1.67,3.81,7.89,2.04,1.47
Land Locked Developing Countries (FAO),,1985,1.62,3.46,7.86,2,1.49
Land Locked Developing Countries (FAO),,1986,1.62,3.52,7.45,2.04,1.56
Land Locked Developing Countries (FAO),,1987,1.6,3.52,7.49,2.16,1.57
Land Locked Developing Countries (FAO),,1988,1.57,3.57,7.81,2.14,1.66
Land Locked Developing Countries (FAO),,1989,1.6,3.63,7.65,2.25,1.71
Land Locked Developing Countries (FAO),,1990,1.6,3.77,8.04,2.47,1.79
Land Locked Developing Countries (FAO),,1991,1.68,3.69,8.7,2.43,1.83
Land Locked Developing Countries (FAO),,1992,1.54,4.61,11.18,3.66,2.68
Land Locked Developing Countries (FAO),,1993,1.36,4.03,9.46,2.56,1.98
Land Locked Developing Countries (FAO),,1994,1.36,3.85,9.62,2.5,1.98
Land Locked Developing Countries (FAO),,1995,1.3,3.6,9.53,2.33,1.96
Land Locked Developing Countries (FAO),,1996,1.36,3.46,9.47,2.22,1.96
Land Locked Developing Countries (FAO),,1997,1.39,3.33,9.44,2.1,2.02
Land Locked Developing Countries (FAO),,1998,1.39,3.38,9.29,2.17,2.17
Land Locked Developing Countries (FAO),,1999,1.4,3.35,8.69,2.14,2.09
Land Locked Developing Countries (FAO),,2000,1.35,3.26,8.44,2.25,2.05
Land Locked Developing Countries (FAO),,2001,1.33,3.15,8.38,2.39,2.14
Land Locked Developing Countries (FAO),,2002,1.3,3.09,8.9,2.39,2.26
Land Locked Developing Countries (FAO),,2003,1.34,3.12,8.85,2.41,2.38
Land Locked Developing Countries (FAO),,2004,1.35,3.24,8.83,2.45,2.55
Land Locked Developing Countries (FAO),,2005,1.37,3.25,8.86,2.49,2.84
Land Locked Developing Countries (FAO),,2006,1.3,3.31,8.97,2.61,2.97
Land Locked Developing Countries (FAO),,2007,1.32,3.44,9.15,2.66,3.11
Land Locked Developing Countries (FAO),,2008,1.36,3.53,9.2,2.67,3.3
Land Locked Developing Countries (FAO),,2009,1.37,3.71,8.92,2.54,3.34
Land Locked Developing Countries (FAO),,2010,1.3,3.73,10.36,1.83,3.69
Land Locked Developing Countries (FAO),,2011,1.33,3.7,10.42,1.97,3.79
Land Locked Developing Countries (FAO),,2012,1.33,3.74,10.21,2.08,3.93
Land Locked Developing Countries (FAO),,2013,1.3,3.86,10.36,2.04,3.82
Land Locked Developing Countries (FAO),,2014,1.35,3.86,10.15,2.1,3.88
Land Locked Developing Countries (FAO),,2015,1.32,3.92,10.19,2.1,4.18
Land Locked Developing Countries (FAO),,2016,1.34,3.86,10.21,2.16,4.07
Land Locked Developing Countries (FAO),,2017,1.3,3.97,10.32,2.13,4.26
Land Locked Developing Countries (FAO),,2018,1.28,3.98,10.37,2.06,4.41
Land Locked Developing Countries (FAO),,2019,1.27,4.04,10.34,2.71,4.68
Land Locked Developing Countries (FAO),,2020,1.28,3.91,10.23,2.83,5.07
Land Locked Developing Countries (FAO),,2021,1.31,3.76,10.22,2.52,5.14
Land Locked Developing Countries (FAO),,2022,1.42,3.83,10.19,2.41,5.18
Land Locked Developing Countries (FAO),,2023,1.41,3.88,10.11,2.42,5.18
Laos,LAO,1961,0,0.029988939,2.7589824,4.14847,2.0692368
Laos,LAO,1962,0,0.030001108,2.8301044,4.05015,2.3000848
Laos,LAO,1963,0,0.030012311,2.7811408,3.961625,2.2409194
Laos,LAO,1964,0,0.03002805,2.7725902,5.08475,2.7625809
Laos,LAO,1965,0,0.0300606,2.9158783,5.6413727,2.9759996
Laos,LAO,1966,0,0.030072954,2.7967849,6.0546885,3.468414
Laos,LAO,1967,0.070176736,0.030075744,3.3484328,6.035199,3.8697457
Laos,LAO,1968,0.01002992,0.030089762,2.8986473,5.9076233,3.9116693
Laos,LAO,1969,0.010038493,0.030115478,2.93124,4.6980147,3.7142425
Laos,LAO,1970,0,0.030171895,4.0530915,4.4553833,3.4496534
Laos,LAO,1971,0,0.03026727,3.2890434,4.257596,3.0670834
Laos,LAO,1972,0.01012615,0.03037845,3.0479712,4.4251275,2.4302762
Laos,LAO,1973,0.010154749,0.030464247,2.7722466,4.183757,1.8278549
Laos,LAO,1974,0,0.030471886,2.2549195,3.71757,1.6657964
Laos,LAO,1975,0,0.020275999,2.0782897,3.9943717,1.3990439
Laos,LAO,1976,0,0.02019001,2.3016613,4.6941776,1.1710206
Laos,LAO,1977,0,0.020071011,1.9870301,3.9740603,1.1440476
Laos,LAO,1978,0,0.029917208,2.3634593,3.2809207,1.2066609
Laos,LAO,1979,0,0.019831497,2.687168,3.8373947,1.2493843
Laos,LAO,1980,0,0.029621193,3.011488,5.045477,1.2342163
Laos,LAO,1981,0,0.029548766,3.092771,5.3483267,1.4183408
Laos,LAO,1982,0,0.03933888,3.088102,5.330418,1.4457039
Laos,LAO,1983,0,0.03933349,3.1270125,5.506688,1.6225064
Laos,LAO,1984,0,0.039330978,3.3529658,5.6046643,1.7010648
Laos,LAO,1985,0,0.04917132,3.80586,4.2287335,1.5046424
Laos,LAO,1986,0,0.049158763,4.139168,4.99453,1.4452677
Laos,LAO,1987,0,0.049158283,4.0014844,4.8470063,1.7402031
Laos,LAO,1988,0,0.04916997,3.4615657,4.926831,1.484933
Laos,LAO,1989,0,0.05902688,3.6596665,5.155014,1.7117795
Laos,LAO,1990,0,0.07875769,3.888661,5.0700264,1.6145326
Laos,LAO,1991,0,0.059119016,4.0989184,4.9265847,1.6750389
Laos,LAO,1992,0,0.04932396,4.271455,4.9521255,1.7362034
Laos,LAO,1993,0,0.059243586,4.3938994,5.2430573,1.9155427
Laos,LAO,1994,0,0.06915254,4.514673,5.314867,1.9757869
Laos,LAO,1995,0,0.059289042,5.7609186,5.849852,2.0553534
Laos,LAO,1996,0,0.06918584,5.4854484,5.8709126,2.1249936
Laos,LAO,1997,0,0.06925251,5.7875314,5.9260364,2.1468282
Laos,LAO,1998,0,0.07927941,5.896406,5.9855957,2.150454
Laos,LAO,1999,0,0.07935914,7.062963,5.912256,2.0335777
Laos,LAO,2000,0,0.07936349,6.0713067,5.277672,2.1924164
Laos,LAO,2001,0,0.08916087,6.2313533,5.716202,2.4172502
Laos,LAO,2002,0,0.088943146,6.6905007,5.6231833,2.371817
Laos,LAO,2003,0,0.08875307,6.981908,6.2324376,3.1359417
Laos,LAO,2004,0,0.11828504,6.8408184,6.397249,3.3612666
Laos,LAO,2005,0,0.12826067,6.91621,6.649822,3.3643763
Laos,LAO,2006,0,0.13842234,6.9211173,7.2078495,3.440784
Laos,LAO,2007,0,0.16878633,6.9698825,7.5953846,3.3558695
Laos,LAO,2008,0,0.16972426,7.0785,8.246602,3.394485
Laos,LAO,2009,0,0.22092879,7.089806,8.726687,3.5348606
Laos,LAO,2010,0,0.21999972,7.119991,8.959989,3.6999953
Laos,LAO,2011,0,0.2599999,7.2199974,8.609997,3.5999987
Laos,LAO,2012,0,0.25999996,7.499999,9.129999,3.8799994
Laos,LAO,2013,0,0.2699998,7.4399943,9.3799925,4.109997
Laos,LAO,2014,0.02,0.29,9.47,10.84,4.64
Laos,LAO,2015,0,0.31000012,8.400003,11.190004,4.710002
Laos,LAO,2016,0,0.32,7.74,12.33,5.2
Laos,LAO,2017,0,0.33,7.68,12.66,5.37
Laos,LAO,2018,0,0.34000033,7.760008,12.270012,5.5100055
Laos,LAO,2019,0.020000014,0.35000023,8.100006,13.05001,5.7800045
Laos,LAO,2020,0.04999997,0.3699998,8.549995,13.569992,6.0999966
Laos,LAO,2021,0.059999984,0.37999988,8.869997,13.6799965,6.169998
Laos,LAO,2022,0.31000006,0.4000001,8.990002,13.550003,6.5100017
Laos,LAO,2023,0.28999957,0.4199994,9.309987,13.639981,7.4099894
Latvia,LVA,1992,0.78884196,1.4878159,30.535173,25.043236,8.287833
Latvia,LVA,1993,0.4809698,1.4829903,32.826187,26.152733,5.0301423
Latvia,LVA,1994,0.2403581,0.87129813,30.66569,24.276169,5.1076097
Latvia,LVA,1995,0.15012382,0.4403632,25.020636,26.932213,4.793954
Latvia,LVA,1996,0.13000491,0.30001137,11.500435,20.320768,5.3502026
Latvia,LVA,1997,0.18013102,0.17012374,11.278203,18.093159,7.045124
Latvia,LVA,1998,0.2003969,0.14027783,11.562901,15.390481,8.787404
Latvia,LVA,1999,0.1202097,0.110192224,9.83716,16.679096,7.402914
Latvia,LVA,2000,0.16018106,0.16018106,10.702096,15.687733,10.341689
Latvia,LVA,2001,0.23065913,0.16045852,9.567339,17.991413,11.964189
Latvia,LVA,2002,0.37090316,0.17041497,8.059626,22.083776,15.738323
Latvia,LVA,2003,0.26988405,0.1899184,10.225606,25.239157,16.602867
Latvia,LVA,2004,0.23934503,0.17950878,10.610964,25.4703,18.838448
Latvia,LVA,2005,0.23873699,0.20889486,9.151585,30.240019,19.715696
Latvia,LVA,2006,0.34652388,0.2277157,7.5839224,31.008936,21.058752
Latvia,LVA,2007,0.275703,0.25600994,8.694491,33.33052,21.288212
Latvia,LVA,2008,0.3927061,0.31416488,7.5497746,37.21872,21.932636
Latvia,LVA,2009,0.305652,0.28593248,6.586307,36.84585,20.60686
Latvia,LVA,2010,0.6199989,0.29999945,5.40999,37.329933,21.43996
Latvia,LVA,2011,0.44,0.37,4.86,42.7,20.93
Latvia,LVA,2012,0.35999843,0.35999843,4.929978,38.42983,20.829908
Latvia,LVA,2013,0.39000115,0.35000104,5.2000155,35.620106,20.910063
Latvia,LVA,2014,0.42999935,0.35999948,4.759993,35.629948,20.90997
Latvia,LVA,2015,0.53999895,0.36999926,5.1299896,38.269924,20.499958
Latvia,LVA,2016,0.61999905,0.36999944,5.269992,39.67994,20.479967
Latvia,LVA,2017,0.659997,0.36999828,5.589974,41.709805,20.959902
Latvia,LVA,2018,0.6400013,0.38000077,5.730012,43.770092,21.030045
Latvia,LVA,2019,0.38999856,0.4399984,6.069978,40.90985,24.079912
Latvia,LVA,2020,0.3800002,0.4000002,5.550003,37.59002,25.280014
Latvia,LVA,2021,0.35999945,0.3199995,4.979992,42.68993,24.49996
Latvia,LVA,2022,0.26000014,0.34000018,5.5900035,47.08003,28.810017
Latvia,LVA,2023,0.46000025,0.36000022,7.7900043,41.580025,32.47002
Least Developed Countries (FAO),,1961,1.2,2.18,4.89,0.59,0.9
Least Developed Countries (FAO),,1962,1.19,2.21,4.87,0.6,0.93
Least Developed Countries (FAO),,1963,1.2,2.18,4.9,0.63,0.94
Least Developed Countries (FAO),,1964,1.23,2.19,4.88,0.68,0.98
Least Developed Countries (FAO),,1965,1.23,2.19,4.82,0.7,1.02
Least Developed Countries (FAO),,1966,1.26,2.2,5.01,0.74,1.09
Least Developed Countries (FAO),,1967,1.27,2.23,5.11,0.78,1.14
Least Developed Countries (FAO),,1968,1.29,2.25,5.18,0.77,1.16
Least Developed Countries (FAO),,1969,1.26,2.19,5.11,0.8,1.22
Least Developed Countries (FAO),,1970,1.24,2.15,5.07,0.82,1.27
Least Developed Countries (FAO),,1971,1.23,2.1,4.75,0.83,1.26
Least Developed Countries (FAO),,1972,1.23,1.98,4.62,0.83,1.23
Least Developed Countries (FAO),,1973,1.21,1.93,4.5,0.81,1.21
Least Developed Countries (FAO),,1974,1.2,1.89,4.49,0.76,1.17
Least Developed Countries (FAO),,1975,1.2,1.98,4.59,0.75,1.19
Least Developed Countries (FAO),,1976,1.16,2.09,4.56,0.73,1.21
Least Developed Countries (FAO),,1977,1.16,2.13,4.65,0.72,1.26
Least Developed Countries (FAO),,1978,1.14,2.16,4.98,0.73,1.4
Least Developed Countries (FAO),,1979,1.12,2.15,4.87,0.73,1.47
Least Developed Countries (FAO),,1980,1.14,2.13,4.69,0.74,1.36
Least Developed Countries (FAO),,1981,1.12,2.11,4.82,0.75,1.48
Least Developed Countries (FAO),,1982,1.1,2.04,4.84,0.78,1.5
Least Developed Countries (FAO),,1983,1.08,1.98,4.69,0.8,1.5
Least Developed Countries (FAO),,1984,1.05,1.85,4.67,0.85,1.54
Least Developed Countries (FAO),,1985,1.05,1.81,4.69,0.85,1.6
Least Developed Countries (FAO),,1986,1.04,1.76,4.79,0.85,1.62
Least Developed Countries (FAO),,1987,1.05,1.76,4.42,0.89,1.59
Least Developed Countries (FAO),,1988,1.02,1.8,4.41,0.89,1.67
Least Developed Countries (FAO),,1989,1.01,1.83,4.44,0.93,1.5
Least Developed Countries (FAO),,1990,1,1.85,4.4,0.89,1.45
Least Developed Countries (FAO),,1991,0.97,1.86,4.37,0.89,1.46
Least Developed Countries (FAO),,1992,0.98,1.87,4.28,0.95,1.51
Least Developed Countries (FAO),,1993,0.83,1.74,4.23,0.97,1.51
Least Developed Countries (FAO),,1994,0.85,1.78,4.13,1.02,1.48
Least Developed Countries (FAO),,1995,0.84,1.83,4.1,1.24,1.5
Least Developed Countries (FAO),,1996,0.84,1.86,4.17,1.26,1.51
Least Developed Countries (FAO),,1997,0.86,1.97,4.24,1.29,1.6
Least Developed Countries (FAO),,1998,0.87,2.08,4.3,1.24,1.67
Least Developed Countries (FAO),,1999,0.87,2.16,4.37,1.22,1.76
Least Developed Countries (FAO),,2000,0.87,2.15,4.35,1.18,1.97
Least Developed Countries (FAO),,2001,0.88,2.14,4.24,1.2,2.05
Least Developed Countries (FAO),,2002,0.9,2.12,4.43,1.29,2.33
Least Developed Countries (FAO),,2003,0.93,2.14,4.5,1.32,2.56
Least Developed Countries (FAO),,2004,0.9,2.19,4.42,1.4,2.63
Least Developed Countries (FAO),,2005,0.88,2.27,4.61,1.53,2.82
Least Developed Countries (FAO),,2006,0.91,2.24,4.63,1.58,2.84
Least Developed Countries (FAO),,2007,0.92,2.26,4.61,1.69,3.04
Least Developed Countries (FAO),,2008,0.91,2.33,4.69,1.8,3.25
Least Developed Countries (FAO),,2009,0.92,2.34,4.56,1.87,3.45
Least Developed Countries (FAO),,2010,0.88,1.79,4.17,1.76,3.58
Least Developed Countries (FAO),,2011,0.88,1.82,4.11,1.83,3.73
Least Developed Countries (FAO),,2012,0.99,2.13,4.25,1.85,3.86
Least Developed Countries (FAO),,2013,0.97,2.2,4.3,1.9,3.99
Least Developed Countries (FAO),,2014,1,2.31,4.45,2.19,4.33
Least Developed Countries (FAO),,2015,0.98,2.25,4.34,2.15,4.25
Least Developed Countries (FAO),,2016,0.98,2.23,4.27,2.15,4.19
Least Developed Countries (FAO),,2017,0.93,2.22,4.22,2.2,4.23
Least Developed Countries (FAO),,2018,0.92,2.23,4.18,2.27,4.36
Least Developed Countries (FAO),,2019,0.89,2.19,4.27,2.56,4.29
Least Developed Countries (FAO),,2020,0.86,2.09,3.93,1.86,3.56
Least Developed Countries (FAO),,2021,0.86,2.02,3.79,1.75,3.55
Least Developed Countries (FAO),,2022,0.85,2.03,3.77,1.88,3.53
Least Developed Countries (FAO),,2023,0.84,2.04,3.74,1.75,3.42
Lebanon,LBN,1961,0,10.211638,7.3689117,0.5141101,3.5584486
Lebanon,LBN,1962,0,10.544449,7.883135,0.48387527,5.443597
Lebanon,LBN,1963,0,10.074511,8.66408,0.5037255,5.460385
Lebanon,LBN,1964,0,9.971067,8.573911,0.5126254,6.171608
Lebanon,LBN,1965,0,9.82485,8.5429125,0.5608477,7.1407933
Lebanon,LBN,1966,0,9.927713,8.405729,0.59685653,8.445519
Lebanon,LBN,1967,0.009856186,9.432369,8.5256,0.69978917,7.273865
Lebanon,LBN,1968,0.019511325,8.341092,8.692295,0.780453,7.7362404
Lebanon,LBN,1969,0.009668571,7.8508797,8.508343,0.80249137,7.841211
Lebanon,LBN,1970,0.009626511,8.172907,8.403943,0.7219883,7.903365
Lebanon,LBN,1971,0.01924524,7.938662,8.814321,0.7120739,7.938662
Lebanon,LBN,1972,0.019261036,7.1747355,7.6562614,0.799333,8.600053
Lebanon,LBN,1973,0,6.477279,9.041203,0.84821516,8.636373
Lebanon,LBN,1974,0,5.369976,9.739096,0.77951264,8.295554
Lebanon,LBN,1975,0,4.648513,7.5944834,0.81301147,8.244892
Lebanon,LBN,1976,0,4.916856,8.690257,0.80994725,9.042822
Lebanon,LBN,1977,1.3397186,6.7740703,8.35909,1.198199,9.868632
Lebanon,LBN,1978,0.41529664,5.2142806,8.72123,0.7936781,12.468129
Lebanon,LBN,1979,0.6501552,4.812954,10.546962,0.8668735,16.326118
Lebanon,LBN,1980,0.7607738,4.3081026,10.358908,1.194238,17.798569
Lebanon,LBN,1981,0.39122826,4.6078,10.337121,0.9737237,17.414005
Lebanon,LBN,1982,0.38770092,4.4284062,11.079631,0.94771343,18.704416
Lebanon,LBN,1983,0.3768787,4.4797173,11.6147175,1.3619027,17.276463
Lebanon,LBN,1984,0.15226746,4.077384,9.322152,1.759535,16.537937
Lebanon,LBN,1985,0.14976797,2.654221,8.328763,1.9137017,16.474476
Lebanon,LBN,1986,0,2.2305813,7.81109,1.8087986,17.333645
Lebanon,LBN,1987,0,2.0125492,7.2846384,1.759994,17.489447
Lebanon,LBN,1988,0,2.9512653,7.53268,1.8773756,18.642416
Lebanon,LBN,1989,0,2.6729844,7.145677,1.8680516,17.473118
Lebanon,LBN,1990,0,2.729183,5.6012154,1.9698234,17.104383
Lebanon,LBN,1991,0,2.7153087,6.113195,1.9652234,16.284351
Lebanon,LBN,1992,0,2.6733646,9.096971,2.0859776,16.499556
Lebanon,LBN,1993,0,3.2497807,9.734155,2.4145565,17.273949
Lebanon,LBN,1994,0,3.7170274,9.246679,2.248572,16.321268
Lebanon,LBN,1995,0,2.5653152,8.408108,2.128829,15.146848
Lebanon,LBN,1996,0,2.3214512,8.349613,1.9561081,14.484335
Lebanon,LBN,1997,0.060227692,2.4843924,13.302792,3.583548,19.96548
Lebanon,LBN,1998,0.052132275,2.0257113,11.856369,2.7928004,20.264559
Lebanon,LBN,1999,0.022257065,2.055069,13.324562,2.5150485,20.172321
Lebanon,LBN,2000,0.022416785,2.0025663,14.144992,2.4807909,20.003246
Lebanon,LBN,2001,0.030513937,4.37875,10.954503,2.3114307,19.689117
Lebanon,LBN,2002,0.007877218,3.4580984,13.926921,2.3789196,20.528028
Lebanon,LBN,2003,0.016307544,3.5305831,16.046623,2.103673,20.319199
Lebanon,LBN,2004,0,2.8825698,15.661405,2.0781317,21.937696
Lebanon,LBN,2005,0.02560636,2.4411397,17.29283,2.1167924,20.869184
Lebanon,LBN,2006,0,2.1039135,16.848484,1.8720536,22.593454
Lebanon,LBN,2007,0.0085464455,2.5810266,16.69121,1.9827753,22.69936
Lebanon,LBN,2008,0.008498873,2.7621336,17.142227,1.7167723,22.895964
Lebanon,LBN,2009,0.025521329,3.3262799,21.114645,1.5823224,21.548508
Lebanon,LBN,2010,0.03,2.84,19.16,1.51,17.65
Lebanon,LBN,2011,0.020000007,2.530001,17.040009,1.4200006,19.290009
Lebanon,LBN,2012,0,2.0899992,14.349996,1.3899995,20.849993
Lebanon,LBN,2013,0,2.0099995,14.379997,1.1999998,16.589996
Lebanon,LBN,2014,0.009999995,1.7999991,12.639995,1.0899996,16.719992
Lebanon,LBN,2015,0.01,1.6,12.4,1.04,18.3
Lebanon,LBN,2016,0.019999996,1.3799998,11.869998,1.1099999,21.659996
Lebanon,LBN,2017,0.010000002,1.3000002,13.1900015,1.1800001,22.820004
Lebanon,LBN,2018,0.02,1.45,14.92,1.24,23.73
Lebanon,LBN,2019,0.00999998,1.6199969,14.609972,1.1599977,21.819958
Lebanon,LBN,2020,0,1.42,12.69,0.71,20.61
Lebanon,LBN,2021,0,1.3699979,12.369981,0.639999,23.459963
Lebanon,LBN,2022,0.009999997,1.3799995,13.699996,0.9199997,21.219994
Lebanon,LBN,2023,0.009999993,0.7599995,13.98999,0.9699994,22.469984
Lesotho,LSO,1961,3.549213,4.2567735,10.898709,2.145505,0.60484976
Lesotho,LSO,1962,3.4972289,4.8171506,10.886535,2.1547441,0.60919476
Lesotho,LSO,1963,3.4565306,4.738792,10.269241,2.1631193,0.6021054
Lesotho,LSO,1964,3.3977058,4.3684793,7.733091,2.151145,0.6067332
Lesotho,LSO,1965,3.3536239,4.5334005,8.92479,2.130152,0.61173594
Lesotho,LSO,1966,3.4004667,4.318053,5.2140484,2.1050508,0.5289615
Lesotho,LSO,1967,3.3464956,4.504489,6.756734,2.1035113,0.6268039
Lesotho,LSO,1968,3.5747194,3.5956242,6.031032,2.059122,0.63759613
Lesotho,LSO,1969,3.125956,3.794335,6.632374,2.015419,0.64781326
Lesotho,LSO,1970,3.0982082,4.2220683,8.160641,1.9439738,0.6581161
Lesotho,LSO,1971,3.0235512,4.20104,7.9530373,1.9358711,0.67855275
Lesotho,LSO,1972,2.967363,4.2054024,7.8114357,2.0142696,0.6583223
Lesotho,LSO,1973,2.9953227,4.177942,7.9487524,2.0259626,0.6494713
Lesotho,LSO,1974,2.8805547,4.182068,7.933488,2.0001194,0.63161665
Lesotho,LSO,1975,2.8401928,4.0993447,7.4129033,2.016537,0.6059078
Lesotho,LSO,1976,2.7917433,3.5437279,6.9464583,1.9927593,0.59218794
Lesotho,LSO,1977,2.7086065,3.5802338,6.973021,1.9775636,0.5810851
Lesotho,LSO,1978,2.636757,3.7400808,7.3492594,1.9635425,0.56101215
Lesotho,LSO,1979,2.5644667,3.8979893,7.6840744,1.9396693,0.5408693
Lesotho,LSO,1980,2.4903557,4.042182,7.6754994,1.9235209,0.53895754
Lesotho,LSO,1981,2.417012,4.0468745,7.4547696,1.5557779,0.5278532
Lesotho,LSO,1982,3.3641863,4.0554576,7.8528404,1.6774846,1.797305
Lesotho,LSO,1983,3.7412066,4.15384,7.986743,1.5680058,3.2368774
Lesotho,LSO,1984,3.3058686,4.1437197,7.704586,1.5299886,3.1692624
Lesotho,LSO,1985,2.5485091,4.3559628,7.708788,1.5544099,2.1779814
Lesotho,LSO,1986,2.620068,3.974966,7.528209,1.8214855,2.458557
Lesotho,LSO,1987,2.7483935,3.90843,7.308228,1.7579012,2.9804008
Lesotho,LSO,1988,2.8949096,3.89836,7.2461543,1.7227378,2.93931
Lesotho,LSO,1989,2.829726,3.899716,6.4022546,1.6889926,2.900469
Lesotho,LSO,1990,2.9846087,3.779327,5.2186494,1.571776,2.913967
Lesotho,LSO,1991,3.0485518,3.5964077,5.699466,1.157566,2.8629878
Lesotho,LSO,1992,3.1458173,3.2610164,6.7258463,1.0102061,2.7204673
Lesotho,LSO,1993,3.0534196,3.2403636,7.0237546,1.3709229,2.626119
Lesotho,LSO,1994,2.9082465,3.3825142,5.8343897,1.0111749,2.8008652
Lesotho,LSO,1995,2.6335514,2.9571276,4.2244678,1.4381168,2.8223042
Lesotho,LSO,1996,2.5795364,2.5795364,4.437525,1.3709426,2.841098
Lesotho,LSO,1997,2.7009969,2.8278892,4.9034877,1.6767935,2.8550806
Lesotho,LSO,1998,2.73567,2.1247036,4.8786116,1.6231642,2.8998103
Lesotho,LSO,1999,2.8106494,3.20561,4.8773036,1.6716936,3.0310926
Lesotho,LSO,2000,2.8896976,3.0471492,5.056971,1.6949189,3.1953387
Lesotho,LSO,2001,3.0032701,3.0874739,5.070942,1.9460441,3.2745936
Lesotho,LSO,2002,3.0901856,2.9106336,5.046358,2.164075,3.392589
Lesotho,LSO,2003,3.195198,2.8221061,5.0415254,2.2385519,3.5108914
Lesotho,LSO,2004,3.2980068,2.8227057,5.1410108,2.386205,3.6569076
Lesotho,LSO,2005,3.4120262,3.047156,5.2758207,2.6329799,3.7670345
Lesotho,LSO,2006,3.5407538,3.6205456,8.816976,2.852551,3.8599203
Lesotho,LSO,2007,3.635068,2.9641325,5.3274274,3.4347887,3.915459
Lesotho,LSO,2008,3.6902044,3.319178,5.284613,3.6099823,3.5197327
Lesotho,LSO,2009,3.7773035,3.3352785,5.2540684,3.7672575,3.7471654
Lesotho,LSO,2010,4.1499877,0.21999934,0.9499971,0.27999917,6.289981
Lesotho,LSO,2011,4.489989,0.3299992,1.2299969,0.4499989,6.6499834
Lesotho,LSO,2012,4.559971,0.34999776,2.689983,0.45999706,6.969955
Lesotho,LSO,2013,2.7899878,1.2699944,2.1399908,1.8599919,7.089969
Lesotho,LSO,2014,2.5999987,0.6699997,3.9199984,5.2499976,10.539995
Lesotho,LSO,2015,3.0799942,0.6399988,2.9299946,4.979991,9.489983
Lesotho,LSO,2016,2.6799948,0.50999904,3.2399938,5.19999,7.509986
Lesotho,LSO,2017,3.1999898,0.67999786,3.9899874,4.7299848,6.22998
Lesotho,LSO,2018,3.7499812,1.4099929,2.599987,4.599977,8.509957
Lesotho,LSO,2019,2.619995,0.34999934,1.609997,3.8599927,0.8999983
Lesotho,LSO,2020,3.3100045,0.49000067,1.9800026,4.3900056,1.7000023
Lesotho,LSO,2021,2.739989,0.43999827,2.1799915,4.409982,1.269995
Lesotho,LSO,2022,2.639998,0.49999958,1.9299984,5.2199955,0.8699993
Lesotho,LSO,2023,2.6699932,0.5699985,2.399994,5.6499853,7.4999804
Liberia,LBR,1961,5.196875,0.5589092,2.65727,1.872836,1.0295695
Liberia,LBR,1962,4.3103747,0.5766715,2.7856164,1.7984332,0.9969575
Liberia,LBR,1963,3.1011956,0.575379,3.452274,1.7358892,1.0629884
Liberia,LBR,1964,3.724269,0.5834364,2.2948499,1.8378247,1.157149
Liberia,LBR,1965,3.8332734,0.59197384,2.3096685,1.8632619,1.1354252
Liberia,LBR,1966,3.6134295,0.60062367,2.3734324,1.8793709,1.1043726
Liberia,LBR,1967,3.436481,0.6001742,2.2845337,1.9457259,1.103546
Liberia,LBR,1968,3.8112652,0.6094155,2.0604048,1.9056326,1.1414448
Liberia,LBR,1969,3.4729493,0.60945904,2.4184883,1.9444647,1.1318525
Liberia,LBR,1970,3.9501538,0.60995024,2.2268023,1.9169865,1.1521283
Liberia,LBR,1971,3.9743843,0.62039167,2.8596182,1.9290304,1.2407833
Liberia,LBR,1972,4.2212095,0.6210515,2.8626592,1.8728584,1.2809187
Liberia,LBR,1973,3.8484962,0.6219792,2.4684799,1.8756559,1.2828321
Liberia,LBR,1974,3.718149,0.62293595,1.8493412,1.8396077,1.3334723
Liberia,LBR,1975,3.899662,0.62394595,1.7938446,1.8133429,1.3258852
Liberia,LBR,1976,4.4606895,0.6442133,1.5812509,1.825271,1.3079482
Liberia,LBR,1977,4.6174355,0.66381735,1.8938318,1.8254976,1.5326371
Liberia,LBR,1978,4.7443843,0.68334746,2.1379015,1.8352761,1.5033644
Liberia,LBR,1979,4.634418,0.6061897,1.9945598,1.9358963,1.505697
Liberia,LBR,1980,6.6427593,0.5887232,1.4718078,2.060531,1.4619958
Liberia,LBR,1981,6.5766554,0.5924915,1.3331059,2.103345,1.5602276
Liberia,LBR,1982,7.2775583,0.59733725,1.2544081,2.0608134,1.5331655
Liberia,LBR,1983,7.0129476,0.6202607,1.5706602,2.0308535,1.6807064
Liberia,LBR,1984,4.8491287,0.6073858,1.2546002,2.0213,1.662843
Liberia,LBR,1985,7.128695,0.58833796,0.9021182,2.0984054,1.8336533
Liberia,LBR,1986,6.6061354,0.602296,0.76482034,1.9789726,1.8642496
Liberia,LBR,1987,7.916649,0.56349546,0.8590996,2.2077937,2.050754
Liberia,LBR,1988,4.36316,0.5498291,1.0198443,2.1993165,2.7136729
Liberia,LBR,1989,3.7089732,0.5347032,0.86570996,2.1388128,2.766877
Liberia,LBR,1990,2.9790657,0.60527045,0.84170425,2.21302,2.364338
Liberia,LBR,1991,3.4318533,0.6969302,0.9925976,2.238624,2.946114
Liberia,LBR,1992,3.6223996,0.6363675,1.7720387,2.2713423,3.0545638
Liberia,LBR,1993,3.3694966,0.61432815,1.7033644,2.0477605,2.5690084
Liberia,LBR,1994,3.737621,0.61041546,1.21144,2.0848038,2.5919182
Liberia,LBR,1995,3.806807,0.6136918,0.8246484,2.0232651,2.627368
Liberia,LBR,1996,3.9385633,0.59078455,0.6104773,1.9003568,2.7373016
Liberia,LBR,1997,4.204671,0.5488615,0.5782648,2.0778327,3.1461525
Liberia,LBR,1998,3.8703463,0.49816337,0.51732355,1.8010522,3.075201
Liberia,LBR,1999,3.9259038,0.46644402,0.6996661,1.632554,3.4205894
Liberia,LBR,2000,3.516089,0.45432612,0.6222292,1.8370577,3.1802828
Liberia,LBR,2001,2.6754203,0.43761522,0.71609765,1.7802982,2.8444989
Liberia,LBR,2002,2.4013948,0.42669412,0.5060791,1.8457001,3.096013
Liberia,LBR,2003,2.4935648,0.4306156,0.4406299,1.8927058,3.0944235
Liberia,LBR,2004,2.4112792,0.43382844,0.49436265,2.7845733,4.8326473
Liberia,LBR,2005,2.417074,0.4160537,0.5745504,2.5359464,4.388376
Liberia,LBR,2006,1.9587818,0.42666534,0.48484698,2.0848422,3.713928
Liberia,LBR,2007,2.361407,0.42236546,0.4415639,2.2462163,4.3484445
Liberia,LBR,2008,2.3262618,0.43256932,0.44218197,2.624254,4.7101994
Liberia,LBR,2009,2.3451023,0.44576323,0.3682392,2.6455078,4.3510365
Liberia,LBR,2010,2.0599964,0.46999916,0.60999894,2.809995,5.5699906
Liberia,LBR,2011,2.0400014,0.48000035,0.7600006,3.4100027,7.650006
Liberia,LBR,2012,2.109997,0.46999937,0.759999,3.589995,7.879989
Liberia,LBR,2013,1.8599976,0.4599994,0.6999991,3.5299954,8.479989
Liberia,LBR,2014,1.8599963,0.46999907,0.9199982,5.569989,10.25998
Liberia,LBR,2015,1.9699975,0.49999937,1.0399987,5.049994,11.039987
Liberia,LBR,2016,1.8400011,0.46000028,0.88000053,5.3500032,11.490006
Liberia,LBR,2017,1.7399975,0.44999933,0.66999906,5.2999926,12.929981
Liberia,LBR,2018,1.8800007,0.45000017,0.7100003,4.570002,11.120005
Liberia,LBR,2019,1.7700005,0.44000012,0.60000014,4.990001,10.530003
Liberia,LBR,2020,1.6199969,0.39999923,0.48999906,4.8699903,10.909979
Liberia,LBR,2021,1.5999979,0.38999945,0.68999904,4.669994,12.259983
Liberia,LBR,2022,1.6699978,1.2399985,1.2699983,4.0999947,4.2599945
Liberia,LBR,2023,2.5399976,3.4799967,0.3599997,2.3999977,3.5299966
Libya,LBY,2010,0.83000034,7.1500034,5.8200026,0,18.290009
Libya,LBY,2011,0.80999875,7.3299885,2.689996,0,23.069963
Libya,LBY,2012,0.8400004,7.880004,5.860003,0.040000018,20.17001
Libya,LBY,2013,0.88999915,6.9799933,5.209995,0.00999999,19.859982
Libya,LBY,2014,0.8899986,7.259989,4.9599924,0.019999968,31.82995
Libya,LBY,2015,0.8299993,6.969994,3.4999971,0.019999983,31.999975
Libya,LBY,2016,0.88,7.02,2.75,0.01,29.22
Libya,LBY,2017,0.89999986,6.939999,2.7499995,0.019999996,27.399996
Libya,LBY,2018,0.90999895,6.869992,2.8599966,0,36.55996
Libya,LBY,2019,0.6599991,6.319991,2.8899958,0.049999926,29.389956
Libya,LBY,2020,0.80999964,5.999997,3.3999987,0.029999986,31.599987
Libya,LBY,2021,0.48000008,5.710001,4.3400006,0.070000015,36.750008
Libya,LBY,2022,0.89999944,5.6799965,3.709998,0.04999997,32.28998
Libya,LBY,2023,0.80000013,5.940001,5.640001,0.010000002,31.280006
Lithuania,LTU,1992,0.07981497,0.4589361,37.403294,18.36742,8.210964
Lithuania,LTU,1993,0.07982173,0.4390195,39.691353,7.9223065,5.6374097
Lithuania,LTU,1994,0.08987951,0.4793574,25.425915,21.2615,6.2016864
Lithuania,LTU,1995,0.120031826,0.4401167,20.255371,24.656538,6.9918537
Lithuania,LTU,1996,0.16027908,0.39068025,19.854572,23.020084,7.663344
Lithuania,LTU,1997,0.3509385,0.3308849,19.060974,22.480118,8.582953
Lithuania,LTU,1998,0.18056987,0.34107643,22.149904,19.722242,9.3796015
Lithuania,LTU,1999,0.27062044,0.9922749,18.652763,26.11988,8.619761
Lithuania,LTU,2000,0.08993804,0.2698141,14.619927,24.363214,9.753281
Lithuania,LTU,2001,0.06977813,0.23923929,11.024945,19.15908,11.144565
Lithuania,LTU,2002,0.07946456,0.23839368,12.446136,26.551096,13.220917
Lithuania,LTU,2003,0.07912684,0.1978171,13.599926,31.611172,14.925301
Lithuania,LTU,2004,0.12831748,0.1974115,11.49922,37.61676,20.45183
Lithuania,LTU,2005,0.11872626,0.21766482,12.782862,38.576145,23.220879
Lithuania,LTU,2006,0.14858666,0.18820977,7.875093,45.24959,25.309261
Lithuania,LTU,2007,0.14807925,0.25667068,7.7099924,49.11295,26.002714
Lithuania,LTU,2008,0.11791843,0.25548995,6.3970757,50.19395,26.118935
Lithuania,LTU,2009,0.09806354,0.24515887,4.9031773,46.178123,23.898087
Lithuania,LTU,2010,0.75999975,0.21999992,3.8399987,45.319984,22.959991
Lithuania,LTU,2011,0.6899995,0.20999984,3.5299976,45.03997,23.489983
Lithuania,LTU,2012,0.6799991,0.21999972,3.5499952,45.279938,25.249968
Lithuania,LTU,2013,0.78000027,0.24000008,4.4900017,46.45002,27.380009
Lithuania,LTU,2014,0.8499997,0.22999991,4.0399985,47.489983,26.48999
Lithuania,LTU,2015,0.8199969,0.19999924,3.949985,48.80982,26.889898
Lithuania,LTU,2016,0.48000017,0.19000007,4.480002,46.70002,27.490011
Lithuania,LTU,2017,0.59999853,0.18999954,4.919988,47.75988,28.369932
Lithuania,LTU,2018,0.60999894,0.3799993,5.60999,48.879913,29.059948
Lithuania,LTU,2019,0.6800007,0.44000047,5.5700064,47.570053,29.730032
Lithuania,LTU,2020,0.5699988,0.45999902,5.819988,48.679897,26.999943
Lithuania,LTU,2021,0.65,0.42,5.75,50.39,25.48
Lithuania,LTU,2022,0.5399994,0.3699996,5.3599944,49.999947,26.849972
Lithuania,LTU,2023,0.4999993,0.3799995,4.439994,48.039936,27.509962
Low Income Food Deficit Countries (FAO),,1961,0.63,1.31,3.45,0.41,0.42
Low Income Food Deficit Countries (FAO),,1962,0.62,1.33,3.4,0.41,0.42
Low Income Food Deficit Countries (FAO),,1963,0.62,1.33,3.38,0.4,0.43
Low Income Food Deficit Countries (FAO),,1964,0.64,1.33,3.39,0.41,0.45
Low Income Food Deficit Countries (FAO),,1965,0.63,1.32,3.38,0.4,0.46
Low Income Food Deficit Countries (FAO),,1966,0.64,1.32,3.42,0.4,0.47
Low Income Food Deficit Countries (FAO),,1967,0.66,1.33,3.44,0.42,0.48
Low Income Food Deficit Countries (FAO),,1968,0.68,1.33,3.46,0.43,0.49
Low Income Food Deficit Countries (FAO),,1969,0.67,1.29,3.48,0.43,0.52
Low Income Food Deficit Countries (FAO),,1970,0.66,1.28,3.48,0.45,0.53
Low Income Food Deficit Countries (FAO),,1971,0.66,1.26,3.39,0.48,0.53
Low Income Food Deficit Countries (FAO),,1972,0.66,1.21,3.32,0.49,0.53
Low Income Food Deficit Countries (FAO),,1973,0.63,1.2,3.35,0.48,0.53
Low Income Food Deficit Countries (FAO),,1974,0.63,1.2,3.31,0.5,0.53
Low Income Food Deficit Countries (FAO),,1975,0.63,1.24,3.29,0.5,0.55
Low Income Food Deficit Countries (FAO),,1976,0.61,1.29,3.37,0.51,0.56
Low Income Food Deficit Countries (FAO),,1977,0.63,1.32,3.39,0.52,0.6
Low Income Food Deficit Countries (FAO),,1978,0.62,1.36,3.49,0.53,0.65
Low Income Food Deficit Countries (FAO),,1979,0.62,1.36,3.46,0.54,0.68
Low Income Food Deficit Countries (FAO),,1980,0.65,1.35,3.51,0.53,0.66
Low Income Food Deficit Countries (FAO),,1981,0.65,1.35,3.47,0.55,0.7
Low Income Food Deficit Countries (FAO),,1982,0.65,1.36,3.61,0.55,0.7
Low Income Food Deficit Countries (FAO),,1983,0.65,1.34,3.58,0.55,0.72
Low Income Food Deficit Countries (FAO),,1984,0.64,1.32,3.56,0.55,0.73
Low Income Food Deficit Countries (FAO),,1985,0.63,1.32,3.56,0.6,0.77
Low Income Food Deficit Countries (FAO),,1986,0.63,1.31,3.51,0.62,0.81
Low Income Food Deficit Countries (FAO),,1987,0.62,1.35,3.39,0.63,0.87
Low Income Food Deficit Countries (FAO),,1988,0.61,1.38,3.37,0.64,0.9
Low Income Food Deficit Countries (FAO),,1989,0.61,1.4,3.34,0.66,0.91
Low Income Food Deficit Countries (FAO),,1990,0.6,1.42,3.35,0.67,0.9
Low Income Food Deficit Countries (FAO),,1991,0.59,1.44,3.35,0.69,0.97
Low Income Food Deficit Countries (FAO),,1992,0.6,1.52,3.56,0.67,1.02
Low Income Food Deficit Countries (FAO),,1993,0.57,1.5,3.51,0.64,1.07
Low Income Food Deficit Countries (FAO),,1994,0.58,1.53,3.53,0.61,1.08
Low Income Food Deficit Countries (FAO),,1995,0.58,1.56,3.49,0.67,1.09
Low Income Food Deficit Countries (FAO),,1996,0.59,1.42,3.39,0.66,1.1
Low Income Food Deficit Countries (FAO),,1997,0.6,1.45,3.46,0.64,1.12
Low Income Food Deficit Countries (FAO),,1998,0.58,1.5,3.44,0.65,1.11
Low Income Food Deficit Countries (FAO),,1999,0.58,1.53,3.37,0.65,1.17
Low Income Food Deficit Countries (FAO),,2000,0.59,1.53,3.25,0.64,1.24
Low Income Food Deficit Countries (FAO),,2001,0.61,1.54,3.26,0.65,1.3
Low Income Food Deficit Countries (FAO),,2002,0.61,1.53,3.3,0.67,1.43
Low Income Food Deficit Countries (FAO),,2003,0.62,1.53,3.27,0.64,1.55
Low Income Food Deficit Countries (FAO),,2004,0.62,1.55,3.32,0.65,1.59
Low Income Food Deficit Countries (FAO),,2005,0.61,1.59,3.31,0.65,1.63
Low Income Food Deficit Countries (FAO),,2006,0.61,1.53,3.42,0.63,1.7
Low Income Food Deficit Countries (FAO),,2007,0.64,1.55,3.46,0.62,1.87
Low Income Food Deficit Countries (FAO),,2008,0.66,1.55,3.51,0.62,1.96
Low Income Food Deficit Countries (FAO),,2009,0.67,1.55,3.45,0.61,2.09
Low Income Food Deficit Countries (FAO),,2010,1.42,2.41,6.41,1.12,2.76
Low Income Food Deficit Countries (FAO),,2011,1.42,2.44,6.35,1.13,2.82
Low Income Food Deficit Countries (FAO),,2012,1.5,2.73,6.33,1.1,2.82
Low Income Food Deficit Countries (FAO),,2013,1.49,2.78,6.37,1.1,2.8
Low Income Food Deficit Countries (FAO),,2014,1.52,2.9,6.32,1.2,2.94
Low Income Food Deficit Countries (FAO),,2015,1.5,2.8,6.35,1.22,2.91
Low Income Food Deficit Countries (FAO),,2016,1.48,2.75,6.3,1.24,2.87
Low Income Food Deficit Countries (FAO),,2017,1.42,2.67,6.22,1.25,2.94
Low Income Food Deficit Countries (FAO),,2018,1.4,2.67,6.18,1.17,3.07
Low Income Food Deficit Countries (FAO),,2019,1.36,2.67,6.06,1.52,3.24
Low Income Food Deficit Countries (FAO),,2020,1.29,2.7,5.92,1.6,3.41
Low Income Food Deficit Countries (FAO),,2021,1.26,2.59,5.86,1.44,3.61
Low Income Food Deficit Countries (FAO),,2022,1.24,2.63,5.87,1.57,3.49
Low Income Food Deficit Countries (FAO),,2023,1.26,2.68,5.8,1.45,3.56
Low-income countries,OWID_LIC,1961,0.9656663,2.4072635,4.8490853,1.3086858,1.1529489
Low-income countries,OWID_LIC,1962,0.9597331,2.3819845,4.883186,1.3250651,1.157613
Low-income countries,OWID_LIC,1963,0.9719808,2.4390016,4.948821,1.3597672,1.1604525
Low-income countries,OWID_LIC,1964,0.9714407,2.4892926,4.9368653,1.4189597,1.1868397
Low-income countries,OWID_LIC,1965,0.9949056,2.536618,4.7305355,1.4169964,1.1859448
Low-income countries,OWID_LIC,1966,0.99934846,2.630044,5.1952815,1.456673,1.2193905
Low-income countries,OWID_LIC,1967,1.0192354,2.7492888,5.238901,1.4928039,1.2567968
Low-income countries,OWID_LIC,1968,1.0363547,2.8780997,5.253519,1.4901619,1.2789572
Low-income countries,OWID_LIC,1969,1.0212364,2.7855473,5.080773,1.507073,1.3512477
Low-income countries,OWID_LIC,1970,1.0249323,2.7710729,4.832026,1.6416193,1.3987633
Low-income countries,OWID_LIC,1971,1.0407258,2.7200005,4.5982337,1.7476428,1.4273998
Low-income countries,OWID_LIC,1972,1.0336443,2.4013004,4.5488267,1.8749796,1.3784577
Low-income countries,OWID_LIC,1973,1.0167996,2.2646465,4.3392105,1.8015456,1.415839
Low-income countries,OWID_LIC,1974,0.9964843,2.346311,4.350828,1.9108073,1.3728117
Low-income countries,OWID_LIC,1975,0.98305094,2.4958498,4.5513134,1.9760493,1.4002266
Low-income countries,OWID_LIC,1976,0.96973264,2.6953487,4.4471006,1.9980451,1.4168053
Low-income countries,OWID_LIC,1977,0.9973926,2.8127737,4.424739,2.0850048,1.5997281
Low-income countries,OWID_LIC,1978,0.9771548,2.8997009,5.1334085,2.1483757,1.7942597
Low-income countries,OWID_LIC,1979,0.973115,2.8544133,4.7777467,2.2010295,1.9444822
Low-income countries,OWID_LIC,1980,1.0155514,2.9572594,4.8168693,2.2634065,1.7798772
Low-income countries,OWID_LIC,1981,1.0098168,3.0350118,5.0020185,2.388324,2.027313
Low-income countries,OWID_LIC,1982,1.01907,3.0434935,5.050492,2.2978752,1.9846067
Low-income countries,OWID_LIC,1983,1.0108485,2.8901925,4.9644027,2.3708203,1.867162
Low-income countries,OWID_LIC,1984,0.9359231,2.4962742,4.9215846,2.367983,2.1028454
Low-income countries,OWID_LIC,1985,0.9285191,2.2842517,4.7968884,2.4033291,2.1883798
Low-income countries,OWID_LIC,1986,0.91877735,2.3051243,4.7186193,2.4409583,2.2696552
Low-income countries,OWID_LIC,1987,0.9357021,2.3077097,4.6971145,2.5731997,2.0899212
Low-income countries,OWID_LIC,1988,0.8743405,2.4159358,4.7702756,2.6077101,2.320482
Low-income countries,OWID_LIC,1989,0.8709836,2.489996,4.7379694,2.7334442,2.1400998
Low-income countries,OWID_LIC,1990,0.8459606,2.537906,4.880115,2.8528118,1.9867734
Low-income countries,OWID_LIC,1991,0.8293923,2.4795105,4.812904,3.0282724,1.9961058
Low-income countries,OWID_LIC,1992,0.8619695,2.3906384,4.652722,2.4961853,1.9307816
Low-income countries,OWID_LIC,1993,0.9119341,2.052937,4.563522,1.6984203,1.6819706
Low-income countries,OWID_LIC,1994,0.91346663,2.025145,4.4706354,1.5855038,1.6203864
Low-income countries,OWID_LIC,1995,0.9012422,1.9972749,4.4071074,1.9585308,1.5354689
Low-income countries,OWID_LIC,1996,0.9388088,2.024469,4.632666,1.905329,1.5725727
Low-income countries,OWID_LIC,1997,0.9392623,2.0919418,4.5815096,1.8132036,1.5618771
Low-income countries,OWID_LIC,1998,0.94016683,2.1698592,4.6515355,1.8235859,1.6241165
Low-income countries,OWID_LIC,1999,0.9882339,2.2380774,4.5477242,1.8544694,1.6211276
Low-income countries,OWID_LIC,2000,1.0859599,2.1572292,4.4165144,1.7927552,1.7841132
Low-income countries,OWID_LIC,2001,1.2419685,2.091298,4.307316,1.7582887,1.8602375
Low-income countries,OWID_LIC,2002,1.2366172,2.0221522,4.671272,1.9147171,2.0476973
Low-income countries,OWID_LIC,2003,1.2599354,2.039974,4.7171655,1.7023375,2.1305816
Low-income countries,OWID_LIC,2004,1.2561097,2.13203,4.6985908,1.7660114,2.0959606
Low-income countries,OWID_LIC,2005,1.2593932,2.1320882,4.8629966,1.8426229,2.1447194
Low-income countries,OWID_LIC,2006,1.2276514,2.151578,4.8319883,1.7078657,1.9029075
Low-income countries,OWID_LIC,2007,1.2712008,2.1644552,4.9298205,1.6910889,1.9875659
Low-income countries,OWID_LIC,2008,1.3238539,2.230779,4.983234,1.6455789,2.03901
Low-income countries,OWID_LIC,2009,1.3399073,2.288931,4.697949,1.5925609,2.168112
Low-income countries,OWID_LIC,2010,1.4732708,2.4228349,3.9451025,1.235003,2.3665812
Low-income countries,OWID_LIC,2011,1.4577351,2.4527106,3.7992063,1.2549932,2.3721256
Low-income countries,OWID_LIC,2012,1.5799835,2.8872418,3.99874,1.2022923,2.3255506
Low-income countries,OWID_LIC,2013,1.5618505,2.952064,3.993827,1.1934333,2.3090708
Low-income countries,OWID_LIC,2014,1.5637288,3.0781507,4.1110363,1.2063272,2.4269092
Low-income countries,OWID_LIC,2015,1.5479326,2.9375858,3.9395258,1.240722,2.343827
Low-income countries,OWID_LIC,2016,1.5339694,2.8805697,3.8398883,1.2899725,2.3352585
Low-income countries,OWID_LIC,2017,1.4633728,2.8089058,3.6914372,1.334559,2.4435813
Low-income countries,OWID_LIC,2018,1.4322687,2.7563531,3.5963054,1.2687882,2.5567744
Low-income countries,OWID_LIC,2019,1.1998746,2.7818553,3.7373147,1.6355634,2.9127674
Low-income countries,OWID_LIC,2020,1.1464214,2.7734942,3.8238332,1.6998996,2.771449
Low-income countries,OWID_LIC,2021,1.136026,2.6481915,3.6693275,1.4660535,2.710658
Low-income countries,OWID_LIC,2022,1.1065574,2.6622267,3.6378777,1.5723945,2.4856813
Low-income countries,OWID_LIC,2023,0.84399104,1.8453052,2.3048995,1.7076123,2.5652676
Lower-middle-income countries,OWID_LMC,1961,0.4917748,1.004783,3.1868641,0.9527806,0.56676626
Lower-middle-income countries,OWID_LMC,1962,0.48691714,1.0059482,3.1579301,0.9704334,0.5809804
Lower-middle-income countries,OWID_LMC,1963,0.4819389,0.99511373,3.1299412,0.9716769,0.6133214
Lower-middle-income countries,OWID_LMC,1964,0.49848923,0.99242014,3.1292772,0.98376155,0.6202199
Lower-middle-income countries,OWID_LMC,1965,0.49509916,0.9989958,3.15792,1.0161161,0.6469703
Lower-middle-income countries,OWID_LMC,1966,0.49589032,1.0000222,3.1685407,1.0512323,0.6740098
Lower-middle-income countries,OWID_LMC,1967,0.51035976,0.98429567,3.1557903,1.0929921,0.68334824
Lower-middle-income countries,OWID_LMC,1968,0.5132712,0.96442163,3.2015307,1.0995048,0.722967
Lower-middle-income countries,OWID_LMC,1969,0.50995564,0.95321167,3.2292123,1.1109388,0.7288987
Lower-middle-income countries,OWID_LMC,1970,0.50020117,0.9371812,3.2350848,1.0844839,0.7300122
Lower-middle-income countries,OWID_LMC,1971,0.5026366,0.9340938,3.2376258,1.0923344,0.7438322
Lower-middle-income countries,OWID_LMC,1972,0.5009689,0.9257205,3.2066848,1.0308459,0.77054876
Lower-middle-income countries,OWID_LMC,1973,0.4787957,0.9278999,3.2698784,1.0494887,0.7703525
Lower-middle-income countries,OWID_LMC,1974,0.47638354,0.9204561,3.292263,1.0254894,0.77575773
Lower-middle-income countries,OWID_LMC,1975,0.4713806,0.93821615,3.1548173,0.94516855,0.80110633
Lower-middle-income countries,OWID_LMC,1976,0.461394,0.93995214,3.2247436,0.94321537,0.81791955
Lower-middle-income countries,OWID_LMC,1977,0.46781588,0.96824557,3.2493513,0.90820235,0.8505055
Lower-middle-income countries,OWID_LMC,1978,0.46313274,0.9956295,3.3009977,0.9320224,0.88809407
Lower-middle-income countries,OWID_LMC,1979,0.46463743,0.990209,3.2839792,0.9855338,0.98034877
Lower-middle-income countries,OWID_LMC,1980,0.47644752,0.97504044,3.3795757,1.0027996,1.0371617
Lower-middle-income countries,OWID_LMC,1981,0.4857467,0.99010396,3.3375072,1.1058881,1.1164052
Lower-middle-income countries,OWID_LMC,1982,0.50789195,1.0064994,3.487909,1.0980451,1.158087
Lower-middle-income countries,OWID_LMC,1983,0.51215106,1.0065148,3.48691,1.1731516,1.2248107
Lower-middle-income countries,OWID_LMC,1984,0.5159568,1.017199,3.4377632,1.2598618,1.1795751
Lower-middle-income countries,OWID_LMC,1985,0.52124953,1.0574851,3.4277616,1.1821343,1.190828
Lower-middle-income countries,OWID_LMC,1986,0.5225383,1.050734,3.3448102,1.2598423,1.218345
Lower-middle-income countries,OWID_LMC,1987,0.5100516,1.0964739,3.375612,1.2994598,1.3622606
Lower-middle-income countries,OWID_LMC,1988,0.5135799,1.1551814,3.3475668,1.329603,1.3414198
Lower-middle-income countries,OWID_LMC,1989,0.5157492,1.1593907,3.3100665,1.3915666,1.3367368
Lower-middle-income countries,OWID_LMC,1990,0.502568,1.1525253,3.27857,1.4039917,1.3552299
Lower-middle-income countries,OWID_LMC,1991,0.499217,1.1613889,3.2855992,1.4475118,1.4713715
Lower-middle-income countries,OWID_LMC,1992,0.49394822,1.2420793,3.6042717,1.848979,1.6017278
Lower-middle-income countries,OWID_LMC,1993,0.50070965,1.264878,3.5688598,1.8161151,1.6846457
Lower-middle-income countries,OWID_LMC,1994,0.5124659,1.2862635,3.6281998,1.8843443,1.7370135
Lower-middle-income countries,OWID_LMC,1995,0.50935805,1.3016557,3.611292,1.9558214,1.8170161
Lower-middle-income countries,OWID_LMC,1996,0.50323355,1.1588942,3.4731724,1.9999269,1.8921925
Lower-middle-income countries,OWID_LMC,1997,0.51607835,1.1705335,3.575362,2.0060186,2.0664935
Lower-middle-income countries,OWID_LMC,1998,0.4886207,1.1764725,3.5426414,2.0330496,2.0433764
Lower-middle-income countries,OWID_LMC,1999,0.49633807,1.1776482,3.5046532,2.0880022,2.170919
Lower-middle-income countries,OWID_LMC,2000,0.49036685,1.1790118,3.4713843,2.1012905,2.2796135
Lower-middle-income countries,OWID_LMC,2001,0.48879984,1.1929375,3.3514445,2.147475,2.3608246
Lower-middle-income countries,OWID_LMC,2002,0.489619,1.1781319,3.3870447,2.288983,2.552588
Lower-middle-income countries,OWID_LMC,2003,0.49100393,1.1670449,3.3532212,2.3429704,2.7331154
Lower-middle-income countries,OWID_LMC,2004,0.4871863,1.1684315,3.4259589,2.3878195,2.799046
Lower-middle-income countries,OWID_LMC,2005,0.4862757,1.2017534,3.4304147,2.5260704,2.8770642
Lower-middle-income countries,OWID_LMC,2006,0.46626395,1.1611736,3.5709114,2.431744,3.0474129
Lower-middle-income countries,OWID_LMC,2007,0.48230508,1.1855482,3.6947043,2.5146961,3.389501
Lower-middle-income countries,OWID_LMC,2008,0.49510407,1.1806875,3.6944513,2.5670023,3.609226
Lower-middle-income countries,OWID_LMC,2009,0.4958362,1.1735853,3.6780748,2.6579053,3.8415103
Lower-middle-income countries,OWID_LMC,2010,0.63589966,1.1970416,3.8353062,2.3363402,4.1735463
Lower-middle-income countries,OWID_LMC,2011,0.64767516,1.1707184,3.7933643,2.3450315,4.4225492
Lower-middle-income countries,OWID_LMC,2012,0.6412342,1.1151966,3.7260964,2.3602085,4.4711924
Lower-middle-income countries,OWID_LMC,2013,0.6445534,1.1361862,3.6926348,2.408361,4.6846232
Lower-middle-income countries,OWID_LMC,2014,0.6765705,1.2026378,3.6476803,2.5050166,4.8452225
Lower-middle-income countries,OWID_LMC,2015,0.68078154,1.1900141,3.818519,2.555642,4.9871597
Lower-middle-income countries,OWID_LMC,2016,0.6725021,1.19186,3.745176,2.5994847,5.093735
Lower-middle-income countries,OWID_LMC,2017,0.66650313,1.2344035,3.7673957,2.615118,5.422703
Lower-middle-income countries,OWID_LMC,2018,0.6636078,1.2625372,3.961603,2.6636875,5.7345324
Lower-middle-income countries,OWID_LMC,2019,0.63598645,1.2567769,3.8253586,2.4125347,5.8922825
Lower-middle-income countries,OWID_LMC,2020,0.6251355,1.2411854,4.073732,2.137447,5.8882685
Lower-middle-income countries,OWID_LMC,2021,0.6263671,1.2446339,4.233934,2.30815,6.278744
Lower-middle-income countries,OWID_LMC,2022,0.62049574,1.7979852,4.274718,2.4867895,6.3384075
Lower-middle-income countries,OWID_LMC,2023,0.6340323,1.8805087,4.2952905,2.4267938,6.431204
Luxembourg,LUX,2000,1.8094107,1.4695214,30.000229,50.033703,14.805179
Luxembourg,LUX,2001,2.2709472,1.6434486,34.14389,50.289528,19.093885
Luxembourg,LUX,2002,2.0589077,1.511855,31.042759,44.96774,16.610514
Luxembourg,LUX,2003,2.2060883,1.5630581,32.70551,46.179466,18.558842
Luxembourg,LUX,2004,3.5406115,1.637163,31.618944,48.355484,17.860857
Luxembourg,LUX,2005,3.9169776,1.584506,30.25324,49.62161,17.596874
Luxembourg,LUX,2006,4.1685543,1.6260318,30.874893,48.07141,16.30959
Luxembourg,LUX,2007,4.093221,1.6749501,30.218477,46.502163,17.849617
Luxembourg,LUX,2008,3.505639,1.9619628,31.869446,47.385883,19.928364
Luxembourg,LUX,2009,3.5286112,1.7992918,29.408426,44.69241,19.022514
Luxembourg,LUX,2010,1.8099715,1.7099731,30.869514,41.629345,18.709703
Luxembourg,LUX,2011,1.5899909,1.9499888,30.509825,38.26978,22.529871
Luxembourg,LUX,2012,2.3399956,1.8899965,31.099943,38.249928,19.559963
Luxembourg,LUX,2013,1.9099717,1.6299759,30.359552,38.819427,19.979704
Luxembourg,LUX,2014,1.8399836,1.8599834,27.98975,37.07967,18.859833
Luxembourg,LUX,2015,1.7599999,1.8599999,26.379997,36.59,19.97
Luxembourg,LUX,2016,1.6999972,1.5599973,27.679953,36.88994,19.589968
Luxembourg,LUX,2017,1.7599822,1.3299867,26.509733,36.159637,18.79981
Luxembourg,LUX,2018,1.7999732,1.2999806,27.269596,36.699455,19.409712
Luxembourg,LUX,2019,0.96998906,1.1799866,29.04967,34.129616,19.259783
Luxembourg,LUX,2020,0.86000407,1.1300054,28.640135,35.670166,18.530088
Luxembourg,LUX,2021,0.82999223,1.0999898,30.549713,34.29968,18.799824
Luxembourg,LUX,2022,1.2299906,1.0799918,30.619766,33.189743,19.69985
Luxembourg,LUX,2023,0.79999876,0.96999854,29.819954,31.519953,19.90997
Macao,MAC,1961,4.179767,0.010096056,4.4018807,10.964317,10.711916
Macao,MAC,1962,1.0687473,0.010178546,6.4226627,13.23211,11.135329
Macao,MAC,1963,2.3658335,0.010376462,6.9418535,15.419423,11.299968
Macao,MAC,1964,2.2636392,0.008773795,7.2559295,14.029299,9.94071
Macao,MAC,1965,2.220888,0,5.844442,13.403254,10.239463
Macao,MAC,1966,2.9461381,0,6.2801437,15.95206,10.909789
Macao,MAC,1967,4.236148,0,4.506355,12.708444,9.5095415
Macao,MAC,1968,8.021159,0,4.1713705,13.561548,9.059408
Macao,MAC,1969,7.763125,0,4.4333296,13.578271,9.749487
Macao,MAC,1970,8.483518,0,5.840951,15.182572,9.585401
Macao,MAC,1971,7.6064067,0,5.7072153,17.285536,9.6212845
Macao,MAC,1972,12.821568,0.009297729,9.055987,18.967365,11.17587
Macao,MAC,1973,15.9276495,0.010106376,7.589889,21.263817,12.572332
Macao,MAC,1974,15.429933,0,7.4598794,21.075861,14.432259
Macao,MAC,1975,16.909771,0.022147702,8.704047,23.144348,10.110426
Macao,MAC,1976,16.974022,0.03245511,9.152341,21.561012,11.87857
Macao,MAC,1977,17.977594,0.010537863,9.378697,22.277042,14.573864
Macao,MAC,1978,18.809406,0.020489547,9.578864,25.079206,18.553286
Macao,MAC,1979,22.339153,0,9.683322,29.563858,20.011528
Macao,MAC,1980,10.715296,0.3398508,13.144229,33.445316,23.809547
Macao,MAC,1981,5.588557,0.4391009,9.66022,39.030083,22.25443
Macao,MAC,1982,2.929394,0.3499276,10.177895,44.720745,25.634695
Macao,MAC,1983,1.5383762,0.33180666,12.789638,48.946507,24.071064
Macao,MAC,1984,1.1843456,0.37453663,11.134873,46.138866,22.654404
Macao,MAC,1985,1.3108675,0.41663232,12.610749,39.762985,32.94444
Macao,MAC,1986,2.051969,0.45939606,10.913208,39.028248,24.18465
Macao,MAC,1987,1.098465,0.5338334,10.450815,34.83263,22.770048
Macao,MAC,1988,0.77084965,0.6989037,12.641934,35.58242,21.779072
Macao,MAC,1989,1.1284612,0.45138448,14.321198,37.89578,23.061644
Macao,MAC,1990,1.6609564,0.52289367,12.344392,40.447365,23.181622
Macao,MAC,1991,1.7824857,0.47872472,13.720047,38.51188,25.199255
Macao,MAC,1992,1.5434539,0.67018396,14.987751,40.799988,25.761467
Macao,MAC,1993,1.9586658,0.656254,13.276524,43.171417,26.038141
Macao,MAC,1994,1.4670132,0.6430743,13.896434,45.969765,25.843548
Macao,MAC,1995,1.2977078,0.66881865,13.226638,46.28824,25.684631
Macao,MAC,1996,1.4228575,0.5870531,11.512211,44.357338,24.636332
Macao,MAC,1997,1.5583727,0.54592675,9.419718,47.187923,22.789959
Macao,MAC,1998,1.0504333,0.6936824,8.710669,46.209156,19.046535
Macao,MAC,1999,1.0569363,0.7507211,7.704769,43.01829,21.889446
Macao,MAC,2000,1.07675,0.6420986,7.66567,45.016052,22.680899
Macao,MAC,2001,1.2103226,0.6199213,8.383698,45.224735,23.173248
Macao,MAC,2002,0.983365,0.7302215,8.821076,45.22505,24.817795
Macao,MAC,2003,1.1345621,0.7018902,9.086112,49.045776,23.643122
Macao,MAC,2004,1.3516545,0.7043834,11.203504,53.171425,23.577806
Macao,MAC,2005,0.5856896,0.7084955,12.3845005,53.666172,27.036188
Macao,MAC,2006,0.8680064,0.9529201,12.142654,46.768562,27.625248
Macao,MAC,2007,0.8589821,1.1799204,16.150751,50.425076,26.590687
Macao,MAC,2008,0.5592469,1.1469302,15.469338,57.85836,32.464756
Macao,MAC,2009,0.4654845,0.87397087,13.78404,56.466118,31.757442
Macao,MAC,2010,0.35000062,0.8500015,9.350017,54.750095,31.380054
Macao,MAC,2011,0.739982,0.8199801,10.029756,57.418602,33.329193
Macao,MAC,2012,1,0.72,10.8,62.03,34.17
Macao,MAC,2013,0.97998035,0.7199856,10.889782,61.198772,34.829304
Macao,MAC,2014,0.7799897,0.74999017,12.96983,64.929146,34.949543
Macao,MAC,2015,0.749994,0.6799945,12.249902,64.51948,33.49973
Macao,MAC,2016,0.51999426,0.5799936,13.289853,66.69926,33.219635
Macao,MAC,2017,1.61998,0.6799916,15.379809,66.93917,32.949593
Macao,MAC,2018,1.229987,0.6999926,16.239828,65.04932,32.95965
Macao,MAC,2019,0.94998294,0.6799878,12.069783,60.088924,33.289406
Macao,MAC,2020,1.0500015,0.690001,11.550017,55.49008,36.810055
Macao,MAC,2021,1.2599927,1.0899938,13.379924,52.459698,47.48973
Macao,MAC,2022,1.45,0.57,12.4,48.48,49.02
Macao,MAC,2023,1.6799858,0.80999315,18.389845,57.70951,42.63964
Madagascar,MDG,1961,0.3883524,0.5875074,17.81442,2.9076643,4.7598066
Madagascar,MDG,1962,0.37780115,0.6263546,17.91573,2.9925828,4.7821674
Madagascar,MDG,1963,0.36744264,0.68523085,17.597523,3.187813,4.766824
Madagascar,MDG,1964,0.35715124,0.7738277,17.212706,3.373095,4.762017
Madagascar,MDG,1965,0.34698564,0.81293774,13.730718,2.9245932,4.7388325
Madagascar,MDG,1966,0.33679703,0.8816157,17.889864,3.229289,4.73497
Madagascar,MDG,1967,0.32653168,0.96970016,17.583237,3.0773137,4.7198668
Madagascar,MDG,1968,0.31627047,1.0970632,17.414642,3.06387,4.823125
Madagascar,MDG,1969,0.30595008,1.0560213,16.166006,2.9311993,4.974156
Madagascar,MDG,1970,0.2956833,1.0447475,14.79402,2.8681278,5.1744576
Madagascar,MDG,1971,0.2952449,1.0333571,12.518384,3.4740484,5.412823
Madagascar,MDG,1972,0.28498226,1.0416592,13.502263,3.8423471,4.8741794
Madagascar,MDG,1973,0.28458628,0.9911454,13.100783,3.3070889,5.181433
Madagascar,MDG,1974,0.2646166,1.0388651,13.005416,2.9401844,4.733697
Madagascar,MDG,1975,0.2545126,1.0180504,13.675159,3.0639405,4.8846846
Madagascar,MDG,1976,0.25423607,1.0853925,13.650521,2.522804,4.664254
Madagascar,MDG,1977,0.24421568,0.8889451,9.416957,2.5105371,4.6596355
Madagascar,MDG,1978,0.23414256,0.8780346,17.746056,2.5072765,4.9169936
Madagascar,MDG,1979,0.23369385,0.837403,13.875573,2.7848518,4.858885
Madagascar,MDG,1980,0.23309693,1.0392238,14.092651,3.2730691,3.7781126
Madagascar,MDG,1981,0.24202456,1.1617179,14.2407255,3.8143072,3.727178
Madagascar,MDG,1982,0.24119349,1.1287855,13.969927,3.2126973,3.444243
Madagascar,MDG,1983,0.24032195,0.84593326,13.717577,3.2876043,3.153024
Madagascar,MDG,1984,0.24921064,0.8338972,13.054804,4.083221,3.028868
Madagascar,MDG,1985,0.25829896,0.8514299,12.666216,3.8457844,3.788385
Madagascar,MDG,1986,0.27722812,0.83168435,12.484825,3.9481108,3.9959085
Madagascar,MDG,1987,0.26772523,0.8127373,12.477908,4.159302,3.1457713
Madagascar,MDG,1988,0.26789668,0.84196097,12.35195,4.4394307,3.4252503
Madagascar,MDG,1989,0.27763686,0.73717374,12.110711,4.499632,3.188037
Madagascar,MDG,1990,0.27774033,0.7470257,11.837484,4.472577,3.4286566
Madagascar,MDG,1991,0.2873586,0.7375538,11.513502,4.4253225,3.4099889
Madagascar,MDG,1992,0.28741798,0.73770607,11.161397,4.387914,3.3340485
Madagascar,MDG,1993,0.297002,0.7377146,10.787879,4.359223,3.334087
Madagascar,MDG,1994,0.2969327,0.72796404,10.4405365,4.3198924,3.3045738
Madagascar,MDG,1995,0.28722653,0.71806633,10.005057,4.2605267,3.398847
Madagascar,MDG,1996,0.27745503,0.6505842,9.921409,4.563657,3.4729717
Madagascar,MDG,1997,0.28675553,0.6117451,9.7688055,4.51162,3.5366516
Madagascar,MDG,1998,0.28645465,0.56336075,9.548488,3.2751312,3.6093283
Madagascar,MDG,1999,0.2861722,0.51510996,9.243361,2.499237,3.672543
Madagascar,MDG,2000,0.28598958,0.44805035,8.951474,1.2869531,3.8989913
Madagascar,MDG,2001,0.3050279,0.49567035,6.9679813,1.1152582,3.9272342
Madagascar,MDG,2002,0.32423177,0.48634765,6.3606644,1.2397096,3.8240278
Madagascar,MDG,2003,0.3339861,0.5152929,6.355278,1.3645717,3.7215595
Madagascar,MDG,2004,0.32458472,0.53461015,6.1766562,1.4988177,3.6086183
Madagascar,MDG,2005,0.34365866,0.45821148,6.9877257,2.1383204,3.503409
Madagascar,MDG,2006,0.3625721,0.45798582,6.802998,2.9196596,3.4730594
Madagascar,MDG,2007,0.37181172,0.45761442,6.6258755,3.1174984,3.38444
Madagascar,MDG,2008,0.3238019,0.5904623,7.1998305,2.5904152,3.333255
Madagascar,MDG,2009,0.33292374,0.5802385,7.1055436,2.5397327,3.291189
Madagascar,MDG,2010,0.33999994,0.55999994,1.9199997,1.0699999,3.1799996
Madagascar,MDG,2011,0.33999994,0.5599999,1.8599997,1.0599997,3.1499996
Madagascar,MDG,2012,0.33999994,0.5499999,1.7999996,1.0499997,3.1099992
Madagascar,MDG,2013,0.34,0.55,1.7699999,1.01,3.01
Madagascar,MDG,2014,0.3199999,0.51999986,1.6999996,0.9699998,2.9499993
Madagascar,MDG,2015,0.31999993,0.53999996,1.6799997,0.9699999,3.0799994
Madagascar,MDG,2016,0.32,0.53,1.65,0.97,3.21
Madagascar,MDG,2017,0.30999988,0.5199998,1.5999994,0.9599996,3.139999
Madagascar,MDG,2018,0.3,0.51,1.35,0.96,3.07
Madagascar,MDG,2019,0.2899999,0.16999996,1.3299997,0.9499997,3.029999
Madagascar,MDG,2020,0.29,0.16,1.17,0.93,3
Madagascar,MDG,2021,0.27999994,0.14999998,1.1599997,0.89999974,2.9699993
Madagascar,MDG,2022,0.27,0.18999998,0.78999996,0.87999994,2.9499998
Madagascar,MDG,2023,0.26999995,0.18999995,0.95999974,1.0099998,2.9099994
Malawi,MWI,1961,0,0.59217995,1.1261126,1.1164048,0.6115957
Malawi,MWI,1962,0,0.5337716,1.2131171,1.1354777,0.6405259
Malawi,MWI,1963,0,0.47536314,1.3387778,1.3387778,0.6596876
Malawi,MWI,1964,0,0.5043493,1.3190674,1.3578634,0.6692327
Malawi,MWI,1965,0,0.47538695,1.3000377,1.2709323,0.69852775
Malawi,MWI,1966,0,0.4755345,1.3489652,1.2033933,0.7278589
Malawi,MWI,1967,0.00970714,0.61154985,1.6016781,1.3492925,0.7474498
Malawi,MWI,1968,0,0.62185574,1.661521,1.370026,0.7481702
Malawi,MWI,1969,0,0.57457733,1.6945163,1.6263461,1.217325
Malawi,MWI,1970,0,0.547438,1.7791737,1.3197167,1.2806139
Malawi,MWI,1971,0.009820178,0.54993004,1.6497899,1.2569828,1.2177022
Malawi,MWI,1972,0.029615473,0.53307855,1.5992355,1.4314146,1.233978
Malawi,MWI,1973,0.019852376,0.47645703,1.6477472,1.3797401,1.2804782
Malawi,MWI,1974,0,0.52883077,1.7660953,1.3669777,1.3071101
Malawi,MWI,1975,0.010023885,0.5412898,1.7942754,1.1727946,1.3331767
Malawi,MWI,1976,0,0.55359805,1.6507287,1.3890278,1.368897
Malawi,MWI,1977,0,0.59556973,1.8573701,1.2718947,1.4233108
Malawi,MWI,1978,0,0.55490965,1.8463358,1.402408,1.442765
Malawi,MWI,1979,0,0.44176984,1.8172805,1.1546258,1.4759129
Malawi,MWI,1980,0,0.42804208,1.9311666,1.2642173,1.4334433
Malawi,MWI,1981,0,0.44223395,2.564957,1.2677374,1.4053212
Malawi,MWI,1982,0,0.46443036,2.660799,1.1707516,1.3739398
Malawi,MWI,1983,0,0.40089867,2.1667619,1.202696,1.3363289
Malawi,MWI,1984,0,0.43648747,2.0875487,1.0153078,1.3094623
Malawi,MWI,1985,0,0.46714073,1.3632882,0.9724153,1.2870203
Malawi,MWI,1986,0,0.43642655,2.0463555,1.4256601,1.2704861
Malawi,MWI,1987,0,0.43240386,1.8770258,1.5035862,1.22842
Malawi,MWI,1988,0,0.4053973,1.8490072,1.1469777,1.2063042
Malawi,MWI,1989,0,0.38697293,1.7165723,1.1212293,1.2204531
Malawi,MWI,1990,0,0.35627174,1.7813586,1.0787116,1.1875725
Malawi,MWI,1991,0,0.34337887,1.7463268,1.1282449,1.3146507
Malawi,MWI,1992,0,0.36589935,1.6946918,1.3384213,1.1747296
Malawi,MWI,1993,0.009530313,0.3716822,1.7345171,1.0769254,1.2389407
Malawi,MWI,1994,0,0.3392262,1.482903,1.1339847,1.2987517
Malawi,MWI,1995,0.009816631,0.33376545,1.4823112,1.5313944,1.3546951
Malawi,MWI,1996,0,0.47076246,2.1772764,1.3926723,1.3828647
Malawi,MWI,1997,0,0.5713217,1.1426435,1.8223193,1.3987532
Malawi,MWI,1998,0,0.5650949,1.3284688,1.8043382,1.4077803
Malawi,MWI,1999,0,0.5781724,1.3158407,1.8441706,1.4155254
Malawi,MWI,2000,0,0.78034824,1.5406877,1.8808395,1.3506029
Malawi,MWI,2001,0,0.9324021,1.6843392,1.7244425,1.3935901
Malawi,MWI,2002,0,0.84329176,1.867289,1.1043108,0.80313504
Malawi,MWI,2003,0,0.8439598,1.8687682,1.0850912,0.92433697
Malawi,MWI,2004,0,1.0557338,1.769611,0.9149693,1.2668806
Malawi,MWI,2005,0,0.84555846,1.6609185,0.9462202,1.2482054
Malawi,MWI,2006,0,1.1595234,1.824989,1.2805171,0.8469562
Malawi,MWI,2007,0,1.333384,1.9697719,1.8485552,1.0101393
Malawi,MWI,2008,0,1.4667639,2.063585,2.4378626,1.3656077
Malawi,MWI,2009,0,1.5589573,2.0954816,2.925576,1.4880958
Malawi,MWI,2010,0,1.6699992,2.179999,2.1499991,1.6099993
Malawi,MWI,2011,0,1.8999991,2.239999,2.899999,3.6599984
Malawi,MWI,2012,0,1.9700004,2.2800004,4.2400007,4.7400007
Malawi,MWI,2013,0,2.0800004,1.9100004,4.420001,4.5200014
Malawi,MWI,2014,0,2.2500007,2.5400007,6.1800017,4.6800013
Malawi,MWI,2015,0,2.4100006,2.5500004,7.4500012,5.770001
Malawi,MWI,2016,0,2.63,2.55,9.29,4.69
Malawi,MWI,2017,0,2.680001,2.6000009,10.400003,7.2200027
Malawi,MWI,2018,0,2.869999,2.6099992,10.259997,10.309998
Malawi,MWI,2019,0,2.6800003,2.9000003,14.200002,5.5400004
Malawi,MWI,2020,0,3.060001,2.8900008,17.930006,5.3200016
Malawi,MWI,2021,0,3.2299993,3.0399992,15.519998,7.1699986
Malawi,MWI,2022,0,3.49,3.22,16.3,6.6
Malawi,MWI,2023,0,2.91,3.23,17.43,4.66
Malaysia,MYS,1961,0.34069297,0.4232852,2.3125825,6.9067755,3.6134102
Malaysia,MYS,1962,0.32223794,0.4157909,2.099744,7.328315,3.8460658
Malaysia,MYS,1963,0.3870688,0.41845274,2.1236477,6.66386,4.2786794
Malaysia,MYS,1964,0.56804985,0.43129706,2.1459658,6.5956893,4.723229
Malaysia,MYS,1965,0.6762941,0.4121167,2.1662545,6.646703,5.1673093
Malaysia,MYS,1966,0.6255414,0.42409587,2.1098769,6.9021606,5.598066
Malaysia,MYS,1967,0.6169027,0.38290516,2.010252,6.5306597,6.041392
Malaysia,MYS,1968,0.544124,0.37341842,1.8350849,6.166739,6.497481
Malaysia,MYS,1969,0.5561942,0.6524586,1.8076314,6.8240757,6.9417315
Malaysia,MYS,1970,0.23578216,0.4072601,1.8112358,6.9984436,7.352117
Malaysia,MYS,1971,0.33255926,0.40765327,1.898806,6.7155514,7.4021254
Malaysia,MYS,1972,0.46154112,0.42934057,1.9964336,7.159254,7.4490585
Malaysia,MYS,1973,0.36507115,0.25769728,1.503234,6.8719273,7.9456663
Malaysia,MYS,1974,0.27915248,0.25767922,1.8037546,7.2150183,8.503414
Malaysia,MYS,1975,0.25757515,0.32196894,1.7922937,9.938108,9.938108
Malaysia,MYS,1976,0.25735965,0.39676282,1.9194741,10.78766,9.983411
Malaysia,MYS,1977,0.17138323,0.4284581,2.0030415,9.693865,9.597462
Malaysia,MYS,1978,0.27821836,0.2889191,2.7286801,9.652038,9.940956
Malaysia,MYS,1979,0.34220192,0.2887329,2.3205569,9.560266,10.223283
Malaysia,MYS,1980,0.5221035,0.51144826,2.4720001,10.516656,10.740415
Malaysia,MYS,1981,0.47622225,0.29631606,2.4869382,10.836701,10.889615
Malaysia,MYS,1982,0.83061737,0.30491015,2.6705923,9.778153,12.38566
Malaysia,MYS,1983,0.86724657,0.39705265,2.3927646,10.156189,13.060943
Malaysia,MYS,1984,0.71683455,0.42594513,2.8465602,9.734405,14.118524
Malaysia,MYS,1985,0.5787889,0.42375615,3.0903194,10.149477,15.937366
Malaysia,MYS,1986,0.555815,0.4117148,2.7996607,10.179648,16.345078
Malaysia,MYS,1987,0.62601256,0.4207625,2.91455,10.806413,18.256989
Malaysia,MYS,1988,0.010241351,0.43013674,3.1031294,10.23111,18.403708
Malaysia,MYS,1989,0.010226391,0.39882925,3.5076523,11.821709,18.765429
Malaysia,MYS,1990,0.010211864,0.42889827,3.6252117,13.193728,20.689238
Malaysia,MYS,1991,0.020400736,0.43861586,3.9985447,13.056472,24.61349
Malaysia,MYS,1992,0.010196676,0.5098338,4.0072937,13.694137,28.387547
Malaysia,MYS,1993,0.020391595,0.4690067,4.088515,13.937655,31.933237
Malaysia,MYS,1994,0.020390056,0.48936132,4.404252,14.640059,32.970722
Malaysia,MYS,1995,0.010193992,0.5606696,4.8523407,14.281783,33.19164
Malaysia,MYS,1996,0.020393202,0.71376204,5.3430185,13.643052,33.322495
Malaysia,MYS,1997,0.02040306,0.62229335,5.172176,13.353803,33.675247
Malaysia,MYS,1998,0.051023174,0.6122781,4.5308576,11.970036,33.45079
Malaysia,MYS,1999,0.01020524,0.63272494,4.9087205,7.3273625,33.605858
Malaysia,MYS,2000,0.010197312,0.62203604,5.679903,7.2298946,32.06035
Malaysia,MYS,2001,0.010169793,0.7118855,5.593386,8.217193,32.90945
Malaysia,MYS,2002,0.020258497,0.6280135,5.723026,8.417407,33.3151
Malaysia,MYS,2003,0.010085656,0.5244541,5.7084813,8.31058,33.79703
Malaysia,MYS,2004,0.010042851,0.68291384,6.8391814,8.295395,34.20595
Malaysia,MYS,2005,0.01000268,0.6401715,6.5217476,7.9321256,35.18943
Malaysia,MYS,2006,0.009965588,0.67766,6.1587334,8.38106,36.59364
Malaysia,MYS,2007,0.009931706,0.73494625,5.9192967,7.577892,36.767178
Malaysia,MYS,2008,0.009902774,0.72290254,5.2088594,7.2587333,35.917362
Malaysia,MYS,2009,0.0098809665,0.7311915,5.572865,7.5391774,38.13065
Malaysia,MYS,2010,0.010000003,0.85000026,6.650002,8.700002,44.80001
Malaysia,MYS,2011,0.010000002,0.72000015,7.1100016,7.9000015,45.56001
Malaysia,MYS,2012,0.009999998,0.8499999,7.2899985,7.6399984,47.109993
Malaysia,MYS,2013,0.009999997,0.9999997,7.8799977,7.5999975,48.939983
Malaysia,MYS,2014,0.010000003,1.1700002,7.890002,7.610002,51.98001
Malaysia,MYS,2015,0.010000002,1.2300003,8.560001,7.8800015,53.06001
Malaysia,MYS,2016,0.009999999,1.2099999,7.9799995,7.0399995,56.219997
Malaysia,MYS,2017,0.01,1.33,7.5499997,7.5999994,52.259995
Malaysia,MYS,2018,0.010000002,1.2300003,7.6500015,7.8100014,51.050007
Malaysia,MYS,2019,0.020000007,1.0600003,7.240002,7.450002,50.33002
Malaysia,MYS,2020,0.020000001,1.2300001,7.460001,7.090001,51.090008
Malaysia,MYS,2021,0.009999998,0.9599998,7.099999,6.459999,49.43999
Malaysia,MYS,2022,0.009999998,1.3499998,8.759998,6.859999,49.979992
Malaysia,MYS,2023,0.020000003,1.1700002,8.750002,7.2400007,51.90001
Maldives,MDV,1961,4.2840023,0,0,0,0
Maldives,MDV,1962,4.2773204,0,0,0,0
Maldives,MDV,1963,4.280305,0,0,0,0
Maldives,MDV,1964,4.267877,0,0,0,0
Maldives,MDV,1965,4.229513,0,0,0,0
Maldives,MDV,1966,4.149344,0,0,0,0
Maldives,MDV,1967,4.0876822,0,0,0,0
Maldives,MDV,1968,4.0467906,0,0,0,0
Maldives,MDV,1969,4.0100017,0,0,0,0
Maldives,MDV,1970,3.9776049,0,0,0,0
Maldives,MDV,1971,3.9750655,0,0,0,0
Maldives,MDV,1972,3.9679646,0,0,0,0
Maldives,MDV,1973,3.967519,0,0,0,0
Maldives,MDV,1974,3.956286,0,0,0,0
Maldives,MDV,1975,3.9122994,0,0,0,0
Maldives,MDV,1976,3.9003925,0,0,0,0
Maldives,MDV,1977,3.8503911,0,0,0,0
Maldives,MDV,1978,3.8143294,0,0,0,0
Maldives,MDV,1979,3.7132418,0,0,0,0
Maldives,MDV,1980,3.606076,0,0,0,0
Maldives,MDV,1981,3.5730548,0,0,0,0
Maldives,MDV,1982,4.1453247,0,0,0,0
Maldives,MDV,1983,4.1809525,0,0,0,0
Maldives,MDV,1984,4.227738,0,0,0,0
Maldives,MDV,1985,4.1699004,0,0,0,0
Maldives,MDV,1986,3.8395727,0,0,0,0
Maldives,MDV,1987,3.8151903,0,0,0,0
Maldives,MDV,1988,3.6865513,0,0,0,0
Maldives,MDV,1989,3.5490406,0.086797185,1.986691,0.48220658,3.2018516
Maldives,MDV,1990,3.555603,0,0.91292506,0.13453633,1.7393625
Maldives,MDV,1991,3.5817263,0,2.049437,0.39264914,1.0342953
Maldives,MDV,1992,3.68915,0,1.3667059,0.33450845,1.0035253
Maldives,MDV,1993,3.3443177,0.09555194,2.111698,0.62108755,3.4016488
Maldives,MDV,1994,3.430198,0.1333966,3.0395367,0.62886965,4.1924644
Maldives,MDV,1995,3.5128186,0.17182265,2.758708,0.59183353,4.0473776
Maldives,MDV,1996,2.994542,0.17221007,2.5161805,0.70797473,3.0519452
Maldives,MDV,1997,3.1556416,0.25818887,2.6679516,1.0614431,4.1405845
Maldives,MDV,1998,3.2085474,0.29779932,4.8224277,0.893398,4.226829
Maldives,MDV,1999,3.5032425,0.3657231,3.522491,0.9913021,4.1191974
Maldives,MDV,2000,3.0782378,0.38719973,3.2524774,1.0551193,5.8563957
Maldives,MDV,2001,3.208684,0.35867465,2.6076617,0.84337014,6.6694098
Maldives,MDV,2002,2.852989,0.54342645,2.7268362,0.9121801,8.064061
Maldives,MDV,2003,2.816892,0.45653075,3.0014467,1.0101957,10.772183
Maldives,MDV,2004,3.246742,0.6707341,3.6258526,0.8845914,11.178903
Maldives,MDV,2005,2.158934,0.60294557,2.8202293,0.6612951,12.418734
Maldives,MDV,2006,2.3072586,0.7819579,4.7496705,0.89780354,11.304602
Maldives,MDV,2007,2.7146683,0.6644293,4.6415133,0.9491847,10.89664
Maldives,MDV,2008,2.5405588,0.88732755,5.1371593,1.0087514,10.554528
Maldives,MDV,2009,2.4439967,0.5972172,4.5664144,1.1117429,10.428331
Maldives,MDV,2010,0.17999403,0.6399787,6.1197963,0.9099698,12.699577
Maldives,MDV,2011,0.10999618,0.6599771,7.0397553,0.9599666,13.069546
Maldives,MDV,2012,0.10999972,0.65999836,7.059982,0.9699975,13.069966
Maldives,MDV,2013,0.12999773,0.66998833,8.619849,0.9199839,13.619761
Maldives,MDV,2014,0.14999892,0.73999465,7.419946,1.0099926,13.949899
Maldives,MDV,2015,0.12999544,0.93996704,10.579629,0.89996845,15.009474
Maldives,MDV,2016,0.23999675,3.1199577,8.8598795,0.93998724,17.00977
Maldives,MDV,2017,0.17999727,1.579976,8.579869,1.0299842,15.709761
Maldives,MDV,2018,0.15999797,1.2199845,10.119872,0.9999873,16.009798
Maldives,MDV,2019,0.18999727,1.1499835,9.72986,1.179983,16.029772
Maldives,MDV,2020,0.15999776,0.7399897,7.8898897,0.4499937,14.969791
Maldives,MDV,2021,1.7299565,1.3199669,11.839703,0.6999824,18.159544
Maldives,MDV,2022,0.18999782,1.7699797,14.79983,0.82999045,20.439766
Maldives,MDV,2023,0.19999278,2.0399263,9.059673,0.81997037,17.499367
Mali,MLI,1961,2.1802282,4.0879283,5.3002105,0.056385215,1.4660156
Mali,MLI,1962,2.1703398,4.013258,5.631658,0.10290405,1.515496
Mali,MLI,1963,2.3474631,4.4899893,5.5705676,0.10246863,1.5556601
Mali,MLI,1964,2.3471508,4.731411,5.8725157,0.14843641,1.6049688
Mali,MLI,1965,2.6798463,4.916132,6.237573,0.13861275,1.654112
Mali,MLI,1966,2.6796494,4.8620443,6.8510623,0.12891783,1.5562224
Mali,MLI,1967,2.817925,4.956611,7.3431273,0.13768364,1.5787724
Mali,MLI,1968,2.982936,5.3711143,7.2102866,0.15555187,1.6470197
Mali,MLI,1969,3.0208306,5.5123315,7.6296506,0.1642748,1.7522643
Mali,MLI,1970,3.1237082,5.4277844,7.267403,0.1639264,1.8396182
Mali,MLI,1971,3.2288692,4.8296604,6.8306503,0.1546219,1.9191306
Mali,MLI,1972,3.126583,3.5355837,5.789632,0.12724465,1.7178029
Mali,MLI,1973,3.0507884,2.5241644,4.8576546,0.08171755,1.5072348
Mali,MLI,1974,3.1105506,3.1468253,5.3505096,0.090686604,1.5870156
Mali,MLI,1975,3.1601217,4.3010254,5.858449,0.090547904,1.6298622
Mali,MLI,1976,3.20934,4.945096,6.0118628,0.12656553,1.554948
Mali,MLI,1977,3.256185,5.384882,5.9350963,0.16235827,1.4702443
Mali,MLI,1978,3.3101225,6.179495,5.9456277,0.17989796,1.583102
Mali,MLI,1979,3.291682,6.1618133,5.184175,0.18835238,1.4619732
Mali,MLI,1980,3.20181,6.457281,4.910038,0.20570287,1.4667509
Mali,MLI,1981,3.123845,6.140587,5.7746506,0.22313179,1.5886984
Mali,MLI,1982,3.0385554,5.925628,5.8008785,0.1871251,1.7643224
Mali,MLI,1983,2.86395,5.452178,5.5589094,0.21346211,1.9122648
Mali,MLI,1984,2.7408197,4.0890546,6.9984035,0.20400923,2.102182
Mali,MLI,1985,2.6614869,3.7225447,6.472453,0.22105372,2.3873804
Mali,MLI,1986,2.6162043,3.8230057,7.3465133,0.19379291,2.625013
Mali,MLI,1987,2.5259647,3.8064883,7.0955048,0.22803846,2.6049008
Mali,MLI,1988,2.5494633,4.2170916,7.508693,0.20954491,2.6105804
Mali,MLI,1989,2.4434688,4.608678,7.6956224,0.1913036,2.5912943
Mali,MLI,1990,2.4207408,5.032365,7.904283,0.19955929,2.576918
Mali,MLI,1991,2.3010538,4.3763433,7.945147,0.22576374,2.5615501
Mali,MLI,1992,2.3348038,4.0597706,5.645346,0.19166298,2.5526025
Mali,MLI,1993,2.511121,4.156037,5.363475,0.18374057,2.5198708
Mali,MLI,1994,2.6451788,4.060042,5.9933953,0.17575939,2.4079037
Mali,MLI,1995,2.682923,4.4215283,5.312894,0.17650811,2.5152404
Mali,MLI,1996,2.738083,4.4748607,5.236916,0.16836108,2.4722497
Mali,MLI,1997,2.8262024,4.585913,6.6300216,0.16886114,2.444043
Mali,MLI,1998,2.8372235,4.9540234,6.759529,0.16898823,2.641553
Mali,MLI,1999,2.8080647,5.3495407,6.531416,0.16883932,2.6036801
Mali,MLI,2000,2.9471116,5.681179,4.873386,0.16866,2.5298998
Mali,MLI,2001,3.1479297,5.932296,5.621937,0.19508298,2.2877913
Mali,MLI,2002,2.603832,5.9870424,6.9701214,0.19484457,2.648115
Mali,MLI,2003,2.6800735,6.430407,7.412216,0.18574765,2.662383
Mali,MLI,2004,2.7646422,6.4655533,5.891426,0.1943199,2.6674824
Mali,MLI,2005,2.5666013,6.147495,7.955582,0.17639871,2.5666013
Mali,MLI,2006,1.9647391,6.4580884,7.56821,0.17620978,2.4581263
Mali,MLI,2007,2.394194,6.6808577,7.6490974,0.16724148,2.3589852
Mali,MLI,2008,2.5852537,6.498307,8.503198,0.1670742,2.6468072
Mali,MLI,2009,2.6177142,6.8780875,8.933608,0.16690123,2.6352828
Mali,MLI,2010,2.6490333,7.430928,9.02814,0.16556458,2.6587725
Mali,MLI,2011,2.6685724,7.596666,9.09652,0.16556835,2.5517004
Mali,MLI,2012,2.6782622,7.411482,9.972875,0.15582617,2.5126967
Mali,MLI,2013,2.6003294,7.4114256,9.203412,0.13634685,2.6587636
Mali,MLI,2014,2.6395507,7.3829494,8.970576,0.15584062,2.6590307
Mali,MLI,2015,2.7082143,7.2965918,8.660441,0.11690134,2.415961
Mali,MLI,2016,2.7185917,7.483435,9.178902,0.12667273,2.8939848
Mali,MLI,2017,2.6511295,7.914401,9.220472,0.1364552,2.7583442
Mali,MLI,2018,2.437906,7.820803,9.020252,0.13652274,2.2233703
Mali,MLI,2019,1.7279112,2.4015038,4.0806036,0.06833547,2.284357
Mali,MLI,2020,1.4954878,0.97744304,3.313532,0.048872154,2.609773
Mali,MLI,2021,1.5067317,0.8609896,2.5340488,0.06848781,2.4851289
Mali,MLI,2022,1.4492712,0.8225593,2.6635253,0.058754236,2.497055
Malta,MLT,1961,0.3216515,1.6177177,16.565052,8.97786,2.942165
Malta,MLT,1962,0.4153719,1.3877198,16.529915,6.419384,3.2568934
Malta,MLT,1963,0.5169565,1.5884663,18.225065,8.816458,3.4589088
Malta,MLT,1964,0.9554919,2.0421298,16.693005,7.943697,3.8875406
Malta,MLT,1965,0.33756152,1.9784853,18.17206,7.35134,3.6662931
Malta,MLT,1966,0.3100618,1.6348714,18.086939,8.465628,3.664367
Malta,MLT,1967,0.3590884,1.7481935,20.657032,9.175653,3.7231796
Malta,MLT,1968,0.58451694,1.8949662,21.231165,9.201428,6.193994
Malta,MLT,1969,0.5728811,1.6716857,23.037333,11.344923,6.170211
Malta,MLT,1970,0.96360004,1.5155652,21.255333,13.284583,6.46454
Malta,MLT,1971,3.0099297,2.106019,21.582035,13.027497,8.172472
Malta,MLT,1972,4.557129,1.5963873,20.595253,12.102843,7.629246
Malta,MLT,1973,0.37887165,1.219782,17.575949,13.537731,10.220294
Malta,MLT,1974,1.245455,0.8764313,17.288761,14.760948,7.4727306
Malta,MLT,1975,0.4987735,1.1545682,21.290237,11.333241,8.654643
Malta,MLT,1976,0.23188812,0.98320556,29.134424,12.484857,8.756095
Malta,MLT,1977,1.111757,1.1584696,25.430273,15.359064,9.968443
Malta,MLT,1978,1.1230752,0.8871351,32.342678,13.316463,9.975551
Malta,MLT,1979,11.0660925,1.9063038,17.19486,12.162218,12.981928
Malta,MLT,1980,8.998723,0.6929498,23.348557,15.591371,11.52029
Malta,MLT,1981,7.9777174,0.65104395,17.33526,14.361835,12.836254
Malta,MLT,1982,8.434948,1.0788887,24.069027,13.721502,11.063513
Malta,MLT,1983,7.640319,1.10844,20.031096,15.181671,9.669161
Malta,MLT,1984,7.198585,0.85863847,19.11968,16.473877,9.225371
Malta,MLT,1985,5.391826,0.9438206,28.153969,21.717915,9.3378
Malta,MLT,1986,3.8419294,1.2739029,19.239979,20.847523,9.331844
Malta,MLT,1987,5.43351,1.3482403,25.9815,22.443638,9.498505
Malta,MLT,1988,4.947844,1.1074231,23.50988,21.183277,9.692492
Malta,MLT,1989,6.228623,1.4452034,27.754013,22.105505,9.923052
Malta,MLT,1990,1.1415743,2.0079474,24.951551,27.265278,9.713573
Malta,MLT,1991,1.8113024,1.5350021,37.41312,30.526075,9.69098
Malta,MLT,1992,1.6597431,1.4138552,32.498177,30.285189,9.845759
Malta,MLT,1993,1.1489549,1.9080857,31.10385,28.549477,9.991803
Malta,MLT,1994,1.0687163,1.5927982,22.309452,26.913155,10.646058
Malta,MLT,1995,0.9782634,1.575519,32.63281,29.111061,11.605294
Malta,MLT,1996,1.8425187,1.4513694,29.737635,28.852402,15.337167
Malta,MLT,1997,3.5923898,1.9193625,28.852022,30.31977,13.15841
Malta,MLT,1998,3.5703003,1.7235932,25.279367,30.501444,12.72176
Malta,MLT,1999,3.5905032,1.8310543,29.613981,29.900402,13.7073345
Malta,MLT,2000,3.6320627,1.8772459,27.209862,28.352535,15.3750515
Malta,MLT,2001,4.1327696,2.4674768,16.713854,33.935417,17.546501
Malta,MLT,2002,4.114446,1.5871451,21.45173,29.256037,18.82334
Malta,MLT,2003,3.5928237,2.119362,20.911041,32.436337,20.53763
Malta,MLT,2004,3.9309397,1.306962,21.574926,33.247105,23.635906
Malta,MLT,2005,3.8656113,1.7570962,21.265884,32.882797,21.617304
Malta,MLT,2006,4.255686,1.8267331,21.489206,33.312786,21.78028
Malta,MLT,2007,4.951258,1.2754763,20.799301,40.152397,24.143663
Malta,MLT,2008,5.1146746,1.6379017,20.609425,33.330795,24.829784
Malta,MLT,2009,5.770009,1.4877377,20.375975,31.926046,25.683578
Malta,MLT,2010,4.8899536,1.3399873,19.299816,31.449703,22.729784
Malta,MLT,2011,5.039941,1.3499842,19.359774,30.879637,22.429737
Malta,MLT,2012,5.109928,1.3599808,19.459724,30.039577,22.75968
Malta,MLT,2013,5.269914,1.3799775,19.69968,31.149492,23.30962
Malta,MLT,2014,4.5798526,2.079933,25.579176,37.748783,24.739202
Malta,MLT,2015,3.5000157,1.120005,20.810093,31.22014,24.34011
Malta,MLT,2016,3.489954,1.2299838,19.179747,28.329626,24.379677
Malta,MLT,2017,3.6899843,1.2699945,19.939915,30.929867,23.709898
Malta,MLT,2018,3.5,1.18,18.28,28.49,23.68
Malta,MLT,2019,0.7200043,0.9600057,18.37011,23.270138,22.820135
Malta,MLT,2020,0.63999754,0.85999674,23.31991,24.02991,25.309902
Malta,MLT,2021,0.72999585,0.9599945,17.4199,24.989857,24.359861
Malta,MLT,2022,0.68999475,0.8799933,18.569859,23.509823,25.499807
Malta,MLT,2023,1.2299908,0.9599928,18.209864,24.13982,27.239796
Marshall Islands,MHL,2019,0.02998637,0.49977288,12.064517,20.840528,48.69787
Marshall Islands,MHL,2020,0.13994102,0.7596798,13.154455,26.11899,63.383286
Marshall Islands,MHL,2021,0.1399425,0.9895933,16.01342,30.507463,70.60098
Marshall Islands,MHL,2022,0.21992318,0.72974515,12.645583,25.780996,71.95487
Marshall Islands,MHL,2023,0.39980438,1.0394914,18.480957,31.524576,74.173706
Mauritania,MRT,1961,8.327294,15.95543,11.8857,0,1.7009386
Mauritania,MRT,1962,8.418681,15.875227,12.183557,0,1.7046522
Mauritania,MRT,1963,8.328847,15.830047,12.3937435,0,1.697199
Mauritania,MRT,1964,8.465553,15.315624,13.228084,0,1.6994048
Mauritania,MRT,1965,8.631586,15.113142,14.064346,0,1.6885606
Mauritania,MRT,1966,8.686631,14.939327,14.20495,0,1.7205405
Mauritania,MRT,1967,8.980991,14.943867,14.304612,0,1.7500881
Mauritania,MRT,1968,10.475981,15.2216,14.289238,0,1.7809168
Mauritania,MRT,1969,9.467708,15.043716,10.147708,0,1.7993876
Mauritania,MRT,1970,9.47562,14.730569,9.872615,0,1.8178148
Mauritania,MRT,1971,9.558264,14.160004,12.709569,0,1.8365222
Mauritania,MRT,1972,9.715986,12.582828,8.621374,0,1.8452034
Mauritania,MRT,1973,8.739584,12.458333,6.8020835,0,1.7916667
Mauritania,MRT,1974,7.9946265,10.8885145,6.5580926,0,1.7384149
Mauritania,MRT,1975,7.584862,11.3928995,7.92821,0.02080895,1.7687608
Mauritania,MRT,1976,7.488248,12.542816,8.434679,0.031201035,1.8304607
Mauritania,MRT,1977,7.259603,12.740707,9.838946,0.020801155,1.8721039
Mauritania,MRT,1978,7.199659,12.921931,11.20525,0,1.8415312
Mauritania,MRT,1979,7.107621,12.8103695,11.415902,0,1.8627588
Mauritania,MRT,1980,8.367012,12.571331,11.645131,0,1.8419913
Mauritania,MRT,1981,8.150641,11.419227,13.199252,0,1.9882153
Mauritania,MRT,1982,7.728959,11.432202,11.921114,0.010402367,1.9556452
Mauritania,MRT,1983,7.6127186,10.826283,10.680686,0,1.9239794
Mauritania,MRT,1984,7.5674853,10.342922,9.604885,0.020789795,1.923056
Mauritania,MRT,1985,7.453725,10.132083,10.080177,0,1.9724342
Mauritania,MRT,1986,10.542452,10.055239,8.635066,0,2.0317802
Mauritania,MRT,1987,10.483867,9.7904625,8.527844,0,2.028468
Mauritania,MRT,1988,10.525691,9.606372,8.583758,0,1.9935803
Mauritania,MRT,1989,10.718974,10.398232,8.660021,0,2.0175676
Mauritania,MRT,1990,10.867219,10.535397,8.731106,0,2.0427885
Mauritania,MRT,1991,9.640113,10.561669,9.826494,0,1.9984336
Mauritania,MRT,1992,8.848451,9.586677,8.745919,0,1.9070821
Mauritania,MRT,1993,7.538091,9.301032,4.265506,0.010131842,1.7832043
Mauritania,MRT,1994,8.626739,9.342275,4.1521215,0,1.8039558
Mauritania,MRT,1995,8.590878,9.156199,4.1591554,0,1.7060615
Mauritania,MRT,1996,8.247146,10.816094,4.32236,0,1.6922449
Mauritania,MRT,1997,8.183797,10.945956,5.1854672,0,1.6634568
Mauritania,MRT,1998,8.047805,12.004727,5.4613786,0,1.6590225
Mauritania,MRT,1999,6.9274893,12.810686,5.5213127,0,2.0575678
Mauritania,MRT,2000,8.185808,13.086931,8.030381,0,2.6318927
Mauritania,MRT,2001,8.35602,13.440479,8.210154,0,2.8339617
Mauritania,MRT,2002,8.572195,13.908807,8.015423,0.010505141,3.6137686
Mauritania,MRT,2003,8.732714,13.707714,8.214044,0,3.7047875
Mauritania,MRT,2004,8.711316,13.695296,8.370531,0,2.971219
Mauritania,MRT,2005,8.670323,13.369424,8.167231,0,2.9543324
Mauritania,MRT,2006,7.961611,13.3338175,7.961611,0.2363771,2.3852599
Mauritania,MRT,2007,7.7515345,12.768499,6.373484,0.04306408,3.4881904
Mauritania,MRT,2008,7.2583246,11.785368,6.301301,0.04301229,3.0646257
Mauritania,MRT,2009,7.1509237,11.507849,7.3222036,0.010704976,4.0893006
Mauritania,MRT,2010,7.169983,12.91997,7.649982,0,4.7899885
Mauritania,MRT,2011,7.189994,12.91999,7.7099934,0,4.839996
Mauritania,MRT,2012,7.13999,12.309983,7.31999,0,4.9799933
Mauritania,MRT,2013,7.2699924,12.609986,7.0899925,0.019999979,5.109995
Mauritania,MRT,2014,7.109998,13.049996,7.229998,0.009999997,5.2699986
Mauritania,MRT,2015,7.120002,13.060003,7.230002,0,5.2900014
Mauritania,MRT,2016,7.050009,12.860015,7.1200085,0,5.270006
Mauritania,MRT,2017,6.4899955,12.929992,7.1499953,0,5.229996
Mauritania,MRT,2018,6.3800073,12.820014,7.1100082,0.010000011,5.2200055
Mauritania,MRT,2019,6.429994,12.399988,6.5099945,0,6.1499944
Mauritania,MRT,2020,5.439993,12.449984,6.769991,0.009999987,5.939992
Mauritania,MRT,2021,6.1999946,12.37999,6.649995,0.009999991,7.079994
Mauritania,MRT,2022,6.359995,12.659989,6.609995,0,10.859991
Mauritania,MRT,2023,6.3099976,12.569995,6.339998,0,11.309996
Mauritius,MUS,1961,0.078436695,0.8431945,4.0689034,0.7451486,0.6863211
Mauritius,MUS,1962,0.07917389,0.91049975,4.067559,0.78184223,0.7323585
Mauritius,MUS,1963,0.079627186,0.98538643,4.3595886,0.77636504,0.7166447
Mauritius,MUS,1964,0.06994811,1.1891179,4.3867455,0.8293847,0.8393773
Mauritius,MUS,1965,0.070030876,1.0104455,3.9117248,0.89039254,0.87038374
Mauritius,MUS,1966,0.2404209,1.1219642,3.3158047,1.1419992,0.8615082
Mauritius,MUS,1967,0.23021702,1.2912172,3.6434348,1.2211512,0.78073597
Mauritius,MUS,1968,0.21992072,0.9696505,3.4987388,1.1795747,0.79971176
Mauritius,MUS,1969,0.20980902,1.1589451,3.1571264,1.1489542,0.85921794
Mauritius,MUS,1970,0.22952761,1.4769603,3.2632837,1.2274737,0.98796666
Mauritius,MUS,1971,0.20972136,1.4480761,3.0060062,1.1285007,0.97869974
Mauritius,MUS,1972,0.2595096,2.01619,2.585115,1.4871897,1.1977367
Mauritius,MUS,1973,0.42992395,1.3097683,1.8296764,1.7296941,1.2897718
Mauritius,MUS,1974,0.7212544,1.28223,2.2939897,1.6829269,2.4642859
Mauritius,MUS,1975,0.5323688,2.13952,3.4955537,1.4263465,2.8326037
Mauritius,MUS,1976,0.39309534,2.1267467,4.596192,1.3506354,2.8826993
Mauritius,MUS,1977,0.5660454,3.0930338,6.2163916,1.506085,3.5175679
Mauritius,MUS,1978,0.5676941,2.64586,7.461123,1.845006,3.973859
Mauritius,MUS,1979,0.31448963,1.9478068,7.7709374,1.4405655,7.101379
Mauritius,MUS,1980,0.344197,2.0044413,6.549866,1.0022206,6.155052
Mauritius,MUS,1981,0.36326045,1.7557588,5.1159177,0.8778794,6.135065
Mauritius,MUS,1982,0.42230195,1.7897558,5.3793225,0.91498756,6.143488
Mauritius,MUS,1983,0.410668,2.1334705,4.45725,0.9815967,6.5005736
Mauritius,MUS,1984,0.637945,2.2826471,4.934106,0.7874634,6.150189
Mauritius,MUS,1985,0.5847818,2.3886852,5.709057,0.7929246,5.85773
Mauritius,MUS,1986,0.5812791,2.6994996,6.7191925,0.8275838,6.6403747
Mauritius,MUS,1987,0.62714356,4.801568,7.1729546,1.2640862,7.3983345
Mauritius,MUS,1988,0.6239963,3.197981,6.80546,1.2382427,9.779192
Mauritius,MUS,1989,0.69021404,2.7414136,6.668829,1.2540509,11.198967
Mauritius,MUS,1990,0.55271053,3.5683768,8.727008,1.5320748,13.992304
Mauritius,MUS,1991,0.65839267,4.8798513,8.074992,2.1494584,13.196899
Mauritius,MUS,1992,0.9108364,4.815805,8.10063,1.6957061,14.815626
Mauritius,MUS,1993,1.0568908,4.1596894,7.786085,2.055604,15.552779
Mauritius,MUS,1994,1.0007509,4.72199,8.278057,2.5553157,16.701853
Mauritius,MUS,1995,0.91501814,4.2246585,6.6192803,1.7716309,16.888899
Mauritius,MUS,1996,0.91563386,4.617132,6.1659174,2.035824,17.71849
Mauritius,MUS,1997,0.78995764,4.6812305,5.5979714,2.233337,18.03249
Mauritius,MUS,1998,0.8975903,4.234285,7.912453,2.4000783,16.08833
Mauritius,MUS,1999,0.8776825,4.476181,7.6455903,2.2624705,17.729187
Mauritius,MUS,2000,0.9253003,4.6167617,8.405623,2.3668208,17.775507
Mauritius,MUS,2001,0.9537717,4.6034083,6.7250633,2.3357675,22.997576
Mauritius,MUS,2002,0.96185046,3.9737055,7.393618,2.487209,24.376593
Mauritius,MUS,2003,0.9596375,3.7900836,7.454154,2.5396466,24.69855
Mauritius,MUS,2004,0.84159935,4.0338726,7.9226418,2.370021,27.095629
Mauritius,MUS,2005,0.7911614,3.9268622,7.8151317,2.4699674,26.938082
Mauritius,MUS,2006,0.8474226,3.851921,7.655693,2.638566,28.552364
Mauritius,MUS,2007,0.8264528,4.026555,6.2176156,2.8060956,31.568573
Mauritius,MUS,2008,0.796377,3.674848,6.9083304,2.7729273,33.17918
Mauritius,MUS,2009,0.91139317,4.2020025,6.226254,3.0891433,34.661724
Mauritius,MUS,2010,0.71,3.72,6.1,2.48,35.67
Mauritius,MUS,2011,0.73,3.78,6.44,3.04,35.93
Mauritius,MUS,2012,0.73999774,3.849988,6.1299815,3.6699889,37.059887
Mauritius,MUS,2013,0.74999535,3.839976,6.129962,3.7599766,37.979763
Mauritius,MUS,2014,0.7699964,3.9299817,6.3899703,3.3399844,37.779823
Mauritius,MUS,2015,0.7799982,3.949991,6.7299848,2.9299934,38.11991
Mauritius,MUS,2016,0.7699958,3.9999785,6.4099655,2.809985,38.219795
Mauritius,MUS,2017,0.75999767,4.0799875,6.5899796,2.839991,37.249886
Mauritius,MUS,2018,0.7599964,4.4099793,6.7999682,4.019981,39.269817
Mauritius,MUS,2019,0.7600006,3.700003,6.660005,4.1300035,41.040035
Mauritius,MUS,2020,0.809993,3.3299713,6.0999475,3.2799718,39.909657
Mauritius,MUS,2021,0.7199955,2.7999825,6.539959,3.5299778,41.60974
Mauritius,MUS,2022,0.7099978,3.7599883,6.5799794,4.2899866,46.409855
Mauritius,MUS,2023,0.7099994,2.8799977,7.5599937,4.2699966,49.129963
Mexico,MEX,1961,1.0856963,0.7905556,9.001793,11.141563,3.5733113
Mexico,MEX,1962,0.9800256,0.7587295,10.411454,10.790819,3.814723
Mexico,MEX,1963,0.95817274,0.75811476,10.339842,10.487253,3.8432205
Mexico,MEX,1964,0.9570325,0.7677294,10.800796,10.201335,3.8807142
Mexico,MEX,1965,0.93461955,0.7560968,10.71137,9.913268,4.085023
Mexico,MEX,1966,0.88055897,0.7233163,10.43043,9.633735,4.1092753
Mexico,MEX,1967,0.8370157,0.72192603,10.462696,9.62568,4.132765
Mexico,MEX,1968,0.80424,0.6997933,10.037333,9.358429,4.136091
Mexico,MEX,1969,0.7302533,0.7615499,9.754098,9.347242,4.1624436
Mexico,MEX,1970,0.7090794,0.7403623,9.165894,9.426585,4.317042
Mexico,MEX,1971,0.75099707,0.75099707,8.646896,9.6065035,4.45383
Mexico,MEX,1972,0.7724025,0.9080948,8.318983,10.573565,4.56135
Mexico,MEX,1973,0.6686124,0.87755376,7.9502196,11.5126705,4.8892283
Mexico,MEX,1974,0.69006205,0.8468943,8.280745,12.546582,5.16501
Mexico,MEX,1975,0.7741957,0.8265062,9.583286,13.736742,5.2624383
Mexico,MEX,1976,0.79559654,0.8060649,10.834769,14.959309,5.4749603
Mexico,MEX,1977,0.7645912,0.79601276,11.374603,16.1821,5.676828
Mexico,MEX,1978,0.67034936,0.78556573,10.840807,16.926323,5.959825
Mexico,MEX,1979,0.64895713,0.7954958,9.65062,17.77305,6.28023
Mexico,MEX,1980,0.658576,0.7944727,11.049442,18.58648,6.617121
Mexico,MEX,1981,0.8664313,0.84555346,12.244866,18.967539,7.046279
Mexico,MEX,1982,0.8651492,0.8338788,12.341406,19.387682,7.1922045
Mexico,MEX,1983,0.8323325,0.7595034,13.150854,20.65225,7.272505
Mexico,MEX,1984,0.79979306,0.7166977,12.557791,19.797476,7.5409064
Mexico,MEX,1985,0.9026419,0.80926514,12.4606085,17.253946,8.341656
Mexico,MEX,1986,0.8606091,0.8606091,16.268623,12.54623,9.684445
Mexico,MEX,1987,0.89150405,0.7878408,16.275131,11.724315,9.474822
Mexico,MEX,1988,1.0679903,0.8398759,16.258339,11.447197,9.446012
Mexico,MEX,1989,1.1001812,0.8614627,14.82131,9.80822,8.645764
Mexico,MEX,1990,1.1432565,0.85224575,14.093235,9.696894,10.289309
Mexico,MEX,1991,1.1346614,0.93687636,15.739523,10.545064,11.783822
Mexico,MEX,1992,1.1474696,1.0118595,16.210615,10.723625,12.45526
Mexico,MEX,1993,1.2233943,1.0351799,15.621803,10.592295,14.387954
Mexico,MEX,1994,1.2470981,1.0375018,16.882984,11.422998,15.31101
Mexico,MEX,1995,1.0498617,0.9133796,16.062883,10.750583,16.640308
Mexico,MEX,1996,1.019829,0.85160977,15.339489,10.2929125,16.233152
Mexico,MEX,1997,1.0105193,0.92630935,16.105152,10.568348,18.578817
Mexico,MEX,1998,1.4326246,1.0007304,17.328438,11.187113,20.23582
Mexico,MEX,1999,1.2958759,1.0535576,17.668163,11.610206,21.450434
Mexico,MEX,2000,1.6008881,1.1796018,18.062653,12.512205,22.507225
Mexico,MEX,2001,1.9363371,1.2417814,18.226824,12.765092,23.48861
Mexico,MEX,2002,1.6605239,1.2506478,18.749207,12.968902,24.750214
Mexico,MEX,2003,1.16473,1.2067021,17.785742,12.9064665,25.687016
Mexico,MEX,2004,1.0373014,1.3621129,17.141668,13.579219,26.62407
Mexico,MEX,2005,0.99417734,1.1930128,17.298687,13.332441,28.600912
Mexico,MEX,2006,0.9199029,1.1498786,17.9172,13.328138,29.008303
Mexico,MEX,2007,0.85585064,1.1585295,18.004175,13.43268,29.09892
Mexico,MEX,2008,0.7812146,1.1457814,18.082514,13.936868,29.509079
Mexico,MEX,2009,0.7484355,1.0498886,17.411518,15.072659,29.552805
Mexico,MEX,2010,0.62,0.93,16.92,16.35,31.71
Mexico,MEX,2011,0.62,0.9,16.62,16.1,31.85
Mexico,MEX,2012,0.63,0.91,15.78,16.4,32.06
Mexico,MEX,2013,0.64,0.91,15.85,16.41,32.09
Mexico,MEX,2014,0.6399999,0.93999994,15.429999,15.719999,31.629997
Mexico,MEX,2015,0.64,0.95,14.96,16.82,32.6
Mexico,MEX,2016,0.6600001,0.93000007,14.9800005,17.280003,33.260002
Mexico,MEX,2017,0.6600001,0.9200001,15.140001,17.790003,34.150005
Mexico,MEX,2018,0.66,0.93,15.26,18.77,34.96
Mexico,MEX,2019,0.66,0.9,15.11,18.97,36.99
Mexico,MEX,2020,0.61,0.8299999,14.879999,19.72,36.36
Mexico,MEX,2021,0.63,0.84,15.1,20.13,38.23
Mexico,MEX,2022,0.6,0.84,15.06,21.77,38.49
Mexico,MEX,2023,0.58,0.86,15.78,22.41,38.58
Micronesia (FAO),,1961,0,0,1.99,14.59,2.76
Micronesia (FAO),,1962,0,0,9.34,14.17,2.8
Micronesia (FAO),,1963,0,0,9.71,13.78,2.78
Micronesia (FAO),,1964,0,0,9.96,16.05,2.81
Micronesia (FAO),,1965,0,0,8.54,15.63,2.79
Micronesia (FAO),,1966,0,0,5.86,13.05,2.82
Micronesia (FAO),,1967,0,0,9.15,12.72,2.83
Micronesia (FAO),,1968,0,0,9.36,12.12,2.83
Micronesia (FAO),,1969,0,0,6.39,11.84,2.86
Micronesia (FAO),,1970,0,0,7.89,11.57,2.91
Micronesia (FAO),,1971,0,0,7.94,11.38,2.96
Micronesia (FAO),,1972,0,0,9.73,11.13,3.04
Micronesia (FAO),,1973,0,0,9.39,10.89,4.21
Micronesia (FAO),,1974,0,0,8.38,10.89,4.43
Micronesia (FAO),,1975,0,0,8.21,10.82,4.19
Micronesia (FAO),,1976,0,0,9.89,10.71,4.08
Micronesia (FAO),,1977,0,0,12.69,10.25,4.02
Micronesia (FAO),,1978,0,0,10.07,9.98,4.19
Micronesia (FAO),,1979,0,0,10.84,9.88,4.64
Micronesia (FAO),,1980,0,0,10.14,9.66,3.87
Micronesia (FAO),,1981,0.2,0.14,6.38,9.49,4.04
Micronesia (FAO),,1982,0.6,0.02,6.51,9.22,3.96
Micronesia (FAO),,1983,0.36,0.08,6.29,8.91,4.07
Micronesia (FAO),,1984,0.38,0,6.47,8.72,4.43
Micronesia (FAO),,1985,0.21,0,5.88,8.42,4.26
Micronesia (FAO),,1986,0.69,0,3.85,8.37,4.69
Micronesia (FAO),,1987,0.48,0,6.5,8.47,4.91
Micronesia (FAO),,1988,0.26,0,5.76,7.98,4.56
Micronesia (FAO),,1989,0.03,0.03,9.45,7.93,4.58
Micronesia (FAO),,1990,0.08,0.07,4.74,7.73,4.68
Micronesia (FAO),,1991,0.6,0.08,6.11,7.73,5.81
Micronesia (FAO),,1992,0.46,0.04,6.75,7.47,5.92
Micronesia (FAO),,1993,0.21,0.04,5.08,8.34,6.76
Micronesia (FAO),,1994,0.17,0.07,5.42,8.44,6.8
Micronesia (FAO),,1995,0.48,0.18,7.54,8.93,10.02
Micronesia (FAO),,1996,0.3,0.1,6.63,8.23,11.47
Micronesia (FAO),,1997,0.55,0.09,5.29,8.6,10.9
Micronesia (FAO),,1998,0.18,0.46,5.22,8.23,13.26
Micronesia (FAO),,1999,0.1,0.42,4.05,8.67,13.63
Micronesia (FAO),,2000,0.24,0.84,4.45,9.87,13.18
Micronesia (FAO),,2001,1.22,0.36,5.18,10.76,15.57
Micronesia (FAO),,2002,0.29,0.45,4.62,11.88,16.11
Micronesia (FAO),,2003,0.46,0.26,6.43,12.51,18.17
Micronesia (FAO),,2004,0.33,0.69,6.05,11.84,18.34
Micronesia (FAO),,2005,0.1,0.96,6.26,10.3,23.91
Micronesia (FAO),,2006,0.46,0.86,6.2,10.42,22.37
Micronesia (FAO),,2007,0.25,0.95,6.11,10.55,21.6
Micronesia (FAO),,2008,0.5,0.34,4.5,10.72,17.76
Micronesia (FAO),,2009,0,0.13,2.51,9.59,16.37
Micronesia (FAO),,2010,0.06,0.1,4.62,8.25,13.33
Micronesia (FAO),,2011,0,0.03,10.82,8.33,13.83
Micronesia (FAO),,2012,0.04,0.1,6.18,8.57,13.13
Micronesia (FAO),,2013,0.13,0.18,5.22,9.39,14.24
Micronesia (FAO),,2014,0.04,0.16,7.21,7.97,15.1
Micronesia (FAO),,2015,0.07,0.09,4.19,8.92,16.33
Micronesia (FAO),,2016,0.04,0.02,4.19,11.51,17.47
Micronesia (FAO),,2017,0.31,0.05,3.58,12.75,19.97
Micronesia (FAO),,2018,0.14,0.1,3.9,10.7,21.82
Micronesia (FAO),,2019,0.21,0.45,7.87,15.93,35.02
Micronesia (FAO),,2020,0.14,0.45,8.57,17.86,33.24
Micronesia (FAO),,2021,0.18,0.44,10.64,20.51,36.33
Micronesia (FAO),,2022,0.23,0.44,8.56,17.87,37.66
Micronesia (FAO),,2023,0.2,0.57,8.68,18.9,38.33
Micronesia (country),FSM,2019,0.009998821,0.1899776,6.6392174,17.667917,40.445232
Micronesia (country),FSM,2020,0.009999098,0.18998286,6.8293843,18.578325,41.576252
Micronesia (country),FSM,2021,0.009998657,0.119983874,8.7288265,19.857332,42.684265
Micronesia (country),FSM,2022,0.00999893,0.12998608,6.6892843,18.448027,38.455883
Micronesia (country),FSM,2023,0.31995454,0.11998295,7.448941,18.487373,37.614655
Middle Africa (FAO),,1961,3.99,1.32,4.73,0.86,0.55
Middle Africa (FAO),,1962,4.05,1.32,5.1,0.86,0.56
Middle Africa (FAO),,1963,4.07,1.35,5.29,0.86,0.58
Middle Africa (FAO),,1964,4.1,1.35,5.11,0.85,0.64
Middle Africa (FAO),,1965,4.12,1.35,5.39,0.89,0.66
Middle Africa (FAO),,1966,4.07,1.5,5.21,0.89,0.72
Middle Africa (FAO),,1967,4.06,1.5,5.65,0.85,0.77
Middle Africa (FAO),,1968,4.04,1.52,5.67,0.92,0.8
Middle Africa (FAO),,1969,3.97,1.52,5.39,0.94,0.86
Middle Africa (FAO),,1970,3.94,1.52,5.86,0.97,0.9
Middle Africa (FAO),,1971,3.86,1.47,5.81,1.01,0.91
Middle Africa (FAO),,1972,3.78,1.56,5.95,1.03,0.89
Middle Africa (FAO),,1973,3.75,1.35,5.92,1.03,0.92
Middle Africa (FAO),,1974,3.63,1.4,5.75,1.05,0.93
Middle Africa (FAO),,1975,3.5,1.45,6.35,1.13,0.95
Middle Africa (FAO),,1976,3.47,1.51,6.11,1.32,1.02
Middle Africa (FAO),,1977,3.4,1.54,7,1.44,1.04
Middle Africa (FAO),,1978,3.33,1.63,7.06,1.53,1.13
Middle Africa (FAO),,1979,3.36,1.68,7.07,1.6,1.09
Middle Africa (FAO),,1980,3.33,1.66,7.37,1.73,1.14
Middle Africa (FAO),,1981,3.31,1.62,7.32,1.64,1.21
Middle Africa (FAO),,1982,3.28,1.59,7.9,1.54,1.36
Middle Africa (FAO),,1983,3.28,1.45,7.34,1.5,1.64
Middle Africa (FAO),,1984,3.24,1.32,7.59,1.72,1.59
Middle Africa (FAO),,1985,3.25,1.35,7.46,1.87,1.63
Middle Africa (FAO),,1986,3.21,1.52,8.32,1.94,1.76
Middle Africa (FAO),,1987,3.18,1.56,8.69,1.87,2.03
Middle Africa (FAO),,1988,3.11,1.59,8.66,1.82,1.93
Middle Africa (FAO),,1989,3.1,1.62,8.66,1.86,1.83
Middle Africa (FAO),,1990,3.03,1.63,8.22,1.86,1.86
Middle Africa (FAO),,1991,2.91,1.66,8.73,1.77,1.99
Middle Africa (FAO),,1992,2.93,1.64,9.13,1.81,2.3
Middle Africa (FAO),,1993,2.9,1.66,8.46,1.79,1.91
Middle Africa (FAO),,1994,2.88,1.66,7.38,1.75,1.66
Middle Africa (FAO),,1995,2.83,1.69,7.03,1.8,1.91
Middle Africa (FAO),,1996,2.76,1.7,7.59,1.96,1.96
Middle Africa (FAO),,1997,2.75,1.81,7.11,1.85,2.33
Middle Africa (FAO),,1998,2.8,1.81,7.3,2.04,2.65
Middle Africa (FAO),,1999,2.78,1.78,7.39,1.77,2.42
Middle Africa (FAO),,2000,2.74,1.89,8.04,1.93,2.79
Middle Africa (FAO),,2001,2.68,1.91,7.98,1.99,2.48
Middle Africa (FAO),,2002,2.69,1.93,7.89,2.1,3.6
Middle Africa (FAO),,2003,2.64,1.93,7.83,2.04,4.61
Middle Africa (FAO),,2004,2.66,1.91,7.55,2.35,4.75
Middle Africa (FAO),,2005,2.67,1.93,8.05,2.39,4.33
Middle Africa (FAO),,2006,2.67,1.92,7.86,2.65,5.03
Middle Africa (FAO),,2007,2.67,1.93,7.87,2.96,5.33
Middle Africa (FAO),,2008,2.63,2.02,7.84,3.14,5.84
Middle Africa (FAO),,2009,2.7,1.93,7.37,3.24,5.64
Middle Africa (FAO),,2010,2.48,1.88,4.56,1.88,3.76
Middle Africa (FAO),,2011,2.49,1.9,4.61,1.94,4.24
Middle Africa (FAO),,2012,2.46,1.89,4.72,1.93,4.43
Middle Africa (FAO),,2013,2.4,1.95,4.84,2.08,4.57
Middle Africa (FAO),,2014,2.39,1.97,5.06,2.87,4.98
Middle Africa (FAO),,2015,2.36,1.99,4.91,2.51,4.05
Middle Africa (FAO),,2016,2.31,1.97,4.58,2.31,3.76
Middle Africa (FAO),,2017,2.22,2.14,4.6,2.43,4.25
Middle Africa (FAO),,2018,2.19,2.08,4.49,2.31,4.68
Middle Africa (FAO),,2019,2.19,2.15,4.52,2.37,4.28
Middle Africa (FAO),,2020,2.06,2.21,4.5,2.11,3.55
Middle Africa (FAO),,2021,2.01,2.26,4.5,2.44,4.04
Middle Africa (FAO),,2022,1.95,2.29,4.56,2.64,4.47
Middle Africa (FAO),,2023,1.91,2.34,4.65,2.27,4.03
Moldova,MDA,1992,0.3538019,0.8157099,11.066137,24.422157,9.247988
Moldova,MDA,1993,0.33440185,0.71798044,9.786172,16.611902,6.019233
Moldova,MDA,1994,0.3343679,0.80641663,8.5952215,12.391281,5.399058
Moldova,MDA,1995,0.25556973,0.61926514,3.5779765,12.306666,5.6028748
Moldova,MDA,1996,0.22582461,0.5694707,5.537612,12.646178,4.133572
Moldova,MDA,1997,0.20582765,0.4116553,3.5088716,12.388865,3.4990702
Moldova,MDA,1998,0.18574515,0.7429806,4.174378,12.503581,3.9593048
Moldova,MDA,1999,0.18510501,0.5747998,0.93526745,12.674823,4.1112795
Moldova,MDA,2000,0.067884795,0.48489138,1.8910764,11.52102,4.9555902
Moldova,MDA,2001,0.086804315,0.4629563,2.372651,10.570836,8.670786
Moldova,MDA,2002,0.15328255,0.54606915,1.2071002,11.1417265,9.024511
Moldova,MDA,2003,0.08561764,0.37100974,0.5707843,10.797336,10.350221
Moldova,MDA,2004,0.08513663,0.45406199,2.7054527,11.58804,12.685357
Moldova,MDA,2005,0.19832936,0.5194341,4.7504606,12.485306,17.027994
Moldova,MDA,2006,0.21795723,0.5875369,5.0509214,15.579204,14.423082
Moldova,MDA,2007,0.23841998,0.43869278,3.8624039,17.891035,11.711189
Moldova,MDA,2008,0.21170509,0.5003938,3.695216,12.827403,13.943666
Moldova,MDA,2009,0.21393271,0.45703807,3.1603696,12.894308,11.669057
Moldova,MDA,2010,0.19833691,0.2328303,2.4490297,16.970741,15.496149
Moldova,MDA,2011,0.20626579,0.15469936,1.8821756,19.38039,15.564474
Moldova,MDA,2012,0.19697903,0.17985041,2.1068192,20.520075,16.280745
Moldova,MDA,2013,0.19626313,0.35839355,1.6042378,21.102552,18.363403
Moldova,MDA,2014,0.22110906,0.30615103,2.1770737,20.018875,19.823278
Moldova,MDA,2015,0.39850873,0.44090328,1.9331913,23.367874,19.747381
Moldova,MDA,2016,0.35514006,0.40587437,2.2830434,23.684462,21.587444
Moldova,MDA,2017,0.31206983,0.19398935,1.9820651,21.735243,19.171207
Moldova,MDA,2018,0.3029246,0.03365829,2.3476655,23.434584,20.321192
Moldova,MDA,2019,0.2769889,0.10911683,2.3418152,23.015259,21.36172
Moldova,MDA,2020,0.20090063,0.20927149,2.7037878,25.639942,22.618063
Moldova,MDA,2021,0.283779,0,0.8763762,9.8905325,20.807676
Moldova,MDA,2022,0.31749895,0.008355236,1.0193388,11.404897,22.74295
Moldova,MDA,2023,0.28457233,0,0.87882626,10.093948,22.64861
Mongolia,MNG,1961,38.63621,58.620796,43.452362,0.30161738,0.19459185
Mongolia,MNG,1962,33.607906,53.30474,31.27807,0.2912297,0.27181438
Mongolia,MNG,1963,32.669304,55.34038,32.708206,0.36958423,0.30150294
Mongolia,MNG,1964,33.630447,53.757915,32.28211,0.3615127,0.29311842
Mongolia,MNG,1965,34.30062,52.42466,32.343384,0.44037887,0.32294452
Mongolia,MNG,1966,31.963726,51.81003,40.241184,0.43101558,0.3134659
Mongolia,MNG,1967,32.162037,56.219864,43.1473,0.2547876,0.3331838
Mongolia,MNG,1968,29.597692,59.715504,36.8401,0.32384744,0.1668305
Mongolia,MNG,1969,26.45775,59.970245,36.690575,0.31485608,0.15742804
Mongolia,MNG,1970,24.547638,57.518093,33.069202,0.22711007,0.1579896
Mongolia,MNG,1971,23.08084,52.478954,31.71511,0.2970507,0.1980338
Mongolia,MNG,1972,23.847271,53.04578,34.996513,0.28791457,0.1886337
Mongolia,MNG,1973,23.974012,49.945854,33.67494,0.35782108,0.16897106
Mongolia,MNG,1974,27.386576,56.085796,29.027382,0.34805015,0.18894151
Mongolia,MNG,1975,26.938906,59.635517,32.099957,0.40771323,0.13921915
Mongolia,MNG,1976,25.754538,56.45347,34.739834,0.32764062,0.15885605
Mongolia,MNG,1977,29.015333,48.29943,32.969265,0.2576498,0.17837295
Mongolia,MNG,1978,29.574598,59.06006,32.159653,0.36646354,0.18818398
Mongolia,MNG,1979,23.669176,58.300713,34.403564,0.5451444,0.17841089
Mongolia,MNG,1980,22.74735,56.421375,31.359556,0.5860671,0.17880014
Mongolia,MNG,1981,21.378416,60.99312,28.060413,0.8054194,0.16903864
Mongolia,MNG,1982,19.578909,60.08116,24.926762,0.72698903,0.16929881
Mongolia,MNG,1983,20.122744,58.883198,26.900091,0.81726843,0.15946701
Mongolia,MNG,1984,19.634792,56.17926,25.983408,1.0181743,0.15971361
Mongolia,MNG,1985,20.405106,50.582657,26.076525,1.1402854,0.16004005
Mongolia,MNG,1986,20.061096,51.631508,27.05892,1.2231153,0.18045965
Mongolia,MNG,1987,19.055576,51.307343,27.015501,1.5075616,0.1809074
Mongolia,MNG,1988,16.981102,47.863148,27.590513,1.9024469,0.22144885
Mongolia,MNG,1989,18.404503,47.73479,25.56069,2.590338,0.19150358
Mongolia,MNG,1990,19.5438,57.884758,26.657057,3.6423912,0.11098699
Mongolia,MNG,1991,25.917944,57.152386,33.5,1.7520288,0.18124437
Mongolia,MNG,1992,25.585527,49.707874,29.473965,0.78169644,0.040086996
Mongolia,MNG,1993,16.80193,47.330082,27.143877,0.30856624,0.04976875
Mongolia,MNG,1994,11.643696,49.3942,26.44316,0.30667338,0.009892689
Mongolia,MNG,1995,12.888462,47.736504,28.826864,0.27547857,0.05903112
Mongolia,MNG,1996,16.597134,48.301285,32.831543,0.13724741,0.039213546
Mongolia,MNG,1997,20.532972,46.619625,35.19938,0.10755366,0.048888028
Mongolia,MNG,1998,19.949114,48.256737,35.982613,0.1171754,0.07811694
Mongolia,MNG,1999,22.539408,48.88582,35.102512,0.12690008,0.029284634
Mongolia,MNG,2000,21.781305,46.68678,29.386702,0.40028396,0.04881512
Mongolia,MNG,2001,15.998521,41.783684,27.152557,0.21487635,0.10743818
Mongolia,MNG,2002,15.810628,37.738346,19.650911,0.12703224,0.13680395
Mongolia,MNG,2003,13.804733,35.255917,19.747622,0.13706827,0.20560241
Mongolia,MNG,2004,15.381589,38.57667,18.404902,0.07852758,0.17668705
Mongolia,MNG,2005,15.023207,37.66645,16.521585,0.12815072,0.25630143
Mongolia,MNG,2006,12.880336,35.75011,16.503859,0.12870435,0.55441874
Mongolia,MNG,2007,12.378104,40.99501,16.66666,0.15920392,0.52736294
Mongolia,MNG,2008,14.721998,45.28539,18.96969,0.14991853,0.80956
Mongolia,MNG,2009,12.611467,55.538578,18.736752,0.18045026,0.761901
Mongolia,MNG,2010,4.919984,46.479843,14.799951,0.18999936,1.779994
Mongolia,MNG,2011,8.31999,41.529953,16.98998,0.16999981,2.0899975
Mongolia,MNG,2012,12.999986,39.87996,19.239979,0.23999973,2.2899976
Mongolia,MNG,2013,11.929971,48.939877,18.249954,0.4399989,2.5399935
Mongolia,MNG,2014,12.019997,45.229984,16.959993,0.44999984,2.689999
Mongolia,MNG,2015,12.030008,55.100037,19.560013,0.2900002,2.720002
Mongolia,MNG,2016,11.909981,49.17992,23.199963,0.29999954,2.7299955
Mongolia,MNG,2017,12.139957,53.549812,21.849924,0.37999865,2.7899902
Mongolia,MNG,2018,10.969986,51.429935,24.759968,1.1299986,3.849995
Mongolia,MNG,2019,16.40996,64.339836,24.729939,1.0199975,4.3499894
Mongolia,MNG,2020,18.160023,66.98009,29.560036,1.3400017,4.3600054
Mongolia,MNG,2021,16.889969,65.089874,30.709944,2.9199948,6.129989
Mongolia,MNG,2022,24.809963,67.0399,29.789957,2.8299959,7.1299896
Mongolia,MNG,2023,23.609945,69.39984,33.27992,2.1999948,7.649982
Montenegro,MNE,2006,0.009733764,2.1316946,11.563713,36.783897,9.042667
Montenegro,MNE,2007,0.019514104,2.214851,12.352428,34.36434,11.074255
Montenegro,MNE,2008,0.17605929,1.9366522,13.556564,39.97524,12.989263
Montenegro,MNE,2009,0.009787412,1.7617341,13.418542,41.8314,12.224478
Montenegro,MNE,2010,0,1.9700063,12.970042,49.120155,14.120045
Montenegro,MNE,2011,0.010000016,1.9900031,11.250018,44.94007,14.290023
Montenegro,MNE,2012,0,2.0899801,11.769889,52.4995,14.439862
Montenegro,MNE,2013,0.010000016,2.4500039,12.46002,50.88008,14.800024
Montenegro,MNE,2014,0.010000047,2.300011,12.72006,45.800217,14.87007
Montenegro,MNE,2015,0.009999921,1.9399847,12.909898,51.61959,15.299879
Montenegro,MNE,2016,0.010000064,2.3100147,13.310085,54.71035,15.760101
Montenegro,MNE,2017,0.029999902,2.4199922,13.749955,53.659824,16.299946
Montenegro,MNE,2018,0.039999478,2.4199686,14.939805,55.049282,17.129776
Montenegro,MNE,2019,0.04999992,2.449996,15.5099745,50.799915,16.329973
Montenegro,MNE,2020,0.14999902,2.0199866,15.739896,51.579662,15.989894
Montenegro,MNE,2021,0.06999953,1.7399884,12.719915,56.699623,16.37989
Montenegro,MNE,2022,0.0600001,1.7100029,14.540024,54.50009,21.670036
Montenegro,MNE,2023,0.029999856,1.6199923,14.339932,58.969723,21.899895
Morocco,MAR,1961,0.38280806,5.465648,5.6251516,0.18077047,2.158612
Morocco,MAR,1962,0.4043729,4.4693847,5.5335236,0.14897949,2.0644302
Morocco,MAR,1963,0.37252635,3.8742743,5.406954,0.08514888,2.022286
Morocco,MAR,1964,0.3727416,3.961711,4.9521384,0.08519808,2.1193023
Morocco,MAR,1965,0.38319013,4.3534656,5.4711027,0.085153356,2.011748
Morocco,MAR,1966,0.2657743,4.401222,5.825773,0.053154863,2.0198848
Morocco,MAR,1967,0.2971153,4.6265097,5.8043594,0.053056303,2.0055282
Morocco,MAR,1968,0.31764936,4.9447412,6.0671024,0.084706485,2.011779
Morocco,MAR,1969,0.30621302,4.677668,6.2298512,0.12670884,1.9956642
Morocco,MAR,1970,0.32611623,4.6813455,6.0804896,0.115718655,2.061896
Morocco,MAR,1971,0.32476953,4.7667785,5.7934694,0.13619366,2.0114756
Morocco,MAR,1972,0.3546743,4.7359447,5.820831,0.14604236,2.3575408
Morocco,MAR,1973,0.30122116,4.6429605,5.619333,0.10386937,2.139709
Morocco,MAR,1974,0.35178754,4.480118,5.4009733,0.062080152,2.152112
Morocco,MAR,1975,0.30934435,3.8668044,4.8670177,0.030934434,2.5160007
Morocco,MAR,1976,0.31881645,3.044183,4.5971274,0.030853204,2.6430912
Morocco,MAR,1977,0.2564425,3.4260714,5.159623,0.041030794,3.036279
Morocco,MAR,1978,0.1636682,3.702993,5.1862364,0.030687787,3.160842
Morocco,MAR,1979,0.17345652,3.6629932,5.479185,0.030609973,3.0712006
Morocco,MAR,1980,0.15261352,3.6525497,5.697571,0.0305227,2.777566
Morocco,MAR,1981,0.09130412,4.0072365,6.7463603,0.030434705,2.597095
Morocco,MAR,1982,0.26313815,2.874278,7.5095577,0.030362094,2.6516228
Morocco,MAR,1983,0.20199712,2.7875602,6.039714,0.030299567,2.8077598
Morocco,MAR,1984,0.3731223,2.8236282,5.5665817,0.030253159,2.96481
Morocco,MAR,1985,0.4634124,3.0121806,4.029673,0.020148365,3.6166315
Morocco,MAR,1986,0.8161356,2.96227,4.7960563,0.020151496,4.4232535
Morocco,MAR,1987,1.039186,3.6522849,5.347268,0.030267553,5.599498
Morocco,MAR,1988,1.2425338,4.7276893,5.394415,0.030305702,5.323702
Morocco,MAR,1989,1.3350302,5.2895513,6.533557,0.030341594,5.7649026
Morocco,MAR,1990,1.3159698,5.0006857,6.104076,0.030368535,6.7418146
Morocco,MAR,1991,1.3679092,4.843412,6.221453,0.03039798,6.4849024
Morocco,MAR,1992,1.369144,5.172322,5.9633827,0.030425422,6.724018
Morocco,MAR,1993,1.4312158,4.79102,6.069979,0.030451398,6.1816344
Morocco,MAR,1994,1.4531089,4.7962756,5.0808005,0.030484803,6.8285956
Morocco,MAR,1995,1.5144709,5.0109673,4.980475,0.030492702,7.5113688
Morocco,MAR,1996,1.2191983,4.206234,4.1046343,0.030479956,9.286227
Morocco,MAR,1997,1.5027689,5.2901525,4.7519984,0.030461531,9.158768
Morocco,MAR,1998,1.3894607,4.9594617,4.452359,0.020284098,9.0568495
Morocco,MAR,1999,1.5894275,5.213727,4.8492723,0.020247482,9.961761
Morocco,MAR,2000,1.5454252,5.171619,4.9595017,0.020201636,9.444265
Morocco,MAR,2001,1.5107422,5.05595,5.05595,0.020143228,9.527747
Morocco,MAR,2002,1.5459522,4.527432,5.8525333,0.020077301,10.259501
Morocco,MAR,2003,1.4707748,4.292261,5.102688,0.02001054,11.46604
Morocco,MAR,2004,1.5350118,4.276104,4.7246466,0.019935217,11.492653
Morocco,MAR,2005,1.4587107,4.515057,5.2295275,0.019846404,12.86047
Morocco,MAR,2006,1.4717847,4.6326647,5.254963,0.029633248,13.068262
Morocco,MAR,2007,1.4356811,4.552879,5.418221,0.019666864,13.540636
Morocco,MAR,2008,1.5082433,4.52473,6.0035925,0.029381365,15.503567
Morocco,MAR,2009,1.4939946,4.862806,6.288448,0.01952934,17.049114
Morocco,MAR,2010,1.6700006,4.7300014,6.6500025,0.030000009,19.310005
Morocco,MAR,2011,1.6900003,4.8000007,6.750001,0.030000003,19.590004
Morocco,MAR,2012,1.8499995,4.819999,6.779999,0.019999996,19.629995
Morocco,MAR,2013,1.8299999,4.8699994,6.8599997,0,19.859999
Morocco,MAR,2014,1.8399999,4.9299994,6.9299994,0.019999998,20.439999
Morocco,MAR,2015,1.94,4.99,7.02,0.02,20.2
Morocco,MAR,2016,1.9400002,5.0200005,7.0800004,0.020000001,20.340002
Morocco,MAR,2017,1.8699998,5.0899997,7.179999,0.019999998,20.589998
Morocco,MAR,2018,1.8400002,5.0300007,7.1100006,0.020000001,20.370003
Morocco,MAR,2019,1.7699995,5.279999,8.119998,0.019999994,23.409994
Morocco,MAR,2020,1.8100001,4.9800005,7.8000007,0.020000001,17.460001
Morocco,MAR,2021,1.7699999,5.6799994,7.7799997,0.02,17.55
Morocco,MAR,2022,1.8199996,5.1099987,6.899998,0.019999994,17.929996
Morocco,MAR,2023,1.8999991,5.0799975,7.0099974,0.01999999,18.779993
Mozambique,MOZ,1961,0,0.39941838,3.6974733,0.95860416,0.60483354
Mozambique,MOZ,1962,0,0.39974925,3.7462215,1.0050838,0.6281774
Mozambique,MOZ,1963,0,0.39997455,3.7254775,1.0399339,0.63995934
Mozambique,MOZ,1964,0,0.40026525,3.7510571,1.0749981,0.6632967
Mozambique,MOZ,1965,0,0.41189137,3.7642293,1.5331513,0.6750441
Mozambique,MOZ,1966,0,0.3777355,3.720122,1.1789925,1.0645273
Mozambique,MOZ,1967,0,0.37795183,3.6878936,1.1796677,1.3056518
Mozambique,MOZ,1968,0,0.38955683,3.6893322,1.3519912,1.4207367
Mozambique,MOZ,1969,0,0.37819117,3.7360704,1.0887321,1.5471457
Mozambique,MOZ,1970,0,0.38955438,3.780969,1.0999182,1.7873671
Mozambique,MOZ,1971,0,0.38863695,3.760634,1.2459244,1.8517408
Mozambique,MOZ,1972,0,0.4092843,3.7404034,1.3301739,1.8076723
Mozambique,MOZ,1973,0,0.36130336,3.6920688,1.4000505,1.840389
Mozambique,MOZ,1974,0,0.41478357,3.7106314,1.4797684,1.6367136
Mozambique,MOZ,1975,0,0.3450646,3.7957108,1.1353738,1.5806185
Mozambique,MOZ,1976,0,0.19898644,3.239057,0.7185621,1.5476723
Mozambique,MOZ,1977,0,0.19739318,3.322785,0.7347413,1.5901117
Mozambique,MOZ,1978,0,0.20626098,3.7452652,0.8250439,1.5849528
Mozambique,MOZ,1979,0,0.18250385,3.3924243,0.8158995,1.6962122
Mozambique,MOZ,1980,0,0.19279443,3.406035,0.8140209,1.7458606
Mozambique,MOZ,1981,0,0.18279803,3.3226228,0.7849562,1.7634633
Mozambique,MOZ,1982,0,0.18300593,3.164926,0.8073791,1.8192943
Mozambique,MOZ,1983,0,0.18294203,3.056208,0.95775527,1.8294203
Mozambique,MOZ,1984,0,0.19293514,3.0440874,0.8360522,1.8757582
Mozambique,MOZ,1985,0,0.26573935,2.9762807,0.83973634,1.870805
Mozambique,MOZ,1986,0.010485819,0.3774895,2.506111,0.84935135,1.9189049
Mozambique,MOZ,1987,0.010430824,0.46938705,2.3365045,0.88662004,1.9818565
Mozambique,MOZ,1988,0.010428453,0.5839934,2.2838314,0.90727544,2.0648339
Mozambique,MOZ,1989,0.020756433,0.68496233,2.158669,0.92366123,2.0548868
Mozambique,MOZ,1990,0.010361575,0.78747964,1.1708579,0.9532649,2.1241226
Mozambique,MOZ,1991,0.010405861,0.96774507,1.1654564,0.8740923,2.1227956
Mozambique,MOZ,1992,0,1.0646563,1.0751973,0.8959979,2.1398537
Mozambique,MOZ,1993,0,1.1023055,1.0917065,0.8797247,2.0456247
Mozambique,MOZ,1994,0.020557605,1.1306683,1.0484378,0.832583,2.1482697
Mozambique,MOZ,1995,0,1.1415335,0.9212376,7.229712,1.9526231
Mozambique,MOZ,1996,0,1.2078369,0.9483017,7.0773253,1.9365319
Mozambique,MOZ,1997,0,1.2474197,0.84824544,6.985551,2.005851
Mozambique,MOZ,1998,0,1.3608264,0.8805347,6.8741746,2.111282
Mozambique,MOZ,1999,0,1.3749055,0.78279287,6.834384,1.8967674
Mozambique,MOZ,2000,0.100807235,1.4012204,0.7762157,6.7742457,1.9758217
Mozambique,MOZ,2001,0.060803544,1.4086155,0.64857113,6.424908,1.9355794
Mozambique,MOZ,2002,0.040763065,1.3451812,0.7337352,6.11446,2.2827318
Mozambique,MOZ,2003,0.040991154,1.2502302,0.8915576,5.0931506,1.4449382
Mozambique,MOZ,2004,0.04120701,1.2362105,1.1228912,5.4599295,1.504056
Mozambique,MOZ,2005,0.04138968,1.2416905,1.2106482,5.825598,1.6762822
Mozambique,MOZ,2006,0.031154435,1.048866,1.0696356,4.1331553,1.713494
Mozambique,MOZ,2007,0.031244894,1.0623264,1.4476801,4.6034145,1.5934895
Mozambique,MOZ,2008,0.06259579,1.137157,1.1997527,5.1432877,1.6379234
Mozambique,MOZ,2009,0.02086572,0.897226,1.1684803,4.235741,1.9926761
Mozambique,MOZ,2010,0.020000005,0.11000003,0.6900002,4.300001,2.2500007
Mozambique,MOZ,2011,0.019999994,0.10999997,0.72999984,4.669999,2.3599994
Mozambique,MOZ,2012,0.02,0.12,0.54,4.85,2.57
Mozambique,MOZ,2013,0.019999996,0.11999998,0.48999995,4.4799995,2.6999996
Mozambique,MOZ,2014,0.019999998,0.12999998,0.6499999,4.6699996,3.2199998
Mozambique,MOZ,2015,0.019999996,0.08999998,0.6599999,4.719999,3.8799994
Mozambique,MOZ,2016,0.019999994,0.08999998,0.71999985,4.329999,3.839999
Mozambique,MOZ,2017,0.019999996,0.07999998,0.6999998,4.719999,4.129999
Mozambique,MOZ,2018,0.009999998,0.07999998,0.6199999,3.859999,4.349999
Mozambique,MOZ,2019,0.020000001,0.080000006,0.57000005,3.0100002,4.5200005
Mozambique,MOZ,2020,0.010000002,0.08000001,0.6200001,3.6300006,4.9000006
Mozambique,MOZ,2021,0.010000001,0.11000001,0.75000006,3.6000001,5.7100005
Mozambique,MOZ,2022,0.010000003,0.12000003,0.71000016,6.6000013,5.9500012
Mozambique,MOZ,2023,0.009999999,0.11999999,0.74999994,3.3699996,6.0899997
Myanmar,MMR,1961,0,0.07910464,2.6302295,1.097577,0.8998153
Myanmar,MMR,1962,0,0.069205426,2.5902603,1.0578544,0.91944355
Myanmar,MMR,1963,0,0.079081886,2.6986694,1.1961136,0.9786384
Myanmar,MMR,1964,0,0.08899026,2.8575764,1.2854148,0.9690051
Myanmar,MMR,1965,0,0.10884272,2.909069,1.3061128,1.0686377
Myanmar,MMR,1966,0,0.10898358,2.7444046,1.555493,1.3177106
Myanmar,MMR,1967,0,0.119109996,2.7792332,1.8859082,1.5087266
Myanmar,MMR,1968,0,0.11936896,2.8549078,1.6910604,1.4622699
Myanmar,MMR,1969,0,0.09969491,2.8512743,2.073654,1.5552404
Myanmar,MMR,1970,0,0.099900655,2.8471684,2.2078044,1.7382714
Myanmar,MMR,1971,0,0.10010711,2.8530526,2.152303,1.7418637
Myanmar,MMR,1972,0,0.09028072,2.8588893,1.9560822,1.7053025
Myanmar,MMR,1973,0,0.10063256,2.8579648,1.9321451,1.690627
Myanmar,MMR,1974,0,0.0909695,2.8099465,1.8092822,1.5161583
Myanmar,MMR,1975,0,0.09138516,2.7923243,1.94955,1.5941634
Myanmar,MMR,1976,0,0.09181465,2.7748427,2.162745,1.6526636
Myanmar,MMR,1977,0,0.09222455,2.7769837,2.1416588,1.6190532
Myanmar,MMR,1978,0,0.09259821,2.8088121,2.2326458,1.6461903
Myanmar,MMR,1979,0,0.09298315,2.8721461,2.3245788,1.8183371
Myanmar,MMR,1980,0,0.09337981,2.9051497,2.3137443,1.981727
Myanmar,MMR,1981,0,0.11464646,2.959963,2.3033516,2.313774
Myanmar,MMR,1982,0,0.12567943,2.99536,2.29365,2.5764287
Myanmar,MMR,1983,0,0.13657819,2.994214,2.2587934,2.6895397
Myanmar,MMR,1984,0,0.1472407,2.9868827,2.2296448,2.8186078
Myanmar,MMR,1985,0,0.15787692,2.9996614,2.1997516,2.9259856
Myanmar,MMR,1986,0,0.1474779,2.9495578,2.2016342,2.886353
Myanmar,MMR,1987,0,0.1476335,2.9526699,2.203957,3.0581224
Myanmar,MMR,1988,0,0.14780526,2.956105,2.1854062,3.2094855
Myanmar,MMR,1989,0,0.12682514,2.6316216,1.902377,2.082046
Myanmar,MMR,1990,0,0.16926531,1.6185995,1.3435434,1.9571303
Myanmar,MMR,1991,0,0.15886703,1.6204437,1.3874387,2.0123158
Myanmar,MMR,1992,0,0.16965719,1.6117433,1.495104,2.163129
Myanmar,MMR,1993,0,0.16983297,1.6134132,1.6027987,2.2502868
Myanmar,MMR,1994,0,0.17000914,1.6150868,2.4545069,2.3163745
Myanmar,MMR,1995,0,0.18087168,1.6172056,2.6279593,2.6811566
Myanmar,MMR,1996,0,0.18117636,1.7265041,2.7815897,2.9734237
Myanmar,MMR,1997,0,0.19217,1.8789954,2.7330842,3.2135093
Myanmar,MMR,1998,0,0.20315044,2.0315044,2.5554187,3.3894048
Myanmar,MMR,1999,0,0.22471468,1.819119,2.7286782,3.9057553
Myanmar,MMR,2000,0,0.25675648,2.0433538,2.6317542,5.338395
Myanmar,MMR,2001,0,0.26705694,2.1150908,2.7987564,6.195721
Myanmar,MMR,2002,0,0.2770306,2.2375546,4.0595636,7.1069
Myanmar,MMR,2003,0.010623523,0.3187057,2.6027634,4.5999856,8.838771
Myanmar,MMR,2004,0.010596195,0.40265542,2.5112982,5.3828673,10.755138
Myanmar,MMR,2005,0,0.45486036,2.729162,6.706546,12.79956
Myanmar,MMR,2006,0,0.50727063,3.0753284,7.5033784,14.679145
Myanmar,MMR,2007,0,0.5492167,3.3164241,8.2804985,16.275826
Myanmar,MMR,2008,0,0.59220856,3.5426762,9.284984,17.766256
Myanmar,MMR,2009,0.010591762,0.7626069,3.6753416,10.665904,20.399734
Myanmar,MMR,2010,0.010000001,0.96000004,5.8400006,11.410001,20.730001
Myanmar,MMR,2011,0.019999998,1.0999999,6.0999994,11.959999,21.309998
Myanmar,MMR,2012,0.02,1.2,6.49,12.88,23.27
Myanmar,MMR,2013,0.02,1.32,6.8800006,14.100001,25.220001
Myanmar,MMR,2014,0,1.4999998,7.299999,15.719998,28.869997
Myanmar,MMR,2015,0.01,1.73,7.87,16.4,30.92
Myanmar,MMR,2016,0,1.7899998,8.73,16.46,30.949999
Myanmar,MMR,2017,0,1.7800001,8.55,16.96,32.02
Myanmar,MMR,2018,0,2.41,8.69,19.52,32.22
Myanmar,MMR,2019,0,1.7799997,9.169999,20.139997,30.009996
Myanmar,MMR,2020,0,0.20999998,2.6199996,5.0599995,12.399999
Myanmar,MMR,2021,0,0.22,2.63,5.18,12.26
Myanmar,MMR,2022,0,0.21999998,2.7,5.94,12.19
Myanmar,MMR,2023,0,0.22,2.65,5.91,12.09
Namibia,NAM,1961,2.6498075,21.689545,12.645413,1.350481,0.29669657
Namibia,NAM,1962,2.6830745,22.472034,13.898532,1.4494771,0.4523191
Namibia,NAM,1963,2.700765,23.50284,13.82338,1.4019238,0.5463379
Namibia,NAM,1964,2.71349,23.461885,14.619829,1.4547607,0.64999944
Namibia,NAM,1965,2.729651,23.129656,14.806288,1.4165233,0.80648774
Namibia,NAM,1966,2.7270193,22.611534,18.500345,1.4564761,0.88834715
Namibia,NAM,1967,2.7270417,21.54776,18.75874,1.4978069,0.940003
Namibia,NAM,1968,2.7228248,21.01938,17.162046,1.5367458,1.0107456
Namibia,NAM,1969,2.7184515,20.645813,17.742014,1.565169,1.0606079
Namibia,NAM,1970,2.7067754,20.264793,17.41393,1.5952477,1.1115276
Namibia,NAM,1971,2.688281,19.87886,17.726175,1.6170887,1.1535919
Namibia,NAM,1972,2.67239,19.68695,16.25102,1.6405793,1.1969006
Namibia,NAM,1973,2.653921,19.496508,16.419199,1.6625731,1.239185
Namibia,NAM,1974,2.6326046,19.57419,17.261627,1.8066895,1.2595206
Namibia,NAM,1975,2.6119556,20.155249,9.182979,1.9332585,1.2854112
Namibia,NAM,1976,2.5897942,17.821468,13.368661,1.9960864,1.3204879
Namibia,NAM,1977,2.5813055,19.201647,15.3654,2.071166,1.3569709
Namibia,NAM,1978,2.5831091,19.978094,16.236687,2.080838,1.394059
Namibia,NAM,1979,2.5937397,20.111776,17.651838,1.8217933,1.4409665
Namibia,NAM,1980,2.652643,20.622494,17.082195,1.7753098,1.4656626
Namibia,NAM,1981,2.7191114,14.668617,14.408166,1.8335772,1.5106176
Namibia,NAM,1982,2.7724524,12.585886,13.234535,1.8413267,1.5483884
Namibia,NAM,1983,2.7948983,10.491298,8.895701,2.002315,1.5643086
Namibia,NAM,1984,2.816521,11.412125,10.045591,1.8255228,1.5751654
Namibia,NAM,1985,2.8282535,11.082563,11.134939,1.8645523,1.592202
Namibia,NAM,1986,2.8314457,12.14986,11.4419985,2.0179331,1.5953294
Namibia,NAM,1987,2.8294852,9.748377,11.072362,2.1461377,1.5909181
Namibia,NAM,1988,2.8134577,11.146036,10.811871,2.3499382,1.5845913
Namibia,NAM,1989,2.7136457,11.129115,6.884424,2.3018475,1.5416043
Namibia,NAM,1990,2.6247544,9.434649,8.008601,2.025401,6.0142016
Namibia,NAM,1991,1.7293487,10.02401,8.802074,2.2056963,6.5653124
Namibia,NAM,1992,1.7405585,5.563571,10.18434,1.730198,7.1694436
Namibia,NAM,1993,1.9530151,6.096714,4.102365,1.5706788,3.575361
Namibia,NAM,1994,2.2805538,6.655915,1.5994834,1.8574646,4.127699
Namibia,NAM,1995,2.075009,4.3461633,2.7357085,2.1679199,3.3654375
Namibia,NAM,1996,2.7033782,5.4896193,3.3973489,1.6986744,3.2005513
Namibia,NAM,1997,3.8921573,6.088,2.5184548,2.5288615,9.719986
Namibia,NAM,1998,3.0501857,4.084324,1.6295512,2.5905685,6.70623
Namibia,NAM,1999,5.509204,9.607131,8.896267,2.6761978,7.9972315
Namibia,NAM,2000,4.143216,9.288318,19.80812,2.8908587,8.526467
Namibia,NAM,2001,3.015467,2.9426796,18.695894,3.73294,10.52294
Namibia,NAM,2002,2.703939,4.527285,14.845765,1.8647856,8.008218
Namibia,NAM,2003,3.4713259,4.008555,13.069129,3.533314,10.8169
Namibia,NAM,2004,4.0120087,4.6411414,10.8808975,5.311528,9.787651
Namibia,NAM,2005,4.236271,4.7928615,11.152421,2.6077287,10.441223
Namibia,NAM,2006,4.4113083,5.6172028,10.234647,2.597312,10.162498
Namibia,NAM,2007,4.628781,5.77309,10.8039255,3.350454,10.999799
Namibia,NAM,2008,4.692122,6.2699122,12.137643,3.2174547,15.860403
Namibia,NAM,2009,4.724627,7.190098,11.151358,3.218523,7.6543083
Namibia,NAM,2010,5.0499883,5.3299875,9.939977,3.3999922,9.479978
Namibia,NAM,2011,5.0099745,5.519972,9.88995,3.6499815,10.499947
Namibia,NAM,2012,3.989989,1.9899945,4.4799876,3.8299892,15.209958
Namibia,NAM,2013,4.3200097,1.7000039,3.9500089,3.9500089,12.470028
Namibia,NAM,2014,4.759994,2.849996,5.699992,4.009995,12.119984
Namibia,NAM,2015,4.69999,3.5199926,3.7599921,4.1799912,12.089975
Namibia,NAM,2016,4.7899823,3.5699868,4.419984,4.169985,11.279958
Namibia,NAM,2017,4.889992,3.4699945,7.3099885,4.029994,10.889983
Namibia,NAM,2018,4.7000055,4.610006,8.2900095,3.440004,9.310012
Namibia,NAM,2019,4.6499844,3.7399874,2.7999904,4.259986,8.319971
Namibia,NAM,2020,4.48,3.86,8.45,4.26,9.29
Namibia,NAM,2021,4.249997,3.5299976,4.879997,5.3799963,8.869994
Namibia,NAM,2022,4.0699887,5.1199856,4.8099866,3.959989,15.059958
Namibia,NAM,2023,3.979984,3.8999844,5.00998,3.5299857,7.7699685
Nauru,NRU,2019,3.0050738,6.9785595,31.84779,31.099018,52.434044
Nauru,NRU,2020,3.033485,6.2366056,27.53087,29.676264,51.10025
Nauru,NRU,2021,2.636173,5.7216935,31.154772,40.760826,47.331287
Nauru,NRU,2022,3.7629843,5.3999324,21.170528,33.457623,49.857048
Nauru,NRU,2023,0.55905885,4.582286,15.853312,34.961143,53.260334
Nepal,NPL,1961,0,1.4868392,3.9053056,0.3293631,0.3387735
Nepal,NPL,1962,0,1.5497681,3.888509,0.3287387,0.33813125
Nepal,NPL,1963,0,1.5752811,4.050723,0.32818356,0.3469369
Nepal,NPL,1964,0,1.5915385,4.0256567,0.3183077,0.3370317
Nepal,NPL,1965,0,1.6077168,4.0379863,0.3178045,0.33649886
Nepal,NPL,1966,0,1.6147982,3.9296532,0.31735918,0.33602738
Nepal,NPL,1967,0,1.6315508,4.0182767,0.33563334,0.34495646
Nepal,NPL,1968,0,1.6390415,4.05104,0.3352585,0.3352585
Nepal,NPL,1969,0,1.646778,4.0843816,0.3442417,0.3349379
Nepal,NPL,1970,0,1.6544471,4.1454124,0.34390193,0.3346073
Nepal,NPL,1971,0,1.662677,4.28209,0.34368184,0.34368184
Nepal,NPL,1972,0,1.6713855,4.4384575,0.3435626,0.3435626
Nepal,NPL,1973,0,1.670885,4.5206723,0.3434597,0.3434597
Nepal,NPL,1974,0,1.6705978,4.668393,0.35268176,0.3341196
Nepal,NPL,1975,0,1.6795492,4.9087377,0.3618918,0.334054
Nepal,NPL,1976,0,1.6795702,5.0572696,0.35261697,0.3340582
Nepal,NPL,1977,0,1.6790265,5.278266,0.34322643,0.33395004
Nepal,NPL,1978,0,1.6773326,5.393412,0.33361313,0.33361313
Nepal,NPL,1979,0,1.6756433,5.434269,0.36105022,0.34253484
Nepal,NPL,1980,0,1.6648121,5.8175936,0.36995825,0.3422114
Nepal,NPL,1981,0,1.6638423,6.3595753,0.3789863,0.33276847
Nepal,NPL,1982,0,1.6451188,6.987134,0.39741635,0.3234784
Nepal,NPL,1983,0,1.6350825,7.1130705,0.38798568,0.3233214
Nepal,NPL,1984,0,1.6161022,7.1477895,0.41556916,0.32322046
Nepal,NPL,1985,0,1.6072235,7.195558,0.41566125,0.31405517
Nepal,NPL,1986,0.009241595,1.6080375,7.171478,0.41587177,0.3234558
Nepal,NPL,1987,0,1.5915916,7.115895,0.4256582,0.32387036
Nepal,NPL,1988,0,1.6589422,7.136232,0.4633917,0.33364204
Nepal,NPL,1989,0,1.6420354,7.0598245,0.4916829,0.34325033
Nepal,NPL,1990,0,1.632576,6.947724,0.51018,0.4638
Nepal,NPL,1991,0,1.6125596,6.830209,0.5097171,0.47264674
Nepal,NPL,1992,0,1.5991604,6.664709,0.5084036,0.45294142
Nepal,NPL,1993,0,1.5785491,6.508054,0.4892579,0.4431015
Nepal,NPL,1994,0,1.5521687,6.624435,0.48967227,0.4434768
Nepal,NPL,1995,0,1.5269891,6.7372613,0.4997419,0.43496054
Nepal,NPL,1996,0,1.5319653,6.675655,0.5199397,0.43637797
Nepal,NPL,1997,0,1.6128417,6.945474,0.5313987,0.475462
Nepal,NPL,1998,0,1.6293883,6.976404,0.55249375,0.49630794
Nepal,NPL,1999,0,1.6270828,6.940966,0.5737113,0.5172807
Nepal,NPL,2000,0,1.6245276,6.913687,0.6044754,0.52891594
Nepal,NPL,2001,0,1.6309376,6.8935556,0.61634266,0.5499673
Nepal,NPL,2002,0,1.6367476,6.899081,0.61853826,0.57095844
Nepal,NPL,2003,0,1.6516943,6.9504824,0.61103135,0.59193665
Nepal,NPL,2004,0,1.6667894,7.0024314,0.5939135,0.6226512
Nepal,NPL,2005,0,1.6919358,7.1426606,0.59602284,0.59602284
Nepal,NPL,2006,0,1.7175901,7.18879,0.5982617,0.5982617
Nepal,NPL,2007,0,1.7824068,7.333054,0.60059357,0.6102806
Nepal,NPL,2008,0,1.8089321,7.4496875,0.6127028,0.6224282
Nepal,NPL,2009,0,1.8853929,7.6001854,0.625208,0.625208
Nepal,NPL,2010,0,1.9199996,7.759999,0.6199999,0.6199999
Nepal,NPL,2011,0,2.0199993,7.839998,0.6499998,1.3299996
Nepal,NPL,2012,0,2.0600002,7.830001,0.66000015,1.4800003
Nepal,NPL,2013,0,2.1100001,7.940001,0.6700001,1.5700002
Nepal,NPL,2014,0,2.2299998,7.789999,0.6699999,1.5699998
Nepal,NPL,2015,0,2.28,7.9,0.7,1.64
Nepal,NPL,2016,0,2.439999,7.8199973,0.8399997,1.9799993
Nepal,NPL,2017,0,2.5100002,7.9400005,0.88000005,2.0600002
Nepal,NPL,2018,0,2.6200001,8.17,1.01,2.16
Nepal,NPL,2019,0,3.1099992,9.899998,1.0599997,2.5299995
Nepal,NPL,2020,0,2.679999,6.5399976,1.0199996,8.809998
Nepal,NPL,2021,0,2.4999995,6.3899984,1.0699998,7.7199984
Nepal,NPL,2022,0,2.6000004,6.530001,1.2100003,6.920001
Nepal,NPL,2023,0,2.6599996,3.9199994,1.0999999,6.799999
Net Food Importing Developing Countries (FAO),,1961,1.37,2.35,5.9,0.78,1.2
Net Food Importing Developing Countries (FAO),,1962,1.38,2.32,5.83,0.79,1.23
Net Food Importing Developing Countries (FAO),,1963,1.4,2.27,5.83,0.81,1.27
Net Food Importing Developing Countries (FAO),,1964,1.39,2.29,5.89,0.85,1.33
Net Food Importing Developing Countries (FAO),,1965,1.29,2.32,5.84,0.83,1.39
Net Food Importing Developing Countries (FAO),,1966,1.33,2.36,5.97,0.85,1.45
Net Food Importing Developing Countries (FAO),,1967,1.35,2.35,6.03,0.86,1.52
Net Food Importing Developing Countries (FAO),,1968,1.32,2.36,6.25,0.86,1.54
Net Food Importing Developing Countries (FAO),,1969,1.29,2.32,6.21,0.89,1.61
Net Food Importing Developing Countries (FAO),,1970,1.28,2.27,6.1,0.9,1.7
Net Food Importing Developing Countries (FAO),,1971,1.26,2.25,5.89,0.92,1.74
Net Food Importing Developing Countries (FAO),,1972,1.26,2.17,5.78,0.93,1.79
Net Food Importing Developing Countries (FAO),,1973,1.25,2.14,5.63,0.96,1.83
Net Food Importing Developing Countries (FAO),,1974,1.28,2.14,5.54,0.9,1.89
Net Food Importing Developing Countries (FAO),,1975,1.23,2.21,5.55,0.9,2.07
Net Food Importing Developing Countries (FAO),,1976,1.2,2.25,5.65,0.91,2.1
Net Food Importing Developing Countries (FAO),,1977,1.19,2.3,5.79,0.96,2.22
Net Food Importing Developing Countries (FAO),,1978,1.18,2.37,6.05,0.92,2.38
Net Food Importing Developing Countries (FAO),,1979,1.15,2.37,5.85,0.9,2.47
Net Food Importing Developing Countries (FAO),,1980,1.17,2.3,5.81,0.88,2.5
Net Food Importing Developing Countries (FAO),,1981,1.16,2.32,5.9,0.89,2.75
Net Food Importing Developing Countries (FAO),,1982,1.2,2.25,5.92,0.88,2.79
Net Food Importing Developing Countries (FAO),,1983,1.18,2.22,5.86,0.89,2.85
Net Food Importing Developing Countries (FAO),,1984,1.18,2.17,5.71,0.92,3.02
Net Food Importing Developing Countries (FAO),,1985,1.18,2.2,5.67,0.95,3.05
Net Food Importing Developing Countries (FAO),,1986,1.16,2.16,5.82,0.98,3.1
Net Food Importing Developing Countries (FAO),,1987,1.14,2.2,5.64,1,3.21
Net Food Importing Developing Countries (FAO),,1988,1.13,2.3,5.64,1.02,3.27
Net Food Importing Developing Countries (FAO),,1989,1.15,2.31,5.64,1.03,2.95
Net Food Importing Developing Countries (FAO),,1990,1.14,2.34,5.7,0.97,2.86
Net Food Importing Developing Countries (FAO),,1991,1.1,2.37,5.61,0.98,3.03
Net Food Importing Developing Countries (FAO),,1992,1.1,2.38,5.55,1.03,3.07
Net Food Importing Developing Countries (FAO),,1993,0.99,2.33,5.52,1.08,3.2
Net Food Importing Developing Countries (FAO),,1994,1,2.37,5.47,1.09,3.27
Net Food Importing Developing Countries (FAO),,1995,1,2.43,5.45,1.23,3.45
Net Food Importing Developing Countries (FAO),,1996,1,2.13,5.29,1.24,3.6
Net Food Importing Developing Countries (FAO),,1997,1.03,2.21,5.58,1.22,3.85
Net Food Importing Developing Countries (FAO),,1998,0.98,2.27,5.59,1.17,3.75
Net Food Importing Developing Countries (FAO),,1999,0.99,2.33,5.61,1.2,4.03
Net Food Importing Developing Countries (FAO),,2000,0.99,2.31,5.66,1.17,4.28
Net Food Importing Developing Countries (FAO),,2001,0.98,2.29,5.36,1.16,4.56
Net Food Importing Developing Countries (FAO),,2002,0.99,2.25,5.57,1.21,4.78
Net Food Importing Developing Countries (FAO),,2003,1,2.23,5.6,1.23,4.78
Net Food Importing Developing Countries (FAO),,2004,1,2.27,5.64,1.31,5.01
Net Food Importing Developing Countries (FAO),,2005,0.98,2.35,5.87,1.42,5.21
Net Food Importing Developing Countries (FAO),,2006,1,2.22,6.4,1.51,5.4
Net Food Importing Developing Countries (FAO),,2007,1.03,2.27,6.53,1.69,5.77
Net Food Importing Developing Countries (FAO),,2008,1.1,2.34,6.56,1.77,6.07
Net Food Importing Developing Countries (FAO),,2009,1.09,2.37,6.49,1.77,6.33
Net Food Importing Developing Countries (FAO),,2010,0.98,1.9,5.83,1.64,6.68
Net Food Importing Developing Countries (FAO),,2011,0.98,1.91,5.8,1.71,6.83
Net Food Importing Developing Countries (FAO),,2012,1.05,2.1,5.88,1.66,6.9
Net Food Importing Developing Countries (FAO),,2013,1.04,2.15,5.96,1.74,7.16
Net Food Importing Developing Countries (FAO),,2014,1.09,2.23,6.04,1.93,7.54
Net Food Importing Developing Countries (FAO),,2015,1.09,2.22,6.02,1.9,7.26
Net Food Importing Developing Countries (FAO),,2016,1.09,2.19,5.83,1.89,7.16
Net Food Importing Developing Countries (FAO),,2017,1.03,2.26,5.83,1.91,7.39
Net Food Importing Developing Countries (FAO),,2018,1.04,2.26,5.92,1.97,7.65
Net Food Importing Developing Countries (FAO),,2019,1,2.27,5.63,2.15,7.72
Net Food Importing Developing Countries (FAO),,2020,0.96,2.25,5.28,1.64,7.38
Net Food Importing Developing Countries (FAO),,2021,0.94,2.2,5.22,1.66,7.78
Net Food Importing Developing Countries (FAO),,2022,0.94,2.19,5.12,1.78,7.54
Net Food Importing Developing Countries (FAO),,2023,0.95,2.2,5.08,1.59,7.59
Netherlands,NLD,1961,1.2630854,0.22874774,20.04029,21.601742,1.9095463
Netherlands,NLD,1962,1.0534866,0.21864818,20.910719,24.399149,2.7728565
Netherlands,NLD,1963,1.0336431,0.1788998,23.157583,22.322718,2.912091
Netherlands,NLD,1964,1.5799233,0.17885923,18.710663,21.940065,4.4317346
Netherlands,NLD,1965,1.5388944,0.21842372,18.36745,25.595291,3.7529168
Netherlands,NLD,1966,1.3793741,0.23816532,20.502066,25.751627,5.6068087
Netherlands,NLD,1967,1.3804265,0.19862252,21.709442,28.283846,5.9984
Netherlands,NLD,1968,1.4817142,0.26849857,21.927382,29.524897,4.862807
Netherlands,NLD,1969,1.8392879,0.24855241,21.246262,27.420303,5.73659
Netherlands,NLD,1970,2.184142,0.25812587,21.781853,28.453413,6.9396143
Netherlands,NLD,1971,2.1912012,0.27761826,20.811455,31.88644,6.9107113
Netherlands,NLD,1972,2.2408974,0.2776333,19.5434,32.12614,7.1788034
Netherlands,NLD,1973,2.2738736,0.22838031,19.223665,30.404371,9.125282
Netherlands,NLD,1974,2.1476274,0.26845342,22.052952,33.397594,7.7056074
Netherlands,NLD,1975,2.2267315,0.2882822,21.770275,34.067005,7.157351
Netherlands,NLD,1976,2.4163153,0.3082542,23.059404,34.46481,8.193595
Netherlands,NLD,1977,2.1911793,0.23903774,22.599028,34.98915,7.2607713
Netherlands,NLD,1978,2.332802,0.39876962,20.008265,37.03573,8.095023
Netherlands,NLD,1979,2.5711534,0.49828556,21.834873,39.484146,8.122054
Netherlands,NLD,1980,2.218083,0.586847,22.270346,39.189445,7.9870872
Netherlands,NLD,1981,2.2147257,0.57602733,18.631506,40.510612,8.630478
Netherlands,NLD,1982,1.9566822,0.47675502,18.722569,41.954445,11.263338
Netherlands,NLD,1983,1.4409459,0.42731497,18.831673,40.40611,9.7288685
Netherlands,NLD,1984,1.6403245,0.43741986,19.773365,40.381805,11.860044
Netherlands,NLD,1985,1.7395332,0.42742816,19.502653,43.110603,12.832785
Netherlands,NLD,1986,1.7086536,0.54637176,17.96073,42.10043,13.947381
Netherlands,NLD,1987,1.865707,0.48627472,19.649467,41.899017,13.546224
Netherlands,NLD,1988,1.5666878,0.7238494,18.750675,45.255463,13.396173
Netherlands,NLD,1989,1.4772074,0.80304563,15.594948,43.186012,13.304781
Netherlands,NLD,1990,1.5949093,1.0203457,18.247347,44.89521,18.336504
Netherlands,NLD,1991,1.4344914,1.127807,20.458815,44.706665,17.530474
Netherlands,NLD,1992,1.9077919,1.0972275,20.28388,43.493702,19.255848
Netherlands,NLD,1993,1.6110711,1.2750194,22.347435,57.64274,18.581678
Netherlands,NLD,1994,1.6618332,1.2958342,19.862864,41.02156,20.288214
Netherlands,NLD,1995,1.5652777,1.2086321,21.309572,49.504383,18.406872
Netherlands,NLD,1996,1.6169692,1.3491277,21.923325,50.63197,21.347961
Netherlands,NLD,1997,1.7564217,1.0915616,18.219154,47.324154,18.755013
Netherlands,NLD,1998,1.4075192,1.1894529,21.320942,51.84032,18.862741
Netherlands,NLD,1999,1.25668,1.1181484,18.038801,53.502907,14.041173
Netherlands,NLD,2000,5.194898,0.84935594,16.651327,53.864967,12.4341755
Netherlands,NLD,2001,7.145746,1.468574,17.662313,48.768486,13.798682
Netherlands,NLD,2002,1.4379442,1.162174,17.363667,47.727924,11.956604
Netherlands,NLD,2003,0.4041654,1.1730654,16.028608,37.90283,10.606877
Netherlands,NLD,2004,0.9184179,1.1455535,17.351185,35.610916,22.47655
Netherlands,NLD,2005,0.9405548,0.7821456,16.038935,37.721195,20.484295
Netherlands,NLD,2006,7.7939105,0.89356935,16.878532,39.31705,15.002036
Netherlands,NLD,2007,4.316803,0.9548688,18.918339,34.77314,14.362818
Netherlands,NLD,2008,5.886736,0.944662,16.258131,36.58328,26.858232
Netherlands,NLD,2009,9.687961,0.95291406,17.99618,35.535755,22.314072
Netherlands,NLD,2010,4.040002,0.91000044,18.79001,33.590015,15.930008
Netherlands,NLD,2011,4.94,0.96,14.81,33.6,12.25
Netherlands,NLD,2012,5.3899994,1.0399998,15.209999,38.339996,24.409998
Netherlands,NLD,2013,5.5699983,0.9299997,17.439995,35.90999,23.609993
Netherlands,NLD,2014,3.8000011,0.9800003,16.180004,29.750008,19.630005
Netherlands,NLD,2015,3.4800003,0.9800001,15.860001,27.500002,21.89
Netherlands,NLD,2016,3.2099993,0.98999983,15.829997,27.479994,21.059996
Netherlands,NLD,2017,1.2199996,0.9999996,15.569994,29.839989,15.789993
Netherlands,NLD,2018,2.2799993,0.9999997,15.579995,28.63999,9.989997
Netherlands,NLD,2019,3.510001,0.9500002,15.300004,26.670008,5.2000012
Netherlands,NLD,2020,3.9999998,1.0899999,16.339998,29.369999,8.129999
Netherlands,NLD,2021,2.5099993,0.8099998,16.549995,30.129992,11.699997
Netherlands,NLD,2022,2.4399998,0.98999995,16.609999,30.499998,13.5199995
Netherlands,NLD,2023,2.3899992,0.8399997,16.879993,36.69999,14.7599945
Netherlands Antilles,ANT,1961,0.45608008,1.907244,29.987267,28.847065,9.049043
Netherlands Antilles,ANT,1962,0.5339392,2.4129944,31.707775,29.715773,10.072969
Netherlands Antilles,ANT,1963,0.5327716,2.5511565,35.64447,31.822859,10.45052
Netherlands Antilles,ANT,1964,0.5416053,2.227735,33.73281,29.972233,11.588309
Netherlands Antilles,ANT,1965,0.5397971,2.4851038,32.082283,31.17583,11.682025
Netherlands Antilles,ANT,1966,0.5513205,2.6340866,29.322079,30.976042,11.975904
Netherlands Antilles,ANT,1967,0.6647283,2.63846,29.104872,31.75356,13.591137
Netherlands Antilles,ANT,1968,0.5292916,2.7991383,29.80319,32.0425,14.0364065
Netherlands Antilles,ANT,1969,0.5411273,2.1747196,28.56744,30.52775,14.130571
Netherlands Antilles,ANT,1970,0.77982,2.534415,34.260777,35.666504,16.868738
Netherlands Antilles,ANT,1971,0.54435354,1.6433315,33.13367,35.280273,17.635002
Netherlands Antilles,ANT,1972,0.8290518,1.9068191,31.586872,37.4835,20.415401
Netherlands Antilles,ANT,1973,0.42662305,1.9041957,33.952953,37.230663,17.84533
Netherlands Antilles,ANT,1974,1.316752,1.6825165,33.012856,36.545094,20.22155
Netherlands Antilles,ANT,1975,1.3037511,1.5540714,39.550594,32.81281,20.359379
Netherlands Antilles,ANT,1976,2.3066175,1.7273772,46.525406,34.195866,23.645416
Netherlands Antilles,ANT,1977,2.3929286,2.4651291,51.24168,38.565346,24.41406
Netherlands Antilles,ANT,1978,1.7787815,3.0975335,39.05141,34.44089,28.348053
Netherlands Antilles,ANT,1979,0.89153814,2.553041,55.518513,38.50837,28.488697
Netherlands Antilles,ANT,1980,0.8735093,3.8655295,50.261925,39.197475,27.15911
Netherlands Antilles,ANT,1981,1.9228743,2.40611,55.73316,53.407585,32.880146
Netherlands Antilles,ANT,1982,1.224464,2.9306846,41.210243,49.831673,31.344273
Netherlands Antilles,ANT,1983,0.67407876,3.5816722,48.28215,48.06081,34.005764
Netherlands Antilles,ANT,1984,0.66897166,3.3144505,43.939274,44.283894,32.921513
Netherlands Antilles,ANT,1985,1.0394527,2.3009243,25.99641,30.144129,21.55603
Netherlands Antilles,ANT,1986,1.676009,2.9582572,20.9905,32.066296,23.171331
Netherlands Antilles,ANT,1987,5.3628507,3.2839925,31.002096,28.2102,25.237534
Netherlands Antilles,ANT,1988,2.2186089,2.9881263,30.051157,25.16422,23.375343
Netherlands Antilles,ANT,1989,2.703267,2.9135213,26.321812,24.45956,24.54967
Netherlands Antilles,ANT,1990,4.7088227,2.7793052,17.725569,24.253937,24.183954
Netherlands Antilles,ANT,1991,4.9170957,2.7954042,20.231487,23.831324,27.964096
Netherlands Antilles,ANT,1992,3.150846,2.4619153,24.00114,23.058926,28.16512
Netherlands Antilles,ANT,1993,3.2943435,2.8032613,26.999292,25.79205,32.63651
Netherlands Antilles,ANT,1994,3.4843705,2.247316,24.14318,23.359713,32.22527
Netherlands Antilles,ANT,1995,4.352805,3.0015793,23.476269,24.528368,36.844128
Netherlands Antilles,ANT,1996,3.709926,3.060689,21.620623,16.395811,41.448116
Netherlands Antilles,ANT,1997,3.513355,3.5955386,26.011152,14.998533,43.197826
Netherlands Antilles,ANT,1998,3.1628706,3.2034204,27.999516,14.486353,52.55231
Netherlands Antilles,ANT,1999,0.25215796,2.7233062,19.042969,18.1352,63.685017
Netherlands Antilles,ANT,2000,0.23229846,3.0905795,6.403358,17.93748,68.17455
Netherlands Antilles,ANT,2001,0.1618523,2.6705632,6.0593457,20.82837,63.112286
Netherlands Antilles,ANT,2002,0.16133188,2.3493955,2.0670648,19.541323,63.232014
Netherlands Antilles,ANT,2003,0.2327767,2.661751,2.2771633,18.004772,60.41061
Netherlands Antilles,ANT,2004,0.6886265,2.6734915,2.7848868,18.613169,61.42954
Netherlands Antilles,ANT,2005,0.6371006,2.5484023,3.8023782,20.42767,64.38761
Netherlands Antilles,ANT,2006,0.70922744,2.3911097,4.680901,19.58481,59.342075
Netherlands Antilles,ANT,2007,0.56734294,2.0768805,3.6674669,20.768805,55.569214
Netherlands Antilles,ANT,2008,0.21260577,2.6525102,3.4016924,21.41244,63.265408
Netherlands Antilles,ANT,2009,0.54685223,2.8254032,4.992558,24.213402,63.981712
New Caledonia,NCL,1961,7.1249776,1.4622887,28.303629,6.7814865,1.570243
New Caledonia,NCL,1962,6.8947864,1.4198009,28.143175,7.682484,1.5656707
New Caledonia,NCL,1963,8.075989,1.3769218,28.798174,7.1482754,3.6034338
New Caledonia,NCL,1964,9.202697,1.1883953,27.981306,6.354477,4.4785805
New Caledonia,NCL,1965,7.7645884,1.0938791,27.786484,6.895345,5.8991337
New Caledonia,NCL,1966,8.719779,1.0004696,25.315804,7.3858194,6.709031
New Caledonia,NCL,1967,10.86594,0.98338705,26.619608,7.1368585,8.042354
New Caledonia,NCL,1968,10.567832,0.8977291,28.805393,6.3036194,10.314126
New Caledonia,NCL,1969,12.492205,0.9824247,29.029686,5.3359146,12.251414
New Caledonia,NCL,1970,8.968533,0.88341004,31.42827,5.290858,17.130472
New Caledonia,NCL,1971,8.527968,0.88515747,34.892334,4.9111958,15.199962
New Caledonia,NCL,1972,9.314192,0.81736785,35.384422,5.284378,16.17628
New Caledonia,NCL,1973,7.494526,0.7295556,29.002207,6.708122,16.372366
New Caledonia,NCL,1974,14.318576,0.679142,21.402405,6.621634,16.506922
New Caledonia,NCL,1975,14.776644,2.9516044,22.59793,5.279368,16.573677
New Caledonia,NCL,1976,14.304915,3.464762,18.587101,5.26681,15.8375845
New Caledonia,NCL,1977,14.030896,2.9219365,18.474482,4.873006,17.699654
New Caledonia,NCL,1978,13.802749,2.891559,17.948252,3.8273385,15.15963
New Caledonia,NCL,1979,11.217615,3.0902781,17.965197,5.1693645,17.001255
New Caledonia,NCL,1980,9.534527,2.7011333,17.457851,4.426068,21.447945
New Caledonia,NCL,1981,8.642396,2.728677,17.14218,4.886899,18.596838
New Caledonia,NCL,1982,8.559861,2.8725011,18.080423,4.7458715,19.732834
New Caledonia,NCL,1983,8.5256,3.1910927,15.263419,4.4502287,22.001238
New Caledonia,NCL,1984,6.908015,3.276756,14.975349,4.5893745,21.816296
New Caledonia,NCL,1985,5.323865,2.8541298,16.298328,4.4205375,24.11115
New Caledonia,NCL,1986,5.936456,2.7465746,16.556545,5.1173024,23.369978
New Caledonia,NCL,1987,5.921984,3.0809677,16.287855,5.21173,29.302786
New Caledonia,NCL,1988,3.7010224,2.989657,16.044172,5.123753,20.985277
New Caledonia,NCL,1989,3.6540284,3.0114565,15.229914,5.706422,22.720192
New Caledonia,NCL,1990,4.165911,3.0454247,17.219099,5.861006,30.128633
New Caledonia,NCL,1991,3.416257,3.0936105,16.758638,6.092325,29.446238
New Caledonia,NCL,1992,3.300875,3.1873777,16.296295,6.4882526,35.87455
New Caledonia,NCL,1993,3.2433538,2.8165967,16.861647,6.3444552,30.385103
New Caledonia,NCL,1994,3.3666282,3.06401,17.920675,5.938884,33.34475
New Caledonia,NCL,1995,3.2915986,2.8388858,15.675178,6.0644636,32.878258
New Caledonia,NCL,1996,3.0025654,2.7390172,16.838837,6.569876,31.126907
New Caledonia,NCL,1997,0.066136055,2.692682,19.850264,11.101409,34.220684
New Caledonia,NCL,1998,0.066055626,2.4157486,19.250498,9.851725,36.273975
New Caledonia,NCL,1999,0.103691906,2.771402,16.760384,9.784745,34.92532
New Caledonia,NCL,2000,0.16001076,2.2119133,15.266908,10.240688,29.874949
New Caledonia,NCL,2001,0.046988767,2.4810069,15.684851,11.540441,32.76057
New Caledonia,NCL,2002,0.046934407,2.299786,15.582224,10.428825,34.834717
New Caledonia,NCL,2003,0.046686724,2.3716855,15.145172,10.775295,36.116848
New Caledonia,NCL,2004,0.04670666,2.1671891,15.562659,12.6761875,38.234074
New Caledonia,NCL,2005,0.03748092,2.361298,15.498363,11.656567,37.209183
New Caledonia,NCL,2006,0.06560105,2.5115833,13.317014,13.288899,34.000088
New Caledonia,NCL,2007,0.07530012,2.211941,14.824712,14.231723,39.720818
New Caledonia,NCL,2008,0,2.0902884,13.972919,15.959636,38.689167
New Caledonia,NCL,2009,0.00944566,2.3803065,14.943034,16.45434,41.098064
New Caledonia,NCL,2010,0.089999996,2.6899998,21.949999,15.569999,36.76
New Caledonia,NCL,2011,0.079997,1.949927,23.579117,15.9994,37.468597
New Caledonia,NCL,2012,0.04999816,1.7099371,23.589132,17.079372,37.408623
New Caledonia,NCL,2013,0.049997836,1.4599367,23.188995,16.739275,36.72841
New Caledonia,NCL,2014,0.04999769,1.8499146,21.778994,15.56928,37.66826
New Caledonia,NCL,2015,0.049998414,0.7899749,20.259357,15.359512,36.938828
New Caledonia,NCL,2016,0,1.819923,23.249016,16.679295,36.44846
New Caledonia,NCL,2017,0.019999716,1.8299742,22.65968,16.729763,36.10949
New Caledonia,NCL,2018,1.0599588,1.6899345,23.48909,18.779272,35.208633
New Caledonia,NCL,2019,1.7999618,1.549967,22.919514,19.059595,37.499207
New Caledonia,NCL,2020,1.0599738,1.2999679,21.349474,19.85951,42.98894
New Caledonia,NCL,2021,1.2699243,1.2799237,21.748703,25.32849,35.987854
New Caledonia,NCL,2022,1.2099578,1.3499529,21.819239,26.519077,37.108707
New Caledonia,NCL,2023,0.5499829,1.0899662,20.90935,28.939102,38.108818
New Zealand,NZL,1961,0.39905438,42.110214,46.94875,15.26383,2.6636882
New Zealand,NZL,1962,0.4486591,43.579754,56.949795,15.015124,3.310107
New Zealand,NZL,1963,0.5484578,43.40794,51.116264,14.937995,2.7921486
New Zealand,NZL,1964,0.6881955,42.717995,49.22094,15.858418,3.0619714
New Zealand,NZL,1965,0.76751953,40.538986,42.213577,15.470005,3.4887254
New Zealand,NZL,1966,0.7760488,37.40953,53.308586,13.053539,3.711105
New Zealand,NZL,1967,0.44679165,38.880802,52.11577,12.728598,3.7431211
New Zealand,NZL,1968,0.46718088,39.660675,54.18304,13.011484,3.797087
New Zealand,NZL,1969,0.29909506,39.829494,62.231712,12.561993,4.3269086
New Zealand,NZL,1970,0.28977558,40.268814,45.244957,13.339669,5.086061
New Zealand,NZL,1971,0.33055615,41.059082,44.88552,15.015263,6.130314
New Zealand,NZL,1972,0.391568,44.156822,47.30945,13.403674,6.295209
New Zealand,NZL,1973,0.3713676,42.4965,49.19115,11.954021,6.7247643
New Zealand,NZL,1974,0.69040316,38.27235,44.135773,12.057041,9.215382
New Zealand,NZL,1975,0.4683231,37.455887,72.30112,11.2995405,8.370029
New Zealand,NZL,1976,0.3977434,33.291122,92.72393,10.918056,8.511709
New Zealand,NZL,1977,0.51716346,30.313736,55.614964,12.421868,8.37407
New Zealand,NZL,1978,0.43814534,33.040142,72.56284,11.9992075,11.15279
New Zealand,NZL,1979,0.73868185,31.324102,48.743023,11.469533,10.40144
New Zealand,NZL,1980,0.6801459,31.276709,57.45232,11.512469,9.642069
New Zealand,NZL,1981,0.31050584,29.20758,50.031506,10.567215,11.879352
New Zealand,NZL,1982,0.40048614,26.091671,54.295906,13.085884,10.923259
New Zealand,NZL,1983,0.3796127,27.891544,38.69053,12.547199,9.839962
New Zealand,NZL,1984,0.38930058,28.069572,48.472916,13.705378,12.397727
New Zealand,NZL,1985,0.42012465,27.148054,48.994537,14.86441,14.214218
New Zealand,NZL,1986,0.3008676,35.662838,56.091747,14.582049,13.408666
New Zealand,NZL,1987,0.58203155,40.130074,42.87967,13.898513,14.099214
New Zealand,NZL,1988,0.3417404,27.620663,50.10517,14.423455,15.669802
New Zealand,NZL,1989,0.4133424,30.819212,26.675707,14.194783,17.047853
New Zealand,NZL,1990,0.80024,30.029005,39.091724,13.614082,16.564966
New Zealand,NZL,1991,1.3562514,30.708698,34.549763,13.582313,16.769999
New Zealand,NZL,1992,3.768537,29.513596,26.459097,13.864249,19.120367
New Zealand,NZL,1993,1.3666996,30.915344,37.698963,14.255574,20.520445
New Zealand,NZL,1994,2.1911914,32.32758,20.441114,14.477873,20.261017
New Zealand,NZL,1995,2.160333,34.835365,45.667034,15.882446,23.96369
New Zealand,NZL,1996,1.5249197,30.588099,36.159534,16.76415,23.152866
New Zealand,NZL,1997,1.9371186,27.815037,37.72911,16.142654,23.324894
New Zealand,NZL,1998,2.421834,28.119081,26.570696,16.45656,25.071938
New Zealand,NZL,1999,2.8859665,27.944115,33.079147,18.430378,24.799408
New Zealand,NZL,2000,1.7401912,26.002857,20.082207,17.971975,26.692934
New Zealand,NZL,2001,1.8672823,24.8469,26.021482,17.779337,30.780039
New Zealand,NZL,2002,2.627217,23.845507,25.690575,19.072393,33.702583
New Zealand,NZL,2003,2.5489953,23.910576,25.479956,19.712229,35.87586
New Zealand,NZL,2004,3.965225,23.112167,26.048632,20.225643,35.687023
New Zealand,NZL,2005,4.1489944,23.05441,16.645966,21.834707,37.230976
New Zealand,NZL,2006,4.062968,23.026821,25.568676,21.675833,34.885483
New Zealand,NZL,2007,3.9891696,23.113127,31.903334,22.7523,34.42914
New Zealand,NZL,2008,4.316326,22.836376,34.349926,21.993187,33.607113
New Zealand,NZL,2009,3.685941,20.980736,27.679708,21.904732,30.592304
New Zealand,NZL,2010,1.9500018,24.010023,21.00002,21.82002,23.07002
New Zealand,NZL,2011,3.500001,20.660006,21.190006,19.430006,24.130005
New Zealand,NZL,2012,2.469999,24.98999,20.249992,22.80999,26.249989
New Zealand,NZL,2013,2.4099963,19.36997,23.279964,22.559965,24.889961
New Zealand,NZL,2014,3.160003,17.020016,19.330017,24.14002,28.380024
New Zealand,NZL,2015,2.7799969,16.009983,16.57998,25.72997,27.309969
New Zealand,NZL,2016,2.600001,20.70001,25.030012,25.88001,26.230011
New Zealand,NZL,2017,2.4400005,12.340003,21.200005,25.550005,25.510006
New Zealand,NZL,2018,2.930006,13.600028,20.470041,26.310053,24.690052
New Zealand,NZL,2019,3.7299924,12.469975,17.499964,26.639946,27.199945
New Zealand,NZL,2020,2.5600023,12.290011,17.710016,23.470022,24.730024
New Zealand,NZL,2021,2.1500027,9.740011,19.150023,27.480032,26.200033
New Zealand,NZL,2022,2.4599996,13.019998,21.639996,24.479994,26.179995
New Zealand,NZL,2023,1.900001,11.540007,17.69001,22.46001,25.960012
Nicaragua,NIC,1961,0.6576798,0.01992969,10.891576,3.3681178,1.0861682
Nicaragua,NIC,1962,0.63819903,0.01994372,9.602901,2.7921207,1.2664262
Nicaragua,NIC,1963,0.667883,0.019936806,10.446885,3.0303943,1.385608
Nicaragua,NIC,1964,0.64735395,0.019918583,11.532861,3.585345,1.4938939
Nicaragua,NIC,1965,0.67682195,0.019906526,11.077983,4.6183143,1.6920549
Nicaragua,NIC,1966,0.65635055,0.01988941,10.790006,5.767929,1.7701576
Nicaragua,NIC,1967,0.6755076,0.019867871,11.185612,5.0265713,1.7483727
Nicaragua,NIC,1968,0.67467046,0.019843249,12.451639,5.1890097,1.8156573
Nicaragua,NIC,1969,0.5947877,0.019826256,13.015938,5.7496147,1.6356661
Nicaragua,NIC,1970,0.33676356,0.01980962,13.104064,6.4975557,1.7531514
Nicaragua,NIC,1971,0.53442055,0.019793354,13.974108,6.2942867,1.8209885
Nicaragua,NIC,1972,0.5451738,0.019824501,13.540134,6.3537526,2.2401686
Nicaragua,NIC,1973,0.6753073,0.019861978,13.118836,4.6675644,2.4827473
Nicaragua,NIC,1974,0.6156717,0.019860378,11.528949,5.908462,3.1180794
Nicaragua,NIC,1975,0.28804943,0.009932739,14.303144,6.098702,3.62545
Nicaragua,NIC,1976,0.039740343,0.009935086,15.200682,6.457806,4.0237103
Nicaragua,NIC,1977,0.19882828,0.009941414,16.93023,7.0683455,3.578909
Nicaragua,NIC,1978,0.069674514,0.009953502,13.865228,6.1910777,2.9860506
Nicaragua,NIC,1979,0.109773226,0.009979384,11.735756,6.606352,2.26532
Nicaragua,NIC,1980,0.65951216,0.009992608,11.431543,3.287568,3.0877159
Nicaragua,NIC,1981,0.63967884,0.009994982,10.504725,3.8380728,3.4282787
Nicaragua,NIC,1982,0.63967484,0.009994919,10.264783,4.0179577,3.0884302
Nicaragua,NIC,1983,0.73994005,0.0099991895,10.379159,3.999676,3.2297382
Nicaragua,NIC,1984,1.5007838,0.0100052245,11.33592,3.9420588,2.0510712
Nicaragua,NIC,1985,0.9308832,0.0100094965,10.119601,3.403229,2.802659
Nicaragua,NIC,1986,0.58012825,0.010002211,8.641911,3.8908603,2.700597
Nicaragua,NIC,1987,0.94873536,0.009986687,5.6324916,3.6751013,2.8362193
Nicaragua,NIC,1988,0.91714734,0.009968992,4.9047446,2.7115662,2.6517522
Nicaragua,NIC,1989,0.7959704,0.009949629,3.2634785,3.203781,1.6416888
Nicaragua,NIC,1990,0.6064,0.009940984,7.127685,2.5250099,1.7098492
Nicaragua,NIC,1991,0.5470773,0.009946859,6.4754057,2.8746424,3.7599127
Nicaragua,NIC,1992,0.57799906,0.009965502,6.15868,2.3219619,4.9428887
Nicaragua,NIC,1993,0.4396312,0.009991618,5.335524,1.9783404,5.335524
Nicaragua,NIC,1994,0.42070928,0.010016888,4.547667,1.2120435,5.960048
Nicaragua,NIC,1995,0.4013842,0.06020763,4.2948112,1.1539795,6.382009
Nicaragua,NIC,1996,0.4022851,0.010057127,5.420791,1.1565696,6.245476
Nicaragua,NIC,1997,0.383115,0.010081974,5.222462,1.1695089,6.3718076
Nicaragua,NIC,1998,0.3437136,0.010109223,4.8220997,1.2434345,6.9450364
Nicaragua,NIC,1999,0.34459683,0.010135201,4.8040853,1.2364945,7.5912657
Nicaragua,NIC,2000,0.3757728,0.010156021,5.037387,1.1374744,9.790405
Nicaragua,NIC,2001,0.3764849,0.010175267,4.94518,1.4652386,11.294547
Nicaragua,NIC,2002,0.36692652,0.010192403,3.7813816,1.5288604,11.048565
Nicaragua,NIC,2003,0.37759957,0.010205394,5.1129026,1.4797821,12.042365
Nicaragua,NIC,2004,0.3779356,0.010214475,5.229811,1.5321714,12.880453
Nicaragua,NIC,2005,0.39824164,0.010211324,5.228198,1.5827553,13.560639
Nicaragua,NIC,2006,0.42822683,0.0101958765,5.148918,1.9576083,15.773022
Nicaragua,NIC,2007,0.45808384,0.010179641,5.323952,2.3209581,16.613174
Nicaragua,NIC,2008,0.4675396,0.010163904,5.2953944,2.5003207,16.648476
Nicaragua,NIC,2009,0.44672048,0.010152739,5.2692714,2.5787954,16.254534
Nicaragua,NIC,2010,0.42999995,0.009999998,3.1499996,2.8599994,17.309998
Nicaragua,NIC,2011,0.4399999,0.009999998,2.4699996,3.1599994,18.169996
Nicaragua,NIC,2012,0.44,0.01,2.61,3.48,19.11
Nicaragua,NIC,2013,0.44999906,0.009999979,3.3099933,3.6399927,19.75996
Nicaragua,NIC,2014,0.4599998,0.009999995,4.699998,3.8299983,21.859991
Nicaragua,NIC,2015,0.46000022,0.010000004,3.2500014,4.5300026,20.52001
Nicaragua,NIC,2016,0.47000045,0.010000009,1.5400014,5.0800047,21.170021
Nicaragua,NIC,2017,0.4699996,0.009999991,3.6399972,5.1999955,21.839983
Nicaragua,NIC,2018,0.4400004,0.010000009,1.6900016,5.2000046,20.70002
Nicaragua,NIC,2019,0.35,0.01,2.46,5.44,20.73
Nicaragua,NIC,2020,0.2900001,0.010000004,1.970001,5.5300026,22.840012
Nicaragua,NIC,2021,0.28999978,0.009999992,2.3799984,6.3099957,23.479982
Nicaragua,NIC,2022,0.2599995,0.009999982,2.839995,6.079989,24.469955
Nicaragua,NIC,2023,0.25999963,0.009999987,3.0899959,6.769991,26.139965
Niger,NER,1961,2.0337336,5.654539,5.654539,0.076027416,1.045377
Niger,NER,1962,2.135807,5.961275,4.936087,0.094924755,1.0441723
Niger,NER,1963,2.1904614,6.3532867,5.9076085,0.09482518,1.043077
Niger,NER,1964,2.2460625,6.4159675,6.0084543,0.10424763,1.1182927
Niger,NER,1965,2.349132,6.299084,5.815996,0.12313998,1.1840383
Niger,NER,1966,2.4155989,7.0573373,6.375286,0.15156698,1.2504277
Niger,NER,1967,2.4725451,7.644996,7.398689,0.16104701,1.3073227
Niger,NER,1968,2.5396354,8.377007,8.983486,0.16109627,1.3266752
Niger,NER,1969,2.6452982,9.035732,7.139461,0.16118306,1.3273898
Niger,NER,1970,2.7899916,9.508747,6.3012056,0.16132605,1.3380572
Niger,NER,1971,3.068219,9.033672,6.1269383,0.17098434,1.320379
Niger,NER,1972,3.252762,9.083005,5.582957,0.17119801,1.303007
Niger,NER,1973,3.0654078,7.092325,5.0265074,0.16183831,1.2851865
Niger,NER,1974,3.0967896,6.536608,5.355064,0.15245733,1.2958874
Niger,NER,1975,2.7944272,6.494897,6.113405,0.1525967,1.3066093
Niger,NER,1976,2.6719303,7.051987,4.8762727,0.15268172,1.3550503
Niger,NER,1977,2.6439528,9.229973,8.294566,0.15271929,1.317204
Niger,NER,1978,2.6712368,9.37795,7.9755497,0.16218224,1.306998
Niger,NER,1979,2.658099,9.470073,6.24034,0.20007196,1.2861769
Niger,NER,1980,2.8713775,9.460333,8.661672,0.20917319,1.2930707
Niger,NER,1981,2.894166,9.508048,9.062061,0.20875952,1.3474478
Niger,NER,1982,2.765438,9.07291,8.618318,0.20835492,1.3069537
Niger,NER,1983,2.8076813,9.292764,8.233974,0.17961597,1.2573118
Niger,NER,1984,2.481953,5.898177,8.097017,0.18874167,1.2362579
Niger,NER,1985,2.0627997,4.0314074,7.1868315,0.18838352,1.2056545
Niger,NER,1986,2.5005214,6.157299,5.8000817,0.17860867,1.175057
Niger,NER,1987,2.6360168,5.984978,6.444639,0.17823602,1.191367
Niger,NER,1988,2.6413465,6.481602,6.4722357,0.1685966,1.1614432
Niger,NER,1989,2.8358703,6.5795937,6.7293425,0.16846755,1.1418356
Niger,NER,1990,2.8260794,5.6240854,6.672168,0.16844182,1.1135876
Niger,NER,1991,2.7251565,5.5814204,6.2182264,0.15920158,1.1050463
Niger,NER,1992,3.1607008,5.4304028,7.3249474,0.15944189,1.0973352
Niger,NER,1993,3.2423398,5.4978805,7.7064304,0.15036938,1.0807799
Niger,NER,1994,3.2588906,5.3121796,7.874082,0.15070014,1.0643197
Niger,NER,1995,3.1894944,5.4447875,6.3978615,0.14154561,1.0474374
Niger,NER,1996,2.9034784,5.390823,9.467042,0.14186378,1.0308768
Niger,NER,1997,2.9595597,5.463803,9.267596,0.14228652,1.0149772
Niger,NER,1998,2.9673853,5.639934,9.501339,0.1331519,0.9891284
Niger,NER,1999,2.9736698,5.718596,9.893171,0.12390291,0.9816923
Niger,NER,2000,2.7308774,5.538143,10.245564,0.124130785,0.9548523
Niger,NER,2001,2.9157643,5.2770553,10.898266,0.12427847,0.9464284
Niger,NER,2002,2.889862,5.473513,11.492465,0.11482895,0.9186316
Niger,NER,2003,3.1216774,5.6496615,11.644048,0.11490837,0.90011555
Niger,NER,2004,3.1902208,5.8056273,12.138168,0.10538267,0.88138235
Niger,NER,2005,3.1627357,6.0091977,12.353838,0.10542452,0.85298026
Niger,NER,2006,3.1063492,5.944248,12.406221,0.10546247,0.73823726
Niger,NER,2007,2.934611,6.0514364,12.965995,0.09590232,0.7192674
Niger,NER,2008,3.0412512,5.833062,13.153172,0.095938526,0.70035124
Niger,NER,2009,3.0426183,6.1620216,8.926293,0.086383484,1.0174054
Niger,NER,2010,2.6299996,2.2399995,3.6399994,0.08999999,0.9299998
Niger,NER,2011,2.449999,2.259999,3.1999989,0.08999997,0.91999966
Niger,NER,2012,2.6,2.32,3.32,0.09,1.01
Niger,NER,2013,2.6400003,2.2100003,3.2900002,0.080000006,1.0300001
Niger,NER,2014,2.809999,2.449999,4.509999,0.07999997,1.0399996
Niger,NER,2015,2.7000005,2.3200004,2.9600005,0.08000001,1.0700003
Niger,NER,2016,2.6399992,2.239999,2.8499987,0.07999997,1.0799996
Niger,NER,2017,2.57,2.27,2.79,0.07,1.07
Niger,NER,2018,2.4999995,2.1399999,3.0399995,0.069999985,1.0999998
Niger,NER,2019,2.2699995,2.1599996,2.5199995,0.069999985,1.1899998
Niger,NER,2020,2.3599994,2.2999995,2.8399992,0.069999985,0.99999976
Niger,NER,2021,2.3699994,2.0199995,2.6599996,0.059999987,0.90999985
Niger,NER,2022,2.4099994,1.9099994,2.5799992,0.05999998,0.88999975
Niger,NER,2023,2.2700005,1.7200004,2.6300008,0.060000014,0.97000027
Nigeria,NGA,1961,1.735819,0.27090818,3.4616044,0.47158086,0.6521863
Nigeria,NGA,1962,1.7055273,0.29094288,3.1602418,0.48156065,0.69224346
Nigeria,NGA,1963,1.6653434,0.31099787,3.1902363,0.4815451,0.7323499
Nigeria,NGA,1964,1.6352539,0.3310637,3.541378,0.48154715,0.7624496
Nigeria,NGA,1965,1.5948328,0.35106382,3.6711247,0.48145893,0.7924012
Nigeria,NGA,1966,1.5645031,0.3810969,3.3997858,0.49141446,0.8123382
Nigeria,NGA,1967,1.7257868,0.4113794,3.2609344,0.5016822,0.8227588
Nigeria,NGA,1968,1.8672479,0.4316756,3.0317683,0.4919094,0.85331225
Nigeria,NGA,1969,1.8275651,0.48199517,3.6350467,0.5121198,0.98407346
Nigeria,NGA,1970,1.7875845,0.5222157,3.504871,0.5121731,1.0143036
Nigeria,NGA,1971,1.7472779,0.5422587,3.2937193,0.5121332,1.0543917
Nigeria,NGA,1972,1.7065924,0.53205526,2.7907805,0.50193894,1.0741494
Nigeria,NGA,1973,1.3344907,0.57192457,3.7726953,0.49165446,1.1037141
Nigeria,NGA,1974,1.2937195,0.60173005,3.6504958,0.4713552,1.1132007
Nigeria,NGA,1975,1.423475,0.69168854,2.9672437,0.5012236,1.2931569
Nigeria,NGA,1976,1.3835738,0.8622272,4.1106176,0.5213466,1.3133925
Nigeria,NGA,1977,1.4139931,0.92260545,3.4597704,0.5515576,1.6346161
Nigeria,NGA,1978,1.3736652,1.0427823,3.7800858,0.56149817,1.7947887
Nigeria,NGA,1979,1.3322464,1.1218916,4.157009,0.5308951,1.7729895
Nigeria,NGA,1980,1.3587713,1.1789339,5.355158,0.5195302,1.7983738
Nigeria,NGA,1981,1.3141328,1.2444439,4.549687,0.5077331,1.8815991
Nigeria,NGA,1982,1.2793233,1.3090751,5.1668797,0.49586177,1.7454334
Nigeria,NGA,1983,1.2389783,1.3579202,5.233444,0.47576764,1.823776
Nigeria,NGA,1984,1.2088913,1.4169791,5.2814674,0.60444564,1.6547937
Nigeria,NGA,1985,1.1760397,1.4626375,5.198293,0.7115534,1.6108778
Nigeria,NGA,1986,1.1451342,1.5597517,3.277453,0.87859434,1.6189828
Nigeria,NGA,1987,1.115133,1.588818,2.9901357,1.0263171,1.6973708
Nigeria,NGA,1988,1.0851043,1.6276566,2.5746567,1.0752398,1.736167
Nigeria,NGA,1989,1.0645648,1.7151322,2.306557,1.2124211,1.793989
Nigeria,NGA,1990,0.9648246,1.6933657,2.106862,1.1026567,1.7918172
Nigeria,NGA,1991,0.95409447,1.7114683,2.065565,1.0721267,1.6524521
Nigeria,NGA,1992,0.9433007,1.6999066,2.0536442,1.1005175,1.5819939
Nigeria,NGA,1993,1.0695,1.7268989,2.3254263,1.1087476,1.5699081
Nigeria,NGA,1994,1.1267443,1.9007686,2.4592419,1.1267443,1.5578464
Nigeria,NGA,1995,1.1055845,2.0057065,2.4068477,1.2327757,1.5262936
Nigeria,NGA,1996,1.1336012,2.0912988,2.4724233,1.2410978,1.4951808
Nigeria,NGA,1997,1.1617084,2.303892,2.5284238,1.2495686,1.4643382
Nigeria,NGA,1998,1.1409149,2.4183497,2.4866095,1.2481804,1.4334573
Nigeria,NGA,1999,1.1102109,2.53206,2.4249344,1.2952461,1.4023718
Nigeria,NGA,2000,0.9528176,2.6640003,2.2070367,1.2444965,1.2639416
Nigeria,NGA,2001,0.95088893,2.8235579,2.454846,1.2710861,1.4166305
Nigeria,NGA,2002,0.95849884,2.7883604,2.7012239,1.4425892,1.452271
Nigeria,NGA,2003,0.96608925,2.7436934,2.2703097,1.3042204,1.4781165
Nigeria,NGA,2004,0.96414185,2.7381628,2.304299,1.3208743,1.4944198
Nigeria,NGA,2005,0.972173,2.7143838,2.1176045,1.337941,1.5111997
Nigeria,NGA,2006,0.67294264,2.720611,1.7400374,1.3554988,1.5573816
Nigeria,NGA,2007,0.7874698,2.708128,2.1415339,1.3636672,1.6037495
Nigeria,NGA,2008,0.86352473,2.6865215,2.0820544,1.3816397,1.6502918
Nigeria,NGA,2009,0.8917298,2.6751893,2.0423489,1.3999199,1.888933
Nigeria,NGA,2010,0.93,2.75,1.85,1.41,1.45
Nigeria,NGA,2011,0.9499999,2.29,2.05,1.4199998,1.14
Nigeria,NGA,2012,0.94,2.06,1.64,1.42,1.15
Nigeria,NGA,2013,0.93,2.13,2.09,1.42,1.18
Nigeria,NGA,2014,0.96,2.57,2.12,1.49,1.36
Nigeria,NGA,2015,0.9599999,2.06,2.12,1.4899999,1.1
Nigeria,NGA,2016,0.94,2.06,1.79,1.44,1.23
Nigeria,NGA,2017,0.93,2.07,1.51,1.48,1.37
Nigeria,NGA,2018,0.93,2.08,1.55,1.48,1.36
Nigeria,NGA,2019,0.85,2.02,1.57,1.46,1.2
Nigeria,NGA,2020,0.82,1.92,1.57,1.45,1.13
Nigeria,NGA,2021,0.81000006,1.9400002,1.5100001,1.6600001,1.5700002
Nigeria,NGA,2022,0.79,1.92,1.45,1.66,1.6
Nigeria,NGA,2023,0.78,1.87,1.4,1.64,1.43
North America,OWID_NAM,1961,1.1267775,1.7439952,33.769634,23.106215,13.186679
North America,OWID_NAM,1962,1.0765882,1.7320523,34.041092,23.425768,13.080401
North America,OWID_NAM,1963,1.0943378,1.6466224,35.46553,23.891752,13.322415
North America,OWID_NAM,1964,1.0204649,1.4665874,37.827057,23.681643,13.635036
North America,OWID_NAM,1965,0.9580676,1.3279084,37.785484,21.296066,14.356272
North America,OWID_NAM,1966,1.0056102,1.3466958,38.715965,21.297718,15.178624
North America,OWID_NAM,1967,1.0131184,1.3323991,39.048878,23.08105,15.651143
North America,OWID_NAM,1968,0.9879326,1.2937888,39.79157,23.533451,15.439674
North America,OWID_NAM,1969,0.9840728,1.2197875,39.58855,22.973259,16.04954
North America,OWID_NAM,1970,0.9934912,1.1804597,39.990055,23.58435,16.62541
North America,OWID_NAM,1971,0.9944449,1.1365267,39.476143,25.501293,16.64607
North America,OWID_NAM,1972,0.987238,1.1900507,39.799587,23.837448,17.190145
North America,OWID_NAM,1973,0.99618596,1.0357567,37.380188,22.11018,16.604322
North America,OWID_NAM,1974,1.0308917,0.90246594,39.317944,23.61886,16.609898
North America,OWID_NAM,1975,0.9771524,0.8370011,41.144974,19.981457,16.288511
North America,OWID_NAM,1976,0.95398045,0.76737356,44.029446,21.141987,17.3527
North America,OWID_NAM,1977,0.90209556,0.7102921,42.601105,22.308672,17.635693
North America,OWID_NAM,1978,0.91139144,0.66916835,40.379032,22.411072,18.330187
North America,OWID_NAM,1979,0.92005724,0.6678485,35.79971,25.160133,19.613974
North America,OWID_NAM,1980,0.8952413,0.67024577,35.434616,26.702389,20.080915
North America,OWID_NAM,1981,0.93476313,0.68093127,35.887104,25.660475,20.87775
North America,OWID_NAM,1982,0.9560431,0.70230305,35.755665,23.502695,21.1266
North America,OWID_NAM,1983,0.91321546,0.6932248,36.227978,24.677504,21.591072
North America,OWID_NAM,1984,0.8735952,0.700116,35.820587,24.26506,22.20612
North America,OWID_NAM,1985,0.8722908,0.68768144,36.040943,23.888865,23.060846
North America,OWID_NAM,1986,0.82986975,0.70046437,36.945602,21.885494,24.196243
North America,OWID_NAM,1987,0.8177919,0.6511434,35.629307,21.80442,25.741543
North America,OWID_NAM,1988,0.85993904,0.6751359,35.221493,22.890802,26.560835
North America,OWID_NAM,1989,0.8526829,0.69182235,33.269104,22.304817,27.473618
North America,OWID_NAM,1990,0.8221341,0.7047304,32.518616,21.410614,28.974813
North America,OWID_NAM,1991,0.7639388,0.71833134,32.31285,21.671265,30.258259
North America,OWID_NAM,1992,0.7456433,0.71274805,32.21553,22.799314,31.079361
North America,OWID_NAM,1993,0.74895287,0.70025563,31.211212,22.541025,31.844824
North America,OWID_NAM,1994,0.77069056,0.66408837,32.348217,22.945896,32.56276
North America,OWID_NAM,1995,0.74178904,0.6325976,32.074806,22.531435,32.63898
North America,OWID_NAM,1996,0.70472324,0.5938444,32.33519,21.155235,33.385166
North America,OWID_NAM,1997,0.654169,0.6009122,31.95439,21.007687,34.321007
North America,OWID_NAM,1998,0.76788896,0.65331864,32.531334,22.977192,35.131496
North America,OWID_NAM,1999,0.7467793,0.66886294,32.943752,23.491194,37.045597
North America,OWID_NAM,2000,0.7965063,0.6849808,32.794876,22.801369,37.17593
North America,OWID_NAM,2001,0.8496762,0.7129996,32.27439,22.637878,37.597218
North America,OWID_NAM,2002,0.85508794,0.73013717,32.858307,23.129232,39.00954
North America,OWID_NAM,2003,0.73477995,0.70070934,31.743488,23.006657,39.266125
North America,OWID_NAM,2004,0.71053946,0.73119867,31.773241,23.098463,41.039375
North America,OWID_NAM,2005,0.69870734,0.66625935,31.526264,22.420557,41.923534
North America,OWID_NAM,2006,0.702428,0.68689865,31.75849,22.276953,42.303444
North America,OWID_NAM,2007,0.69966185,0.70822173,31.485365,22.983948,42.25634
North America,OWID_NAM,2008,0.81161493,0.68100643,30.624638,22.76362,41.620926
North America,OWID_NAM,2009,0.814848,0.6322724,29.819128,22.909319,40.002197
North America,OWID_NAM,2010,0.74823505,0.57495666,29.202871,22.396872,41.565422
North America,OWID_NAM,2011,0.73920345,0.5477634,27.945969,21.673779,41.93196
North America,OWID_NAM,2012,0.7421018,0.5584376,27.828098,21.839785,40.90091
North America,OWID_NAM,2013,0.75168335,0.5678129,27.347374,22.032837,41.184944
North America,OWID_NAM,2014,0.7397451,0.5947285,27.731186,20.816227,41.49504
North America,OWID_NAM,2015,0.74977845,0.59466743,26.199646,21.464493,43.770176
North America,OWID_NAM,2016,0.7784953,0.59085286,26.50174,21.583475,44.5719
North America,OWID_NAM,2017,0.72092676,0.6082353,26.956196,21.723124,44.925854
North America,OWID_NAM,2018,0.7657725,0.62268347,27.02977,23.737007,45.872154
North America,OWID_NAM,2019,0.75342786,0.6558736,27.212563,24.194965,47.376015
North America,OWID_NAM,2020,0.6720638,0.6315181,27.759933,24.046148,47.732204
North America,OWID_NAM,2021,0.7414262,0.6918206,27.80299,24.052654,45.22804
North America,OWID_NAM,2022,0.653069,0.6969293,27.985151,24.499731,46.275177
North America,OWID_NAM,2023,0.65210736,0.6250706,27.941734,24.65229,46.928528
North Korea,PRK,1961,0,0.06810437,1.6831509,4.0862617,1.3718165
North Korea,PRK,1962,0,0.077449955,1.6264491,4.075804,1.345693
North Korea,PRK,1963,0,0.086404465,1.6032828,4.099412,1.3152679
North Korea,PRK,1964,0,0.10481332,1.5817282,4.2687607,1.3911586
North Korea,PRK,1965,0,0.113905534,1.5472169,4.1575522,1.3478822
North Korea,PRK,1966,0,0.11377321,1.5169762,4.418193,1.2894298
North Korea,PRK,1967,0,0.123142056,1.4871773,4.6415086,1.297728
North Korea,PRK,1968,0,0.12315322,1.458892,4.5093026,1.3167921
North Korea,PRK,1969,0,0.13280809,1.4608889,4.7336593,1.2996219
North Korea,PRK,1970,0,0.1424591,1.4435854,5.5938935,1.3201209
North Korea,PRK,1971,0,0.14267495,1.4457729,5.7830915,1.3411446
North Korea,PRK,1972,0,0.15238748,1.4381568,6.2574115,1.3810116
North Korea,PRK,1973,0,0.16222934,1.4314353,6.117,1.4505211
North Korea,PRK,1974,0,0.17230125,1.4645605,6.9016223,1.5219944
North Korea,PRK,1975,0,0.17261744,1.5056077,7.3650103,1.5919163
North Korea,PRK,1976,0,0.18223783,1.525043,7.8266354,1.6305492
North Korea,PRK,1977,0,0.18202978,1.5712044,8.287145,1.6957511
North Korea,PRK,1978,0,0.18162268,1.6059269,8.459794,1.7397542
North Korea,PRK,1979,0,0.19074188,1.6403803,8.8981085,1.7738996
North Korea,PRK,1980,0,0.20004186,1.6860671,9.049513,1.9813669
North Korea,PRK,1981,0,0.20003077,1.7050242,9.458598,1.9812571
North Korea,PRK,1982,0,0.2097201,1.7158917,9.323011,1.9923409
North Korea,PRK,1983,0,0.21959439,1.8140405,9.709891,2.0527303
North Korea,PRK,1984,0,0.21992394,1.8358867,9.571472,2.0940583
North Korea,PRK,1985,0,0.22969566,1.9141306,9.934338,2.1342556
North Korea,PRK,1986,0,0.22973196,1.9622937,10.041201,2.2207422
North Korea,PRK,1987,0,0.2296604,2.0478055,10.152904,2.3061733
North Korea,PRK,1988,0,0.2295568,2.0564463,10.502223,2.3912168
North Korea,PRK,1989,0,0.24863534,1.8552022,10.720009,2.4672277
North Korea,PRK,1990,0,0.25825813,1.6834604,10.78945,2.5060601
North Korea,PRK,1991,0,0.2775678,1.4644095,12.050272,2.584252
North Korea,PRK,1992,0,0.26824805,1.4753643,8.430654,1.9256378
North Korea,PRK,1993,0,0.2589013,1.4766963,7.191703,1.5438188
North Korea,PRK,1994,0,0.35488263,1.4578962,6.100145,1.1509707
North Korea,PRK,1995,0,0.20161356,1.900928,5.136346,1.0464705
North Korea,PRK,1996,0.6250526,0.20194006,1.0000842,4.6446214,1.0673976
North Korea,PRK,1997,0.5581702,0.2405906,0.8661262,3.6954715,0.8853734
North Korea,PRK,1998,0.55843943,0.32736105,0.8858005,4.8237615,0.98208314
North Korea,PRK,1999,1.040675,0.40470695,0.86722916,5.714077,1.1273979
North Korea,PRK,2000,2.267988,0.47289965,0.8492892,5.9932795,1.2932358
North Korea,PRK,2001,3.8218963,0.48378435,0.89983886,6.163412,1.5384343
North Korea,PRK,2002,3.8157675,0.50488526,0.9029679,8.379153,1.728261
North Korea,PRK,2003,3.8059003,0.5061555,0.9052397,6.823366,1.8591481
North Korea,PRK,2004,3.800961,0.50679475,0.8771448,6.870968,1.9199725
North Korea,PRK,2005,3.8067327,0.5270861,0.87847674,7.037575,1.8838445
North Korea,PRK,2006,4.183228,0.5571121,0.87965065,6.1771026,1.8277186
North Korea,PRK,2007,4.5393953,0.57720757,0.88048613,5.341616,1.790322
North Korea,PRK,2008,4.9829946,0.6069659,0.8810795,4.483716,1.7229999
North Korea,PRK,2009,5.3782644,0.62697434,0.8718862,4.4378033,1.714383
North Korea,PRK,2010,5.9900002,0.63000005,0.8800001,4.5600004,1.7000003
North Korea,PRK,2011,5.999998,0.6299998,0.8799997,4.5799985,1.7099996
North Korea,PRK,2012,6.0199986,0.6399998,0.88999975,4.6299987,1.7299995
North Korea,PRK,2013,6.0399985,0.6399998,0.88999975,4.7199984,1.7399995
North Korea,PRK,2014,6.0099993,0.6399999,0.9199999,4.5599995,1.8999997
North Korea,PRK,2015,5.9599986,0.6299999,0.91999984,4.669999,1.8699996
North Korea,PRK,2016,6.0600014,0.6200001,0.9200002,4.960001,1.8400004
North Korea,PRK,2017,5.94,0.58,0.82,5.04,1.6600001
North Korea,PRK,2018,5.8999996,0.56999993,0.80999994,4.9899993,1.5399998
North Macedonia,MKD,1992,0.039222322,4.8341513,5.030263,6.4030447,5.65782
North Macedonia,MKD,1993,0.13805695,5.8181143,5.3349147,11.231919,7.9481363
North Macedonia,MKD,1994,0.0494061,5.6421766,5.859563,17.49964,12.124257
North Macedonia,MKD,1995,0.039368916,4.0746827,4.930957,16.918793,10.600081
North Macedonia,MKD,1996,0.058880437,3.8272285,7.2717338,15.632756,10.735866
North Macedonia,MKD,1997,0.039333306,2.8418317,7.1979957,11.278827,8.033829
North Macedonia,MKD,1998,0.009879391,2.3414156,7.30087,12.833328,9.326144
North Macedonia,MKD,1999,0.02979364,2.135211,13.278033,5.4919615,12.741747
North Macedonia,MKD,2000,0.039897844,1.1969354,9.555533,8.039416,12.029201
North Macedonia,MKD,2001,0.05996225,1.2592072,9.623941,6.765741,12.082394
North Macedonia,MKD,2002,0.13996747,0.84980255,10.897467,11.437342,13.16694
North Macedonia,MKD,2003,0,1.4897015,11.357724,10.407914,13.607273
North Macedonia,MKD,2004,0.01999443,1.9194653,11.496798,9.867251,15.815595
North Macedonia,MKD,2005,0.030002741,1.980181,11.081013,10.020916,13.821262
North Macedonia,MKD,2006,0.080182575,2.074724,11.466107,10.5841,12.889348
North Macedonia,MKD,2007,0.443176,1.7424874,13.234847,15.027695,19.117
North Macedonia,MKD,2008,0.11149598,1.2163198,9.578518,11.048238,15.822292
North Macedonia,MKD,2009,0.1325487,1.11137,9.92076,11.959971,17.282312
North Macedonia,MKD,2010,0.15,1.02,9.17,9.26,17.59
North Macedonia,MKD,2011,0.12000029,1.610004,8.520021,8.510021,17.100042
North Macedonia,MKD,2012,0.15000015,1.4900016,7.850008,10.010011,19.04002
North Macedonia,MKD,2013,0.27,0.99,8.33,10.01,19.23
North Macedonia,MKD,2014,0.17999892,1.1599929,8.38995,10.449937,18.679888
North Macedonia,MKD,2015,0.14000028,0.82000166,8.460017,10.890022,19.76004
North Macedonia,MKD,2016,0.039999835,0.6099975,8.179967,12.129951,19.119923
North Macedonia,MKD,2017,0.12000018,0.59000087,8.290012,12.27002,21.340033
North Macedonia,MKD,2018,0.34,0.73,8.88,12.19,21.52
North Macedonia,MKD,2019,0.3699994,0.7699988,9.729984,13.679978,22.119967
North Macedonia,MKD,2020,0.28999984,0.68999964,8.329995,13.599994,22.389988
North Macedonia,MKD,2021,0.5100003,0.21000011,9.870006,17.54001,20.990011
North Macedonia,MKD,2022,0.41999862,0.90999705,9.8299675,16.469946,20.489933
North Macedonia,MKD,2023,0.51,1.1,9.95,17.28,22.63
Northern Africa (FAO),,1961,1.34,3.45,5.87,0.29,1.92
Northern Africa (FAO),,1962,1.32,3.15,5.67,0.14,1.85
Northern Africa (FAO),,1963,1.33,2.92,5.51,0.06,1.83
Northern Africa (FAO),,1964,1.32,3,5.41,0.05,1.86
Northern Africa (FAO),,1965,1.32,3.13,5.52,0.05,1.88
Northern Africa (FAO),,1966,1.41,3.22,5.76,0.04,1.83
Northern Africa (FAO),,1967,1.41,3.13,5.66,0.03,1.84
Northern Africa (FAO),,1968,1.32,3.15,6.16,0.03,1.84
Northern Africa (FAO),,1969,1.3,3.17,6,0.04,1.85
Northern Africa (FAO),,1970,1.26,3.1,5.81,0.04,1.91
Northern Africa (FAO),,1971,1.23,3.16,5.9,0.04,1.95
Northern Africa (FAO),,1972,1.24,3.13,5.95,0.04,2.07
Northern Africa (FAO),,1973,1.21,3.19,5.9,0.04,2
Northern Africa (FAO),,1974,1.16,3.12,5.9,0.03,2.03
Northern Africa (FAO),,1975,1.15,3.1,6.07,0.03,2.13
Northern Africa (FAO),,1976,1.15,3.01,6.31,0.03,2.19
Northern Africa (FAO),,1977,1.11,3.09,6.49,0.03,2.41
Northern Africa (FAO),,1978,1.07,3.05,6.48,0.03,2.49
Northern Africa (FAO),,1979,1.05,3.09,6.38,0.03,2.64
Northern Africa (FAO),,1980,1.09,3.18,6.79,0.03,3.08
Northern Africa (FAO),,1981,1.09,3.21,7.32,0.03,3.51
Northern Africa (FAO),,1982,1.25,2.9,7.36,0.03,3.56
Northern Africa (FAO),,1983,1.25,2.98,7.58,0.03,3.92
Northern Africa (FAO),,1984,1.35,3.08,7.13,0.03,4.76
Northern Africa (FAO),,1985,1.42,3.12,6.99,0.03,4.73
Northern Africa (FAO),,1986,1.35,2.97,7.07,0.03,4.8
Northern Africa (FAO),,1987,1.34,3.2,6.81,0.03,5.23
Northern Africa (FAO),,1988,1.42,3.52,6.66,0.03,4.8
Northern Africa (FAO),,1989,1.47,3.59,6.73,0.04,4.76
Northern Africa (FAO),,1990,1.45,3.55,6.83,0.02,4.82
Northern Africa (FAO),,1991,1.48,3.57,6.96,0.02,4.95
Northern Africa (FAO),,1992,1.53,3.86,6.82,0.03,5.1
Northern Africa (FAO),,1993,1.52,4.01,6.75,0.03,5.07
Northern Africa (FAO),,1994,1.59,4.19,7.16,0.02,5.33
Northern Africa (FAO),,1995,1.64,4.4,7.23,0.02,5.63
Northern Africa (FAO),,1996,1.63,4.27,6.81,0.02,5.99
Northern Africa (FAO),,1997,1.7,4.57,7.28,0.02,6.7
Northern Africa (FAO),,1998,1.71,4.82,7.52,0.05,6.78
Northern Africa (FAO),,1999,1.81,4.93,7.7,0.02,7.15
Northern Africa (FAO),,2000,1.85,4.97,8.09,0.02,7.27
Northern Africa (FAO),,2001,1.88,4.99,6.72,0.01,7.36
Northern Africa (FAO),,2002,1.83,4.91,7.32,0.01,7.47
Northern Africa (FAO),,2003,1.78,4.76,7.57,0.01,7.71
Northern Africa (FAO),,2004,1.78,4.75,8.17,0.01,7.79
Northern Africa (FAO),,2005,1.67,5.21,8.63,0.01,7.89
Northern Africa (FAO),,2006,1.93,5.16,9.25,0.02,8.06
Northern Africa (FAO),,2007,1.87,5.24,9.51,0.03,8.71
Northern Africa (FAO),,2008,1.85,5.34,8.64,0.02,8.63
Northern Africa (FAO),,2009,1.8,5.24,9.06,0.01,9.19
Northern Africa (FAO),,2010,0.96,3.7,8.61,0.01,12.15
Northern Africa (FAO),,2011,0.99,3.71,8.44,0.01,11.95
Northern Africa (FAO),,2012,1.48,4.5,8.78,0.01,10.64
Northern Africa (FAO),,2013,1.48,4.53,8.81,0.01,11.26
Northern Africa (FAO),,2014,1.61,4.79,8.88,0.01,11.71
Northern Africa (FAO),,2015,1.64,4.59,9.68,0.01,11.53
Northern Africa (FAO),,2016,1.62,4.53,8.82,0.01,11.37
Northern Africa (FAO),,2017,1.55,4.31,8.17,0.01,12.42
Northern Africa (FAO),,2018,1.51,4.16,8.7,0.01,13.14
Northern Africa (FAO),,2019,1.4,4.06,7.56,0.01,13.02
Northern Africa (FAO),,2020,1.36,4.07,6.78,0.01,13.82
Northern Africa (FAO),,2021,1.4,4.14,6.38,0.01,15.46
Northern Africa (FAO),,2022,1.4,4.1,6.23,0.01,13.97
Northern Africa (FAO),,2023,1.39,4.08,6.17,0.01,14.56
Northern America (FAO),,1961,1.12,2.07,40.82,27.56,16.21
Northern America (FAO),,1962,1.01,2.06,41.14,28.17,16.09
Northern America (FAO),,1963,1,1.96,43.18,28.98,16.46
Northern America (FAO),,1964,1,1.74,46.4,28.9,16.93
Northern America (FAO),,1965,1.02,1.55,46.65,25.9,17.93
Northern America (FAO),,1966,1.04,1.61,48.3,26.07,19.09
Northern America (FAO),,1967,1.03,1.59,48.98,28.63,19.8
Northern America (FAO),,1968,1.02,1.55,50.06,29.43,19.59
Northern America (FAO),,1969,1.04,1.44,50.17,28.81,20.5
Northern America (FAO),,1970,1.04,1.4,51.24,29.77,21.34
Northern America (FAO),,1971,1.03,1.33,51.03,32.57,21.45
Northern America (FAO),,1972,1.02,1.38,51.94,30.18,22.31
Northern America (FAO),,1973,1.02,1.19,48.99,27.66,21.47
Northern America (FAO),,1974,1.01,1.01,52,29.68,21.48
Northern America (FAO),,1975,0.99,0.92,54.43,24.33,20.89
Northern America (FAO),,1976,0.97,0.83,58.21,25.72,22.5
Northern America (FAO),,1977,0.93,0.75,56.2,26.99,22.85
Northern America (FAO),,1978,0.95,0.7,53.37,27.12,23.74
Northern America (FAO),,1979,0.95,0.7,47.39,30.92,25.53
Northern America (FAO),,1980,0.89,0.7,46.65,33.1,25.96
Northern America (FAO),,1981,0.9,0.71,47.21,31.59,27.02
Northern America (FAO),,1982,0.88,0.74,47.14,28.39,27.49
Northern America (FAO),,1983,0.85,0.75,47.7,29.82,28.11
Northern America (FAO),,1984,0.79,0.77,47.37,29.5,28.92
Northern America (FAO),,1985,0.78,0.72,47.82,29.66,30.01
Northern America (FAO),,1986,0.77,0.73,48.29,28.05,31.34
Northern America (FAO),,1987,0.75,0.67,46.39,28.19,33.7
Northern America (FAO),,1988,0.73,0.7,45.89,29.96,34.91
Northern America (FAO),,1989,0.69,0.7,43.47,29.6,36.45
Northern America (FAO),,1990,0.66,0.72,42.66,28.32,38.29
Northern America (FAO),,1991,0.68,0.71,42.32,28.55,39.73
Northern America (FAO),,1992,0.67,0.69,42.23,30.29,41.08
Northern America (FAO),,1993,0.66,0.67,41.06,29.91,41.7
Northern America (FAO),,1994,0.69,0.61,42.38,30.31,42.63
Northern America (FAO),,1995,0.7,0.6,42.22,29.95,42.25
Northern America (FAO),,1996,0.65,0.57,42.78,27.98,43.32
Northern America (FAO),,1997,0.58,0.55,41.92,27.72,43.75
Northern America (FAO),,1998,0.62,0.6,42.41,30.44,44.14
Northern America (FAO),,1999,0.68,0.59,42.94,30.93,46.54
Northern America (FAO),,2000,0.65,0.58,42.58,29.62,46.26
Northern America (FAO),,2001,0.63,0.6,41.82,29.32,46.51
Northern America (FAO),,2002,0.71,0.62,42.68,29.99,48.08
Northern America (FAO),,2003,0.7,0.59,41.36,29.84,48.34
Northern America (FAO),,2004,0.69,0.58,41.71,29.85,50.38
Northern America (FAO),,2005,0.7,0.54,41.29,28.79,51.06
Northern America (FAO),,2006,0.72,0.58,41.4,28.5,51.38
Northern America (FAO),,2007,0.74,0.59,41,29.34,51.18
Northern America (FAO),,2008,0.76,0.55,39.67,28.81,50.24
Northern America (FAO),,2009,0.74,0.52,38.74,28.75,47.55
Northern America (FAO),,2010,0.73,0.49,37.84,27.73,49.67
Northern America (FAO),,2011,0.73,0.46,36.11,26.64,50.08
Northern America (FAO),,2012,0.73,0.47,36.27,26.95,48.29
Northern America (FAO),,2013,0.74,0.49,35.53,27.14,48.66
Northern America (FAO),,2014,0.73,0.51,36.32,25.49,49.12
Northern America (FAO),,2015,0.73,0.52,34.03,26.08,52.22
Northern America (FAO),,2016,0.72,0.52,34.57,26,52.93
Northern America (FAO),,2017,0.72,0.55,35.35,26.01,53.04
Northern America (FAO),,2018,0.72,0.58,35.44,28.78,54.03
Northern America (FAO),,2019,0.77,0.64,35.68,29.49,55.23
Northern America (FAO),,2020,0.77,0.64,36.14,28.99,55.57
Northern America (FAO),,2021,0.88,0.74,36.17,28.72,51.02
Northern America (FAO),,2022,0.76,0.74,36.48,28.81,52.42
Northern America (FAO),,2023,0.77,0.61,35.87,28.8,53.21
Northern Europe (FAO),,1961,1.51,8.88,22.6,24.62,5.39
Northern Europe (FAO),,1962,1.22,8.74,22.99,25.41,5.52
Northern Europe (FAO),,1963,1.01,8.44,23.53,25,5.4
Northern Europe (FAO),,1964,1.36,8.45,21.84,25.82,5.94
Northern Europe (FAO),,1965,1.37,8.26,20.46,27.32,6.16
Northern Europe (FAO),,1966,1.18,8.36,22.17,26.38,6.6
Northern Europe (FAO),,1967,1.1,8.46,22.24,25.76,7.09
Northern Europe (FAO),,1968,1.14,8.27,21.73,26.29,7.94
Northern Europe (FAO),,1969,0.95,7.77,22.46,26.51,8.15
Northern Europe (FAO),,1970,0.95,7.62,22.37,26.96,8.53
Northern Europe (FAO),,1971,0.87,7.89,22.09,28.25,8.71
Northern Europe (FAO),,1972,0.76,7.39,21.55,28.27,9.76
Northern Europe (FAO),,1973,0.65,6.61,20.54,27.47,9.94
Northern Europe (FAO),,1974,0.61,6.17,23.05,27.16,9.68
Northern Europe (FAO),,1975,0.58,6.63,23.63,25.65,9.34
Northern Europe (FAO),,1976,0.56,6.05,22.43,26.21,10.17
Northern Europe (FAO),,1977,0.58,5.65,21.9,27.24,10.23
Northern Europe (FAO),,1978,0.64,5.6,22.8,28.06,10.59
Northern Europe (FAO),,1979,0.67,5.71,22.78,29.23,11.17
Northern Europe (FAO),,1980,0.67,6.03,21.86,29.27,11.29
Northern Europe (FAO),,1981,0.73,5.59,21.5,28.67,11.31
Northern Europe (FAO),,1982,0.76,5.94,20.23,28.2,12.11
Northern Europe (FAO),,1983,0.66,5.77,20.03,28.63,12.18
Northern Europe (FAO),,1984,0.81,5.65,21.35,27.8,12.46
Northern Europe (FAO),,1985,0.9,5.73,20.96,28.24,13.43
Northern Europe (FAO),,1986,0.79,5.47,21.18,28.72,14.64
Northern Europe (FAO),,1987,0.82,5.43,21.82,29.44,15
Northern Europe (FAO),,1988,0.75,5.5,20.98,29.61,15.62
Northern Europe (FAO),,1989,0.74,5.46,20.93,29.02,14.84
Northern Europe (FAO),,1990,0.65,5.9,20.25,28.7,15.81
Northern Europe (FAO),,1991,0.73,5.72,20.49,28.68,16.38
Northern Europe (FAO),,1992,0.67,5.28,21.15,28.14,18.26
Northern Europe (FAO),,1993,0.65,5.26,19.01,27.23,18.28
Northern Europe (FAO),,1994,0.6,4.98,18.21,28.17,19.62
Northern Europe (FAO),,1995,0.57,5.17,17.88,28.16,19.91
Northern Europe (FAO),,1996,0.58,5.12,16.46,28.51,20.78
Northern Europe (FAO),,1997,0.53,4.84,17.5,27.75,20.78
Northern Europe (FAO),,1998,0.58,5.04,17.57,29.03,22.48
Northern Europe (FAO),,1999,0.56,5.13,17.72,26.6,22.83
Northern Europe (FAO),,2000,0.67,5.14,17.76,26.17,23.19
Northern Europe (FAO),,2001,1.11,4.13,18.05,26.91,23.98
Northern Europe (FAO),,2002,1.17,4.46,19.63,27.02,24.44
Northern Europe (FAO),,2003,0.85,4.29,20.9,28.25,24.86
Northern Europe (FAO),,2004,0.73,4.45,21.72,28.2,25.83
Northern Europe (FAO),,2005,0.81,4.45,20.83,29.23,26.32
Northern Europe (FAO),,2006,0.88,4.5,21.31,29.49,26.2
Northern Europe (FAO),,2007,1.07,4.65,21.31,30.53,25.38
Northern Europe (FAO),,2008,0.9,4.44,20.55,28.86,25.39
Northern Europe (FAO),,2009,1.05,4.15,19.46,28.26,25.38
Northern Europe (FAO),,2010,1.19,3.7,19.51,28,25.51
Northern Europe (FAO),,2011,1.58,3.6,19.15,28.14,25.72
Northern Europe (FAO),,2012,1.59,3.34,19.05,28.09,26.35
Northern Europe (FAO),,2013,1.5,3.55,18.77,27.62,26.49
Northern Europe (FAO),,2014,1.44,3.53,18.35,27.88,26.22
Northern Europe (FAO),,2015,1.49,3.77,18.8,29.06,27.51
Northern Europe (FAO),,2016,1.51,3.62,18.78,29.09,29.12
Northern Europe (FAO),,2017,1.21,3.46,18.59,28.64,28.83
Northern Europe (FAO),,2018,1,3.4,18.57,29.26,29.69
Northern Europe (FAO),,2019,0.99,3.27,17.66,28.46,29.63
Northern Europe (FAO),,2020,0.93,3.18,19.57,28.1,29.28
Northern Europe (FAO),,2021,1.12,3.25,18.31,28.93,29.29
Northern Europe (FAO),,2022,1.03,3.22,17.66,29.07,30.6
Northern Europe (FAO),,2023,1.11,3.03,17.46,28.28,32.76
Norway,NOR,1961,2.7410164,4.281588,15.42572,15.015568,0.69025594
Norway,NOR,1962,3.0501332,4.4501944,13.880607,15.220665,0.7400323
Norway,NOR,1963,3.2104404,4.30059,13.581863,14.842036,0.69009465
Norway,NOR,1964,3.0305586,4.3808074,14.342644,15.562869,0.72013277
Norway,NOR,1965,2.9006443,4.621026,14.473214,15.603465,0.9001999
Norway,NOR,1966,3.000969,4.86157,14.874803,16.155216,0.94030356
Norway,NOR,1967,2.7106366,5.031182,14.023294,16.623905,1.0802537
Norway,NOR,1968,3.0291352,4.8786073,14.985722,17.085123,1.2896318
Norway,NOR,1969,1.8793628,4.83836,14.505082,17.154184,1.439512
Norway,NOR,1970,1.9503266,4.7207904,13.282224,17.882994,1.660278
Norway,NOR,1971,1.9110992,4.462567,14.84854,18.34055,1.9010934
Norway,NOR,1972,2.4100535,4.610102,15.4203415,18.970419,1.9500432
Norway,NOR,1973,2.1196804,4.5193186,16.457518,19.087122,2.1396775
Norway,NOR,1974,2.04934,5.018384,16.874565,21.14319,2.419221
Norway,NOR,1975,1.8793582,5.2482076,18.313745,20.483006,2.179256
Norway,NOR,1976,2.2493188,5.058468,18.344444,21.883371,2.0493793
Norway,NOR,1977,2.029368,5.278356,19.473934,21.113424,2.5891933
Norway,NOR,1978,1.9886918,5.4364243,19.607103,20.256676,2.7581856
Norway,NOR,1979,1.6190059,5.6565266,19.807838,20.71728,2.8182695
Norway,NOR,1980,1.8288342,5.4465275,19.987257,21.726149,3.0780375
Norway,NOR,1981,2.1075938,5.6835117,18.978334,19.957216,3.0265448
Norway,NOR,1982,2.2263463,6.050071,18.180162,17.311588,2.5058873
Norway,NOR,1983,2.0358827,5.768335,16.905811,19.490583,2.684571
Norway,NOR,1984,2.1668708,6.061247,17.015429,19.441923,2.7460344
Norway,NOR,1985,2.2476163,6.143485,18.300592,19.67913,3.076737
Norway,NOR,1986,2.4281037,6.3750215,19.165033,20.763784,3.5772061
Norway,NOR,1987,2.3766928,6.2513013,18.943638,21.550013,3.9245389
Norway,NOR,1988,2.4245334,5.956569,18.528223,19.286514,4.3801236
Norway,NOR,1989,1.7571211,5.391167,18.429804,18.98889,4.7621975
Norway,NOR,1990,1.6594363,5.4981327,18.123844,19.763288,4.728394
Norway,NOR,1991,1.8101622,5.7405143,18.581665,20.29182,4.820432
Norway,NOR,1992,1.7298971,5.8396525,18.80888,20.66877,5.3896794
Norway,NOR,1993,1.7692348,5.8974495,19.141722,21.520693,5.357683
Norway,NOR,1994,1.4591695,6.2564387,20.338423,22.187372,6.036564
Norway,NOR,1995,1.5403564,6.3014584,19.8746,23.205372,6.8115764
Norway,NOR,1996,2.3425972,6.3270154,20.632877,24.447105,7.438247
Norway,NOR,1997,1.4626555,5.7003493,20.497213,23.06187,7.603805
Norway,NOR,1998,1.5530403,5.3504744,20.981073,24.137253,7.5648093
Norway,NOR,1999,1.4013213,5.194898,20.369207,22.07081,8.748248
Norway,NOR,2000,1.4003541,5.481386,20.925291,22.955807,10.072547
Norway,NOR,2001,1.7505234,5.5716662,20.346085,24.047192,9.862948
Norway,NOR,2002,2.429456,5.62874,20.305452,22.904871,10.697604
Norway,NOR,2003,1.5384258,5.4644084,20.908606,23.505949,10.739012
Norway,NOR,2004,1.5087705,5.785285,20.942932,24.290205,11.860334
Norway,NOR,2005,1.5302912,5.7210884,21.294054,25.084774,12.432366
Norway,NOR,2006,1.4827034,5.560138,20.116678,24.454588,13.504622
Norway,NOR,2007,1.4035625,5.61425,20.532114,23.118681,14.927891
Norway,NOR,2008,1.3928869,6.0826073,20.943407,23.077833,17.656597
Norway,NOR,2009,1.2919703,5.278049,19.55983,22.955008,17.005934
Norway,NOR,2010,2.77,5.14,18.72,24.96,20.05
Norway,NOR,2011,2.5900006,5.1300015,19.070004,25.380005,20.030006
Norway,NOR,2012,2.4200034,5.160007,19.550026,23.310032,20.20003
Norway,NOR,2013,2.2899973,5.1599936,19.679977,22.819973,20.209976
Norway,NOR,2014,1.1400006,5.190003,16.87001,22.840014,20.450012
Norway,NOR,2015,1.1399984,5.209993,18.799974,23.519968,20.439974
Norway,NOR,2016,1.1800013,5.220006,18.81002,23.480026,20.410023
Norway,NOR,2017,1.0399985,5.249993,18.239975,22.889969,20.759972
Norway,NOR,2018,1.6199996,5.269999,17.899996,25.829994,20.669996
Norway,NOR,2019,1.669999,4.5799975,17.32999,24.809986,20.219988
Norway,NOR,2020,1.4299986,4.629996,17.949984,25.719976,20.07998
Norway,NOR,2021,1.7400025,4.7200065,19.180029,27.60004,21.720032
Norway,NOR,2022,1.7100012,4.5100036,18.620014,25.690018,21.360016
Norway,NOR,2023,1.4800009,4.3000026,18.43001,24.870014,21.330011
Oceania,OWID_OCE,1961,1.9782847,42.318604,40.11649,10.869954,4.1750703
Oceania,OWID_OCE,1962,1.750789,41.453754,48.114002,11.578801,4.1777854
Oceania,OWID_OCE,1963,2.1820545,39.73569,48.88295,11.144589,4.106228
Oceania,OWID_OCE,1964,1.974681,38.30737,50.961353,10.998464,4.6506667
Oceania,OWID_OCE,1965,1.8070761,36.415924,47.571465,11.2720375,5.5154843
Oceania,OWID_OCE,1966,1.8372446,35.30831,46.854633,11.428573,5.2946467
Oceania,OWID_OCE,1967,1.5713739,35.279186,43.138824,11.549529,6.4632244
Oceania,OWID_OCE,1968,1.4418997,35.76758,45.128033,11.891982,7.2692227
Oceania,OWID_OCE,1969,1.641929,37.493755,47.813305,12.399903,7.6279225
Oceania,OWID_OCE,1970,1.3750116,35.455666,42.908554,12.834467,8.521147
Oceania,OWID_OCE,1971,1.0552019,38.219437,43.277554,13.37154,10.067946
Oceania,OWID_OCE,1972,0.968642,40.23793,44.351486,13.4754305,10.545157
Oceania,OWID_OCE,1973,1.4004751,32.813206,45.852993,14.530544,10.320572
Oceania,OWID_OCE,1974,1.6434468,24.526134,39.33656,13.637184,12.398116
Oceania,OWID_OCE,1975,1.7362783,26.5276,67.06496,11.829621,11.847556
Oceania,OWID_OCE,1976,1.7313746,23.620756,75.933304,11.249423,12.562741
Oceania,OWID_OCE,1977,1.5797238,18.97903,69.91698,12.115712,13.249341
Oceania,OWID_OCE,1978,1.6783366,18.872229,74.30919,12.7292,14.976653
Oceania,OWID_OCE,1979,1.6649525,19.324026,56.029434,12.385245,16.039974
Oceania,OWID_OCE,1980,2.3307314,20.62298,50.111538,13.459841,17.903494
Oceania,OWID_OCE,1981,2.0084443,20.561186,48.030407,13.848518,17.473446
Oceania,OWID_OCE,1982,2.4664304,19.409506,52.2136,13.936553,16.457224
Oceania,OWID_OCE,1983,2.1703186,20.299019,43.666615,14.212366,17.580818
Oceania,OWID_OCE,1984,1.942239,21.479353,44.72025,15.010718,17.036932
Oceania,OWID_OCE,1985,2.356427,22.615187,44.99942,15.296757,19.42694
Oceania,OWID_OCE,1986,2.7406814,24.196978,44.673573,15.658735,19.649134
Oceania,OWID_OCE,1987,3.098163,23.572153,42.8008,15.795421,20.549242
Oceania,OWID_OCE,1988,2.9122396,21.941706,42.0531,16.157055,20.796442
Oceania,OWID_OCE,1989,2.8291402,21.595331,40.077496,16.45332,21.171383
Oceania,OWID_OCE,1990,3.05804,22.604065,42.571213,16.58293,21.722437
Oceania,OWID_OCE,1991,3.4800808,21.896246,40.365574,16.400854,21.657846
Oceania,OWID_OCE,1992,3.5520172,21.21615,38.06714,17.391932,23.072836
Oceania,OWID_OCE,1993,3.3192377,21.184568,38.865307,16.904387,23.91589
Oceania,OWID_OCE,1994,3.665207,20.756268,36.175606,17.44498,24.551409
Oceania,OWID_OCE,1995,3.5926666,19.991,39.22421,17.855055,24.799128
Oceania,OWID_OCE,1996,3.3218112,17.900234,38.716503,17.278715,25.177517
Oceania,OWID_OCE,1997,2.409064,17.683685,34.930878,17.571821,28.29658
Oceania,OWID_OCE,1998,2.5821028,17.802586,35.026188,18.095367,29.935396
Oceania,OWID_OCE,1999,2.5804787,17.0622,38.36863,17.938679,28.648705
Oceania,OWID_OCE,2000,2.627709,18.127314,34.101105,17.92063,30.15947
Oceania,OWID_OCE,2001,2.9724762,15.809411,37.35748,17.00524,30.262043
Oceania,OWID_OCE,2002,3.4890237,15.256212,34.65059,18.811018,32.318394
Oceania,OWID_OCE,2003,3.1538413,14.4425,39.660587,19.672401,33.516376
Oceania,OWID_OCE,2004,3.1288702,13.949571,33.27992,19.377352,33.441444
Oceania,OWID_OCE,2005,3.2390547,13.949845,36.066135,20.81982,35.742306
Oceania,OWID_OCE,2006,3.4267015,14.542091,32.169815,20.68766,35.88856
Oceania,OWID_OCE,2007,2.8669977,14.989546,39.229866,21.751602,37.10174
Oceania,OWID_OCE,2008,2.6723487,13.517751,35.36206,21.343933,35.610657
Oceania,OWID_OCE,2009,2.5387497,12.401418,34.82711,20.747551,35.811447
Oceania,OWID_OCE,2010,11.399366,9.671963,26.909742,18.816422,32.766716
Oceania,OWID_OCE,2011,12.05271,8.601578,28.904076,19.317856,33.41273
Oceania,OWID_OCE,2012,11.711758,9.554726,25.642921,20.216234,33.89326
Oceania,OWID_OCE,2013,11.785294,8.860259,25.184864,19.877422,33.65011
Oceania,OWID_OCE,2014,11.151093,9.262654,24.188498,20.200327,34.190083
Oceania,OWID_OCE,2015,11.184401,9.593433,22.544615,21.272358,34.166958
Oceania,OWID_OCE,2016,10.961164,10.168425,24.074085,21.01682,35.31038
Oceania,OWID_OCE,2017,10.854447,7.969618,20.040745,20.863464,35.73431
Oceania,OWID_OCE,2018,10.830704,8.488721,19.849236,21.098833,34.37654
Oceania,OWID_OCE,2019,10.5660515,7.5034842,18.045406,22.558313,35.22889
Oceania,OWID_OCE,2020,10.410105,7.8344507,24.455994,19.596025,34.243797
Oceania,OWID_OCE,2021,10.563588,6.7653346,17.594904,21.00581,34.37185
Oceania,OWID_OCE,2022,10.698043,8.046413,18.590229,21.21841,35.486507
Oceania,OWID_OCE,2023,10.670967,8.364254,18.564447,19.97951,37.564354
Oceania (FAO),,1961,1.99,42.52,40.31,10.93,4.2
Oceania (FAO),,1962,1.76,41.68,48.37,11.64,4.2
Oceania (FAO),,1963,2.2,39.95,49.15,11.2,4.13
Oceania (FAO),,1964,1.99,38.49,51.21,11.05,4.67
Oceania (FAO),,1965,1.81,36.53,47.73,11.31,5.54
Oceania (FAO),,1966,1.84,35.31,46.86,11.43,5.29
Oceania (FAO),,1967,1.56,35.06,42.87,11.48,6.43
Oceania (FAO),,1968,1.42,35.3,44.54,11.73,7.18
Oceania (FAO),,1969,1.61,36.83,46.96,12.18,7.5
Oceania (FAO),,1970,1.35,34.92,42.26,12.64,8.4
Oceania (FAO),,1971,1.05,37.97,42.99,13.29,10
Oceania (FAO),,1972,0.96,40.17,44.28,13.45,10.53
Oceania (FAO),,1973,1.4,32.8,45.84,14.52,10.31
Oceania (FAO),,1974,1.65,24.56,39.4,13.66,12.42
Oceania (FAO),,1975,1.74,26.6,67.23,11.86,11.88
Oceania (FAO),,1976,1.73,23.68,76.11,11.28,12.59
Oceania (FAO),,1977,1.59,19.03,70.09,12.15,13.28
Oceania (FAO),,1978,1.69,18.92,74.51,12.76,15.02
Oceania (FAO),,1979,1.67,19.37,56.16,12.42,16.08
Oceania (FAO),,1980,2.34,20.68,50.25,13.5,17.95
Oceania (FAO),,1981,2.02,20.65,48.25,13.91,17.56
Oceania (FAO),,1982,2.48,19.54,52.56,14.03,16.57
Oceania (FAO),,1983,2.18,20.44,43.97,14.31,17.7
Oceania (FAO),,1984,1.95,21.6,44.99,15.1,17.14
Oceania (FAO),,1985,2.37,22.72,45.2,15.37,19.52
Oceania (FAO),,1986,2.75,24.28,44.82,15.71,19.71
Oceania (FAO),,1987,3.11,23.64,42.92,15.84,20.61
Oceania (FAO),,1988,2.92,22.01,42.18,16.2,20.86
Oceania (FAO),,1989,2.84,21.67,40.22,16.51,21.25
Oceania (FAO),,1990,3.08,22.72,42.79,16.67,21.83
Oceania (FAO),,1991,3.5,22.05,40.65,16.52,21.81
Oceania (FAO),,1992,3.58,21.34,38.3,17.5,23.21
Oceania (FAO),,1993,3.33,21.27,39.02,16.97,24.01
Oceania (FAO),,1994,3.67,20.8,36.26,17.49,24.61
Oceania (FAO),,1995,3.6,20.03,39.3,17.89,24.84
Oceania (FAO),,1996,3.33,17.94,38.8,17.32,25.23
Oceania (FAO),,1997,2.42,17.72,34.99,17.6,28.35
Oceania (FAO),,1998,2.58,17.81,35.04,18.1,29.95
Oceania (FAO),,1999,2.58,17.05,38.35,17.93,28.63
Oceania (FAO),,2000,2.62,18.1,34.05,17.89,30.11
Oceania (FAO),,2001,2.96,15.78,37.3,16.98,30.21
Oceania (FAO),,2002,3.49,15.23,34.6,18.79,32.27
Oceania (FAO),,2003,3.15,14.42,39.62,19.65,33.48
Oceania (FAO),,2004,3.13,13.92,33.21,19.33,33.37
Oceania (FAO),,2005,3.23,13.89,35.92,20.73,35.59
Oceania (FAO),,2006,3.41,14.45,31.97,20.56,35.67
Oceania (FAO),,2007,2.85,14.88,38.96,21.6,36.85
Oceania (FAO),,2008,2.66,13.43,35.13,21.2,35.37
Oceania (FAO),,2009,2.52,12.33,34.61,20.62,35.6
Oceania (FAO),,2010,11.4,9.67,26.91,18.82,32.77
Oceania (FAO),,2011,12.05,8.6,28.9,19.32,33.42
Oceania (FAO),,2012,11.71,9.56,25.64,20.22,33.89
Oceania (FAO),,2013,11.79,8.86,25.18,19.88,33.65
Oceania (FAO),,2014,11.15,9.26,24.18,20.2,34.19
Oceania (FAO),,2015,11.19,9.59,22.54,21.27,34.17
Oceania (FAO),,2016,10.96,10.17,24.07,21.02,35.31
Oceania (FAO),,2017,10.85,7.97,20.04,20.86,35.73
Oceania (FAO),,2018,10.83,8.49,19.85,21.1,34.38
Oceania (FAO),,2019,10.57,7.5,18.05,22.56,35.24
Oceania (FAO),,2020,10.38,7.83,24.45,19.6,34.25
Oceania (FAO),,2021,10.56,6.77,17.6,21,34.38
Oceania (FAO),,2022,10.7,8.05,18.59,21.21,35.49
Oceania (FAO),,2023,10.67,8.36,18.57,19.98,37.57
Oman,OMN,1990,2.2676857,12.590273,4.4738054,0.12313225,15.6583185
Oman,OMN,1991,2.2805588,12.879048,5.701397,0.07126746,16.534052
Oman,OMN,1992,2.231509,12.516737,5.4063377,0.07100256,17.639063
Oman,OMN,1993,2.2849545,12.415593,6.2987905,0.09099377,18.916592
Oman,OMN,1994,2.2185721,11.680428,5.713583,0.060782798,19.166843
Oman,OMN,1995,2.2052732,11.097504,6.951184,0.040650196,20.467373
Oman,OMN,1996,2.2497213,11.581524,7.445266,0.030265307,20.741823
Oman,OMN,1997,2.1971622,11.8209305,7.8441668,0.059651457,19.337015
Oman,OMN,1998,2.236944,11.70244,7.8048825,0,20.923729
Oman,OMN,1999,2.7283645,11.164121,7.539156,0,21.084572
Oman,OMN,2000,2.7578993,12.319258,4.7278275,0.009609406,12.924651
Oman,OMN,2001,2.8784363,12.172782,7.8502817,0.14537558,24.432787
Oman,OMN,2002,2.923089,12.808266,10.240686,0.46413913,30.801064
Oman,OMN,2003,2.8500621,12.734321,8.863492,0.17181227,28.591583
Oman,OMN,2004,2.7664418,13.473596,7.674314,1.1680532,23.68894
Oman,OMN,2005,2.686242,14.661551,8.386818,0.020505665,21.57196
Oman,OMN,2006,2.7025275,13.411038,12.029296,0.020319756,21.57958
Oman,OMN,2007,2.6998162,14.279027,11.969185,0,24.888304
Oman,OMN,2008,2.972714,16.315361,12.295776,0.0098761255,27.672905
Oman,OMN,2009,2.6583726,15.831204,11.555985,0.31741762,30.273706
Oman,OMN,2010,3.11,15.13,13.1,0.01,26.64
Oman,OMN,2011,2.9499981,14.11999,12.539991,0.009999993,25.579983
Oman,OMN,2012,2.4900043,12.510022,13.490023,0.010000017,26.490046
Oman,OMN,2013,3.5199952,12.129984,14.399981,0.009999987,26.039967
Oman,OMN,2014,2.3099976,12.759987,12.799987,0.0099999895,24.439976
Oman,OMN,2015,2.5500011,12.250006,10.410005,0.010000004,23.02001
Oman,OMN,2016,2.52,12.12,8.95,0.01,21.48
Oman,OMN,2017,2.5000017,11.980007,9.480005,0.010000006,22.270014
Oman,OMN,2018,2.510001,12.100005,9.540004,0.15000007,21.76001
Oman,OMN,2019,3.529994,12.07998,9.129985,0.23999959,25.539957
Oman,OMN,2020,3.6899984,11.899994,8.769997,0.04999998,19.96999
Oman,OMN,2021,3.8399923,12.749974,11.099978,0.05999988,22.649954
Oman,OMN,2022,3.4700007,12.580003,9.260002,0.48000008,19.730003
Oman,OMN,2023,3.6500022,11.9500065,5.6900034,1.2400007,15.060009
Pakistan,PAK,1961,0.20889328,2.218248,5.152701,0,0.20889328
Pakistan,PAK,1962,0.20872606,2.2562294,5.158516,0,0.2186654
Pakistan,PAK,1963,0.19862975,2.2941735,5.0849214,0,0.21849272
Pakistan,PAK,1964,0.19844097,2.3316813,5.0503225,0,0.22820711
Pakistan,PAK,1965,0.18831863,2.3787618,4.965665,0,0.22796465
Pakistan,PAK,1966,0.18808624,2.4154234,4.9397388,0,0.22768337
Pakistan,PAK,1967,0.17793716,2.4021518,4.942699,0,0.23724955
Pakistan,PAK,1968,0.17766958,2.388669,4.915525,0,0.23689277
Pakistan,PAK,1969,0.16754006,2.3652716,4.9177933,0,0.23652713
Pakistan,PAK,1970,0.17711985,2.4009578,4.8707952,0,0.23615979
Pakistan,PAK,1971,0.16723236,2.4592996,4.8497386,0,0.23609275
Pakistan,PAK,1972,0.16718946,2.5471807,4.809156,0,0.22619753
Pakistan,PAK,1973,0.15715764,2.6913247,4.8522425,0,0.24555883
Pakistan,PAK,1974,0.16685173,2.8364794,4.779811,0,0.29444423
Pakistan,PAK,1975,0.15699129,2.9828343,4.660679,0,0.32379454
Pakistan,PAK,1976,0.1569813,3.139626,4.591703,0,0.36301926
Pakistan,PAK,1977,0.14716484,3.325925,4.503244,0,0.40225053
Pakistan,PAK,1978,0.14717253,3.483083,4.385741,0,0.45132908
Pakistan,PAK,1979,0.14689538,3.6430054,4.3089314,0,0.5092373
Pakistan,PAK,1980,0.13607514,3.3435605,4.616835,0,0.56373984
Pakistan,PAK,1981,0.13499235,3.3651664,4.5897403,0,0.6267502
Pakistan,PAK,1982,0.13451993,3.4110413,4.5640693,0,0.65338254
Pakistan,PAK,1983,0.13445829,3.4574988,4.5619774,0,0.8259581
Pakistan,PAK,1984,0.12518886,3.5823274,4.6512475,0,0.90521175
Pakistan,PAK,1985,0.12543906,3.714926,4.747386,0,1.0517583
Pakistan,PAK,1986,0.11573795,3.6361008,5.3721704,0,1.2538278
Pakistan,PAK,1987,0.115602374,3.7570775,5.4622126,0,1.2908932
Pakistan,PAK,1988,0.11542874,3.886101,5.54058,0,1.4428593
Pakistan,PAK,1989,0.11522332,4.032816,5.626739,0,1.5651168
Pakistan,PAK,1990,0.11476779,4.1698966,5.7383895,0,1.3867775
Pakistan,PAK,1991,0.11417152,4.3194895,5.794205,0,1.293944
Pakistan,PAK,1992,0.113923736,4.4999876,5.914541,0,1.4050595
Pakistan,PAK,1993,0.10421239,4.6800838,6.0443187,0,2.1221433
Pakistan,PAK,1994,0.10386088,4.8720193,6.175001,0,2.2943814
Pakistan,PAK,1995,0.10354931,5.073916,6.288267,0,2.3251529
Pakistan,PAK,1996,0.10327324,3.1263626,5.173051,0,2.600608
Pakistan,PAK,1997,0.1031045,3.0462694,5.8019714,0,2.746329
Pakistan,PAK,1998,0.10295555,3.032509,5.774871,0,1.9748746
Pakistan,PAK,1999,0.10270488,3.0251257,5.7608104,0,2.091445
Pakistan,PAK,2000,0.10215399,2.990326,5.7113366,0,2.1452336
Pakistan,PAK,2001,0.10142637,3.0059087,5.6890974,0,2.1576154
Pakistan,PAK,2002,0.100882754,3.00814,5.6861186,0,2.2010782
Pakistan,PAK,2003,0.100330174,3.009905,5.673215,0,2.2528684
Pakistan,PAK,2004,0.09963809,2.9982007,5.7065454,0,2.237328
Pakistan,PAK,2005,0.09903956,3.0072012,5.7082806,0,2.214885
Pakistan,PAK,2006,0.1074601,2.193977,7.2625117,0,2.8835127
Pakistan,PAK,2007,0.10662375,2.1680162,7.3214974,0,3.0298917
Pakistan,PAK,2008,0.11457066,2.1680295,7.29727,0,3.1991656
Pakistan,PAK,2009,0.11375971,2.152684,7.3068748,0,3.3777885
Pakistan,PAK,2010,0.12,2.09,7.35,0,3.57
Pakistan,PAK,2011,0.11,2.09,7.43,0,3.7799997
Pakistan,PAK,2012,0.11,2.11,7.48,0,4.04
Pakistan,PAK,2013,0.11,2.13,7.61,0,4.32
Pakistan,PAK,2014,0.11,2.15,7.6900005,0,4.62
Pakistan,PAK,2015,0.10999999,2.17,7.7799997,0,4.96
Pakistan,PAK,2016,0.11000001,2.2000003,8,0,5.3400006
Pakistan,PAK,2017,0.11,3.12,9.1,0,5.73
Pakistan,PAK,2018,0.11,3.14,9.25,0,6.13
Pakistan,PAK,2019,0.13,3.14,9.33,0,6.58
Pakistan,PAK,2020,0.12,3.14,9.47,0,7.04
Pakistan,PAK,2021,0.11999999,3.17,9.63,0,7.5499997
Pakistan,PAK,2022,0.12,3.18,9.14,0,8.13
Pakistan,PAK,2023,0.12,3.18,9.22,0,8.72
Panama,PAN,1961,0,0.01008725,18.540365,4.3476048,3.6515846
Panama,PAN,1962,0,0,19.946793,4.0963063,3.2891524
Panama,PAN,1963,0,0.010088172,19.803082,4.7212644,3.1979506
Panama,PAN,1964,0,0,20.212494,3.6915033,3.3384905
Panama,PAN,1965,0,0.0100776255,21.092472,3.60779,3.6984887
Panama,PAN,1966,0,0,21.09469,4.4447007,3.8097434
Panama,PAN,1967,0,0,21.176973,4.201141,3.475764
Panama,PAN,1968,0,0.01007379,21.165033,4.4526153,3.707155
Panama,PAN,1969,0,0.010075546,21.803482,5.380342,4.372787
Panama,PAN,1970,0,0.010085449,21.653458,5.899987,4.558623
Panama,PAN,1971,0,0.010089462,24.083548,5.569383,5.529025
Panama,PAN,1972,0,0.010095511,24.097984,5.340525,5.189092
Panama,PAN,1973,0,0.010105275,24.06066,5.3760066,4.992006
Panama,PAN,1974,0.38429272,0.010112966,24.898125,5.2688556,5.2991943
Panama,PAN,1975,0.2531181,0.010124723,26.779894,4.880117,4.9206157
Panama,PAN,1976,0.26351997,0.010135384,27.578379,4.935932,6.1319075
Panama,PAN,1977,0.25363016,0.010145206,27.76743,4.9407153,5.529137
Panama,PAN,1978,0.2538422,0.010153688,24.80546,4.975307,6.1937494
Panama,PAN,1979,0.32509658,0,23.965714,5.1812267,6.451135
Panama,PAN,1980,0.32530576,0.02033161,25.12987,5.6928506,9.799836
Panama,PAN,1981,0.23385273,0,26.110165,5.7141404,10.909738
Panama,PAN,1982,0.17279336,0.010164315,27.718088,5.946124,9.86955
Panama,PAN,1983,0.24387144,0.01016131,29.112154,6.4625936,10.557602
Panama,PAN,1984,0.0812356,0,28.066902,5.828655,11.423758
Panama,PAN,1985,0.78122294,0,26.470268,6.5744476,10.91683
Panama,PAN,1986,0.5273147,0,25.990532,7.6460633,11.205439
Panama,PAN,1987,0.7905111,0,24.718674,6.4254365,12.323866
Panama,PAN,1988,0.9828396,0,22.331738,5.4512134,9.473763
Panama,PAN,1989,0.96232206,0,22.619633,5.5206895,9.9575
Panama,PAN,1990,1.0431758,0,24.55008,6.4312296,10.239327
Panama,PAN,1991,1.1640878,0,22.309998,6.6302395,14.475179
Panama,PAN,1992,1.1840043,0,21.706747,7.468335,13.26692
Panama,PAN,1993,1.1635888,0,20.742235,7.5177956,16.472372
Panama,PAN,1994,1.2141396,0,21.338501,7.982967,15.409453
Panama,PAN,1995,0.6880977,0,21.32091,7.133954,21.361385
Panama,PAN,1996,1.2150083,0,21.920774,7.614052,19.025005
Panama,PAN,1997,0.982412,0,23.193024,7.828912,22.190357
Panama,PAN,1998,0.7094534,0,23.584259,9.243164,27.526793
Panama,PAN,1999,0.75057423,0,22.385368,10.710897,24.829805
Panama,PAN,2000,0.6291905,0,21.280846,10.401939,27.146526
Panama,PAN,2001,0.7816533,0,20.119959,8.313949,28.921171
Panama,PAN,2002,0.86321634,0,18.686094,8.256411,28.729872
Panama,PAN,2003,1.0566889,0,17.73002,7.8540435,27.20974
Panama,PAN,2004,1.422324,0.020318914,17.73841,7.589114,26.9632
Panama,PAN,2005,1.1175892,0,17.688389,7.6402464,28.94556
Panama,PAN,2006,1.1887115,0,17.769714,8.717218,29.321552
Panama,PAN,2007,1.2186799,0,17.508368,10.480647,29.420963
Panama,PAN,2008,1.3295916,0.010149555,18.167704,11.712586,29.261168
Panama,PAN,2009,1.3492602,0.010144813,19.53891,11.14915,29.08518
Panama,PAN,2010,0.6199988,0.00999998,20.199963,11.049979,28.749945
Panama,PAN,2011,0.84999794,0.009999976,21.10995,11.589972,29.719927
Panama,PAN,2012,0.7799998,0.019999994,22.019995,12.159997,30.639992
Panama,PAN,2013,0.7699994,0.009999992,20.619986,12.31999,31.279976
Panama,PAN,2014,0.8,0.01,21.01,12.34,32.06
Panama,PAN,2015,0.81999916,0.0099999895,19.65998,12.809988,32.589966
Panama,PAN,2016,0.84000105,0.010000013,18.110023,14.230018,33.150043
Panama,PAN,2017,0.7800011,0.010000015,16.640024,13.91002,33.79005
Panama,PAN,2018,1.06,0.01,16.23,14.19,54.15
Panama,PAN,2019,0.90000045,0.030000014,16.490007,16.66001,56.43003
Panama,PAN,2020,1.0200005,0.0100000035,13.970006,10.520005,52.540024
Panama,PAN,2021,1.0699975,0.0099999765,15.659964,12.499971,49.299885
Panama,PAN,2022,0.5899993,0.009999989,15.959982,13.189984,47.559948
Panama,PAN,2023,0.44000018,0.0100000035,15.480005,12.060005,50.010017
Papua New Guinea,PNG,2010,47.249977,2.149999,1.8599991,10.399994,2.2699988
Papua New Guinea,PNG,2011,48.460007,2.1600003,1.8200003,10.680002,2.4100003
Papua New Guinea,PNG,2012,47.179966,2.2199984,1.5399989,10.429993,2.6699982
Papua New Guinea,PNG,2013,46.99,2.2,1.25,9.98,2.59
Papua New Guinea,PNG,2014,46.490005,1.9400002,1.11,9.850001,3.2200003
Papua New Guinea,PNG,2015,46.630016,2.450001,0.9700004,9.750004,2.630001
Papua New Guinea,PNG,2016,45.650017,2.3200006,0.8400002,9.790003,2.930001
Papua New Guinea,PNG,2017,45.169964,1.5499988,0.86999935,9.869992,3.3299973
Papua New Guinea,PNG,2018,44.70996,1.4499987,0.85999924,9.579991,2.9199975
Papua New Guinea,PNG,2019,43.08998,1.4899993,0.81999964,9.359996,3.8299983
Papua New Guinea,PNG,2020,42.88003,1.350001,0.89000064,9.060007,3.110002
Papua New Guinea,PNG,2021,42.98001,1.4200003,0.84000015,8.950002,2.9600008
Papua New Guinea,PNG,2022,42.71997,2.3799984,0.8999994,8.769995,3.4999976
Papua New Guinea,PNG,2023,42.600006,2.4200006,0.80000013,8.680001,3.9700007
Paraguay,PRY,1961,1.4019085,0.8533356,51.738552,13.389243,2.9866748
Paraguay,PRY,1962,1.2230277,0.8255437,48.248444,13.290235,2.986226
Paraguay,PRY,1963,1.3072768,0.817048,39.442993,14.134931,2.9924383
Paraguay,PRY,1964,1.3607166,0.82870704,42.407295,14.896266,2.987438
Paraguay,PRY,1965,0.5739187,0.7686411,42.98241,15.331828,3.228293
Paraguay,PRY,1966,1.6539248,0.7499162,45.775707,15.902332,3.0613017
Paraguay,PRY,1967,2.5556326,0.74195784,40.632496,16.508562,3.1327107
Paraguay,PRY,1968,3.9602277,0.70312136,42.0632,16.895594,3.039966
Paraguay,PRY,1969,2.8213472,0.69496423,40.235317,17.322243,2.9250731
Paraguay,PRY,1970,1.6961889,0.66598827,42.373505,17.742344,2.9032927
Paraguay,PRY,1971,1.293031,0.63608783,41.304,18.165,3.0448797
Paraguay,PRY,1972,1.4819801,0.6261888,38.030533,18.629118,3.1100712
Paraguay,PRY,1973,2.1909308,0.6259803,29.431505,19.092398,3.9123769
Paraguay,PRY,1974,1.1883584,0.6984212,35.17124,19.64961,3.9403462
Paraguay,PRY,1975,0.6982151,0.7294785,27.501337,20.394133,3.9287627
Paraguay,PRY,1976,0.4691095,0.7401506,31.617983,21.297573,3.94052
Paraguay,PRY,1977,0.19827248,0.7304776,37.045647,21.893456,4.10111
Paraguay,PRY,1978,0.18805437,0.8357972,32.940857,23.391872,4.3565927
Paraguay,PRY,1979,0.1255293,0.88916594,35.357418,26.05779,4.5818195
Paraguay,PRY,1980,0.14668357,0.90105623,34.732574,28.047995,4.809126
Paraguay,PRY,1981,0.13639677,0.91280913,33.46967,29.933846,4.8578234
Paraguay,PRY,1982,0.13660054,0.9141729,31.985544,30.493446,4.82305
Paraguay,PRY,1983,0.13681427,0.88403064,29.930752,30.351719,4.7464027
Paraguay,PRY,1984,0.13701095,0.8853015,31.386047,30.395351,4.774305
Paraguay,PRY,1985,0.14770935,0.89680684,31.831367,30.438679,4.7794533
Paraguay,PRY,1986,0.14773469,0.8758557,21.25269,29.736883,5.9093876
Paraguay,PRY,1987,0.10552124,0.87582624,23.20412,29.049997,6.067471
Paraguay,PRY,1988,0.105455995,0.8647391,30.265871,28.68403,6.2008123
Paraguay,PRY,1989,0.094839305,0.8535537,24.299936,29.073515,6.2383184
Paraguay,PRY,1990,0.09477788,0.8530009,21.20918,29.275831,6.1289697
Paraguay,PRY,1991,0.08416237,0.7995425,42.438873,29.08862,4.4921665
Paraguay,PRY,1992,0.07357754,0.75679755,47.142178,29.735838,4.7404957
Paraguay,PRY,1993,0.084002905,0.7455258,44.122528,29.065008,5.071676
Paraguay,PRY,1994,0.041973215,0.74502456,35.142075,38.11168,6.904594
Paraguay,PRY,1995,0.062911004,0.68153584,36.823906,37.893394,7.3815575
Paraguay,PRY,1996,0.115267284,0.670646,36.581642,33.029316,7.3561482
Paraguay,PRY,1997,0.09425342,0.65977395,39.429348,32.831608,7.6345267
Paraguay,PRY,1998,0.09424232,0.6911104,37.738815,32.503128,7.759284
Paraguay,PRY,1999,0.0837874,0.6912461,38.5841,32.163887,8.389214
Paraguay,PRY,2000,0.08390717,0.6397922,35.39834,30.867352,6.8384347
Paraguay,PRY,2001,0.08421475,0.62108374,33.14903,27.717178,7.3582635
Paraguay,PRY,2002,0.074119985,0.6247256,40.91423,28.642078,7.2637587
Paraguay,PRY,2003,0.0746728,0.60805,29.335745,28.941046,7.317935
Paraguay,PRY,2004,0.021502618,0.72033775,19.70715,27.480347,7.955969
Paraguay,PRY,2005,0,0.65020835,14.01199,27.742222,7.900031
Paraguay,PRY,2006,0.48075026,0.6227901,15.274747,28.080187,8.467761
Paraguay,PRY,2007,0.5398529,0.58392245,14.31161,26.640087,5.596842
Paraguay,PRY,2008,0.55543905,0.5665479,13.108362,25.61685,6.754139
Paraguay,PRY,2009,0.6267268,0.6043437,12.556919,25.539118,6.5246735
Paraguay,PRY,2010,0.16999991,0.6299997,13.129993,5.699997,6.249997
Paraguay,PRY,2011,0.14999995,0.62999976,19.619993,5.9099975,6.9499974
Paraguay,PRY,2012,0.16999997,0.63999987,11.119998,5.8699985,7.0699987
Paraguay,PRY,2013,0.13999984,0.6299993,24.249971,5.999993,7.2299914
Paraguay,PRY,2014,0.21999967,0.669999,16.269976,5.2799926,9.899985
Paraguay,PRY,2015,0.14999986,0.58999944,14.229986,5.569995,10.479989
Paraguay,PRY,2016,0.110000014,0.66000015,16.030003,6.930001,10.410002
Paraguay,PRY,2017,0.120000035,0.3900001,27.62001,7.5500026,10.230003
Paraguay,PRY,2018,0.12999995,0.3999999,24.329992,8.629997,10.789996
Paraguay,PRY,2019,0.17000003,0.38000005,23.280005,8.630001,11.040002
Paraguay,PRY,2020,0.20999996,0.38999993,23.619999,9.569999,10.829999
Paraguay,PRY,2021,0.21999988,0.38999978,14.769992,9.889995,10.7599945
Paraguay,PRY,2022,0.31,0.39,10.66,10.44,10.47
Paraguay,PRY,2023,0.25,0.4,6.82,9.8,9.68
Peru,PER,1961,4.9455504,3.814024,6.5745573,3.9018147,2.0484526
Peru,PER,1962,4.973446,3.7252085,6.504487,3.9495015,2.067393
Peru,PER,1963,4.924413,3.393457,6.6211414,4.0272923,2.145289
Peru,PER,1964,5.0610275,3.3447638,7.411138,4.134635,2.389117
Peru,PER,1965,3.247015,3.4030278,6.776803,3.6955516,3.2665167
Peru,PER,1966,3.1685438,3.7145083,6.7368116,3.5585186,3.2367895
Peru,PER,1967,3.0021105,3.1873057,6.861967,3.5284545,3.4894662
Peru,PER,1968,2.923621,3.1575108,6.685347,3.430382,3.5668178
Peru,PER,1969,3.0891643,3.128144,6.743538,3.644629,3.810294
Peru,PER,1970,3.059005,3.0394585,6.91941,3.449932,4.1829205
Peru,PER,1971,2.4611952,3.0495286,6.814863,3.892807,4.5007515
Peru,PER,1972,2.3861978,2.5334938,6.3337345,3.8198802,5.2830224
Peru,PER,1973,2.3908637,2.3711858,6.237891,3.6994433,5.696749
Peru,PER,1974,2.3178601,2.574304,5.809445,3.7184393,6.9239907
Peru,PER,1975,2.2547295,2.1558378,5.775272,3.5996559,8.306897
Peru,PER,1976,2.2015226,2.2015226,5.741809,3.5303693,8.726756
Peru,PER,1977,2.2170146,2.127539,5.6071577,3.3901436,8.689106
Peru,PER,1978,2.13157,1.9423184,5.358807,3.2073157,7.0122676
Peru,PER,1979,2.0747004,1.8851845,5.0171847,3.102076,6.842522
Peru,PER,1980,1.8765396,1.3774599,3.7231345,2.5153615,4.861036
Peru,PER,1981,1.8865167,1.2576778,4.222204,2.6351347,6.028868
Peru,PER,1982,1.8157603,1.2570648,4.629191,2.5440595,6.6045785
Peru,PER,1983,1.8136797,1.3253813,4.8132267,2.4414918,6.487393
Peru,PER,1984,1.7713002,1.0747215,4.3386903,2.248954,5.57263
Peru,PER,1985,1.6495903,1.2123495,3.984854,2.1762667,6.0518103
Peru,PER,1986,1.6878206,1.9261011,4.964178,2.3331635,7.078918
Peru,PER,1987,1.6571538,2.093769,5.0012307,2.4906924,8.146847
Peru,PER,1988,1.6161652,1.5170139,4.283334,2.7564044,8.289043
Peru,PER,1989,1.5846493,1.020118,3.9616234,2.6839998,5.605697
Peru,PER,1990,1.6021352,1.2164359,4.143794,2.4130926,6.6557837
Peru,PER,1991,1.5412121,0.98795646,3.9518259,2.4600117,7.735699
Peru,PER,1992,1.5299822,0.94760185,3.691699,2.5664217,8.281646
Peru,PER,1993,1.4688861,0.8773883,3.6081364,2.6025903,7.7091875
Peru,PER,1994,1.4373497,0.82696825,3.4358563,2.6384225,8.81115
Peru,PER,1995,1.3862622,0.8258583,3.5197294,2.674208,9.998785
Peru,PER,1996,1.3748806,0.8249283,3.6434333,2.7104788,9.938422
Peru,PER,1997,1.3633733,0.8729512,3.7664413,2.7267466,10.426373
Peru,PER,1998,1.2242064,0.85204774,3.7901433,2.193778,7.4627624
Peru,PER,1999,1.0856056,0.890001,3.7067075,2.6993437,7.7752833
Peru,PER,2000,1.1045808,0.90907973,3.4408178,2.737014,7.908016
Peru,PER,2001,1.1051656,0.89000064,3.4328597,2.7482436,7.853522
Peru,PER,2002,1.1264755,0.8619986,3.526358,2.6839502,8.365305
Peru,PER,2003,1.1190238,0.86380786,3.7202635,2.6699517,8.579183
Peru,PER,2004,1.1610117,0.9051956,3.8274033,2.7844603,8.432094
Peru,PER,2005,1.1542546,0.8977536,3.9659004,2.9398963,9.401749
Peru,PER,2006,1.1776698,0.9005709,4.067414,3.0876715,10.183379
Peru,PER,2007,1.2113322,0.88367677,4.0510125,3.276554,10.971493
Peru,PER,2008,1.2559181,0.87714916,4.0667825,3.2793417,11.034138
Peru,PER,2009,1.2616212,0.8611066,4.0852494,3.2641945,11.184372
Peru,PER,2010,1.2299999,0.92999995,4.31,3.4899998,28.049997
Peru,PER,2011,1.2500002,0.94000024,4.430001,3.5000007,30.050007
Peru,PER,2012,1.2600001,0.95000005,4.5800004,3.6600003,32.730003
Peru,PER,2013,1.2500005,0.94000036,4.750002,3.8100014,33.720016
Peru,PER,2014,1.2300003,0.9300002,4.750001,4.0300007,34.890007
Peru,PER,2015,1.2200001,0.90000004,4.7000003,4.28,34.96
Peru,PER,2016,1.2399998,0.8799998,4.549999,4.379999,36.949993
Peru,PER,2017,1.2300001,0.84000003,4.4,4.59,38.190002
Peru,PER,2018,1.2199997,0.81999975,4.3899984,4.6599984,40.689987
Peru,PER,2019,1.18,0.80999994,4.44,4.82,44.31
Peru,PER,2020,1.16,0.77,4.25,4.58,42.86
Peru,PER,2021,1.1499999,0.77999985,4.3099995,4.7799997,43.879997
Peru,PER,2022,1.1400002,0.7800001,4.2700005,4.840001,44.180008
Peru,PER,2023,1.1300001,0.7700001,4.3800006,5.4700007,43.690006
Philippines,PHL,1961,0.21698233,0.094340146,2.3585036,7.150983,2.1509554
Philippines,PHL,1962,0.21728237,0.10391765,2.8435647,7.859953,2.0972471
Philippines,PHL,1963,0.23648128,0.12297026,2.7337236,7.9646893,2.2891388
Philippines,PHL,1964,0.22724998,0.12309374,2.4808123,8.162062,2.3671873
Philippines,PHL,1965,0.23687884,0.07580123,2.766745,8.925595,2.5109158
Philippines,PHL,1966,0.23698455,0.1042732,3.0618403,9.469902,2.6921444
Philippines,PHL,1967,0.27496174,0.104295835,2.6642845,9.794327,2.5979145
Philippines,PHL,1968,0.26553315,0.06638329,2.5035982,10.166126,3.4614143
Philippines,PHL,1969,0.21825059,0.08540241,2.4576912,10.476028,3.03653
Philippines,PHL,1970,0.22840767,0.13323781,2.2174578,9.821529,2.5505524
Philippines,PHL,1971,0.21048087,0.08610581,2.2196164,9.739524,2.7266839
Philippines,PHL,1972,0.22134735,0.15398076,2.5406826,8.103237,2.8582678
Philippines,PHL,1973,0.22276722,0.20339614,3.2155962,8.901003,2.9928288
Philippines,PHL,1974,0.22428364,0.21453217,5.3242984,9.059109,3.0619593
Philippines,PHL,1975,0.2353002,0.22549604,3.2059653,7.676669,3.2353778
Philippines,PHL,1976,0.29486486,0.22606306,2.6144686,7.5288825,3.1353965
Philippines,PHL,1977,0.26564303,0.2262885,2.813848,6.513173,3.0401366
Philippines,PHL,1978,0.25596502,0.24612023,3.1700287,6.9701247,2.943598
Philippines,PHL,1979,0.23645128,0.22659916,2.8965282,8.098456,4.3842006
Philippines,PHL,1980,0.22690862,0.2959678,2.7623658,8.602797,4.705888
Philippines,PHL,1981,0.23710059,0.29637575,2.2129388,9.237044,5.1865754
Philippines,PHL,1982,0.22715214,0.30616158,1.8962265,7.742925,5.866451
Philippines,PHL,1983,0.22673197,0.3253111,1.7547083,8.665105,5.43171
Philippines,PHL,1984,0.21650633,0.3050771,1.5942739,10.598969,3.45426
Philippines,PHL,1985,0.2066225,0.3345317,1.6136234,7.192431,3.4535477
Philippines,PHL,1986,0.2069115,0.3448525,1.7538214,8.128667,3.5174956
Philippines,PHL,1987,0.20700839,0.34501398,1.9517934,8.62535,3.6078608
Philippines,PHL,1988,0.20693447,0.42372298,2.0003664,9.518986,3.4390538
Philippines,PHL,1989,0.19720802,0.44371802,2.3467755,10.4816065,3.618767
Philippines,PHL,1990,0.19711822,0.43366006,2.197868,11.334297,3.863517
Philippines,PHL,1991,0.21690327,0.3845103,2.1591735,13.132506,4.4760947
Philippines,PHL,1992,0.18732223,0.40422165,2.2478669,12.826644,4.683056
Philippines,PHL,1993,0.19699804,0.4235458,2.3639765,13.04127,5.417446
Philippines,PHL,1994,0.18733442,0.43382707,2.6818402,13.359902,5.551015
Philippines,PHL,1995,0.18747036,0.43414187,2.9008572,13.764271,5.989185
Philippines,PHL,1996,0.18735428,0.42401233,3.2836301,14.446001,6.6461463
Philippines,PHL,1997,0.1871007,0.4234384,3.7617085,14.869581,7.0704365
Philippines,PHL,1998,0.18649529,0.41225272,3.680828,14.988332,6.841432
Philippines,PHL,1999,0.17598286,0.4301803,4.419125,15.476714,7.088198
Philippines,PHL,2000,0.17553897,0.42909524,4.6712866,15.525446,7.2556105
Philippines,PHL,2001,0.17534864,0.41888842,4.3739743,15.898276,7.7055984
Philippines,PHL,2002,0.1656719,0.409307,4.473141,16.430754,8.059451
Philippines,PHL,2003,0.17548187,0.41920668,4.3967957,16.81701,8.101413
Philippines,PHL,2004,0.16574283,0.38998312,4.6700478,16.077053,8.209145
Philippines,PHL,2005,0.1657605,0.4192766,4.2025166,16.215277,7.9370036
Philippines,PHL,2006,0.17569253,0.50755614,4.1190133,17.579012,8.0330515
Philippines,PHL,2007,0.1854121,0.54647774,4.6353025,17.916664,8.96809
Philippines,PHL,2008,0.18522824,0.5849313,4.659953,17.762413,9.583124
Philippines,PHL,2009,0.1947062,0.5841186,4.273801,17.796148,9.715839
Philippines,PHL,2010,0.23000002,0.58000004,4.5300007,17.850002,10.890001
Philippines,PHL,2011,0.22999999,0.51,4.31,17.6,10.959999
Philippines,PHL,2012,0.22,0.51,4.03,17.45,11.14
Philippines,PHL,2013,0.20000002,0.5400001,3.9300005,17.570002,11.320001
Philippines,PHL,2014,0.16000001,0.51,4.3100004,17.270002,12.380001
Philippines,PHL,2015,0.17,0.51,4.22,17.78,12.870001
Philippines,PHL,2016,0.16,0.51,4.44,18.56,13.65
Philippines,PHL,2017,0.17,0.52,4.58,18.41,13.82
Philippines,PHL,2018,0.16,0.52,4.56,18.71,14.890001
Philippines,PHL,2019,0.15999998,0.31,3.5099998,15.729999,16.68
Philippines,PHL,2020,0.15999998,0.26999998,3.0199997,14.259998,16.249998
Philippines,PHL,2021,0.16000001,0.29000002,3.6700003,13.840001,15.410001
Philippines,PHL,2022,0.16,0.28,3.85,15.05,15.96
Philippines,PHL,2023,0.16,0.26,3.3600001,14.110001,15.750001
Poland,POL,1961,0.65137255,0.8016894,9.319639,34.302284,1.6635054
Poland,POL,1962,0.51134324,0.7519754,10.427392,33.147076,1.9751887
Poland,POL,1963,0.47143993,0.66202205,12.628572,30.763964,1.9559742
Poland,POL,1964,0.5116268,0.58185005,13.6634445,31.309551,2.0364752
Poland,POL,1965,0.36119273,0.612021,11.788929,34.905266,2.1771896
Poland,POL,1966,0.3209804,0.6018383,11.6556015,35.69904,2.5979352
Poland,POL,1967,0.3309059,0.6417569,13.216181,35.266544,2.707412
Poland,POL,1968,0.38088384,0.6916049,13.671726,35.51241,2.866652
Poland,POL,1969,0.44090146,0.6713727,13.627864,34.95146,3.28672
Poland,POL,1970,0.4412082,0.66181237,14.198883,34.50449,3.4594736
Poland,POL,1971,0.44154003,0.64224005,13.998826,38.474194,3.2312703
Poland,POL,1972,0.47153634,0.6621574,12.54086,44.344482,3.9629118
Poland,POL,1973,0.4612796,0.6317525,12.86569,46.44885,4.713074
Poland,POL,1974,0.47098544,0.57119507,14.500339,47.90022,5.0205045
Poland,POL,1975,0.43058997,0.48065856,17.113447,49.547886,6.268589
Poland,POL,1976,0.40026113,0.45029375,22.224499,41.37699,7.294759
Poland,POL,1977,0.5001081,0.47010162,21.764706,40.408737,8.551848
Poland,POL,1978,0.4303543,0.5204284,18.87554,43.78605,9.738016
Poland,POL,1979,0.4306175,0.55078983,18.446451,45.8157,10.775452
Poland,POL,1980,0.44079748,0.49088812,20.196539,44.41035,11.230318
Poland,POL,1981,0.29071963,0.47116628,16.771515,37.8938,11.668884
Poland,POL,1982,0.50149775,0.47140786,15.867388,38.023556,5.536535
Poland,POL,1983,0.5316129,0.4513694,17.593378,37.68433,5.245916
Poland,POL,1984,0.561475,0.561475,17.646357,34.48058,6.7778053
Poland,POL,1985,0.6314251,0.8619454,18.09083,36.9534,7.0459023
Poland,POL,1986,0.6111627,1.0319632,19.166462,42.16021,7.6345243
Poland,POL,1987,0.43065405,0.76115596,18.878672,43.38589,8.1623955
Poland,POL,1988,0.31057492,0.66122407,19.445997,45.033363,8.115023
Poland,POL,1989,0.2505925,0.5513035,17.962471,46.600185,8.439956
Poland,POL,1990,0.3107702,0.71176404,18.044722,46.495235,7.6188827
Poland,POL,1991,0.40106994,0.69184566,17.14574,51.73802,8.20188
Poland,POL,1992,0.22062929,0.6819451,14.160389,52.178825,9.045801
Poland,POL,1993,0.22066708,0.44133416,13.039418,50.542793,9.378351
Poland,POL,1994,0.28082287,0.21061715,10.380418,47.18827,10.651211
Poland,POL,1995,0.25075155,0.14042087,10.250724,48.50538,10.310904
Poland,POL,1996,0.25078753,0.11034651,10.543108,49.50546,10.402667
Poland,POL,1997,0.15044081,0.07020571,9.888975,43.357037,12.556792
Poland,POL,1998,0.21056199,0.030080285,9.425156,46.78487,13.305513
Poland,POL,1999,0.30080146,0.040106855,9.09423,49.020607,14.06748
Poland,POL,2000,0.29070437,0.030072864,8.059528,47.956196,14.545243
Poland,POL,2001,0.23040676,0.030053055,6.371248,47.163265,17.070137
Poland,POL,2002,0.16021593,0.030040486,5.9680433,48.24502,19.616438
Poland,POL,2003,0.1702068,0.04004866,6.6280527,50.08085,18.282213
Poland,POL,2004,0.17025581,0.04006019,6.0190434,47.691654,19.349072
Poland,POL,2005,0.1002141,0.030064229,4.5096345,47.922382,20.443676
Poland,POL,2006,0.1103549,0.040129054,5.136519,50.632835,20.295269
Poland,POL,2007,0.14062075,0.040177356,4.6304407,51.1056,19.857658
Poland,POL,2008,0.09045976,0.040204335,4.3923235,50.79818,18.64476
Poland,POL,2009,0.17085822,0.050252415,4.1709504,48.976006,21.548237
Poland,POL,2010,0.17999999,0.029999996,2.6799998,53.29999,26.769997
Poland,POL,2011,0.17999999,0.039999995,2.7099998,53.649998,26.819998
Poland,POL,2012,0.12000001,0.050000004,3.4800005,49.600002,28.440004
Poland,POL,2013,0.13999999,0.029999996,2.8399994,46.359993,29.419996
Poland,POL,2014,0.12999998,0.029999996,0.24999997,50.699997,27.409998
Poland,POL,2015,0.11999998,0.029999996,0.36999995,53.929993,30.459995
Poland,POL,2016,0.13,0.030000001,0.44000003,53.800003,33.54
Poland,POL,2017,0.13999999,0.029999997,0.17999999,54.369995,33.269997
Poland,POL,2018,0.14,0.03,0.78,57.93,30.18
Poland,POL,2019,0.109999985,0.049999993,1.0599998,53.789993,30.179996
Poland,POL,2020,0.11000002,0.030000005,1.4400003,54.470013,32.510006
Poland,POL,2021,0.099999994,0.019999998,0.25999996,56.899998,30.479998
Poland,POL,2022,0.13000001,0.040000003,0.15000002,53.63001,33.300003
Poland,POL,2023,0.10999998,0.029999994,0.18999997,52.01999,30.949995
Portugal,PRT,1961,0.8309917,2.332784,6.227432,9.090849,1.6019118
Portugal,PRT,1962,0.8820996,2.3756547,6.3952227,8.6004715,2.6663468
Portugal,PRT,1963,0.8925701,2.356786,6.5087414,8.745181,3.4800205
Portugal,PRT,1964,0.952161,2.7863238,6.0336943,8.539382,4.009099
Portugal,PRT,1965,0.90993625,2.8897977,7.7194586,8.679392,4.2697005
Portugal,PRT,1966,0.89670557,2.6602268,8.299509,8.847496,4.3041873
Portugal,PRT,1967,0.8430967,2.6780717,8.877312,10.265943,4.3444276
Portugal,PRT,1968,0.75139827,2.293742,9.105761,10.81618,4.3897476
Portugal,PRT,1969,0.9309548,2.4462323,10.507904,11.300207,5.357942
Portugal,PRT,1970,1.0500578,2.5701413,11.040607,10.940601,5.8703227
Portugal,PRT,1971,1.1643288,2.4189937,11.623215,11.994595,6.8755627
Portugal,PRT,1972,1.0787027,2.417093,12.165369,12.964407,7.6208344
Portugal,PRT,1973,1.0480931,2.735024,11.55897,12.547173,8.394727
Portugal,PRT,1974,1.0194173,2.7684176,13.4723,13.572243,10.074242
Portugal,PRT,1975,1.0004026,2.6810791,13.365378,14.265741,10.034038
Portugal,PRT,1976,0.96059155,2.7516944,12.707826,14.508935,11.49708
Portugal,PRT,1977,1.1308178,2.832048,14.150233,15.070899,13.799979
Portugal,PRT,1978,1.1311355,2.7027133,11.871918,15.735797,11.931978
Portugal,PRT,1979,1.14138,2.3628566,11.634066,16.950493,11.403788
Portugal,PRT,1980,1.1301595,2.4603472,11.651644,15.152138,14.462041
Portugal,PRT,1981,1.1295879,2.379132,12.52543,17.43364,13.305146
Portugal,PRT,1982,1.0397006,2.5592632,12.796316,17.654917,12.586377
Portugal,PRT,1983,1.1686729,2.6569831,11.187297,17.270391,13.214994
Portugal,PRT,1984,1.1968794,2.5433686,10.123605,17.414595,10.522565
Portugal,PRT,1985,1.2049712,2.4597347,10.91445,18.31357,10.585821
Portugal,PRT,1986,1.2028444,2.5647423,11.76004,17.356745,12.436019
Portugal,PRT,1987,1.130769,2.9459507,12.369026,19.669428,13.162548
Portugal,PRT,1988,1.2870594,3.158246,13.672532,19.295992,13.741836
Portugal,PRT,1989,1.216917,3.3044739,15.028431,22.42887,13.920343
Portugal,PRT,1990,1.3674943,3.7259266,15.835187,28.390371,13.040743
Portugal,PRT,1991,1.2736853,4.0499215,16.10018,27.264828,14.428467
Portugal,PRT,1992,1.2693185,3.927891,16.581097,29.294271,18.510061
Portugal,PRT,1993,1.2535923,3.5000298,16.68782,33.265324,19.184977
Portugal,PRT,1994,0.90463686,3.6487021,16.70563,34.788315,21.520306
Portugal,PRT,1995,0.72468275,3.452308,16.144321,33.72794,20.784302
Portugal,PRT,1996,0.71517247,3.6362996,13.024199,36.856567,22.663918
Portugal,PRT,1997,0.886219,3.30318,14.501765,35.468903,24.693285
Portugal,PRT,1998,0.965998,3.3508055,13.996908,38.841167,27.359882
Portugal,PRT,1999,1.2359151,3.356062,15.98651,40.52395,26.336042
Portugal,PRT,2000,0.90199584,3.5578725,16.185814,40.218994,26.689054
Portugal,PRT,2001,1.019672,3.3089356,14.035486,40.247055,28.340885
Portugal,PRT,2002,0.9783959,3.2446802,15.744186,40.433704,24.629618
Portugal,PRT,2003,0.9586,3.1254354,16.925282,40.271187,21.558514
Portugal,PRT,2004,1.0796511,2.8990633,18.174128,38.997395,22.982573
Portugal,PRT,2005,1.0508004,2.9722643,17.413265,39.68023,23.858175
Portugal,PRT,2006,1.1814438,3.0737562,18.13216,41.700962,23.488705
Portugal,PRT,2007,1.1510007,3.0426455,18.406002,45.099213,26.432981
Portugal,PRT,2008,1.0906103,2.7515395,18.730478,42.50378,27.795553
Portugal,PRT,2009,1.1305059,2.4611013,18.438251,42.88919,28.722853
Portugal,PRT,2010,1.1300001,2.4900002,17.670002,45.220005,31.950005
Portugal,PRT,2011,1.29,2.38,17.15,43.37,31.58
Portugal,PRT,2012,1.3399994,2.199999,16.339993,41.329983,30.029987
Portugal,PRT,2013,1.3000015,2.1900027,17.65002,40.48005,29.930037
Portugal,PRT,2014,1.3899996,2.0499995,18.919994,40.189987,30.119993
Portugal,PRT,2015,1.3600007,2.2500012,18.87001,39.830025,29.880014
Portugal,PRT,2016,1.5599989,2.3099985,19.239986,38.16997,30.18998
Portugal,PRT,2017,1.4100002,2.3400004,19.880003,38.730007,30.480005
Portugal,PRT,2018,1.2499994,2.399999,20.839989,41.57998,31.449984
Portugal,PRT,2019,0.89999926,2.3799982,21.629982,40.27997,31.129974
Portugal,PRT,2020,0.6700001,2.08,20.470001,37.330006,30.310001
Portugal,PRT,2021,0.79000026,2.2200007,20.470005,38.84001,30.710009
Portugal,PRT,2022,0.61999977,2.2599993,21.399992,39.719986,32.74999
Portugal,PRT,2023,0.6500003,2.010001,22.430012,39.29002,34.940018
Qatar,QAT,2019,0.68999827,14.479963,10.409973,0.13999964,54.519863
Qatar,QAT,2020,0.6400011,13.640024,11.46002,1.4100025,55.940098
Qatar,QAT,2021,0.5599984,13.439961,13.179963,0.23999931,54.269844
Qatar,QAT,2022,0.34999806,10.5699415,17.339905,0.21999878,55.129696
Qatar,QAT,2023,0.49999902,9.269982,13.249973,0.12999974,48.279903
Romania,ROU,1961,0.56499976,2.835088,7.3349075,14.276333,3.4000878
Romania,ROU,1962,0.5551497,2.8766847,8.014343,14.131083,3.5933325
Romania,ROU,1963,0.5352912,2.7067556,6.5648923,13.089386,3.736939
Romania,ROU,1964,0.5364659,2.6114755,6.559055,15.263973,3.9678235
Romania,ROU,1965,0.52900165,2.6043158,5.6053834,18.504887,4.0183783
Romania,ROU,1966,0.52273184,2.5419118,7.4617414,18.090622,4.120357
Romania,ROU,1967,0.5131178,2.9760833,6.588433,19.436903,4.299927
Romania,ROU,1968,0.49031225,3.0440218,8.325093,18.785088,4.4945292
Romania,ROU,1969,0.45822695,3.5028906,7.7796755,18.868769,5.1932387
Romania,ROU,1970,0.43688405,4.246919,8.473518,21.112677,5.39501
Romania,ROU,1971,0.43613452,3.9556386,7.6171403,22.506569,6.5014467
Romania,ROU,1972,0.4354896,3.726981,7.4337063,27.000355,8.426217
Romania,ROU,1973,0.4249006,3.6015384,7.739261,27.385855,8.922913
Romania,ROU,1974,0.4244616,3.5877113,7.4583974,30.369219,10.298247
Romania,ROU,1975,0.41389275,3.0385785,8.6412735,31.516418,11.457763
Romania,ROU,1976,0.41345802,3.3480015,8.783462,31.594244,10.56839
Romania,ROU,1977,0.43360293,3.5293262,8.954405,32.863068,11.556023
Romania,ROU,1978,0.4037669,2.9071217,9.226073,35.430542,12.375455
Romania,ROU,1979,0.42435595,3.5160923,9.760187,37.050316,14.003746
Romania,ROU,1980,0.42464882,3.3163052,11.020648,34.05279,14.397617
Romania,ROU,1981,0.36407658,2.599102,8.798516,33.85912,15.250762
Romania,ROU,1982,0.3134853,2.9730542,6.360718,31.9755,15.502353
Romania,ROU,1983,0.33371428,3.033766,5.652918,30.48935,16.493574
Romania,ROU,1984,0.36424956,3.6930857,6.8195605,34.209106,15.844855
Romania,ROU,1985,0.3950408,3.292007,6.2497487,31.724817,17.827484
Romania,ROU,1986,0.4262285,3.2271588,4.871183,31.104532,16.328611
Romania,ROU,1987,0.47804654,3.4480379,5.5331345,32.31391,17.24019
Romania,ROU,1988,0.5299272,3.2305179,5.258508,31.500097,14.91949
Romania,ROU,1989,0.6627047,3.772319,10.226043,31.23888,11.031485
Romania,ROU,1990,0.9067788,4.6357794,16.067307,35.425507,17.575207
Romania,ROU,1991,0.7429978,4.010153,13.0991535,33.38401,14.391767
Romania,ROU,1992,0.5998266,4.2089524,10.105553,31.475645,12.738689
Romania,ROU,1993,0.6093181,3.848859,9.972506,28.668415,14.176801
Romania,ROU,1994,0.64918965,3.4386766,10.752204,28.462908,11.776706
Romania,ROU,1995,0.6790568,3.2331212,9.030441,28.267006,13.55073
Romania,ROU,1996,0.6890524,3.1007357,7.7011733,26.427185,13.102128
Romania,ROU,1997,0.689269,2.787485,8.007684,27.40858,11.981117
Romania,ROU,1998,0.659074,2.4943419,7.270094,30.145033,14.083906
Romania,ROU,1999,0.7405005,2.5562484,6.7557993,27.601395,13.27829
Romania,ROU,2000,0.7006956,2.366117,7.0780406,24.961012,13.049187
Romania,ROU,2001,0.6717453,2.3205745,6.7988763,23.33806,16.020107
Romania,ROU,2002,0.684772,2.4529147,7.215657,25.520533,19.572214
Romania,ROU,2003,0.7094458,3.0434196,8.359122,29.344322,19.648563
Romania,ROU,2004,0.67292225,3.3024955,7.4332027,24.204496,19.514746
Romania,ROU,2005,0.61502033,2.3245685,10.278136,30.698898,21.212992
Romania,ROU,2006,0.5244647,2.0559018,10.132659,32.29654,19.573025
Romania,ROU,2007,1.3502403,2.5738957,7.943211,33.07034,20.032082
Romania,ROU,2008,1.1767677,2.3959415,7.6542907,34.74115,19.421968
Romania,ROU,2009,0.7986982,3.3332338,7.976332,35.70713,22.001472
Romania,ROU,2010,0.9099998,3.4799993,6.5999985,32.339993,18.319996
Romania,ROU,2011,0.47000003,3.5100002,5.84,31.300001,18.08
Romania,ROU,2012,0.48999998,3.5299997,5.7199993,29.809998,18.689999
Romania,ROU,2013,0.5600002,3.600001,5.9700017,27.54001,18.940006
Romania,ROU,2014,0.84999967,3.6699984,6.729997,31.379986,18.319992
Romania,ROU,2015,0.77000004,3.7400002,7.2200003,34.020004,20.450003
Romania,ROU,2016,0.51000005,3.8400002,6.5600004,35.770004,21.620003
Romania,ROU,2017,0.3799999,3.969999,5.2999988,35.229992,22.889994
Romania,ROU,2018,0.3899999,3.929999,5.1699986,35.819992,19.219995
Romania,ROU,2019,0.13999999,2.2699997,4.2599998,35.799995,23.489996
Romania,ROU,2020,0.15000004,2.5600004,5.200001,35.20001,25.050005
Romania,ROU,2021,0.19000001,2.8100002,5.1300006,38.110004,22.330002
Romania,ROU,2022,0.16999994,3.1599991,4.6799984,39.53999,23.449993
Romania,ROU,2023,0.19999999,2.9799998,4.6099997,39.279995,25.379997
Russia,RUS,1992,0.6295008,2.35813,28.657276,19.554493,9.962101
Russia,RUS,1993,0.59281814,2.5119414,27.008394,19.151041,9.8267145
Russia,RUS,1994,0.6223564,2.1882856,25.797678,15.779747,10.790857
Russia,RUS,1995,0.61127764,1.8739167,22.58721,16.574644,11.584212
Russia,RUS,1996,0.6913532,1.6331967,21.642363,16.362026,9.698984
Russia,RUS,1997,0.7211017,1.462234,21.793295,13.120045,11.838085
Russia,RUS,1998,1.0505722,1.2907029,19.81079,14.718017,10.245581
Russia,RUS,1999,0.7301687,0.9902288,17.04394,15.49358,6.651537
Russia,RUS,2000,0.72022194,0.97029895,15.104654,13.244081,9.83303
Russia,RUS,2001,0.63022727,0.9403391,16.33589,13.0347,14.655285
Russia,RUS,2002,0.8076772,0.957247,17.439844,14.817387,15.874348
Russia,RUS,2003,0.79498345,0.9341056,17.748007,15.889731,16.058666
Russia,RUS,2004,0.9146194,1.0140345,17.467241,14.693559,15.618119
Russia,RUS,2005,0.9954018,1.1048961,17.897324,14.552774,17.329947
Russia,RUS,2006,1.416177,1.1967695,17.123775,16.016764,19.836452
Russia,RUS,2007,1.3879925,1.2481947,17.504683,17.89412,22.00817
Russia,RUS,2008,2.2179186,1.328753,18.872288,19.971258,22.40897
Russia,RUS,2009,2.4069993,1.3383316,17.368347,19.765362,22.791588
Russia,RUS,2010,2.72,1.35,17.63,21.79,22.24
Russia,RUS,2011,2.84,1.38,16.64,22.6,22.97
Russia,RUS,2012,2.9800003,1.3900001,17.6,24.480001,26.430002
Russia,RUS,2013,3.2699997,1.3799999,17.389997,25.379997,27.159998
Russia,RUS,2014,3.42,1.39,17.22,24.15,28.64
Russia,RUS,2015,3.7900002,1.3800001,15.170001,23.980001,29.440002
Russia,RUS,2016,3.3000004,1.3700002,14.070002,25.270004,29.810003
Russia,RUS,2017,3.34,1.38,13.89,26.45,31.7
Russia,RUS,2018,3.5900002,1.3800001,13.950001,25.900002,31.130001
Russia,RUS,2019,3.37,1.4,13.81,26.99,31.2
Russia,RUS,2020,3.58,1.48,13.49,28.13,30.68
Russia,RUS,2021,3.72,1.48,13.23,28.29,31.24
Russia,RUS,2022,3.9900005,1.4400002,12.780002,29.280005,34.020004
Russia,RUS,2023,4,1.48,12.86,31.75,34.68
Rwanda,RWA,1961,1.3018599,0.76182914,1.3018599,0.34716263,0.10607747
Rwanda,RWA,1962,1.2736365,0.73736846,1.34067,0.37347233,0.11491457
Rwanda,RWA,1963,1.2473315,0.6760346,1.53298,0.30469167,0.11425938
Rwanda,RWA,1964,1.2326247,0.6068306,1.5550034,0.22756147,0.123262465
Rwanda,RWA,1965,1.1994306,0.57610446,1.5394267,0.16055371,0.12277635
Rwanda,RWA,1966,1.3194473,0.49008042,1.7152816,0.17906785,0.075396985
Rwanda,RWA,1967,1.3654729,0.5650233,1.8080745,0.22600931,0.13183877
Rwanda,RWA,1968,1.384795,0.5181205,1.6674061,0.16956672,0.103624105
Rwanda,RWA,1969,1.3484228,0.49033555,1.6690269,0.12258389,0.14144295
Rwanda,RWA,1970,1.3111979,0.53768545,1.6413556,0.10376386,0.122630015
Rwanda,RWA,1971,1.3396327,0.5471739,1.6320878,0.075472265,0.122642435
Rwanda,RWA,1972,1.3027213,0.5380805,1.6425616,0.16048016,0.1132801
Rwanda,RWA,1973,1.3028082,0.6514041,1.5388241,0.16049086,0.13216895
Rwanda,RWA,1974,1.2942972,0.5479506,1.8611428,0.21729077,0.13226396
Rwanda,RWA,1975,1.2582058,0.62437284,2.2988272,0.24596503,0.13244271
Rwanda,RWA,1976,1.2515904,0.6352769,2.190283,0.20859838,0.16118966
Rwanda,RWA,1977,1.2551246,0.67510486,2.1869593,0.3613237,0.16164483
Rwanda,RWA,1978,1.2307742,0.67740285,2.242108,0.41025808,0.18127683
Rwanda,RWA,1979,1.2064514,0.68940085,2.2309775,0.45960054,0.20107523
Rwanda,RWA,1980,1.1812291,0.72026163,2.3048375,0.47057095,0.19206977
Rwanda,RWA,1981,1.1440909,0.7114515,2.442009,0.5287815,0.20189838
Rwanda,RWA,1982,1.1235906,0.72985375,2.3144047,0.52818364,0.20167011
Rwanda,RWA,1983,1.1035913,0.6717512,2.2551649,0.48941875,0.19192892
Rwanda,RWA,1984,1.0963929,0.6443713,2.2120206,0.29814193,0.19234964
Rwanda,RWA,1985,1.1224983,0.68704635,2.3127337,0.299978,0.1935342
Rwanda,RWA,1986,1.1180291,0.6570873,2.0791419,0.30402547,0.18633819
Rwanda,RWA,1987,1.0786409,0.64918196,1.8576592,0.34955955,0.17977348
Rwanda,RWA,1988,1.081966,0.6471572,1.9414716,0.41458508,0.21234846
Rwanda,RWA,1989,1.0657967,0.6535546,1.9405545,0.3820781,0.19103906
Rwanda,RWA,1990,1.07609,0.64565396,1.9173967,0.36195752,0.18587008
Rwanda,RWA,1991,1.0747813,0.6671057,1.9086633,0.3520835,0.18530712
Rwanda,RWA,1992,1.0648141,0.67296255,1.7292581,0.34925902,0.18740728
Rwanda,RWA,1993,1.003255,0.6612362,1.5048825,0.34201872,0.1900104
Rwanda,RWA,1994,1.1806209,0.8011356,1.5348072,0.41321734,0.21925816
Rwanda,RWA,1995,1.3575749,0.4092689,1.8367189,0.39928675,0.22958986
Rwanda,RWA,1996,1.2374852,0.43311983,1.7059617,0.38008475,0.21214032
Rwanda,RWA,1997,1.0930691,0.33376157,1.7439041,0.3421056,0.1919129
Rwanda,RWA,1998,1.3219144,0.34600443,1.9340762,0.28390107,0.22179772
Rwanda,RWA,1999,1.3975167,0.4047979,2.1781983,0.36624575,0.27950332
Rwanda,RWA,2000,1.441253,0.41908774,2.0954387,0.39864445,0.17376809
Rwanda,RWA,2001,1.5010333,0.4228263,2.346686,0.40168497,0.19027184
Rwanda,RWA,2002,1.5835651,0.49218917,2.353948,0.46008986,0.2139953
Rwanda,RWA,2003,1.562293,0.5101365,2.7526114,0.4569973,0.23381257
Rwanda,RWA,2004,1.5743719,0.6612362,2.6029618,0.68222785,0.26239532
Rwanda,RWA,2005,1.5516219,0.66646844,2.6450467,0.70812273,0.26033923
Rwanda,RWA,2006,1.4960173,0.7168416,3.0751467,0.6752855,0.20778018
Rwanda,RWA,2007,1.4866103,0.7381072,3.2643054,0.6341485,0.23910517
Rwanda,RWA,2008,1.3138136,0.7716048,3.76418,0.58391714,0.2398231
Rwanda,RWA,2009,1.371143,0.8687395,3.516825,0.69080496,0.24073505
Rwanda,RWA,2010,1.5899985,1.9499981,2.5899973,0.6599994,1.3299987
Rwanda,RWA,2011,1.5299983,1.899998,2.3799975,0.7099992,1.2499987
Rwanda,RWA,2012,1.5199995,1.8699994,2.559999,0.7399998,1.2499996
Rwanda,RWA,2013,1.55,1.92,2.62,0.75,1.28
Rwanda,RWA,2014,1.6000003,2.0700002,2.8400004,0.9000001,1.4300002
Rwanda,RWA,2015,1.629999,2.2299988,3.1399984,1.1599994,1.4299991
Rwanda,RWA,2016,1.6099995,1.9499995,2.6199992,1.2399997,1.5199995
Rwanda,RWA,2017,1.5799997,2.1999996,2.4499996,1.1899998,1.4899998
Rwanda,RWA,2018,1.53,2.05,2.65,0.87,1.5
Rwanda,RWA,2019,1.4299997,1.7199997,2.7099996,1.1599997,1.4899998
Rwanda,RWA,2020,1.4300002,1.3100002,3.2600005,0.86000013,1.5100002
Rwanda,RWA,2021,1.29,1.23,2.91,0.55,1.01
Rwanda,RWA,2022,1.2800004,0.9700004,2.5800009,0.45000017,0.8400003
Rwanda,RWA,2023,1.4299996,0.9199998,2.5499992,0.6399998,0.89999974
Saint Kitts and Nevis,KNA,1961,1.4465603,1.9348893,3.6486487,3.740786,3.5749388
Saint Kitts and Nevis,KNA,1962,1.4696327,2.0219152,3.6787622,3.9595838,3.9502227
Saint Kitts and Nevis,KNA,1963,1.6694412,2.0605676,4.006659,4.1974525,4.0734367
Saint Kitts and Nevis,KNA,1964,1.7097119,2.101322,4.1357837,4.37457,4.7566285
Saint Kitts and Nevis,KNA,1965,1.7430565,2.1453004,4.022438,4.7215757,5.0855107
Saint Kitts and Nevis,KNA,1966,2.0001202,2.2020555,4.134864,4.7022057,6.0292087
Saint Kitts and Nevis,KNA,1967,2.1264346,2.2617528,4.42685,4.8231397,6.852918
Saint Kitts and Nevis,KNA,1968,4.5839415,2.4136252,4.914842,4.70073,7.912409
Saint Kitts and Nevis,KNA,1969,2.7750819,2.8153005,5.208306,4.7659016,7.410273
Saint Kitts and Nevis,KNA,1970,3.3171268,2.8634162,5.30337,5.363865,9.275856
Saint Kitts and Nevis,KNA,1971,5.023967,2.8751018,5.461698,5.6507187,10.396129
Saint Kitts and Nevis,KNA,1972,3.5556362,2.8864577,5.593136,5.6031237,12.324874
Saint Kitts and Nevis,KNA,1973,4.019409,2.616124,5.332483,4.791216,12.328861
Saint Kitts and Nevis,KNA,1974,3.8712037,2.7148702,5.1884184,5.7112823,10.306451
Saint Kitts and Nevis,KNA,1975,1.3715962,2.501146,5.042633,5.173742,13.958009
Saint Kitts and Nevis,KNA,1976,1.8106163,2.6400607,6.180372,5.371158,16.619232
Saint Kitts and Nevis,KNA,1977,1.2780967,2.677917,7.161399,4.747216,16.392097
Saint Kitts and Nevis,KNA,1978,1.302588,2.686588,7.530587,4.711705,21.044939
Saint Kitts and Nevis,KNA,1979,1.6979073,2.7665899,6.7916293,6.2722692,21.273779
Saint Kitts and Nevis,KNA,1980,1.2639388,2.9592218,8.165446,7.051976,21.115803
Saint Kitts and Nevis,KNA,1981,1.2984246,2.6673067,11.343602,5.666768,26.592543
Saint Kitts and Nevis,KNA,1982,0.1920139,2.5568168,13.471292,5.6694636,25.194246
Saint Kitts and Nevis,KNA,1983,0.030456852,2.6395938,14.832487,5.8375635,28.071066
Saint Kitts and Nevis,KNA,1984,0.24920492,2.6615086,12.340628,6.2400913,28.120281
Saint Kitts and Nevis,KNA,1985,2.6667304,2.6968062,15.1181555,5.6743207,28.331503
Saint Kitts and Nevis,KNA,1986,5.254791,2.6929543,18.27578,5.153931,35.875797
Saint Kitts and Nevis,KNA,1987,4.975343,3.1913557,17.21548,5.441162,36.016727
Saint Kitts and Nevis,KNA,1988,4.8700223,2.794275,16.516161,4.91992,40.377274
Saint Kitts and Nevis,KNA,1989,3.6900704,2.8957503,12.538196,4.5045,35.583538
Saint Kitts and Nevis,KNA,1990,3.9524422,4.0031147,12.414722,3.7497528,41.824947
Saint Kitts and Nevis,KNA,1991,7.4320245,4.3861127,10.731761,4.9445295,40.09435
Saint Kitts and Nevis,KNA,1992,6.3804617,4.2670593,9.470054,4.458272,41.634018
Saint Kitts and Nevis,KNA,1993,2.9108708,4.0711484,11.785974,4.8344884,41.04735
Saint Kitts and Nevis,KNA,1994,3.346093,5.5064836,9.43538,5.6270633,40.67563
Saint Kitts and Nevis,KNA,1995,3.6148958,5.930054,15.728859,7.991357,41.63223
Saint Kitts and Nevis,KNA,1996,5.923362,5.6828194,11.455843,8.669557,40.5615
Saint Kitts and Nevis,KNA,1997,4.333878,5.6806207,9.062665,8.850021,40.55416
Saint Kitts and Nevis,KNA,1998,4.27825,5.7976284,11.455314,7.9667406,43.502205
Saint Kitts and Nevis,KNA,1999,4.215126,6.181513,13.210084,7.855462,40.406723
Saint Kitts and Nevis,KNA,2000,6.0151973,5.761177,14.580757,9.124403,42.655064
Saint Kitts and Nevis,KNA,2001,6.118598,4.69193,12.829967,9.253249,44.377415
Saint Kitts and Nevis,KNA,2002,4.889029,4.5419993,9.900538,9.135033,54.63668
Saint Kitts and Nevis,KNA,2003,3.6467533,4,10.223377,10.65974,53.9013
Saint Kitts and Nevis,KNA,2004,7.5827093,4.0192504,11.736625,10.680018,53.369015
Saint Kitts and Nevis,KNA,2005,6.8976946,3.1429863,12.719603,9.660992,49.32801
Saint Kitts and Nevis,KNA,2006,7.0291038,3.0691962,13.199691,11.396806,48.18424
Saint Kitts and Nevis,KNA,2007,6.9114566,2.353747,10.302992,7.4357,51.611248
Saint Kitts and Nevis,KNA,2008,7.16179,3.1781805,13.365772,8.718228,53.34336
Saint Kitts and Nevis,KNA,2009,7.255917,2.0272257,12.373831,8.696023,51.345303
Saint Kitts and Nevis,KNA,2010,4.41802,2.1590323,9.195878,10.605246,64.411125
Saint Kitts and Nevis,KNA,2011,3.9277384,1.9588721,9.7244,9.914291,65.02255
Saint Kitts and Nevis,KNA,2012,3.767917,1.4092208,10.064435,6.0366626,62.63537
Saint Kitts and Nevis,KNA,2013,3.928164,1.6192431,9.975337,6.9867344,61.861084
Saint Kitts and Nevis,KNA,2014,4.158057,2.3988793,17.901636,16.382345,62.620747
Saint Kitts and Nevis,KNA,2015,4.2283835,1.9592512,12.655163,15.713994,61.156624
Saint Kitts and Nevis,KNA,2016,4.1374507,1.9887747,13.511676,18.248756,61.86189
Saint Kitts and Nevis,KNA,2017,4.3277,2.0389166,16.031483,20.519098,57.939213
Saint Kitts and Nevis,KNA,2018,2.858662,2.9286294,8.386075,20.590364,55.21416
Saint Kitts and Nevis,KNA,2019,0,2.8284338,5.5269394,19.109419,58.227753
Saint Kitts and Nevis,KNA,2020,0.10993901,3.0782921,5.3870115,18.119947,76.2477
Saint Kitts and Nevis,KNA,2021,0.1399222,1.7890052,5.2670712,15.95113,75.228165
Saint Kitts and Nevis,KNA,2022,0.06996705,2.388875,6.486944,17.791618,55.783726
Saint Kitts and Nevis,KNA,2023,0,1.9990166,7.1065044,16.801735,62.93904
Saint Lucia,LCA,1961,0,1.0413237,3.9511902,7.7174726,2.092379
Saint Lucia,LCA,1962,0,1.0706389,4.5356154,7.805931,2.0731463
Saint Lucia,LCA,1963,0,1.0805012,4.5458922,7.952878,2.5309036
Saint Lucia,LCA,1964,0,1.1809922,5.137316,8.139006,2.6080246
Saint Lucia,LCA,1965,0,1.0829326,5.26699,7.7675796,4.479403
Saint Lucia,LCA,1966,0,1.2040291,6.069898,8.040128,6.6370854
Saint Lucia,LCA,1967,0,0.97464913,6.5412016,7.194317,7.8574805
Saint Lucia,LCA,1968,0,1.5647095,5.6369667,7.9439106,9.247835
Saint Lucia,LCA,1969,0,1.2836591,6.9944263,8.652065,9.480885
Saint Lucia,LCA,1970,0,1.7436812,10.472167,8.930066,12.30656
Saint Lucia,LCA,1971,0,1.6165123,8.022318,9.0665245,11.85777
Saint Lucia,LCA,1972,0,2.6794693,8.798257,8.22837,12.337556
Saint Lucia,LCA,1973,0,2.030285,9.016854,8.409759,13.157043
Saint Lucia,LCA,1974,0,1.2889003,7.6434784,8.482762,11.879865
Saint Lucia,LCA,1975,0,1.4403107,10.320571,7.5392814,13.389922
Saint Lucia,LCA,1976,0,1.5597376,10.779958,8.075097,13.632895
Saint Lucia,LCA,1977,0,1.8115637,11.859307,10.285327,16.323872
Saint Lucia,LCA,1978,0.029779116,1.9852744,12.318627,9.201748,23.535427
Saint Lucia,LCA,1979,0.059210356,2.1118362,10.519707,11.121679,25.717031
Saint Lucia,LCA,1980,0,1.7506831,7.5961843,8.901778,25.548105
Saint Lucia,LCA,1981,0.9308236,1.594283,6.872251,8.506144,31.964878
Saint Lucia,LCA,1982,0.14744471,1.6612103,9.013786,8.07014,33.34216
Saint Lucia,LCA,1983,0.91471756,1.3573228,8.370157,8.2029505,33.746193
Saint Lucia,LCA,1984,0.1756305,1.5221308,9.747492,8.635166,35.233425
Saint Lucia,LCA,1985,1.09248,1.677737,11.04185,8.252125,35.212967
Saint Lucia,LCA,1986,1.1204315,1.7887591,12.020067,8.609632,42.822105
Saint Lucia,LCA,1987,1.9859955,2.7725284,11.021292,8.789504,43.97702
Saint Lucia,LCA,1988,3.1758494,3.344566,10.083322,6.4807177,40.56155
Saint Lucia,LCA,1989,3.4267466,3.5562456,13.477872,9.26417,40.742424
Saint Lucia,LCA,1990,1.3612429,5.23478,11.16019,7.0364246,41.287697
Saint Lucia,LCA,1991,2.0367503,4.856095,13.314127,10.123552,51.28999
Saint Lucia,LCA,1992,2.1355796,4.872731,14.106856,10.427242,50.57213
Saint Lucia,LCA,1993,0.6211431,4.568407,13.855498,12.56312,56.97485
Saint Lucia,LCA,1994,2.872153,4.730605,14.95706,10.4649725,58.28781
Saint Lucia,LCA,1995,1.9041065,4.780101,17.751825,12.128761,54.44555
Saint Lucia,LCA,1996,2.099526,7.1601763,15.330502,12.428799,53.52801
Saint Lucia,LCA,1997,0.12865044,5.987194,14.893764,13.52809,55.11187
Saint Lucia,LCA,1998,0.019781753,6.290598,16.972746,14.302208,50.631397
Saint Lucia,LCA,1999,0.039561253,6.0726523,14.064026,17.090462,63.812298
Saint Lucia,LCA,2000,0.029692858,5.6515408,14.193187,15.8955765,62.28572
Saint Lucia,LCA,2001,0,5.357979,9.297085,15.131329,62.33115
Saint Lucia,LCA,2002,0.009897621,5.4931803,8.076459,15.776808,60.771397
Saint Lucia,LCA,2003,0.029818695,6.40108,8.2299595,17.463816,58.891922
Saint Lucia,LCA,2004,0.02977169,5.6169252,11.3926325,21.068432,60.376987
Saint Lucia,LCA,2005,0.019944398,4.996072,9.134534,20.482897,58.85592
Saint Lucia,LCA,2006,0.23185346,5.1310177,7.93342,18.669243,57.328285
Saint Lucia,LCA,2007,0.030399485,3.5567398,13.17311,21.036444,55.853985
Saint Lucia,LCA,2008,0.03074353,5.27764,8.536454,20.823618,57.254704
Saint Lucia,LCA,2009,0.09271251,3.7188015,8.292619,16.193785,63.209324
Saint Lucia,LCA,2010,0.12999164,3.8897498,9.17941,9.409394,65.96576
Saint Lucia,LCA,2011,0.11999022,2.9897563,7.6093802,10.999104,70.58424
Saint Lucia,LCA,2012,0.32999045,2.5099273,6.579809,9.809716,69.13799
Saint Lucia,LCA,2013,0.14999135,2.2998672,6.2196407,9.059478,72.45582
Saint Lucia,LCA,2014,0.1499957,2.679923,7.0297985,22.789347,65.158134
Saint Lucia,LCA,2015,0.1599826,2.6997068,6.4293013,23.757418,65.86285
Saint Lucia,LCA,2016,0.009999942,2.6999846,7.3999577,23.529865,65.01962
Saint Lucia,LCA,2017,0.009999319,2.7398136,7.459492,23.448404,62.465748
Saint Lucia,LCA,2018,0.25998238,2.669819,7.1795135,23.01844,63.07573
Saint Lucia,LCA,2019,0,2.2898066,9.95916,20.108303,33.067207
Saint Lucia,LCA,2020,0.019998765,2.6398373,6.6695886,17.48892,34.847847
Saint Lucia,LCA,2021,0.039995518,1.8397939,9.708913,17.77801,63.602875
Saint Lucia,LCA,2022,0,3.0997572,6.809467,17.568624,66.55479
Saint Lucia,LCA,2023,0,2.1798663,6.9495735,16.808968,64.38605
Saint Vincent and the Grenadines,VCT,1961,0.82108843,0.42009175,2.4919078,3.694898,1.2698228
Saint Vincent and the Grenadines,VCT,1962,0.8085033,0.5231492,2.5491636,3.7000918,1.3982352
Saint Vincent and the Grenadines,VCT,1963,0.85383207,0.5502473,2.6943145,3.718913,1.679203
Saint Vincent and the Grenadines,VCT,1964,0.8332219,0.5775743,2.8689346,4.0714254,1.6001649
Saint Vincent and the Grenadines,VCT,1965,0.7659406,0.68083614,3.470373,3.9620879,2.2978218
Saint Vincent and the Grenadines,VCT,1966,0.907126,0.51025844,4.649021,3.9875746,2.9387102
Saint Vincent and the Grenadines,VCT,1967,0.7747394,0.50074613,3.4579833,3.8170085,3.2595742
Saint Vincent and the Grenadines,VCT,1968,0.7846907,0.48215935,3.1671252,4.046357,3.4034777
Saint Vincent and the Grenadines,VCT,1969,0.8141027,0.48278183,3.0102868,5.13074,3.9663842
Saint Vincent and the Grenadines,VCT,1970,1.106515,0.41259885,3.1507547,5.4575577,6.245246
Saint Vincent and the Grenadines,VCT,1971,1.2303389,0.4414193,3.1275027,6.9500065,7.410209
Saint Vincent and the Grenadines,VCT,1972,1.1381831,0.50794953,2.9630387,6.0483613,8.672768
Saint Vincent and the Grenadines,VCT,1973,0.95234233,0.42855406,3.1713,4.933133,9.9710245
Saint Vincent and the Grenadines,VCT,1974,1.3833516,0.43885636,2.9765909,5.018227,9.0156355
Saint Vincent and the Grenadines,VCT,1975,0.2677184,0.334648,3.2508667,4.1400743,10.001195
Saint Vincent and the Grenadines,VCT,1976,0.99666065,0.42166412,2.922899,4.897054,12.659507
Saint Vincent and the Grenadines,VCT,1977,0.78774273,0.38426477,3.5448425,5.168361,12.546245
Saint Vincent and the Grenadines,VCT,1978,0.52011484,0.394902,4.0260735,5.297466,13.474826
Saint Vincent and the Grenadines,VCT,1979,0.83095,0.46378604,3.98083,5.6813793,15.83636
Saint Vincent and the Grenadines,VCT,1980,1.1822046,0.5620317,3.3625,5.901333,16.550863
Saint Vincent and the Grenadines,VCT,1981,1.1532753,0.49975258,3.0850112,6.179633,17.049252
Saint Vincent and the Grenadines,VCT,1982,1.3569716,0.6063065,3.0315325,6.7656107,22.770178
Saint Vincent and the Grenadines,VCT,1983,1.5615115,0.69400513,3.2097735,6.699077,22.940723
Saint Vincent and the Grenadines,VCT,1984,2.2981079,0.51176345,3.3409467,9.153807,22.981077
Saint Vincent and the Grenadines,VCT,1985,3.3444521,0.68038994,3.0761292,8.433002,25.366087
Saint Vincent and the Grenadines,VCT,1986,0.028819235,0.74930006,2.9395618,8.367185,32.546524
Saint Vincent and the Grenadines,VCT,1987,0.857496,0.8382265,5.010089,11.1667185,30.561544
Saint Vincent and the Grenadines,VCT,1988,0.16435064,0.9280977,4.7274976,8.613907,31.419975
Saint Vincent and the Grenadines,VCT,1989,0.36535177,0.8460778,5.2495284,10.643274,32.237488
Saint Vincent and the Grenadines,VCT,1990,0.85955733,0.85955733,4.790342,11.937223,35.029377
Saint Vincent and the Grenadines,VCT,1991,0.9141452,0.827542,5.6003423,11.729926,35.56506
Saint Vincent and the Grenadines,VCT,1992,0.45110378,0.8254239,4.9813375,12.74608,39.89869
Saint Vincent and the Grenadines,VCT,1993,0.7758552,0.6609137,5.59382,10.833238,42.739082
Saint Vincent and the Grenadines,VCT,1994,0.3920909,0.70767623,5.6518464,10.749028,39.591618
Saint Vincent and the Grenadines,VCT,1995,0.39163658,0.7737211,5.6739545,14.395033,42.611973
Saint Vincent and the Grenadines,VCT,1996,0.67776835,1.135978,4.324353,12.629401,43.233986
Saint Vincent and the Grenadines,VCT,1997,0.6394599,1.3075522,4.1039963,10.317256,45.258488
Saint Vincent and the Grenadines,VCT,1998,0.9159415,0.6964972,5.924997,9.703256,46.665314
Saint Vincent and the Grenadines,VCT,1999,0.8382135,0.6953362,5.391237,9.791858,47.16856
Saint Vincent and the Grenadines,VCT,2000,0.29481953,0.69425243,5.1070347,9.386673,47.332798
Saint Vincent and the Grenadines,VCT,2001,0,0.71361864,5.6899195,9.58152,43.568798
Saint Vincent and the Grenadines,VCT,2002,0.04763375,0.952675,8.478807,11.4321,53.64513
Saint Vincent and the Grenadines,VCT,2003,0.028634809,0.94494873,7.340056,12.81885,55.265182
Saint Vincent and the Grenadines,VCT,2004,0.01931665,0.90788263,8.219235,13.087031,58.712963
Saint Vincent and the Grenadines,VCT,2005,0,0.9207309,8.267194,15.225982,56.29058
Saint Vincent and the Grenadines,VCT,2006,0.019459594,0.86595196,8.63033,14.925509,60.081497
Saint Vincent and the Grenadines,VCT,2007,0.05863157,0.9967367,9.811016,15.146489,62.442623
Saint Vincent and the Grenadines,VCT,2008,0.4318892,1.2367736,10.816862,16.27437,63.83126
Saint Vincent and the Grenadines,VCT,2009,0,1.1736232,12.130727,16.115128,62.744453
Saint Vincent and the Grenadines,VCT,2010,0.05999236,1.1498536,11.648517,13.708255,71.4909
Saint Vincent and the Grenadines,VCT,2011,0.01999689,1.1598196,9.858467,11.478215,71.45889
Saint Vincent and the Grenadines,VCT,2012,0.04999402,0.91989005,9.538859,10.658726,72.26135
Saint Vincent and the Grenadines,VCT,2013,0.05999112,0.92986244,9.66857,10.808401,73.17918
Saint Vincent and the Grenadines,VCT,2014,0.01999535,0.8598001,9.577773,11.807255,74.01279
Saint Vincent and the Grenadines,VCT,2015,0.019997194,0.99985975,11.8283415,12.188291,74.90949
Saint Vincent and the Grenadines,VCT,2016,0.07998872,1.3198138,12.518234,13.8880415,78.86887
Saint Vincent and the Grenadines,VCT,2017,0.06999073,1.1998411,11.018541,12.048404,80.32935
Saint Vincent and the Grenadines,VCT,2018,0.099991426,1.1199039,14.708738,12.418935,79.743164
Saint Vincent and the Grenadines,VCT,2019,0.10998627,1.0798652,11.69854,14.4282,80.9199
Saint Vincent and the Grenadines,VCT,2020,0.019998068,0.79992276,9.969037,14.07864,83.92189
Saint Vincent and the Grenadines,VCT,2021,0.13998911,0.9799238,10.039219,15.368804,84.333435
Saint Vincent and the Grenadines,VCT,2022,0,1.0798625,12.518406,18.427654,95.45785
Saint Vincent and the Grenadines,VCT,2023,0,0.7699164,12.848605,18.637976,86.20064
Samoa,WSM,1961,0,0,14.979743,8.503065,2.7923405
Samoa,WSM,1962,0,0,15.168065,8.27349,2.796948
Samoa,WSM,1963,0,0,17.668072,9.449905,2.8083658
Samoa,WSM,1964,0,0,19.289677,9.2362,2.816155
Samoa,WSM,1965,0,0,17.07608,8.999421,2.7484453
Samoa,WSM,1966,0,0,14.890224,9.513755,2.7581892
Samoa,WSM,1967,0,0,13.591909,9.325032,2.694343
Samoa,WSM,1968,0,0,14.617827,9.170379,2.6577866
Samoa,WSM,1969,0,0,15.951911,9.0366955,2.672251
Samoa,WSM,1970,0,0,18.646418,8.931135,2.637587
Samoa,WSM,1971,0,0,19.127945,8.811064,2.594482
Samoa,WSM,1972,0,0,20.674433,8.654178,2.63388
Samoa,WSM,1973,0,0,16.493752,8.582445,2.5930374
Samoa,WSM,1974,0,0,17.063705,8.361216,2.5394807
Samoa,WSM,1975,0,0,24.439169,8.202187,2.481334
Samoa,WSM,1976,4.7208877,5.794696,7.951987,8.193835,4.575778
Samoa,WSM,1977,5.841668,10.629922,10.371356,7.7952757,7.5271335
Samoa,WSM,1978,10.353503,9.351551,8.263717,7.6434617,8.244633
Samoa,WSM,1979,5.147889,11.447155,7.564828,7.7741694,7.2888784
Samoa,WSM,1980,6.3222075,8.182797,5.372927,10.081358,9.378891
Samoa,WSM,1981,4.2275653,7.400594,4.8866515,11.157384,8.9824
Samoa,WSM,1982,7.0345235,7.807755,4.6959686,12.833761,9.618249
Samoa,WSM,1983,2.331278,5.6007533,4.2361026,14.319354,8.642787
Samoa,WSM,1984,1.9159497,10.818921,4.4896135,16.595366,7.597074
Samoa,WSM,1985,3.8930373,25.208857,6.81761,18.343302,8.505232
Samoa,WSM,1986,0.64565367,18.193941,6.340897,19.388884,10.918292
Samoa,WSM,1987,2.5445666,19.146664,8.689935,20.61579,11.656995
Samoa,WSM,1988,0.8797814,16.92623,6.627049,21.765028,11.34153
Samoa,WSM,1989,1.2573838,16.8835,8.177795,22.728895,11.853963
Samoa,WSM,1990,1.9572225,18.019945,10.644205,23.139576,12.919597
Samoa,WSM,1991,1.6653875,20.187983,9.149948,20.943214,15.259597
Samoa,WSM,1992,1.0329928,20.630621,7.4355993,19.578138,17.492662
Samoa,WSM,1993,0.63189083,16.594425,7.0771775,20.249672,24.468758
Samoa,WSM,1994,1.737167,16.45429,7.1145773,19.870068,24.00804
Samoa,WSM,1995,0.48686886,19.591604,7.6243663,18.627602,18.286795
Samoa,WSM,1996,0.009711164,18.878504,8.371023,18.69399,20.869291
Samoa,WSM,1997,0.029060435,16.051046,8.737505,19.121767,8.427526
Samoa,WSM,1998,0,20.711151,8.363747,18.487267,16.882198
Samoa,WSM,1999,0.009651707,15.809494,9.21738,18.618143,21.629475
Samoa,WSM,2000,0.009631525,17.54864,11.711935,18.097637,23.818762
Samoa,WSM,2001,0.009608351,20.196753,11.722187,20.177536,24.05931
Samoa,WSM,2002,0,14.1997595,16.57918,19.361565,23.276093
Samoa,WSM,2003,0.009598429,12.122817,12.516353,18.313805,33.06659
Samoa,WSM,2004,0.07687971,11.724156,11.810646,18.63372,26.79258
Samoa,WSM,2005,0.08663426,11.685999,10.126583,19.627472,39.274197
Samoa,WSM,2006,0.11570177,13.170718,11.763014,19.254704,28.48192
Samoa,WSM,2007,0.038566265,12.466546,12.948625,18.116505,35.924477
Samoa,WSM,2008,0.21176434,12.378588,11.46415,19.05879,38.435226
Samoa,WSM,2009,0.07727249,11.165875,10.344854,19.327782,39.486244
Samoa,WSM,2010,0.019998446,8.249359,11.879077,17.958605,60.995262
Samoa,WSM,2011,0.009999178,5.059584,11.639045,18.488482,61.56494
Samoa,WSM,2012,0.019998169,5.1795254,12.398864,19.128246,60.81443
Samoa,WSM,2013,0.019998588,4.38969,10.659247,20.508553,60.675716
Samoa,WSM,2014,0.039997797,3.4798086,13.599252,20.448875,66.88632
Samoa,WSM,2015,0.32997712,4.2497053,14.369003,20.058607,69.65517
Samoa,WSM,2016,0.07999646,4.909783,12.469449,19.189152,82.75634
Samoa,WSM,2017,0.26998293,4.6197076,12.519208,17.578888,73.00539
Samoa,WSM,2018,0.14998917,3.3597572,12.139123,18.088694,80.03422
Samoa,WSM,2019,0.18998732,4.239717,4.8696747,12.399172,79.63468
Samoa,WSM,2020,0.009999198,3.1997435,7.2094216,15.33877,75.25397
Samoa,WSM,2021,0,2.6398518,10.289422,19.118927,77.35566
Samoa,WSM,2022,0,6.119715,11.499466,16.539232,69.696754
Samoa,WSM,2023,0.0099994,8.039517,10.99934,18.00892,71.98568
Sao Tome and Principe,STP,1961,0,0.2080787,1.778127,2.629358,0.539113
Sao Tome and Principe,STP,1962,0,0.21203654,1.8714528,2.8578837,0.5623578
Sao Tome and Principe,STP,1963,0,0.20076141,2.1353712,2.8289106,0.5840332
Sao Tome and Principe,STP,1964,0,0.15349671,1.4537041,2.329538,0.59592843
Sao Tome and Principe,STP,1965,0,0.10880026,1.1424028,2.4480062,0.62560153
Sao Tome and Principe,STP,1966,0,0.12728325,0.7636995,3.2275395,0.6727829
Sao Tome and Principe,STP,1967,0,0.12009238,1.856813,2.7713625,0.69284064
Sao Tome and Principe,STP,1968,0,0.12168541,2.1060936,2.5460331,0.7113916
Sao Tome and Principe,STP,1969,0,0.10407906,2.3748949,2.5262825,0.71909165
Sao Tome and Principe,STP,1970,0,0.1143755,1.8967272,2.049228,0.7720347
Sao Tome and Principe,STP,1971,0,0.10535469,2.356114,2.8733096,0.7853713
Sao Tome and Principe,STP,1972,0,0.08660145,1.9244766,2.2035258,0.78903544
Sao Tome and Principe,STP,1973,0,0.0953922,1.9936968,2.7091382,0.868069
Sao Tome and Principe,STP,1974,0,0.13390802,1.0999587,0.8225778,0.9086615
Sao Tome and Principe,STP,1975,0,0.16270381,0.9953645,1.6748922,0.93793964
Sao Tome and Principe,STP,1976,0,0.17202802,1.1181821,2.7524483,1.022611
Sao Tome and Principe,STP,1977,0,0.16196504,1.0956459,1.5910684,1.0289544
Sao Tome and Principe,STP,1978,0,0.17269133,1.1512755,1.1704634,1.1800574
Sao Tome and Principe,STP,1979,0,0.16423245,1.0916626,0.7825193,1.333181
Sao Tome and Principe,STP,1980,0,0.1831316,3.8650408,0.5108408,1.5421609
Sao Tome and Principe,STP,1981,0,0.183148,2.515875,0.74223137,1.6772501
Sao Tome and Principe,STP,1982,0,0.18346208,3.929951,0.7821278,1.8153089
Sao Tome and Principe,STP,1983,0,0.18381754,2.292882,0.812667,1.7801278
Sao Tome and Principe,STP,1984,0,0.18212573,2.6839583,0.7956019,1.7445729
Sao Tome and Principe,STP,1985,0,0.17226624,2.2298906,0.83262014,1.713092
Sao Tome and Principe,STP,1986,0,0.18288459,3.089787,0.8085424,1.6748378
Sao Tome and Principe,STP,1987,0,0.17220497,2.4204364,0.8801587,1.6359471
Sao Tome and Principe,STP,1988,0,0.172374,1.2544996,0.8522936,1.5896713
Sao Tome and Principe,STP,1989,0,0.16293025,1.7634803,0.8338195,1.5526294
Sao Tome and Principe,STP,1990,0,0.16171652,1.0273756,0.8561463,1.4934996
Sao Tome and Principe,STP,1991,0,0.17182268,1.6895896,0.87820476,2.357789
Sao Tome and Principe,STP,1992,0,0.16319746,1.2287807,1.1807816,3.004753
Sao Tome and Principe,STP,1993,0,0.1641656,1.7189105,0.49249682,3.0225787
Sao Tome and Principe,STP,1994,0,0.16392331,1.706731,1.0992504,3.0952578
Sao Tome and Principe,STP,1995,0,0.16381899,1.5610986,1.406916,3.1703792
Sao Tome and Principe,STP,1996,0,0.16382672,1.3780717,1.9851942,3.2476234
Sao Tome and Principe,STP,1997,0,0.16396156,0.810163,1.3020477,3.346745
Sao Tome and Principe,STP,1998,0,0.16424538,0.73427343,1.9902674,3.4201684
Sao Tome and Principe,STP,1999,0,0.17310244,0.7404937,3.3274136,3.500516
Sao Tome and Principe,STP,2000,0,0.16406418,0.7720668,2.6443286,4.140208
Sao Tome and Principe,STP,2001,0,0.16490649,0.7663301,2.6288033,4.2875686
Sao Tome and Principe,STP,2002,0,0.16327402,0.82597446,3.8609502,4.5236506
Sao Tome and Principe,STP,2003,0,0.16245839,1.6914786,2.819131,8.868317
Sao Tome and Principe,STP,2004,0,0.16275576,1.5701143,2.460484,7.7835546
Sao Tome and Principe,STP,2005,0,0.15341787,1.7643056,3.0491805,7.9681416
Sao Tome and Principe,STP,2006,0,0.15357588,1.8525091,4.319322,6.3158083
Sao Tome and Principe,STP,2007,0,0.14407015,1.3254453,3.889894,7.750973
Sao Tome and Principe,STP,2008,0,0.14498758,1.430544,3.5473626,8.660591
Sao Tome and Principe,STP,2009,0.25288698,0.14589636,4.931297,2.7233984,8.306365
Sao Tome and Principe,STP,2010,0.4999725,0.14999175,3.4598098,4.00978,10.639416
Sao Tome and Principe,STP,2011,0.4899604,0.029997574,3.9096842,4.339649,8.479314
Sao Tome and Principe,STP,2012,0.0099993665,0.039997466,1.4899056,4.059743,8.859439
Sao Tome and Principe,STP,2013,0.009999585,0.03999834,1.3599436,4.619808,9.249617
Sao Tome and Principe,STP,2014,0.029998476,0.03999797,1.17994,5.0297446,9.519517
Sao Tome and Principe,STP,2015,0.019998202,0.039996404,1.3198814,4.7395735,9.839115
Sao Tome and Principe,STP,2016,0.009999411,0.039997645,1.4999117,4.7897177,9.699429
Sao Tome and Principe,STP,2017,0,0.049996138,1.5998764,4.2896686,9.479267
Sao Tome and Principe,STP,2018,0,0.049998097,1.3099501,5.2897987,11.789552
Sao Tome and Principe,STP,2019,0,0.05999578,1.4099009,5.1896353,18.268717
Sao Tome and Principe,STP,2020,0,0.059994478,1.5298592,5.129528,17.05843
Sao Tome and Principe,STP,2021,0.029997973,0.059995946,2.619823,5.359638,16.70887
Sao Tome and Principe,STP,2022,0,0.06999907,2.559966,5.3999286,14.409809
Sao Tome and Principe,STP,2023,0,0.06999636,2.1498883,5.2797256,17.679081
Saudi Arabia,SAU,1961,4.042706,8.318325,1.7801216,,1.3142954
Saudi Arabia,SAU,1962,3.979679,8.009104,1.8240196,,1.2933956
Saudi Arabia,SAU,1963,3.9366953,7.7906866,1.7863995,,1.3397996
Saudi Arabia,SAU,1964,3.8624506,7.510321,1.8486943,,1.5515828
Saudi Arabia,SAU,1965,3.7710822,7.311618,1.8773073,,1.7126311
Saudi Arabia,SAU,1966,3.7284594,7.046295,1.9217168,,2.2502155
Saudi Arabia,SAU,1967,3.8161187,6.8788404,1.9326266,,2.7515364
Saudi Arabia,SAU,1968,4.459204,6.696973,2.025426,,3.5608296
Saudi Arabia,SAU,1969,3.8964622,7.271222,2.0542016,,3.8801591
Saudi Arabia,SAU,1970,3.9582846,7.0369506,2.0361547,,3.860549
Saudi Arabia,SAU,1971,4.751615,7.046059,2.4083529,,3.970528
Saudi Arabia,SAU,1972,4.903781,6.836066,2.727931,,4.5140767
Saudi Arabia,SAU,1973,6.044162,6.643717,2.4468322,,4.8774605
Saudi Arabia,SAU,1974,9.986417,6.6036596,2.8810084,,6.894998
Saudi Arabia,SAU,1975,8.67945,6.8496404,3.2224076,,11.270329
Saudi Arabia,SAU,1976,8.118434,7.3082113,3.9376836,,19.056444
Saudi Arabia,SAU,1977,7.519055,7.292187,6.384715,,24.777231
Saudi Arabia,SAU,1978,6.3204064,8.589271,7.1469207,,25.71919
Saudi Arabia,SAU,1979,7.011276,9.867721,9.12115,,30.09006
Saudi Arabia,SAU,1980,6.3797255,10.269404,10.2368555,,38.847973
Saudi Arabia,SAU,1981,4.768467,11.855846,10.957676,,37.49452
Saudi Arabia,SAU,1982,3.8801482,10.936452,11.591329,,43.5166
Saudi Arabia,SAU,1983,3.8016546,12.896131,12.8469715,,48.520256
Saudi Arabia,SAU,1984,4.090064,12.204752,12.679199,,38.675644
Saudi Arabia,SAU,1985,4.298859,11.431056,10.649446,,40.106396
Saudi Arabia,SAU,1986,3.9357216,10.920014,9.500573,,46.631847
Saudi Arabia,SAU,1987,3.7552357,10.676963,7.8764477,,48.181587
Saudi Arabia,SAU,1988,3.7184877,9.931658,6.9662814,,47.383266
Saudi Arabia,SAU,1989,3.619141,9.898506,5.2895145,,42.76464
Saudi Arabia,SAU,1990,3.8989325,9.884403,6.823132,,44.639732
Saudi Arabia,SAU,1991,3.7347484,9.809339,7.829472,,47.02183
Saudi Arabia,SAU,1992,3.6044586,10.000895,7.519137,,40.476295
Saudi Arabia,SAU,1993,3.6051352,9.536163,4.1575346,,36.79273
Saudi Arabia,SAU,1994,3.8534713,9.84776,4.238818,,33.824913
Saudi Arabia,SAU,1995,3.1994615,10.157242,7.1813235,,42.515114
Saudi Arabia,SAU,1996,4.047325,9.593659,5.2601595,,39.614727
Saudi Arabia,SAU,1997,3.5403864,9.865346,4.415538,,42.92221
Saudi Arabia,SAU,1998,3.1013684,9.4720955,5.4403167,,46.11993
Saudi Arabia,SAU,1999,2.599719,9.460441,3.855193,,50.34578
Saudi Arabia,SAU,2000,2.5900786,9.588271,5.0680866,,48.88773
Saudi Arabia,SAU,2001,2.4151318,8.336496,3.3836365,,47.567062
Saudi Arabia,SAU,2002,2.351765,7.883896,4.459824,,44.244865
Saudi Arabia,SAU,2003,2.2746453,8.101143,4.500635,,45.49291
Saudi Arabia,SAU,2004,2.2906399,7.538508,5.2599883,,42.443497
Saudi Arabia,SAU,2005,2.1375701,7.9978747,5.043705,,47.458862
Saudi Arabia,SAU,2006,1.9390376,6.9166884,6.100874,,44.290455
Saudi Arabia,SAU,2007,1.8885233,7.0443077,6.4997644,,44.84953
Saudi Arabia,SAU,2008,1.8567698,6.498694,3.939975,,44.698338
Saudi Arabia,SAU,2009,1.8146033,5.355293,6.052366,,46.250256
Saudi Arabia,SAU,2010,1.8299998,6.199999,7.219999,,49.179993
Saudi Arabia,SAU,2011,1.700001,6.6200037,7.010004,,47.010025
Saudi Arabia,SAU,2012,1.6499995,6.519998,7.2599983,,45.419987
Saudi Arabia,SAU,2013,1.7600003,6.7300014,7.0200014,,50.340008
Saudi Arabia,SAU,2014,1.5900003,6.570001,7.120001,,43.06001
Saudi Arabia,SAU,2015,1.5699998,6.229999,6.929999,,45.79999
Saudi Arabia,SAU,2016,1.4900004,5.260001,5.530001,,47.10001
Saudi Arabia,SAU,2017,1.49,5.3,6.23,,40.91
Saudi Arabia,SAU,2018,1.5,5.05,6.12,,38.88
Saudi Arabia,SAU,2019,3.5900002,4.8200006,6.1700006,,46.370003
Saudi Arabia,SAU,2020,3.2500005,5.270001,6.200001,,48.280006
Saudi Arabia,SAU,2021,1.9599997,7.549999,6.839999,,48.219994
Saudi Arabia,SAU,2022,1.8899999,5.7699995,7.1499996,0.14,51.029995
Saudi Arabia,SAU,2023,2.09,6.42,6.63,0,42.94
Senegal,SEN,1961,1.2355447,2.8132403,7.6793857,0.20909218,0.4086802
Senegal,SEN,1962,1.2631413,2.763715,7.740301,0.28491908,0.8072707
Senegal,SEN,1963,1.2908471,2.6955924,8.181692,0.31322026,0.7593218
Senegal,SEN,1964,1.5366124,2.788667,8.375485,0.30352837,0.8157325
Senegal,SEN,1965,1.5449843,2.9098785,8.39789,0.33174512,0.75827456
Senegal,SEN,1966,1.6003461,2.9639547,8.437327,0.5018837,0.97535884
Senegal,SEN,1967,1.5323839,2.837748,9.5821295,0.5107947,0.9932118
Senegal,SEN,1968,1.6064292,2.6836815,9.440133,0.5008279,1.020555
Senegal,SEN,1969,1.5299451,2.4460232,9.283556,0.8405254,1.0577399
Senegal,SEN,1970,1.5488153,2.200451,8.395712,0.8594036,1.0577275
Senegal,SEN,1971,1.5026308,1.8144975,7.645461,0.87889725,1.0962589
Senegal,SEN,1972,1.5137404,1.7881058,7.407867,0.8893225,1.1447662
Senegal,SEN,1973,1.4488266,1.6192768,6.960049,0.8806593,1.1836818
Senegal,SEN,1974,1.4211307,1.5348212,5.409771,0.881101,1.2221724
Senegal,SEN,1975,1.4027739,1.5923378,5.74379,0.7013869,1.2511227
Senegal,SEN,1976,1.3934156,1.601954,5.848554,0.7014473,1.3270625
Senegal,SEN,1977,1.3757467,1.6508961,6.1102133,0.7021052,1.6129445
Senegal,SEN,1978,1.4060813,1.7766027,6.3368664,0.70304066,1.4440835
Senegal,SEN,1979,1.3698297,1.7503378,6.46864,0.6849148,1.4934949
Senegal,SEN,1980,1.2003715,1.6862363,5.3540382,0.6859266,1.5623884
Senegal,SEN,1981,1.46031,1.8802685,6.146664,0.6872047,1.6034776
Senegal,SEN,1982,1.1953945,2.0369525,6.129983,0.66942096,1.711805
Senegal,SEN,1983,1.1695552,1.8789575,6.144958,0.66146976,1.4954967
Senegal,SEN,1984,1.1628304,1.7586608,5.833372,0.63427114,1.5568472
Senegal,SEN,1985,1.338983,2.1963174,5.6545544,0.5683453,1.6279722
Senegal,SEN,1986,1.2932048,2.615362,5.9062786,0.58869773,1.9687595
Senegal,SEN,1987,1.3244332,2.590862,6.138796,0.6380481,2.0494878
Senegal,SEN,1988,1.404723,2.4413118,6.0742164,0.32938334,2.0731776
Senegal,SEN,1989,1.5051225,2.4761693,5.8359914,0.35928732,1.8352785
Senegal,SEN,1990,1.4890724,2.64724,5.72271,0.369835,1.8005126
Senegal,SEN,1991,1.4928068,2.8978014,5.6297355,0.41954702,2.2538455
Senegal,SEN,1992,1.4576411,2.6707115,5.3316402,0.46957564,2.025045
Senegal,SEN,1993,1.4711857,2.657942,5.3256917,0.45116362,1.8635018
Senegal,SEN,1994,1.4644164,2.6732972,5.110715,0.46193,1.8280635
Senegal,SEN,1995,1.4473867,2.628927,4.9723153,0.45292374,1.9987721
Senegal,SEN,1996,1.4296873,2.6227367,4.8412166,0.46341586,1.8142239
Senegal,SEN,1997,1.4412057,2.6257584,4.619755,0.5133061,2.0532243
Senegal,SEN,1998,1.4127022,2.5883074,4.4258084,0.56310505,2.123993
Senegal,SEN,1999,1.3839011,2.352632,4.675609,0.71172065,2.253782
Senegal,SEN,2000,1.4246496,2.374416,4.7389383,0.939873,2.3843093
Senegal,SEN,2001,1.4366626,2.4770045,4.8252044,0.9313537,2.784153
Senegal,SEN,2002,1.280606,2.283251,4.4473763,1.0919898,3.0774255
Senegal,SEN,2003,1.2345437,2.2699673,4.271123,0.95577574,3.494555
Senegal,SEN,2004,1.2191429,2.308377,4.3869157,0.88937473,3.6274498
Senegal,SEN,2005,1.2338893,2.5179367,4.76502,0.8928142,3.6113832
Senegal,SEN,2006,1.3093718,2.628816,5.29792,0.92663246,2.759753
Senegal,SEN,2007,1.2541856,2.6702015,4.450336,0.90018153,3.1759214
Senegal,SEN,2008,1.2900305,2.5597456,5.119491,0.83293307,3.524729
Senegal,SEN,2009,1.3058969,2.6015916,5.509253,0.83659023,3.2239332
Senegal,SEN,2010,1.2799991,3.2799978,5.8799963,1.0099994,5.1199965
Senegal,SEN,2011,1.3099998,3.2499995,5.7299995,1.0199999,5.1299996
Senegal,SEN,2012,1.1699992,3.2999978,5.6699963,1.0199993,5.1499968
Senegal,SEN,2013,1.1499994,3.319998,5.5499973,1.0299994,5.139997
Senegal,SEN,2014,1.2099998,3.3499992,5.7399983,1.0799998,4.679999
Senegal,SEN,2015,1.1999997,3.4899988,5.7799983,1.0599996,5.249998
Senegal,SEN,2016,1.1800002,3.5700006,5.2200007,1.0600001,5.550001
Senegal,SEN,2017,1.1699998,3.8799999,5.2099996,1.0699999,6.1699996
Senegal,SEN,2018,1.1600003,3.8800013,5.240001,1.0800004,6.1800017
Senegal,SEN,2019,1.0799997,3.2099988,5.199998,1.2099996,7.149997
Senegal,SEN,2020,1.0900003,3.4000008,5.5900016,1.1900003,7.2700014
Senegal,SEN,2021,1.0800003,3.5300007,5.810001,1.0100002,7.7800016
Senegal,SEN,2022,1.11,3.9000003,6.36,1.22,8.14
Senegal,SEN,2023,1.0899999,3.4299996,5.979999,1.2199998,8.289999
Serbia,SRB,2006,0.0131653305,2.712058,9.808171,31.333487,9.979321
Serbia,SRB,2007,0.0131284315,2.6256864,11.185424,36.0638,9.163645
Serbia,SRB,2008,0.026188964,3.0902977,12.269529,34.228973,10.200602
Serbia,SRB,2009,0.026132114,3.2926466,12.857001,32.9134,10.884026
Serbia,SRB,2010,0.019999966,3.3899946,12.38998,36.82994,11.449981
Serbia,SRB,2011,0.030000007,3.510001,10.730002,37.550007,14.260004
Serbia,SRB,2012,0.019999988,3.549998,10.489994,41.669975,13.729992
Serbia,SRB,2013,0.039999984,4.649998,9.209996,44.77998,12.569995
Serbia,SRB,2014,0.019999992,4.259999,9.999996,44.209984,12.879995
Serbia,SRB,2015,0.01999998,4.5399957,9.189991,40.97996,11.549989
Serbia,SRB,2016,0.009999996,5.0699983,9.849997,43.35998,11.309996
Serbia,SRB,2017,0.020000007,4.4700017,8.410003,45.65002,12.770005
Serbia,SRB,2018,0.020000016,5.0100045,9.290008,47.67004,14.790012
Serbia,SRB,2019,0.019999985,5.139996,8.939993,46.389965,17.609987
Serbia,SRB,2020,0.029999983,4.699997,9.099996,47.719975,18.24999
Serbia,SRB,2021,0.030000005,4.460001,9.770002,50.79001,11.340002
Serbia,SRB,2022,0.029999977,4.4899964,10.439992,52.219963,12.179992
Serbia,SRB,2023,0.039999977,4.7799973,11.099994,50.589973,17.689991
Serbia and Montenegro,OWID_SRM,1992,0.10235806,2.1188116,20.635384,59.87946,10.901133
Serbia and Montenegro,OWID_SRM,1993,0.13380574,2.4393814,22.448486,52.029846,9.428158
Serbia and Montenegro,OWID_SRM,1994,0.13465658,2.5377586,18.986578,56.669704,8.9702
Serbia and Montenegro,OWID_SRM,1995,0.14603975,2.7747552,22.18761,62.80752,10.295802
Serbia and Montenegro,OWID_SRM,1996,0.14720216,2.9755864,24.03601,64.68484,11.281994
Serbia and Montenegro,OWID_SRM,1997,0.15911604,2.9913814,20.780556,61.058132,12.612598
Serbia and Montenegro,OWID_SRM,1998,0.20330006,2.9211009,21.432108,61.289616,10.935404
Serbia and Montenegro,OWID_SRM,1999,0.20476466,2.2631884,18.698248,65.39537,10.356781
Serbia and Montenegro,OWID_SRM,2000,0.22738883,2.3821688,19.208942,63.72301,9.474535
Serbia and Montenegro,OWID_SRM,2001,0.20606554,2.2667208,16.767227,57.741734,9.48986
Serbia and Montenegro,OWID_SRM,2002,0.2708809,2.0370243,16.892134,64.92473,10.174287
Serbia and Montenegro,OWID_SRM,2003,0.23783584,2.2594404,16.853912,60.22652,9.470191
Serbia and Montenegro,OWID_SRM,2004,0.28057545,2.6007187,16.543161,56.773365,9.377695
Serbia and Montenegro,OWID_SRM,2005,0.23742788,2.3419023,16.199057,59.939747,9.723751
Seychelles,SYC,2010,0.08997821,1.6196078,4.918809,11.1473,28.823019
Seychelles,SYC,2011,0.01999567,1.6896343,3.9391472,11.677472,37.261932
Seychelles,SYC,2012,0.019994978,1.6195933,5.208692,9.697564,32.051952
Seychelles,SYC,2013,0.019996474,1.6197144,6.8287954,10.308183,32.984184
Seychelles,SYC,2014,0.17997766,2.2897155,9.528816,13.228356,19.23761
Seychelles,SYC,2015,0.19996831,2.4896054,11.238218,12.707986,27.7556
Seychelles,SYC,2016,0.19997087,3.239528,13.568023,15.547735,30.485558
Seychelles,SYC,2017,0.059993062,3.2396255,12.128598,15.438214,35.245926
Seychelles,SYC,2018,0.08998983,3.3596203,11.038753,12.338606,33.6262
Seychelles,SYC,2019,0.03999592,2.4497502,11.608816,12.698705,30.826857
Seychelles,SYC,2020,0.20998429,2.7097974,15.088871,13.688975,31.427649
Seychelles,SYC,2021,0.05999512,2.5297942,11.339078,12.708966,37.38696
Seychelles,SYC,2022,0.049994823,2.6997204,11.0388565,12.368718,38.785984
Seychelles,SYC,2023,0.0999914,3.2997162,13.918803,13.018881,40.35653
Sierra Leone,SLE,1961,0.88349295,0.3609971,1.8144854,0.45599633,0.7599939
Sierra Leone,SLE,1962,0.86211884,0.36000565,1.8000282,0.5021131,0.78632814
Sierra Leone,SLE,1963,0.87914765,0.3686748,1.833921,0.5388324,0.83188164
Sierra Leone,SLE,1964,0.8765287,0.37700158,2.1960342,0.43355182,0.8765287
Sierra Leone,SLE,1965,0.8649681,0.3760731,2.2094293,0.5076987,0.9213791
Sierra Leone,SLE,1966,0.86269176,0.37508336,2.1942375,0.60013336,0.9752167
Sierra Leone,SLE,1967,0.8422592,0.38369587,1.9465545,0.63637364,1.0013527
Sierra Leone,SLE,1968,0.8312008,0.38291273,1.8865457,0.68177146,0.9993089
Sierra Leone,SLE,1969,0.8213523,0.38267553,1.9973797,0.65334845,0.98935616
Sierra Leone,SLE,1970,0.7841648,0.3827471,1.9604119,0.5414471,0.98954123
Sierra Leone,SLE,1971,0.72912496,0.383258,1.8975945,0.49543104,1.0002099
Sierra Leone,SLE,1972,0.7404855,0.3936758,1.9027663,0.48740813,1.0404289
Sierra Leone,SLE,1973,0.73348796,0.39495507,1.9277569,0.53601044,1.1190394
Sierra Leone,SLE,1974,0.68914,0.3964915,1.8880548,0.49089426,1.1611538
Sierra Leone,SLE,1975,0.6733242,0.40778792,1.8492708,0.51210576,1.2328471
Sierra Leone,SLE,1976,0.67698926,0.4100076,1.7544512,0.5148933,1.3158383
Sierra Leone,SLE,1977,0.66151786,0.41225025,1.7448732,0.52729684,1.3709717
Sierra Leone,SLE,1978,0.64539367,0.4238406,2.0614069,0.48163706,1.6279334
Sierra Leone,SLE,1979,0.6387027,0.42580175,2.312878,0.48386565,1.5677247
Sierra Leone,SLE,1980,0.631705,0.42761567,1.7104627,0.5636752,1.6910256
Sierra Leone,SLE,1981,0.6241015,0.4290698,1.7065276,0.5460888,1.7747887
Sierra Leone,SLE,1982,0.59618485,0.4398085,1.7299134,0.55709076,1.8471956
Sierra Leone,SLE,1983,0.57752025,0.45027006,1.7325608,0.58730876,1.7521378
Sierra Leone,SLE,1984,0.5691192,0.41212082,1.5111097,0.50043243,1.687733
Sierra Leone,SLE,1985,0.5516204,0.3841642,1.4874051,0.5811715,1.7730656
Sierra Leone,SLE,1986,0.5440431,0.36599264,1.5233207,0.5935016,1.86953
Sierra Leone,SLE,1987,0.5359504,0.32752526,1.339876,0.5855754,2.0644014
Sierra Leone,SLE,1988,0.5164954,0.33770853,1.2912385,0.63568664,2.0461164
Sierra Leone,SLE,1989,0.5048118,0.3365412,1.31647,0.64338756,2.0786366
Sierra Leone,SLE,1990,0.45277226,0.3275374,1.406484,0.57800716,2.1097262
Sierra Leone,SLE,1991,0.4581529,0.32452497,1.5271764,0.53451174,2.071233
Sierra Leone,SLE,1992,0.49355218,0.33871228,1.645174,0.55161715,2.1290486
Sierra Leone,SLE,1993,0.5280208,0.34561363,1.7856703,0.54722154,2.131284
Sierra Leone,SLE,1994,0.57767934,0.3598658,1.8182694,0.53979874,2.1213143
Sierra Leone,SLE,1995,0.58258826,0.31948388,1.719575,0.5356053,2.1142316
Sierra Leone,SLE,1996,0.597445,0.28938743,1.3255811,0.5320994,2.2217486
Sierra Leone,SLE,1997,0.6186976,0.26779446,1.3112694,0.5263546,2.188527
Sierra Leone,SLE,1998,0.6271639,0.26746696,1.3004427,0.5164879,2.1674047
Sierra Leone,SLE,1999,0.62530583,0.26132184,1.315942,0.5319766,2.174571
Sierra Leone,SLE,2000,0.97332156,0.25268927,1.3102406,0.52409625,1.5067767
Sierra Leone,SLE,2001,0.8056061,0.18309231,1.0527807,0.07323692,0.4394215
Sierra Leone,SLE,2002,0.86761266,0.1988279,1.0031772,0.24401607,2.331709
Sierra Leone,SLE,2003,1.4017884,0.22756305,1.0832001,0.1638454,1.674864
Sierra Leone,SLE,2004,1.6010412,0.23923603,1.094965,0.18402772,1.4170134
Sierra Leone,SLE,2005,1.7774847,0.26987988,1.2005001,0.24196126,1.2005001
Sierra Leone,SLE,2006,1.7933637,0.39435223,1.549241,0.23473348,1.4271796
Sierra Leone,SLE,2007,1.7898362,0.38622782,1.5072305,0.33912686,2.1572235
Sierra Leone,SLE,2008,1.7830848,0.41292492,1.4452372,0.4598482,2.5807807
Sierra Leone,SLE,2009,1.7326384,0.54028505,1.4531804,0.5123393,2.8225238
Sierra Leone,SLE,2010,1.5499986,0.5399996,1.2999989,0.5099996,3.579997
Sierra Leone,SLE,2011,1.589998,0.44999942,1.4299982,0.50999933,3.7199953
Sierra Leone,SLE,2012,1.7700006,0.5400002,1.7100006,0.64000016,4.2600017
Sierra Leone,SLE,2013,2.0199978,0.7099992,2.2099977,0.969999,5.0599947
Sierra Leone,SLE,2014,1.9600015,0.69000053,2.1300018,0.8300006,4.740003
Sierra Leone,SLE,2015,1.5899978,0.44999933,1.4099979,1.2799982,3.7399945
Sierra Leone,SLE,2016,1.5699981,0.4699994,1.4399983,0.769999,3.8999953
Sierra Leone,SLE,2017,1.55,0.48,1.32,0.88,3.95
Sierra Leone,SLE,2018,1.5599983,0.4899995,1.3199986,1.0999988,3.939996
Sierra Leone,SLE,2019,1.4399993,0.47999975,1.4599993,1.2499994,5.669997
Sierra Leone,SLE,2020,1.4500006,0.47000018,1.3700005,1.1400005,6.6200023
Sierra Leone,SLE,2021,1.4099995,0.45999983,1.6299994,1.1199996,7.429997
Sierra Leone,SLE,2022,1.3900001,0.49000004,1.6700001,0.57000005,5.7600007
Sierra Leone,SLE,2023,1.3599979,0.48999923,1.9899969,0.67999893,6.30999
Slovakia,SVK,1993,1.7828864,0.34055135,17.037582,46.82581,6.871124
Slovakia,SVK,1994,1.8627048,0.3304799,12.5081625,46.72785,6.819903
Slovakia,SVK,1995,0.75122046,0.39063463,11.568795,46.445457,5.919617
Slovakia,SVK,1996,0.7513385,0.3606425,11.760951,47.34434,9.777418
Slovakia,SVK,1997,0.7913563,0.32054937,12.451341,48.17256,8.294215
Slovakia,SVK,1998,0.77131784,0.32054767,11.339374,46.239002,7.9636064
Slovakia,SVK,1999,0.7611157,0.29042572,10.6155615,44.445152,11.536912
Slovakia,SVK,2000,0.76113,0.32047576,10.365389,33.910343,12.618734
Slovakia,SVK,2001,0.79125726,0.39062065,8.713845,32.441547,12.499861
Slovakia,SVK,2002,0.76145774,0.34065217,8.626514,33.333817,18.295025
Slovakia,SVK,2003,0.7915875,0.3306631,7.2946286,37.906017,18.767635
Slovakia,SVK,2004,0.8919803,0.19042276,5.933172,36.801704,18.320675
Slovakia,SVK,2005,0.9023941,0.28074485,6.487211,38.11111,20.03315
Slovakia,SVK,2006,1.1442728,0.11041229,6.1128263,34.9204,19.884249
Slovakia,SVK,2007,1.4879841,0.1307013,6.1329074,34.23369,18.18759
Slovakia,SVK,2008,1.4194032,0.23153386,5.707813,35.736748,18.190508
Slovakia,SVK,2009,1.6823816,0.18133457,5.0269966,36.418026,17.6096
Slovakia,SVK,2010,1.6599978,0.17999978,5.119993,35.679955,14.849981
Slovakia,SVK,2011,3.140003,0.13000011,4.5400043,34.23003,14.910013
Slovakia,SVK,2012,2.9099963,0.14999981,5.159993,29.289963,11.639985
Slovakia,SVK,2013,1.6399994,0.13999994,5.289998,31.049988,14.049994
Slovakia,SVK,2014,1.7199975,0.1299998,5.379992,29.659956,13.61998
Slovakia,SVK,2015,1.8600006,0.15000005,5.440002,29.12001,11.890004
Slovakia,SVK,2016,1.3699994,0.12999994,5.6099977,36.359985,13.969995
Slovakia,SVK,2017,2.0799992,0.13999996,6.079998,36.73999,13.9699955
Slovakia,SVK,2018,1.7600003,0.11000002,6.090001,35.99001,14.190002
Slovakia,SVK,2019,0.8000004,0.060000032,6.0900035,36.48002,18.57001
Slovakia,SVK,2020,0.85999876,0.05999991,6.039991,39.199944,16.019978
Slovakia,SVK,2021,1.1499987,0.0899999,6.5499926,42.76995,13.029984
Slovakia,SVK,2022,1.960002,0.1100001,7.1700068,42.380043,13.820013
Slovakia,SVK,2023,1.9799974,0.12999983,6.7599916,41.409946,19.729975
Slovenia,SVN,1992,0.22078681,0.17060798,17.161158,24.406979,7.2558575
Slovenia,SVN,1993,0.29133797,0.18083046,25.366495,40.88778,16.646448
Slovenia,SVN,1994,0.18061,0.270915,28.706957,42.302876,16.596054
Slovenia,SVN,1995,0.23045142,0.32062805,26.57205,37.81407,23.265574
Slovenia,SVN,1996,0.24038751,0.27043596,27.86492,35.27687,26.472675
Slovenia,SVN,1997,0.25057903,0.3608338,25.428759,36.865185,28.485823
Slovenia,SVN,1998,0.2009019,0.47211942,21.627089,38.985012,25.10269
Slovenia,SVN,1999,0.24094512,0.76299286,23.080534,43.671303,24.566362
Slovenia,SVN,2000,0.2804486,0.5208331,24.599346,38.421455,28.926266
Slovenia,SVN,2001,0.42006668,0.70011115,20.21321,40.996513,24.103828
Slovenia,SVN,2002,0.3397318,0.74940836,19.084934,38.929268,22.52222
Slovenia,SVN,2003,0.2897818,0.8193831,24.13183,44.37659,23.20253
Slovenia,SVN,2004,0.28020394,0.8606264,23.417044,44.06207,20.665041
Slovenia,SVN,2005,0.24037077,0.981514,23.54632,43.87768,22.815193
Slovenia,SVN,2006,0.3911456,1.0029374,20.881157,44.650776,20.289423
Slovenia,SVN,2007,0.50145,1.0530449,21.391857,41.61032,19.867449
Slovenia,SVN,2008,0.411399,0.9733099,21.342577,41.250275,24.54346
Slovenia,SVN,2009,0.50206083,1.0141628,20.654781,39.39169,26.318027
Slovenia,SVN,2010,0.6399997,1.0099995,19.99999,39.54998,24.959988
Slovenia,SVN,2011,0.39999905,0.92999774,19.789953,37.079914,23.699944
Slovenia,SVN,2012,0.3599997,0.8599992,18.919983,33.48997,24.959976
Slovenia,SVN,2013,0.37999776,0.7999953,18.569891,28.249834,23.63986
Slovenia,SVN,2014,0.28000066,0.8700021,17.14004,29.60007,24.200058
Slovenia,SVN,2015,0.2600005,0.8600017,18.020035,27.830053,23.890045
Slovenia,SVN,2016,0.24999893,0.86999625,18.129921,30.16987,24.019897
Slovenia,SVN,2017,0.34999996,0.85999995,17.49,30.789999,24.189999
Slovenia,SVN,2018,0.41999918,0.88999826,14.799972,30.029942,24.169952
Slovenia,SVN,2019,0.52000046,0.8100008,14.740013,29.910028,29.070026
Slovenia,SVN,2020,0.30999985,0.8199996,15.119992,25.479986,26.869987
Slovenia,SVN,2021,0.419999,0.839998,12.139972,23.009945,28.049932
Slovenia,SVN,2022,0.31999984,0.78999966,12.219995,21.289991,27.719986
Slovenia,SVN,2023,0.31000087,0.8300023,10.090028,19.340054,29.830084
Small Island Developing States (FAO),,1961,2.84,0.65,10.81,4.35,3.19
Small Island Developing States (FAO),,1962,3.35,0.64,10.92,4.4,3.37
Small Island Developing States (FAO),,1963,3.72,0.64,11.14,4.42,3.54
Small Island Developing States (FAO),,1964,3.04,0.64,11.81,4.5,3.72
Small Island Developing States (FAO),,1965,2.14,0.63,11.43,4.46,3.87
Small Island Developing States (FAO),,1966,2.71,0.62,11.15,4.54,4.23
Small Island Developing States (FAO),,1967,2.91,0.65,11.03,4.45,4.46
Small Island Developing States (FAO),,1968,2.74,0.67,13.17,4.45,4.66
Small Island Developing States (FAO),,1969,2.68,0.68,12.94,4.38,4.92
Small Island Developing States (FAO),,1970,2.81,0.71,12.26,4.54,5.37
Small Island Developing States (FAO),,1971,2.82,0.76,11.54,4.89,5.7
Small Island Developing States (FAO),,1972,2.85,0.8,11.21,4.99,5.74
Small Island Developing States (FAO),,1973,3.09,0.7,10,5.11,6.12
Small Island Developing States (FAO),,1974,3.56,0.68,9.15,4.83,6.18
Small Island Developing States (FAO),,1975,2.99,0.77,9.05,4.65,7.68
Small Island Developing States (FAO),,1976,2.73,0.77,10.13,4.97,6.93
Small Island Developing States (FAO),,1977,2.47,0.82,10.49,6.14,7.58
Small Island Developing States (FAO),,1978,2.68,0.77,10.76,5.18,8.43
Small Island Developing States (FAO),,1979,2.61,0.75,9.6,5.04,8.97
Small Island Developing States (FAO),,1980,2.72,0.75,9.64,4.6,10.13
Small Island Developing States (FAO),,1981,2.61,0.73,9.52,4.34,10.36
Small Island Developing States (FAO),,1982,3.09,0.75,9.75,4.38,9.69
Small Island Developing States (FAO),,1983,2.76,0.76,9.81,4.46,10.2
Small Island Developing States (FAO),,1984,2.73,0.83,9.71,4.72,10.93
Small Island Developing States (FAO),,1985,2.63,0.95,9.62,5.14,10.82
Small Island Developing States (FAO),,1986,2.38,0.97,9.48,5.24,10.9
Small Island Developing States (FAO),,1987,2.25,1.07,9.1,5.43,11.12
Small Island Developing States (FAO),,1988,2.43,0.96,9.22,5.3,11.53
Small Island Developing States (FAO),,1989,2.57,1.06,9.14,5.46,12.18
Small Island Developing States (FAO),,1990,2.37,1.15,9,5.71,12.44
Small Island Developing States (FAO),,1991,1.48,1.27,7.77,5.86,13.09
Small Island Developing States (FAO),,1992,1.26,1.27,7.41,5.95,11.22
Small Island Developing States (FAO),,1993,1.18,1.2,7.17,6.98,11.48
Small Island Developing States (FAO),,1994,1.18,1.23,6.93,7.13,11.06
Small Island Developing States (FAO),,1995,1.11,1.15,6.97,6.91,11.39
Small Island Developing States (FAO),,1996,1.09,1.11,6.99,7,12.87
Small Island Developing States (FAO),,1997,1.07,1.14,6.84,6.55,13.85
Small Island Developing States (FAO),,1998,1.08,1.22,7.05,6.78,15.16
Small Island Developing States (FAO),,1999,0.75,1.34,6.78,7.26,15.93
Small Island Developing States (FAO),,2000,0.78,1.35,6.99,7.23,16.17
Small Island Developing States (FAO),,2001,0.79,1.29,6.69,7.12,16.71
Small Island Developing States (FAO),,2002,0.81,1.27,6.68,7.44,17.2
Small Island Developing States (FAO),,2003,0.82,1.23,6.33,7.4,17.02
Small Island Developing States (FAO),,2004,0.86,1.27,6.35,7.29,19.46
Small Island Developing States (FAO),,2005,0.7,1.27,6.65,8.07,19.59
Small Island Developing States (FAO),,2006,0.76,1.3,7.06,8.75,21.15
Small Island Developing States (FAO),,2007,0.76,1.4,7.06,10.51,21.51
Small Island Developing States (FAO),,2008,2.13,1.35,7.28,10.82,21.14
Small Island Developing States (FAO),,2009,2.41,1.27,7.06,10.55,22.76
Small Island Developing States (FAO),,2010,8.45,1.24,6.57,9.78,18.65
Small Island Developing States (FAO),,2011,8.64,1.24,6.13,10.24,19.33
Small Island Developing States (FAO),,2012,8.53,1.28,5.98,9.49,19.88
Small Island Developing States (FAO),,2013,8.61,1.25,5.96,9.99,20.13
Small Island Developing States (FAO),,2014,8.54,1.23,5.67,10.21,20.75
Small Island Developing States (FAO),,2015,8.84,1.24,6.06,10.3,20.98
Small Island Developing States (FAO),,2016,9.02,1.24,5.91,10.79,22.6
Small Island Developing States (FAO),,2017,8.48,1.16,5.15,10.98,23.89
Small Island Developing States (FAO),,2018,8.99,1.09,5.36,11.11,23.94
Small Island Developing States (FAO),,2019,8.28,1.04,5.35,10.7,24.3
Small Island Developing States (FAO),,2020,8.14,1.09,4.95,8.88,25.54
Small Island Developing States (FAO),,2021,8.02,1.18,5.29,9.1,25.46
Small Island Developing States (FAO),,2022,7.98,1.36,5.41,10.86,25.83
Small Island Developing States (FAO),,2023,8.09,1.42,5.13,9,26.15
Solomon Islands,SLB,1961,0,0,4.588689,4.622554,0.6434324
Solomon Islands,SLB,1962,0,0,4.078038,4.736338,0.641201
Solomon Islands,SLB,1963,0,0,4.6303315,4.820029,0.6380718
Solomon Islands,SLB,1964,0,0,5.9073277,4.847483,0.65154344
Solomon Islands,SLB,1965,0,0,4.773702,5.009764,0.64698523
Solomon Islands,SLB,1966,0,0,6.003815,5.2302637,0.6504866
Solomon Islands,SLB,1967,0,0,5.3849196,5.340781,0.6620803
Solomon Islands,SLB,1968,0,0,6.6222215,5.490294,0.7308508
Solomon Islands,SLB,1969,0,0,6.5329185,5.7960553,0.75483507
Solomon Islands,SLB,1970,0,0,7.293731,6.3876777,0.85169035
Solomon Islands,SLB,1971,0,0,6.790512,6.4964714,0.9648224
Solomon Islands,SLB,1972,0,0,7.116186,6.72344,1.1782384
Solomon Islands,SLB,1973,0,0,5.989051,6.9416404,1.0940628
Solomon Islands,SLB,1974,0,0,8.267472,6.951542,1.172894
Solomon Islands,SLB,1975,0,0,6.5179644,6.864051,1.0382599
Solomon Islands,SLB,1976,0,0,6.4313016,6.7902126,0.95062983
Solomon Islands,SLB,1977,0,0,6.4895115,6.7320194,0.9700316
Solomon Islands,SLB,1978,0,0,6.9814,6.632814,1.1038551
Solomon Islands,SLB,1979,0,0,6.4680123,6.6037726,1.3091179
Solomon Islands,SLB,1980,0,0,7.236058,6.566771,1.2706751
Solomon Islands,SLB,1981,0,0,6.206538,6.3513255,1.3223884
Solomon Islands,SLB,1982,0,0,9.000717,6.2133985,1.2000957
Solomon Islands,SLB,1983,0,0,6.6529965,6.179852,1.0525061
Solomon Islands,SLB,1984,0,0,8.385547,6.017183,0.8279644
Solomon Islands,SLB,1985,0,0,8.567449,6.025037,0.91143066
Solomon Islands,SLB,1986,0,0,7.2939305,5.6401296,0.9655137
Solomon Islands,SLB,1987,0,0,6.0270514,5.6081095,0.78075546
Solomon Islands,SLB,1988,0,0,5.5725107,5.591465,0.8150271
Solomon Islands,SLB,1989,0,0,8.478149,5.5074964,0.48096284
Solomon Islands,SLB,1990,0,0,3.9159083,5.45968,0.5271415
Solomon Islands,SLB,1991,0,0,2.6957977,5.973963,0.46965116
Solomon Islands,SLB,1992,0,0,2.642136,5.7621055,0.49657166
Solomon Islands,SLB,1993,0,0,3.1671767,5.801819,0.5325341
Solomon Islands,SLB,1994,0,0,3.1847413,5.6316686,0.5697045
Solomon Islands,SLB,1995,0,0,3.0418668,5.673175,0.6718234
Solomon Islands,SLB,1996,0,0,4.1743665,5.4509025,0.7920115
Solomon Islands,SLB,1997,0,0,3.170708,5.436831,0.8766074
Solomon Islands,SLB,1998,0,0,1.6099628,5.21144,0.6886546
Solomon Islands,SLB,1999,0,0,1.4810075,4.983264,0.76379
Solomon Islands,SLB,2000,0,0,1.4123651,4.8731275,0.78568655
Solomon Islands,SLB,2001,0,0,1.3499666,5.1072164,0.68914384
Solomon Islands,SLB,2002,0.01900908,0.13306357,3.117489,5.103938,0.78887683
Solomon Islands,SLB,2003,0.019134896,0.047837242,2.5066714,5.1090174,0.7366935
Solomon Islands,SLB,2004,0.009649865,0.086848795,2.8563602,5.1240788,0.78163916
Solomon Islands,SLB,2005,0.058250014,0.077666685,3.126084,5.223085,0.8931669
Solomon Islands,SLB,2006,0.0782747,0.06849036,3.6593423,5.078071,1.2915326
Solomon Islands,SLB,2007,0.029510085,0.049183477,4.0625553,4.8888373,1.5345243
Solomon Islands,SLB,2008,0.009905621,0.05943373,3.9622486,5.3490357,2.0009356
Solomon Islands,SLB,2009,0.009939207,0.069574445,4.63167,5.0292387,2.315835
Solomon Islands,SLB,2010,0,0.21999751,4.589948,4.7099466,2.3399734
Solomon Islands,SLB,2011,0.01999971,0.049999278,6.489906,4.489935,5.7899165
Solomon Islands,SLB,2012,0.02999932,0.05999864,6.15986,4.429899,2.4899435
Solomon Islands,SLB,2013,0.029999899,0.12999956,5.3399825,4.3999853,3.1099894
Solomon Islands,SLB,2014,0,0.08999927,2.7899773,5.4499555,5.519955
Solomon Islands,SLB,2015,0.049998984,0.06999858,1.819963,5.7198834,5.499888
Solomon Islands,SLB,2016,0,0.06999926,1.89998,4.409953,7.159924
Solomon Islands,SLB,2017,0,0.04999949,3.2699666,4.009959,7.0999274
Solomon Islands,SLB,2018,0,0.059999235,3.0199616,4.079948,6.859913
Solomon Islands,SLB,2019,0,0.03999967,2.0099835,5.439955,6.309948
Solomon Islands,SLB,2020,0.03999973,0.049999665,1.9799867,4.739968,7.289951
Solomon Islands,SLB,2021,0.009999948,0.14999923,2.3699875,5.0599737,8.459956
Solomon Islands,SLB,2022,0,0.06999955,1.8599881,4.3099723,8.719945
Solomon Islands,SLB,2023,0.0099999495,0.079999596,2.189989,4.03998,9.299953
Somalia,SOM,2010,3.5113559,6.2772846,4.472565,0.009808257,0.40213853
Somalia,SOM,2011,3.581308,6.3810596,4.5607266,0.009893116,0.40561774
Somalia,SOM,2012,3.643898,6.489133,4.6322427,0.009983282,0.40931454
Somalia,SOM,2013,3.6251745,6.451412,4.653805,0.009986706,0.40945494
Somalia,SOM,2014,3.581857,6.4752793,4.719271,0.009977317,0.42902467
Somalia,SOM,2015,3.5588665,6.419916,4.70528,0.0099688135,0.40872136
Somalia,SOM,2016,3.2473016,5.697719,4.0143027,0.009961047,0.40840295
Somalia,SOM,2017,3.1389325,5.371062,3.816543,0.01992973,0.40855944
Somalia,SOM,2018,3.051802,5.1062827,3.7100337,0.019946417,0.49866045
Somalia,SOM,2019,2.990705,5.433114,3.568908,0.019938033,0.40872967
Somalia,SOM,2020,2.969497,4.9458513,3.456137,0.019862855,0.51643425
Somalia,SOM,2021,2.8555548,4.6439815,3.2211447,0.009880812,0.6620144
Somalia,SOM,2022,2.7876232,4.4087944,3.12372,0.009885189,0.78093
South Africa,ZAF,1961,0.021114217,7.252733,21.483715,3.2410321,2.0375218
South Africa,ZAF,1962,0.021037376,7.0264835,20.69026,3.2187185,2.3035927
South Africa,ZAF,1963,0.020952893,6.8411202,20.869083,3.1743634,2.4829178
South Africa,ZAF,1964,0.010430348,6.748435,20.766823,3.4002934,2.784903
South Africa,ZAF,1965,0.010379592,7.36951,20.572351,3.3526082,3.0723593
South Africa,ZAF,1966,0,7.5044246,19.860403,3.1586711,3.5096347
South Africa,ZAF,1967,0.010260867,7.521216,19.187822,3.478434,3.9196513
South Africa,ZAF,1968,0.010199316,8.434835,18.603552,3.3351765,4.344909
South Africa,ZAF,1969,0.030432096,9.281789,18.005657,3.6315634,4.656111
South Africa,ZAF,1970,0.060600564,8.1406765,17.008558,3.4643323,4.8076453
South Africa,ZAF,1971,0.050359286,8.480503,16.548061,3.4747906,4.844563
South Africa,ZAF,1972,0.050267994,8.857221,17.674227,3.7399387,5.479211
South Africa,ZAF,1973,0.07026144,6.584501,18.528944,3.914566,6.3636794
South Africa,ZAF,1974,0.07014536,5.431255,20.342154,3.4671848,6.002438
South Africa,ZAF,1975,0.110034496,5.5617437,20.146315,3.3410473,6.7321105
South Africa,ZAF,1976,0.11981155,5.74097,19.63911,3.4246137,7.448285
South Africa,ZAF,1977,0.039839298,5.448024,20.039167,3.296702,7.0415964
South Africa,ZAF,1978,0.06950895,5.570646,20.107944,3.028604,7.2487903
South Africa,ZAF,1979,0.03961841,5.6258144,20.11625,2.9812856,7.032268
South Africa,ZAF,1980,0.07880251,5.4570737,19.355865,2.955094,7.6536937
South Africa,ZAF,1981,0.13673599,5.3229365,17.687777,3.115627,7.8232517
South Africa,ZAF,1982,0.22269349,5.1606793,18.406101,3.485637,8.220294
South Africa,ZAF,1983,0.28781918,4.9888654,17.547375,3.40586,8.7401085
South Africa,ZAF,1984,0.25655454,4.8365283,18.101347,3.2401888,8.779866
South Africa,ZAF,1985,0.25413463,4.7250214,18.28828,3.011966,9.130021
South Africa,ZAF,1986,0.20511757,3.8972335,16.362787,2.8809693,9.454056
South Africa,ZAF,1987,0.14772682,4.3025436,16.74853,2.8991392,9.77767
South Africa,ZAF,1988,0.2286539,4.298693,15.722242,3.0273776,9.832118
South Africa,ZAF,1989,0.22688805,4.229193,14.938309,3.2127347,9.701733
South Africa,ZAF,1990,0.2528339,4.1356406,15.522197,3.196543,13.644001
South Africa,ZAF,1991,0.27125856,4.050794,16.374975,2.7216275,12.60448
South Africa,ZAF,1992,0.2913991,4.207074,17.265394,3.041478,12.612117
South Africa,ZAF,1993,0.2836937,3.8069863,16.884352,2.818634,12.628945
South Africa,ZAF,1994,1.1890922,3.6410189,15.264625,2.9035974,14.057097
South Africa,ZAF,1995,0.6138497,3.497083,12.388602,3.0971506,15.178828
South Africa,ZAF,1996,0.23382741,3.6383548,11.86908,2.9836378,15.834793
South Africa,ZAF,1997,0.21610016,3.5703504,12.045235,2.8468845,17.194056
South Africa,ZAF,1998,0.23558165,3.4866085,11.119454,2.7044773,15.812242
South Africa,ZAF,1999,0.27427238,3.9816787,10.895235,2.8467584,17.212957
South Africa,ZAF,2000,0.23773469,4.393337,13.322652,2.4153843,19.180435
South Africa,ZAF,2001,0.15309164,3.664631,10.936484,2.5068755,20.131552
South Africa,ZAF,2002,0.24046524,3.2510903,11.763559,2.462364,20.776197
South Africa,ZAF,2003,0.2802456,3.4885745,12.55307,3.1310198,21.173038
South Africa,ZAF,2004,0.320311,3.5428338,13.297759,3.4263568,21.577312
South Africa,ZAF,2005,0.3508706,3.5184522,14.366201,3.5379453,22.972277
South Africa,ZAF,2006,0.352229,3.7277567,16.182966,3.4440167,24.75387
South Africa,ZAF,2007,0.50065786,3.2199173,15.922884,4.9084105,27.280949
South Africa,ZAF,2008,0.6392215,3.8549976,15.036457,6.09719,29.984407
South Africa,ZAF,2009,0.64930147,3.7580779,14.865067,6.51269,30.763115
South Africa,ZAF,2010,0.6100001,3.1600003,17.100002,4.3000007,32.670002
South Africa,ZAF,2011,0.84,3.13,16.63,4.35,34.15
South Africa,ZAF,2012,0.76,3.14,16.27,4.44,34.63
South Africa,ZAF,2013,0.75,3.15,17.6,3.95,36.17
South Africa,ZAF,2014,0.83,3.26,18.11,4.4,36.43
South Africa,ZAF,2015,0.83000004,3.1600003,18.730001,4.03,35.21
South Africa,ZAF,2016,0.77,3.13,18.73,4.07,37.04
South Africa,ZAF,2017,0.81000006,3.16,17.35,3.9200003,36.71
South Africa,ZAF,2018,0.86,3.14,16.92,4.66,38.02
South Africa,ZAF,2019,0.7700001,2.8500004,17.220003,4.110001,37.72001
South Africa,ZAF,2020,0.77000004,3.2300003,16.910002,4.9800005,37.320004
South Africa,ZAF,2021,0.79,3.36,15.9,5.49,36.41
South Africa,ZAF,2022,0.8199999,2.6699998,15.489998,5.6399994,35.469997
South Africa,ZAF,2023,0.83999985,2.3599997,15.639998,5.4799995,33.949997
South America,OWID_SAM,1961,0.9005781,2.2806582,27.033592,6.4512224,2.071527
South America,OWID_SAM,1962,0.8680773,2.2229145,27.005732,6.462815,2.165091
South America,OWID_SAM,1963,0.8674628,2.0201159,26.781723,6.165647,2.4429932
South America,OWID_SAM,1964,0.919712,1.9957029,24.185102,6.051765,2.6929078
South America,OWID_SAM,1965,0.74009347,2.0604284,23.89163,6.3573284,3.268351
South America,OWID_SAM,1966,0.71166486,2.145767,24.537798,6.696109,3.3455007
South America,OWID_SAM,1967,0.67917174,2.0578547,24.9431,6.596292,3.5780725
South America,OWID_SAM,1968,0.6313198,2.2499583,26.239346,6.5833406,3.7732923
South America,OWID_SAM,1969,0.61892235,2.0720823,27.167057,6.5998163,4.0664334
South America,OWID_SAM,1970,0.59554523,2.042994,26.087864,6.766014,4.548299
South America,OWID_SAM,1971,0.56806237,2.0683568,22.712812,7.0639744,4.6305137
South America,OWID_SAM,1972,0.42644212,1.7776153,22.814947,6.6929293,5.0361485
South America,OWID_SAM,1973,0.43540534,1.5642846,23.402073,6.502292,5.496684
South America,OWID_SAM,1974,0.4849016,1.5886778,24.793993,6.484867,6.1196632
South America,OWID_SAM,1975,0.44736832,1.4630246,26.56125,6.6020846,6.0900793
South America,OWID_SAM,1976,0.47338885,1.4179319,27.448395,6.5443993,6.2498507
South America,OWID_SAM,1977,0.46371004,1.3617678,27.227,6.64395,6.6078496
South America,OWID_SAM,1978,0.45133963,1.2931464,28.60978,6.6169214,7.313853
South America,OWID_SAM,1979,0.4789842,1.2670126,28.063862,6.94704,8.353225
South America,OWID_SAM,1980,0.42525983,1.1377016,28.20261,7.2219486,9.173505
South America,OWID_SAM,1981,0.4251953,1.146525,28.015156,7.1379604,9.356424
South America,OWID_SAM,1982,0.41232058,1.1100441,25.582088,6.4236803,9.8732605
South America,OWID_SAM,1983,0.4054551,1.1181189,24.987091,6.384369,9.476719
South America,OWID_SAM,1984,0.42819884,1.0947267,25.75538,5.75755,8.623237
South America,OWID_SAM,1985,0.3981152,1.1112883,26.69712,5.8215632,9.060225
South America,OWID_SAM,1986,0.387547,1.2305683,27.46052,6.167568,9.848395
South America,OWID_SAM,1987,0.39050156,1.2085183,26.416529,6.728926,10.953371
South America,OWID_SAM,1988,0.35361835,1.1678401,25.986927,6.904695,11.395395
South America,OWID_SAM,1989,0.3655962,1.095101,27.622034,6.6168203,10.977022
South America,OWID_SAM,1990,0.40281054,1.084926,27.402115,6.330337,11.747209
South America,OWID_SAM,1991,0.40900186,1.1127805,28.051563,6.7875953,13.246325
South America,OWID_SAM,1992,0.4420683,1.0672697,27.579378,7.0554566,14.591103
South America,OWID_SAM,1993,0.40925837,1.0693091,27.481476,7.952164,15.902592
South America,OWID_SAM,1994,0.41277662,1.1262985,28.215849,8.680131,17.298944
South America,OWID_SAM,1995,0.40484622,1.099582,29.611662,8.895338,19.83636
South America,OWID_SAM,1996,0.40856242,0.9370246,30.877378,8.897249,19.120853
South America,OWID_SAM,1997,0.38707536,0.86704624,30.211588,9.185194,20.886232
South America,OWID_SAM,1998,0.37529168,0.8233591,29.043598,10.03027,21.526995
South America,OWID_SAM,1999,0.40334684,0.8767487,30.044058,10.199984,23.359459
South America,OWID_SAM,2000,0.40355963,0.90485334,30.148336,10.495241,24.405813
South America,OWID_SAM,2001,0.37201104,0.8881367,29.323196,10.068241,24.558672
South America,OWID_SAM,2002,0.36856943,0.8497427,29.33475,9.503601,24.96382
South America,OWID_SAM,2003,0.3772533,0.84482676,28.386581,10.154018,25.351583
South America,OWID_SAM,2004,0.35607854,0.88039666,28.587059,10.025,26.829998
South America,OWID_SAM,2005,0.4465918,0.8802835,29.980452,8.678843,24.217957
South America,OWID_SAM,2006,0.40014246,0.8768178,30.408192,9.496904,26.487213
South America,OWID_SAM,2007,0.3890128,0.9321939,30.95902,9.810129,28.214806
South America,OWID_SAM,2008,0.38659528,0.8974299,31.320345,10.311566,31.702791
South America,OWID_SAM,2009,0.5172464,0.8528766,31.102818,10.0717125,30.95355
South America,OWID_SAM,2010,0.417596,0.76266885,31.081623,10.271557,34.30023
South America,OWID_SAM,2011,0.38301194,0.7263662,31.288155,10.634748,36.455406
South America,OWID_SAM,2012,0.43372852,0.71673113,31.887762,10.459805,36.412823
South America,OWID_SAM,2013,0.45199308,0.6872753,32.63141,10.596431,37.808735
South America,OWID_SAM,2014,0.43617168,0.7015887,31.794254,11.09808,39.5163
South America,OWID_SAM,2015,0.43484044,0.6862667,30.929842,11.566271,40.4682
South America,OWID_SAM,2016,0.42158,0.66571003,29.838182,11.843056,39.83558
South America,OWID_SAM,2017,0.5297425,0.66187096,30.04131,12.261116,40.585697
South America,OWID_SAM,2018,0.6728426,0.6753293,30.310352,13.006495,40.860634
South America,OWID_SAM,2019,0.6182833,0.69011015,29.626696,12.957573,41.256115
South America,OWID_SAM,2020,0.60460097,0.71809113,28.617851,12.604863,41.86139
South America,OWID_SAM,2021,0.5372837,0.68038434,27.924658,13.834113,42.25305
South America,OWID_SAM,2022,0.53890485,0.6665095,27.702934,14.602507,42.521175
South America,OWID_SAM,2023,0.6033278,0.69380164,29.71842,14.964857,41.94063
South America (FAO),,1961,0.9,2.29,27.15,6.48,2.08
South America (FAO),,1962,0.87,2.23,27.12,6.49,2.17
South America (FAO),,1963,0.87,2.03,26.88,6.19,2.45
South America (FAO),,1964,0.92,2,24.26,6.07,2.7
South America (FAO),,1965,0.74,2.07,23.96,6.38,3.28
South America (FAO),,1966,0.71,2.15,24.61,6.72,3.35
South America (FAO),,1967,0.68,2.06,25,6.61,3.59
South America (FAO),,1968,0.63,2.26,26.3,6.6,3.78
South America (FAO),,1969,0.62,2.07,27.22,6.61,4.07
South America (FAO),,1970,0.6,2.05,26.13,6.78,4.56
South America (FAO),,1971,0.57,2.07,22.73,7.07,4.63
South America (FAO),,1972,0.43,1.78,22.83,6.7,5.04
South America (FAO),,1973,0.43,1.57,23.42,6.51,5.5
South America (FAO),,1974,0.49,1.59,24.8,6.49,6.12
South America (FAO),,1975,0.45,1.46,26.56,6.6,6.09
South America (FAO),,1976,0.48,1.41,27.43,6.54,6.24
South America (FAO),,1977,0.46,1.36,27.2,6.64,6.6
South America (FAO),,1978,0.45,1.29,28.57,6.61,7.3
South America (FAO),,1979,0.48,1.27,28.02,6.93,8.34
South America (FAO),,1980,0.43,1.14,28.16,7.21,9.16
South America (FAO),,1981,0.43,1.15,27.96,7.13,9.34
South America (FAO),,1982,0.41,1.11,25.54,6.41,9.85
South America (FAO),,1983,0.4,1.12,24.94,6.37,9.46
South America (FAO),,1984,0.43,1.09,25.71,5.75,8.61
South America (FAO),,1985,0.4,1.11,26.66,5.81,9.05
South America (FAO),,1986,0.39,1.23,27.42,6.16,9.83
South America (FAO),,1987,0.39,1.2,26.38,6.72,10.94
South America (FAO),,1988,0.35,1.16,25.95,6.89,11.38
South America (FAO),,1989,0.36,1.1,27.59,6.61,10.96
South America (FAO),,1990,0.4,1.09,27.39,6.33,11.74
South America (FAO),,1991,0.41,1.11,28.04,6.78,13.24
South America (FAO),,1992,0.44,1.07,27.58,7.05,14.59
South America (FAO),,1993,0.41,1.07,27.49,7.96,15.91
South America (FAO),,1994,0.41,1.12,28.23,8.68,17.31
South America (FAO),,1995,0.41,1.1,29.63,8.9,19.85
South America (FAO),,1996,0.41,0.94,30.89,8.9,19.13
South America (FAO),,1997,0.39,0.87,30.21,9.18,20.89
South America (FAO),,1998,0.38,0.82,29.04,10.03,21.53
South America (FAO),,1999,0.4,0.88,30.04,10.2,23.36
South America (FAO),,2000,0.4,0.9,30.13,10.49,24.39
South America (FAO),,2001,0.37,0.89,29.28,10.05,24.52
South America (FAO),,2002,0.37,0.85,29.27,9.48,24.91
South America (FAO),,2003,0.37,0.84,28.29,10.12,25.26
South America (FAO),,2004,0.35,0.88,28.46,9.98,26.71
South America (FAO),,2005,0.45,0.88,29.83,8.63,24.09
South America (FAO),,2006,0.4,0.87,30.23,9.44,26.34
South America (FAO),,2007,0.39,0.93,30.77,9.75,28.04
South America (FAO),,2008,0.38,0.89,31.11,10.24,31.49
South America (FAO),,2009,0.52,0.84,30.87,10,30.72
South America (FAO),,2010,0.42,0.76,31.08,10.27,34.3
South America (FAO),,2011,0.39,0.73,31.29,10.63,36.46
South America (FAO),,2012,0.44,0.71,31.89,10.46,36.41
South America (FAO),,2013,0.45,0.69,32.63,10.6,37.81
South America (FAO),,2014,0.44,0.7,31.8,11.1,39.52
South America (FAO),,2015,0.44,0.69,30.93,11.57,40.47
South America (FAO),,2016,0.42,0.67,29.84,11.84,39.84
South America (FAO),,2017,0.53,0.66,30.04,12.26,40.59
South America (FAO),,2018,0.67,0.68,30.31,13,40.86
South America (FAO),,2019,0.62,0.69,29.63,12.96,41.25
South America (FAO),,2020,0.61,0.72,28.62,12.61,41.86
South America (FAO),,2021,0.54,0.68,27.93,13.83,42.25
South America (FAO),,2022,0.54,0.67,27.7,14.6,42.52
South America (FAO),,2023,0.6,0.69,29.72,14.97,41.94
South Korea,KOR,1961,0.18261337,0.02883369,0.7785097,2.3451402,0.61511874
South Korea,KOR,1962,0.16373229,0.038525242,0.8860806,1.454328,0.5778787
South Korea,KOR,1963,0.27967018,0.028931396,1.0993931,2.0541294,0.6075593
South Korea,KOR,1964,0.24152914,0.01932233,1.6134145,2.289696,0.6472981
South Korea,KOR,1965,0.17452125,0.01939125,1.3476918,2.5984275,0.6689981
South Korea,KOR,1966,0.16521576,0.01943715,0.99129456,3.2071295,0.6511445
South Korea,KOR,1967,0.1844629,0.009708574,1.048526,2.3688922,0.8252288
South Korea,KOR,1968,0.17439194,0.009688441,1.1626129,1.9764419,1.1044823
South Korea,KOR,1969,0.13542558,0.009673256,1.0640582,2.3602746,1.3542559
South Korea,KOR,1970,0.10626417,0.009660378,1.1689059,2.5213587,1.4104153
South Korea,KOR,1971,0.09653471,0.02896041,1.2066839,2.4326746,1.5252484
South Korea,KOR,1972,0.06757126,0.10618341,1.1776706,2.5290956,1.6506693
South Korea,KOR,1973,0.13518514,0.13518514,1.3808196,2.4719567,1.5546291
South Korea,KOR,1974,0.12559456,0.22220576,1.5457792,2.5215523,1.5651015
South Korea,KOR,1975,0.17416617,0.21286975,2.3512433,2.5254092,1.6158749
South Korea,KOR,1976,0.17461222,0.28131968,2.046843,2.987809,1.7364215
South Korea,KOR,1977,0.18478306,0.33066443,1.9548103,3.8415425,2.0520644
South Korea,KOR,1978,0.21453607,0.5363402,3.1595314,4.807558,2.2818837
South Korea,KOR,1979,0.22499332,0.430422,3.9227097,7.532385,2.4455795
South Korea,KOR,1980,0.17674316,0.14728597,2.5038614,7.6883273,2.425309
South Korea,KOR,1981,0.118005045,0.13767256,3.3434765,6.765623,2.4092698
South Korea,KOR,1982,0.108071014,0.11789565,4.2737174,7.6140943,2.5838797
South Korea,KOR,1983,0.09823518,0.15717629,4.224113,9.224283,3.055114
South Korea,KOR,1984,0.0884808,0.098312,3.696531,10.56854,2.94936
South Korea,KOR,1985,0.10827055,0.17717,4.1142807,10.551457,3.1595314
South Korea,KOR,1986,0.1377868,0.118102975,4.989851,7.716061,4.8914313
South Korea,KOR,1987,0.11791288,0.15721717,4.913037,8.853292,5.2766013
South Korea,KOR,1988,0.10784479,0.2941222,4.735367,9.784464,5.500085
South Korea,KOR,1989,0.097746655,0.28346527,4.7993603,10.8596525,5.6106577
South Korea,KOR,1990,0.10723156,0.21446311,5.6345315,12.507099,6.1609406
South Korea,KOR,1991,0.11709676,0.1854032,7.250241,12.529353,7.474676
South Korea,KOR,1992,0.13707577,0.35248056,8.136426,16.79178,8.390995
South Korea,KOR,1993,0.12757096,0.2551419,7.742576,17.016005,8.772957
South Korea,KOR,1994,0.147428,0.2358848,8.472196,17.907587,9.160193
South Korea,KOR,1995,0.18700385,0.2854269,9.232085,18.434643,9.645462
South Korea,KOR,1996,0.20678963,0.236331,9.896361,19.733639,10.349329
South Korea,KOR,1997,0.19686323,0.20670637,11.762578,19.8635,9.695515
South Korea,KOR,1998,0.13775337,0.17711148,10.685725,19.236273,8.570228
South Korea,KOR,1999,0.17706436,0.14755364,12.158419,22.477337,10.446796
South Korea,KOR,2000,0.16712953,0.11797378,12.937792,22.975395,10.578317
South Korea,KOR,2001,0.21602277,0.10801139,9.819217,21.779022,10.948426
South Korea,KOR,2002,0.21579006,0.11770367,13.388793,24.315619,11.348596
South Korea,KOR,2003,0.2549539,0.11767103,13.532168,27.172201,11.002242
South Korea,KOR,2004,0.23549116,0.12755771,9.488332,24.677511,9.723823
South Korea,KOR,2005,0.21623623,0.12777595,10.271221,25.899204,12.433583
South Korea,KOR,2006,0.21672098,0.11821145,10.816347,29.375544,13.30864
South Korea,KOR,2007,0.21723677,0.11849278,11.177819,30.995737,13.083579
South Korea,KOR,2008,0.19797966,0.11878779,11.136355,30.884827,13.017161
South Korea,KOR,2009,0.18850616,0.10913514,11.707225,30.061771,13.889928
South Korea,KOR,2010,0.27,0.12,12.84,30.95,15.31
South Korea,KOR,2011,0.26,0.13,15.12,30.57,16.13
South Korea,KOR,2012,0.26,0.14,14.489999,32.37,16.06
South Korea,KOR,2013,0.22999997,0.12999998,14.979998,32.989998,16.099998
South Korea,KOR,2014,0.23000002,0.17000002,15.990001,33.550003,18.140001
South Korea,KOR,2015,0.21,0.21,16.25,35.9,18.91
South Korea,KOR,2016,0.19000001,0.27000004,16.300001,37.020004,19.340002
South Korea,KOR,2017,0.18,0.36,17.2,37.76,18.81
South Korea,KOR,2018,0.17999999,0.36999997,17.999998,40.699997,19.739998
South Korea,KOR,2019,0.15000002,0.37000006,19.290003,40.140007,20.960003
South Korea,KOR,2020,0.15,0.38,19.07,38,22.55
South Korea,KOR,2021,0.15,0.40999997,20.319998,38.3,22.139997
South Korea,KOR,2022,0.16999999,0.55999994,19.549997,41.369995,22.199999
South Korea,KOR,2023,0.21999997,0.6499999,18.839998,39.709995,24.579998
South Sudan,SSD,2019,0.97226024,4.811185,13.190664,0.0100233015,8.429596
South Sudan,SSD,2020,0.96163684,3.6086166,12.104728,0.009913782,3.4400823
South Sudan,SSD,2021,0.92983365,3.6204162,11.741623,0,4.65906
South Sudan,SSD,2022,0.9109834,3.8518755,11.951706,0,4.723251
South-eastern Asia (FAO),,1961,0.19,0.21,2.68,3.57,1.48
South-eastern Asia (FAO),,1962,0.19,0.21,2.76,3.72,1.51
South-eastern Asia (FAO),,1963,0.19,0.2,2.71,3.74,1.63
South-eastern Asia (FAO),,1964,0.21,0.2,2.72,3.87,1.66
South-eastern Asia (FAO),,1965,0.21,0.19,2.76,3.95,1.76
South-eastern Asia (FAO),,1966,0.21,0.19,2.76,4.12,1.85
South-eastern Asia (FAO),,1967,0.21,0.19,2.7,4.16,1.91
South-eastern Asia (FAO),,1968,0.2,0.16,2.66,4.27,2.07
South-eastern Asia (FAO),,1969,0.19,0.19,2.69,4.26,2.06
South-eastern Asia (FAO),,1970,0.18,0.19,2.72,4.17,2.08
South-eastern Asia (FAO),,1971,0.18,0.18,2.64,4.01,2.1
South-eastern Asia (FAO),,1972,0.18,0.2,2.66,3.82,2.18
South-eastern Asia (FAO),,1973,0.18,0.21,2.76,3.89,2.39
South-eastern Asia (FAO),,1974,0.17,0.2,3.12,3.73,2.33
South-eastern Asia (FAO),,1975,0.17,0.22,2.82,3.45,2.43
South-eastern Asia (FAO),,1976,0.16,0.22,2.75,3.46,2.38
South-eastern Asia (FAO),,1977,0.15,0.22,2.72,3.29,2.43
South-eastern Asia (FAO),,1978,0.15,0.23,2.8,3.72,2.55
South-eastern Asia (FAO),,1979,0.14,0.23,2.73,3.77,2.86
South-eastern Asia (FAO),,1980,0.13,0.23,2.62,3.91,2.96
South-eastern Asia (FAO),,1981,0.13,0.22,2.65,4.36,3.22
South-eastern Asia (FAO),,1982,0.14,0.23,2.67,4.32,3.44
South-eastern Asia (FAO),,1983,0.14,0.32,2.55,4.6,3.76
South-eastern Asia (FAO),,1984,0.13,0.28,2.58,5.15,3.48
South-eastern Asia (FAO),,1985,0.13,0.29,2.61,5.05,3.66
South-eastern Asia (FAO),,1986,0.14,0.32,2.57,5.13,3.7
South-eastern Asia (FAO),,1987,0.14,0.31,2.58,5.41,3.97
South-eastern Asia (FAO),,1988,0.11,0.33,2.57,5.59,4.04
South-eastern Asia (FAO),,1989,0.11,0.32,2.64,5.91,4.1
South-eastern Asia (FAO),,1990,0.11,0.31,2.53,6.48,4.35
South-eastern Asia (FAO),,1991,0.11,0.31,2.54,6.71,5.11
South-eastern Asia (FAO),,1992,0.11,0.32,2.77,6.93,5.75
South-eastern Asia (FAO),,1993,0.1,0.35,2.91,7.13,6.12
South-eastern Asia (FAO),,1994,0.11,0.32,2.87,7.6,6.28
South-eastern Asia (FAO),,1995,0.1,0.31,2.84,7.51,6.47
South-eastern Asia (FAO),,1996,0.1,0.33,2.92,7.64,6.84
South-eastern Asia (FAO),,1997,0.1,0.34,2.9,7.85,6.95
South-eastern Asia (FAO),,1998,0.1,0.28,2.72,7.83,6.49
South-eastern Asia (FAO),,1999,0.1,0.28,2.78,7.67,6.51
South-eastern Asia (FAO),,2000,0.1,0.28,2.9,7.87,6.89
South-eastern Asia (FAO),,2001,0.1,0.31,2.72,8.2,7.24
South-eastern Asia (FAO),,2002,0.1,0.37,2.71,8.92,7.77
South-eastern Asia (FAO),,2003,0.11,0.4,2.79,9.45,8.07
South-eastern Asia (FAO),,2004,0.11,0.37,3.05,9.75,8.18
South-eastern Asia (FAO),,2005,0.11,0.37,2.89,10.47,8.29
South-eastern Asia (FAO),,2006,0.11,0.43,3.04,11.24,8.9
South-eastern Asia (FAO),,2007,0.12,0.41,3.23,11.74,9.48
South-eastern Asia (FAO),,2008,0.12,0.4,3.45,11.75,9.94
South-eastern Asia (FAO),,2009,0.12,0.44,3.57,12.1,10.54
South-eastern Asia (FAO),,2010,0.12,0.42,3.54,10.05,11.49
South-eastern Asia (FAO),,2011,0.12,0.41,3.73,10.27,12.23
South-eastern Asia (FAO),,2012,0.12,0.43,3.71,10.34,12.24
South-eastern Asia (FAO),,2013,0.11,0.45,3.78,10.51,12.74
South-eastern Asia (FAO),,2014,0.1,0.48,3.49,10.74,13.12
South-eastern Asia (FAO),,2015,0.11,0.51,3.55,11.03,13.23
South-eastern Asia (FAO),,2016,0.11,0.51,3.75,11.23,13.56
South-eastern Asia (FAO),,2017,0.11,0.52,3.7,11.26,13.54
South-eastern Asia (FAO),,2018,0.11,0.57,3.74,11.44,13.88
South-eastern Asia (FAO),,2019,0.1,0.51,3.73,10.26,17.14
South-eastern Asia (FAO),,2020,0.1,0.34,3.02,9.21,15.54
South-eastern Asia (FAO),,2021,0.1,0.31,3.38,9.76,15.07
South-eastern Asia (FAO),,2022,0.11,0.35,3.68,10.53,16.24
South-eastern Asia (FAO),,2023,0.11,0.34,3.74,10.16,16.98
Southern Africa (FAO),,1961,0.36,7.06,19.74,2.86,1.76
Southern Africa (FAO),,1962,0.36,6.94,19.29,2.86,2
Southern Africa (FAO),,1963,0.4,6.83,19.52,2.83,2.16
Southern Africa (FAO),,1964,0.38,6.77,19.41,3.04,2.43
Southern Africa (FAO),,1965,0.38,7.32,19.35,3,2.69
Southern Africa (FAO),,1966,0.37,7.45,18.73,2.86,3.08
Southern Africa (FAO),,1967,0.37,7.49,18.37,3.15,3.46
Southern Africa (FAO),,1968,0.39,8.28,17.93,3.05,3.85
Southern Africa (FAO),,1969,0.38,9.11,17.48,3.33,4.15
Southern Africa (FAO),,1970,0.4,8.15,16.89,3.19,4.3
Southern Africa (FAO),,1971,0.39,8.46,16.52,3.22,4.33
Southern Africa (FAO),,1972,0.47,8.78,17.57,3.46,4.91
Southern Africa (FAO),,1973,0.48,6.79,17.9,3.62,5.7
Southern Africa (FAO),,1974,0.5,5.76,19.31,3.24,5.4
Southern Africa (FAO),,1975,0.46,5.91,18.93,3.14,6.06
Southern Africa (FAO),,1976,0.46,5.97,18.63,3.22,6.7
Southern Africa (FAO),,1977,0.38,5.75,19.05,3.11,6.35
Southern Africa (FAO),,1978,0.41,5.9,19.18,2.87,6.56
Southern Africa (FAO),,1979,0.37,5.97,19.26,2.82,6.39
Southern Africa (FAO),,1980,0.4,5.86,18.76,2.81,6.98
Southern Africa (FAO),,1981,0.44,5.58,17.4,2.96,7.2
Southern Africa (FAO),,1982,0.54,5.41,18.1,3.33,7.66
Southern Africa (FAO),,1983,0.62,5.26,17.29,3.28,8.27
Southern Africa (FAO),,1984,0.59,5.17,18.35,3.15,8.38
Southern Africa (FAO),,1985,0.53,5.1,18.53,2.97,8.75
Southern Africa (FAO),,1986,0.5,4.4,16.62,2.88,9.15
Southern Africa (FAO),,1987,0.46,4.74,17.33,2.93,9.55
Southern Africa (FAO),,1988,0.56,4.82,16.45,3.08,9.7
Southern Africa (FAO),,1989,0.57,4.81,15.63,3.3,9.66
Southern Africa (FAO),,1990,0.61,4.68,16.42,3.28,13.72
Southern Africa (FAO),,1991,0.61,4.62,17.26,2.8,12.73
Southern Africa (FAO),,1992,0.64,4.59,18.21,3.07,12.66
Southern Africa (FAO),,1993,0.62,4.2,17.5,2.84,12.49
Southern Africa (FAO),,1994,1.49,4.03,15.49,2.9,13.77
Southern Africa (FAO),,1995,0.89,3.84,12.82,3.08,14.7
Southern Africa (FAO),,1996,0.57,3.93,12.3,2.95,15.2
Southern Africa (FAO),,1997,0.63,3.89,12.16,2.9,16.73
Southern Africa (FAO),,1998,0.6,3.68,11.14,2.78,15.24
Southern Africa (FAO),,1999,0.78,4.35,10.99,2.86,16.56
Southern Africa (FAO),,2000,0.73,4.68,13.6,2.49,18.28
Southern Africa (FAO),,2001,0.6,3.78,11.26,2.56,19.17
Southern Africa (FAO),,2002,0.67,3.41,12.12,2.42,19.56
Southern Africa (FAO),,2003,0.75,3.54,12.62,3.08,20.01
Southern Africa (FAO),,2004,0.82,3.61,13.52,3.48,20.23
Southern Africa (FAO),,2005,0.87,3.61,14.29,3.43,21.38
Southern Africa (FAO),,2006,0.83,3.83,15.87,3.33,22.84
Southern Africa (FAO),,2007,1.06,3.35,15.35,4.66,25.08
Southern Africa (FAO),,2008,1.24,3.95,14.55,5.72,27.63
Southern Africa (FAO),,2009,1.26,3.89,14.39,6.09,28.02
Southern Africa (FAO),,2010,1.22,3.14,15.86,3.96,29.53
Southern Africa (FAO),,2011,1.47,3.13,15.88,4.02,30.87
Southern Africa (FAO),,2012,1.37,3.01,15.25,4.1,31.47
Southern Africa (FAO),,2013,1.28,3.02,16.09,3.75,32.78
Southern Africa (FAO),,2014,1.42,3.13,16.69,4.26,33.08
Southern Africa (FAO),,2015,1.46,3.05,17.17,3.92,31.92
Southern Africa (FAO),,2016,1.37,3.03,17.15,3.97,33.42
Southern Africa (FAO),,2017,1.42,3.05,16.06,3.82,33.04
Southern Africa (FAO),,2018,1.49,3.1,15.67,4.44,34.22
Southern Africa (FAO),,2019,1.37,2.77,15.75,3.96,33.67
Southern Africa (FAO),,2020,1.39,3.12,15.81,4.73,33.37
Southern Africa (FAO),,2021,1.39,3.21,15.37,5.22,32.52
Southern Africa (FAO),,2022,1.4,2.67,15.07,5.32,31.88
Southern Africa (FAO),,2023,1.42,2.36,15.07,5.18,30.46
Southern Asia (FAO),,1961,0.14,1.24,2.67,0.26,0.27
Southern Asia (FAO),,1962,0.14,1.27,2.68,0.26,0.28
Southern Asia (FAO),,1963,0.14,1.25,2.63,0.25,0.29
Southern Asia (FAO),,1964,0.14,1.25,2.64,0.24,0.3
Southern Asia (FAO),,1965,0.15,1.24,2.63,0.23,0.3
Southern Asia (FAO),,1966,0.15,1.23,2.65,0.23,0.31
Southern Asia (FAO),,1967,0.15,1.23,2.65,0.24,0.34
Southern Asia (FAO),,1968,0.15,1.23,2.67,0.24,0.36
Southern Asia (FAO),,1969,0.15,1.21,2.67,0.24,0.37
Southern Asia (FAO),,1970,0.15,1.2,2.66,0.24,0.39
Southern Asia (FAO),,1971,0.16,1.17,2.67,0.27,0.39
Southern Asia (FAO),,1972,0.16,1.13,2.65,0.27,0.4
Southern Asia (FAO),,1973,0.16,1.15,2.66,0.27,0.39
Southern Asia (FAO),,1974,0.16,1.17,2.67,0.27,0.4
Southern Asia (FAO),,1975,0.15,1.21,2.69,0.27,0.41
Southern Asia (FAO),,1976,0.15,1.25,2.72,0.26,0.43
Southern Asia (FAO),,1977,0.15,1.3,2.73,0.27,0.44
Southern Asia (FAO),,1978,0.15,1.31,2.74,0.27,0.51
Southern Asia (FAO),,1979,0.15,1.3,2.72,0.28,0.53
Southern Asia (FAO),,1980,0.16,1.34,2.71,0.29,0.52
Southern Asia (FAO),,1981,0.16,1.37,2.7,0.3,0.59
Southern Asia (FAO),,1982,0.16,1.44,2.83,0.31,0.58
Southern Asia (FAO),,1983,0.15,1.38,2.88,0.3,0.61
Southern Asia (FAO),,1984,0.15,1.39,2.83,0.3,0.61
Southern Asia (FAO),,1985,0.15,1.4,2.8,0.35,0.62
Southern Asia (FAO),,1986,0.15,1.37,2.88,0.34,0.7
Southern Asia (FAO),,1987,0.15,1.42,2.84,0.34,0.81
Southern Asia (FAO),,1988,0.15,1.39,2.87,0.34,0.82
Southern Asia (FAO),,1989,0.15,1.41,2.84,0.35,0.89
Southern Asia (FAO),,1990,0.15,1.41,2.9,0.36,0.9
Southern Asia (FAO),,1991,0.15,1.47,2.83,0.36,1.03
Southern Asia (FAO),,1992,0.16,1.48,2.83,0.37,1.14
Southern Asia (FAO),,1993,0.16,1.48,2.83,0.36,1.31
Southern Asia (FAO),,1994,0.16,1.49,2.81,0.36,1.34
Southern Asia (FAO),,1995,0.15,1.51,2.78,0.35,1.36
Southern Asia (FAO),,1996,0.14,1.34,2.71,0.35,1.4
Southern Asia (FAO),,1997,0.15,1.35,2.75,0.35,1.44
Southern Asia (FAO),,1998,0.15,1.36,2.75,0.34,1.41
Southern Asia (FAO),,1999,0.15,1.33,2.65,0.34,1.46
Southern Asia (FAO),,2000,0.14,1.33,2.5,0.33,1.58
Southern Asia (FAO),,2001,0.14,1.31,2.53,0.33,1.66
Southern Asia (FAO),,2002,0.14,1.29,2.48,0.32,1.81
Southern Asia (FAO),,2003,0.14,1.26,2.47,0.32,1.98
Southern Asia (FAO),,2004,0.14,1.28,2.54,0.3,2.07
Southern Asia (FAO),,2005,0.14,1.3,2.44,0.28,2.17
Southern Asia (FAO),,2006,0.13,1.19,2.59,0.27,2.35
Southern Asia (FAO),,2007,0.14,1.15,2.67,0.25,2.59
Southern Asia (FAO),,2008,0.14,1.12,2.6,0.24,2.73
Southern Asia (FAO),,2009,0.14,1.07,2.57,0.24,3.1
Southern Asia (FAO),,2010,0.13,1.12,2.53,0.22,2.86
Southern Asia (FAO),,2011,0.14,1.11,2.32,0.2,3.06
Southern Asia (FAO),,2012,0.13,1.04,2.2,0.19,3.14
Southern Asia (FAO),,2013,0.13,1.06,2.06,0.2,3.32
Southern Asia (FAO),,2014,0.14,1.1,2.13,0.21,3.59
Southern Asia (FAO),,2015,0.13,1.08,2.21,0.22,3.73
Southern Asia (FAO),,2016,0.13,1.11,2.2,0.22,3.94
Southern Asia (FAO),,2017,0.13,1.21,2.29,0.21,4.1
Southern Asia (FAO),,2018,0.13,1.19,2.42,0.21,4.27
Southern Asia (FAO),,2019,0.13,1.16,2.48,0.2,4.43
Southern Asia (FAO),,2020,0.13,1.12,2.98,0.18,4.75
Southern Asia (FAO),,2021,0.13,1.15,3.19,0.18,4.76
Southern Asia (FAO),,2022,0.13,1.96,3.16,0.21,4.93
Southern Asia (FAO),,2023,0.13,2.09,3.1,0.2,4.95
Southern Europe (FAO),,1961,1.39,2.62,9.73,9.79,3.74
Southern Europe (FAO),,1962,1.46,2.72,10.9,9.71,4.43
Southern Europe (FAO),,1963,1.47,2.64,12.29,10.04,5.59
Southern Europe (FAO),,1964,1.48,2.8,11.9,10.94,6.45
Southern Europe (FAO),,1965,1.5,2.95,12.26,11.32,7.45
Southern Europe (FAO),,1966,1.47,3.03,14.08,11.49,8.46
Southern Europe (FAO),,1967,1.49,3.05,15.55,12.77,8.77
Southern Europe (FAO),,1968,1.53,3.04,15.99,13.31,8.95
Southern Europe (FAO),,1969,1.65,3.07,16.77,12.84,9.55
Southern Europe (FAO),,1970,1.76,3.17,17.89,14.17,10.96
Southern Europe (FAO),,1971,1.88,3.35,17.66,15.64,11.2
Southern Europe (FAO),,1972,2.01,3.26,17.09,15.81,12.29
Southern Europe (FAO),,1973,2.03,3.28,18.34,17.15,13.5
Southern Europe (FAO),,1974,2.18,3.09,17.6,19.32,13.92
Southern Europe (FAO),,1975,2.31,3.19,17.46,19.1,14.3
Southern Europe (FAO),,1976,2.68,3.27,18.65,19.48,15.3
Southern Europe (FAO),,1977,2.81,3.23,18.32,20.91,15.88
Southern Europe (FAO),,1978,3,3.27,18.51,23.1,16.34
Southern Europe (FAO),,1979,3.13,3.23,18.46,24.36,16.53
Southern Europe (FAO),,1980,2.87,3.49,18.53,26.14,16.99
Southern Europe (FAO),,1981,2.88,3.42,18.34,27.09,17.76
Southern Europe (FAO),,1982,2.8,3.5,18.63,27.9,17.56
Southern Europe (FAO),,1983,2.84,3.71,18.97,28.67,17.26
Southern Europe (FAO),,1984,2.85,3.64,18.49,30.56,16.93
Southern Europe (FAO),,1985,2.96,3.71,18.51,29.64,16.89
Southern Europe (FAO),,1986,2.95,3.74,18.78,30.27,17
Southern Europe (FAO),,1987,2.98,3.91,19.28,31.81,17.75
Southern Europe (FAO),,1988,3.15,3.99,19.19,33.5,18.2
Southern Europe (FAO),,1989,3.04,4.13,19.51,34.03,18.11
Southern Europe (FAO),,1990,2.97,4.32,20.06,35.5,18.35
Southern Europe (FAO),,1991,3.1,4.3,19.78,35.03,18.26
Southern Europe (FAO),,1992,3.21,4.15,19.34,36.05,18.06
Southern Europe (FAO),,1993,3.27,4.11,19.62,37.31,17.98
Southern Europe (FAO),,1994,3.28,4.19,19.63,37.66,18.39
Southern Europe (FAO),,1995,3.31,4.12,19.18,38.17,18.64
Southern Europe (FAO),,1996,3.52,4.05,19.12,39.98,18.74
Southern Europe (FAO),,1997,3.48,3.99,18.44,39.88,18.6
Southern Europe (FAO),,1998,3.54,4.01,18.92,43.13,19.58
Southern Europe (FAO),,1999,3.36,3.94,19.6,43.77,19.06
Southern Europe (FAO),,2000,3.39,3.85,20.1,43.86,19.07
Southern Europe (FAO),,2001,3.92,3.77,18.38,44.68,19.45
Southern Europe (FAO),,2002,3.67,3.7,18.67,44.84,20.5
Southern Europe (FAO),,2003,3.25,3.74,18.99,44.46,19.42
Southern Europe (FAO),,2004,2.96,3.8,18.62,42.35,18.86
Southern Europe (FAO),,2005,2.98,3.79,18.58,42.42,18.97
Southern Europe (FAO),,2006,3.03,3.68,18.49,41.81,17.47
Southern Europe (FAO),,2007,3.21,3.5,18.34,43.18,19.28
Southern Europe (FAO),,2008,3.2,3.17,17.96,40.56,19.67
Southern Europe (FAO),,2009,3.48,2.96,18.15,39.24,20.74
Southern Europe (FAO),,2010,3.51,2.84,17.96,41.18,20.72
Southern Europe (FAO),,2011,3.36,2.83,16.86,40.3,21.57
Southern Europe (FAO),,2012,3.47,2.66,16.32,40.27,22.21
Southern Europe (FAO),,2013,3.46,2.57,15.39,40.66,21.63
Southern Europe (FAO),,2014,2.26,2.55,15.44,39.55,21.59
Southern Europe (FAO),,2015,1.85,2.26,14.55,40.25,21.75
Southern Europe (FAO),,2016,1.82,2.25,14.67,39.81,22.08
Southern Europe (FAO),,2017,1.71,2.11,14.25,42.19,22.45
Southern Europe (FAO),,2018,1.65,2.16,15.37,42.71,24.59
Southern Europe (FAO),,2019,1.22,2.23,15.37,41.14,24.79
Southern Europe (FAO),,2020,1.11,2.01,14.3,38.46,25
Southern Europe (FAO),,2021,1.19,1.99,14.54,40.75,24.34
Southern Europe (FAO),,2022,1.1,2.14,14.81,40,25.15
Southern Europe (FAO),,2023,1.17,1.95,14.02,40.26,26.32
Spain,ESP,1961,1.4617802,3.724536,5.9872913,7.9697056,2.6532311
Spain,ESP,1962,1.4415724,3.6740074,6.727338,8.37914,3.5338545
Spain,ESP,1963,1.3517711,3.6347625,8.360955,10.243421,5.9878454
Spain,ESP,1964,1.4213158,4.023725,7.9373484,10.029285,6.756255
Spain,ESP,1965,1.4601514,4.1404295,7.9108205,9.120946,7.4107685
Spain,ESP,1966,1.2993238,4.0778775,8.875381,12.083712,9.5650215
Spain,ESP,1967,1.3281866,3.994546,9.8665285,12.762574,10.875152
Spain,ESP,1968,1.3273088,3.8921082,10.60849,12.7242,10.728247
Spain,ESP,1969,1.367712,3.8735204,11.04153,13.088105,11.5906105
Spain,ESP,1970,1.439288,4.1179624,12.094017,13.743201,14.732711
Spain,ESP,1971,1.4104769,3.9713428,11.773981,14.805006,14.084763
Spain,ESP,1972,1.4306681,3.9818597,11.30528,15.627298,16.277603
Spain,ESP,1973,1.4009812,4.1429014,12.128494,17.702398,17.20205
Spain,ESP,1974,1.6993384,4.46826,12.075298,19.75231,17.403223
Spain,ESP,1975,1.8370818,4.163387,12.42027,18.71028,17.761787
Spain,ESP,1976,3.0755494,4.153989,13.820002,19.441866,19.342012
Spain,ESP,1977,3.0557916,3.9645402,13.0819845,20.341988,20.17222
Spain,ESP,1978,3.4559715,3.8155522,13.204608,22.843372,20.695873
Spain,ESP,1979,3.5366368,3.5466273,11.968618,26.185099,20.450552
Spain,ESP,1980,2.4470918,4.8242664,11.406444,31.063082,20.55557
Spain,ESP,1981,2.635971,4.7926745,11.961717,32.570217,23.534029
Spain,ESP,1982,2.5355873,5.0312443,11.8393955,36.3168,22.630617
Spain,ESP,1983,2.5247588,5.269062,11.506114,35.506294,21.505356
Spain,ESP,1984,2.4834259,5.355822,11.5195055,37.53065,20.964502
Spain,ESP,1985,2.5015914,5.431742,11.471441,36.337856,21.736937
Spain,ESP,1986,2.5398815,5.518017,12.121709,38.05838,20.408693
Spain,ESP,1987,2.5976386,5.8820095,12.440799,39.75084,21.627085
Spain,ESP,1988,2.7151237,5.808177,12.392103,45.500698,22.705595
Spain,ESP,1989,2.416206,5.866508,12.319667,45.629498,22.988756
Spain,ESP,1990,2.5069776,6.4266176,12.932821,47.642525,23.249235
Spain,ESP,1991,2.4456453,6.5416045,13.122975,49.74801,24.227797
Spain,ESP,1992,2.6866026,6.344744,13.353704,49.964863,23.753136
Spain,ESP,1993,2.9062915,6.3167353,13.127737,52.995335,23.250332
Spain,ESP,1994,3.0180275,6.391117,13.521947,51.79961,24.154083
Spain,ESP,1995,3.149528,6.308898,13.296913,52.252636,24.70411
Spain,ESP,1996,3.5549207,5.911774,13.414425,54.4335,23.73548
Spain,ESP,1997,3.5661783,5.917505,13.304588,54.962254,23.621033
Spain,ESP,1998,3.8147905,6.025412,14.838556,62.29846,27.26108
Spain,ESP,1999,3.0242934,5.7647533,14.73976,63.138245,25.603727
Spain,ESP,2000,3.0934217,5.9609747,14.543992,62.61478,25.002703
Spain,ESP,2001,3.804392,5.8301077,14.466573,63.479,26.166313
Spain,ESP,2002,3.7132952,5.7927403,15.288874,63.27455,30.369804
Spain,ESP,2003,3.4101858,5.7726045,14.994933,62.86603,29.97998
Spain,ESP,2004,2.252337,5.4431477,15.469998,56.594906,27.324404
Spain,ESP,2005,2.191119,5.3198786,15.397052,56.02158,27.724564
Spain,ESP,2006,2.1676393,4.837776,15.055239,56.752735,26.799904
Spain,ESP,2007,2.5022397,4.435343,14.630743,58.80754,28.358717
Spain,ESP,2008,2.4267871,3.4053304,14.404157,53.44803,26.60659
Spain,ESP,2009,3.1984017,2.7667155,13.95131,47.56396,29.089756
Spain,ESP,2010,2.36,2.74,13.49,48.69,27.24
Spain,ESP,2011,1.92,2.69,12.9,47.82,29.19
Spain,ESP,2012,1.9799999,2.2899997,12.359999,48.529995,29.689999
Spain,ESP,2013,1.9499999,2.1599998,12.159999,48.989998,28.599998
Spain,ESP,2014,1.7700001,2.3800004,11.200001,50.870003,29.090002
Spain,ESP,2015,1.6700003,2.3400004,11.200002,53.09001,29.490005
Spain,ESP,2016,1.58,2.16,11.54,52.28,30.030003
Spain,ESP,2017,1.6000003,2.0600002,11.470002,53.320007,30.340006
Spain,ESP,2018,1.5400001,2.0600002,13.630001,56.680004,33.120003
Spain,ESP,2019,1.53,2.02,13.22,54.26,32.97
Spain,ESP,2020,1.4900002,1.8600003,11.990002,51.54001,32.500004
Spain,ESP,2021,1.5799997,1.7499996,12.779997,53.47999,30.209993
Spain,ESP,2022,1.3399998,1.8599998,12.819998,52.54999,31.909996
Spain,ESP,2023,1.4399999,1.5899999,11.7699995,53.039997,32.959995
Sri Lanka,LKA,1961,0.040923808,0.2966976,2.9772072,0.102309525,0.64454997
Sri Lanka,LKA,1962,0.010218115,0.2758891,3.3617597,0.12261737,0.6437412
Sri Lanka,LKA,1963,0.010203905,0.26530156,3.244842,0.11224297,1.0305945
Sri Lanka,LKA,1964,0.01019111,0.27515998,3.4853597,0.11210221,1.0394932
Sri Lanka,LKA,1965,0.010182317,0.3054695,3.400894,0.10182317,1.0080494
Sri Lanka,LKA,1966,0.010178895,0.31554574,3.1656363,0.12214674,1.0789628
Sri Lanka,LKA,1967,0.010176019,0.3256326,3.0833337,0.13228825,1.058306
Sri Lanka,LKA,1968,0,0.2746453,3.1024745,0.11189252,1.1494414
Sri Lanka,LKA,1969,0.01016742,0.23385066,3.1112304,0.11184162,1.1184162
Sri Lanka,LKA,1970,0.010161052,0.23370421,2.9975104,0.111771576,1.1786821
Sri Lanka,LKA,1971,0,0.21326394,3.1380267,0.13202053,1.31005
Sri Lanka,LKA,1972,0,0.19284488,2.9332724,0.11164703,1.278866
Sri Lanka,LKA,1973,0,0.21305619,2.9523504,0.0913098,1.2783372
Sri Lanka,LKA,1974,0,0.22322918,2.8512456,0.08117425,1.2784945
Sri Lanka,LKA,1975,0,0.23349713,2.8121176,0.071064346,1.1877897
Sri Lanka,LKA,1976,0,0.21327591,2.559311,0.07109197,1.1577835
Sri Lanka,LKA,1977,0,0.20316933,2.2043872,0.101584665,1.1682236
Sri Lanka,LKA,1978,0,0.20310092,2.1224046,0.091395415,0.98503953
Sri Lanka,LKA,1979,0,0.18254803,1.9573203,0.11155712,1.2068453
Sri Lanka,LKA,1980,0.010124614,0.2024923,1.9338014,0.15186924,1.2757015
Sri Lanka,LKA,1981,0,0.20225947,1.9821428,0.121355675,1.2843475
Sri Lanka,LKA,1982,0,0.24333514,1.9365422,0.10138965,1.2876484
Sri Lanka,LKA,1983,0.010217174,0.19412631,2.0127833,0.10217174,1.3180155
Sri Lanka,LKA,1984,0.010327125,0.21686962,2.1067336,0.09294413,1.3528533
Sri Lanka,LKA,1985,0,0.20811686,2.0811684,0.08324674,1.2070777
Sri Lanka,LKA,1986,0,0.17731328,2.0130272,0.073011346,1.0012984
Sri Lanka,LKA,1987,0.0104563935,0.15684591,1.9344327,0.094107546,1.2024852
Sri Lanka,LKA,1988,0,0.14696033,1.6585524,0.09447451,1.3436373
Sri Lanka,LKA,1989,0,0.12633242,1.589683,0.08422162,1.4528229
Sri Lanka,LKA,1990,0,0.11653537,1.7268423,0.09534713,1.4196128
Sri Lanka,LKA,1991,0,0.12770347,1.947478,0.12770347,1.4898739
Sri Lanka,LKA,1992,0,0.14831088,2.2246633,0.116529986,1.7479497
Sri Lanka,LKA,1993,0,0.14736,2.0314627,0.09473143,2.3051314
Sri Lanka,LKA,1994,0,0.1780221,2.0420182,0.11519077,2.9216566
Sri Lanka,LKA,1995,0,0.17656164,2.0875816,0.12463174,3.1054075
Sri Lanka,LKA,1996,0,0.14362006,1.8670608,0.1231029,3.1596413
Sri Lanka,LKA,1997,0,0.16197976,1.8121486,0.11136109,3.2092242
Sri Lanka,LKA,1998,0,0.13984938,1.5583217,0.10988166,3.2165358
Sri Lanka,LKA,1999,0,0.1282863,1.4506221,0.0888136,3.0986078
Sri Lanka,LKA,2000,0,0.13675594,1.6703762,0.087914534,3.3505206
Sri Lanka,LKA,2001,0,0.116550915,1.5734373,0.09712576,4.2638206
Sri Lanka,LKA,2002,0,0.11669944,1.5851674,0.087524585,4.3859544
Sri Lanka,LKA,2003,0,0.09774694,1.6421484,0.10752162,4.5354576
Sri Lanka,LKA,2004,0,0.10808554,1.5819793,0.09825958,4.8147197
Sri Lanka,LKA,2005,0,0.09868657,1.6283283,0.09868657,4.914591
Sri Lanka,LKA,2006,0,0.10884113,1.4940919,0.118735775,3.9479647
Sri Lanka,LKA,2007,0.0099070165,0.09907017,1.3473543,0.089163154,5.0624857
Sri Lanka,LKA,2008,0.009914017,0.07931214,1.2590802,0.009914017,5.085891
Sri Lanka,LKA,2009,0,0.07940476,1.3201042,0.009925595,4.803988
Sri Lanka,LKA,2010,0,0.07999999,1.5999999,0.019999998,4.8599997
Sri Lanka,LKA,2011,0,0.08999999,1.3099997,0.019999996,4.909999
Sri Lanka,LKA,2012,0,0.09,1.36,0.06,5.99
Sri Lanka,LKA,2013,0,0.080000006,1.2700001,0.080000006,6.2900004
Sri Lanka,LKA,2014,0,0.07000002,1.1300004,0.07000002,6.610002
Sri Lanka,LKA,2015,0,0.08999999,1.4899998,0.069999985,7.5499988
Sri Lanka,LKA,2016,0,0.09000003,1.4700005,0.050000016,8.280003
Sri Lanka,LKA,2017,0,0.11999997,1.3599997,0.04999999,9.019999
Sri Lanka,LKA,2018,0,0.110000014,1.3600003,0.060000006,9.640001
Sri Lanka,LKA,2019,0,0.13999999,1.3399999,0.049999997,9.949999
Sri Lanka,LKA,2020,0,0.13000001,1.3200002,0.060000006,9.510001
Sri Lanka,LKA,2021,0,0.14999996,1.2299995,0.089999974,10.399996
Sri Lanka,LKA,2022,0,0.13000003,1.2100004,0.050000012,9.980002
Sri Lanka,LKA,2023,0,0.13000003,1.1900003,0.030000005,10.210002
Sudan,SDN,2012,3.761355,8.351161,8.493997,0,1.2855264
Sudan,SDN,2013,3.8194907,8.591473,8.686722,0,1.3144381
Sudan,SDN,2014,3.84107,9.664628,8.663853,0,1.2771796
Sudan,SDN,2015,3.8624728,8.230405,8.754938,0,1.2970278
Sudan,SDN,2016,3.7411275,8.093051,8.76111,0,1.2979422
Sudan,SDN,2017,3.3713896,7.7046733,8.485617,0,1.2952232
Sudan,SDN,2018,3.2759395,7.482435,7.833768,0,1.5382671
Sudan,SDN,2019,3.2081296,7.014224,7.61219,0,1.6515224
Sudan,SDN,2020,3.143843,7.019033,7.4559417,0,1.5956665
Sudan,SDN,2021,3.0775697,6.687065,6.9625263,0,1.6622676
Sudan,SDN,2022,3.0089338,6.6063657,7.156896,0,1.6041319
Sudan (former),OWID_SDN,1961,4.434789,5.7499332,8.8186035,,0.6932544
Sudan (former),OWID_SDN,1962,4.313577,5.815717,8.850446,,0.66987324
Sudan (former),OWID_SDN,1963,4.3734193,5.555152,8.868042,,0.8181224
Sudan (former),OWID_SDN,1964,4.237324,5.582825,8.87629,,0.943859
Sudan (former),OWID_SDN,1965,4.1314754,5.4487576,8.8716955,,0.97798216
Sudan (former),OWID_SDN,1966,4.7756257,5.450766,9.044896,,0.9034968
Sudan (former),OWID_SDN,1967,4.782862,5.5832996,9.545959,,0.8794932
Sudan (former),OWID_SDN,1968,4.741966,5.6962614,10.143085,,0.86575305
Sudan (former),OWID_SDN,1969,4.5088835,5.45967,9.860732,,0.8429652
Sudan (former),OWID_SDN,1970,4.271815,5.3666506,9.667791,,0.8309022
Sudan (former),OWID_SDN,1971,4.173321,5.255654,9.653241,,0.8190629
Sudan (former),OWID_SDN,1972,4.047304,5.117505,9.485869,,0.807515
Sudan (former),OWID_SDN,1973,3.9512587,5.1974993,9.380616,,0.7825231
Sudan (former),OWID_SDN,1974,3.6958146,5.366131,9.244336,,0.777561
Sudan (former),OWID_SDN,1975,3.7451084,5.670343,10.085931,,0.7566843
Sudan (former),OWID_SDN,1976,3.6030998,5.7630486,10.216746,,0.7359116
Sudan (former),OWID_SDN,1977,3.5014548,5.724449,10.361253,,0.7250969
Sudan (former),OWID_SDN,1978,3.3125887,5.7899113,10.402857,,0.7308576
Sudan (former),OWID_SDN,1979,3.1044753,5.9730477,10.974178,,0.7265793
Sudan (former),OWID_SDN,1980,3.3017147,5.8999386,10.983829,,0.75976956
Sudan (former),OWID_SDN,1981,2.9220383,5.442646,11.520112,,0.8308671
Sudan (former),OWID_SDN,1982,2.7751203,4.0416183,10.746607,,0.80087364
Sudan (former),OWID_SDN,1983,2.5938954,3.9841487,9.713112,,0.80242807
Sudan (former),OWID_SDN,1984,2.5425198,4.152782,10.697416,,0.7815894
Sudan (former),OWID_SDN,1985,2.5978963,4.1870856,10.762713,,0.7898366
Sudan (former),OWID_SDN,1986,2.4053075,3.5360897,9.822472,,0.7953806
Sudan (former),OWID_SDN,1987,2.4863884,3.565751,8.172316,,0.7998847
Sudan (former),OWID_SDN,1988,2.4628754,3.8159966,7.8948293,,0.7885095
Sudan (former),OWID_SDN,1989,2.5097237,3.8876112,8.021274,,0.79720634
Sudan (former),OWID_SDN,1990,2.5049336,3.9108646,8.1583605,,0.8118757
Sudan (former),OWID_SDN,1991,2.446725,4.5453386,8.474023,,0.82552093
Sudan (former),OWID_SDN,1992,2.702803,5.4756784,8.118419,,0.8308616
Sudan (former),OWID_SDN,1993,2.8503664,6.1136837,7.5439024,,0.83597314
Sudan (former),OWID_SDN,1994,3.0562108,6.919342,7.2723694,,0.8270933
Sudan (former),OWID_SDN,1995,3.2461727,7.752506,7.4702296,,0.8367464
Sudan (former),OWID_SDN,1996,3.4580748,7.5329404,7.350937,,0.8796857
Sudan (former),OWID_SDN,1997,3.6488714,8.605255,7.8653455,,0.80072457
Sudan (former),OWID_SDN,1998,3.81508,9.973999,8.076606,,0.7812797
Sudan (former),OWID_SDN,1999,3.8539064,10.882215,8.2960415,,0.7707813
Sudan (former),OWID_SDN,2000,3.8481548,11.13036,8.686124,,0.76761097
Sudan (former),OWID_SDN,2001,3.7489393,11.347325,9.146206,,0.7638589
Sudan (former),OWID_SDN,2002,3.6290336,11.336981,9.057589,,0.75979763
Sudan (former),OWID_SDN,2003,3.684298,11.202258,9.240618,,0.78664744
Sudan (former),OWID_SDN,2004,3.6521802,11.075633,8.981585,,0.9825159
Sudan (former),OWID_SDN,2005,3.2129772,11.981934,8.996337,,0.7908867
Sudan (former),OWID_SDN,2006,4.1862035,11.130377,8.756554,,0.6402429
Sudan (former),OWID_SDN,2007,4.2186117,10.938957,8.270441,,0.6671293
Sudan (former),OWID_SDN,2008,3.9910667,11.3096485,8.030923,,0.65379333
Sudan (former),OWID_SDN,2009,3.9847963,10.54856,7.795076,,0.659285
Sudan (former),OWID_SDN,2010,4.0600634,10.45394,7.6186466,,0.87759095
Sudan (former),OWID_SDN,2011,4.17426,10.233973,7.4573865,,0.938036
Suriname,SUR,1961,0.32771742,0.22940218,14.244783,0.88483703,13.381795
Suriname,SUR,1962,0.3352036,0.25951245,14.110991,0.9731717,12.964809
Suriname,SUR,1963,0.3287414,0.22269577,19.024584,0.96501505,12.407336
Suriname,SUR,1964,0.32399708,0.18812734,16.074436,0.87792754,12.949431
Suriname,SUR,1965,0.29049093,0.16599481,13.42483,0.9544702,12.459986
Suriname,SUR,1966,0.24787398,0.13426507,13.498804,1.115433,12.848134
Suriname,SUR,1967,0.17412391,0.13315357,12.147703,1.4851745,13.100264
Suriname,SUR,1968,0.19341776,0.12215859,12.87755,1.6389611,13.274567
Suriname,SUR,1969,0.23067951,0.09026589,16.348156,2.19647,13.238997
Suriname,SUR,1970,0.3725382,0.08823274,11.029092,2.215622,13.009427
Suriname,SUR,1971,0.35306424,0.085880496,10.14344,2.5191612,12.901158
Suriname,SUR,1972,0.44112024,0.08446983,9.986212,2.3369987,13.233607
Suriname,SUR,1973,0.30850786,0.093487225,9.741369,2.7204783,14.294197
Suriname,SUR,1974,0.23305139,0.10254261,10.151719,3.1322105,16.211054
Suriname,SUR,1975,0.10235645,0.10235645,7.0905104,4.4664636,16.926035
Suriname,SUR,1976,0.08413684,0.10283392,13.153393,3.8609464,16.004698
Suriname,SUR,1977,0.07541427,0.103694625,13.037242,3.186253,17.053053
Suriname,SUR,1978,0.59154105,0.085868865,14.559543,3.701902,22.116001
Suriname,SUR,1979,0,0.086995214,13.909568,3.0641646,23.082727
Suriname,SUR,1980,0,0.107247606,12.577219,3.0224323,23.379978
Suriname,SUR,1981,0,0.107518,16.069056,3.0984735,22.578781
Suriname,SUR,1982,0,0.07818019,17.189869,2.6385813,22.984976
Suriname,SUR,1983,0,0.07814934,16.753263,3.0478241,22.85868
Suriname,SUR,1984,0,0.097330734,13.33431,3.6109703,23.174446
Suriname,SUR,1985,0,0.08744593,13.3306465,4.041945,27.030508
Suriname,SUR,1986,0,0.106819525,10.060457,3.4473574,25.520157
Suriname,SUR,1987,0,0.12675066,5.4307785,3.266267,24.092375
Suriname,SUR,1988,0.42990223,0.1954101,6.1456475,3.4392178,25.676888
Suriname,SUR,1989,0.5386678,0.18608522,4.936156,4.044905,26.619982
Suriname,SUR,1990,1.2826666,0.20719999,5.643733,4.0848,28.376534
Suriname,SUR,1991,1.0548382,0.21892868,11.0857525,4.816431,23.256197
Suriname,SUR,1992,0.16053562,0.19063605,7.525108,3.602018,21.301071
Suriname,SUR,1993,0.16177148,0.21232505,7.1078343,3.5286403,18.088072
Suriname,SUR,1994,0.2646893,0.20360717,5.96569,3.8888967,13.662041
Suriname,SUR,1995,0.3755025,0.1928256,8.423434,2.4965842,19.952375
Suriname,SUR,1996,0.20144291,0.15108219,7.9167066,3.797199,22.954422
Suriname,SUR,1997,0.099984825,0.14997724,9.848506,3.8494155,25.49613
Suriname,SUR,1998,0.08932847,0.13895538,9.617698,3.9701538,26.947418
Suriname,SUR,1999,0.29555067,0.13792364,8.758152,2.7781763,29.62403
Suriname,SUR,2000,0.1567617,0.08817846,7.8576813,3.3605793,27.835001
Suriname,SUR,2001,0.28191447,0.09721189,6.1826763,3.8009849,27.95814
Suriname,SUR,2002,0.27065888,0.11599666,5.616172,4.581868,28.602844
Suriname,SUR,2003,0.25964564,0.105781555,4.423592,4.6351557,26.801199
Suriname,SUR,2004,0.45086083,0.10552061,4.7100563,5.362366,26.869387
Suriname,SUR,2005,0.91465586,0.067395695,4.6214194,6.1041245,26.90051
Suriname,SUR,2006,1.1542791,0.067332946,5.1365423,6.3581543,28.308695
Suriname,SUR,2007,0.979613,0.06722835,7.0973926,7.8176966,30.339193
Suriname,SUR,2008,1.0160967,0.067100726,8.080845,6.336226,31.249765
Suriname,SUR,2009,0.95662093,0.066963464,7.499908,7.777328,30.45881
Suriname,SUR,2010,0.12999739,0.059998795,9.659806,7.689846,34.929302
Suriname,SUR,2011,0.16999726,0.06999887,9.27985,6.6398926,34.569443
Suriname,SUR,2012,0.20999627,0.069998756,8.669846,7.909859,34.559387
Suriname,SUR,2013,0.12999909,0.28999797,7.419948,8.3999405,33.969765
Suriname,SUR,2014,0.099998266,0.109998085,8.249857,7.969861,33.89941
Suriname,SUR,2015,0.11999917,0.039999723,7.23995,7.5299487,33.27977
Suriname,SUR,2016,0.13999881,0.049999576,4.619961,7.519936,32.199726
Suriname,SUR,2017,0.17999698,0.03999933,5.089915,7.11988,31.699469
Suriname,SUR,2018,0.28999564,0.0399994,5.32992,6.189907,44.559334
Suriname,SUR,2019,0.15999763,0.029999554,5.5799174,8.489874,48.799274
Suriname,SUR,2020,0.15,0.04,5.44,8.64,48.28
Suriname,SUR,2021,0.07999936,0.03999968,4.7399616,7.679938,47.789616
Suriname,SUR,2022,0.08999827,0.049999036,4.9899035,8.1598425,44.64914
Suriname,SUR,2023,0.029999904,0.039999872,4.2399864,7.519976,36.639885
Sweden,SWE,1961,3.1529338,0.2802608,19.588226,24.973238,2.702515
Sweden,SWE,1962,2.935612,0.24045968,20.48917,25.087961,2.414616
Sweden,SWE,1963,2.8589172,0.2608135,19.280138,24.797346,2.698417
Sweden,SWE,1964,2.868142,0.3108825,19.204515,26.084045,2.7076864
Sweden,SWE,1965,2.5826654,0.2902996,18.348936,26.877739,2.8729649
Sweden,SWE,1966,2.8494213,0.34992892,19.865967,25.474825,2.8494213
Sweden,SWE,1967,2.491455,0.33019286,18.380735,27.185877,3.6021037
Sweden,SWE,1968,2.4677346,0.3912262,18.598293,27.797123,3.7617905
Sweden,SWE,1969,2.5893857,0.46167344,18.757994,26.706806,3.2317142
Sweden,SWE,1970,2.4018552,0.56043285,18.364185,28.481998,3.2024736
Sweden,SWE,1971,1.9979986,0.48950964,16.643328,29.33062,3.3466475
Sweden,SWE,1972,1.8699019,0.4799748,15.169205,28.288517,3.8997955
Sweden,SWE,1973,2.0121822,0.5706188,16.037392,28.090462,4.174527
Sweden,SWE,1974,1.8619064,0.62063545,18.348787,30.981722,4.774889
Sweden,SWE,1975,2.0400894,0.59002584,19.17084,32.331417,4.770209
Sweden,SWE,1976,1.8892204,0.66972363,20.131691,34.28585,4.847999
Sweden,SWE,1977,2.0785635,0.69951653,18.737051,35.075756,4.2670507
Sweden,SWE,1978,2.3089411,0.66969293,18.531504,35.1039,4.897754
Sweden,SWE,1979,2.7704177,0.66009957,18.062723,36.695534,4.980751
Sweden,SWE,1980,2.930187,0.67004275,18.731194,36.0923,5.1803303
Sweden,SWE,1981,3.1798244,0.6799624,18.138996,35.59803,5.4197006
Sweden,SWE,1982,3.6690395,0.70981413,16.225752,34.331013,5.2786183
Sweden,SWE,1983,3.2688556,0.719748,17.543858,33.988102,5.498075
Sweden,SWE,1984,3.2390354,0.7297827,16.685032,31.850515,5.1584635
Sweden,SWE,1985,3.380304,0.72006476,15.831424,32.952965,5.45049
Sweden,SWE,1986,2.792773,0.6906858,16.025913,32.772545,5.2652283
Sweden,SWE,1987,3.0960157,0.73142123,17.213448,32.312786,5.2101235
Sweden,SWE,1988,3.1777563,0.7418106,16.801008,33.291256,5.192674
Sweden,SWE,1989,3.114826,0.7711949,17.016365,33.4318,5.02779
Sweden,SWE,1990,3.1001554,0.7300366,16.96085,32.11161,6.0503035
Sweden,SWE,1991,3.3900177,0.5900031,16.810087,31.540165,6.710035
Sweden,SWE,1992,3.1437764,0.6808178,16.990408,33.3,7.298767
Sweden,SWE,1993,3.0569837,0.62141967,17.29952,33.3562,7.637448
Sweden,SWE,1994,2.7427492,0.65065217,17.998041,34.414497,8.588609
Sweden,SWE,1995,2.5001988,0.6900549,17.541395,35.862854,8.17065
Sweden,SWE,1996,2.3122654,0.7006865,18.668291,35.484768,9.108925
Sweden,SWE,1997,2.3335493,0.7210969,19.369463,36.455452,8.9436035
Sweden,SWE,1998,2.342748,0.7608925,19.683088,38.16477,8.459924
Sweden,SWE,1999,2.4717593,0.8405983,20.69473,37.286537,11.348077
Sweden,SWE,2000,2.4499726,0.82999074,19.71978,35.8796,10.159886
Sweden,SWE,2001,2.4577827,0.9191708,20.33166,35.198246,11.2098875
Sweden,SWE,2002,2.3463018,0.90856797,22.963806,36.60231,13.20918
Sweden,SWE,2003,2.2658358,0.9782022,23.616596,36.872234,12.636775
Sweden,SWE,2004,2.1768963,0.8787471,23.646286,37.37671,12.891619
Sweden,SWE,2005,2.2400568,1.0400263,23.860605,36.49093,13.960354
Sweden,SWE,2006,2.0721364,1.1411766,24.02477,36.14727,13.934367
Sweden,SWE,2007,1.8521678,1.1613593,24.018112,36.692947,14.797319
Sweden,SWE,2008,2.163537,1.2420304,23.558514,36.539734,16.116346
Sweden,SWE,2009,2.0925312,1.3916835,23.308195,36.283894,15.418651
Sweden,SWE,2010,2.1199992,1.2599995,23.79999,37.389984,15.869994
Sweden,SWE,2011,2.0899992,1.3499995,24.179993,37.76999,15.719995
Sweden,SWE,2012,1.6800023,1.3600019,23.800032,36.13005,15.520022
Sweden,SWE,2013,1.93,1.4,24.51,36.68,16.59
Sweden,SWE,2014,1.6699985,1.3699988,23.409979,32.939972,16.409986
Sweden,SWE,2015,1.6799995,1.3799996,24.479994,32.149994,16.429996
Sweden,SWE,2016,1.4999999,1.3799999,23.559998,31.779999,16.669998
Sweden,SWE,2017,1.4299995,1.3699995,23.149992,30.919989,16.339994
Sweden,SWE,2018,0.46000004,1.38,20.98,30.580002,16.54
Sweden,SWE,2019,0.2100002,1.2700012,23.330023,29.140028,15.930016
Sweden,SWE,2020,0.1300001,1.2500011,21.960016,28.160023,15.180013
Sweden,SWE,2021,0.14999995,1.1499995,21.669992,27.889988,15.519995
Sweden,SWE,2022,0.2100001,1.2400006,22.140009,28.370014,16.590008
Sweden,SWE,2023,0.32999992,1.3299997,22.439995,27.379992,16.879995
Switzerland,CHE,1961,1.4687995,0.68477815,23.580187,26.38877,4.3567767
Switzerland,CHE,1962,1.2933829,0.72074014,25.897278,26.647638,4.8872104
Switzerland,CHE,1963,1.3516754,0.7202358,23.757915,27.44789,5.4067016
Switzerland,CHE,1964,1.583375,0.73231095,25.185558,28.837215,5.6605654
Switzerland,CHE,1965,1.5629189,0.7565722,24.75783,28.988663,5.6842465
Switzerland,CHE,1966,1.6297331,0.9298477,24.875925,29.505169,6.039011
Switzerland,CHE,1967,1.660074,1.1600517,25.981157,30.091341,5.970266
Switzerland,CHE,1968,1.4472144,0.9980788,26.099762,31.908579,6.138185
Switzerland,CHE,1969,1.524676,1.0064855,26.387856,33.164192,6.4674163
Switzerland,CHE,1970,1.6068946,1.0978783,27.466919,34.293724,6.647154
Switzerland,CHE,1971,1.592166,1.0514302,27.807829,35.96893,6.6390314
Switzerland,CHE,1972,1.7424773,1.1516372,26.908257,37.262974,7.180208
Switzerland,CHE,1973,1.7910193,1.2206948,27.0554,38.992195,7.704385
Switzerland,CHE,1974,1.5699058,1.2299261,26.098433,38.48769,7.0495768
Switzerland,CHE,1975,1.6946392,1.0528823,24.416843,38.0642,6.497788
Switzerland,CHE,1976,2.0771413,1.149486,26.095348,39.969845,7.138913
Switzerland,CHE,1977,2.2814562,1.2517725,26.105515,42.55017,7.046268
Switzerland,CHE,1978,2.4253283,1.2780774,26.718863,42.589165,6.974076
Switzerland,CHE,1979,2.474819,1.3325949,28.094707,42.833405,7.6348667
Switzerland,CHE,1980,2.4937308,1.3765395,28.278908,44.986904,8.009863
Switzerland,CHE,1981,2.375497,1.4511404,27.203913,44.746807,8.110483
Switzerland,CHE,1982,2.4106853,1.4583158,27.31118,46.12048,8.045538
Switzerland,CHE,1983,2.384182,1.3709046,26.116726,46.084248,8.265163
Switzerland,CHE,1984,2.509666,1.4838898,28.014645,43.88928,8.843585
Switzerland,CHE,1985,2.544105,1.6461856,27.94525,44.84609,9.188709
Switzerland,CHE,1986,2.5853221,1.5571824,27.719847,44.868816,9.662518
Switzerland,CHE,1987,2.7737267,1.5564797,27.637493,43.411816,10.446374
Switzerland,CHE,1988,2.3716464,1.7139629,26.04825,43.12809,11.50946
Switzerland,CHE,1989,2.4091568,1.7620691,25.74413,42.9467,11.538069
Switzerland,CHE,1990,2.5152388,1.8491478,26.663519,40.68125,10.965645
Switzerland,CHE,1991,2.4393911,1.8047528,27.081207,39.912804,11.423491
Switzerland,CHE,1992,2.3687775,1.863306,25.590723,39.159157,11.021256
Switzerland,CHE,1993,2.333706,1.8173115,24.270544,38.372086,10.7549095
Switzerland,CHE,1994,2.3387115,1.7814016,22.720335,35.92659,11.3949995
Switzerland,CHE,1995,2.242496,1.7640967,22.634258,36.687233,11.242379
Switzerland,CHE,1996,2.3560336,1.8668573,22.921413,33.75318,12.1295805
Switzerland,CHE,1997,2.2502663,1.9302284,22.192627,33.433956,12.201444
Switzerland,CHE,1998,2.121105,1.8609694,22.161545,35.068268,12.426474
Switzerland,CHE,1999,2.0879173,1.7882162,22.167889,34.42566,12.197833
Switzerland,CHE,2000,2.1545873,1.9949881,20.269077,34.16417,12.777899
Switzerland,CHE,2001,2.3417428,1.7936754,20.338285,34.15955,13.422671
Switzerland,CHE,2002,2.2485912,1.8008628,20.326868,34.345737,13.7203865
Switzerland,CHE,2003,2.037574,1.8387865,20.196833,33.72434,14.133807
Switzerland,CHE,2004,2.128641,1.84018,20.003254,33.48133,14.482715
Switzerland,CHE,2005,2.0935504,1.7545948,20.307442,33.9554,14.066667
Switzerland,CHE,2006,2.2510488,1.7007924,20.809694,34.566105,12.906013
Switzerland,CHE,2007,2.1856668,1.6141852,20.483107,34.178616,14.908654
Switzerland,CHE,2008,2.1631856,1.5823302,21.271324,33.82982,15.863361
Switzerland,CHE,2009,1.9513499,1.5210521,21.024544,33.12291,15.951034
Switzerland,CHE,2010,2.05,1.53,21.56,33.8,15.68
Switzerland,CHE,2011,1.9599979,1.5299983,21.589975,33.089962,16.059982
Switzerland,CHE,2012,1.9700009,1.4700006,20.840008,31.340014,16.080006
Switzerland,CHE,2013,1.9000002,1.4100002,21.290005,31.140003,16.140001
Switzerland,CHE,2014,1.6300005,1.4800004,19.760006,31.49001,16.050003
Switzerland,CHE,2015,1.4199982,1.4799982,19.289976,30.389961,15.9799795
Switzerland,CHE,2016,1.3799995,1.4699996,19.109995,29.84999,15.939995
Switzerland,CHE,2017,1.35,1.47,18.55,29.45,15.83
Switzerland,CHE,2018,1.2599999,1.4799998,21.099997,28.459995,17.649998
Switzerland,CHE,2019,1.1599993,1.3599992,19.089989,27.889982,16.809988
Switzerland,CHE,2020,1.0699998,1.3699996,19.429996,28.049994,17.009996
Switzerland,CHE,2021,1.0600001,1.3300002,19.720001,28.030003,17.590002
Switzerland,CHE,2022,0.97999996,1.26,18.57,27.709997,17.9
Switzerland,CHE,2023,0.9599995,1.2499994,18.96999,25.269987,17.51999
Syria,SYR,2010,0.15000002,7.4900007,3.5400004,0,8.380001
Syria,SYR,2011,0.13999997,8.179998,3.1899993,0,8.189998
Syria,SYR,2012,0.12999998,8.169999,3.0599995,0,6.639999
Syria,SYR,2013,0.10999999,8.14,3.2899997,0,6.3299994
Syria,SYR,2014,0.14,8.62,3.2799997,0,6.4299994
Syria,SYR,2015,0.14000003,9.000002,3.5900006,0,6.2900014
Syria,SYR,2016,0.13999997,9.109998,3.429999,0.029999992,6.029999
Syria,SYR,2017,0.13,7.3599997,2.8599997,0.13,8.05
Syria,SYR,2018,0.120000005,7.19,2.58,0.16,7.7700005
Syria,SYR,2019,0.11999996,6.229998,2.579999,0.22999993,7.1399975
Syria,SYR,2020,0.10999999,7.6099997,3.0899997,0.17999999,6.8399997
Syria,SYR,2021,0.10000002,7.900001,2.9400005,0.21000002,6.380001
Syria,SYR,2022,0.03,8.73,2.25,0.09,5.14
Syria,SYR,2023,0.029999994,8.879998,1.7999997,0.16999997,5.339999
Taiwan,TWN,1961,0,0.028450677,0.322441,15.913413,4.2486343
Taiwan,TWN,1962,0,0.028420778,0.5210476,15.309326,4.1115394
Taiwan,TWN,1963,0,0.018939052,0.6912754,17.073555,4.0434875
Taiwan,TWN,1964,0,0.028421266,0.6726366,17.58329,4.102136
Taiwan,TWN,1965,0,0.028466702,0.38904494,18.351534,4.5641613
Taiwan,TWN,1966,0,0.028551366,0.39971912,20.052576,4.7014585
Taiwan,TWN,1967,0,0.028755944,0.48885107,22.583002,5.0706315
Taiwan,TWN,1968,0,0.029042773,0.60989827,22.50815,5.4794035
Taiwan,TWN,1969,0,0.02928611,0.6052463,23.09698,5.6815057
Taiwan,TWN,1970,0,0.029480103,0.6092555,25.804918,5.699487
Taiwan,TWN,1971,0,0.029559284,0.50250787,26.120556,6.0399475
Taiwan,TWN,1972,0,0.029519208,0.36407024,26.03594,7.2814045
Taiwan,TWN,1973,0,0.029454706,0.43200237,28.55143,7.186949
Taiwan,TWN,1974,0,0.029423002,0.382499,27.020124,7.581327
Taiwan,TWN,1975,0,0.04912844,1.9061835,23.159145,8.145494
Taiwan,TWN,1976,0.029533032,0.08859911,1.1813214,28.23358,8.761466
Taiwan,TWN,1977,0,0.06893851,1.0833194,31.524595,11.286219
Taiwan,TWN,1978,0,0.09854534,0.9558898,31.16989,12.761621
Taiwan,TWN,1979,0,0.22660509,1.0147966,37.222347,12.886932
Taiwan,TWN,1980,0.068929784,0.12801245,0.73853344,32.101585,13.756416
Taiwan,TWN,1981,0.019689532,0.18705057,1.1419929,31.188221,14.993579
Taiwan,TWN,1982,0,0.2854312,1.3090466,31.682863,15.659347
Taiwan,TWN,1983,0,0.21640752,1.4951792,32.667698,18.502842
Taiwan,TWN,1984,0,0.33421037,1.5137763,35.170727,18.135828
Taiwan,TWN,1985,0,0.35364133,1.5324457,38.930016,17.593655
Taiwan,TWN,1986,0,0.45180193,1.8072077,39.395164,17.620275
Taiwan,TWN,1987,0.04911615,0.51080793,1.8074744,39.90196,19.941156
Taiwan,TWN,1988,0.009818204,0.5694558,1.9832772,38.762268,20.785137
Taiwan,TWN,1989,0.0098168785,0.68718153,2.7094586,37.89315,22.411936
Taiwan,TWN,1990,0.019647576,0.5992511,2.5345373,39.285328,22.840307
Taiwan,TWN,1991,0.01965378,0.74684364,2.8989327,40.31973,22.84752
Taiwan,TWN,1992,0.049118087,0.7662421,3.133734,40.73854,24.951986
Taiwan,TWN,1993,0.04911527,0.76619816,3.0353236,41.797092,27.288445
Taiwan,TWN,1994,0.06877043,1.0905025,3.2715075,42.568897,28.019037
Taiwan,TWN,1995,0.078593895,0.913654,3.4777799,41.831604,28.05802
Taiwan,TWN,1996,0.049101144,0.9918431,3.0639112,43.15991,30.698036
Taiwan,TWN,1997,0.06868436,1.1283859,3.7874517,44.409344,33.71421
Taiwan,TWN,1998,0.049038004,1.0984513,3.589582,40.985962,33.198727
Taiwan,TWN,1999,0.04904118,1.1966048,4.109651,39.968563,34.09343
Taiwan,TWN,2000,0.039287377,1.1295121,3.6340823,42.666092,33.649635
Taiwan,TWN,2001,0.049230933,1.112619,3.377242,43.16568,31.694872
Taiwan,TWN,2002,0.03947552,1.3421676,3.8192563,42.268414,32.024517
Taiwan,TWN,2003,0.04950113,1.1781269,4.1877956,40.917633,32.205433
Taiwan,TWN,2004,0.07946387,1.3608187,3.4368124,41.35101,33.285427
Taiwan,TWN,2005,0.07966026,1.3940545,3.983013,41.094738,32.28232
Taiwan,TWN,2006,0.069771975,1.3356351,4.315895,43.487877,33.460648
Taiwan,TWN,2007,0.11961444,1.2559516,4.684899,41.057655,32.923874
Taiwan,TWN,2008,0.08970279,1.3555089,5.123026,40.306454,34.834583
Taiwan,TWN,2009,0.05978151,0.97643137,4.5732856,39.62518,38.309986
Taiwan,TWN,2010,0.060000002,0.94000006,5.8300004,38.580006,32.560005
Taiwan,TWN,2011,0.080000006,0.93000007,5.7700005,39.210003,33.760002
Taiwan,TWN,2012,0.089999996,0.92999995,5.1499996,38.689995,32.509995
Taiwan,TWN,2013,0.09,0.93999994,5.81,38.06,30.029999
Taiwan,TWN,2014,0.08000003,0.96000034,6.0700026,37.480015,32.87001
Taiwan,TWN,2015,0.08999997,0.95999956,5.9299974,39.509983,33.699986
Taiwan,TWN,2016,0.09,0.95,6.75,37.9,33.83
Taiwan,TWN,2017,0.08,0.92999995,6.94,38.54,33.49
Taiwan,TWN,2018,0.080000006,0.8900001,7.580001,39.270004,35.770004
Taiwan,TWN,2019,0.09000002,0.8300001,8.040001,38.86001,38.980007
Taiwan,TWN,2020,0.08,4.64,8.49,38.6,41.9
Taiwan,TWN,2021,0.07,0.81,8.26,38.19,39.94
Taiwan,TWN,2022,0.080000006,0.84000003,8.790001,38.950005,41.860004
Taiwan,TWN,2023,0.070000015,1.0300002,9.020002,39.050007,42.32001
Tajikistan,TJK,1992,0.7038911,3.5390077,8.730205,0.50836575,0.91896886
Tajikistan,TJK,1993,0.17660435,2.2369883,6.5637946,0.13735893,0.31396326
Tajikistan,TJK,1994,0,2.0069366,6.9606433,0.08810941,0.20558861
Tajikistan,TJK,1995,0,1.8960466,8.575964,0.08750985,0.09723316
Tajikistan,TJK,1996,0,1.7779671,8.899498,0.01932573,0.028988592
Tajikistan,TJK,1997,0,0.54150045,7.8034077,0.0193393,0.0193393
Tajikistan,TJK,1998,0,2.171003,5.958089,0.06814808,0.03894176
Tajikistan,TJK,1999,0,2.130373,6.1555014,0.078539096,0.078539096
Tajikistan,TJK,2000,0,2.0571647,6.506153,0.13780051,0.07874315
Tajikistan,TJK,2001,0,2.041572,5.820443,0.22575076,0.0588915
Tajikistan,TJK,2002,0,2.40211,6.1376367,0.53924924,0.14706796
Tajikistan,TJK,2003,0,2.942071,5.325148,0.6962901,0.55899346
Tajikistan,TJK,2004,0,3.1109211,4.0432158,0.87341315,0.88322675
Tajikistan,TJK,2005,0,3.8822787,3.9215927,0.93371254,1.4153117
Tajikistan,TJK,2006,0,4.040416,3.4589899,1.143142,0.5617163
Tajikistan,TJK,2007,0,4.210571,3.5582285,1.5814348,2.8762348
Tajikistan,TJK,2008,0,4.8477516,3.5193288,2.2404742,3.4995017
Tajikistan,TJK,2009,0,4.9214296,3.5792215,1.4018618,3.807894
Tajikistan,TJK,2010,0.41999978,5.3599973,3.5099983,0.92999953,3.0199986
Tajikistan,TJK,2011,0.46000013,5.3600016,3.510001,0.8900002,2.8400006
Tajikistan,TJK,2012,0.23999979,5.4399953,6.429994,0.8899992,2.9199975
Tajikistan,TJK,2013,0.21999964,5.509991,8.229986,0.8199987,2.9999952
Tajikistan,TJK,2014,0.22999975,5.9399934,5.549994,0.8199991,3.5599961
Tajikistan,TJK,2015,0.25000003,6.1700006,11.310001,0.7300001,3.5900002
Tajikistan,TJK,2016,0.22000016,5.8000045,15.490012,0.47000036,3.4100027
Tajikistan,TJK,2017,0.22000019,7.4300065,18.430017,0.39000034,4.1400037
Tajikistan,TJK,2018,0.20999965,8.399986,21.459965,0.45999926,3.779994
Tajikistan,TJK,2019,0.21,7.21,22.98,0.47,2.03
Tajikistan,TJK,2020,0.18999995,6.979998,22.239994,0.46999988,2.5699992
Tajikistan,TJK,2021,0.17999998,7.3199987,22.619997,0.27999994,3.4199994
Tajikistan,TJK,2022,0.17999986,5.869995,24.29998,0.33999974,4.049997
Tajikistan,TJK,2023,0.17999989,5.8699956,21.919985,0.38999972,4.5599966
Tanzania,TZA,1961,0.48872146,1.914159,6.607921,0.30545092,0.7025371
Tanzania,TZA,1962,0.47879452,1.8846167,6.356761,0.28523928,0.6825369
Tanzania,TZA,1963,0.4585616,1.8851978,6.613477,0.29551747,0.631796
Tanzania,TZA,1964,0.5400578,1.6099837,6.5418324,0.29550332,0.6419555
Tanzania,TZA,1965,0.5194379,1.5888689,6.4980664,0.2851816,0.6722138
Tanzania,TZA,1966,0.5089004,1.6691933,6.798909,0.28498423,0.70228255
Tanzania,TZA,1967,0.56940454,1.62687,7.1073885,0.27453434,0.7422595
Tanzania,TZA,1968,0.5580707,1.5828913,7.0012507,0.273962,0.7508588
Tanzania,TZA,1969,0.53606963,1.5272928,6.9284477,0.27309212,0.8395053
Tanzania,TZA,1970,0.51424575,1.492321,7.1792736,0.27224776,0.84699297
Tanzania,TZA,1971,0.502632,1.4475803,7.4389544,0.26136866,0.90473765
Tanzania,TZA,1972,0.4808516,1.4726081,6.4614434,0.27047905,0.9516855
Tanzania,TZA,1973,0.46915147,1.3375808,6.657958,0.24954866,0.94828486
Tanzania,TZA,1974,0.46738347,1.3225958,6.384259,0.24860823,0.9546556
Tanzania,TZA,1975,0.45542908,1.2969828,6.8710384,0.23761515,0.98016256
Tanzania,TZA,1976,0.46314174,1.4386957,6.828877,0.2364979,0.98540795
Tanzania,TZA,1977,0.45109487,1.4219295,7.4332585,0.23535383,0.98064095
Tanzania,TZA,1978,0.43947205,1.3965446,7.3245344,0.2343851,0.9863706
Tanzania,TZA,1979,0.42863923,1.3833357,7.0628057,0.23380321,0.99366367
Tanzania,TZA,1980,0.43821007,1.3341062,6.427081,0.23371203,0.8666821
Tanzania,TZA,1981,0.4580577,1.3449353,6.5882344,0.2339018,0.9063695
Tanzania,TZA,1982,0.46822095,1.3266261,6.8574862,0.11705524,0.8974235
Tanzania,TZA,1983,0.4772879,1.2760144,6.9060636,0.24351422,0.8571701
Tanzania,TZA,1984,0.48633862,1.2255733,7.090817,0.36961734,0.81704885
Tanzania,TZA,1985,0.48551896,1.3011909,7.224522,0.35928404,0.80596143
Tanzania,TZA,1986,0.49397224,1.2688305,7.322412,0.3486863,0.8136013
Tanzania,TZA,1987,0.4830969,1.2367281,7.140172,0.3478298,0.85025054
Tanzania,TZA,1988,0.4734484,1.2077765,7.5172014,0.34783965,0.86959904
Tanzania,TZA,1989,0.4755004,1.2033072,7.61771,0.33964312,0.9510008
Tanzania,TZA,1990,0.46850637,1.2005476,7.320412,0.34161922,0.9662944
Tanzania,TZA,1991,0.46221757,1.1997988,7.4741564,0.34420457,1.0916202
Tanzania,TZA,1992,0.45628753,1.2002347,7.4692287,0.337256,1.1010417
Tanzania,TZA,1993,0.44720954,1.2024969,7.4137406,0.3279537,1.2422488
Tanzania,TZA,1994,0.4343905,1.1847014,7.236551,0.31592035,1.0563587
Tanzania,TZA,1995,0.4336354,1.2319188,8.101098,0.32522658,1.1629313
Tanzania,TZA,1996,0.41775027,1.2035186,6.2762003,0.33817878,1.054322
Tanzania,TZA,1997,0.41010267,1.1902981,6.11153,0.35008764,1.150288
Tanzania,TZA,1998,0.39947614,1.1684676,6.101998,0.36951542,1.2084153
Tanzania,TZA,1999,0.3985906,1.185807,7.8024106,0.3886258,1.2356309
Tanzania,TZA,2000,0.38727772,1.1519029,6.722744,0.38727772,1.251205
Tanzania,TZA,2001,0.39655322,1.1599181,5.145278,0.37672555,1.4474193
Tanzania,TZA,2002,0.41633382,1.130049,5.04557,0.3667703,1.5662082
Tanzania,TZA,2003,0.42619088,1.1398128,4.9259734,0.36672238,1.6948521
Tanzania,TZA,2004,0.42611107,1.1197802,4.835865,0.3963824,1.6945347
Tanzania,TZA,2005,0.43597886,1.1097643,5.2218375,0.35671,1.8033671
Tanzania,TZA,2006,0.46588376,0.99124205,5.164371,0.3469347,1.7644109
Tanzania,TZA,2007,0.46642122,1.0420048,4.3664966,0.32748726,1.8954564
Tanzania,TZA,2008,0.40791267,1.0347053,5.1635776,0.34821814,1.8505307
Tanzania,TZA,2009,0.43005937,1.0201408,5.1607122,0.36004972,1.8202513
Tanzania,TZA,2010,0.40999997,1.0699999,5.4399996,0.35999998,1.7099999
Tanzania,TZA,2011,0.43,1.17,5.71,0.33,1.76
Tanzania,TZA,2012,0.44,1.21,5.82,0.3,1.82
Tanzania,TZA,2013,0.45999995,1.1999999,6.0499997,0.30999997,1.9199997
Tanzania,TZA,2014,0.48000005,1.3100001,6.310001,0.34000003,2.0700002
Tanzania,TZA,2015,0.5,1.3500001,6.5300007,0.34000003,2.1500003
Tanzania,TZA,2016,0.5,1.21,6.64,0.3,2.03
Tanzania,TZA,2017,0.45000002,1.14,6.9700003,0.29,1.22
Tanzania,TZA,2018,0.45000005,1.1700001,7.130001,0.28000003,1.4200001
Tanzania,TZA,2019,0.4,1.18,7.75,0.26,0.81
Tanzania,TZA,2020,0.41999996,1.57,7.9799995,0.63,1.44
Tanzania,TZA,2021,0.41,1.54,8.08,0.66,1.53
Tanzania,TZA,2022,0.39,1.48,8.16,0.7,1.58
Tanzania,TZA,2023,0.39,1.53,7.9200006,0.72,1.62
Thailand,THA,1961,0,0.010196983,7.107297,4.670218,3.3140194
Thailand,THA,1962,0,0.010202925,7.233874,4.632128,3.3669653
Thailand,THA,1963,0,0.010207443,7.1758323,4.4300303,3.6338496
Thailand,THA,1964,0,0.01021132,7.1070786,5.1260824,3.8905127
Thailand,THA,1965,0,0.010214021,7.057889,4.8210177,4.1366787
Thailand,THA,1966,0,0.010217517,6.988782,5.118976,4.454838
Thailand,THA,1967,0,0.010222836,6.9617515,5.142087,4.753619
Thailand,THA,1968,0,0.010230405,6.864602,5.442576,5.094742
Thailand,THA,1969,0,0.010242243,6.8315763,5.57178,5.438631
Thailand,THA,1970,0,0.010257156,6.697923,5.8465786,5.867093
Thailand,THA,1971,0,0.010276578,6.463968,4.4600353,5.5699053
Thailand,THA,1972,0,0.010296322,6.198386,4.6127524,5.6114955
Thailand,THA,1973,0,0.010311753,6.3211045,5.372423,7.104798
Thailand,THA,1974,0,0.01032666,6.5884094,4.7605906,6.46449
Thailand,THA,1975,0,0.010340254,6.731506,4.270525,7.0106926
Thailand,THA,1976,0,0.010354562,6.8650746,4.058988,6.5751467
Thailand,THA,1977,0,0.010365051,6.7787437,4.208211,7.1622505
Thailand,THA,1978,0,0.010370647,6.8549976,7.259453,7.9646564
Thailand,THA,1979,0,0.010375586,6.619624,5.6858215,7.87507
Thailand,THA,1980,0,0.010376553,6.0287776,5.852376,7.1701984
Thailand,THA,1981,0,0.010374474,6.618915,5.8615785,7.7704816
Thailand,THA,1982,0,0.010368973,6.7916775,5.8895764,7.807837
Thailand,THA,1983,0,0.01035968,6.723432,4.516821,8.681412
Thailand,THA,1984,0,0.010352224,6.5322537,5.6005535,7.9505086
Thailand,THA,1985,0,0.010350352,6.3965173,7.5040054,8.363085
Thailand,THA,1986,0,0.010356632,6.317546,5.3958054,8.388873
Thailand,THA,1987,0,0.020736985,6.1174107,6.252201,8.512532
Thailand,THA,1988,0,0.020750394,5.9242377,6.2873697,8.94342
Thailand,THA,1989,0,0.020736892,5.878909,6.210699,9.300497
Thailand,THA,1990,0,0.020673996,5.768045,9.179255,9.375657
Thailand,THA,1991,0,0.020555943,5.7145524,9.219341,12.333567
Thailand,THA,1992,0,0.030600844,6.844389,8.7110405,14.759808
Thailand,THA,1993,0,0.02023056,6.999774,8.709256,15.041421
Thailand,THA,1994,0,0.020079004,6.4252815,9.627883,13.804316
Thailand,THA,1995,0,0.019961342,6.0482864,9.212159,13.643578
Thailand,THA,1996,0,0.009940243,5.3876123,8.667892,14.234429
Thailand,THA,1997,0,0.009914764,4.669854,8.794396,13.831097
Thailand,THA,1998,0,0.019798568,4.088404,8.4143915,14.730135
Thailand,THA,1999,0,0.01978297,3.649958,8.101126,13.660141
Thailand,THA,2000,0,0.019788973,3.1563413,10.854253,12.348319
Thailand,THA,2001,0,0.019817084,2.2888732,10.760677,12.009153
Thailand,THA,2002,0,0.019854221,2.1740372,11.942314,11.843043
Thailand,THA,2003,0,0.019882789,2.1572826,13.122641,12.138443
Thailand,THA,2004,0,0.029832678,2.287172,13.1761,10.86904
Thailand,THA,2005,0,0.029791683,2.2939596,13.356605,11.9464655
Thailand,THA,2006,0,0.029691884,2.4050426,13.876008,12.341927
Thailand,THA,2007,0,0.03938876,2.688283,15.341923,12.180975
Thailand,THA,2008,0,0.039151233,2.9363425,13.154815,11.588765
Thailand,THA,2009,0,0.029187882,2.9674346,11.684882,11.57786
Thailand,THA,2010,0,0.040000007,2.4400005,13.030002,11.700002
Thailand,THA,2011,0,0.04,2.07,12.99,11.66
Thailand,THA,2012,0.020000003,0.040000007,1.8900002,13.100002,12.990002
Thailand,THA,2013,0.029999997,0.04,1.8799999,13.079999,13.809999
Thailand,THA,2014,0.010000001,0.050000004,1.6400001,13.040001,16.720001
Thailand,THA,2015,0.020000003,0.05000001,1.7400002,13.050002,13.830002
Thailand,THA,2016,0.020000001,0.05000001,1.5700003,13.150002,13.130002
Thailand,THA,2017,0,0.050000004,1.7100002,13.210001,12.640001
Thailand,THA,2018,0,0.049999997,1.33,13.259999,11.859999
Thailand,THA,2019,0,0.040000003,1.5500002,12.120002,12.270002
Thailand,THA,2020,0,0.039999995,1.1499999,12.799999,11.539999
Thailand,THA,2021,0.05999999,0.039999995,1.3599998,12.979998,11.679998
Thailand,THA,2022,0.09000001,0.040000003,1.6200001,13.320001,10.720001
Thailand,THA,2023,0.089999996,0.039999995,1.4499999,12.669999,10.229999
Togo,TGO,1961,2.9375122,1.0698925,1.7456142,1.4734486,0.56310135
Togo,TGO,1962,2.8854165,1.1448588,1.684711,1.545094,0.53985214
Togo,TGO,1963,2.8293202,1.1927526,1.7105367,1.6088291,0.637984
Togo,TGO,1964,2.2259667,1.2746199,2.2259667,1.7549114,0.71120095
Togo,TGO,1965,2.1786273,1.3779353,2.1786273,1.7410398,0.7448299
Togo,TGO,1966,2.1305158,1.4487507,2.1683915,1.6949437,0.8616753
Togo,TGO,1967,2.0947654,1.4450002,2.220839,1.6001679,0.88251686
Togo,TGO,1968,2.0520668,1.4145316,1.912606,1.7631837,0.8865726
Togo,TGO,1969,1.9618855,1.2647687,1.9917618,1.5934095,0.8464988
Togo,TGO,1970,1.8605616,1.2403744,2.1263561,1.2895956,0.86629325
Togo,TGO,1971,1.8021126,1.0438466,1.7233317,1.3097322,0.8961325
Togo,TGO,1972,1.7520536,1.2992758,1.8111117,1.3484907,1.0039858
Togo,TGO,1973,1.7091923,1.2475139,2.0431724,1.4832646,0.9233567
Togo,TGO,1974,1.6665627,1.3038403,1.9116455,1.4410865,1.0195442
Togo,TGO,1975,1.6237571,1.3889971,2.015024,1.4672505,1.0466387
Togo,TGO,1976,1.5818137,1.3669995,1.7478064,1.5134637,0.9373711
Togo,TGO,1977,1.5500135,1.2478095,1.6474986,1.3940372,1.5207679
Togo,TGO,1978,1.5087067,1.3043014,1.6157763,1.4113709,1.3919036
Togo,TGO,1979,1.4703046,1.1392425,1.5482016,1.3242478,1.3826705
Togo,TGO,1980,1.4329215,0.8870467,1.5498947,1.0917497,1.6961112
Togo,TGO,1981,1.3867424,0.84962386,1.8164371,1.2207239,2.2168345
Togo,TGO,1982,1.3484201,1.0826732,2.5196757,1.1712556,2.7952652
Togo,TGO,1983,1.3169184,0.9477821,2.2647004,1.1373385,2.364467
Togo,TGO,1984,1.2840079,1.051471,3.7307003,1.0919123,2.1130524
Togo,TGO,1985,1.2525074,1.1303116,3.5029476,1.4052522,1.629278
Togo,TGO,1986,1.2144254,1.4185305,3.9392283,1.0205255,2.8268557
Togo,TGO,1987,1.2470692,1.5026163,3.2710013,1.0426316,3.2607796
Togo,TGO,1988,1.1757671,1.8096588,2.66848,1.5642813,4.0589523
Togo,TGO,1989,1.1851138,1.7061552,2.3293617,1.6959387,3.5757744
Togo,TGO,1990,1.1321093,2.070434,1.4788816,1.4074873,2.0296373
Togo,TGO,1991,1.0882959,1.7290683,1.2205187,1.6375293,1.973172
Togo,TGO,1992,1.0234627,1.2565285,1.205862,1.651727,2.3509243
Togo,TGO,1993,1.144395,1.154894,1.2493854,1.6273506,2.351784
Togo,TGO,1994,1.231538,1.0494846,1.5206817,1.606354,2.4737852
Togo,TGO,1995,1.2506654,0.80251026,1.3861542,1.1777099,2.4492197
Togo,TGO,1996,1.2589135,1.1258576,1.5659655,1.0030367,2.7737036
Togo,TGO,1997,1.298802,1.2683614,1.491593,1.1060112,3.0237737
Togo,TGO,1998,1.2182881,1.3299644,1.3604217,1.2081357,2.8832815
Togo,TGO,1999,1.1583843,1.4022548,1.4428998,1.2498358,2.6216066
Togo,TGO,2000,1.200049,1.4848065,1.4034473,1.2814083,4.078133
Togo,TGO,2001,0.9364832,1.4963373,1.669383,1.353829,4.0818453
Togo,TGO,2002,0.9886918,1.4371705,1.7021806,1.355629,4.2707405
Togo,TGO,2003,0.98973966,1.4080832,1.5713392,1.3978797,4.5915756
Togo,TGO,2004,1.0016512,1.4820348,1.5331395,1.4309301,4.0883718
Togo,TGO,2005,1.0029649,1.7603056,1.5760875,1.4737443,3.9811563
Togo,TGO,2006,0.6635774,1.7865546,1.9601055,1.5109148,4.144807
Togo,TGO,2007,0.8120468,1.7459008,1.6748465,1.5124372,4.2936974
Togo,TGO,2008,0.87745404,1.694394,1.5632801,1.5733658,5.6278086
Togo,TGO,2009,1.0121508,1.7236629,1.6034073,1.6034073,5.7321806
Togo,TGO,2010,0.924619,1.7037923,1.5687356,1.8804048,6.545056
Togo,TGO,2011,0.86167675,1.6714453,1.5468655,1.9413681,6.654636
Togo,TGO,2012,0.7703532,1.394964,1.6239878,2.102856,6.9019485
Togo,TGO,2013,0.7943599,1.4737467,1.2751567,2.2785587,6.919293
Togo,TGO,2014,0.840444,1.7334157,1.6493714,2.2481878,6.7340574
Togo,TGO,2015,0.8454478,1.6697594,1.4266932,2.4306624,7.725279
Togo,TGO,2016,0.8511568,1.4682454,1.0958643,2.5641098,7.7348866
Togo,TGO,2017,0.84699494,1.5010036,0.825552,2.712528,7.6336756
Togo,TGO,2018,0.84154433,1.5428313,0.7983883,2.6756797,8.0378275
Togo,TGO,2019,0.8654258,1.6226734,0.8870614,2.488099,8.719166
Togo,TGO,2020,0.8130313,1.8103497,0.7371484,1.8753923,5.160039
Togo,TGO,2021,0.80607677,1.3071516,0.9041131,2.1785858,5.1523557
Togo,TGO,2022,0.80057734,1.3708516,1.0089468,2.5114002,5.9988465
Tonga,TON,2019,0.009998296,11.658013,15.997274,27.175371,109.52134
Tonga,TON,2020,0.20995827,15.24697,15.376945,22.505527,88.15248
Tonga,TON,2021,1.9697386,16.007875,17.197718,25.986551,121.033936
Tonga,TON,2022,0.1599802,18.377726,14.018266,26.626703,92.39857
Tonga,TON,2023,0.9398832,20.76742,14.408209,32.895912,87.919075
Trinidad and Tobago,TTO,1961,1.002141,1.0322052,6.4237237,7.085137,10.672801
Trinidad and Tobago,TTO,1962,1.0997438,0.94977874,5.8586354,7.2783046,11.307366
Trinidad and Tobago,TTO,1963,1.0455368,1.0853668,6.532116,7.298843,11.690098
Trinidad and Tobago,TTO,1964,1.137439,1.1671113,7.5961146,7.9620733,12.492048
Trinidad and Tobago,TTO,1965,0.9626543,0.94300824,6.993978,7.347606,11.925126
Trinidad and Tobago,TTO,1966,1.0342044,0.9463947,6.9564886,7.2979712,12.508019
Trinidad and Tobago,TTO,1967,1.0262758,0.8229571,6.118928,6.7676115,13.186677
Trinidad and Tobago,TTO,1968,0.90313166,0.7494071,5.41879,6.696625,14.094619
Trinidad and Tobago,TTO,1969,0.8321089,1.0042692,5.939536,4.8204927,13.457209
Trinidad and Tobago,TTO,1970,0.98275304,1.0304595,6.5262437,4.6561503,15.704966
Trinidad and Tobago,TTO,1971,1.0870267,0.88678503,5.5400224,5.492346,14.856032
Trinidad and Tobago,TTO,1972,0.8592736,1.0120333,6.549575,5.3370442,14.302132
Trinidad and Tobago,TTO,1973,0.83202964,0.73639405,5.9102793,6.6658006,14.26883
Trinidad and Tobago,TTO,1974,0.8142545,1.0250027,7.768945,4.3203387,15.125975
Trinidad and Tobago,TTO,1975,0.6429906,1.0076717,9.664052,3.8099592,20.662071
Trinidad and Tobago,TTO,1976,1.828167,1.2027414,11.074843,3.5793583,18.541462
Trinidad and Tobago,TTO,1977,1.8014747,1.2716292,9.373448,3.6607506,22.398014
Trinidad and Tobago,TTO,1978,1.7640684,1.6387521,12.66659,4.2511153,23.463074
Trinidad and Tobago,TTO,1979,2.113579,1.2546359,10.374874,3.561236,20.807653
Trinidad and Tobago,TTO,1980,4.8168488,1.6733229,10.8234005,4.5363493,20.50546
Trinidad and Tobago,TTO,1981,2.079409,1.6518668,10.523363,5.6163473,20.37626
Trinidad and Tobago,TTO,1982,1.8358927,2.372989,12.782891,6.1131325,26.884111
Trinidad and Tobago,TTO,1983,1.7469671,2.4928632,12.768563,6.5756626,25.900259
Trinidad and Tobago,TTO,1984,1.8921981,2.97627,13.1172695,5.735726,24.066395
Trinidad and Tobago,TTO,1985,1.6568382,2.4359467,13.077188,4.9507904,23.511324
Trinidad and Tobago,TTO,1986,1.3186916,1.9780374,12.084725,4.251304,20.65622
Trinidad and Tobago,TTO,1987,0.73622006,1.9338048,7.8824625,4.162097,20.339306
Trinidad and Tobago,TTO,1988,0.7445099,1.3910578,5.779748,3.8205113,18.093548
Trinidad and Tobago,TTO,1989,0.6648808,1.231985,5.22127,3.5492904,20.093088
Trinidad and Tobago,TTO,1990,0.19517416,1.2686319,5.0159755,3.5521696,20.503044
Trinidad and Tobago,TTO,1991,0.08770582,1.8613123,6.353799,3.3425663,21.507414
Trinidad and Tobago,TTO,1992,0.04863641,1.4980015,5.0095506,3.375367,20.242474
Trinidad and Tobago,TTO,1993,0.058290914,1.8944547,5.294758,2.749388,24.200445
Trinidad and Tobago,TTO,1994,0.00970231,1.1545749,4.7832384,2.81367,21.30627
Trinidad and Tobago,TTO,1995,0.01937974,1.2499932,4.205404,2.8972712,24.53475
Trinidad and Tobago,TTO,1996,0.019339906,0.88963574,4.0323706,3.2104244,24.484322
Trinidad and Tobago,TTO,1997,0,1.1394827,3.5343282,3.2349725,22.046097
Trinidad and Tobago,TTO,1998,0.038558234,1.243503,4.9643726,3.6341136,22.296297
Trinidad and Tobago,TTO,1999,0.009621887,1.2989547,4.8686743,4.050814,23.900766
Trinidad and Tobago,TTO,2000,0.009607654,1.5276171,5.8030233,3.5164018,27.27613
Trinidad and Tobago,TTO,2001,0.0095958505,1.861595,4.1933866,4.567625,31.531965
Trinidad and Tobago,TTO,2002,0,1.3528205,4.327107,5.248176,37.850193
Trinidad and Tobago,TTO,2003,0.009591266,1.7168366,4.977867,5.630073,38.576073
Trinidad and Tobago,TTO,2004,0.7383011,2.8860862,5.4461694,5.9639387,40.405205
Trinidad and Tobago,TTO,2005,0.019185822,1.7459099,5.774933,5.1322074,40.12715
Trinidad and Tobago,TTO,2006,0.038360026,2.0810316,3.8743627,7.019885,37.28595
Trinidad and Tobago,TTO,2007,0.07675513,2.3122485,5.4975863,9.364126,40.881702
Trinidad and Tobago,TTO,2008,0.076729655,2.3978019,6.6658893,6.5891595,42.297222
Trinidad and Tobago,TTO,2009,0.019187037,2.5998437,6.3892837,7.5500994,44.897667
Trinidad and Tobago,TTO,2010,0.029999848,2.2299888,6.379968,8.209959,58.289707
Trinidad and Tobago,TTO,2011,0.049999643,2.659981,5.149963,7.1399484,60.319565
Trinidad and Tobago,TTO,2012,0.009999972,2.5299928,6.4099817,7.6699786,60.98983
Trinidad and Tobago,TTO,2013,0.24999858,2.5899854,6.639962,8.119954,63.66964
Trinidad and Tobago,TTO,2014,0.13999951,2.7899902,5.5499806,8.75997,64.799774
Trinidad and Tobago,TTO,2015,0.21999998,2.43,7.6499996,9.34,52.249996
Trinidad and Tobago,TTO,2016,0.019999987,1.9799987,6.6799955,7.3599954,58.059963
Trinidad and Tobago,TTO,2017,0.05999979,2.4799914,2.7599905,8.0899725,58.099796
Trinidad and Tobago,TTO,2018,0.039999947,1.2899982,6.469991,8.359988,57.449924
Trinidad and Tobago,TTO,2019,0.059999675,1.7199907,6.729964,7.5399594,55.689697
Trinidad and Tobago,TTO,2020,0.1999992,1.3099947,7.699969,7.2999706,45.21982
Trinidad and Tobago,TTO,2021,0.16000053,1.1800039,6.700022,7.810026,43.230145
Trinidad and Tobago,TTO,2022,0.22999954,1.6499968,6.7899866,7.3299856,48.289906
Trinidad and Tobago,TTO,2023,0.23999873,2.2999878,7.169962,6.559965,49.479736
Tunisia,TUN,1961,0.77168053,5.8108473,3.6910503,0,1.8315791
Tunisia,TUN,1962,0.7630702,5.3980155,3.523312,0,1.837021
Tunisia,TUN,1963,0.8010786,5.5980134,3.299681,0,1.8405734
Tunisia,TUN,1964,0.8197333,5.8827915,3.288577,0,1.8709208
Tunisia,TUN,1965,0.9048426,6.051743,3.473428,0,1.8777916
Tunisia,TUN,1966,0.7621788,6.2635465,3.9867816,0,1.846818
Tunisia,TUN,1967,0.6550864,5.5926776,3.9207413,0,2.1901395
Tunisia,TUN,1968,0.54669875,4.461452,3.8561785,0,2.3332322
Tunisia,TUN,1969,0.5647378,4.985272,3.661059,0,2.4731622
Tunisia,TUN,1970,0.5438054,3.8260598,3.5832896,0,2.5733652
Tunisia,TUN,1971,0.6193635,4.3548994,3.7645688,0,2.758103
Tunisia,TUN,1972,0.6651232,4.7136993,4.0196576,0,3.1135478
Tunisia,TUN,1973,0.66243064,5.5010543,4.2721972,0,3.571365
Tunisia,TUN,1974,0.58309996,5.018483,4.970688,0,3.4794817
Tunisia,TUN,1975,0.4666494,5.8188324,5.752168,0,3.4284446
Tunisia,TUN,1976,0.63637227,6.297236,6.059784,0,3.9986973
Tunisia,TUN,1977,0.54065454,5.472942,6.1843295,0,4.8279505
Tunisia,TUN,1978,0.49359423,4.556255,5.4485207,0,5.552935
Tunisia,TUN,1979,0.6282679,3.6934536,3.674415,0,5.959026
Tunisia,TUN,1980,0.5060765,4.210939,4.506946,0,5.99653
Tunisia,TUN,1981,0.5365262,4.0335274,5.3365192,0,5.988015
Tunisia,TUN,1982,0.52917004,4.2718453,5.4841256,0,7.244819
Tunisia,TUN,1983,0.53200424,5.3587337,6.1035395,0,5.349061
Tunisia,TUN,1984,0.53354204,5.4421287,6.809936,0,5.742852
Tunisia,TUN,1985,0.55300695,5.966654,6.6845927,0,5.7338085
Tunisia,TUN,1986,0.5726655,5.5616503,6.706981,0,6.04696
Tunisia,TUN,1987,0.6993899,5.750539,6.731627,0,5.6825423
Tunisia,TUN,1988,0.6810002,6.1971016,6.6640735,0,6.0025306
Tunisia,TUN,1989,1.0237663,5.577089,6.464353,0,6.6203556
Tunisia,TUN,1990,0.9674625,5.5409217,6.361799,0,6.24453
Tunisia,TUN,1991,1.0176355,5.440436,6.370007,0,6.203663
Tunisia,TUN,1992,1.0180191,5.4522758,6.5486035,0,7.517679
Tunisia,TUN,1993,1.0769125,5.707636,6.667067,0,7.80272
Tunisia,TUN,1994,1.12648,5.7499456,6.278901,0,7.7580185
Tunisia,TUN,1995,1.1472337,5.8538337,6.1283855,0,7.7364736
Tunisia,TUN,1996,1.1182371,5.924695,5.9050765,0,7.886514
Tunisia,TUN,1997,1.0784849,5.804209,6.186581,0,9.020055
Tunisia,TUN,1998,1.1265377,6.1518755,6.0539155,0,10.031083
Tunisia,TUN,1999,1.1745278,6.4207516,6.2347846,0,10.903533
Tunisia,TUN,2000,1.2228698,6.3980546,6.564365,0,11.925426
Tunisia,TUN,2001,1.1930926,6.53267,6.112154,0,12.292765
Tunisia,TUN,2002,1.2515643,6.7271585,6.4631567,0,12.173418
Tunisia,TUN,2003,1.1243503,5.9737225,5.846622,0,11.77146
Tunisia,TUN,2004,1.066501,6.0565515,6.1446114,0,12.269653
Tunisia,TUN,2005,0.9212583,6.2625957,5.8803716,0,11.613734
Tunisia,TUN,2006,0.9721635,6.431991,5.950819,0,10.281365
Tunisia,TUN,2007,0.9150632,6.523515,5.3919854,0,13.135585
Tunisia,TUN,2008,0.8969113,5.8348513,5.568735,0,13.453669
Tunisia,TUN,2009,0.84872127,5.566032,5.2798357,0,13.49072
Tunisia,TUN,2010,0.8699997,5.649998,5.629998,0,14.9699955
Tunisia,TUN,2011,0.84999996,5.5799994,5.2499995,0,13.529999
Tunisia,TUN,2012,0.86000013,5.2100005,5.4500003,0,17.300001
Tunisia,TUN,2013,0.87999964,5.279998,5.4899974,0,18.149992
Tunisia,TUN,2014,0.88999957,5.4299974,5.6299977,0,16.629992
Tunisia,TUN,2015,0.84999925,5.429995,5.469995,0,16.619986
Tunisia,TUN,2016,0.82999957,5.419997,5.399997,0,16.609991
Tunisia,TUN,2017,0.8199997,5.459998,5.499998,0,16.709993
Tunisia,TUN,2018,0.79999965,5.4499974,5.2399974,0,17.049992
Tunisia,TUN,2019,0.7999998,5.479998,4.2299986,0.009999996,17.069994
Tunisia,TUN,2020,0.79000014,5.510001,4.2800007,0.010000001,17.580002
Tunisia,TUN,2021,0.7799997,5.8999977,4.159998,0.009999996,19.559992
Tunisia,TUN,2022,0.77999943,5.8399963,4.3799973,0.009999993,20.119987
Tunisia,TUN,2023,0.7899997,5.609998,4.3199987,0.009999996,20.189993
Turkey,TUR,1961,0.24235699,10.169299,3.7419918,0.009694279,2.2393785
Turkey,TUR,1962,0.24159193,9.46074,3.9910986,0.009663677,2.1936545
Turkey,TUR,1963,0.22154276,9.343325,3.7951238,0.009632293,2.1576338
Turkey,TUR,1964,0.21128124,8.912227,3.4765368,0.009603693,2.1416235
Turkey,TUR,1965,0.21085036,8.865299,3.54612,0.009584107,2.2043447
Turkey,TUR,1966,0.20076087,9.01512,3.690176,0.019120084,2.1892495
Turkey,TUR,1967,0.20011735,8.519281,3.401995,0.019058796,2.2775261
Turkey,TUR,1968,0.19011685,8.2986,3.49815,0.019011684,2.4525073
Turkey,TUR,1969,0.18034397,8.846346,3.8346822,0.009491787,2.6482089
Turkey,TUR,1970,0.17083034,8.807253,3.6633615,0.009490574,2.8471723
Turkey,TUR,1971,0.1518521,8.845385,3.2648203,0.009490756,3.00857
Turkey,TUR,1972,0.08542107,8.599054,2.7809303,0.009491229,3.3314216
Turkey,TUR,1973,0.009501003,8.503397,2.9263089,0.009501003,3.4868681
Turkey,TUR,1974,0.05710934,8.604474,3.48367,0.009518224,3.8834352
Turkey,TUR,1975,0.047725968,9.459287,3.6367188,0.009545193,4.42897
Turkey,TUR,1976,0.038282584,9.101686,3.0913188,0.009570646,4.632193
Turkey,TUR,1977,0.057540566,9.225671,3.2894025,0.009590094,4.325133
Turkey,TUR,1978,0.038449038,9.333504,2.633759,0,4.738844
Turkey,TUR,1979,0.057845317,6.3437033,3.5864098,0,4.810802
Turkey,TUR,1980,0.048345238,6.304219,3.103764,0.009669047,5.501688
Turkey,TUR,1981,0.009701176,7.0042486,3.259595,0,6.111741
Turkey,TUR,1982,0.009720193,6.5805707,3.3048658,0,6.1431623
Turkey,TUR,1983,0.06801416,6.7139688,3.2841122,0.009716308,5.05248
Turkey,TUR,1984,0.067972235,6.5253344,7.8556485,0.009710319,5.651406
Turkey,TUR,1985,0.058213606,6.8206944,7.305808,0.009702268,5.5205903
Turkey,TUR,1986,0.04846385,6.775246,9.498915,0.0096927695,5.9998245
Turkey,TUR,1987,0.0580974,6.8070793,6.94264,0,6.535958
Turkey,TUR,1988,0.058014866,6.67171,6.400974,0,7.019799
Turkey,TUR,1989,0.057914697,6.534708,7.084898,0.009652449,7.0752454
Turkey,TUR,1990,0.057835646,6.477592,6.814967,0.009639274,7.4029627
Turkey,TUR,1991,0.05779102,6.376276,6.530386,0.009631837,7.2720375
Turkey,TUR,1992,0.048124578,6.2080703,5.813449,0.009624915,7.594058
Turkey,TUR,1993,0.048062544,6.094331,5.661768,0,7.77652
Turkey,TUR,1994,0.047983777,6.0555525,5.5565214,0,7.946113
Turkey,TUR,1995,0.047949594,6.0512385,5.638872,0,8.21856
Turkey,TUR,1996,0.047975715,5.891418,5.219758,0,6.8893127
Turkey,TUR,1997,0.04802637,5.984086,6.1281652,0,7.5689564
Turkey,TUR,1998,0.03847719,5.8389134,5.704243,0,7.80125
Turkey,TUR,1999,0.048182502,5.6758986,5.492805,0,9.366678
Turkey,TUR,2000,0.048279002,5.6969223,5.474839,0,10.061344
Turkey,TUR,2001,0.038704734,5.2928724,5.0316153,0,9.202051
Turkey,TUR,2002,0.02909314,4.955532,4.8876476,0,10.298972
Turkey,TUR,2003,0.029162455,4.597947,4.286881,0,12.69539
Turkey,TUR,2004,0.038981453,4.638793,5.3307133,0,12.600755
Turkey,TUR,2005,0.03908463,4.543588,4.6412997,0,13.08358
Turkey,TUR,2006,0.039189465,4.4969916,4.859494,0,12.765968
Turkey,TUR,2007,0.03929126,4.5676093,6.0803227,0,14.577058
Turkey,TUR,2008,0.03933018,4.4639754,5.1620865,0,14.276856
Turkey,TUR,2009,0.029493334,4.129067,4.473156,0,16.476944
Turkey,TUR,2010,0.030000003,3.7000005,9.670001,0,18.250002
Turkey,TUR,2011,0.03,4.08,10.44,0,19.07
Turkey,TUR,2012,0.030000003,4.2200003,10.750001,0,19.450003
Turkey,TUR,2013,0.03,4.51,11.3,0,18.77
Turkey,TUR,2014,0.039999995,4.6999993,11.649999,0,19.229998
Turkey,TUR,2015,0.030000001,4.8600006,12.090001,0,19.750002
Turkey,TUR,2016,0.030000001,4.9100003,12.160001,0,19.540003
Turkey,TUR,2017,0.029999996,5.1999993,12.619998,0,21.179998
Turkey,TUR,2018,0.02,5.25,12.91,0,20.33
Turkey,TUR,2019,0.02,1.47,12.65,0.01,20.19
Turkey,TUR,2020,0.02,5.05,15.709999,0,19.59
Turkey,TUR,2021,0.02,5.5399995,16.94,0,19.61
Turkey,TUR,2022,0.02,6.9,18.2,0,20.74
Turkey,TUR,2023,0.02,8,19.71,0,21.64
Turkmenistan,TKM,1992,0.75776315,10.982645,20.311989,1.6828247,1.722189
Turkmenistan,TKM,1993,0.9899775,12.077725,14.770464,1.1780733,1.583964
Turkmenistan,TKM,1994,0.72633606,11.054237,12.288014,0.96513146,4.308267
Turkmenistan,TKM,1995,1.0092272,12.770221,14.29905,0.7694108,1.2990053
Turkmenistan,TKM,1996,0.7006866,10.730515,13.493221,0.3503433,0.6005885
Turkmenistan,TKM,1997,0.45992237,13.227766,11.148118,0.21996287,0.38993415
Turkmenistan,TKM,1998,0.51817125,13.193437,15.335876,0.19929664,1.0762019
Turkmenistan,TKM,1999,0.42586732,13.419772,14.152659,0.31692448,1.4261603
Turkmenistan,TKM,2000,0.21607904,14.66391,15.891631,0.22590081,2.2688298
Turkmenistan,TKM,2001,0.4283854,15.4997635,16.989376,0.15577652,1.6843336
Turkmenistan,TKM,2002,0.21218278,17.79442,18.729952,0.11573605,3.3949244
Turkmenistan,TKM,2003,0.21023583,18.816109,20.746454,0.17201115,3.1535375
Turkmenistan,TKM,2004,0.15157446,19.515213,19.64784,0.16104788,3.0883298
Turkmenistan,TKM,2005,0.12217107,18.212887,19.97967,0.17855771,2.9415035
Turkmenistan,TKM,2006,0.14927232,18.528427,18.957584,0.121283755,3.013435
Turkmenistan,TKM,2007,0.25012362,24.438004,25.160583,0.0741107,3.5758412
Turkmenistan,TKM,2008,0.18402132,23.812357,24.318417,0.11961385,4.6649404
Turkmenistan,TKM,2009,0.2557269,24.138794,24.549782,0.10959724,4.4752207
Turkmenistan,TKM,2010,0.23000017,19.790014,22.980015,0.2900002,3.5500023
Turkmenistan,TKM,2011,0.2500003,20.320024,22.920029,0.47000057,3.310004
Turkmenistan,TKM,2012,0.24000007,22.290009,23.430008,0.79000026,3.420001
Turkmenistan,TKM,2013,0.23999967,21.959969,22.27997,0.95999867,3.579995
Turkmenistan,TKM,2014,1.4999985,21.33998,25.759974,1.4299985,6.6299934
Turkmenistan,TKM,2015,1.4799993,21.56999,24.409988,1.1399994,4.6199975
Turkmenistan,TKM,2016,1.5799998,18.919998,26.749996,0.47999993,4.0099998
Turkmenistan,TKM,2017,1.3199991,18.669987,27.299978,0.30999976,4.3899965
Turkmenistan,TKM,2018,1.3999994,18.379992,25.429989,0.34999985,7.5199966
Turkmenistan,TKM,2019,1.7599992,18.359993,23.979988,0.10999995,5.2199974
Turkmenistan,TKM,2020,1.9799986,18.659986,24.309982,0.089999944,5.5899963
Turkmenistan,TKM,2021,2.2399993,18.779995,23.249994,0.079999976,7.499998
Turkmenistan,TKM,2022,1.9899981,18.099983,22.41998,0.06999993,9.93999
Turkmenistan,TKM,2023,1.9000007,17.560007,23.460009,0.08000003,8.160003
Tuvalu,TUV,2019,0.45900217,3.8316703,3.9913232,17.601734,57.25553
Tuvalu,TUV,2020,0.1796028,4.8592534,9.119831,19.516836,61.394222
Tuvalu,TUV,2021,0.6484726,5.04811,5.716536,18.646084,50.3115
Tuvalu,TUV,2022,1.4368358,4.969057,4.540002,17.69104,47.71492
Tuvalu,TUV,2023,0.6189285,3.8034155,6.5686283,19.975418,54.10633
USSR,OWID_USS,1961,1.4439069,4.572372,13.005189,16.875662,3.7601743
USSR,OWID_USS,1962,1.2637552,4.7541265,14.743811,17.993467,3.7511463
USSR,OWID_USS,1963,1.1541951,4.9379478,15.857637,18.858545,3.603096
USSR,OWID_USS,1964,1.0645913,4.5797515,15.788092,12.272931,2.741825
USSR,OWID_USS,1965,0.83417565,4.3517838,17.778997,17.899601,3.1055455
USSR,OWID_USS,1966,0.7839836,3.9701736,18.654789,19.016628,3.2565475
USSR,OWID_USS,1967,0.7634258,4.319383,20.773218,18.131363,3.3751457
USSR,OWID_USS,1968,0.87317574,4.285587,22.552021,17.021908,3.552922
USSR,OWID_USS,1969,1.0832281,3.9918962,22.787909,16.278511,3.7110593
USSR,OWID_USS,1970,1.0536325,4.094115,22.266768,16.677498,4.676121
USSR,OWID_USS,1971,1.0342997,3.9664896,22.975512,18.888523,5.201624
USSR,OWID_USS,1972,1.2152294,3.7059474,23.119488,21.251448,5.2023864
USSR,OWID_USS,1973,1.2457912,3.7876072,23.449005,22.67541,5.374986
USSR,OWID_USS,1974,1.2359571,3.8385007,26.70873,19.91599,5.9587197
USSR,OWID_USS,1975,1.3157363,3.806596,26.937443,22.467958,6.207062
USSR,OWID_USS,1976,1.1536014,3.3905852,26.402424,21.72783,5.7579756
USSR,OWID_USS,1977,1.0915018,3.4146984,28.188784,18.375282,6.9996305
USSR,OWID_USS,1978,1.0598018,3.5193422,27.064941,20.316202,7.4786024
USSR,OWID_USS,1979,1.2191932,3.4976854,27.291939,20.426483,8.254538
USSR,OWID_USS,1980,0.9497399,3.6490006,26.202824,20.59436,8.647632
USSR,OWID_USS,1981,0.9300251,3.6200976,25.9207,19.520527,9.370253
USSR,OWID_USS,1982,0.8699314,3.4297297,25.72797,20.088415,9.949215
USSR,OWID_USS,1983,0.91915345,3.3968716,27.254898,21.849876,10.280532
USSR,OWID_USS,1984,0.8684923,3.2743158,27.871614,22.091648,10.17234
USSR,OWID_USS,1985,0.9281394,3.263458,27.594683,22.624645,10.638673
USSR,OWID_USS,1986,0.9376273,3.551014,29.255966,20.747498,11.271477
USSR,OWID_USS,1987,0.94688743,3.558303,30.08112,22.326609,11.621798
USSR,OWID_USS,1988,0.97609335,3.7051706,30.697138,23.784803,11.912322
USSR,OWID_USS,1989,0.9857245,3.7537186,31.284307,23.985962,11.888434
USSR,OWID_USS,1990,0.826206,3.6930416,31.784046,23.253222,12.233822
USSR,OWID_USS,1991,0.82535696,3.4008687,30.060894,20.415155,11.117459
Uganda,UGA,1961,0.89122397,1.5329053,7.807122,0.12477136,1.3546605
Uganda,UGA,1962,0.9841538,1.3867621,7.238004,0.12525594,1.3509748
Uganda,UGA,1963,0.96129316,1.2397985,7.1243496,0.11679262,1.3565912
Uganda,UGA,1964,1.0464683,1.1096172,6.8922567,0.13531919,1.3531917
Uganda,UGA,1965,1.0142918,1.0686288,6.7377954,0.21734823,1.3493704
Uganda,UGA,1966,1.0999321,1.3181003,6.4814177,0.19089729,1.3544617
Uganda,UGA,1967,1.1673685,1.222089,6.466128,0.20976155,1.35889
Uganda,UGA,1968,1.233804,1.1515504,6.488895,0.21020365,1.3526148
Uganda,UGA,1969,1.1985716,1.0521811,6.779706,0.22873503,1.3724102
Uganda,UGA,1970,1.1622627,1.0341393,7.019335,0.31115696,1.3910545
Uganda,UGA,1971,1.1259528,1.2083397,6.902182,0.41193396,1.4005754
Uganda,UGA,1972,1.1010313,1.0001034,6.8722696,0.3853609,1.3854643
Uganda,UGA,1973,1.1688902,1.0584439,7.0225453,0.3221351,1.4634138
Uganda,UGA,1974,1.1340915,1.0326687,7.0719366,0.2950482,1.3922588
Uganda,UGA,1975,1.1542407,1.1542407,6.870041,0.3601231,1.3850889
Uganda,UGA,1976,1.1198025,1.0180023,6.8021054,0.45347372,1.4992396
Uganda,UGA,1977,1.132281,1.1972479,7.0999584,0.58470243,1.7819504
Uganda,UGA,1978,1.0987319,1.2756464,7.095201,0.7821481,1.5736077
Uganda,UGA,1979,1.1146612,1.2645315,7.2593474,0.61821544,1.5268047
Uganda,UGA,1980,1.0965858,1.2383857,6.4849815,0.63337284,1.5219855
Uganda,UGA,1981,1.0874035,1.2972534,6.3145714,0.6486267,1.5261805
Uganda,UGA,1982,1.0852324,1.3637433,6.252091,0.662664,1.6230468
Uganda,UGA,1983,1.072233,1.3910049,6.0856466,0.6858427,1.6904573
Uganda,UGA,1984,1.0582366,1.4271631,6.0872874,0.69901866,1.6795865
Uganda,UGA,1985,1.0344111,1.493065,6.0405703,0.7123775,1.7370299
Uganda,UGA,1986,1.0109162,1.4329494,3.9062593,0.81462187,1.8451676
Uganda,UGA,1987,0.9863255,1.1441376,3.6888573,1.5879841,1.5978473
Uganda,UGA,1988,0.9611375,1.1791275,3.894093,1.4070259,1.6250159
Uganda,UGA,1989,0.945102,1.2236583,4.3275723,2.2781932,1.6613897
Uganda,UGA,1990,0.96807355,1.2375373,4.6407647,3.2734857,1.6866436
Uganda,UGA,1991,0.9400051,1.2600069,4.6500254,3.3000178,1.7300094
Uganda,UGA,1992,0.92014515,1.2501972,4.590724,3.2605143,1.7602776
Uganda,UGA,1993,0.88930607,1.2490253,4.706328,3.237474,1.7886044
Uganda,UGA,1994,0.86879706,1.2482717,4.1941924,3.2355201,1.7875249
Uganda,UGA,1995,0.8530983,1.2445198,4.1851997,3.2116642,1.7664152
Uganda,UGA,1996,0.8268147,1.230139,4.1239905,3.2669263,1.714128
Uganda,UGA,1997,0.80838054,1.2428851,4.0520077,3.2537315,1.6470753
Uganda,UGA,1998,0.78915215,1.2444323,4.127873,3.22743,1.6187737
Uganda,UGA,1999,0.76819307,1.2432598,4.123984,3.234497,1.5970329
Uganda,UGA,2000,0.74850506,1.2441368,4.0358586,3.2266638,1.840918
Uganda,UGA,2001,0.8009286,1.2571536,4.0958877,3.2746825,1.9769756
Uganda,UGA,2002,0.8839746,1.2091147,4.5011578,3.302204,2.1032498
Uganda,UGA,2003,0.9064097,1.3137847,4.74592,3.309923,2.2201946
Uganda,UGA,2004,0.8896234,1.3395478,4.9696207,3.527817,1.8917279
Uganda,UGA,2005,0.9656054,1.3148669,5.249195,3.5337048,1.8798488
Uganda,UGA,2006,1.0215282,1.3207638,5.5513353,3.549553,1.2898084
Uganda,UGA,2007,1.0362711,1.3160642,5.875657,3.55441,1.4715049
Uganda,UGA,2008,0.8844974,1.3215432,5.5671306,3.5692072,1.4672251
Uganda,UGA,2009,0.9299807,1.3166019,5.569435,3.5422862,1.650977
Uganda,UGA,2010,0.82,1.32,5.56,3.52,1.92
Uganda,UGA,2011,0.90999997,1.3199999,5.5699997,3.5199997,1.8799999
Uganda,UGA,2012,0.8200001,1.3000002,5.570001,3.3600004,1.8500003
Uganda,UGA,2013,0.76999974,1.3299997,5.629998,3.319999,1.8299994
Uganda,UGA,2014,0.7699999,1.2499999,5.6399994,3.2099998,1.6599998
Uganda,UGA,2015,0.8100001,1.1900002,5.0800004,3.2000005,1.5900003
Uganda,UGA,2016,0.7999999,1.2199999,4.5199995,3.2799995,1.6699997
Uganda,UGA,2017,0.79000014,1.1800002,4.2900004,3.1800005,1.6300002
Uganda,UGA,2018,0.7799998,1.1399996,4.069999,3.1299994,1.5999995
Uganda,UGA,2019,0.6700001,1.0600001,3.8700004,3.0300002,1.5900002
Uganda,UGA,2020,0.68,0.88,4.86,2.98,1.84
Uganda,UGA,2021,0.66,0.85,4.97,2.97,1.92
Uganda,UGA,2022,0.64,0.95,4.88,2.93,1.88
Uganda,UGA,2023,0.61999995,0.75999993,4.7899995,2.7999997,1.8799999
Ukraine,UKR,1992,0.57251024,0.67121893,25.693865,22.3279,9.545128
Ukraine,UKR,1993,0.57119066,0.57119066,21.350712,19.27276,6.942921
Ukraine,UKR,1994,0.4835452,0.81906635,21.473354,17.437233,5.0920267
Ukraine,UKR,1995,1.2671534,0.7424727,16.502693,15.4137335,4.5538325
Ukraine,UKR,1996,0.5654923,0.605176,13.928967,15.546077,6.0319176
Ukraine,UKR,1997,0.48647958,0.46662325,14.008626,13.750494,4.646376
Ukraine,UKR,1998,0.47613436,0.4066981,12.587802,13.440877,4.8902965
Ukraine,UKR,1999,0.51515704,0.37646094,12.264702,12.80958,5.75589
Ukraine,UKR,2000,0.4751604,0.33657196,11.987901,13.720257,4.335839
Ukraine,UKR,2001,0.7128765,0.30693293,8.663429,12.059494,6.178262
Ukraine,UKR,2002,0.6040315,0.3366733,11.238947,12.298477,7.495932
Ukraine,UKR,2003,0.61347944,0.3364242,11.299895,12.962227,8.618397
Ukraine,UKR,2004,0.64282656,0.3461374,11.086287,12.490616,13.736711
Ukraine,UKR,2005,1.2084743,0.3367879,11.222961,11.460693,13.322933
Ukraine,UKR,2006,0.5849123,0.30732682,12.114625,12.461607,15.703409
Ukraine,UKR,2007,0.5650367,0.32712653,10.884391,15.117209,17.5657
Ukraine,UKR,2008,0.5457925,0.3671695,10.201358,17.187502,22.377491
Ukraine,UKR,2009,0.5457918,0.3770925,9.476931,14.696685,22.93318
Ukraine,UKR,2010,0.56000006,0.45000002,8.930001,15.900001,23.320002
Ukraine,UKR,2011,0.56999993,0.41999996,8.39,17.32,22.339998
Ukraine,UKR,2012,0.5800001,0.43000007,8.110001,20.100004,24.590004
Ukraine,UKR,2013,0.5800001,0.4100001,8.790002,19.960003,24.310005
Ukraine,UKR,2014,0.56,0.39,8.47,16.96,22.93
Ukraine,UKR,2015,0.53999996,0.29999998,7.629999,16.089998,22.789999
Ukraine,UKR,2016,0.47999996,0.28999996,7.4799995,16.429998,22.659998
Ukraine,UKR,2017,0.49000004,0.29,7.2400002,16.26,23.200003
Ukraine,UKR,2018,0.46000007,0.31000006,7.260001,16.260002,24.040005
Ukraine,UKR,2019,0.4400001,0.31000006,7.3500013,17.030005,26.110006
Ukraine,UKR,2020,0.43000004,0.25000003,7.0300007,16.390001,24.110003
Ukraine,UKR,2021,0.42,0.27,6.2,17.38,23.38
Ukraine,UKR,2022,0.34,0.26,6.04,17.65,22.12
Ukraine,UKR,2023,0.40000007,0.31000006,6.080001,17.490004,25.170004
United Arab Emirates,ARE,1961,43.04126,6.9806232,2.6701062,,0.553905
United Arab Emirates,ARE,1962,40.979424,6.6995716,2.6241868,,0.5338603
United Arab Emirates,ARE,1963,39.72816,6.8284035,2.572673,,0.51293164
United Arab Emirates,ARE,1964,39.04998,7.0397367,2.525579,,0.5118283
United Arab Emirates,ARE,1965,38.028614,7.128727,2.5597024,,0.5066987
United Arab Emirates,ARE,1966,37.556267,7.2910776,2.5897763,,0.52336943
United Arab Emirates,ARE,1967,35.052643,9.701738,5.4827833,,0.566864
United Arab Emirates,ARE,1968,31.229742,11.635143,6.534558,,0.6716074
United Arab Emirates,ARE,1969,25.53635,15.22956,3.5641866,,0.64574677
United Arab Emirates,ARE,1970,21.616943,15.528576,3.7323637,,0.6072175
United Arab Emirates,ARE,1971,18.680405,14.759225,4.2540336,,3.8075228
United Arab Emirates,ARE,1972,15.254282,12.226842,9.341576,,3.2783327
United Arab Emirates,ARE,1973,13.901519,15.226727,7.4158983,,8.425163
United Arab Emirates,ARE,1974,12.151675,14.485686,12.068317,,16.402908
United Arab Emirates,ARE,1975,11.791688,22.051731,8.158945,,21.501911
United Arab Emirates,ARE,1976,7.637395,25.80529,5.907601,,35.658035
United Arab Emirates,ARE,1977,6.962558,26.045877,7.095081,,27.676931
United Arab Emirates,ARE,1978,6.3765917,24.974985,2.5036297,,33.957394
United Arab Emirates,ARE,1979,6.914418,26.083906,3.3607523,,42.400307
United Arab Emirates,ARE,1980,7.244925,27.260904,14.100122,,43.33964
United Arab Emirates,ARE,1981,6.4376955,28.865479,19.640427,,38.328594
United Arab Emirates,ARE,1982,5.8177457,35.520958,21.140123,,43.82636
United Arab Emirates,ARE,1983,5.065332,31.48374,20.448204,,39.293205
United Arab Emirates,ARE,1984,5.123625,31.856434,19.41893,,31.230646
United Arab Emirates,ARE,1985,5.298385,29.453936,14.986022,,36.14046
United Arab Emirates,ARE,1986,4.852663,27.686436,12.758905,,35.04809
United Arab Emirates,ARE,1987,4.8599086,28.745638,12.3663025,,34.923977
United Arab Emirates,ARE,1988,6.0081687,25.55385,10.562131,,28.385727
United Arab Emirates,ARE,1989,4.7876086,22.240446,10.948555,,30.13714
United Arab Emirates,ARE,1990,4.9378576,20.731392,12.729968,,36.67715
United Arab Emirates,ARE,1991,6.846105,19.682552,12.075768,,35.162357
United Arab Emirates,ARE,1992,6.425264,20.07538,12.336507,,25.634424
United Arab Emirates,ARE,1993,6.948785,20.159111,12.265368,,29.522789
United Arab Emirates,ARE,1994,4.726313,23.209743,16.575651,,34.4647
United Arab Emirates,ARE,1995,4.2975736,23.684832,15.976181,,42.455402
United Arab Emirates,ARE,1996,5.136878,21.327557,14.231054,,46.36508
United Arab Emirates,ARE,1997,4.3060293,18.928009,9.751073,,38.846867
United Arab Emirates,ARE,1998,4.2918963,19.494629,4.9166665,,44.087013
United Arab Emirates,ARE,1999,4.2178183,16.640888,8.214112,,43.214912
United Arab Emirates,ARE,2000,3.828425,13.356179,7.284401,,38.734653
United Arab Emirates,ARE,2001,3.7429945,12.431788,4.9289775,,41.795372
United Arab Emirates,ARE,2002,3.7969394,13.8026085,15.635895,,40.340443
United Arab Emirates,ARE,2003,3.9295282,13.098427,15.943117,,47.339165
United Arab Emirates,ARE,2004,3.8250866,10.549969,7.022297,,39.713154
United Arab Emirates,ARE,2005,3.0240545,10.7442875,6.368303,,41.109352
United Arab Emirates,ARE,2006,4.5264363,12.537743,6.4148855,,42.56797
United Arab Emirates,ARE,2007,5.132606,13.099482,18.438215,,45.554455
United Arab Emirates,ARE,2008,4.681772,15.0054035,18.813389,,47.454185
United Arab Emirates,ARE,2009,4.821547,11.426722,7.5947995,,49.65388
United Arab Emirates,ARE,2010,3.7699933,8.369986,3.7499933,,23.19996
United Arab Emirates,ARE,2011,3.2499928,7.6199827,3.8099914,,24.639944
United Arab Emirates,ARE,2012,3.2099993,8.409998,3.6599991,,26.099995
United Arab Emirates,ARE,2013,3.3199995,8.419999,3.7299995,,24.589998
United Arab Emirates,ARE,2014,1.5099982,4.9599943,9.439988,,26.449968
United Arab Emirates,ARE,2015,1.4799995,4.769998,9.249997,,33.51999
United Arab Emirates,ARE,2016,1.3799995,4.6499987,8.909997,,31.25999
United Arab Emirates,ARE,2017,2.58,5.22,8.88,,26.84
United Arab Emirates,ARE,2018,2.85,8.21,8.59,0.1,32.4
United Arab Emirates,ARE,2019,2.9399984,8.269996,8.729995,,34.58998
United Arab Emirates,ARE,2020,3.7499962,9.44999,17.559982,2.0999978,49.04995
United Arab Emirates,ARE,2021,3.809998,9.689995,17.50999,2.5699985,53.439972
United Arab Emirates,ARE,2022,3.5900016,9.270005,9.670005,0,47.53002
United Arab Emirates,ARE,2023,3.5799968,8.489993,9.329992,0,46.43996
United Kingdom,GBR,1961,1.2138678,11.63708,24.929434,25.37084,6.3101063
United Kingdom,GBR,1962,0.90257066,11.422534,25.673122,26.686007,6.4583945
United Kingdom,GBR,1963,0.601667,10.99045,26.40315,26.202595,6.37767
United Kingdom,GBR,1964,1.0731871,11.032764,23.92104,27.040302,6.9205523
United Kingdom,GBR,1965,1.1332632,10.7509575,22.153791,28.893196,7.290994
United Kingdom,GBR,1966,0.8223644,10.871256,23.778364,27.639465,8.043125
United Kingdom,GBR,1967,0.81221515,10.969917,24.135824,26.53236,8.723792
United Kingdom,GBR,1968,0.8722891,10.738179,23.331226,27.241488,9.825786
United Kingdom,GBR,1969,0.6619375,10.019325,24.040363,27.540607,10.159737
United Kingdom,GBR,1970,0.72205925,9.797943,24.188984,27.598707,10.540059
United Kingdom,GBR,1971,0.6412553,10.199968,23.806604,29.046864,10.771086
United Kingdom,GBR,1972,0.48057997,9.4514065,23.478336,28.764713,12.024512
United Kingdom,GBR,1973,0.3604883,8.371339,21.9998,27.527287,12.076358
United Kingdom,GBR,1974,0.31072477,7.6779084,24.597374,26.491793,11.747401
United Kingdom,GBR,1975,0.27096465,8.299547,24.858498,23.814781,11.340372
United Kingdom,GBR,1976,0.23106755,7.6051364,23.056522,24.171673,12.296812
United Kingdom,GBR,1977,0.2513581,6.9877553,22.69261,25.417332,12.437199
United Kingdom,GBR,1978,0.30165792,6.988408,24.273405,26.13363,12.740019
United Kingdom,GBR,1979,0.31149015,7.1240816,24.406761,27.22022,13.544797
United Kingdom,GBR,1980,0.27102613,7.6389217,22.826422,26.520409,13.651687
United Kingdom,GBR,1981,0.3011051,6.925418,22.653141,26.155996,13.499546
United Kingdom,GBR,1982,0.28120986,7.472148,21.00035,25.881351,14.622913
United Kingdom,GBR,1983,0.20086253,7.2511373,21.070478,25.971525,14.592663
United Kingdom,GBR,1984,0.22070807,7.042594,22.502192,25.080462,14.917859
United Kingdom,GBR,1985,0.2805371,7.153696,21.93199,25.198242,16.110846
United Kingdom,GBR,1986,0.2603302,6.7585726,22.108042,25.041763,17.5823
United Kingdom,GBR,1987,0.29036182,6.7283845,22.798412,25.91229,17.972397
United Kingdom,GBR,1988,0.12017352,6.839876,21.681305,26.027582,18.847214
United Kingdom,GBR,1989,0.14021023,6.8102107,21.812704,25.267883,17.566338
United Kingdom,GBR,1990,0.20019919,7.3373,20.700596,25.084957,18.718624
United Kingdom,GBR,1991,0.2200948,7.0830507,21.1291,24.940742,19.17826
United Kingdom,GBR,1992,0.24006122,7.001786,20.555243,24.606277,23.24593
United Kingdom,GBR,1993,0.19009182,6.923344,17.028225,24.39178,23.741468
United Kingdom,GBR,1994,0.19014674,6.585082,16.863014,25.009302,25.099371
United Kingdom,GBR,1995,0.18018067,6.6566744,17.407454,23.96403,25.365433
United Kingdom,GBR,1996,0.16023996,6.810199,15.302917,24.68697,26.299385
United Kingdom,GBR,1997,0.15030518,6.3528986,16.844198,24.159052,25.932652
United Kingdom,GBR,1998,0.17037457,6.594498,16.376003,24.844624,28.492643
United Kingdom,GBR,1999,0.20040904,6.7437644,16.60389,24.409822,28.177511
United Kingdom,GBR,2000,0.3607295,6.823799,17.284954,24.198935,28.557749
United Kingdom,GBR,2001,0.8417413,5.5615053,17.44609,25.602964,29.170345
United Kingdom,GBR,2002,1.0421001,5.931955,19.10851,24.168709,29.138723
United Kingdom,GBR,2003,0.6111076,5.680295,20.988039,25.977081,29.814035
United Kingdom,GBR,2004,0.38029703,5.8445654,21.907112,25.880217,30.99421
United Kingdom,GBR,2005,0.3595835,5.8532205,20.656075,25.800116,30.754377
United Kingdom,GBR,2006,0.40869653,5.921116,21.670885,26.80451,30.632303
United Kingdom,GBR,2007,0.6664412,6.0874925,21.803568,27.25446,28.865856
United Kingdom,GBR,2008,0.5757519,5.7475924,20.736996,25.888983,27.953749
United Kingdom,GBR,2009,0.7828816,5.331523,19.334202,25.884642,28.71887
United Kingdom,GBR,2010,0.79,4.74,19.47,25.09,28.77
United Kingdom,GBR,2011,1.4300001,4.6200004,18.720001,25.700003,29.180002
United Kingdom,GBR,2012,1.6299998,4.1699996,18.699999,25.399996,29.899996
United Kingdom,GBR,2013,1.4500002,4.4200006,18.060001,24.700003,29.730001
United Kingdom,GBR,2014,1.4900002,4.4300003,18.310001,24.750004,29.370005
United Kingdom,GBR,2015,1.54,4.81,18.64,25.58,31.720001
United Kingdom,GBR,2016,1.53,4.57,18.67,26.35,33.47
United Kingdom,GBR,2017,1.1899999,4.2999997,18.559998,25.589998,33.259995
United Kingdom,GBR,2018,0.9100001,4.2,18.520002,25.750002,34.33
United Kingdom,GBR,2019,1.04,4.07,17.1,25.420002,34.05
United Kingdom,GBR,2020,1.08,3.97,20.21,25.13,33.69
United Kingdom,GBR,2021,1.18,4.03,17.89,25.28,33.78
United Kingdom,GBR,2022,1.0300001,3.9800003,17.140001,25.990002,35.620003
United Kingdom,GBR,2023,1.0899999,3.6599998,16.849998,24.659998,38.179996
United States,USA,1961,1.2378432,2.1765406,42.519913,28.56323,16.95845
United States,USA,1962,1.1418198,2.1601994,42.741093,29.20384,16.767263
United States,USA,1963,1.128544,2.031379,44.813454,29.998749,17.041014
United States,USA,1964,1.1254922,1.7905558,48.048286,29.712996,17.44513
United States,USA,1965,1.143082,1.6125623,47.968624,26.51542,18.45261
United States,USA,1966,1.1407409,1.639815,49.78519,26.644447,19.575928
United States,USA,1967,1.1285115,1.6063498,50.447514,29.087132,20.28271
United States,USA,1968,1.1164557,1.5325891,51.509205,29.992058,20.065754
United States,USA,1969,1.1245115,1.4183027,51.605957,29.358866,20.879442
United States,USA,1970,1.1413908,1.3737093,52.7969,29.938782,21.656124
United States,USA,1971,1.1272151,1.3486323,52.214214,32.769756,21.779406
United States,USA,1972,1.1042194,1.3551784,53.08284,30.175304,22.646536
United States,USA,1973,1.1127902,1.1629158,49.76478,27.549074,21.654295
United States,USA,1974,1.1019789,1.011817,52.915024,29.633215,21.708984
United States,USA,1975,1.0815264,0.90127194,55.007633,24.164103,21.189905
United States,USA,1976,1.04144,0.8211354,58.891434,25.585377,22.851599
United States,USA,1977,1.0114412,0.7510702,56.93112,27.008484,23.183033
United States,USA,1978,1.031567,0.6910497,54.17229,27.041077,24.12665
United States,USA,1979,1.0416768,0.67108023,48.2076,30.879707,25.96179
United States,USA,1980,0.9713392,0.6909526,47.38533,32.99549,26.41642
United States,USA,1981,0.9810103,0.7107319,47.85929,31.44238,27.598423
United States,USA,1982,0.9506473,0.74050426,47.79254,28.119148,28.099134
United States,USA,1983,0.9403714,0.75029635,48.429127,29.631704,28.771364
United States,USA,1984,0.87037086,0.76032394,48.25056,29.332499,29.582605
United States,USA,1985,0.8606389,0.7205349,48.74619,29.461872,30.632742
United States,USA,1986,0.84129184,0.71109194,49.285683,27.802694,32.10931
United States,USA,1987,0.81221026,0.65177363,47.469177,28.026268,34.644276
United States,USA,1988,0.81318843,0.68267673,46.96414,29.977541,35.92084
United States,USA,1989,0.76380783,0.69345707,44.391304,29.788504,37.677837
United States,USA,1990,0.7332661,0.71317655,43.60422,28.527063,39.606415
United States,USA,1991,0.7517709,0.7016528,43.23184,28.737696,41.126877
United States,USA,1992,0.75013286,0.68012047,43.127636,30.345373,42.52753
United States,USA,1993,0.729046,0.6491505,41.94511,29.960794,43.04367
United States,USA,1994,0.7588411,0.5891003,43.323837,30.30372,43.843044
United States,USA,1995,0.7795178,0.58963525,43.1633,30.011436,43.513084
United States,USA,1996,0.720987,0.55075395,43.890087,28.108479,44.74125
United States,USA,1997,0.64266324,0.53220546,43.02831,27.935768,45.227425
United States,USA,1998,0.6948346,0.5840638,43.64367,30.693563,45.627472
United States,USA,1999,0.7570848,0.57538444,44.26422,31.131327,48.261635
United States,USA,2000,0.7279547,0.545966,43.980595,29.866364,47.90346
United States,USA,2001,0.69789654,0.56640875,43.289814,29.493713,48.114403
United States,USA,2002,0.7987664,0.58643603,44.235477,30.292454,49.857174
United States,USA,2003,0.77790135,0.5455413,42.521908,30.42908,50.15949
United States,USA,2004,0.7771027,0.53488886,43.033325,30.236359,52.348465
United States,USA,2005,0.7763777,0.48397568,42.599945,29.42169,53.055836
United States,USA,2006,0.80592585,0.5238518,42.714073,29.063702,53.362366
United States,USA,2007,0.8252778,0.53341126,42.15962,29.750257,53.009003
United States,USA,2008,0.8446457,0.5027653,40.804436,29.24083,51.895435
United States,USA,2009,0.82390946,0.46219313,39.798847,29.208595,48.98242
United States,USA,2010,0.8,0.44,38.8,28.1,51.14
United States,USA,2011,0.8000001,0.40000004,36.930004,26.880001,51.570004
United States,USA,2012,0.81,0.41,37,27.25,49.58
United States,USA,2013,0.81,0.43,36.22,27.64,50
United States,USA,2014,0.8,0.46,36.92,25.78,50.44
United States,USA,2015,0.8,0.47,34.61,26.21,53.79
United States,USA,2016,0.8000001,0.47000003,35.4,26.320002,54.510002
United States,USA,2017,0.8,0.5,36.3,26.23,54.6
United States,USA,2018,0.79,0.53,36.3,29.38,55.57
United States,USA,2019,0.8,0.6,36.74,30.04,56.88
United States,USA,2020,0.8,0.6,37.07,29.88,57.29
United States,USA,2021,0.91,0.7,37.45,29.46,52.31
United States,USA,2022,0.78000003,0.68000007,37.670002,29.580002,53.750004
United States,USA,2023,0.7900001,0.56,37.04,29.130001,54.540005
Upper-middle-income countries,OWID_UMC,1961,0.5317842,1.6871814,6.5611587,5.838872,1.7961507
Upper-middle-income countries,OWID_UMC,1962,0.5011464,1.6985779,6.962629,6.2555013,1.8283926
Upper-middle-income countries,OWID_UMC,1963,0.48482165,1.6838658,7.0700064,7.371127,1.8469669
Upper-middle-income countries,OWID_UMC,1964,0.4669208,1.6114997,6.708439,7.058515,1.7585398
Upper-middle-income countries,OWID_UMC,1965,0.39274466,1.5939133,6.992809,8.398525,1.9092242
Upper-middle-income countries,OWID_UMC,1966,0.39035982,1.5508193,7.1825085,8.746232,1.9610543
Upper-middle-income countries,OWID_UMC,1967,0.39029503,1.5902002,7.529881,8.743391,2.0483463
Upper-middle-income countries,OWID_UMC,1968,0.4050096,1.6068014,7.917031,8.407281,2.1260312
Upper-middle-income countries,OWID_UMC,1969,0.43721586,1.5650524,8.03486,7.9859858,2.22383
Upper-middle-income countries,OWID_UMC,1970,0.4285556,1.5426216,7.727463,7.9274416,2.470573
Upper-middle-income countries,OWID_UMC,1971,0.41066802,1.5319914,7.385128,8.74548,2.59205
Upper-middle-income countries,OWID_UMC,1972,0.42484933,1.4696145,7.40496,9.357273,2.669255
Upper-middle-income countries,OWID_UMC,1973,0.4206431,1.4352871,7.5258617,9.466255,2.8407419
Upper-middle-income countries,OWID_UMC,1974,0.43227342,1.4221942,8.129603,9.055866,3.0349257
Upper-middle-income countries,OWID_UMC,1975,0.43345025,1.4695126,8.440793,9.480227,3.1543996
Upper-middle-income countries,OWID_UMC,1976,0.40895993,1.384355,8.567318,9.253171,3.1687686
Upper-middle-income countries,OWID_UMC,1977,0.39664647,1.4000329,8.8216505,8.838004,3.4450405
Upper-middle-income countries,OWID_UMC,1978,0.38975275,1.4179144,8.819062,9.533093,3.7107716
Upper-middle-income countries,OWID_UMC,1979,0.398074,1.3863885,8.758746,10.512837,3.996278
Upper-middle-income countries,OWID_UMC,1980,0.36865073,1.4455403,8.630577,11.145884,4.241539
Upper-middle-income countries,OWID_UMC,1981,0.37127846,1.4745133,8.583776,11.182802,4.463093
Upper-middle-income countries,OWID_UMC,1982,0.37557602,1.4782771,8.26508,11.373425,4.633706
Upper-middle-income countries,OWID_UMC,1983,0.38888395,1.4764943,8.462684,11.770076,4.7168293
Upper-middle-income countries,OWID_UMC,1984,0.3869382,1.4630281,8.744587,12.2635,4.6858277
Upper-middle-income countries,OWID_UMC,1985,0.39365888,1.4642999,8.822312,13.120506,4.8960958
Upper-middle-income countries,OWID_UMC,1986,0.40103728,1.5111452,9.343202,12.851926,5.3153706
Upper-middle-income countries,OWID_UMC,1987,0.4162514,1.5515097,9.284717,13.510855,5.6869116
Upper-middle-income countries,OWID_UMC,1988,0.42393383,1.5625864,9.311284,14.316793,6.029243
Upper-middle-income countries,OWID_UMC,1989,0.4199522,1.6367136,9.54467,14.527852,6.014213
Upper-middle-income countries,OWID_UMC,1990,0.38945606,1.6608095,9.633356,14.875249,6.419592
Upper-middle-income countries,OWID_UMC,1991,0.38917124,1.6752001,9.44232,14.930431,6.829348
Upper-middle-income countries,OWID_UMC,1992,0.46548507,1.5376904,7.463582,14.774017,6.8402233
Upper-middle-income countries,OWID_UMC,1993,0.44801065,1.5976849,7.394503,14.914624,7.6076074
Upper-middle-income countries,OWID_UMC,1994,0.49889454,1.6262764,7.5726166,15.830595,8.113086
Upper-middle-income countries,OWID_UMC,1995,0.56719977,1.7019026,7.762953,15.919365,9.20785
Upper-middle-income countries,OWID_UMC,1996,0.54565275,1.6861987,7.9985723,15.822791,9.177316
Upper-middle-income countries,OWID_UMC,1997,0.5094316,1.802331,8.220381,16.213202,10.067687
Upper-middle-income countries,OWID_UMC,1998,0.55090266,1.8697963,8.187486,17.131544,10.547972
Upper-middle-income countries,OWID_UMC,1999,0.5525937,1.9173982,8.410302,17.22993,11.367999
Upper-middle-income countries,OWID_UMC,2000,0.5460423,2.0027301,8.626616,18.135916,12.016464
Upper-middle-income countries,OWID_UMC,2001,0.60603404,1.9761922,8.388588,17.944555,12.035532
Upper-middle-income countries,OWID_UMC,2002,0.64260674,2.0081334,8.528433,18.193146,12.385203
Upper-middle-income countries,OWID_UMC,2003,0.64874625,2.0824535,8.491162,19.00528,12.840597
Upper-middle-income countries,OWID_UMC,2004,0.6769139,2.190968,8.677415,18.952438,13.215479
Upper-middle-income countries,OWID_UMC,2005,0.72563577,2.2520409,8.88744,19.195902,13.3555565
Upper-middle-income countries,OWID_UMC,2006,0.7222483,2.2852113,9.097706,19.96248,14.0231905
Upper-middle-income countries,OWID_UMC,2007,0.74942726,2.3494282,9.332561,20.306343,14.942857
Upper-middle-income countries,OWID_UMC,2008,0.76667887,2.3219802,9.30477,21.25064,16.002907
Upper-middle-income countries,OWID_UMC,2009,0.81568825,2.3463848,9.357897,21.7285,16.427988
Upper-middle-income countries,OWID_UMC,2010,0.8090439,2.2672074,9.591639,22.91316,17.100697
Upper-middle-income countries,OWID_UMC,2011,0.8164782,2.3277183,9.503474,22.216171,17.801327
Upper-middle-income countries,OWID_UMC,2012,0.7912909,2.4182782,9.521172,22.44013,18.114738
Upper-middle-income countries,OWID_UMC,2013,0.8106776,2.5292344,9.752064,22.685701,18.570816
Upper-middle-income countries,OWID_UMC,2014,0.8142889,2.583412,9.639012,23.6024,18.546911
Upper-middle-income countries,OWID_UMC,2015,0.81400573,2.5767431,9.611504,23.914557,18.578619
Upper-middle-income countries,OWID_UMC,2016,0.7614863,2.6349928,9.534652,24.092947,19.066492
Upper-middle-income countries,OWID_UMC,2017,0.65325546,2.6850605,9.652076,23.920048,19.205528
Upper-middle-income countries,OWID_UMC,2018,0.6882099,2.7052486,9.886488,23.382467,19.990318
Upper-middle-income countries,OWID_UMC,2019,0.67514837,2.6275713,10.208991,22.6922,21.265444
Upper-middle-income countries,OWID_UMC,2020,0.67916507,2.728883,10.451143,19.179132,22.35208
Upper-middle-income countries,OWID_UMC,2021,0.66376656,2.8793976,10.594783,22.556114,22.278028
Upper-middle-income countries,OWID_UMC,2022,0.6528021,2.9366198,10.67743,24.599365,22.87558
Upper-middle-income countries,OWID_UMC,2023,0.64792365,3.0286043,11.282076,25.503016,23.660505
Uruguay,URY,1961,0.26101002,21.774261,76.21493,7.0271935,2.9514213
Uruguay,URY,1962,0.26107335,22.171154,68.56188,7.3301373,3.0324676
Uruguay,URY,1963,0.2611131,19.39267,71.53496,7.2408676,2.952587
Uruguay,URY,1964,0.27130443,18.730053,82.96891,7.536234,2.8436723
Uruguay,URY,1965,0.26134092,15.660353,73.81876,6.7044,2.9953692
Uruguay,URY,1966,0.28158683,20.897766,64.26214,7.6229577,2.986832
Uruguay,URY,1967,0.27175078,16.657314,65.59258,9.118749,2.9188046
Uruguay,URY,1968,0.34251735,19.231342,79.645355,7.837603,3.4453216
Uruguay,URY,1969,0.17128788,17.783712,81.271065,7.38553,3.8489392
Uruguay,URY,1970,0.14096262,24.426807,85.6952,7.8133564,4.3799095
Uruguay,URY,1971,0.1606578,20.172594,71.43247,9.2779875,5.171173
Uruguay,URY,1972,0.21002619,23.002869,61.39766,7.8009734,5.910737
Uruguay,URY,1973,0.2287724,16.521347,65.89639,7.4599695,6.8930116
Uruguay,URY,1974,0.19790137,17.33616,74.292175,9.459685,6.0063066
Uruguay,URY,1975,0.29557908,11.675373,81.38277,9.360003,5.1529284
Uruguay,URY,1976,0.26538748,11.509953,73.905495,9.583436,5.219287
Uruguay,URY,1977,0.2553112,11.891609,73.4216,9.142105,5.2338796
Uruguay,URY,1978,0.24575198,11.402892,68.39769,9.024013,4.905209
Uruguay,URY,1979,0.2659677,9.653642,64.64,9.683194,4.80712
Uruguay,URY,1980,0.17780754,8.208781,74.7977,8.495249,4.5538483
Uruguay,URY,1981,0.2575213,11.360652,73.056816,8.686392,4.2094827
Uruguay,URY,1982,0.30776107,11.536077,77.009766,7.7535934,5.5496273
Uruguay,URY,1983,0.35809943,10.941926,58.99688,7.3310905,5.6400657
Uruguay,URY,1984,0.2890829,12.410628,58.45456,6.3697925,5.801595
Uruguay,URY,1985,0.33943158,13.147982,55.66678,6.4791493,5.6605206
Uruguay,URY,1986,0.19987828,11.103237,52.71789,5.6665487,5.8364453
Uruguay,URY,1987,0.13000442,14.410491,57.51196,6.260214,6.130209
Uruguay,URY,1988,0.23007819,15.585297,56.949356,6.4721994,7.232458
Uruguay,URY,1989,0.34030253,12.931496,53.797825,6.6859436,7.5767355
Uruguay,URY,1990,0.5910635,11.841307,47.154846,7.1929426,7.323177
Uruguay,URY,1991,0.7924398,15.77858,61.549503,7.0617423,8.084892
Uruguay,URY,1992,0.85414106,17.17326,60.935425,7.375759,8.360533
Uruguay,URY,1993,0.8558301,16.874954,61.982235,7.863568,10.26996
Uruguay,URY,1994,0.87772185,17.352661,64.03334,8.242514,10.340976
Uruguay,URY,1995,0.7884523,13.575533,51.82558,8.15745,11.563968
Uruguay,URY,1996,0.90156686,15.741965,52.726467,8.326832,11.872319
Uruguay,URY,1997,1.014783,13.638684,50.972553,8.656099,12.410796
Uruguay,URY,1998,0.9349715,11.798933,51.504734,10.00013,15.101822
Uruguay,URY,1999,0.9660512,11.999373,48.50594,11.24687,17.510948
Uruguay,URY,2000,1.0676129,10.564284,40.945496,10.80831,16.695433
Uruguay,URY,2001,1.1075581,16.02403,43.63169,10.679299,16.308538
Uruguay,URY,2002,0.8424371,16.818293,40.406532,8.860814,13.204947
Uruguay,URY,2003,0.6789462,14.896281,26.559967,8.755365,9.231641
Uruguay,URY,2004,0.9516938,12.210029,28.469818,9.1727085,12.230277
Uruguay,URY,2005,1.0726537,9.653884,22.940624,9.147915,15.340973
Uruguay,URY,2006,1.3160022,10.335679,22.159452,9.131032,17.361107
Uruguay,URY,2007,1.0839126,15.093736,19.814327,11.011336,14.263074
Uruguay,URY,2008,1.2575798,14.837414,28.924337,10.912548,20.435673
Uruguay,URY,2009,0.8425141,12.901631,27.650703,10.638009,19.154509
Uruguay,URY,2010,0.94999975,4.9399986,33.839993,11.179997,17.819994
Uruguay,URY,2011,0.68999815,4.3099885,30.17992,13.399963,19.319948
Uruguay,URY,2012,0.70999867,5.1599903,28.559948,14.039974,21.359962
Uruguay,URY,2013,0.78000116,1.7700027,29.770046,15.840024,11.970018
Uruguay,URY,2014,0.9999961,2.1899917,34.259865,15.59994,17.089935
Uruguay,URY,2015,1.0199994,1.5199991,32.91998,16.06999,10.079994
Uruguay,URY,2016,0.9700003,1.6800004,26.440008,17.620007,10.250003
Uruguay,URY,2017,0.9299989,0.91999894,31.699963,18.129978,9.369988
Uruguay,URY,2018,1.0699975,1.5499963,26.809937,19.319954,9.639977
Uruguay,URY,2019,1.0900013,1.3900017,28.560032,19.300022,21.250025
Uruguay,URY,2020,1.1000013,2.580003,20.850025,18.57002,21.370026
Uruguay,URY,2021,1.7699984,0.8099993,16.459984,20.90998,24.989977
Uruguay,URY,2022,1.5899986,1.9399983,15.579986,21.49998,25.299976
Uruguay,URY,2023,0.24999979,0.61999947,21.30998,23.77998,23.33998
Uzbekistan,UZB,1992,0.14031868,3.1371248,16.43733,1.6838241,3.1571703
Uzbekistan,UZB,1993,0.09014343,3.3653543,17.64808,1.2319602,1.732757
Uzbekistan,UZB,1994,0.090139054,3.2450056,23.215813,0.9114059,2.22343
Uzbekistan,UZB,1995,0.090131216,3.6252775,22.642963,0.6809914,2.473601
Uzbekistan,UZB,1996,0.090111844,3.2540388,21.797054,0.4105095,1.431777
Uzbekistan,UZB,1997,0.040052254,2.7736187,23.5307,0.19024822,1.3918159
Uzbekistan,UZB,1998,0.10014945,3.3950665,22.433477,0.68101627,1.3219728
Uzbekistan,UZB,1999,0.08013723,2.985112,15.526589,0.8314238,1.2821957
Uzbekistan,UZB,2000,0.24040616,3.2054155,15.916891,0.66111696,1.0217261
Uzbekistan,UZB,2001,0.14004861,2.991038,16.145603,0.49017012,0.6402222
Uzbekistan,UZB,2002,0.1396363,2.8026998,16.796251,0.26929858,0.6582854
Uzbekistan,UZB,2003,0.28822622,2.8822625,17.850147,0.56651366,0.94418937
Uzbekistan,UZB,2004,0.21792631,2.67455,19.157703,0.8221765,0.9212339
Uzbekistan,UZB,2005,0.2173876,2.796395,19.831678,0.92883795,1.0770568
Uzbekistan,UZB,2006,0.17758612,3.127489,20.708515,0.8681988,1.1839075
Uzbekistan,UZB,2007,0.15759484,3.0632496,20.378984,0.83722264,1.034216
Uzbekistan,UZB,2008,0.167083,3.204062,21.337479,0.8157581,1.0123264
Uzbekistan,UZB,2009,0.17648023,3.3433201,22.295336,0.77455217,1.0196636
Uzbekistan,UZB,2010,0.29,4.67,25.37,1.02,1.68
Uzbekistan,UZB,2011,0.31000006,4.790001,25.920004,1.1100003,1.7700003
Uzbekistan,UZB,2012,0.3099999,4.9199986,26.449993,1.1599996,1.9399996
Uzbekistan,UZB,2013,0.32999995,4.959999,26.969995,1.1699998,1.8899997
Uzbekistan,UZB,2014,0.5799999,5.0699997,27.729996,1.1899999,2.0299997
Uzbekistan,UZB,2015,0.23,5.16,27.98,1.24,2.08
Uzbekistan,UZB,2016,0.23000005,5.2200007,28.270006,1.1400002,2.1300006
Uzbekistan,UZB,2017,0.23000006,5.2700014,28.300007,1.1200002,2.1200004
Uzbekistan,UZB,2018,0.23000002,5.5,29.580002,0.120000005,2.35
Uzbekistan,UZB,2019,0.28,5.87,29.88,0.19,2.74
Uzbekistan,UZB,2020,0.26,4.8599997,29.319998,0.13,4.3399997
Uzbekistan,UZB,2021,0.31000003,4.5000005,30.130001,0.21000001,6.4900002
Uzbekistan,UZB,2022,0.28000006,6.9500012,31.460007,0.15000004,6.3200016
Uzbekistan,UZB,2023,0.28999996,7.0299997,32.269997,0.12999998,7.6499996
Vanuatu,VUT,1961,0.14936858,0.23898973,18.30263,19.955643,1.4438963
Vanuatu,VUT,1962,0.14958644,0.24931073,18.808002,19.396376,1.4659472
Vanuatu,VUT,1963,0.13965884,0.23941514,22.754414,18.843966,1.4564421
Vanuatu,VUT,1964,0.13955034,0.23922914,24.052496,18.590097,1.4553107
Vanuatu,VUT,1965,0.1492437,0.23878992,23.033278,18.46642,1.4526387
Vanuatu,VUT,1966,0.31747276,0.23810455,23.522745,16.915344,1.4583905
Vanuatu,VUT,1967,0.14011529,0.2301894,22.768734,16.723759,1.4411858
Vanuatu,VUT,1968,0.10954828,0.22905551,23.38358,16.521873,1.4739224
Vanuatu,VUT,1969,0.108988896,0.22788589,23.026382,16.328518,1.5060284
Vanuatu,VUT,1970,0.18717475,0.21672867,23.229374,16.885134,2.689406
Vanuatu,VUT,1971,0.17821582,0.22772022,25.544266,16.80179,3.3960016
Vanuatu,VUT,1972,0.07949507,0.21861145,23.719343,16.68403,4.044312
Vanuatu,VUT,1973,0.0697189,0.20915669,21.443542,16.184744,4.41221
Vanuatu,VUT,1974,0.079775475,0.20941062,29.387291,15.735713,4.4773984
Vanuatu,VUT,1975,0.07977026,0.20939693,23.891193,15.046666,3.9187143
Vanuatu,VUT,1976,0.07968898,0.20918357,24.93269,14.762383,3.8748767
Vanuatu,VUT,1977,0.07952435,0.20875143,17.823397,15.815406,3.8966935
Vanuatu,VUT,1978,0.06937625,0.19821785,16.838606,16.134933,3.5480995
Vanuatu,VUT,1979,0.06996223,0.2198813,16.41114,16.980833,3.468128
Vanuatu,VUT,1980,0.08021922,0.21057545,17.628174,17.999187,4.9836187
Vanuatu,VUT,1981,0.08049514,0.20123787,11.772415,18.594378,3.9140766
Vanuatu,VUT,1982,0.06997051,0.19991574,10.445597,18.981998,4.308184
Vanuatu,VUT,1983,0.07999161,0.33996436,10.058946,21.487747,3.7096112
Vanuatu,VUT,1984,0.099901676,0.30969518,14.865369,19.920393,3.9860766
Vanuatu,VUT,1985,0.12962608,0.28916585,11.576606,23.23298,3.9386387
Vanuatu,VUT,1986,0.06961425,0.22873251,10.770318,21.769367,4.216634
Vanuatu,VUT,1987,0.45595676,0.3469236,11.478215,18.823084,4.420798
Vanuatu,VUT,1988,0.059245996,0.21723533,10.29893,15.275594,3.801618
Vanuatu,VUT,1989,2.5449069,0.28716847,9.654802,14.001939,3.7727995
Vanuatu,VUT,1990,2.8789854,0.20847824,10.602609,14.931014,3.9412317
Vanuatu,VUT,1991,1.4124513,0.20888364,12.46339,16.511755,4.416397
Vanuatu,VUT,1992,1.9123628,0.20916468,12.340717,16.524012,4.531902
Vanuatu,VUT,1993,0.95312744,0.2608559,10.624863,16.01254,4.8258348
Vanuatu,VUT,1994,1.6969534,0.22090517,10.1716795,15.834885,4.890037
Vanuatu,VUT,1995,1.0653584,0.21106158,12.2817745,15.688911,5.387096
Vanuatu,VUT,1996,2.545897,0.19119385,10.032646,16.664053,5.282988
Vanuatu,VUT,1997,2.5051823,0.2104353,8.327226,16.413952,4.749825
Vanuatu,VUT,1998,2.0562801,0.19963886,10.8903,16.260586,5.779545
Vanuatu,VUT,1999,1.9685152,0.19883992,10.458981,16.354584,6.094444
Vanuatu,VUT,2000,1.9265661,0.24826883,11.023136,16.008375,6.6536045
Vanuatu,VUT,2001,1.8796421,0.23742849,10.516104,15.610923,6.8062835
Vanuatu,VUT,2002,1.8323284,0.19808955,8.557469,15.411368,6.7449493
Vanuatu,VUT,2003,2.08159,0.178422,9.21847,14.779288,6.3438935
Vanuatu,VUT,2004,2.2212718,0.2082442,8.865253,14.53743,6.2969084
Vanuatu,VUT,2005,2.1616724,0.21815042,9.539123,14.8639765,6.2371187
Vanuatu,VUT,2006,1.1449993,0.26882592,8.363473,14.994513,8.313691
Vanuatu,VUT,2007,1.2725325,0.21871653,11.49256,16.22479,8.281404
Vanuatu,VUT,2008,1.5270506,0.23798192,10.590196,16.381088,10.471205
Vanuatu,VUT,2009,2.1835525,0.2580562,8.208173,15.751353,10.540603
Vanuatu,VUT,2010,1.5799602,0.2499937,8.9397745,15.09962,11.009723
Vanuatu,VUT,2011,1.6599114,0.28998452,7.6595907,15.17919,11.949362
Vanuatu,VUT,2012,1.6999044,0.22998707,9.929442,14.779169,11.719341
Vanuatu,VUT,2013,1.509911,0.40997583,11.069347,14.559142,11.649313
Vanuatu,VUT,2014,0.3899895,0.4599876,14.299615,14.239616,10.969705
Vanuatu,VUT,2015,0.1099938,0.2999831,10.049434,14.099206,13.189257
Vanuatu,VUT,2016,0.10999717,0.2799928,10.229736,14.429629,14.709621
Vanuatu,VUT,2017,0.119996555,0.26999226,9.969714,14.6295805,16.71952
Vanuatu,VUT,2018,0.12999408,0.24998862,8.839598,15.549293,18.079176
Vanuatu,VUT,2019,0.119993836,0.15999179,8.879544,13.649299,16.069176
Vanuatu,VUT,2020,0.08999789,0.19999531,8.659797,13.439684,15.809629
Vanuatu,VUT,2021,0.03999843,0.08999647,9.189639,12.419513,18.889257
Vanuatu,VUT,2022,0.029998943,0.11999577,8.099715,11.869582,16.879406
Vanuatu,VUT,2023,0.01999925,0.06999738,9.139658,11.819557,19.929255
Venezuela,VEN,1961,0.27000841,0.55863816,15.343927,4.348067,4.888084
Venezuela,VEN,1962,0.14931345,0.7838956,15.043331,4.572725,5.0579934
Venezuela,VEN,1963,0.02805709,0.52373236,15.440752,4.5546007,5.424371
Venezuela,VEN,1964,0.009369019,0.49655804,15.955441,4.553344,6.3521957
Venezuela,VEN,1965,0,0.5721467,16.057625,3.9299912,6.331131
Venezuela,VEN,1966,0,0.61932254,16.768627,3.744086,6.596723
Venezuela,VEN,1967,0,0.609933,16.899837,3.8003523,7.178443
Venezuela,VEN,1968,0,0.55373484,16.377415,4.04508,7.433187
Venezuela,VEN,1969,0,0.6107726,18.003696,4.2660117,7.6581483
Venezuela,VEN,1970,0,0.6309457,16.771854,4.256529,8.202293
Venezuela,VEN,1971,0,0.6424693,17.327774,3.8642638,8.55051
Venezuela,VEN,1972,0,0.63565695,17.248123,4.0701017,9.563316
Venezuela,VEN,1973,0,0.7150056,18.132542,5.920246,10.582083
Venezuela,VEN,1974,0.009584463,0.7475881,19.053913,5.3002086,11.510941
Venezuela,VEN,1975,0.009639911,0.7711929,19.723257,5.9671054,12.396926
Venezuela,VEN,1976,0.019396916,0.7273844,20.182491,6.187617,13.393572
Venezuela,VEN,1977,0.04879409,0.7904643,20.22027,6.187091,13.984386
Venezuela,VEN,1978,0.0490751,0.7459415,22.397875,6.507358,16.037743
Venezuela,VEN,1979,0.019722875,0.6409934,22.227682,5.946447,15.748716
Venezuela,VEN,1980,0.07914944,0.48479035,21.815565,5.9559956,17.215004
Venezuela,VEN,1981,0.039649893,0.49562368,21.252344,6.2745957,19.963722
Venezuela,VEN,1982,0.059509203,0.5058282,21.076176,5.62362,21.33405
Venezuela,VEN,1983,0.009917763,0.43638158,20.222319,5.9704933,19.29005
Venezuela,VEN,1984,0,0.4066051,16.938572,6.039573,21.312056
Venezuela,VEN,1985,0,0.40674955,17.718409,6.5873585,20.148983
Venezuela,VEN,1986,0,0.40701386,16.578371,7.4255214,18.861618
Venezuela,VEN,1987,0,0.4371543,15.429559,7.133563,19.4633
Venezuela,VEN,1988,0,0.43755132,15.87118,7.746647,20.932852
Venezuela,VEN,1989,0,0.4478388,16.68946,7.1554694,14.121851
Venezuela,VEN,1990,0.0099566225,0.33852518,18.28036,5.3168364,12.455734
Venezuela,VEN,1991,0.009957695,0.4480963,15.852652,5.4070287,15.494175
Venezuela,VEN,1992,0.009957198,0.40824512,16.757965,6.4124355,17.136337
Venezuela,VEN,1993,0.009955527,0.45795426,17.641193,6.2421155,18.11906
Venezuela,VEN,1994,0.0099548055,0.34841818,15.360265,5.544827,17.848967
Venezuela,VEN,1995,0.009954121,0.32848603,13.567468,6.221326,19.748978
Venezuela,VEN,1996,0.009953615,0.30856207,14.651722,5.9721694,20.574123
Venezuela,VEN,1997,0.009951715,0.40802032,17.435406,5.732188,20.341307
Venezuela,VEN,1998,0.009949858,0.38804448,16.546614,5.084378,22.068787
Venezuela,VEN,1999,0.019898951,0.34823164,15.580878,5.332919,26.38601
Venezuela,VEN,2000,0.019903202,0.38811243,16.818205,5.105171,28.272497
Venezuela,VEN,2001,0.029867973,0.25885576,16.208355,4.729096,35.11478
Venezuela,VEN,2002,0.019920053,0.26892075,16.354364,4.6114926,35.099136
Venezuela,VEN,2003,0.009963036,0.278965,16.11023,4.573034,27.149273
Venezuela,VEN,2004,0.009969688,0.2592119,15.752108,5.3636928,29.609976
Venezuela,VEN,2005,0.009977676,0.30930796,15.804639,5.198369,31.5095
Venezuela,VEN,2006,0.019975249,0.3096164,19.34603,6.282216,31.560894
Venezuela,VEN,2007,0.020004796,0.31007436,22.68544,8.151955,33.988148
Venezuela,VEN,2008,0.010023635,0.3107327,27.29436,8.991201,41.29738
Venezuela,VEN,2009,0.020101767,0.33167917,25.5795,7.658773,40.60557
Venezuela,VEN,2010,0.039999995,0.37999997,19.1,8.09,44.369995
Venezuela,VEN,2011,0.039999988,0.38999987,20.279995,8.709997,45.659985
Venezuela,VEN,2012,0.04,0.31,24.44,7.2800007,39.04
Venezuela,VEN,2013,0.040000007,0.33000007,26.210003,7.410001,39.930004
Venezuela,VEN,2014,0.04,0.33,25,8.77,43.51
Venezuela,VEN,2015,0.040000003,0.33000004,18.210001,7.0600004,31.010002
Venezuela,VEN,2016,0.020000001,0.32000002,15.050001,6.4600005,21.460001
Venezuela,VEN,2017,0,0.31999987,14.179996,4.529999,15.889995
Venezuela,VEN,2018,0.01,0.28,15.229999,4.68,15.129999
Venezuela,VEN,2019,0,0.35000002,12.450002,4.7200003,16.770002
Venezuela,VEN,2020,0.01,0.34,12.02,4.5,16.1
Venezuela,VEN,2021,0.03,0.39,13.31,8.24,19.03
Venezuela,VEN,2022,0.010000002,0.34000006,14.320002,6.840001,18.640003
Venezuela,VEN,2023,0.019999992,0.34999985,13.799994,4.7799983,19.039993
Vietnam,VNM,1961,0.040612936,0.0304597,2.0001872,7.482933,1.6651304
Vietnam,VNM,1962,0.050965976,0.030579584,1.987673,7.491998,1.7532296
Vietnam,VNM,1963,0.05106796,0.030640775,1.950796,7.374213,2.0733593
Vietnam,VNM,1964,0.051204965,0.030722978,1.9867526,7.312069,1.7921737
Vietnam,VNM,1965,0.06167468,0.03083734,2.0352645,7.359845,1.9221942
Vietnam,VNM,1966,0.07230879,0.030989483,2.1072848,7.4891253,1.8180497
Vietnam,VNM,1967,0.072722815,0.03116692,1.9842939,7.7086186,1.7972925
Vietnam,VNM,1968,0.0627307,0.08364094,2.0701132,7.297672,1.7982802
Vietnam,VNM,1969,0.052573677,0.031544205,2.060888,6.9712696,1.6928724
Vietnam,VNM,1970,0.06333853,0.031669267,2.1851792,6.5133123,1.6890275
Vietnam,VNM,1971,0.074000075,0.042285755,2.0825737,6.4802923,1.7125732
Vietnam,VNM,1972,0.08464909,0.042324547,2.1162274,6.4015884,1.9998349
Vietnam,VNM,1973,0.0847055,0.04235275,2.0011675,6.2999716,1.9905794
Vietnam,VNM,1974,0.08472011,0.042360056,1.9803326,5.835098,1.9485626
Vietnam,VNM,1975,0.063474946,0.031737473,1.9359859,5.310737,1.533978
Vietnam,VNM,1976,0.07379334,0.031625718,1.8237497,5.239327,1.6129116
Vietnam,VNM,1977,0.0839565,0.031483687,1.8155594,5.2892594,1.5322062
Vietnam,VNM,1978,0.083595574,0.03134834,1.8809004,5.3710155,1.5256193
Vietnam,VNM,1979,0.08358095,0.031342857,1.9954952,5.4327617,1.6402762
Vietnam,VNM,1980,0.08366835,0.020917088,1.9557477,5.553487,1.8302453
Vietnam,VNM,1981,0.07316647,0.031357057,2.0068517,7.358456,2.1322799
Vietnam,VNM,1982,0.06270349,0.031351745,2.1005669,8.172355,2.2573256
Vietnam,VNM,1983,0.0626775,0.03133875,2.2146049,9.0464525,2.67424
Vietnam,VNM,1984,0.05219988,0.041759904,2.3281147,9.166299,2.7143936
Vietnam,VNM,1985,0.062638685,0.05219891,2.4011497,9.427122,2.4742281
Vietnam,VNM,1986,0.14635183,0.05226851,2.2579997,10.255082,2.205731
Vietnam,VNM,1987,0.16763139,0.052384812,2.3258855,10.749364,2.6925793
Vietnam,VNM,1988,0.15746325,0.052487753,2.4564266,10.466058,2.5614023
Vietnam,VNM,1989,0.16819525,0.042048812,2.4808798,10.985251,2.5965142
Vietnam,VNM,1990,0.16831808,0.04207952,2.5037315,10.877556,2.5878904
Vietnam,VNM,1991,0.1894484,0.031574734,2.4733539,10.324938,2.462829
Vietnam,VNM,1992,0.18959503,0.03159917,2.5384667,11.828623,2.570066
Vietnam,VNM,1993,0.21085444,0.042170886,2.456454,12.334985,2.4142833
Vietnam,VNM,1994,0.22153996,0.042198088,2.4791377,13.334597,2.3947415
Vietnam,VNM,1995,0.23212232,0.052755073,2.5005903,13.885135,2.4267333
Vietnam,VNM,1996,0.23206072,0.063289285,2.4049928,14.313927,2.6897948
Vietnam,VNM,1997,0.25284314,0.063210785,2.2123773,14.675438,3.8347878
Vietnam,VNM,1998,0.23122308,0.063060835,2.1650887,15.428885,3.983343
Vietnam,VNM,1999,0.24127743,0.06294193,2.3393419,16.375393,4.2695613
Vietnam,VNM,2000,0.25161517,0.06290379,2.400828,17.298542,4.7387524
Vietnam,VNM,2001,0.22012609,0.06289317,2.4947624,18.794577,4.9475956
Vietnam,VNM,2002,0.23054521,0.073355295,2.556956,20.811947,5.4597297
Vietnam,VNM,2003,0.24095374,0.07333375,2.5771575,22.440126,5.740985
Vietnam,VNM,2004,0.23043883,0.09427044,2.7757406,24.845495,5.2791443
Vietnam,VNM,2005,0.26189965,0.11523585,3.1742237,28.128023,4.923713
Vietnam,VNM,2006,0.27132833,0.12522846,3.4542184,30.367903,5.5517955
Vietnam,VNM,2007,0.28977475,0.15523648,4.398367,31.823477,7.037387
Vietnam,VNM,2008,0.30772477,0.13334739,5.1800337,32.670113,8.985563
Vietnam,VNM,2009,0.3060374,0.1530187,5.6820946,35.082085,10.15024
Vietnam,VNM,2010,0.3,0.19,3.36,25.24,11.87
Vietnam,VNM,2011,0.3,0.15,5.24,25.5,15.84
Vietnam,VNM,2012,0.3,0.13,5.5700006,25.670002,12.580001
Vietnam,VNM,2013,0.3,0.14,5.59,25.92,13.01
Vietnam,VNM,2014,0.3,0.11999999,2.54,26.439999,8.71
Vietnam,VNM,2015,0.31,0.15,2.69,27.429998,9.26
Vietnam,VNM,2016,0.31,0.15,2.8,28.51,9.54
Vietnam,VNM,2017,0.31,0.18,2.82,28.69,9.75
Vietnam,VNM,2018,0.29,0.2,2.99,29.23,11.16
Vietnam,VNM,2019,0.25,0.22,3.56,25.16,13.7
Vietnam,VNM,2020,0.29999998,0.22999999,3.9299998,26.859999,16.169998
Vietnam,VNM,2021,0.25,0.22,4.62,31.51,16.69
Vietnam,VNM,2022,0.25999996,0.23999998,5.2399993,34.419994,18.109999
Vietnam,VNM,2023,0.29,0.24,5.92,34.37,19.65
Western Africa (FAO),,1961,2.48,1.27,3.87,0.56,0.81
Western Africa (FAO),,1962,2.43,1.29,3.68,0.55,0.85
Western Africa (FAO),,1963,2.4,1.37,3.78,0.55,0.88
Western Africa (FAO),,1964,2.5,1.39,4.02,0.56,0.91
Western Africa (FAO),,1965,2.48,1.42,4.15,0.56,0.93
Western Africa (FAO),,1966,2.48,1.47,4.1,0.57,0.95
Western Africa (FAO),,1967,2.6,1.52,4.19,0.59,0.97
Western Africa (FAO),,1968,2.72,1.58,4.11,0.61,0.99
Western Africa (FAO),,1969,2.68,1.65,4.42,0.64,1.07
Western Africa (FAO),,1970,2.65,1.69,4.27,0.64,1.11
Western Africa (FAO),,1971,2.67,1.6,4.13,0.63,1.14
Western Africa (FAO),,1972,2.63,1.5,3.66,0.62,1.15
Western Africa (FAO),,1973,2.37,1.32,3.89,0.62,1.17
Western Africa (FAO),,1974,2.37,1.35,3.75,0.62,1.18
Western Africa (FAO),,1975,2.42,1.49,3.46,0.62,1.3
Western Africa (FAO),,1976,2.39,1.61,4.07,0.64,1.34
Western Africa (FAO),,1977,2.48,1.77,3.91,0.66,1.56
Western Africa (FAO),,1978,2.49,1.91,4.14,0.67,1.65
Western Africa (FAO),,1979,2.46,1.93,4.24,0.67,1.66
Western Africa (FAO),,1980,2.57,1.98,4.87,0.66,1.69
Western Africa (FAO),,1981,2.59,2.01,4.55,0.67,1.77
Western Africa (FAO),,1982,2.61,2.03,4.88,0.66,1.73
Western Africa (FAO),,1983,2.62,2.03,4.9,0.64,1.81
Western Africa (FAO),,1984,2.52,1.81,4.95,0.7,1.68
Western Africa (FAO),,1985,2.47,1.75,4.87,0.78,1.69
Western Africa (FAO),,1986,2.49,1.91,3.75,0.86,1.73
Western Africa (FAO),,1987,2.46,1.92,3.6,0.94,1.8
Western Africa (FAO),,1988,2.37,1.99,3.43,0.97,1.87
Western Africa (FAO),,1989,2.36,2.08,3.22,1.05,1.86
Western Africa (FAO),,1990,2.27,2.06,3.41,0.99,1.83
Western Africa (FAO),,1991,2.23,2.04,3.46,0.98,1.76
Western Africa (FAO),,1992,2.24,1.97,3.35,1,1.74
Western Africa (FAO),,1993,2.41,1.99,3.35,1,1.75
Western Africa (FAO),,1994,2.46,2.07,3.31,1.01,1.71
Western Africa (FAO),,1995,2.45,2.15,3.15,1.06,1.72
Western Africa (FAO),,1996,2.4,2.22,3.23,1.05,1.68
Western Africa (FAO),,1997,2.46,2.36,3.33,1.06,1.72
Western Africa (FAO),,1998,2.23,2.45,3.3,1.04,1.71
Western Africa (FAO),,1999,2.2,2.55,3.3,1.07,1.83
Western Africa (FAO),,2000,2.14,2.66,3.14,1.06,1.85
Western Africa (FAO),,2001,2.11,2.75,3.31,1.07,1.84
Western Africa (FAO),,2002,2.11,2.75,3.51,1.19,2.12
Western Africa (FAO),,2003,2.16,2.77,3.46,1.13,2.3
Western Africa (FAO),,2004,2.12,2.79,3.45,1.16,2.26
Western Africa (FAO),,2005,2.11,2.8,3.52,1.17,2.21
Western Africa (FAO),,2006,1.87,2.83,3.36,1.22,2.17
Western Africa (FAO),,2007,1.88,2.85,3.58,1.21,2.39
Western Africa (FAO),,2008,1.98,2.83,3.62,1.22,2.59
Western Africa (FAO),,2009,2.02,2.87,3.41,1.23,2.65
Western Africa (FAO),,2010,1.87,2.64,2.92,1.2,2.76
Western Africa (FAO),,2011,1.87,2.41,2.99,1.24,2.77
Western Africa (FAO),,2012,1.82,2.29,2.81,1.26,2.86
Western Africa (FAO),,2013,1.83,2.33,2.94,1.29,2.92
Western Africa (FAO),,2014,1.91,2.6,3.07,1.31,2.97
Western Africa (FAO),,2015,1.92,2.31,2.91,1.35,2.85
Western Africa (FAO),,2016,1.85,2.28,2.72,1.23,2.76
Western Africa (FAO),,2017,1.81,2.3,2.55,1.32,2.85
Western Africa (FAO),,2018,1.79,2.3,2.59,1.28,2.94
Western Africa (FAO),,2019,1.64,2.09,2.44,1.96,3.29
Western Africa (FAO),,2020,1.6,1.95,2.39,1.95,3.54
Western Africa (FAO),,2021,1.59,1.94,2.18,1.79,3.9
Western Africa (FAO),,2022,1.6,1.94,2.18,1.65,3.71
Western Africa (FAO),,2023,1.59,1.91,2.18,1.6,3.62
Western Asia (FAO),,1961,0.66,8.3,4.09,0.15,2.51
Western Asia (FAO),,1962,0.65,7.93,4.41,0.15,2.69
Western Asia (FAO),,1963,0.62,7.8,4.37,0.15,2.69
Western Asia (FAO),,1964,0.61,7.53,4.38,0.13,2.81
Western Asia (FAO),,1965,0.62,7.53,4.35,0.15,2.91
Western Asia (FAO),,1966,0.61,7.59,4.59,0.2,3.08
Western Asia (FAO),,1967,0.6,7.2,4.16,0.2,3.25
Western Asia (FAO),,1968,0.63,7.16,4.46,0.23,3.5
Western Asia (FAO),,1969,0.6,7.41,4.57,0.26,3.79
Western Asia (FAO),,1970,0.59,7.36,4.46,0.26,3.99
Western Asia (FAO),,1971,0.63,7.35,4.26,0.26,4.33
Western Asia (FAO),,1972,0.6,7.06,3.85,0.29,4.88
Western Asia (FAO),,1973,0.62,6.92,4.09,0.31,5.01
Western Asia (FAO),,1974,0.86,6.85,4.13,0.3,5.62
Western Asia (FAO),,1975,0.78,7.38,4.32,0.27,6.29
Western Asia (FAO),,1976,0.72,7.08,4,0.28,7.17
Western Asia (FAO),,1977,0.78,7.39,4.56,0.31,7.73
Western Asia (FAO),,1978,0.63,7.47,4,0.28,8.65
Western Asia (FAO),,1979,0.71,6.06,5.15,0.28,9.61
Western Asia (FAO),,1980,0.7,6.11,4.74,0.29,10.9
Western Asia (FAO),,1981,0.59,6.74,5.34,0.29,11.66
Western Asia (FAO),,1982,0.53,6.46,5.62,0.3,12.93
Western Asia (FAO),,1983,0.56,6.65,5.8,0.31,12.7
Western Asia (FAO),,1984,0.55,6.47,8.21,0.32,12.81
Western Asia (FAO),,1985,0.57,6.54,7.73,0.32,12.81
Western Asia (FAO),,1986,0.54,6.35,8.53,0.31,13.69
Western Asia (FAO),,1987,0.51,6.39,7.22,0.32,14.09
Western Asia (FAO),,1988,0.51,6.35,7.01,0.34,14.72
Western Asia (FAO),,1989,0.5,6.13,6.8,0.35,14.18
Western Asia (FAO),,1990,0.57,5.96,6.52,0.36,13.6
Western Asia (FAO),,1991,0.58,5.51,5.97,0.35,12.35
Western Asia (FAO),,1992,0.51,5.25,6.15,0.88,11.23
Western Asia (FAO),,1993,0.51,5.3,6.02,0.7,11.41
Western Asia (FAO),,1994,0.51,5.27,5.84,0.73,11.53
Western Asia (FAO),,1995,0.46,5.23,6.21,0.73,12.57
Western Asia (FAO),,1996,0.56,5.07,5.56,0.7,12.22
Western Asia (FAO),,1997,0.5,5.16,6.13,0.76,12.87
Western Asia (FAO),,1998,0.47,5.17,5.8,0.73,13.67
Western Asia (FAO),,1999,0.44,5.02,5.67,0.67,14.99
Western Asia (FAO),,2000,0.44,5.05,5.98,0.71,15.84
Western Asia (FAO),,2001,0.43,4.77,5.47,0.7,16.18
Western Asia (FAO),,2002,0.43,4.64,6.12,0.7,16.59
Western Asia (FAO),,2003,0.44,4.5,6.01,0.7,17.9
Western Asia (FAO),,2004,0.45,4.39,6.33,0.71,17.87
Western Asia (FAO),,2005,0.42,4.47,6,0.73,19.26
Western Asia (FAO),,2006,0.45,4.38,6.39,0.77,18.28
Western Asia (FAO),,2007,0.49,4.59,7.14,0.72,20.32
Western Asia (FAO),,2008,0.48,4.67,6.77,0.67,20.69
Western Asia (FAO),,2009,0.48,4.44,6.38,0.6,22.83
Western Asia (FAO),,2010,0.42,4.49,8.01,0.54,21.15
Western Asia (FAO),,2011,0.4,4.72,8.23,0.55,21.82
Western Asia (FAO),,2012,0.39,4.91,8.16,0.55,21.69
Western Asia (FAO),,2013,0.42,5.01,8.44,0.55,22.17
Western Asia (FAO),,2014,0.34,4.97,8.45,0.57,20.31
Western Asia (FAO),,2015,0.34,4.92,8.53,0.58,21.83
Western Asia (FAO),,2016,0.33,4.75,8.33,0.54,22.25
Western Asia (FAO),,2017,0.38,4.69,8.64,0.56,22.19
Western Asia (FAO),,2018,0.38,4.79,8.71,0.58,22
Western Asia (FAO),,2019,0.67,3.76,8.8,0.58,23.25
Western Asia (FAO),,2020,0.72,5.14,9.98,0.62,23.63
Western Asia (FAO),,2021,0.52,5.58,10.64,0.66,23.31
Western Asia (FAO),,2022,0.47,5.86,10.73,0.59,23.76
Western Asia (FAO),,2023,0.5,6.15,10.71,0.65,23.06
Western Europe (FAO),,1961,3.71,1.13,22.83,31.74,6.65
Western Europe (FAO),,1962,3.75,1.15,23.93,31.98,7.12
Western Europe (FAO),,1963,3.83,1.06,23.8,31.87,7.1
Western Europe (FAO),,1964,3.89,1.05,22.96,33.11,7.63
Western Europe (FAO),,1965,3.92,1.07,22.66,34.64,7.77
Western Europe (FAO),,1966,4.04,1.12,23.59,34.3,7.05
Western Europe (FAO),,1967,4.2,1.1,24,35.52,7.33
Western Europe (FAO),,1968,4.24,1.1,24.61,37.51,7.45
Western Europe (FAO),,1969,4.38,1.15,25.01,37.05,8.31
Western Europe (FAO),,1970,4.49,1.2,25.65,38.21,8.9
Western Europe (FAO),,1971,4.53,1.26,25.46,40.33,9.21
Western Europe (FAO),,1972,4.61,1.33,24.78,41.49,9.69
Western Europe (FAO),,1973,4.65,1.4,24.78,41.14,10.42
Western Europe (FAO),,1974,4.57,1.41,25.67,42.82,10.1
Western Europe (FAO),,1975,4.6,1.54,25.52,43.56,10.32
Western Europe (FAO),,1976,4.69,1.62,25.87,43.86,10.59
Western Europe (FAO),,1977,4.63,1.67,25.76,44.68,10.8
Western Europe (FAO),,1978,4.59,1.7,26.09,46.77,11.36
Western Europe (FAO),,1979,4.7,1.8,26.51,48.23,11.54
Western Europe (FAO),,1980,4.59,1.87,26.65,49.46,11.74
Western Europe (FAO),,1981,4.4,1.91,25.85,49.51,11.96
Western Europe (FAO),,1982,3.94,1.97,25.26,48.91,12.78
Western Europe (FAO),,1983,4.09,1.95,25.34,49.49,12.02
Western Europe (FAO),,1984,3.99,1.97,25.46,49.65,12.42
Western Europe (FAO),,1985,3.96,1.91,25.63,50.39,12.61
Western Europe (FAO),,1986,3,2.01,25.5,50.41,13.14
Western Europe (FAO),,1987,3.22,2.09,25.65,50.91,13.87
Western Europe (FAO),,1988,3.22,2.09,24.67,51.73,14.17
Western Europe (FAO),,1989,3.15,2.16,24.09,49.98,14.46
Western Europe (FAO),,1990,3.14,2.22,25.14,48.91,15.26
Western Europe (FAO),,1991,3.11,2.14,25.72,46.3,15.66
Western Europe (FAO),,1992,3.2,2.17,23.71,46.55,16.17
Western Europe (FAO),,1993,3.08,2.16,21.5,48.21,15.48
Western Europe (FAO),,1994,2.99,2.16,20.51,46.19,16.81
Western Europe (FAO),,1995,3.28,2.15,20.88,45.28,16.81
Western Europe (FAO),,1996,3.35,2.21,21.14,45.7,18.45
Western Europe (FAO),,1997,3.3,2.16,19.99,44.49,18.17
Western Europe (FAO),,1998,3.38,2.17,20.05,46.99,18.64
Western Europe (FAO),,1999,3.48,2.11,18.5,47.32,17.31
Western Europe (FAO),,2000,4.02,2.14,18.49,46.84,17.69
Western Europe (FAO),,2001,4.84,1.89,17.93,45.51,19.01
Western Europe (FAO),,2002,3.4,1.81,18.57,45.07,18
Western Europe (FAO),,2003,3.45,1.82,17.79,45.28,17.47
Western Europe (FAO),,2004,2.13,1.82,18.3,43.82,18.95
Western Europe (FAO),,2005,1.97,1.81,18.15,44.07,17.8
Western Europe (FAO),,2006,2.87,1.77,18.17,42.91,16.64
Western Europe (FAO),,2007,2.96,1.77,18.9,42.62,17.65
Western Europe (FAO),,2008,2.86,1.76,18.27,43.63,19.83
Western Europe (FAO),,2009,2.99,1.73,18.45,43.8,19.25
Western Europe (FAO),,2010,2.48,1.88,18.71,45.06,19.27
Western Europe (FAO),,2011,2.52,1.87,18.39,44.11,19.09
Western Europe (FAO),,2012,2.59,1.78,18.27,43.48,20.09
Western Europe (FAO),,2013,2.76,1.73,17.96,42.89,20.09
Western Europe (FAO),,2014,2.53,1.75,17.54,40.55,20.08
Western Europe (FAO),,2015,2.31,1.69,17.69,41.23,20.3
Western Europe (FAO),,2016,2.43,1.61,17.84,38.98,20.42
Western Europe (FAO),,2017,2.03,1.59,17.69,37.89,19.84
Western Europe (FAO),,2018,1.93,1.6,17.9,38.47,19.91
Western Europe (FAO),,2019,1.24,1.47,17.77,38.44,18.61
Western Europe (FAO),,2020,1.15,1.49,17.69,37.43,19.44
Western Europe (FAO),,2021,1.01,1.31,17.72,36.71,19.09
Western Europe (FAO),,2022,1.05,1.36,17.31,35.31,19.01
Western Europe (FAO),,2023,0.97,1.29,16.84,35,19.11
World,OWID_WRL,1961,0.88503116,1.9092808,9.327632,7.9752254,2.8639214
World,OWID_WRL,1962,0.8649189,1.9087865,9.643349,8.241584,2.932771
World,OWID_WRL,1963,0.8424215,1.8731489,9.881108,8.691808,3.0029848
World,OWID_WRL,1964,0.83997047,1.8281709,9.842477,8.666519,3.0634215
World,OWID_WRL,1965,0.809139,1.795894,9.847814,9.206423,3.2464237
World,OWID_WRL,1966,0.8088285,1.7952048,10.139947,9.380438,3.373407
World,OWID_WRL,1967,0.8091821,1.8058577,10.35161,9.601636,3.5031664
World,OWID_WRL,1968,0.8092837,1.8060843,10.629251,9.583103,3.5726912
World,OWID_WRL,1969,0.8290205,1.7764726,10.718051,9.296873,3.750331
World,OWID_WRL,1970,0.81909126,1.7566054,10.658055,9.414616,4.0066395
World,OWID_WRL,1971,0.80928874,1.7666181,10.382583,10.145718,4.10566
World,OWID_WRL,1972,0.81935793,1.7275618,10.296269,10.394986,4.3139687
World,OWID_WRL,1973,0.8095347,1.6388142,10.168547,10.296887,4.403079
World,OWID_WRL,1974,0.809569,1.5599012,10.632998,10.317068,4.4921207
World,OWID_WRL,1975,0.79986113,1.5997223,10.980809,10.121699,4.522671
World,OWID_WRL,1976,0.8000127,1.5506419,11.338451,10.02485,4.711186
World,OWID_WRL,1977,0.7901395,1.5308951,11.249611,9.965634,4.9284945
World,OWID_WRL,1978,0.78016186,1.5504483,11.1098995,10.458119,5.1944957
World,OWID_WRL,1979,0.78972805,1.530098,10.61197,11.29311,5.5083528
World,OWID_WRL,1980,0.7695452,1.5686884,10.467788,11.701034,5.6827955
World,OWID_WRL,1981,0.74935377,1.577587,10.352915,11.555824,5.896231
World,OWID_WRL,1982,0.7290321,1.5762856,10.176893,11.368959,5.999737
World,OWID_WRL,1983,0.7384851,1.5852814,10.210787,11.648372,6.0555778
World,OWID_WRL,1984,0.7285753,1.575298,10.288665,11.834426,6.0550513
World,OWID_WRL,1985,0.73842704,1.5851567,10.28875,12.188969,6.232324
World,OWID_WRL,1986,0.699078,1.6049256,10.505863,11.982788,6.547703
World,OWID_WRL,1987,0.69905734,1.6344159,10.348019,12.346732,6.9413447
World,OWID_WRL,1988,0.6990819,1.6443193,10.240072,12.839476,7.1680512
World,OWID_WRL,1989,0.679283,1.6834407,10.169557,12.837465,7.196462
World,OWID_WRL,1990,0.65935206,1.712347,10.175672,12.832762,7.5284224
World,OWID_WRL,1991,0.6687285,1.7111582,10.070264,12.77468,7.808388
World,OWID_WRL,1992,0.7076846,1.6905798,9.740491,12.94473,8.040083
World,OWID_WRL,1993,0.686882,1.6975799,9.488785,13.040946,8.360336
World,OWID_WRL,1994,0.7159538,1.6967125,9.513359,13.191204,8.709137
World,OWID_WRL,1995,0.7449094,1.7250534,9.448588,13.222142,9.203552
World,OWID_WRL,1996,0.7442914,1.6452758,9.430956,13.103447,9.274263
World,OWID_WRL,1997,0.7239933,1.6925789,9.441263,12.963393,9.744558
World,OWID_WRL,1998,0.7427736,1.7298806,9.362857,13.643578,9.978577
World,OWID_WRL,1999,0.74198097,1.7377975,9.352865,13.697359,10.338919
World,OWID_WRL,2000,0.7508607,1.7650102,9.332126,13.837291,10.71683
World,OWID_WRL,2001,0.8181053,1.7238648,9.047855,13.664307,10.947028
World,OWID_WRL,2002,0.7977273,1.7316519,9.212778,13.853215,11.265466
World,OWID_WRL,2003,0.7871833,1.7492962,9.144932,14.198454,11.438454
World,OWID_WRL,2004,0.74755657,1.7960776,9.145432,13.999697,11.679358
World,OWID_WRL,2005,0.76621366,1.8233945,9.194563,14.073114,11.881161
World,OWID_WRL,2006,0.7945097,1.8215588,9.301578,14.330242,12.150185
World,OWID_WRL,2007,0.83233315,1.8582321,9.436335,14.556151,12.678563
World,OWID_WRL,2008,0.8506727,1.8366797,9.299399,14.819105,13.14676
World,OWID_WRL,2009,0.87857866,1.8247402,9.181629,14.887563,13.275227
World,OWID_WRL,2010,0.93020636,1.7713504,9.252585,15.209864,13.755179
World,OWID_WRL,2011,0.93999183,1.7810372,9.043712,14.812293,14.129561
World,OWID_WRL,2012,0.9447515,1.8298346,9.039781,14.837571,14.250831
World,OWID_WRL,2013,0.96457297,1.8794255,9.029198,14.856411,14.518314
World,OWID_WRL,2014,0.9347226,1.9390522,8.96936,15.035112,14.53792
World,OWID_WRL,2015,0.9347366,1.9191931,8.8203335,15.244162,14.796681
World,OWID_WRL,2016,0.90494186,1.9292167,8.751086,15.254734,15.095624
World,OWID_WRL,2017,0.8354106,1.9492916,8.791702,15.196517,15.246244
World,OWID_WRL,2018,0.84538966,1.9593148,8.971076,15.157338,15.694409
World,OWID_WRL,2019,0.80722433,1.9333522,9.0289545,14.7791815,16.343801
World,OWID_WRL,2020,0.7972657,1.9732326,9.2482815,13.204713,16.802376
World,OWID_WRL,2021,0.79727286,2.013114,9.278263,14.45057,16.64307
World,OWID_WRL,2022,0.7872965,2.2423,9.248242,15.167914,16.981688
World,OWID_WRL,2023,0.7872812,2.30205,9.357684,15.356966,17.320185
Yemen,YEM,1961,0.34833553,4.427528,3.4008548,0.07333379,0.2566683
Yemen,YEM,1962,0.33760694,4.4983845,3.330447,0.063871585,0.26461086
Yemen,YEM,1963,0.33631578,4.4357324,3.2268136,0.09998577,0.24541964
Yemen,YEM,1964,0.38911784,4.425084,3.2124844,0.09049252,0.27147755
Yemen,YEM,1965,0.3778619,4.4443755,3.2298195,0.08097041,0.26990137
Yemen,YEM,1966,0.3753984,4.0042496,3.0568156,0.08044252,0.28601784
Yemen,YEM,1967,0.32835522,3.9935093,2.98182,0.008874465,0.24848503
Yemen,YEM,1968,0.29931885,3.7590928,2.4825857,0,0.2200874
Yemen,YEM,1969,0.28772405,3.1824024,2.2233222,0,0.22669166
Yemen,YEM,1970,0.28477433,3.1152585,2.1401222,0,0.22436763
Yemen,YEM,1971,0.26457438,3.4138627,2.23608,0,0.21336642
Yemen,YEM,1972,0.25294676,3.1112452,2.2680893,0.0084315585,0.21078897
Yemen,YEM,1973,0.30838165,3.0421433,2.1586714,0.008334639,0.20836598
Yemen,YEM,1974,0.28076476,3.2370524,2.3204381,0,0.19818687
Yemen,YEM,1975,0.27911127,3.439636,2.4709556,0,0.19701971
Yemen,YEM,1976,0.24571456,3.2188606,2.4080026,0,0.27847648
Yemen,YEM,1977,0.45903534,3.2788239,2.6558473,0,2.0164766
Yemen,YEM,1978,0.27130958,3.2310505,3.091285,0,4.4560547
Yemen,YEM,1979,0.2476313,3.2357156,3.3430226,0,6.248563
Yemen,YEM,1980,0.33141375,3.25614,3.7284045,0,4.300093
Yemen,YEM,1981,0.28284112,3.2942672,3.5937462,0,6.7632303
Yemen,YEM,1982,0.30915812,3.2670493,3.626341,0,5.698536
Yemen,YEM,1983,0.35236272,3.322277,3.4649003,0,4.219963
Yemen,YEM,1984,0.31132013,3.247826,3.365623,0,7.017324
Yemen,YEM,1985,0.31176224,3.3451245,3.4209585,0,6.9683075
Yemen,YEM,1986,0.2696368,3.0923975,3.0923975,0,6.597676
Yemen,YEM,1987,0.24405181,2.9959464,3.0043619,0,5.00727
Yemen,YEM,1988,0.19344746,3.0194623,2.9858193,0,6.8800006
Yemen,YEM,1989,0.18552579,3.0949075,2.9431136,0,5.059794
Yemen,YEM,1990,0.1867674,3.319366,2.8779159,0,3.4721758
Yemen,YEM,1991,0.17165384,2.7893748,2.7636268,0,3.312919
Yemen,YEM,1992,0.16530174,2.740529,2.7753294,0,3.6366382
Yemen,YEM,1993,0.1675754,2.6106484,2.8928807,0,5.274215
Yemen,YEM,1994,0.1604704,2.353566,2.8795521,0,4.921092
Yemen,YEM,1995,0.16148333,2.2697377,2.6644747,0,3.8755999
Yemen,YEM,1996,0.1529719,2.2765815,2.5375335,0,4.4271865
Yemen,YEM,1997,0.15301381,2.3852153,2.5652313,0,4.4193983
Yemen,YEM,1998,0.16163492,2.4245238,2.7118747,0,5.019662
Yemen,YEM,1999,0.16114417,2.4171624,2.6409738,0,5.1297555
Yemen,YEM,2000,0.14286894,2.4019842,2.8484497,0,6.4648194
Yemen,YEM,2001,0.14262727,2.4335778,2.9773443,0.008914204,6.9530797
Yemen,YEM,2002,0.14245965,2.4040067,3.0984974,0,7.8530884
Yemen,YEM,2003,0.1689656,2.0809448,3.5215988,0,9.728861
Yemen,YEM,2004,0.14202566,2.0860019,3.4707522,0,9.116273
Yemen,YEM,2005,0.15023202,2.050225,3.428825,0.008837177,9.429269
Yemen,YEM,2006,0.10531498,2.123852,3.326198,0,8.170688
Yemen,YEM,2007,0.10452466,2.2559905,3.5886798,0,9.233011
Yemen,YEM,2008,0.1037148,2.4027262,3.794233,0.0086429,8.305827
Yemen,YEM,2009,0.111459844,2.4692643,3.9525378,0.008573834,9.6026945
Yemen,YEM,2010,0.10000003,2.6500008,4.2300014,0.030000009,9.290003
Yemen,YEM,2011,0.11999999,3.1199996,4.0899997,0,8.539999
Yemen,YEM,2012,0.109999985,3.4799995,4.0199995,0.009999998,9.489998
Yemen,YEM,2013,0.09999998,3.9999993,3.9599993,0.009999998,9.389998
Yemen,YEM,2014,0.1,4.52,2.66,0,10.17
Yemen,YEM,2015,0.09000001,4.1500006,2.3400002,0,7.5800004
Yemen,YEM,2016,0.07999997,3.6499987,2.049999,0,7.9699965
Yemen,YEM,2017,0.07,3.5399997,1.9299998,0,7.6399994
Yemen,YEM,2018,0.07,3.3999999,1.8399999,0,8.19
Yemen,YEM,2019,0.08999999,3.7399993,2.1699996,0,9.399998
Yemen,YEM,2020,0.08999998,3.7999992,2.6599996,0.009999998,9.629998
Yemen,YEM,2021,0.14999999,3.8999996,2.2699997,0.009999999,9.339999
Yemen,YEM,2022,0.08,4.07,2.02,0.01,8.01
Yemen,YEM,2023,0.09,3.51,1.98,0,8.15
Yugoslavia,OWID_YGS,1961,0.10046398,2.350857,6.2589054,21.619848,3.4861
Yugoslavia,OWID_YGS,1962,0.1806519,2.7699957,7.5070896,19.199282,3.3822048
Yugoslavia,OWID_YGS,1963,0.21052836,2.1654348,6.4361534,18.757074,3.4085548
Yugoslavia,OWID_YGS,1964,0.1702886,1.9733443,6.210525,21.085733,3.7363322
Yugoslavia,OWID_YGS,1965,0.13989706,2.088463,6.4552503,24.54194,4.0869927
Yugoslavia,OWID_YGS,1966,0.12958065,2.3922582,6.9774194,20.812645,4.575194
Yugoslavia,OWID_YGS,1967,0.14914905,2.2670655,7.6563177,24.808458,4.812543
Yugoslavia,OWID_YGS,1968,0.15876418,2.6493776,9.178555,25.134356,5.378137
Yugoslavia,OWID_YGS,1969,0.16848984,2.3489466,9.554366,21.64599,6.0557237
Yugoslavia,OWID_YGS,1970,0.18830493,2.0614436,9.70266,24.34089,7.1555877
Yugoslavia,OWID_YGS,1971,0.24755122,2.3665898,9.37724,27.290047,7.4067326
Yugoslavia,OWID_YGS,1972,0.20768167,2.3339465,8.861085,24.417433,7.169963
Yugoslavia,OWID_YGS,1973,0.21762395,2.2652676,9.387506,25.758764,8.210359
Yugoslavia,OWID_YGS,1974,0.14838687,2.1466634,10.317833,31.200811,8.804287
Yugoslavia,OWID_YGS,1975,0.15832514,2.562888,13.784183,29.052662,8.866207
Yugoslavia,OWID_YGS,1976,0.08901529,2.710021,15.241395,28.039816,9.6532135
Yugoslavia,OWID_YGS,1977,0.1384231,2.4817283,13.525914,32.311905,10.658578
Yugoslavia,OWID_YGS,1978,0.10882825,2.651452,14.009164,35.349392,11.733664
Yugoslavia,OWID_YGS,1979,0.11875477,2.8501146,14.5771475,34.191475,12.162468
Yugoslavia,OWID_YGS,1980,0.09916282,2.7368937,13.9819565,33.497196,12.18711
Yugoslavia,OWID_YGS,1981,0.10942745,2.3974562,15.130833,34.320427,12.454834
Yugoslavia,OWID_YGS,1982,0.099360146,2.2852833,15.202103,33.68309,11.267441
Yugoslavia,OWID_YGS,1983,0.09933697,2.4635568,14.97008,34.251385,10.976735
Yugoslavia,OWID_YGS,1984,0.19927569,2.3315256,15.115061,38.051693,12.145853
Yugoslavia,OWID_YGS,1985,0.26917374,2.5322268,15.223269,35.341515,11.504684
Yugoslavia,OWID_YGS,1986,0.27956134,2.6458483,14.4273615,35.70397,13.608646
Yugoslavia,OWID_YGS,1987,0.27031285,2.6230354,14.176406,37.443336,14.226464
Yugoslavia,OWID_YGS,1988,0.33112735,2.8798041,14.328782,38.43084,13.736767
Yugoslavia,OWID_YGS,1989,0.32152718,2.8234105,14.930918,37.00577,11.936697
Yugoslavia,OWID_YGS,1990,0.33140892,2.8119543,17.956335,38.584026,12.573453
Yugoslavia,OWID_YGS,1991,0.29708713,2.3568914,13.903678,31.857641,9.893001
Zambia,ZMB,1961,3.8722959,0.38040185,8.9345665,0.9071121,1.2192367
Zambia,ZMB,1962,3.7478507,0.3893871,8.605454,0.8371822,1.2168347
Zambia,ZMB,1963,3.7715075,0.37909478,8.281764,0.70958775,1.2344882
Zambia,ZMB,1964,3.8545575,0.39807773,7.301328,0.8544107,1.368999
Zambia,ZMB,1965,4.2482142,0.3491683,7.5750117,0.8050268,1.464567
Zambia,ZMB,1966,4.125894,0.3680375,8.116195,1.133168,1.7917615
Zambia,ZMB,1967,4.111423,0.3772835,7.9229536,1.1125027,1.9057655
Zambia,ZMB,1968,4.2908196,0.44454437,8.813575,1.0340489,1.7975055
Zambia,ZMB,1969,4.146782,0.6572988,8.3708935,1.1212744,2.2232165
Zambia,ZMB,1970,4.0050735,0.339413,7.670734,1.1055167,2.2983108
Zambia,ZMB,1971,3.8623686,0.3316175,7.890546,0.86805755,1.9604446
Zambia,ZMB,1972,3.9833095,0.38263318,8.614152,1.2067662,2.9531434
Zambia,ZMB,1973,3.9351103,0.32546028,6.9826016,1.2426665,2.7614808
Zambia,ZMB,1974,4.1323276,0.35674772,5.9358854,1.248617,3.3395548
Zambia,ZMB,1975,3.9890368,0.2188499,5.779627,1.2335175,4.1680956
Zambia,ZMB,1976,4.08058,0.20951633,5.367609,1.1174204,4.778968
Zambia,ZMB,1977,3.8911173,0.24006893,5.221499,1.3503878,4.3612523
Zambia,ZMB,1978,3.9405136,0.22058855,5.003349,1.373665,4.060835
Zambia,ZMB,1979,3.8700068,0.23119523,4.8953075,1.186132,3.9604747
Zambia,ZMB,1980,3.8591459,0.18136978,4.836528,1.2393602,4.1312003
Zambia,ZMB,1981,3.865655,0.19176878,5.147478,1.2818229,3.1389523
Zambia,ZMB,1982,4.016306,0.23209809,5.2777085,1.3118587,3.0374575
Zambia,ZMB,1983,3.922892,0.24202932,4.689318,0.99837095,2.6623228
Zambia,ZMB,1984,3.8729718,0.22188902,4.306664,0.83712673,2.1281173
Zambia,ZMB,1985,3.8319688,0.24201907,4.6588674,0.86723506,2.359686
Zambia,ZMB,1986,3.7994225,0.2519511,4.615744,0.8767898,2.287716
Zambia,ZMB,1987,3.7573423,0.2619059,4.63372,0.8965241,2.2463467
Zambia,ZMB,1988,3.7273066,0.27199265,4.563432,0.92678976,2.377417
Zambia,ZMB,1989,3.6878624,0.27205542,4.514105,1.2393636,2.3981183
Zambia,ZMB,1990,3.6775818,0.2720403,7.0931983,1.2191435,2.4282115
Zambia,ZMB,1991,3.635485,0.28197667,7.2105465,1.1883303,2.6082842
Zambia,ZMB,1992,3.6129725,0.27172774,6.601978,1.1573589,2.7977893
Zambia,ZMB,1993,3.5808654,0.2916997,6.196104,1.1567402,3.0075245
Zambia,ZMB,1994,3.5601141,0.3017046,5.873183,1.1766479,2.8460798
Zambia,ZMB,1995,3.5320656,0.31194884,4.9509296,1.1069152,2.8477907
Zambia,ZMB,1996,3.4965687,0.31237358,4.6452975,1.1789583,3.0531995
Zambia,ZMB,1997,3.4809763,0.31278336,5.468664,1.130056,3.2489111
Zambia,ZMB,1998,3.4440145,0.38379046,5.564962,1.1513714,3.4036152
Zambia,ZMB,1999,3.3941474,0.4545733,5.8993516,1.1111792,3.434554
Zambia,ZMB,2000,3.347629,0.5142442,5.303774,1.0385717,3.4887943
Zambia,ZMB,2001,3.3920515,0.57203233,5.2687187,1.0336723,3.542586
Zambia,ZMB,2002,3.342778,0.59870654,5.5679703,0.8481676,3.5623038
Zambia,ZMB,2003,3.4320884,0.65467584,5.396116,0.8034658,3.5511203
Zambia,ZMB,2004,3.1835077,0.6800682,4.9477425,0.8279091,3.400341
Zambia,ZMB,2005,3.4158988,0.7047127,5.0504403,0.8515278,3.3375976
Zambia,ZMB,2006,2.768336,0.6799422,4.769309,1.0781941,3.0111725
Zambia,ZMB,2007,2.6889493,0.6746468,4.664701,1.4071206,2.9009812
Zambia,ZMB,2008,2.2864206,0.6505297,4.5154414,1.7889566,2.9560835
Zambia,ZMB,2009,2.3861978,0.6559667,5.0480914,1.7207242,2.9661102
Zambia,ZMB,2010,2.6799996,0.6699999,11.019999,1.6399997,3.0799994
Zambia,ZMB,2011,2.6400008,0.6600002,10.710003,1.8300005,3.0500007
Zambia,ZMB,2012,2.5699997,0.6499999,10.849999,3.3299997,3.0699997
Zambia,ZMB,2013,2.5,0.64,11.98,2.33,3.11
Zambia,ZMB,2014,2.55,0.65,11.47,2.09,3.2
Zambia,ZMB,2015,2.5499997,0.66999996,11.439998,1.6799997,3.2799995
Zambia,ZMB,2016,2.5499988,0.6399997,10.249995,1.6799991,3.4499984
Zambia,ZMB,2017,2.289999,0.6299997,11.509995,1.6799992,3.4599986
Zambia,ZMB,2018,2.2399995,0.6199999,11.5599985,1.7699996,3.2999992
Zambia,ZMB,2019,2.18,0.53,9.39,1.5400001,2.7000003
Zambia,ZMB,2020,2.1600008,0.79000026,10.460004,1.6000006,3.3100011
Zambia,ZMB,2021,2.12,0.84,9.62,1.48,3.16
Zambia,ZMB,2022,2.0800004,0.8600002,8.950002,1.2100003,4.870001
Zambia,ZMB,2023,2.0100005,0.8700002,10.080002,1.2900002,3.3800008
Zimbabwe,ZWE,1961,2.1602447,0.680625,10.89,1.3415219,0.89763594
Zimbabwe,ZWE,1962,2.0938823,0.70125306,10.242246,1.4420134,0.89878917
Zimbabwe,ZWE,1963,2.0774868,0.7320668,10.120328,1.5432758,0.8903515
Zimbabwe,ZWE,1964,2.0112019,0.85203624,7.1333265,1.5059245,0.871851
Zimbabwe,ZWE,1965,2.0233188,0.89264065,6.3079944,1.2794516,0.89264065
Zimbabwe,ZWE,1966,1.9557757,0.8637182,7.416063,1.1218408,0.9133572
Zimbabwe,ZWE,1967,1.9975933,0.92425954,4.2337055,1.699445,0.9143213
Zimbabwe,ZWE,1968,2.0389392,1.0443348,4.6646953,1.9892092,0.90509015
Zimbabwe,ZWE,1969,1.981272,1.284342,5.1572804,1.8717544,0.8960526
Zimbabwe,ZWE,1970,2.1059873,1.4172996,6.2480955,1.9462918,0.8982885
Zimbabwe,ZWE,1971,2.0439022,1.5128884,8.38601,1.5930414,0.8917024
Zimbabwe,ZWE,1972,1.9808608,1.5082697,11.93544,1.5082697,0.8848515
Zimbabwe,ZWE,1973,2.0973032,1.5225614,13.047645,1.8553066,0.97806925
Zimbabwe,ZWE,1974,2.0302973,1.4242383,7.363615,1.8080755,1.0201991
Zimbabwe,ZWE,1975,1.9626957,1.3253254,6.3028836,1.7805899,1.0015818
Zimbabwe,ZWE,1976,1.8857068,1.1658939,7.350201,1.6829425,1.0340972
Zimbabwe,ZWE,1977,1.9999576,1.1632406,7.0304627,1.6938416,1.0305903
Zimbabwe,ZWE,1978,1.9735854,1.319186,6.8867745,1.5373192,1.1218275
Zimbabwe,ZWE,1979,1.9567113,0.9201832,6.060517,1.2374877,1.1105658
Zimbabwe,ZWE,1980,1.9875408,0.54864407,8.322827,1.2215095,1.0765847
Zimbabwe,ZWE,1981,1.8680985,0.7371416,8.219634,1.2319353,1.0602721
Zimbabwe,ZWE,1982,1.8589976,0.50516236,9.022201,1.3235254,1.141667
Zimbabwe,ZWE,1983,1.842382,0.55676377,7.3897734,1.4172168,1.1843883
Zimbabwe,ZWE,1984,1.8191183,0.74187505,6.412646,1.0670805,1.0772432
Zimbabwe,ZWE,1985,1.8256863,0.7445537,6.4357996,0.92814225,1.0607339
Zimbabwe,ZWE,1986,1.8526015,0.8597709,7.6355844,0.94165385,1.0542428
Zimbabwe,ZWE,1987,1.8367231,0.9440142,6.51575,1.0876684,1.262106
Zimbabwe,ZWE,1988,1.8303181,0.94600713,6.323852,1.1002475,1.4292934
Zimbabwe,ZWE,1989,1.824223,1.0100218,6.657899,1.1440043,1.587177
Zimbabwe,ZWE,1990,1.8266958,1.0836331,7.3996663,1.1042738,1.6512505
Zimbabwe,ZWE,1991,1.8258278,1.0624874,7.241419,1.0418565,1.6607813
Zimbabwe,ZWE,1992,1.3953642,1.0465231,7.0589013,1.015743,1.5697846
Zimbabwe,ZWE,1993,1.6619923,0.9806787,4.304663,0.7122824,1.5587629
Zimbabwe,ZWE,1994,1.7974182,1.0195881,4.5303345,0.8408974,1.4925928
Zimbabwe,ZWE,1995,1.9619974,1.028723,4.634556,1.0075121,1.654441
Zimbabwe,ZWE,1996,2.0701692,1.0934739,4.8728595,0.9023814,1.8472278
Zimbabwe,ZWE,1997,2.0235882,1.0594703,5.350325,0.9429285,1.9176412
Zimbabwe,ZWE,1998,2.0674644,1.0759254,5.1053715,0.9704425,1.9514332
Zimbabwe,ZWE,1999,2.123121,1.1456445,6.506,0.99849755,1.9129112
Zimbabwe,ZWE,2000,2.1765187,1.1671188,7.0868287,1.5771874,2.0503438
Zimbabwe,ZWE,2001,2.2604635,1.1565162,8.999799,2.3235462,3.1751623
Zimbabwe,ZWE,2002,2.3111677,1.2967637,7.4877644,2.1752164,2.698105
Zimbabwe,ZWE,2003,2.4139395,1.2432307,7.6562285,2.196374,3.3049216
Zimbabwe,ZWE,2004,2.6277163,1.1598904,8.273201,2.1760774,3.7260199
Zimbabwe,ZWE,2005,2.5964851,1.1913285,8.176383,2.2095582,4.12383
Zimbabwe,ZWE,2006,2.6381538,1.1277605,8.21654,2.2051747,4.25931
Zimbabwe,ZWE,2007,2.6168416,1.1840461,8.139073,2.188993,4.467535
Zimbabwe,ZWE,2008,2.6141832,1.0949974,8.029982,2.1702652,4.7647185
Zimbabwe,ZWE,2009,2.7949655,1.0101104,7.9533935,2.481145,5.933173
Zimbabwe,ZWE,2010,2.2499998,1.8399999,48.579998,1.6399999,5.9499993
Zimbabwe,ZWE,2011,2.2899997,1.8199999,50.429996,1.9099998,6.5699997
Zimbabwe,ZWE,2012,2.2300005,1.8600004,50.50001,2.0000005,6.6700015
Zimbabwe,ZWE,2013,2.3499997,1.8699998,49.839996,1.8999997,5.0199995
Zimbabwe,ZWE,2014,2.379999,1.8799992,38.95998,1.6299993,4.5999975
Zimbabwe,ZWE,2015,2.5000002,1.7500002,43.320004,1.5500002,4.8000007
Zimbabwe,ZWE,2016,2.4799988,1.4199992,43.24998,1.5599992,5.1199975
Zimbabwe,ZWE,2017,2.4599996,1.7999995,41.23999,0.73999983,5.0699987
Zimbabwe,ZWE,2018,2.4299989,1.8199992,41.03998,0.51999974,4.389998
Zimbabwe,ZWE,2019,2.409999,1.7799991,41.19998,0.6899997,7.589997
Zimbabwe,ZWE,2020,2.3300004,1.7700003,40.49001,0.6500001,7.2800016
Zimbabwe,ZWE,2021,2.3799987,1.9699987,44.309975,0.73999953,7.4199953
Zimbabwe,ZWE,2022,2.3599997,2.2099998,44.729996,0.99999994,7.6899996
Zimbabwe,ZWE,2023,2.3299987,2.3099988,45.479977,0.99999946,6.4599967