Entity,Code,Year,Fruit supply per person
Afghanistan,AFG,1961,39.969044
Afghanistan,AFG,1962,36.93969
Afghanistan,AFG,1963,37.196663
Afghanistan,AFG,1964,46.61478
Afghanistan,AFG,1965,47.375217
Afghanistan,AFG,1966,45.014565
Afghanistan,AFG,1967,53.22154
Afghanistan,AFG,1968,54.427086
Afghanistan,AFG,1969,53.87182
Afghanistan,AFG,1970,49.800705
Afghanistan,AFG,1971,36.28592
Afghanistan,AFG,1972,44.38074
Afghanistan,AFG,1973,47.596294
Afghanistan,AFG,1974,45.31953
Afghanistan,AFG,1975,44.729027
Afghanistan,AFG,1976,40.774944
Afghanistan,AFG,1977,24.092966
Afghanistan,AFG,1978,31.67276
Afghanistan,AFG,1979,27.71669
Afghanistan,AFG,1980,32.01596
Afghanistan,AFG,1981,28.126926
Afghanistan,AFG,1982,29.816635
Afghanistan,AFG,1983,28.368109
Afghanistan,AFG,1984,29.258356
Afghanistan,AFG,1985,28.613512
Afghanistan,AFG,1986,28.450665
Afghanistan,AFG,1987,28.046524
Afghanistan,AFG,1988,32.89574
Afghanistan,AFG,1989,30.941607
Afghanistan,AFG,1990,35.254364
Afghanistan,AFG,1991,40.26111
Afghanistan,AFG,1992,34.158195
Afghanistan,AFG,1993,32.080082
Afghanistan,AFG,1994,30.645374
Afghanistan,AFG,1995,30.038485
Afghanistan,AFG,1996,28.799248
Afghanistan,AFG,1997,28.657106
Afghanistan,AFG,1998,28.339853
Afghanistan,AFG,1999,25.737753
Afghanistan,AFG,2000,25.31107
Afghanistan,AFG,2001,29.352535
Afghanistan,AFG,2002,26.681252
Afghanistan,AFG,2003,21.211395
Afghanistan,AFG,2004,22.030397
Afghanistan,AFG,2005,22.207712
Afghanistan,AFG,2006,22.420988
Afghanistan,AFG,2007,20.58305
Afghanistan,AFG,2008,18.945017
Afghanistan,AFG,2009,20.831867
Afghanistan,AFG,2010,26.170002
Afghanistan,AFG,2011,27.020002
Afghanistan,AFG,2012,33.359993
Afghanistan,AFG,2013,33.14999
Afghanistan,AFG,2014,36.18999
Afghanistan,AFG,2015,36.589996
Afghanistan,AFG,2016,33.339996
Afghanistan,AFG,2017,39.07999
Afghanistan,AFG,2018,37.36
Afghanistan,AFG,2019,38.569996
Afghanistan,AFG,2020,37.990005
Afghanistan,AFG,2021,39.22
Afghanistan,AFG,2022,38.54999
Afghanistan,AFG,2023,39.92
Africa,OWID_AFR,1961,45.36444
Africa,OWID_AFR,1962,47.30066
Africa,OWID_AFR,1963,45.98138
Africa,OWID_AFR,1964,47.970654
Africa,OWID_AFR,1965,46.64113
Africa,OWID_AFR,1966,46.999058
Africa,OWID_AFR,1967,49.39128
Africa,OWID_AFR,1968,49.232185
Africa,OWID_AFR,1969,48.89746
Africa,OWID_AFR,1970,50.67752
Africa,OWID_AFR,1971,50.53915
Africa,OWID_AFR,1972,50.744
Africa,OWID_AFR,1973,50.32839
Africa,OWID_AFR,1974,51.89255
Africa,OWID_AFR,1975,51.928135
Africa,OWID_AFR,1976,51.09051
Africa,OWID_AFR,1977,48.699146
Africa,OWID_AFR,1978,49.41331
Africa,OWID_AFR,1979,53.166523
Africa,OWID_AFR,1980,51.548294
Africa,OWID_AFR,1981,51.725277
Africa,OWID_AFR,1982,53.012737
Africa,OWID_AFR,1983,52.782383
Africa,OWID_AFR,1984,51.95328
Africa,OWID_AFR,1985,52.886208
Africa,OWID_AFR,1986,52.7947
Africa,OWID_AFR,1987,51.43654
Africa,OWID_AFR,1988,51.33906
Africa,OWID_AFR,1989,54.100628
Africa,OWID_AFR,1990,51.64354
Africa,OWID_AFR,1991,52.996933
Africa,OWID_AFR,1992,53.435196
Africa,OWID_AFR,1993,54.463207
Africa,OWID_AFR,1994,53.287487
Africa,OWID_AFR,1995,53.62225
Africa,OWID_AFR,1996,55.797447
Africa,OWID_AFR,1997,56.094154
Africa,OWID_AFR,1998,57.381393
Africa,OWID_AFR,1999,57.964066
Africa,OWID_AFR,2000,56.58181
Africa,OWID_AFR,2001,55.78329
Africa,OWID_AFR,2002,60.607918
Africa,OWID_AFR,2003,59.41357
Africa,OWID_AFR,2004,61.245705
Africa,OWID_AFR,2005,61.13961
Africa,OWID_AFR,2006,62.00833
Africa,OWID_AFR,2007,60.63699
Africa,OWID_AFR,2008,60.024044
Africa,OWID_AFR,2009,61.973854
Africa,OWID_AFR,2010,61.36361
Africa,OWID_AFR,2011,60.876377
Africa,OWID_AFR,2012,61.789066
Africa,OWID_AFR,2013,62.855896
Africa,OWID_AFR,2014,63.530735
Africa,OWID_AFR,2015,63.4422
Africa,OWID_AFR,2016,60.660057
Africa,OWID_AFR,2017,61.120182
Africa,OWID_AFR,2018,62.555317
Africa,OWID_AFR,2019,64.04698
Africa,OWID_AFR,2020,65.15751
Africa,OWID_AFR,2021,67.709915
Africa,OWID_AFR,2022,68.09003
Africa,OWID_AFR,2023,69.25368
Africa (FAO),,1961,45.32
Africa (FAO),,1962,47.21
Africa (FAO),,1963,45.87
Africa (FAO),,1964,47.82
Africa (FAO),,1965,46.47
Africa (FAO),,1966,46.81
Africa (FAO),,1967,49.18
Africa (FAO),,1968,49.02
Africa (FAO),,1969,48.69
Africa (FAO),,1970,50.47
Africa (FAO),,1971,50.33
Africa (FAO),,1972,50.54
Africa (FAO),,1973,50.16
Africa (FAO),,1974,51.77
Africa (FAO),,1975,51.9
Africa (FAO),,1976,51.19
Africa (FAO),,1977,48.9
Africa (FAO),,1978,49.69
Africa (FAO),,1979,53.51
Africa (FAO),,1980,51.93
Africa (FAO),,1981,52.21
Africa (FAO),,1982,53.59
Africa (FAO),,1983,53.39
Africa (FAO),,1984,52.54
Africa (FAO),,1985,53.45
Africa (FAO),,1986,53.36
Africa (FAO),,1987,52.02
Africa (FAO),,1988,51.96
Africa (FAO),,1989,54.82
Africa (FAO),,1990,52.4
Africa (FAO),,1991,53.87
Africa (FAO),,1992,54.38
Africa (FAO),,1993,55.72
Africa (FAO),,1994,54.46
Africa (FAO),,1995,54.74
Africa (FAO),,1996,57.03
Africa (FAO),,1997,57.41
Africa (FAO),,1998,58.77
Africa (FAO),,1999,59.39
Africa (FAO),,2000,58.02
Africa (FAO),,2001,57.26
Africa (FAO),,2002,62.29
Africa (FAO),,2003,61.16
Africa (FAO),,2004,63.14
Africa (FAO),,2005,63.12
Africa (FAO),,2006,64.09
Africa (FAO),,2007,62.75
Africa (FAO),,2008,62.19
Africa (FAO),,2009,64.27
Africa (FAO),,2010,61.66
Africa (FAO),,2011,61.12
Africa (FAO),,2012,61.75
Africa (FAO),,2013,62.81
Africa (FAO),,2014,63.5
Africa (FAO),,2015,63.41
Africa (FAO),,2016,60.62
Africa (FAO),,2017,61.07
Africa (FAO),,2018,62.51
Africa (FAO),,2019,64
Africa (FAO),,2020,64.91
Africa (FAO),,2021,67.64
Africa (FAO),,2022,67.83
Africa (FAO),,2023,66.53
Albania,ALB,1961,56.137627
Albania,ALB,1962,49.152622
Albania,ALB,1963,31.538685
Albania,ALB,1964,40.774837
Albania,ALB,1965,38.542145
Albania,ALB,1966,49.126583
Albania,ALB,1967,40.614094
Albania,ALB,1968,45.629684
Albania,ALB,1969,45.613678
Albania,ALB,1970,43.560078
Albania,ALB,1971,39.313667
Albania,ALB,1972,39.360897
Albania,ALB,1973,42.119576
Albania,ALB,1974,40.84101
Albania,ALB,1975,44.113594
Albania,ALB,1976,46.886433
Albania,ALB,1977,43.366234
Albania,ALB,1978,46.006813
Albania,ALB,1979,42.683914
Albania,ALB,1980,40.96365
Albania,ALB,1981,40.554417
Albania,ALB,1982,50.24985
Albania,ALB,1983,47.896584
Albania,ALB,1984,40.931545
Albania,ALB,1985,40.399296
Albania,ALB,1986,39.498653
Albania,ALB,1987,37.592476
Albania,ALB,1988,37.01563
Albania,ALB,1989,42.941925
Albania,ALB,1990,33.60808
Albania,ALB,1991,27.773952
Albania,ALB,1992,20.5612
Albania,ALB,1993,36.3505
Albania,ALB,1994,39.859653
Albania,ALB,1995,41.550262
Albania,ALB,1996,47.392117
Albania,ALB,1997,42.606155
Albania,ALB,1998,49.748623
Albania,ALB,1999,59.979187
Albania,ALB,2000,73.62313
Albania,ALB,2001,87.24551
Albania,ALB,2002,90.96015
Albania,ALB,2003,95.577774
Albania,ALB,2004,97.92278
Albania,ALB,2005,106.89849
Albania,ALB,2006,115.512985
Albania,ALB,2007,124.45579
Albania,ALB,2008,125.48116
Albania,ALB,2009,133.60555
Albania,ALB,2010,143.40947
Albania,ALB,2011,150.30005
Albania,ALB,2012,156.01984
Albania,ALB,2013,160.12996
Albania,ALB,2014,160.3701
Albania,ALB,2015,167.46976
Albania,ALB,2016,183.59013
Albania,ALB,2017,175.11969
Albania,ALB,2018,175.08006
Albania,ALB,2019,186.87994
Albania,ALB,2020,190.8
Albania,ALB,2021,192.85992
Albania,ALB,2022,200.51973
Albania,ALB,2023,185.68
Algeria,DZA,1961,31.475203
Algeria,DZA,1962,27.63319
Algeria,DZA,1963,27.843037
Algeria,DZA,1964,38.157093
Algeria,DZA,1965,33.06875
Algeria,DZA,1966,31.75978
Algeria,DZA,1967,35.964428
Algeria,DZA,1968,35.90716
Algeria,DZA,1969,37.77437
Algeria,DZA,1970,42.409077
Algeria,DZA,1971,44.537106
Algeria,DZA,1972,45.480984
Algeria,DZA,1973,43.726185
Algeria,DZA,1974,48.7349
Algeria,DZA,1975,50.36692
Algeria,DZA,1976,46.259945
Algeria,DZA,1977,40.901283
Algeria,DZA,1978,36.123856
Algeria,DZA,1979,43.6404
Algeria,DZA,1980,43.20527
Algeria,DZA,1981,40.92823
Algeria,DZA,1982,41.079723
Algeria,DZA,1983,35.53217
Algeria,DZA,1984,41.192898
Algeria,DZA,1985,45.032646
Algeria,DZA,1986,44.427654
Algeria,DZA,1987,37.19108
Algeria,DZA,1988,37.900536
Algeria,DZA,1989,37.702446
Algeria,DZA,1990,34.47541
Algeria,DZA,1991,38.062325
Algeria,DZA,1992,40.544697
Algeria,DZA,1993,38.62854
Algeria,DZA,1994,35.993732
Algeria,DZA,1995,36.954975
Algeria,DZA,1996,40.255173
Algeria,DZA,1997,36.059906
Algeria,DZA,1998,39.388798
Algeria,DZA,1999,44.777706
Algeria,DZA,2000,42.00955
Algeria,DZA,2001,48.5053
Algeria,DZA,2002,58.54779
Algeria,DZA,2003,63.36826
Algeria,DZA,2004,63.654102
Algeria,DZA,2005,70.50835
Algeria,DZA,2006,77.17596
Algeria,DZA,2007,68.56298
Algeria,DZA,2008,78.20784
Algeria,DZA,2009,89.76206
Algeria,DZA,2010,87.85
Algeria,DZA,2011,99.49001
Algeria,DZA,2012,102.710014
Algeria,DZA,2013,109.44998
Algeria,DZA,2014,106.99999
Algeria,DZA,2015,111.21001
Algeria,DZA,2016,104.5
Algeria,DZA,2017,103.03
Algeria,DZA,2018,100.05002
Algeria,DZA,2019,105.39
Algeria,DZA,2020,104.09999
Algeria,DZA,2021,99.950005
Algeria,DZA,2022,100.42
Algeria,DZA,2023,107.13999
Americas (FAO),,1961,78.29
Americas (FAO),,1962,79.99
Americas (FAO),,1963,77.31
Americas (FAO),,1964,78.24
Americas (FAO),,1965,82.05
Americas (FAO),,1966,84.87
Americas (FAO),,1967,87.33
Americas (FAO),,1968,84.39
Americas (FAO),,1969,91.66
Americas (FAO),,1970,91.02
Americas (FAO),,1971,93.59
Americas (FAO),,1972,91.54
Americas (FAO),,1973,91.51
Americas (FAO),,1974,93.83
Americas (FAO),,1975,94.71
Americas (FAO),,1976,95.46
Americas (FAO),,1977,97.53
Americas (FAO),,1978,95.24
Americas (FAO),,1979,96.57
Americas (FAO),,1980,101.27
Americas (FAO),,1981,96
Americas (FAO),,1982,96.36
Americas (FAO),,1983,97.11
Americas (FAO),,1984,95.29
Americas (FAO),,1985,102.3
Americas (FAO),,1986,98.89
Americas (FAO),,1987,105.37
Americas (FAO),,1988,103.9
Americas (FAO),,1989,104.59
Americas (FAO),,1990,98.3
Americas (FAO),,1991,96.73
Americas (FAO),,1992,100.81
Americas (FAO),,1993,99.75
Americas (FAO),,1994,101.71
Americas (FAO),,1995,104.03
Americas (FAO),,1996,105.26
Americas (FAO),,1997,113.01
Americas (FAO),,1998,105.26
Americas (FAO),,1999,108.57
Americas (FAO),,2000,113.66
Americas (FAO),,2001,105.55
Americas (FAO),,2002,107.98
Americas (FAO),,2003,106.29
Americas (FAO),,2004,107.75
Americas (FAO),,2005,103.71
Americas (FAO),,2006,106.39
Americas (FAO),,2007,106.42
Americas (FAO),,2008,108.77
Americas (FAO),,2009,107.63
Americas (FAO),,2010,114.68
Americas (FAO),,2011,118.91
Americas (FAO),,2012,115.81
Americas (FAO),,2013,115.17
Americas (FAO),,2014,112.03
Americas (FAO),,2015,113.12
Americas (FAO),,2016,115.54
Americas (FAO),,2017,120.33
Americas (FAO),,2018,125.82
Americas (FAO),,2019,126.09
Americas (FAO),,2020,125.35
Americas (FAO),,2021,131.5
Americas (FAO),,2022,136.3
Americas (FAO),,2023,132.73
Angola,AGO,1961,46.30065
Angola,AGO,1962,47.67846
Angola,AGO,1963,49.838
Angola,AGO,1964,50.4175
Angola,AGO,1965,51.14196
Angola,AGO,1966,50.324757
Angola,AGO,1967,50.69327
Angola,AGO,1968,49.426323
Angola,AGO,1969,53.934254
Angola,AGO,1970,57.84388
Angola,AGO,1971,55.046772
Angola,AGO,1972,44.54851
Angola,AGO,1973,48.111355
Angola,AGO,1974,51.078472
Angola,AGO,1975,42.75007
Angola,AGO,1976,47.198452
Angola,AGO,1977,43.73862
Angola,AGO,1978,43.72936
Angola,AGO,1979,42.56175
Angola,AGO,1980,45.52793
Angola,AGO,1981,42.968433
Angola,AGO,1982,41.419533
Angola,AGO,1983,40.669437
Angola,AGO,1984,38.454502
Angola,AGO,1985,36.073868
Angola,AGO,1986,35.962227
Angola,AGO,1987,35.83828
Angola,AGO,1988,34.6317
Angola,AGO,1989,32.687817
Angola,AGO,1990,30.70061
Angola,AGO,1991,31.09904
Angola,AGO,1992,30.554745
Angola,AGO,1993,28.990448
Angola,AGO,1994,28.564804
Angola,AGO,1995,28.486969
Angola,AGO,1996,28.355572
Angola,AGO,1997,27.221542
Angola,AGO,1998,27.10907
Angola,AGO,1999,23.853237
Angola,AGO,2000,24.281881
Angola,AGO,2001,26.30103
Angola,AGO,2002,32.08046
Angola,AGO,2003,38.458572
Angola,AGO,2004,42.20065
Angola,AGO,2005,47.86237
Angola,AGO,2006,50.334465
Angola,AGO,2007,53.560368
Angola,AGO,2008,54.93694
Angola,AGO,2009,67.46743
Angola,AGO,2010,50.780018
Angola,AGO,2011,57.90998
Angola,AGO,2012,56.409985
Angola,AGO,2013,65.89001
Angola,AGO,2014,75.880005
Angola,AGO,2015,75.52
Angola,AGO,2016,74.44999
Angola,AGO,2017,76.15001
Angola,AGO,2018,76.21998
Angola,AGO,2019,69.13999
Angola,AGO,2020,69.20998
Angola,AGO,2021,78.01001
Angola,AGO,2022,79.71001
Angola,AGO,2023,82.42
Antigua and Barbuda,ATG,1961,104.5461
Antigua and Barbuda,ATG,1962,107.24277
Antigua and Barbuda,ATG,1963,102.715065
Antigua and Barbuda,ATG,1964,108.70551
Antigua and Barbuda,ATG,1965,105.86293
Antigua and Barbuda,ATG,1966,130.66064
Antigua and Barbuda,ATG,1967,124.32675
Antigua and Barbuda,ATG,1968,130.15709
Antigua and Barbuda,ATG,1969,124.978065
Antigua and Barbuda,ATG,1970,138.23917
Antigua and Barbuda,ATG,1971,126.98071
Antigua and Barbuda,ATG,1972,117.24559
Antigua and Barbuda,ATG,1973,106.29688
Antigua and Barbuda,ATG,1974,110.42326
Antigua and Barbuda,ATG,1975,118.20205
Antigua and Barbuda,ATG,1976,115.23071
Antigua and Barbuda,ATG,1977,108.97436
Antigua and Barbuda,ATG,1978,119.12216
Antigua and Barbuda,ATG,1979,127.04404
Antigua and Barbuda,ATG,1980,153.77415
Antigua and Barbuda,ATG,1981,147.24826
Antigua and Barbuda,ATG,1982,147.01445
Antigua and Barbuda,ATG,1983,137.92216
Antigua and Barbuda,ATG,1984,161.88647
Antigua and Barbuda,ATG,1985,156.52602
Antigua and Barbuda,ATG,1986,159.35574
Antigua and Barbuda,ATG,1987,165.0347
Antigua and Barbuda,ATG,1988,175.07864
Antigua and Barbuda,ATG,1989,140.07893
Antigua and Barbuda,ATG,1990,144.87993
Antigua and Barbuda,ATG,1991,141.33488
Antigua and Barbuda,ATG,1992,177.63062
Antigua and Barbuda,ATG,1993,203.96413
Antigua and Barbuda,ATG,1994,186.04877
Antigua and Barbuda,ATG,1995,149.68773
Antigua and Barbuda,ATG,1996,166.96492
Antigua and Barbuda,ATG,1997,141.88066
Antigua and Barbuda,ATG,1998,125.89093
Antigua and Barbuda,ATG,1999,161.54938
Antigua and Barbuda,ATG,2000,171.66891
Antigua and Barbuda,ATG,2001,160.2283
Antigua and Barbuda,ATG,2002,153.82419
Antigua and Barbuda,ATG,2003,157.79694
Antigua and Barbuda,ATG,2004,162.77313
Antigua and Barbuda,ATG,2005,198.91106
Antigua and Barbuda,ATG,2006,193.1097
Antigua and Barbuda,ATG,2007,232.50183
Antigua and Barbuda,ATG,2008,197.77573
Antigua and Barbuda,ATG,2009,198.43954
Antigua and Barbuda,ATG,2010,181.01393
Antigua and Barbuda,ATG,2011,179.29846
Antigua and Barbuda,ATG,2012,308.367
Antigua and Barbuda,ATG,2013,215.81569
Antigua and Barbuda,ATG,2014,192.7196
Antigua and Barbuda,ATG,2015,200.87529
Antigua and Barbuda,ATG,2016,202.60748
Antigua and Barbuda,ATG,2017,201.1511
Antigua and Barbuda,ATG,2018,201.95334
Antigua and Barbuda,ATG,2019,198.56306
Antigua and Barbuda,ATG,2020,184.16193
Antigua and Barbuda,ATG,2021,216.40125
Antigua and Barbuda,ATG,2022,235.87457
Antigua and Barbuda,ATG,2023,241.7015
Argentina,ARG,1961,77.89491
Argentina,ARG,1962,73.194626
Argentina,ARG,1963,70.43148
Argentina,ARG,1964,73.47078
Argentina,ARG,1965,69.43487
Argentina,ARG,1966,74.74558
Argentina,ARG,1967,78.56609
Argentina,ARG,1968,78.9719
Argentina,ARG,1969,92.13692
Argentina,ARG,1970,99.025734
Argentina,ARG,1971,101.33312
Argentina,ARG,1972,92.8507
Argentina,ARG,1973,85.080215
Argentina,ARG,1974,114.43837
Argentina,ARG,1975,101.13998
Argentina,ARG,1976,88.28241
Argentina,ARG,1977,94.41072
Argentina,ARG,1978,80.59495
Argentina,ARG,1979,91.456154
Argentina,ARG,1980,101.079666
Argentina,ARG,1981,92.31823
Argentina,ARG,1982,81.22137
Argentina,ARG,1983,83.41374
Argentina,ARG,1984,78.632904
Argentina,ARG,1985,83.02972
Argentina,ARG,1986,75.021065
Argentina,ARG,1987,82.61282
Argentina,ARG,1988,76.36737
Argentina,ARG,1989,62.46397
Argentina,ARG,1990,62.608784
Argentina,ARG,1991,82.76142
Argentina,ARG,1992,87.71851
Argentina,ARG,1993,90.23328
Argentina,ARG,1994,98.85361
Argentina,ARG,1995,93.76201
Argentina,ARG,1996,89.70457
Argentina,ARG,1997,104.86552
Argentina,ARG,1998,99.46319
Argentina,ARG,1999,96.87797
Argentina,ARG,2000,108.58494
Argentina,ARG,2001,115.60877
Argentina,ARG,2002,84.478935
Argentina,ARG,2003,83.145226
Argentina,ARG,2004,83.564255
Argentina,ARG,2005,75.942345
Argentina,ARG,2006,76.61589
Argentina,ARG,2007,64.7805
Argentina,ARG,2008,73.94564
Argentina,ARG,2009,73.59235
Argentina,ARG,2010,70.38999
Argentina,ARG,2011,87.420006
Argentina,ARG,2012,83.82
Argentina,ARG,2013,76.09001
Argentina,ARG,2014,86.12
Argentina,ARG,2015,88
Argentina,ARG,2016,75.62999
Argentina,ARG,2017,78.07999
Argentina,ARG,2018,80.490005
Argentina,ARG,2019,78.83
Argentina,ARG,2020,64.89
Argentina,ARG,2021,88.66
Argentina,ARG,2022,77.979996
Argentina,ARG,2023,74.10999
Armenia,ARM,1992,59.123726
Armenia,ARM,1993,36.07781
Armenia,ARM,1994,53.154415
Armenia,ARM,1995,63.15259
Armenia,ARM,1996,65.57477
Armenia,ARM,1997,50.091354
Armenia,ARM,1998,50.851635
Armenia,ARM,1999,40.207672
Armenia,ARM,2000,47.51339
Armenia,ARM,2001,48.22624
Armenia,ARM,2002,43.008106
Armenia,ARM,2003,40.240555
Armenia,ARM,2004,46.973648
Armenia,ARM,2005,100.73868
Armenia,ARM,2006,97.1586
Armenia,ARM,2007,91.34359
Armenia,ARM,2008,112.57299
Armenia,ARM,2009,120.37179
Armenia,ARM,2010,89.15991
Armenia,ARM,2011,92.45003
Armenia,ARM,2012,131.62004
Armenia,ARM,2013,116.649765
Armenia,ARM,2014,127.54943
Armenia,ARM,2015,123.58004
Armenia,ARM,2016,98.9198
Armenia,ARM,2017,112.63976
Armenia,ARM,2018,99.88962
Armenia,ARM,2019,96.42983
Armenia,ARM,2020,94.6099
Armenia,ARM,2021,104.5904
Armenia,ARM,2022,115.759605
Armenia,ARM,2023,112.20969
Asia,OWID_ASI,1961,21.478947
Asia,OWID_ASI,1962,21.390177
Asia,OWID_ASI,1963,21.178545
Asia,OWID_ASI,1964,21.591684
Asia,OWID_ASI,1965,22.41481
Asia,OWID_ASI,1966,22.706219
Asia,OWID_ASI,1967,23.306875
Asia,OWID_ASI,1968,23.583439
Asia,OWID_ASI,1969,22.7956
Asia,OWID_ASI,1970,23.031214
Asia,OWID_ASI,1971,22.932335
Asia,OWID_ASI,1972,23.336771
Asia,OWID_ASI,1973,23.753841
Asia,OWID_ASI,1974,24.09263
Asia,OWID_ASI,1975,24.319809
Asia,OWID_ASI,1976,24.520641
Asia,OWID_ASI,1977,25.241169
Asia,OWID_ASI,1978,25.704027
Asia,OWID_ASI,1979,27.13754
Asia,OWID_ASI,1980,27.440239
Asia,OWID_ASI,1981,27.405235
Asia,OWID_ASI,1982,27.660444
Asia,OWID_ASI,1983,28.395172
Asia,OWID_ASI,1984,28.856564
Asia,OWID_ASI,1985,29.257414
Asia,OWID_ASI,1986,30.823027
Asia,OWID_ASI,1987,31.33539
Asia,OWID_ASI,1988,30.441034
Asia,OWID_ASI,1989,31.139631
Asia,OWID_ASI,1990,31.553156
Asia,OWID_ASI,1991,32.272163
Asia,OWID_ASI,1992,34.160248
Asia,OWID_ASI,1993,36.76729
Asia,OWID_ASI,1994,38.73127
Asia,OWID_ASI,1995,40.772404
Asia,OWID_ASI,1996,41.929726
Asia,OWID_ASI,1997,43.39708
Asia,OWID_ASI,1998,43.4477
Asia,OWID_ASI,1999,45.83369
Asia,OWID_ASI,2000,45.59221
Asia,OWID_ASI,2001,46.91635
Asia,OWID_ASI,2002,47.714138
Asia,OWID_ASI,2003,49.525303
Asia,OWID_ASI,2004,51.79959
Asia,OWID_ASI,2005,54.417225
Asia,OWID_ASI,2006,56.480896
Asia,OWID_ASI,2007,58.806515
Asia,OWID_ASI,2008,61.098713
Asia,OWID_ASI,2009,62.358418
Asia,OWID_ASI,2010,63.622776
Asia,OWID_ASI,2011,64.96774
Asia,OWID_ASI,2012,67.28629
Asia,OWID_ASI,2013,68.73415
Asia,OWID_ASI,2014,70.62684
Asia,OWID_ASI,2015,71.623474
Asia,OWID_ASI,2016,71.0139
Asia,OWID_ASI,2017,72.44316
Asia,OWID_ASI,2018,73.368126
Asia,OWID_ASI,2019,75.22025
Asia,OWID_ASI,2020,76.58464
Asia,OWID_ASI,2021,77.98237
Asia,OWID_ASI,2022,79.83629
Asia,OWID_ASI,2023,82.416145
Asia (FAO),,1961,21.38
Asia (FAO),,1962,21.3
Asia (FAO),,1963,21.19
Asia (FAO),,1964,21.73
Asia (FAO),,1965,22.61
Asia (FAO),,1966,22.92
Asia (FAO),,1967,23.5
Asia (FAO),,1968,23.77
Asia (FAO),,1969,22.97
Asia (FAO),,1970,23.2
Asia (FAO),,1971,23.08
Asia (FAO),,1972,23.45
Asia (FAO),,1973,23.85
Asia (FAO),,1974,24.18
Asia (FAO),,1975,24.39
Asia (FAO),,1976,24.57
Asia (FAO),,1977,25.27
Asia (FAO),,1978,25.72
Asia (FAO),,1979,27.15
Asia (FAO),,1980,27.46
Asia (FAO),,1981,27.44
Asia (FAO),,1982,27.71
Asia (FAO),,1983,28.45
Asia (FAO),,1984,28.91
Asia (FAO),,1985,29.3
Asia (FAO),,1986,30.81
Asia (FAO),,1987,31.32
Asia (FAO),,1988,30.41
Asia (FAO),,1989,31.1
Asia (FAO),,1990,31.53
Asia (FAO),,1991,32.25
Asia (FAO),,1992,34.17
Asia (FAO),,1993,36.79
Asia (FAO),,1994,38.77
Asia (FAO),,1995,40.84
Asia (FAO),,1996,42.04
Asia (FAO),,1997,43.57
Asia (FAO),,1998,43.7
Asia (FAO),,1999,46.16
Asia (FAO),,2000,45.98
Asia (FAO),,2001,47.38
Asia (FAO),,2002,48.23
Asia (FAO),,2003,50.09
Asia (FAO),,2004,52.44
Asia (FAO),,2005,55.13
Asia (FAO),,2006,57.27
Asia (FAO),,2007,59.68
Asia (FAO),,2008,62.05
Asia (FAO),,2009,63.4
Asia (FAO),,2010,63.66
Asia (FAO),,2011,65
Asia (FAO),,2012,67.32
Asia (FAO),,2013,68.78
Asia (FAO),,2014,70.67
Asia (FAO),,2015,71.66
Asia (FAO),,2016,71.04
Asia (FAO),,2017,72.47
Asia (FAO),,2018,73.41
Asia (FAO),,2019,75.17
Asia (FAO),,2020,76.53
Asia (FAO),,2021,77.91
Asia (FAO),,2022,79.77
Asia (FAO),,2023,81.24
Australia,AUS,1961,77.65974
Australia,AUS,1962,77.1129
Australia,AUS,1963,83.105354
Australia,AUS,1964,79.69495
Australia,AUS,1965,83.197
Australia,AUS,1966,77.46875
Australia,AUS,1967,83.84859
Australia,AUS,1968,84.034676
Australia,AUS,1969,88.05215
Australia,AUS,1970,90.63623
Australia,AUS,1971,94.35804
Australia,AUS,1972,89.88753
Australia,AUS,1973,86.773285
Australia,AUS,1974,77.601105
Australia,AUS,1975,90.0036
Australia,AUS,1976,86.13051
Australia,AUS,1977,81.48868
Australia,AUS,1978,76.550125
Australia,AUS,1979,84.12401
Australia,AUS,1980,89.47881
Australia,AUS,1981,83.38338
Australia,AUS,1982,79.53815
Australia,AUS,1983,82.67704
Australia,AUS,1984,86.00368
Australia,AUS,1985,92.9965
Australia,AUS,1986,88.874664
Australia,AUS,1987,89.53558
Australia,AUS,1988,85.378586
Australia,AUS,1989,89.8421
Australia,AUS,1990,90.25531
Australia,AUS,1991,83.22015
Australia,AUS,1992,87.63857
Australia,AUS,1993,94.671196
Australia,AUS,1994,90.68926
Australia,AUS,1995,84.81412
Australia,AUS,1996,82.201035
Australia,AUS,1997,90.55337
Australia,AUS,1998,87.01189
Australia,AUS,1999,88.36346
Australia,AUS,2000,91.56154
Australia,AUS,2001,97.14601
Australia,AUS,2002,95.89194
Australia,AUS,2003,103.66385
Australia,AUS,2004,101.9741
Australia,AUS,2005,109.266075
Australia,AUS,2006,102.08757
Australia,AUS,2007,106.663216
Australia,AUS,2008,102.93496
Australia,AUS,2009,99.871056
Australia,AUS,2010,102.069984
Australia,AUS,2011,96.23
Australia,AUS,2012,95.34997
Australia,AUS,2013,90.81999
Australia,AUS,2014,86.01
Australia,AUS,2015,87.46001
Australia,AUS,2016,92.92999
Australia,AUS,2017,85.249985
Australia,AUS,2018,79.17004
Australia,AUS,2019,73.899994
Australia,AUS,2020,80.850006
Australia,AUS,2021,80.770004
Australia,AUS,2022,77.989975
Australia,AUS,2023,86.07998
Austria,AUT,1961,134.1101
Austria,AUT,1962,119.68791
Austria,AUT,1963,126.7003
Austria,AUT,1964,127.06893
Austria,AUT,1965,101.70364
Austria,AUT,1966,118.41306
Austria,AUT,1967,112.50502
Austria,AUT,1968,113.94036
Austria,AUT,1969,113.95409
Austria,AUT,1970,114.67729
Austria,AUT,1971,109.458954
Austria,AUT,1972,99.126366
Austria,AUT,1973,120.63599
Austria,AUT,1974,106.624664
Austria,AUT,1975,115.08181
Austria,AUT,1976,120.77311
Austria,AUT,1977,112.160866
Austria,AUT,1978,113.230125
Austria,AUT,1979,125.03473
Austria,AUT,1980,122.46687
Austria,AUT,1981,102.49176
Austria,AUT,1982,130.96707
Austria,AUT,1983,123.49827
Austria,AUT,1984,124.9838
Austria,AUT,1985,115.50823
Austria,AUT,1986,133.58722
Austria,AUT,1987,122.75208
Austria,AUT,1988,140.96126
Austria,AUT,1989,148.73651
Austria,AUT,1990,138.50615
Austria,AUT,1991,139.77663
Austria,AUT,1992,145.44722
Austria,AUT,1993,164.51823
Austria,AUT,1994,152.92697
Austria,AUT,1995,120.5435
Austria,AUT,1996,99.970184
Austria,AUT,1997,120.1124
Austria,AUT,1998,91.94053
Austria,AUT,1999,113.069176
Austria,AUT,2000,127.38231
Austria,AUT,2001,129.8992
Austria,AUT,2002,120.464226
Austria,AUT,2003,140.6651
Austria,AUT,2004,141.45674
Austria,AUT,2005,143.89108
Austria,AUT,2006,144.24371
Austria,AUT,2007,149.95354
Austria,AUT,2008,157.08307
Austria,AUT,2009,130.9311
Austria,AUT,2010,102.71004
Austria,AUT,2011,112.96997
Austria,AUT,2012,130.93001
Austria,AUT,2013,118.969986
Austria,AUT,2014,122.940125
Austria,AUT,2015,118.340034
Austria,AUT,2016,105.15
Austria,AUT,2017,110.500015
Austria,AUT,2018,126.45996
Austria,AUT,2019,111.48005
Austria,AUT,2020,113.740105
Austria,AUT,2021,110.73009
Austria,AUT,2022,132.73003
Austria,AUT,2023,117.22995
Azerbaijan,AZE,1992,88.76873
Azerbaijan,AZE,1993,75.245285
Azerbaijan,AZE,1994,79.50478
Azerbaijan,AZE,1995,82.700386
Azerbaijan,AZE,1996,72.68457
Azerbaijan,AZE,1997,44.979263
Azerbaijan,AZE,1998,58.981148
Azerbaijan,AZE,1999,61.42949
Azerbaijan,AZE,2000,57.74608
Azerbaijan,AZE,2001,59.110477
Azerbaijan,AZE,2002,55.271996
Azerbaijan,AZE,2003,52.249428
Azerbaijan,AZE,2004,41.05935
Azerbaijan,AZE,2005,56.54385
Azerbaijan,AZE,2006,61.351612
Azerbaijan,AZE,2007,53.762524
Azerbaijan,AZE,2008,55.31726
Azerbaijan,AZE,2009,63.016876
Azerbaijan,AZE,2010,69.08998
Azerbaijan,AZE,2011,73.16995
Azerbaijan,AZE,2012,80.04001
Azerbaijan,AZE,2013,77.599945
Azerbaijan,AZE,2014,70.10002
Azerbaijan,AZE,2015,67.44993
Azerbaijan,AZE,2016,78.03997
Azerbaijan,AZE,2017,63.64
Azerbaijan,AZE,2018,82.30998
Azerbaijan,AZE,2019,86.25998
Azerbaijan,AZE,2020,93.349945
Azerbaijan,AZE,2021,91.84998
Azerbaijan,AZE,2022,93.92993
Azerbaijan,AZE,2023,91.32001
Bahamas,BHS,1961,69.0973
Bahamas,BHS,1962,68.048195
Bahamas,BHS,1963,70.74827
Bahamas,BHS,1964,70.19147
Bahamas,BHS,1965,72.9761
Bahamas,BHS,1966,77.51337
Bahamas,BHS,1967,76.99074
Bahamas,BHS,1968,82.209785
Bahamas,BHS,1969,84.3159
Bahamas,BHS,1970,85.096085
Bahamas,BHS,1971,89.98601
Bahamas,BHS,1972,86.5124
Bahamas,BHS,1973,82.901245
Bahamas,BHS,1974,82.24044
Bahamas,BHS,1975,80.08528
Bahamas,BHS,1976,82.79899
Bahamas,BHS,1977,79.81786
Bahamas,BHS,1978,81.32538
Bahamas,BHS,1979,79.67648
Bahamas,BHS,1980,96.48981
Bahamas,BHS,1981,94.8313
Bahamas,BHS,1982,108.49873
Bahamas,BHS,1983,105.108734
Bahamas,BHS,1984,105.86992
Bahamas,BHS,1985,101.87365
Bahamas,BHS,1986,115.01458
Bahamas,BHS,1987,148.84442
Bahamas,BHS,1988,133.37387
Bahamas,BHS,1989,127.9017
Bahamas,BHS,1990,112.287704
Bahamas,BHS,1991,101.38044
Bahamas,BHS,1992,108.34873
Bahamas,BHS,1993,102.223785
Bahamas,BHS,1994,93.954994
Bahamas,BHS,1995,102.25859
Bahamas,BHS,1996,101.74748
Bahamas,BHS,1997,185.81699
Bahamas,BHS,1998,200.87292
Bahamas,BHS,1999,244.77856
Bahamas,BHS,2000,275.52344
Bahamas,BHS,2001,248.24324
Bahamas,BHS,2002,230.456
Bahamas,BHS,2003,201.628
Bahamas,BHS,2004,308.43558
Bahamas,BHS,2005,294.30676
Bahamas,BHS,2006,229.14307
Bahamas,BHS,2007,198.90305
Bahamas,BHS,2008,225.3872
Bahamas,BHS,2009,221.69518
Bahamas,BHS,2010,243.66869
Bahamas,BHS,2011,250.14462
Bahamas,BHS,2012,310.88672
Bahamas,BHS,2013,274.70493
Bahamas,BHS,2014,237.51254
Bahamas,BHS,2015,234.13696
Bahamas,BHS,2016,190.12
Bahamas,BHS,2017,222.60657
Bahamas,BHS,2018,235.7012
Bahamas,BHS,2019,198.15298
Bahamas,BHS,2020,179.60364
Bahamas,BHS,2021,205.82428
Bahamas,BHS,2022,308.02844
Bahamas,BHS,2023,309.8607
Bahrain,BHR,2019,123.38959
Bahrain,BHR,2020,123.29992
Bahrain,BHR,2021,129.05983
Bahrain,BHR,2022,138.96
Bahrain,BHR,2023,125.13969
Bangladesh,BGD,1961,20.081348
Bangladesh,BGD,1962,20.806076
Bangladesh,BGD,1963,20.264387
Bangladesh,BGD,1964,21.598883
Bangladesh,BGD,1965,21.255733
Bangladesh,BGD,1966,22.762085
Bangladesh,BGD,1967,23.585848
Bangladesh,BGD,1968,24.217861
Bangladesh,BGD,1969,21.793211
Bangladesh,BGD,1970,18.35865
Bangladesh,BGD,1971,18.004812
Bangladesh,BGD,1972,16.846357
Bangladesh,BGD,1973,16.292387
Bangladesh,BGD,1974,15.309512
Bangladesh,BGD,1975,14.8791685
Bangladesh,BGD,1976,14.732456
Bangladesh,BGD,1977,14.375694
Bangladesh,BGD,1978,13.725853
Bangladesh,BGD,1979,13.240597
Bangladesh,BGD,1980,13.515898
Bangladesh,BGD,1981,13.629358
Bangladesh,BGD,1982,13.291612
Bangladesh,BGD,1983,12.687679
Bangladesh,BGD,1984,12.21989
Bangladesh,BGD,1985,12.113547
Bangladesh,BGD,1986,12.446736
Bangladesh,BGD,1987,11.837615
Bangladesh,BGD,1988,11.002425
Bangladesh,BGD,1989,11.125739
Bangladesh,BGD,1990,11.081658
Bangladesh,BGD,1991,10.685578
Bangladesh,BGD,1992,10.743526
Bangladesh,BGD,1993,10.572389
Bangladesh,BGD,1994,10.591603
Bangladesh,BGD,1995,10.891907
Bangladesh,BGD,1996,10.636134
Bangladesh,BGD,1997,10.78551
Bangladesh,BGD,1998,10.454231
Bangladesh,BGD,1999,9.857607
Bangladesh,BGD,2000,9.937756
Bangladesh,BGD,2001,10.409616
Bangladesh,BGD,2002,10.275426
Bangladesh,BGD,2003,11.137221
Bangladesh,BGD,2004,13.125006
Bangladesh,BGD,2005,19.25732
Bangladesh,BGD,2006,20.363949
Bangladesh,BGD,2007,22.573824
Bangladesh,BGD,2008,23.194208
Bangladesh,BGD,2009,23.821592
Bangladesh,BGD,2010,23.880001
Bangladesh,BGD,2011,23.4
Bangladesh,BGD,2012,22.979998
Bangladesh,BGD,2013,23.550001
Bangladesh,BGD,2014,24.090002
Bangladesh,BGD,2015,26.520002
Bangladesh,BGD,2016,27.04
Bangladesh,BGD,2017,28.400002
Bangladesh,BGD,2018,27.469997
Bangladesh,BGD,2019,28.689999
Bangladesh,BGD,2020,30.669998
Bangladesh,BGD,2021,34.679996
Bangladesh,BGD,2022,31.180002
Bangladesh,BGD,2023,30.35
Barbados,BRB,1961,38.368984
Barbados,BRB,1962,37.96566
Barbados,BRB,1963,37.439445
Barbados,BRB,1964,39.443844
Barbados,BRB,1965,37.79644
Barbados,BRB,1966,46.870575
Barbados,BRB,1967,51.077827
Barbados,BRB,1968,51.51842
Barbados,BRB,1969,45.129425
Barbados,BRB,1970,59.29049
Barbados,BRB,1971,55.50753
Barbados,BRB,1972,62.888622
Barbados,BRB,1973,44.080334
Barbados,BRB,1974,41.92403
Barbados,BRB,1975,49.310078
Barbados,BRB,1976,51.972805
Barbados,BRB,1977,47.911896
Barbados,BRB,1978,57.64118
Barbados,BRB,1979,53.976765
Barbados,BRB,1980,63.375298
Barbados,BRB,1981,68.19965
Barbados,BRB,1982,62.914127
Barbados,BRB,1983,55.094273
Barbados,BRB,1984,59.069393
Barbados,BRB,1985,76.37941
Barbados,BRB,1986,74.60371
Barbados,BRB,1987,84.2356
Barbados,BRB,1988,91.91533
Barbados,BRB,1989,75.90675
Barbados,BRB,1990,69.251495
Barbados,BRB,1991,90.61539
Barbados,BRB,1992,69.82476
Barbados,BRB,1993,74.92568
Barbados,BRB,1994,79.183334
Barbados,BRB,1995,82.730095
Barbados,BRB,1996,75.40844
Barbados,BRB,1997,88.74907
Barbados,BRB,1998,80.73172
Barbados,BRB,1999,102.8755
Barbados,BRB,2000,87.566536
Barbados,BRB,2001,102.24541
Barbados,BRB,2002,119.07781
Barbados,BRB,2003,120.71113
Barbados,BRB,2004,95.297745
Barbados,BRB,2005,118.188805
Barbados,BRB,2006,118.825714
Barbados,BRB,2007,127.5225
Barbados,BRB,2008,131.6203
Barbados,BRB,2009,123.87923
Barbados,BRB,2010,116.50534
Barbados,BRB,2011,114.71585
Barbados,BRB,2012,105.296585
Barbados,BRB,2013,102.63037
Barbados,BRB,2014,96.628265
Barbados,BRB,2015,103.076675
Barbados,BRB,2016,115.45835
Barbados,BRB,2017,113.42717
Barbados,BRB,2018,125.92596
Barbados,BRB,2019,112.5076
Barbados,BRB,2020,93.878
Barbados,BRB,2021,109.69727
Barbados,BRB,2022,123.26826
Barbados,BRB,2023,103.15745
Belarus,BLR,1992,38.5381
Belarus,BLR,1993,45.050575
Belarus,BLR,1994,39.840267
Belarus,BLR,1995,41.585445
Belarus,BLR,1996,40.01838
Belarus,BLR,1997,38.804768
Belarus,BLR,1998,19.940834
Belarus,BLR,1999,25.049463
Belarus,BLR,2000,26.212923
Belarus,BLR,2001,34.33746
Belarus,BLR,2002,54.357178
Belarus,BLR,2003,51.289482
Belarus,BLR,2004,52.618317
Belarus,BLR,2005,53.414345
Belarus,BLR,2006,67.1635
Belarus,BLR,2007,67.002846
Belarus,BLR,2008,67.38788
Belarus,BLR,2009,66.710724
Belarus,BLR,2010,72.209984
Belarus,BLR,2011,56.660015
Belarus,BLR,2012,67.55004
Belarus,BLR,2013,73.30997
Belarus,BLR,2014,71.52004
Belarus,BLR,2015,73.69001
Belarus,BLR,2016,78.85995
Belarus,BLR,2017,74.54998
Belarus,BLR,2018,78.149994
Belarus,BLR,2019,75.130035
Belarus,BLR,2020,83.559975
Belarus,BLR,2021,86.80993
Belarus,BLR,2022,64.09
Belarus,BLR,2023,62.400005
Belgium,BEL,2000,72.9056
Belgium,BEL,2001,70.335556
Belgium,BEL,2002,70.85129
Belgium,BEL,2003,74.452644
Belgium,BEL,2004,86.87393
Belgium,BEL,2005,70.12431
Belgium,BEL,2006,87.51695
Belgium,BEL,2007,84.515625
Belgium,BEL,2008,90.88392
Belgium,BEL,2009,78.42425
Belgium,BEL,2010,65.43007
Belgium,BEL,2011,50.890026
Belgium,BEL,2012,53.89999
Belgium,BEL,2013,64.05002
Belgium,BEL,2014,161.02011
Belgium,BEL,2015,126.88998
Belgium,BEL,2016,130.75992
Belgium,BEL,2017,98.99998
Belgium,BEL,2018,133.5899
Belgium,BEL,2019,108.42997
Belgium,BEL,2020,99.90007
Belgium,BEL,2021,119.03997
Belgium,BEL,2022,95.07005
Belgium,BEL,2023,79.59999
Belgium-Luxembourg (FAO),,1961,58.31
Belgium-Luxembourg (FAO),,1962,58.01
Belgium-Luxembourg (FAO),,1963,55.34
Belgium-Luxembourg (FAO),,1964,61.37
Belgium-Luxembourg (FAO),,1965,62.77
Belgium-Luxembourg (FAO),,1966,68.88
Belgium-Luxembourg (FAO),,1967,73.26
Belgium-Luxembourg (FAO),,1968,68.36
Belgium-Luxembourg (FAO),,1969,78.49
Belgium-Luxembourg (FAO),,1970,81.83
Belgium-Luxembourg (FAO),,1971,82.34
Belgium-Luxembourg (FAO),,1972,79.35
Belgium-Luxembourg (FAO),,1973,75.3
Belgium-Luxembourg (FAO),,1974,68.33
Belgium-Luxembourg (FAO),,1975,68.85
Belgium-Luxembourg (FAO),,1976,72.75
Belgium-Luxembourg (FAO),,1977,62.71
Belgium-Luxembourg (FAO),,1978,78.55
Belgium-Luxembourg (FAO),,1979,81.26
Belgium-Luxembourg (FAO),,1980,84.38
Belgium-Luxembourg (FAO),,1981,72.43
Belgium-Luxembourg (FAO),,1982,81.3
Belgium-Luxembourg (FAO),,1983,90.39
Belgium-Luxembourg (FAO),,1984,87.26
Belgium-Luxembourg (FAO),,1985,72.97
Belgium-Luxembourg (FAO),,1986,86.49
Belgium-Luxembourg (FAO),,1987,91.19
Belgium-Luxembourg (FAO),,1988,111.92
Belgium-Luxembourg (FAO),,1989,112.83
Belgium-Luxembourg (FAO),,1990,122.93
Belgium-Luxembourg (FAO),,1991,137.1
Belgium-Luxembourg (FAO),,1992,164.82
Belgium-Luxembourg (FAO),,1993,106.38
Belgium-Luxembourg (FAO),,1994,132.79
Belgium-Luxembourg (FAO),,1995,114.65
Belgium-Luxembourg (FAO),,1996,141.15
Belgium-Luxembourg (FAO),,1997,113.32
Belgium-Luxembourg (FAO),,1998,115.52
Belgium-Luxembourg (FAO),,1999,114.94
Belize,BLZ,1961,91.71722
Belize,BLZ,1962,136.72496
Belize,BLZ,1963,130.83118
Belize,BLZ,1964,126.28317
Belize,BLZ,1965,123.40628
Belize,BLZ,1966,84.18723
Belize,BLZ,1967,78.98456
Belize,BLZ,1968,62.786865
Belize,BLZ,1969,62.558365
Belize,BLZ,1970,50.802177
Belize,BLZ,1971,98.97614
Belize,BLZ,1972,102.465355
Belize,BLZ,1973,129.57022
Belize,BLZ,1974,105.5766
Belize,BLZ,1975,145.32771
Belize,BLZ,1976,79.671265
Belize,BLZ,1977,70.35282
Belize,BLZ,1978,84.43948
Belize,BLZ,1979,64.92092
Belize,BLZ,1980,179.42429
Belize,BLZ,1981,212.49849
Belize,BLZ,1982,208.83116
Belize,BLZ,1983,54.92086
Belize,BLZ,1984,131.86055
Belize,BLZ,1985,133.70267
Belize,BLZ,1986,154.41911
Belize,BLZ,1987,232.97958
Belize,BLZ,1988,207.72562
Belize,BLZ,1989,216.82236
Belize,BLZ,1990,273.39014
Belize,BLZ,1991,235.05367
Belize,BLZ,1992,308.1591
Belize,BLZ,1993,278.0204
Belize,BLZ,1994,224.75557
Belize,BLZ,1995,253.91757
Belize,BLZ,1996,226.55426
Belize,BLZ,1997,231.04337
Belize,BLZ,1998,229.31044
Belize,BLZ,1999,246.30826
Belize,BLZ,2000,241.07529
Belize,BLZ,2001,264.0038
Belize,BLZ,2002,240.57324
Belize,BLZ,2003,243.95149
Belize,BLZ,2004,215.1153
Belize,BLZ,2005,246.43124
Belize,BLZ,2006,238.57883
Belize,BLZ,2007,257.8971
Belize,BLZ,2008,278.12704
Belize,BLZ,2009,230.37714
Belize,BLZ,2010,157.28705
Belize,BLZ,2011,131.47758
Belize,BLZ,2012,137.25548
Belize,BLZ,2013,117.26828
Belize,BLZ,2014,68.52725
Belize,BLZ,2015,81.77747
Belize,BLZ,2016,59.84721
Belize,BLZ,2017,61.76752
Belize,BLZ,2018,106.55944
Belize,BLZ,2019,53.54958
Belize,BLZ,2020,51.60881
Belize,BLZ,2021,50.65936
Belize,BLZ,2022,50.86861
Belize,BLZ,2023,60.929703
Benin,BEN,1961,41.626286
Benin,BEN,1962,40.6297
Benin,BEN,1963,39.78064
Benin,BEN,1964,38.856873
Benin,BEN,1965,37.610416
Benin,BEN,1966,36.552322
Benin,BEN,1967,36.319508
Benin,BEN,1968,36.023758
Benin,BEN,1969,36.206734
Benin,BEN,1970,35.85355
Benin,BEN,1971,35.202084
Benin,BEN,1972,34.885197
Benin,BEN,1973,34.590286
Benin,BEN,1974,34.62874
Benin,BEN,1975,34.435036
Benin,BEN,1976,34.121223
Benin,BEN,1977,34.071827
Benin,BEN,1978,33.673225
Benin,BEN,1979,33.17109
Benin,BEN,1980,32.848858
Benin,BEN,1981,32.358646
Benin,BEN,1982,32.391132
Benin,BEN,1983,32.12192
Benin,BEN,1984,32.246674
Benin,BEN,1985,31.117947
Benin,BEN,1986,30.390131
Benin,BEN,1987,29.718664
Benin,BEN,1988,30.43578
Benin,BEN,1989,31.792065
Benin,BEN,1990,30.953941
Benin,BEN,1991,30.354263
Benin,BEN,1992,29.772224
Benin,BEN,1993,28.990208
Benin,BEN,1994,28.467455
Benin,BEN,1995,28.455437
Benin,BEN,1996,34.310783
Benin,BEN,1997,28.986652
Benin,BEN,1998,22.753632
Benin,BEN,1999,29.191706
Benin,BEN,2000,21.198362
Benin,BEN,2001,22.607382
Benin,BEN,2002,25.92931
Benin,BEN,2003,28.637032
Benin,BEN,2004,27.908358
Benin,BEN,2005,29.266703
Benin,BEN,2006,24.43864
Benin,BEN,2007,30.41722
Benin,BEN,2008,30.705784
Benin,BEN,2009,39.249874
Benin,BEN,2010,43.49033
Benin,BEN,2011,41.580032
Benin,BEN,2012,57.073845
Benin,BEN,2013,59.702824
Benin,BEN,2014,42.343845
Benin,BEN,2015,36.82856
Benin,BEN,2016,40.85178
Benin,BEN,2017,46.070126
Benin,BEN,2018,43.912075
Benin,BEN,2019,37.39254
Benin,BEN,2020,36.661674
Benin,BEN,2021,39.484604
Benin,BEN,2022,42.641403
Bermuda,BMU,1961,130.95334
Bermuda,BMU,1962,124.32741
Bermuda,BMU,1963,138.45532
Bermuda,BMU,1964,140.45401
Bermuda,BMU,1965,140.84766
Bermuda,BMU,1966,127.90386
Bermuda,BMU,1967,135.64146
Bermuda,BMU,1968,150.54735
Bermuda,BMU,1969,138.37463
Bermuda,BMU,1970,152.50887
Bermuda,BMU,1971,140.67113
Bermuda,BMU,1972,170.74377
Bermuda,BMU,1973,172.12016
Bermuda,BMU,1974,147.17561
Bermuda,BMU,1975,145.35335
Bermuda,BMU,1976,130.73245
Bermuda,BMU,1977,117.184044
Bermuda,BMU,1978,118.13717
Bermuda,BMU,1979,120.884605
Bermuda,BMU,1980,118.908615
Bermuda,BMU,1981,118.914474
Bermuda,BMU,1982,124.45145
Bermuda,BMU,1983,133.20665
Bermuda,BMU,1984,135.60855
Bermuda,BMU,1985,142.18971
Bermuda,BMU,1986,138.29037
Bermuda,BMU,1987,131.44888
Bermuda,BMU,1988,133.01372
Bermuda,BMU,1989,137.41098
Bermuda,BMU,1990,160.78424
Bermuda,BMU,1991,143.01031
Bermuda,BMU,1992,198.03185
Bermuda,BMU,1993,202.2516
Bermuda,BMU,1994,219.30084
Bermuda,BMU,1995,258.91885
Bermuda,BMU,1996,242.78394
Bermuda,BMU,1997,206.23749
Bermuda,BMU,1998,206.31235
Bermuda,BMU,1999,200.0602
Bermuda,BMU,2000,185.42172
Bermuda,BMU,2001,139.77943
Bermuda,BMU,2002,114.7546
Bermuda,BMU,2003,98.13573
Bermuda,BMU,2004,98.123245
Bermuda,BMU,2005,90.78145
Bermuda,BMU,2006,96.58802
Bermuda,BMU,2007,93.96796
Bermuda,BMU,2008,93.05659
Bermuda,BMU,2009,98.89993
Bhutan,BTN,2019,25.22967
Bhutan,BTN,2020,39.839844
Bhutan,BTN,2021,31.389595
Bhutan,BTN,2022,35.4695
Bhutan,BTN,2023,30.869766
Bolivia,BOL,1961,59.83772
Bolivia,BOL,1962,64.748314
Bolivia,BOL,1963,69.25326
Bolivia,BOL,1964,72.96612
Bolivia,BOL,1965,75.48913
Bolivia,BOL,1966,77.78257
Bolivia,BOL,1967,80.77311
Bolivia,BOL,1968,82.33578
Bolivia,BOL,1969,79.96916
Bolivia,BOL,1970,83.01688
Bolivia,BOL,1971,87.490486
Bolivia,BOL,1972,88.42345
Bolivia,BOL,1973,89.529594
Bolivia,BOL,1974,93.153015
Bolivia,BOL,1975,94.74673
Bolivia,BOL,1976,87.05074
Bolivia,BOL,1977,84.25674
Bolivia,BOL,1978,74.63201
Bolivia,BOL,1979,76.7948
Bolivia,BOL,1980,80.73677
Bolivia,BOL,1981,79.596664
Bolivia,BOL,1982,75.99275
Bolivia,BOL,1983,71.43457
Bolivia,BOL,1984,67.040886
Bolivia,BOL,1985,75.79269
Bolivia,BOL,1986,81.13545
Bolivia,BOL,1987,91.17849
Bolivia,BOL,1988,93.17346
Bolivia,BOL,1989,92.177086
Bolivia,BOL,1990,88.52033
Bolivia,BOL,1991,88.60261
Bolivia,BOL,1992,86.49787
Bolivia,BOL,1993,86.158905
Bolivia,BOL,1994,83.88079
Bolivia,BOL,1995,88.76356
Bolivia,BOL,1996,88.68072
Bolivia,BOL,1997,93.02748
Bolivia,BOL,1998,91.79951
Bolivia,BOL,1999,93.137665
Bolivia,BOL,2000,96.238754
Bolivia,BOL,2001,97.0426
Bolivia,BOL,2002,94.94417
Bolivia,BOL,2003,85.07202
Bolivia,BOL,2004,71.16377
Bolivia,BOL,2005,69.5372
Bolivia,BOL,2006,65.37782
Bolivia,BOL,2007,64.90319
Bolivia,BOL,2008,64.359665
Bolivia,BOL,2009,69.96701
Bolivia,BOL,2010,70.35996
Bolivia,BOL,2011,68.51999
Bolivia,BOL,2012,70.03997
Bolivia,BOL,2013,68.409996
Bolivia,BOL,2014,87.840004
Bolivia,BOL,2015,88.57995
Bolivia,BOL,2016,90.27
Bolivia,BOL,2017,90.78999
Bolivia,BOL,2018,92.93
Bolivia,BOL,2019,92.29003
Bolivia,BOL,2020,89.829994
Bolivia,BOL,2021,88.24994
Bolivia,BOL,2022,87.01996
Bolivia,BOL,2023,85.149994
Bosnia and Herzegovina,BIH,1992,22.345835
Bosnia and Herzegovina,BIH,1993,24.981781
Bosnia and Herzegovina,BIH,1994,23.572159
Bosnia and Herzegovina,BIH,1995,26.75174
Bosnia and Herzegovina,BIH,1996,28.686834
Bosnia and Herzegovina,BIH,1997,34.346004
Bosnia and Herzegovina,BIH,1998,29.604471
Bosnia and Herzegovina,BIH,1999,22.374039
Bosnia and Herzegovina,BIH,2000,27.281796
Bosnia and Herzegovina,BIH,2001,28.455957
Bosnia and Herzegovina,BIH,2002,27.885365
Bosnia and Herzegovina,BIH,2003,53.127403
Bosnia and Herzegovina,BIH,2004,98.41896
Bosnia and Herzegovina,BIH,2005,95.07508
Bosnia and Herzegovina,BIH,2006,82.96891
Bosnia and Herzegovina,BIH,2007,83.65728
Bosnia and Herzegovina,BIH,2008,85.38606
Bosnia and Herzegovina,BIH,2009,96.03208
Bosnia and Herzegovina,BIH,2010,94.64975
Bosnia and Herzegovina,BIH,2011,95.96003
Bosnia and Herzegovina,BIH,2012,84.16003
Bosnia and Herzegovina,BIH,2013,116.8301
Bosnia and Herzegovina,BIH,2014,76.61998
Bosnia and Herzegovina,BIH,2015,90.95998
Bosnia and Herzegovina,BIH,2016,104.67009
Bosnia and Herzegovina,BIH,2017,89.149895
Bosnia and Herzegovina,BIH,2018,120.48004
Bosnia and Herzegovina,BIH,2019,107.71994
Bosnia and Herzegovina,BIH,2020,128.25992
Bosnia and Herzegovina,BIH,2021,114.689926
Bosnia and Herzegovina,BIH,2022,177.9999
Bosnia and Herzegovina,BIH,2023,196.59988
Botswana,BWA,1961,11.7988
Botswana,BWA,1962,11.698683
Botswana,BWA,1963,11.912828
Botswana,BWA,1964,12.085852
Botswana,BWA,1965,12.206867
Botswana,BWA,1966,12.612689
Botswana,BWA,1967,12.697378
Botswana,BWA,1968,12.786477
Botswana,BWA,1969,13.361069
Botswana,BWA,1970,13.769891
Botswana,BWA,1971,14.284514
Botswana,BWA,1972,14.219429
Botswana,BWA,1973,13.842525
Botswana,BWA,1974,13.697646
Botswana,BWA,1975,14.794576
Botswana,BWA,1976,14.011146
Botswana,BWA,1977,14.220228
Botswana,BWA,1978,14.100791
Botswana,BWA,1979,15.335436
Botswana,BWA,1980,16.170382
Botswana,BWA,1981,16.522629
Botswana,BWA,1982,15.821894
Botswana,BWA,1983,16.077496
Botswana,BWA,1984,16.190668
Botswana,BWA,1985,15.135246
Botswana,BWA,1986,14.3317
Botswana,BWA,1987,14.513368
Botswana,BWA,1988,17.728565
Botswana,BWA,1989,26.346622
Botswana,BWA,1990,35.48775
Botswana,BWA,1991,41.34492
Botswana,BWA,1992,43.55601
Botswana,BWA,1993,51.09149
Botswana,BWA,1994,37.174477
Botswana,BWA,1995,34.59943
Botswana,BWA,1996,34.90193
Botswana,BWA,1997,40.94794
Botswana,BWA,1998,44.045116
Botswana,BWA,1999,63.85208
Botswana,BWA,2000,68.091385
Botswana,BWA,2001,48.46263
Botswana,BWA,2002,66.25253
Botswana,BWA,2003,46.275475
Botswana,BWA,2004,39.457752
Botswana,BWA,2005,40.06131
Botswana,BWA,2006,43.421795
Botswana,BWA,2007,50.21965
Botswana,BWA,2008,56.63227
Botswana,BWA,2009,46.792988
Botswana,BWA,2010,29.47
Botswana,BWA,2011,25.6399
Botswana,BWA,2012,36.970055
Botswana,BWA,2013,30.2999
Botswana,BWA,2014,29.799822
Botswana,BWA,2015,30.509918
Botswana,BWA,2016,35.909935
Botswana,BWA,2017,27.790012
Botswana,BWA,2018,28.299887
Botswana,BWA,2019,35.82997
Botswana,BWA,2020,41.379913
Botswana,BWA,2021,46.869843
Botswana,BWA,2022,44.44991
Botswana,BWA,2023,46.63996
Brazil,BRA,1961,70.90171
Brazil,BRA,1962,74.61711
Brazil,BRA,1963,78.46166
Brazil,BRA,1964,77.47917
Brazil,BRA,1965,79.92176
Brazil,BRA,1966,79.94713
Brazil,BRA,1967,84.62577
Brazil,BRA,1968,86.8845
Brazil,BRA,1969,92.42512
Brazil,BRA,1970,94.231316
Brazil,BRA,1971,90.34214
Brazil,BRA,1972,99.47738
Brazil,BRA,1973,79.33265
Brazil,BRA,1974,90.51669
Brazil,BRA,1975,84.921165
Brazil,BRA,1976,95.07019
Brazil,BRA,1977,92.120705
Brazil,BRA,1978,82.39727
Brazil,BRA,1979,87.69052
Brazil,BRA,1980,94.66411
Brazil,BRA,1981,73.694016
Brazil,BRA,1982,88.256516
Brazil,BRA,1983,81.44574
Brazil,BRA,1984,63.39519
Brazil,BRA,1985,110.64458
Brazil,BRA,1986,76.64856
Brazil,BRA,1987,90.52338
Brazil,BRA,1988,103.28806
Brazil,BRA,1989,112.691345
Brazil,BRA,1990,90.394905
Brazil,BRA,1991,101.78749
Brazil,BRA,1992,102.39388
Brazil,BRA,1993,82.53376
Brazil,BRA,1994,77.99218
Brazil,BRA,1995,107.91393
Brazil,BRA,1996,107.27363
Brazil,BRA,1997,122.743645
Brazil,BRA,1998,105.42431
Brazil,BRA,1999,118.911964
Brazil,BRA,2000,109.75613
Brazil,BRA,2001,84.95008
Brazil,BRA,2002,111.825096
Brazil,BRA,2003,99.40822
Brazil,BRA,2004,105.27368
Brazil,BRA,2005,100.16234
Brazil,BRA,2006,110.23774
Brazil,BRA,2007,110.12738
Brazil,BRA,2008,115.3715
Brazil,BRA,2009,117.97031
Brazil,BRA,2010,133.39
Brazil,BRA,2011,143.75
Brazil,BRA,2012,112.16
Brazil,BRA,2013,102.62
Brazil,BRA,2014,102.67
Brazil,BRA,2015,101.67
Brazil,BRA,2016,89.24
Brazil,BRA,2017,94.91001
Brazil,BRA,2018,101.32
Brazil,BRA,2019,99.64
Brazil,BRA,2020,102.83
Brazil,BRA,2021,102.01
Brazil,BRA,2022,103.1
Brazil,BRA,2023,106.77
Brunei,BRN,1961,31.749613
Brunei,BRN,1962,33.41844
Brunei,BRN,1963,43.863754
Brunei,BRN,1964,33.35863
Brunei,BRN,1965,44.34753
Brunei,BRN,1966,48.79584
Brunei,BRN,1967,48.136753
Brunei,BRN,1968,45.428833
Brunei,BRN,1969,47.145203
Brunei,BRN,1970,53.64206
Brunei,BRN,1971,58.016254
Brunei,BRN,1972,58.94822
Brunei,BRN,1973,57.179146
Brunei,BRN,1974,60.048992
Brunei,BRN,1975,62.67635
Brunei,BRN,1976,63.035427
Brunei,BRN,1977,55.10252
Brunei,BRN,1978,71.82422
Brunei,BRN,1979,68.23743
Brunei,BRN,1980,80.57178
Brunei,BRN,1981,88.97421
Brunei,BRN,1982,84.24389
Brunei,BRN,1983,76.5253
Brunei,BRN,1984,74.24253
Brunei,BRN,1985,71.89277
Brunei,BRN,1986,73.24643
Brunei,BRN,1987,69.55601
Brunei,BRN,1988,78.459
Brunei,BRN,1989,70.85501
Brunei,BRN,1990,72.1654
Brunei,BRN,1991,70.03032
Brunei,BRN,1992,87.97604
Brunei,BRN,1993,80.85263
Brunei,BRN,1994,100.47596
Brunei,BRN,1995,75.30828
Brunei,BRN,1996,94.83638
Brunei,BRN,1997,91.14512
Brunei,BRN,1998,103.92877
Brunei,BRN,1999,79.975075
Brunei,BRN,2000,72.99486
Brunei,BRN,2001,93.00933
Brunei,BRN,2002,99.03648
Brunei,BRN,2003,101.711815
Brunei,BRN,2004,91.34424
Brunei,BRN,2005,97.67743
Brunei,BRN,2006,90.92467
Brunei,BRN,2007,88.397285
Brunei,BRN,2008,92.10122
Brunei,BRN,2009,95.22362
Bulgaria,BGR,1961,79.51685
Bulgaria,BGR,1962,91.15071
Bulgaria,BGR,1963,103.70061
Bulgaria,BGR,1964,100.80147
Bulgaria,BGR,1965,115.4945
Bulgaria,BGR,1966,121.33987
Bulgaria,BGR,1967,117.622406
Bulgaria,BGR,1968,139.68576
Bulgaria,BGR,1969,137.16307
Bulgaria,BGR,1970,132.78531
Bulgaria,BGR,1971,121.785416
Bulgaria,BGR,1972,102.84442
Bulgaria,BGR,1973,103.82062
Bulgaria,BGR,1974,93.62658
Bulgaria,BGR,1975,98.61356
Bulgaria,BGR,1976,101.48815
Bulgaria,BGR,1977,85.11775
Bulgaria,BGR,1978,85.94201
Bulgaria,BGR,1979,79.595116
Bulgaria,BGR,1980,80.5096
Bulgaria,BGR,1981,84.68045
Bulgaria,BGR,1982,82.259315
Bulgaria,BGR,1983,85.21407
Bulgaria,BGR,1984,87.49337
Bulgaria,BGR,1985,79.67018
Bulgaria,BGR,1986,86.027824
Bulgaria,BGR,1987,77.3714
Bulgaria,BGR,1988,74.98903
Bulgaria,BGR,1989,79.06999
Bulgaria,BGR,1990,81.57736
Bulgaria,BGR,1991,69.00826
Bulgaria,BGR,1992,72.47484
Bulgaria,BGR,1993,55.242077
Bulgaria,BGR,1994,54.30537
Bulgaria,BGR,1995,67.30342
Bulgaria,BGR,1996,61.029034
Bulgaria,BGR,1997,54.665993
Bulgaria,BGR,1998,46.099216
Bulgaria,BGR,1999,49.431026
Bulgaria,BGR,2000,51.583103
Bulgaria,BGR,2001,50.76187
Bulgaria,BGR,2002,44.345364
Bulgaria,BGR,2003,37.9026
Bulgaria,BGR,2004,41.366337
Bulgaria,BGR,2005,32.698727
Bulgaria,BGR,2006,33.513977
Bulgaria,BGR,2007,49.543465
Bulgaria,BGR,2008,34.166176
Bulgaria,BGR,2009,36.255417
Bulgaria,BGR,2010,41.660034
Bulgaria,BGR,2011,53.029976
Bulgaria,BGR,2012,53.769924
Bulgaria,BGR,2013,68.98995
Bulgaria,BGR,2014,48.6
Bulgaria,BGR,2015,57.30004
Bulgaria,BGR,2016,53.849953
Bulgaria,BGR,2017,56.619984
Bulgaria,BGR,2018,65.80005
Bulgaria,BGR,2019,67.93004
Bulgaria,BGR,2020,66.60994
Bulgaria,BGR,2021,76.190094
Bulgaria,BGR,2022,71.95998
Bulgaria,BGR,2023,74.42995
Burkina Faso,BFA,1961,5.6641283
Burkina Faso,BFA,1962,5.67615
Burkina Faso,BFA,1963,5.960759
Burkina Faso,BFA,1964,5.671097
Burkina Faso,BFA,1965,5.7044334
Burkina Faso,BFA,1966,5.950447
Burkina Faso,BFA,1967,6.139132
Burkina Faso,BFA,1968,6.418137
Burkina Faso,BFA,1969,6.6277695
Burkina Faso,BFA,1970,6.8579135
Burkina Faso,BFA,1971,7.118655
Burkina Faso,BFA,1972,6.8107677
Burkina Faso,BFA,1973,6.3694134
Burkina Faso,BFA,1974,5.7343307
Burkina Faso,BFA,1975,5.957186
Burkina Faso,BFA,1976,6.1235213
Burkina Faso,BFA,1977,6.410209
Burkina Faso,BFA,1978,6.7876554
Burkina Faso,BFA,1979,7.4770093
Burkina Faso,BFA,1980,7.4240966
Burkina Faso,BFA,1981,7.5423408
Burkina Faso,BFA,1982,7.567381
Burkina Faso,BFA,1983,7.728764
Burkina Faso,BFA,1984,7.276881
Burkina Faso,BFA,1985,7.245059
Burkina Faso,BFA,1986,7.189982
Burkina Faso,BFA,1987,7.0359006
Burkina Faso,BFA,1988,6.9733996
Burkina Faso,BFA,1989,6.7803826
Burkina Faso,BFA,1990,6.7433887
Burkina Faso,BFA,1991,6.723947
Burkina Faso,BFA,1992,6.6908646
Burkina Faso,BFA,1993,6.7249103
Burkina Faso,BFA,1994,6.710286
Burkina Faso,BFA,1995,6.770884
Burkina Faso,BFA,1996,6.989352
Burkina Faso,BFA,1997,7.344597
Burkina Faso,BFA,1998,7.347343
Burkina Faso,BFA,1999,7.875517
Burkina Faso,BFA,2000,7.602039
Burkina Faso,BFA,2001,6.8013034
Burkina Faso,BFA,2002,6.8554044
Burkina Faso,BFA,2003,5.3993545
Burkina Faso,BFA,2004,5.792659
Burkina Faso,BFA,2005,6.040423
Burkina Faso,BFA,2006,4.7600017
Burkina Faso,BFA,2007,5.303425
Burkina Faso,BFA,2008,5.3036213
Burkina Faso,BFA,2009,5.4480133
Burkina Faso,BFA,2010,5.729999
Burkina Faso,BFA,2011,5.560001
Burkina Faso,BFA,2012,5.6400013
Burkina Faso,BFA,2013,5.6699996
Burkina Faso,BFA,2014,5.2899985
Burkina Faso,BFA,2015,5.2100005
Burkina Faso,BFA,2016,5.3400016
Burkina Faso,BFA,2017,4.8499994
Burkina Faso,BFA,2018,4.61
Burkina Faso,BFA,2019,63.02998
Burkina Faso,BFA,2020,54.919994
Burkina Faso,BFA,2021,56.349976
Burkina Faso,BFA,2022,59.180004
Burkina Faso,BFA,2023,59.850006
Burundi,BDI,2010,150.34439
Burundi,BDI,2011,149.03654
Burundi,BDI,2012,119.13856
Burundi,BDI,2013,156.4436
Burundi,BDI,2014,109.67396
Burundi,BDI,2015,81.59274
Burundi,BDI,2016,84.7668
Burundi,BDI,2017,76.986496
Burundi,BDI,2018,103.882195
Burundi,BDI,2019,74.4543
Burundi,BDI,2020,77.900444
Burundi,BDI,2021,76.175674
Burundi,BDI,2022,73.77029
Cambodia,KHM,1961,42.535362
Cambodia,KHM,1962,33.727707
Cambodia,KHM,1963,43.708138
Cambodia,KHM,1964,46.530617
Cambodia,KHM,1965,40.5108
Cambodia,KHM,1966,39.705326
Cambodia,KHM,1967,38.723133
Cambodia,KHM,1968,33.563858
Cambodia,KHM,1969,33.163765
Cambodia,KHM,1970,35.272945
Cambodia,KHM,1971,24.969057
Cambodia,KHM,1972,23.439735
Cambodia,KHM,1973,24.581614
Cambodia,KHM,1974,25.07738
Cambodia,KHM,1975,24.155787
Cambodia,KHM,1976,26.526356
Cambodia,KHM,1977,28.939684
Cambodia,KHM,1978,26.39245
Cambodia,KHM,1979,21.344723
Cambodia,KHM,1980,21.798044
Cambodia,KHM,1981,23.595695
Cambodia,KHM,1982,25.504154
Cambodia,KHM,1983,27.585321
Cambodia,KHM,1984,27.788733
Cambodia,KHM,1985,29.287046
Cambodia,KHM,1986,30.340698
Cambodia,KHM,1987,30.521362
Cambodia,KHM,1988,30.42315
Cambodia,KHM,1989,30.099974
Cambodia,KHM,1990,29.953571
Cambodia,KHM,1991,29.90231
Cambodia,KHM,1992,28.519804
Cambodia,KHM,1993,27.939743
Cambodia,KHM,1994,27.003061
Cambodia,KHM,1995,25.873117
Cambodia,KHM,1996,26.368837
Cambodia,KHM,1997,25.803783
Cambodia,KHM,1998,25.10813
Cambodia,KHM,1999,24.825386
Cambodia,KHM,2000,24.480635
Cambodia,KHM,2001,24.269093
Cambodia,KHM,2002,25.180237
Cambodia,KHM,2003,23.93354
Cambodia,KHM,2004,23.766954
Cambodia,KHM,2005,25.809217
Cambodia,KHM,2006,27.191431
Cambodia,KHM,2007,26.884655
Cambodia,KHM,2008,28.261976
Cambodia,KHM,2009,27.888117
Cambodia,KHM,2010,23.98
Cambodia,KHM,2011,23.089989
Cambodia,KHM,2012,23.06
Cambodia,KHM,2013,22.96
Cambodia,KHM,2014,23.209997
Cambodia,KHM,2015,23.389996
Cambodia,KHM,2016,22.729996
Cambodia,KHM,2017,23.309994
Cambodia,KHM,2018,18.219997
Cambodia,KHM,2019,17.429996
Cambodia,KHM,2020,15.199987
Cambodia,KHM,2021,14.470001
Cambodia,KHM,2022,14.51
Cambodia,KHM,2023,17.719995
Cameroon,CMR,1961,72.85675
Cameroon,CMR,1962,88.50015
Cameroon,CMR,1963,90.35546
Cameroon,CMR,1964,119.49047
Cameroon,CMR,1965,74.893456
Cameroon,CMR,1966,90.621124
Cameroon,CMR,1967,107.413414
Cameroon,CMR,1968,108.66232
Cameroon,CMR,1969,88.56762
Cameroon,CMR,1970,97.390015
Cameroon,CMR,1971,102.256355
Cameroon,CMR,1972,104.96304
Cameroon,CMR,1973,111.32355
Cameroon,CMR,1974,125.580444
Cameroon,CMR,1975,113.047905
Cameroon,CMR,1976,105.72877
Cameroon,CMR,1977,115.27144
Cameroon,CMR,1978,139.22185
Cameroon,CMR,1979,136.48457
Cameroon,CMR,1980,138.8664
Cameroon,CMR,1981,141.36958
Cameroon,CMR,1982,142.75041
Cameroon,CMR,1983,159.05424
Cameroon,CMR,1984,140.93959
Cameroon,CMR,1985,156.64453
Cameroon,CMR,1986,156.3931
Cameroon,CMR,1987,121.0347
Cameroon,CMR,1988,111.23156
Cameroon,CMR,1989,121.70921
Cameroon,CMR,1990,111.36056
Cameroon,CMR,1991,116.265045
Cameroon,CMR,1992,121.45379
Cameroon,CMR,1993,124.80195
Cameroon,CMR,1994,126.90882
Cameroon,CMR,1995,126.002945
Cameroon,CMR,1996,127.078316
Cameroon,CMR,1997,111.62648
Cameroon,CMR,1998,109.10554
Cameroon,CMR,1999,88.27672
Cameroon,CMR,2000,82.03982
Cameroon,CMR,2001,80.42845
Cameroon,CMR,2002,85.161095
Cameroon,CMR,2003,83.15038
Cameroon,CMR,2004,86.19104
Cameroon,CMR,2005,96.6887
Cameroon,CMR,2006,97.99974
Cameroon,CMR,2007,98.17804
Cameroon,CMR,2008,97.84813
Cameroon,CMR,2009,103.52825
Cameroon,CMR,2010,111.86004
Cameroon,CMR,2011,112.46994
Cameroon,CMR,2012,119.59999
Cameroon,CMR,2013,122.80001
Cameroon,CMR,2014,112.25999
Cameroon,CMR,2015,110.70996
Cameroon,CMR,2016,115.35998
Cameroon,CMR,2017,110.62995
Cameroon,CMR,2018,107.76002
Cameroon,CMR,2019,116.17002
Cameroon,CMR,2020,101.989975
Cameroon,CMR,2021,99.51997
Cameroon,CMR,2022,96.72
Cameroon,CMR,2023,93.3
Canada,CAN,1961,95.68696
Canada,CAN,1962,96.08868
Canada,CAN,1963,91.972336
Canada,CAN,1964,87.68575
Canada,CAN,1965,88.1356
Canada,CAN,1966,83.64625
Canada,CAN,1967,85.66587
Canada,CAN,1968,83.39931
Canada,CAN,1969,87.131676
Canada,CAN,1970,84.62623
Canada,CAN,1971,86.83279
Canada,CAN,1972,86.20444
Canada,CAN,1973,90.83595
Canada,CAN,1974,93.689125
Canada,CAN,1975,102.02276
Canada,CAN,1976,107.39476
Canada,CAN,1977,105.43958
Canada,CAN,1978,109.7515
Canada,CAN,1979,116.40597
Canada,CAN,1980,116.47176
Canada,CAN,1981,119.99761
Canada,CAN,1982,114.42826
Canada,CAN,1983,114.19647
Canada,CAN,1984,115.66864
Canada,CAN,1985,113.22993
Canada,CAN,1986,112.903206
Canada,CAN,1987,121.262115
Canada,CAN,1988,109.93307
Canada,CAN,1989,116.583694
Canada,CAN,1990,111.35083
Canada,CAN,1991,106.99405
Canada,CAN,1992,111.386444
Canada,CAN,1993,111.62805
Canada,CAN,1994,119.21692
Canada,CAN,1995,119.49051
Canada,CAN,1996,118.47436
Canada,CAN,1997,123.01881
Canada,CAN,1998,123.78393
Canada,CAN,1999,127.888626
Canada,CAN,2000,125.22533
Canada,CAN,2001,123.22894
Canada,CAN,2002,123.3183
Canada,CAN,2003,118.274704
Canada,CAN,2004,119.7296
Canada,CAN,2005,128.50426
Canada,CAN,2006,131.29344
Canada,CAN,2007,142.27206
Canada,CAN,2008,132.43613
Canada,CAN,2009,133.72931
Canada,CAN,2010,135.43
Canada,CAN,2011,134.34
Canada,CAN,2012,135.51003
Canada,CAN,2013,138.35004
Canada,CAN,2014,135.53998
Canada,CAN,2015,130.53998
Canada,CAN,2016,135.31999
Canada,CAN,2017,131.5
Canada,CAN,2018,131.21002
Canada,CAN,2019,127.889984
Canada,CAN,2020,124.11999
Canada,CAN,2021,122.96
Canada,CAN,2022,124.68001
Canada,CAN,2023,112.22001
Cape Verde,CPV,1961,32.121994
Cape Verde,CPV,1962,30.98869
Cape Verde,CPV,1963,26.854734
Cape Verde,CPV,1964,31.033638
Cape Verde,CPV,1965,35.163273
Cape Verde,CPV,1966,25.693132
Cape Verde,CPV,1967,28.0226
Cape Verde,CPV,1968,24.35415
Cape Verde,CPV,1969,30.62402
Cape Verde,CPV,1970,27.127945
Cape Verde,CPV,1971,22.484188
Cape Verde,CPV,1972,21.823174
Cape Verde,CPV,1973,26.726734
Cape Verde,CPV,1974,25.86761
Cape Verde,CPV,1975,26.400133
Cape Verde,CPV,1976,27.895315
Cape Verde,CPV,1977,35.484573
Cape Verde,CPV,1978,40.748604
Cape Verde,CPV,1979,36.704887
Cape Verde,CPV,1980,33.78596
Cape Verde,CPV,1981,30.088545
Cape Verde,CPV,1982,21.689724
Cape Verde,CPV,1983,23.79887
Cape Verde,CPV,1984,28.475727
Cape Verde,CPV,1985,30.472925
Cape Verde,CPV,1986,26.130716
Cape Verde,CPV,1987,30.644989
Cape Verde,CPV,1988,30.760641
Cape Verde,CPV,1989,31.456255
Cape Verde,CPV,1990,30.527412
Cape Verde,CPV,1991,32.124554
Cape Verde,CPV,1992,38.735874
Cape Verde,CPV,1993,44.304054
Cape Verde,CPV,1994,42.41011
Cape Verde,CPV,1995,49.727566
Cape Verde,CPV,1996,45.60013
Cape Verde,CPV,1997,44.04036
Cape Verde,CPV,1998,47.97705
Cape Verde,CPV,1999,47.586353
Cape Verde,CPV,2000,44.255085
Cape Verde,CPV,2001,44.57091
Cape Verde,CPV,2002,50.366016
Cape Verde,CPV,2003,53.252033
Cape Verde,CPV,2004,58.417324
Cape Verde,CPV,2005,46.179214
Cape Verde,CPV,2006,65.08151
Cape Verde,CPV,2007,62.758583
Cape Verde,CPV,2008,70.23069
Cape Verde,CPV,2009,79.70566
Cape Verde,CPV,2010,78.378
Cape Verde,CPV,2011,78.05954
Cape Verde,CPV,2012,74.32768
Cape Verde,CPV,2013,70.27986
Cape Verde,CPV,2014,68.039474
Cape Verde,CPV,2015,69.35797
Cape Verde,CPV,2016,55.069355
Cape Verde,CPV,2017,72.92873
Cape Verde,CPV,2018,69.33891
Cape Verde,CPV,2019,63.278027
Cape Verde,CPV,2020,54.63968
Cape Verde,CPV,2021,51.279507
Cape Verde,CPV,2022,51.239014
Cape Verde,CPV,2023,51.969505
Caribbean (FAO),,1961,103.95
Caribbean (FAO),,1962,103.72
Caribbean (FAO),,1963,105.64
Caribbean (FAO),,1964,106.53
Caribbean (FAO),,1965,105.31
Caribbean (FAO),,1966,105.61
Caribbean (FAO),,1967,100.69
Caribbean (FAO),,1968,102.21
Caribbean (FAO),,1969,104.1
Caribbean (FAO),,1970,102.17
Caribbean (FAO),,1971,104.3
Caribbean (FAO),,1972,109.28
Caribbean (FAO),,1973,108.43
Caribbean (FAO),,1974,107.38
Caribbean (FAO),,1975,103.08
Caribbean (FAO),,1976,106.85
Caribbean (FAO),,1977,107.74
Caribbean (FAO),,1978,110.7
Caribbean (FAO),,1979,107.66
Caribbean (FAO),,1980,115.31
Caribbean (FAO),,1981,114.29
Caribbean (FAO),,1982,113.84
Caribbean (FAO),,1983,115.78
Caribbean (FAO),,1984,115.2
Caribbean (FAO),,1985,115.63
Caribbean (FAO),,1986,116.3
Caribbean (FAO),,1987,119.2
Caribbean (FAO),,1988,118.76
Caribbean (FAO),,1989,114.29
Caribbean (FAO),,1990,103.68
Caribbean (FAO),,1991,102.85
Caribbean (FAO),,1992,105.63
Caribbean (FAO),,1993,99.25
Caribbean (FAO),,1994,99.1
Caribbean (FAO),,1995,100.37
Caribbean (FAO),,1996,107.31
Caribbean (FAO),,1997,110.14
Caribbean (FAO),,1998,108.02
Caribbean (FAO),,1999,108.93
Caribbean (FAO),,2000,121.23
Caribbean (FAO),,2001,133.62
Caribbean (FAO),,2002,124.76
Caribbean (FAO),,2003,145.35
Caribbean (FAO),,2004,138.73
Caribbean (FAO),,2005,123.85
Caribbean (FAO),,2006,127.92
Caribbean (FAO),,2007,133.63
Caribbean (FAO),,2008,112.53
Caribbean (FAO),,2009,129.58
Caribbean (FAO),,2010,137.16
Caribbean (FAO),,2011,153.72
Caribbean (FAO),,2012,166.17
Caribbean (FAO),,2013,164.61
Caribbean (FAO),,2014,174.07
Caribbean (FAO),,2015,176.73
Caribbean (FAO),,2016,184.82
Caribbean (FAO),,2017,185.15
Caribbean (FAO),,2018,186.68
Caribbean (FAO),,2019,187.68
Caribbean (FAO),,2020,178.04
Caribbean (FAO),,2021,180.26
Caribbean (FAO),,2022,192.84
Caribbean (FAO),,2023,176.65
Central African Republic,CAF,1961,42.52259
Central African Republic,CAF,1962,42.73524
Central African Republic,CAF,1963,43.42646
Central African Republic,CAF,1964,44.336964
Central African Republic,CAF,1965,44.41577
Central African Republic,CAF,1966,43.485767
Central African Republic,CAF,1967,42.77223
Central African Republic,CAF,1968,42.03029
Central African Republic,CAF,1969,41.73583
Central African Republic,CAF,1970,43.15454
Central African Republic,CAF,1971,43.762886
Central African Republic,CAF,1972,44.352573
Central African Republic,CAF,1973,45.02249
Central African Republic,CAF,1974,45.61785
Central African Republic,CAF,1975,46.076958
Central African Republic,CAF,1976,46.708652
Central African Republic,CAF,1977,47.744934
Central African Republic,CAF,1978,48.582752
Central African Republic,CAF,1979,49.32585
Central African Republic,CAF,1980,49.42314
Central African Republic,CAF,1981,49.775726
Central African Republic,CAF,1982,49.520535
Central African Republic,CAF,1983,49.936348
Central African Republic,CAF,1984,50.610313
Central African Republic,CAF,1985,50.414013
Central African Republic,CAF,1986,50.791225
Central African Republic,CAF,1987,51.623127
Central African Republic,CAF,1988,52.1108
Central African Republic,CAF,1989,52.348564
Central African Republic,CAF,1990,51.45573
Central African Republic,CAF,1991,50.927193
Central African Republic,CAF,1992,50.171127
Central African Republic,CAF,1993,50.014378
Central African Republic,CAF,1994,49.921734
Central African Republic,CAF,1995,49.119522
Central African Republic,CAF,1996,49.90915
Central African Republic,CAF,1997,51.08843
Central African Republic,CAF,1998,51.397614
Central African Republic,CAF,1999,47.728245
Central African Republic,CAF,2000,50.09886
Central African Republic,CAF,2001,49.415043
Central African Republic,CAF,2002,46.658726
Central African Republic,CAF,2003,43.75978
Central African Republic,CAF,2004,44.346798
Central African Republic,CAF,2005,42.733368
Central African Republic,CAF,2006,43.10544
Central African Republic,CAF,2007,42.912613
Central African Republic,CAF,2008,43.144436
Central African Republic,CAF,2009,43.978207
Central African Republic,CAF,2010,47.720825
Central African Republic,CAF,2011,47.112648
Central African Republic,CAF,2012,49.1633
Central African Republic,CAF,2013,49.4268
Central African Republic,CAF,2014,51.722054
Central African Republic,CAF,2015,51.073643
Central African Republic,CAF,2016,51.11574
Central African Republic,CAF,2017,49.430443
Central African Republic,CAF,2018,50.81556
Central African Republic,CAF,2019,50.126205
Central African Republic,CAF,2020,49.36307
Central African Republic,CAF,2021,49.147522
Central African Republic,CAF,2022,55.046814
Central America (FAO),,1961,56.51
Central America (FAO),,1962,60.06
Central America (FAO),,1963,62.88
Central America (FAO),,1964,62.39
Central America (FAO),,1965,73.68
Central America (FAO),,1966,76.54
Central America (FAO),,1967,77.5
Central America (FAO),,1968,74.5
Central America (FAO),,1969,69.28
Central America (FAO),,1970,68.5
Central America (FAO),,1971,78.93
Central America (FAO),,1972,74.35
Central America (FAO),,1973,76.25
Central America (FAO),,1974,72.92
Central America (FAO),,1975,76.36
Central America (FAO),,1976,77.04
Central America (FAO),,1977,76.65
Central America (FAO),,1978,80.51
Central America (FAO),,1979,76.74
Central America (FAO),,1980,82.53
Central America (FAO),,1981,88.38
Central America (FAO),,1982,93.74
Central America (FAO),,1983,87.67
Central America (FAO),,1984,92.59
Central America (FAO),,1985,88.35
Central America (FAO),,1986,88.44
Central America (FAO),,1987,86.3
Central America (FAO),,1988,87.63
Central America (FAO),,1989,85.74
Central America (FAO),,1990,84.18
Central America (FAO),,1991,83.65
Central America (FAO),,1992,88.92
Central America (FAO),,1993,88.38
Central America (FAO),,1994,94.16
Central America (FAO),,1995,91.98
Central America (FAO),,1996,96.8
Central America (FAO),,1997,95.3
Central America (FAO),,1998,84.89
Central America (FAO),,1999,91.46
Central America (FAO),,2000,97.18
Central America (FAO),,2001,102.46
Central America (FAO),,2002,102.7
Central America (FAO),,2003,100.36
Central America (FAO),,2004,101.23
Central America (FAO),,2005,99.82
Central America (FAO),,2006,103.41
Central America (FAO),,2007,99.61
Central America (FAO),,2008,100.78
Central America (FAO),,2009,98.19
Central America (FAO),,2010,94.54
Central America (FAO),,2011,98.14
Central America (FAO),,2012,95.16
Central America (FAO),,2013,97.75
Central America (FAO),,2014,93.5
Central America (FAO),,2015,98.11
Central America (FAO),,2016,102.5
Central America (FAO),,2017,100.07
Central America (FAO),,2018,104.2
Central America (FAO),,2019,106.31
Central America (FAO),,2020,107.87
Central America (FAO),,2021,111.15
Central America (FAO),,2022,117.98
Central America (FAO),,2023,119.69
Central Asia (FAO),,1992,25.42
Central Asia (FAO),,1993,20.58
Central Asia (FAO),,1994,20.46
Central Asia (FAO),,1995,23.97
Central Asia (FAO),,1996,22.81
Central Asia (FAO),,1997,22.48
Central Asia (FAO),,1998,19.32
Central Asia (FAO),,1999,18.99
Central Asia (FAO),,2000,29.52
Central Asia (FAO),,2001,29.88
Central Asia (FAO),,2002,31.1
Central Asia (FAO),,2003,26.73
Central Asia (FAO),,2004,34.03
Central Asia (FAO),,2005,35.89
Central Asia (FAO),,2006,43.28
Central Asia (FAO),,2007,46.7
Central Asia (FAO),,2008,46.67
Central Asia (FAO),,2009,51.35
Central Asia (FAO),,2010,53.7
Central Asia (FAO),,2011,58.12
Central Asia (FAO),,2012,64.25
Central Asia (FAO),,2013,68.44
Central Asia (FAO),,2014,75.16
Central Asia (FAO),,2015,76.39
Central Asia (FAO),,2016,76.48
Central Asia (FAO),,2017,74.54
Central Asia (FAO),,2018,73.42
Central Asia (FAO),,2019,74.59
Central Asia (FAO),,2020,74.76
Central Asia (FAO),,2021,76.03
Central Asia (FAO),,2022,78.62
Central Asia (FAO),,2023,75.1
Chad,TCD,1961,15.560959
Chad,TCD,1962,16.870367
Chad,TCD,1963,16.451218
Chad,TCD,1964,17.028156
Chad,TCD,1965,17.996378
Chad,TCD,1966,19.316942
Chad,TCD,1967,19.234085
Chad,TCD,1968,19.881437
Chad,TCD,1969,19.790306
Chad,TCD,1970,19.86848
Chad,TCD,1971,19.920662
Chad,TCD,1972,19.661953
Chad,TCD,1973,17.89784
Chad,TCD,1974,18.727879
Chad,TCD,1975,18.535353
Chad,TCD,1976,18.512644
Chad,TCD,1977,17.956455
Chad,TCD,1978,18.233065
Chad,TCD,1979,18.241817
Chad,TCD,1980,18.030169
Chad,TCD,1981,18.786835
Chad,TCD,1982,18.68093
Chad,TCD,1983,19.071136
Chad,TCD,1984,17.599787
Chad,TCD,1985,18.584402
Chad,TCD,1986,18.042215
Chad,TCD,1987,17.458899
Chad,TCD,1988,17.126226
Chad,TCD,1989,16.553259
Chad,TCD,1990,15.748405
Chad,TCD,1991,16.24423
Chad,TCD,1992,16.075983
Chad,TCD,1993,15.0988655
Chad,TCD,1994,15.158398
Chad,TCD,1995,10.948922
Chad,TCD,1996,10.439191
Chad,TCD,1997,12.278814
Chad,TCD,1998,11.675256
Chad,TCD,1999,10.560089
Chad,TCD,2000,10.23961
Chad,TCD,2001,9.997637
Chad,TCD,2002,9.84832
Chad,TCD,2003,9.695861
Chad,TCD,2004,9.460364
Chad,TCD,2005,9.220786
Chad,TCD,2006,9.683304
Chad,TCD,2007,9.872127
Chad,TCD,2008,9.650432
Chad,TCD,2009,8.795642
Chad,TCD,2010,8.742872
Chad,TCD,2011,8.652829
Chad,TCD,2012,8.602391
Chad,TCD,2013,8.176567
Chad,TCD,2014,8.302064
Chad,TCD,2015,8.099392
Chad,TCD,2016,7.704365
Chad,TCD,2017,7.647829
Chad,TCD,2018,7.2725806
Chad,TCD,2019,7.162032
Chad,TCD,2020,7.131502
Chad,TCD,2021,7.150085
Chad,TCD,2022,7.1737113
Chile,CHL,1961,34.46667
Chile,CHL,1962,35.802277
Chile,CHL,1963,35.091816
Chile,CHL,1964,35.349743
Chile,CHL,1965,36.649864
Chile,CHL,1966,38.083565
Chile,CHL,1967,41.782944
Chile,CHL,1968,43.557705
Chile,CHL,1969,47.333828
Chile,CHL,1970,44.53178
Chile,CHL,1971,45.394768
Chile,CHL,1972,42.91262
Chile,CHL,1973,40.027397
Chile,CHL,1974,44.52
Chile,CHL,1975,40.04677
Chile,CHL,1976,33.16056
Chile,CHL,1977,34.533276
Chile,CHL,1978,34.485737
Chile,CHL,1979,40.78826
Chile,CHL,1980,36.137882
Chile,CHL,1981,40.134876
Chile,CHL,1982,44.52498
Chile,CHL,1983,42.562885
Chile,CHL,1984,40.94623
Chile,CHL,1985,41.002922
Chile,CHL,1986,36.039165
Chile,CHL,1987,36.955788
Chile,CHL,1988,37.57593
Chile,CHL,1989,46.609745
Chile,CHL,1990,48.03864
Chile,CHL,1991,42.00543
Chile,CHL,1992,47.31354
Chile,CHL,1993,58.980354
Chile,CHL,1994,58.948277
Chile,CHL,1995,59.6391
Chile,CHL,1996,66.31413
Chile,CHL,1997,55.21562
Chile,CHL,1998,52.71484
Chile,CHL,1999,52.984966
Chile,CHL,2000,54.95349
Chile,CHL,2001,45.91831
Chile,CHL,2002,58.58954
Chile,CHL,2003,55.220734
Chile,CHL,2004,57.231598
Chile,CHL,2005,57.62198
Chile,CHL,2006,56.14573
Chile,CHL,2007,58.800934
Chile,CHL,2008,60.9011
Chile,CHL,2009,62.95431
Chile,CHL,2010,84.23999
Chile,CHL,2011,67.04004
Chile,CHL,2012,73.12002
Chile,CHL,2013,73.52001
Chile,CHL,2014,73.99999
Chile,CHL,2015,69.3
Chile,CHL,2016,66.87998
Chile,CHL,2017,67.340004
Chile,CHL,2018,59.860016
Chile,CHL,2019,65.22998
Chile,CHL,2020,65.579994
Chile,CHL,2021,60.78002
Chile,CHL,2022,62.70002
Chile,CHL,2023,76.80999
China,CHN,1961,3.8902285
China,CHN,1962,3.6850598
China,CHN,1963,3.8010635
China,CHN,1964,3.7829494
China,CHN,1965,3.924538
China,CHN,1966,3.9985933
China,CHN,1967,4.0271363
China,CHN,1968,4.075708
China,CHN,1969,4.091158
China,CHN,1970,3.907152
China,CHN,1971,3.910911
China,CHN,1972,4.443883
China,CHN,1973,5.1072874
China,CHN,1974,4.9860573
China,CHN,1975,5.07585
China,CHN,1976,5.084993
China,CHN,1977,5.20153
China,CHN,1978,5.8564396
China,CHN,1979,6.217175
China,CHN,1980,5.8750896
China,CHN,1981,6.682369
China,CHN,1982,6.423312
China,CHN,1983,7.8802094
China,CHN,1984,8.073427
China,CHN,1985,9.402049
China,CHN,1986,10.817934
China,CHN,1987,13.19353
China,CHN,1988,12.800189
China,CHN,1989,14.117647
China,CHN,1990,14.254897
China,CHN,1991,16.338766
China,CHN,1992,17.802355
China,CHN,1993,22.290234
China,CHN,1994,25.532372
China,CHN,1995,30.23504
China,CHN,1996,33.403778
China,CHN,1997,36.166965
China,CHN,1998,37.30386
China,CHN,1999,42.636673
China,CHN,2000,42.6816
China,CHN,2001,45.745533
China,CHN,2002,47.18802
China,CHN,2003,50.722862
China,CHN,2004,55.924805
China,CHN,2005,58.230015
China,CHN,2006,61.847385
China,CHN,2007,65.02571
China,CHN,2008,68.52481
China,CHN,2009,73.57509
China,CHN,2010,76.3
China,CHN,2011,81.51
China,CHN,2012,86.5
China,CHN,2013,89.37
China,CHN,2014,92.08
China,CHN,2015,94.09
China,CHN,2016,95.04
China,CHN,2017,96.3
China,CHN,2018,97.76
China,CHN,2019,102.44
China,CHN,2020,104.59
China,CHN,2021,108.42
China,CHN,2022,111.96001
China,CHN,2023,114.35999
China (FAO),,1961,4.27
China (FAO),,1962,4.16
China (FAO),,1963,4.29
China (FAO),,1964,4.4
China (FAO),,1965,4.64
China (FAO),,1966,4.82
China (FAO),,1967,5.09
China (FAO),,1968,5.24
China (FAO),,1969,5.11
China (FAO),,1970,5.05
China (FAO),,1971,4.95
China (FAO),,1972,5.49
China (FAO),,1973,6.3
China (FAO),,1974,6.33
China (FAO),,1975,6.26
China (FAO),,1976,6.34
China (FAO),,1977,6.39
China (FAO),,1978,7.05
China (FAO),,1979,7.48
China (FAO),,1980,7.29
China (FAO),,1981,8.18
China (FAO),,1982,7.85
China (FAO),,1983,9.32
China (FAO),,1984,9.53
China (FAO),,1985,10.95
China (FAO),,1986,12.27
China (FAO),,1987,14.86
China (FAO),,1988,14.61
China (FAO),,1989,15.95
China (FAO),,1990,16.02
China (FAO),,1991,18.05
China (FAO),,1992,19.4
China (FAO),,1993,23.96
China (FAO),,1994,27.02
China (FAO),,1995,31.57
China (FAO),,1996,34.58
China (FAO),,1997,37.5
China (FAO),,1998,38.42
China (FAO),,1999,43.85
China (FAO),,2000,43.74
China (FAO),,2001,46.89
China (FAO),,2002,48.43
China (FAO),,2003,51.89
China (FAO),,2004,56.82
China (FAO),,2005,58.91
China (FAO),,2006,62.65
China (FAO),,2007,65.63
China (FAO),,2008,68.9
China (FAO),,2009,73.7
China (FAO),,2010,76.81
China (FAO),,2011,81.95
China (FAO),,2012,86.82
China (FAO),,2013,89.54
China (FAO),,2014,92.29
China (FAO),,2015,94.12
China (FAO),,2016,94.94
China (FAO),,2017,96.32
China (FAO),,2018,97.63
China (FAO),,2019,102.12
China (FAO),,2020,104.27
China (FAO),,2021,108.01
China (FAO),,2022,111.44
China (FAO),,2023,113.82
Colombia,COL,1961,94.04603
Colombia,COL,1962,93.63312
Colombia,COL,1963,91.51935
Colombia,COL,1964,91.61504
Colombia,COL,1965,90.44026
Colombia,COL,1966,89.56438
Colombia,COL,1967,95.723885
Colombia,COL,1968,90.39149
Colombia,COL,1969,94.26031
Colombia,COL,1970,97.38267
Colombia,COL,1971,90.98236
Colombia,COL,1972,92.53383
Colombia,COL,1973,96.832756
Colombia,COL,1974,93.19172
Colombia,COL,1975,98.04124
Colombia,COL,1976,96.58999
Colombia,COL,1977,94.40502
Colombia,COL,1978,97.59901
Colombia,COL,1979,98.54339
Colombia,COL,1980,98.51763
Colombia,COL,1981,96.65557
Colombia,COL,1982,83.04019
Colombia,COL,1983,89.82099
Colombia,COL,1984,80.62829
Colombia,COL,1985,82.09693
Colombia,COL,1986,85.63873
Colombia,COL,1987,90.89996
Colombia,COL,1988,91.91249
Colombia,COL,1989,97.427505
Colombia,COL,1990,81.080414
Colombia,COL,1991,86.91778
Colombia,COL,1992,109.337296
Colombia,COL,1993,102.49941
Colombia,COL,1994,98.28533
Colombia,COL,1995,110.32058
Colombia,COL,1996,96.21811
Colombia,COL,1997,100.089424
Colombia,COL,1998,87.14296
Colombia,COL,1999,111.310486
Colombia,COL,2000,120.85776
Colombia,COL,2001,123.20115
Colombia,COL,2002,124.96237
Colombia,COL,2003,122.616776
Colombia,COL,2004,125.10711
Colombia,COL,2005,123.93791
Colombia,COL,2006,138.38986
Colombia,COL,2007,137.72803
Colombia,COL,2008,136.94858
Colombia,COL,2009,126.975525
Colombia,COL,2010,129.36998
Colombia,COL,2011,128.16998
Colombia,COL,2012,163.56
Colombia,COL,2013,179.03998
Colombia,COL,2014,163.67001
Colombia,COL,2015,180.73001
Colombia,COL,2016,178.92
Colombia,COL,2017,108.16001
Colombia,COL,2018,131.06001
Colombia,COL,2019,145.63
Colombia,COL,2020,136.13002
Colombia,COL,2021,150.54
Colombia,COL,2022,145.1
Colombia,COL,2023,153.69998
Comoros,COM,2010,86.959206
Comoros,COM,2011,77.999535
Comoros,COM,2012,68.4593
Comoros,COM,2013,68.838715
Comoros,COM,2014,69.258835
Comoros,COM,2015,102.64929
Comoros,COM,2016,101.49931
Comoros,COM,2017,63.659832
Comoros,COM,2018,62.77943
Comoros,COM,2019,60.139847
Comoros,COM,2020,96.91855
Comoros,COM,2021,96.59905
Comoros,COM,2022,100.86988
Comoros,COM,2023,97.11
Congo,COG,1961,44.9225
Congo,COG,1962,44.689487
Congo,COG,1963,45.210148
Congo,COG,1964,44.837376
Congo,COG,1965,44.339863
Congo,COG,1966,45.47219
Congo,COG,1967,44.70238
Congo,COG,1968,43.884857
Congo,COG,1969,44.436317
Congo,COG,1970,44.635635
Congo,COG,1971,44.362854
Congo,COG,1972,48.484413
Congo,COG,1973,49.135986
Congo,COG,1974,45.09788
Congo,COG,1975,46.112843
Congo,COG,1976,46.611362
Congo,COG,1977,45.853634
Congo,COG,1978,45.950542
Congo,COG,1979,48.227142
Congo,COG,1980,55.981663
Congo,COG,1981,56.76358
Congo,COG,1982,52.610065
Congo,COG,1983,53.67934
Congo,COG,1984,53.633423
Congo,COG,1985,51.638893
Congo,COG,1986,51.488945
Congo,COG,1987,52.46664
Congo,COG,1988,50.362976
Congo,COG,1989,48.64499
Congo,COG,1990,51.642834
Congo,COG,1991,52.152367
Congo,COG,1992,52.693367
Congo,COG,1993,52.401867
Congo,COG,1994,52.333015
Congo,COG,1995,57.96365
Congo,COG,1996,61.23006
Congo,COG,1997,61.379673
Congo,COG,1998,82.037636
Congo,COG,1999,66.01123
Congo,COG,2000,64.9632
Congo,COG,2001,63.59016
Congo,COG,2002,59.80407
Congo,COG,2003,57.309704
Congo,COG,2004,56.800335
Congo,COG,2005,55.909332
Congo,COG,2006,56.36706
Congo,COG,2007,55.963383
Congo,COG,2008,57.581512
Congo,COG,2009,56.287346
Congo,COG,2010,53.949833
Congo,COG,2011,52.84991
Congo,COG,2012,52.289925
Congo,COG,2013,51.499958
Congo,COG,2014,50.529926
Congo,COG,2015,49.729973
Congo,COG,2016,47.129955
Congo,COG,2017,44.729973
Congo,COG,2018,43.55994
Congo,COG,2019,45.130035
Congo,COG,2020,44.269985
Congo,COG,2021,43.649952
Congo,COG,2022,42.59997
Congo,COG,2023,41.7
Costa Rica,CRI,1961,85.09133
Costa Rica,CRI,1962,84.50183
Costa Rica,CRI,1963,84.63256
Costa Rica,CRI,1964,85.70599
Costa Rica,CRI,1965,88.460396
Costa Rica,CRI,1966,88.23341
Costa Rica,CRI,1967,89.008125
Costa Rica,CRI,1968,91.65101
Costa Rica,CRI,1969,92.83577
Costa Rica,CRI,1970,93.97595
Costa Rica,CRI,1971,96.28868
Costa Rica,CRI,1972,101.18654
Costa Rica,CRI,1973,100.576675
Costa Rica,CRI,1974,98.46824
Costa Rica,CRI,1975,96.00506
Costa Rica,CRI,1976,95.48972
Costa Rica,CRI,1977,90.53783
Costa Rica,CRI,1978,77.98778
Costa Rica,CRI,1979,82.2008
Costa Rica,CRI,1980,76.45159
Costa Rica,CRI,1981,73.94493
Costa Rica,CRI,1982,69.70622
Costa Rica,CRI,1983,73.102036
Costa Rica,CRI,1984,68.47532
Costa Rica,CRI,1985,81.61269
Costa Rica,CRI,1986,85.83131
Costa Rica,CRI,1987,86.463005
Costa Rica,CRI,1988,86.23927
Costa Rica,CRI,1989,154.67273
Costa Rica,CRI,1990,148.82573
Costa Rica,CRI,1991,150.67516
Costa Rica,CRI,1992,169.59425
Costa Rica,CRI,1993,148.9076
Costa Rica,CRI,1994,159.4268
Costa Rica,CRI,1995,101.61936
Costa Rica,CRI,1996,134.45938
Costa Rica,CRI,1997,136.2024
Costa Rica,CRI,1998,126.22852
Costa Rica,CRI,1999,166.30978
Costa Rica,CRI,2000,157.46
Costa Rica,CRI,2001,168.38991
Costa Rica,CRI,2002,157.49359
Costa Rica,CRI,2003,121.59901
Costa Rica,CRI,2004,84.61512
Costa Rica,CRI,2005,153.41675
Costa Rica,CRI,2006,161.33574
Costa Rica,CRI,2007,102.09293
Costa Rica,CRI,2008,86.97325
Costa Rica,CRI,2009,87.03458
Costa Rica,CRI,2010,75.989914
Costa Rica,CRI,2011,111.949905
Costa Rica,CRI,2012,129.82
Costa Rica,CRI,2013,105.01993
Costa Rica,CRI,2014,106.64987
Costa Rica,CRI,2015,125.08987
Costa Rica,CRI,2016,137.20992
Costa Rica,CRI,2017,123.96008
Costa Rica,CRI,2018,123.810165
Costa Rica,CRI,2019,89.69002
Costa Rica,CRI,2020,71.94995
Costa Rica,CRI,2021,65.51999
Costa Rica,CRI,2022,78.06993
Costa Rica,CRI,2023,77.120056
Cote d'Ivoire,CIV,1961,113.13232
Cote d'Ivoire,CIV,1962,123.59542
Cote d'Ivoire,CIV,1963,114.824936
Cote d'Ivoire,CIV,1964,116.9907
Cote d'Ivoire,CIV,1965,116.66218
Cote d'Ivoire,CIV,1966,116.15754
Cote d'Ivoire,CIV,1967,114.70462
Cote d'Ivoire,CIV,1968,111.875496
Cote d'Ivoire,CIV,1969,109.98239
Cote d'Ivoire,CIV,1970,108.393585
Cote d'Ivoire,CIV,1971,108.70384
Cote d'Ivoire,CIV,1972,106.8342
Cote d'Ivoire,CIV,1973,100.61042
Cote d'Ivoire,CIV,1974,103.67081
Cote d'Ivoire,CIV,1975,157.90909
Cote d'Ivoire,CIV,1976,148.58014
Cote d'Ivoire,CIV,1977,136.39882
Cote d'Ivoire,CIV,1978,142.21864
Cote d'Ivoire,CIV,1979,140.70311
Cote d'Ivoire,CIV,1980,110.656204
Cote d'Ivoire,CIV,1981,109.501335
Cote d'Ivoire,CIV,1982,106.295685
Cote d'Ivoire,CIV,1983,89.68217
Cote d'Ivoire,CIV,1984,98.808304
Cote d'Ivoire,CIV,1985,97.55862
Cote d'Ivoire,CIV,1986,94.0999
Cote d'Ivoire,CIV,1987,91.065926
Cote d'Ivoire,CIV,1988,88.04751
Cote d'Ivoire,CIV,1989,86.31533
Cote d'Ivoire,CIV,1990,83.95874
Cote d'Ivoire,CIV,1991,87.78199
Cote d'Ivoire,CIV,1992,86.965866
Cote d'Ivoire,CIV,1993,86.18413
Cote d'Ivoire,CIV,1994,95.40457
Cote d'Ivoire,CIV,1995,90.78245
Cote d'Ivoire,CIV,1996,86.88812
Cote d'Ivoire,CIV,1997,94.16729
Cote d'Ivoire,CIV,1998,94.24289
Cote d'Ivoire,CIV,1999,87.004944
Cote d'Ivoire,CIV,2000,81.84436
Cote d'Ivoire,CIV,2001,65.16905
Cote d'Ivoire,CIV,2002,76.354645
Cote d'Ivoire,CIV,2003,72.88113
Cote d'Ivoire,CIV,2004,72.3994
Cote d'Ivoire,CIV,2005,73.68962
Cote d'Ivoire,CIV,2006,71.05439
Cote d'Ivoire,CIV,2007,68.866684
Cote d'Ivoire,CIV,2008,71.386856
Cote d'Ivoire,CIV,2009,63.07176
Cote d'Ivoire,CIV,2010,63.449978
Cote d'Ivoire,CIV,2011,63.449993
Cote d'Ivoire,CIV,2012,61.489994
Cote d'Ivoire,CIV,2013,67.51002
Cote d'Ivoire,CIV,2014,62.55002
Cote d'Ivoire,CIV,2015,63.36998
Cote d'Ivoire,CIV,2016,63.499992
Cote d'Ivoire,CIV,2017,63.099983
Cote d'Ivoire,CIV,2018,61.73999
Cote d'Ivoire,CIV,2019,66.619995
Cote d'Ivoire,CIV,2020,69.08999
Cote d'Ivoire,CIV,2021,61.230007
Cote d'Ivoire,CIV,2022,62.45999
Cote d'Ivoire,CIV,2023,62.409996
Croatia,HRV,1992,58.840847
Croatia,HRV,1993,69.1586
Croatia,HRV,1994,78.083084
Croatia,HRV,1995,93.153015
Croatia,HRV,1996,98.16009
Croatia,HRV,1997,85.25387
Croatia,HRV,1998,86.43464
Croatia,HRV,1999,88.95768
Croatia,HRV,2000,85.44291
Croatia,HRV,2001,87.17035
Croatia,HRV,2002,84.505295
Croatia,HRV,2003,93.47051
Croatia,HRV,2004,83.38465
Croatia,HRV,2005,75.96911
Croatia,HRV,2006,99.89164
Croatia,HRV,2007,107.778465
Croatia,HRV,2008,107.74103
Croatia,HRV,2009,110.48229
Croatia,HRV,2010,109.45
Croatia,HRV,2011,112.22981
Croatia,HRV,2012,96.950165
Croatia,HRV,2013,111.60992
Croatia,HRV,2014,86.719894
Croatia,HRV,2015,94.929955
Croatia,HRV,2016,79.630035
Croatia,HRV,2017,81.80004
Croatia,HRV,2018,95.85005
Croatia,HRV,2019,84.45983
Croatia,HRV,2020,89.940094
Croatia,HRV,2021,86.57007
Croatia,HRV,2022,107.64997
Croatia,HRV,2023,104.97992
Cuba,CUB,1961,39.197796
Cuba,CUB,1962,37.600204
Cuba,CUB,1963,42.532883
Cuba,CUB,1964,40.875233
Cuba,CUB,1965,42.23148
Cuba,CUB,1966,43.264797
Cuba,CUB,1967,38.972046
Cuba,CUB,1968,44.56867
Cuba,CUB,1969,38.52375
Cuba,CUB,1970,30.171295
Cuba,CUB,1971,33.004093
Cuba,CUB,1972,44.621048
Cuba,CUB,1973,46.517822
Cuba,CUB,1974,44.86495
Cuba,CUB,1975,40.42128
Cuba,CUB,1976,43.595573
Cuba,CUB,1977,48.64707
Cuba,CUB,1978,47.420307
Cuba,CUB,1979,46.049553
Cuba,CUB,1980,58.519707
Cuba,CUB,1981,55.01409
Cuba,CUB,1982,55.392178
Cuba,CUB,1983,61.271553
Cuba,CUB,1984,64.315865
Cuba,CUB,1985,68.57098
Cuba,CUB,1986,64.30954
Cuba,CUB,1987,67.625626
Cuba,CUB,1988,79.839
Cuba,CUB,1989,67.61173
Cuba,CUB,1990,89.89885
Cuba,CUB,1991,87.9613
Cuba,CUB,1992,112.259834
Cuba,CUB,1993,90.281166
Cuba,CUB,1994,85.32492
Cuba,CUB,1995,97.99951
Cuba,CUB,1996,118.04414
Cuba,CUB,1997,119.75317
Cuba,CUB,1998,121.81241
Cuba,CUB,1999,118.43759
Cuba,CUB,2000,146.4298
Cuba,CUB,2001,166.87091
Cuba,CUB,2002,131.83658
Cuba,CUB,2003,184.22992
Cuba,CUB,2004,184.29985
Cuba,CUB,2005,139.84468
Cuba,CUB,2006,150.56912
Cuba,CUB,2007,159.7782
Cuba,CUB,2008,139.44229
Cuba,CUB,2009,136.26097
Cuba,CUB,2010,145.42995
Cuba,CUB,2011,151.64989
Cuba,CUB,2012,159.3901
Cuba,CUB,2013,136.74008
Cuba,CUB,2014,139.25
Cuba,CUB,2015,156.89986
Cuba,CUB,2016,168.06993
Cuba,CUB,2017,166.2701
Cuba,CUB,2018,155.50006
Cuba,CUB,2019,159.90002
Cyprus,CYP,1961,119.36446
Cyprus,CYP,1962,109.70518
Cyprus,CYP,1963,57.98522
Cyprus,CYP,1964,125.54921
Cyprus,CYP,1965,134.2405
Cyprus,CYP,1966,161.45367
Cyprus,CYP,1967,161.99423
Cyprus,CYP,1968,200.0382
Cyprus,CYP,1969,231.29648
Cyprus,CYP,1970,231.43436
Cyprus,CYP,1971,216.74207
Cyprus,CYP,1972,190.43286
Cyprus,CYP,1973,142.8866
Cyprus,CYP,1974,148.23016
Cyprus,CYP,1975,183.69128
Cyprus,CYP,1976,168.96132
Cyprus,CYP,1977,147.795
Cyprus,CYP,1978,162.54897
Cyprus,CYP,1979,172.1899
Cyprus,CYP,1980,175.76213
Cyprus,CYP,1981,214.05263
Cyprus,CYP,1982,202.78047
Cyprus,CYP,1983,215.91577
Cyprus,CYP,1984,224.2135
Cyprus,CYP,1985,232.80548
Cyprus,CYP,1986,89.1921
Cyprus,CYP,1987,121.58304
Cyprus,CYP,1988,92.336426
Cyprus,CYP,1989,111.60251
Cyprus,CYP,1990,136.12984
Cyprus,CYP,1991,103.099815
Cyprus,CYP,1992,128.15501
Cyprus,CYP,1993,122.03075
Cyprus,CYP,1994,84.911995
Cyprus,CYP,1995,106.87772
Cyprus,CYP,1996,93.0921
Cyprus,CYP,1997,105.12437
Cyprus,CYP,1998,131.09404
Cyprus,CYP,1999,130.04344
Cyprus,CYP,2000,112.592766
Cyprus,CYP,2001,97.16364
Cyprus,CYP,2002,93.9916
Cyprus,CYP,2003,82.577614
Cyprus,CYP,2004,94.70522
Cyprus,CYP,2005,97.93081
Cyprus,CYP,2006,105.76171
Cyprus,CYP,2007,108.705284
Cyprus,CYP,2008,90.807144
Cyprus,CYP,2009,93.327965
Cyprus,CYP,2010,86.83953
Cyprus,CYP,2011,80.82979
Cyprus,CYP,2012,66.939835
Cyprus,CYP,2013,57.59956
Cyprus,CYP,2014,70.71965
Cyprus,CYP,2015,85.96972
Cyprus,CYP,2016,75.29976
Cyprus,CYP,2017,70.500336
Cyprus,CYP,2018,113.88973
Cyprus,CYP,2019,78.56006
Cyprus,CYP,2020,94.43
Cyprus,CYP,2021,76.879944
Cyprus,CYP,2022,90.3596
Cyprus,CYP,2023,77.78994
Czechia,CZE,1993,66.71932
Czechia,CZE,1994,74.30565
Czechia,CZE,1995,78.58491
Czechia,CZE,1996,84.17968
Czechia,CZE,1997,74.523705
Czechia,CZE,1998,74.835945
Czechia,CZE,1999,73.964066
Czechia,CZE,2000,70.93128
Czechia,CZE,2001,63.44416
Czechia,CZE,2002,57.2173
Czechia,CZE,2003,66.38783
Czechia,CZE,2004,73.5051
Czechia,CZE,2005,69.33687
Czechia,CZE,2006,68.74203
Czechia,CZE,2007,70.23314
Czechia,CZE,2008,77.03937
Czechia,CZE,2009,76.27291
Czechia,CZE,2010,75.22004
Czechia,CZE,2011,71.16002
Czechia,CZE,2012,61.32995
Czechia,CZE,2013,68.309975
Czechia,CZE,2014,65.250046
Czechia,CZE,2015,69.860016
Czechia,CZE,2016,67.84003
Czechia,CZE,2017,80.54998
Czechia,CZE,2018,82.67005
Czechia,CZE,2019,87.39007
Czechia,CZE,2020,90.93001
Czechia,CZE,2021,81.01997
Czechia,CZE,2022,81.789955
Czechia,CZE,2023,78.859985
Czechoslovakia,OWID_CZS,1961,46.07675
Czechoslovakia,OWID_CZS,1962,33.47619
Czechoslovakia,OWID_CZS,1963,43.73
Czechoslovakia,OWID_CZS,1964,39.00097
Czechoslovakia,OWID_CZS,1965,42.333492
Czechoslovakia,OWID_CZS,1966,51.61857
Czechoslovakia,OWID_CZS,1967,40.61645
Czechoslovakia,OWID_CZS,1968,46.366905
Czechoslovakia,OWID_CZS,1969,49.159668
Czechoslovakia,OWID_CZS,1970,47.836723
Czechoslovakia,OWID_CZS,1971,37.617027
Czechoslovakia,OWID_CZS,1972,39.624645
Czechoslovakia,OWID_CZS,1973,47.63345
Czechoslovakia,OWID_CZS,1974,51.02633
Czechoslovakia,OWID_CZS,1975,48.548077
Czechoslovakia,OWID_CZS,1976,49.466663
Czechoslovakia,OWID_CZS,1977,48.765873
Czechoslovakia,OWID_CZS,1978,54.337887
Czechoslovakia,OWID_CZS,1979,47.501217
Czechoslovakia,OWID_CZS,1980,56.326912
Czechoslovakia,OWID_CZS,1981,48.404224
Czechoslovakia,OWID_CZS,1982,66.70813
Czechoslovakia,OWID_CZS,1983,64.97376
Czechoslovakia,OWID_CZS,1984,56.157284
Czechoslovakia,OWID_CZS,1985,57.73131
Czechoslovakia,OWID_CZS,1986,62.015903
Czechoslovakia,OWID_CZS,1987,56.0912
Czechoslovakia,OWID_CZS,1988,59.39662
Czechoslovakia,OWID_CZS,1989,66.06221
Czechoslovakia,OWID_CZS,1990,57.48045
Czechoslovakia,OWID_CZS,1991,56.383617
Czechoslovakia,OWID_CZS,1992,55.700695
Democratic Republic of Congo,COD,2010,49.87
Democratic Republic of Congo,COD,2011,50.09
Democratic Republic of Congo,COD,2012,50.789997
Democratic Republic of Congo,COD,2013,58.62
Democratic Republic of Congo,COD,2014,67.34999
Democratic Republic of Congo,COD,2015,68.19
Democratic Republic of Congo,COD,2016,66.229996
Democratic Republic of Congo,COD,2017,63.71
Democratic Republic of Congo,COD,2018,61.489998
Democratic Republic of Congo,COD,2019,60.199993
Democratic Republic of Congo,COD,2020,58.5
Democratic Republic of Congo,COD,2021,56.86
Democratic Republic of Congo,COD,2022,53.429996
Democratic Republic of Congo,COD,2023,51.469997
Denmark,DNK,1961,49.618412
Denmark,DNK,1962,60.21987
Denmark,DNK,1963,58.341564
Denmark,DNK,1964,64.03506
Denmark,DNK,1965,64.98588
Denmark,DNK,1966,66.56336
Denmark,DNK,1967,68.79986
Denmark,DNK,1968,66.582726
Denmark,DNK,1969,66.25389
Denmark,DNK,1970,68.82851
Denmark,DNK,1971,63.720634
Denmark,DNK,1972,61.458355
Denmark,DNK,1973,68.55121
Denmark,DNK,1974,63.329147
Denmark,DNK,1975,64.77764
Denmark,DNK,1976,70.41977
Denmark,DNK,1977,70.973465
Denmark,DNK,1978,63.157593
Denmark,DNK,1979,63.214058
Denmark,DNK,1980,57.859108
Denmark,DNK,1981,49.612644
Denmark,DNK,1982,47.97779
Denmark,DNK,1983,50.835007
Denmark,DNK,1984,53.78332
Denmark,DNK,1985,60.98953
Denmark,DNK,1986,71.72616
Denmark,DNK,1987,75.0367
Denmark,DNK,1988,76.02645
Denmark,DNK,1989,76.28471
Denmark,DNK,1990,76.72472
Denmark,DNK,1991,76.224884
Denmark,DNK,1992,75.294586
Denmark,DNK,1993,66.3802
Denmark,DNK,1994,61.71699
Denmark,DNK,1995,67.49531
Denmark,DNK,1996,73.53305
Denmark,DNK,1997,92.898445
Denmark,DNK,1998,76.573944
Denmark,DNK,1999,94.509995
Denmark,DNK,2000,103.12795
Denmark,DNK,2001,93.69308
Denmark,DNK,2002,164.0671
Denmark,DNK,2003,137.9447
Denmark,DNK,2004,134.81032
Denmark,DNK,2005,136.36098
Denmark,DNK,2006,127.03346
Denmark,DNK,2007,111.25014
Denmark,DNK,2008,111.06522
Denmark,DNK,2009,122.02836
Denmark,DNK,2010,96.60991
Denmark,DNK,2011,94.53004
Denmark,DNK,2012,125.0002
Denmark,DNK,2013,109.54995
Denmark,DNK,2014,104.32991
Denmark,DNK,2015,102.40004
Denmark,DNK,2016,98.47007
Denmark,DNK,2017,99.6801
Denmark,DNK,2018,101.009926
Denmark,DNK,2019,96.90004
Denmark,DNK,2020,95.33002
Denmark,DNK,2021,104.86011
Denmark,DNK,2022,117.31998
Denmark,DNK,2023,106.55011
Djibouti,DJI,1961,0
Djibouti,DJI,1962,0
Djibouti,DJI,1963,0
Djibouti,DJI,1964,0
Djibouti,DJI,1965,0
Djibouti,DJI,1966,9.303633
Djibouti,DJI,1967,10.660124
Djibouti,DJI,1968,9.3214
Djibouti,DJI,1969,9.644353
Djibouti,DJI,1970,48.907623
Djibouti,DJI,1971,56.717476
Djibouti,DJI,1972,48.112144
Djibouti,DJI,1973,49.30724
Djibouti,DJI,1974,43.6134
Djibouti,DJI,1975,40.49504
Djibouti,DJI,1976,21.668407
Djibouti,DJI,1977,19.521107
Djibouti,DJI,1978,15.419687
Djibouti,DJI,1979,13.968508
Djibouti,DJI,1980,11.260689
Djibouti,DJI,1981,14.877308
Djibouti,DJI,1982,23.603548
Djibouti,DJI,1983,19.630964
Djibouti,DJI,1984,19.581875
Djibouti,DJI,1985,14.277548
Djibouti,DJI,1986,12.541862
Djibouti,DJI,1987,5.476498
Djibouti,DJI,1988,6.2616425
Djibouti,DJI,1989,5.9813285
Djibouti,DJI,1990,8.673717
Djibouti,DJI,1991,7.5860567
Djibouti,DJI,1992,8.741469
Djibouti,DJI,1993,9.490253
Djibouti,DJI,1994,9.106534
Djibouti,DJI,1995,8.978147
Djibouti,DJI,1996,8.1743
Djibouti,DJI,1997,7.8751345
Djibouti,DJI,1998,7.326751
Djibouti,DJI,1999,8.081212
Djibouti,DJI,2000,9.248816
Djibouti,DJI,2001,7.5654306
Djibouti,DJI,2002,14.925337
Djibouti,DJI,2003,13.846604
Djibouti,DJI,2004,8.697244
Djibouti,DJI,2005,16.740461
Djibouti,DJI,2006,17.495417
Djibouti,DJI,2007,18.491943
Djibouti,DJI,2008,18.536549
Djibouti,DJI,2009,18.865374
Djibouti,DJI,2010,17.989962
Djibouti,DJI,2011,17.309908
Djibouti,DJI,2012,16.249933
Djibouti,DJI,2013,20.009737
Djibouti,DJI,2014,25.99
Djibouti,DJI,2015,28.279835
Djibouti,DJI,2016,27.549734
Djibouti,DJI,2017,27.369896
Djibouti,DJI,2018,25.659857
Djibouti,DJI,2019,35.45
Djibouti,DJI,2020,39.209892
Djibouti,DJI,2021,30.099974
Djibouti,DJI,2022,33.08997
Djibouti,DJI,2023,39.489624
Dominica,DMA,1961,168.91217
Dominica,DMA,1962,176.6373
Dominica,DMA,1963,200.26491
Dominica,DMA,1964,183.14047
Dominica,DMA,1965,157.95158
Dominica,DMA,1966,154.52031
Dominica,DMA,1967,187.43071
Dominica,DMA,1968,188.04932
Dominica,DMA,1969,190.46147
Dominica,DMA,1970,183.1989
Dominica,DMA,1971,194.2037
Dominica,DMA,1972,186.8638
Dominica,DMA,1973,210.50436
Dominica,DMA,1974,199.36545
Dominica,DMA,1975,226.87508
Dominica,DMA,1976,292.86746
Dominica,DMA,1977,284.66614
Dominica,DMA,1978,248.86406
Dominica,DMA,1979,236.14651
Dominica,DMA,1980,255.229
Dominica,DMA,1981,249.56166
Dominica,DMA,1982,230.92952
Dominica,DMA,1983,183.88133
Dominica,DMA,1984,193.12384
Dominica,DMA,1985,230.15189
Dominica,DMA,1986,236.25403
Dominica,DMA,1987,367.42862
Dominica,DMA,1988,466.2853
Dominica,DMA,1989,404.86728
Dominica,DMA,1990,294.96338
Dominica,DMA,1991,271.27505
Dominica,DMA,1992,323.9252
Dominica,DMA,1993,278.86615
Dominica,DMA,1994,256.19788
Dominica,DMA,1995,250.28293
Dominica,DMA,1996,389.62967
Dominica,DMA,1997,428.8988
Dominica,DMA,1998,403.90924
Dominica,DMA,1999,385.6641
Dominica,DMA,2000,383.38757
Dominica,DMA,2001,358.4401
Dominica,DMA,2002,304.80222
Dominica,DMA,2003,359.40454
Dominica,DMA,2004,362.7738
Dominica,DMA,2005,322.6653
Dominica,DMA,2006,355.60352
Dominica,DMA,2007,365.17642
Dominica,DMA,2008,343.22614
Dominica,DMA,2009,384.8569
Dominica,DMA,2010,393.67142
Dominica,DMA,2011,400.2212
Dominica,DMA,2012,396.46277
Dominica,DMA,2013,402.5002
Dominica,DMA,2014,389.2041
Dominica,DMA,2015,409.8372
Dominica,DMA,2016,418.76694
Dominica,DMA,2017,426.3827
Dominica,DMA,2018,435.45032
Dominica,DMA,2019,416.78107
Dominica,DMA,2020,460.6794
Dominica,DMA,2021,545.2132
Dominica,DMA,2022,529.0617
Dominican Republic,DOM,1961,248.18082
Dominican Republic,DOM,1962,242.56538
Dominican Republic,DOM,1963,241.40013
Dominican Republic,DOM,1964,243.36708
Dominican Republic,DOM,1965,237.95439
Dominican Republic,DOM,1966,236.52979
Dominican Republic,DOM,1967,211.738
Dominican Republic,DOM,1968,209.9752
Dominican Republic,DOM,1969,231.84532
Dominican Republic,DOM,1970,232.41666
Dominican Republic,DOM,1971,231.32303
Dominican Republic,DOM,1972,225.02075
Dominican Republic,DOM,1973,220.37062
Dominican Republic,DOM,1974,218.84006
Dominican Republic,DOM,1975,207.15808
Dominican Republic,DOM,1976,216.40327
Dominican Republic,DOM,1977,208.14357
Dominican Republic,DOM,1978,217.69447
Dominican Republic,DOM,1979,197.59143
Dominican Republic,DOM,1980,204.18811
Dominican Republic,DOM,1981,204.80327
Dominican Republic,DOM,1982,195.28358
Dominican Republic,DOM,1983,193.25266
Dominican Republic,DOM,1984,188.6273
Dominican Republic,DOM,1985,184.30411
Dominican Republic,DOM,1986,203.74718
Dominican Republic,DOM,1987,201.12904
Dominican Republic,DOM,1988,191.56693
Dominican Republic,DOM,1989,192.91785
Dominican Republic,DOM,1990,128.05858
Dominican Republic,DOM,1991,135.67131
Dominican Republic,DOM,1992,122.58424
Dominican Republic,DOM,1993,138.34128
Dominican Republic,DOM,1994,129.7488
Dominican Republic,DOM,1995,120.9223
Dominican Republic,DOM,1996,116.05076
Dominican Republic,DOM,1997,123.62667
Dominican Republic,DOM,1998,108.62948
Dominican Republic,DOM,1999,112.357635
Dominican Republic,DOM,2000,120.203445
Dominican Republic,DOM,2001,147.75172
Dominican Republic,DOM,2002,158.8818
Dominican Republic,DOM,2003,170.20575
Dominican Republic,DOM,2004,146.6464
Dominican Republic,DOM,2005,149.38615
Dominican Republic,DOM,2006,155.27754
Dominican Republic,DOM,2007,164.11974
Dominican Republic,DOM,2008,126.48443
Dominican Republic,DOM,2009,185.54285
Dominican Republic,DOM,2010,180.61981
Dominican Republic,DOM,2011,218.47993
Dominican Republic,DOM,2012,247.74004
Dominican Republic,DOM,2013,275.7298
Dominican Republic,DOM,2014,300.9902
Dominican Republic,DOM,2015,293.9301
Dominican Republic,DOM,2016,314.44
Dominican Republic,DOM,2017,319.77982
Dominican Republic,DOM,2018,331.97006
Dominican Republic,DOM,2019,349.44992
Dominican Republic,DOM,2020,338.25006
Dominican Republic,DOM,2021,345.37
Dominican Republic,DOM,2022,377.62988
Dominican Republic,DOM,2023,379.63004
East Timor,TLS,1961,45.449104
East Timor,TLS,1962,44.741936
East Timor,TLS,1963,44.033764
East Timor,TLS,1964,43.31201
East Timor,TLS,1965,43.49061
East Timor,TLS,1966,42.707672
East Timor,TLS,1967,42.655403
East Timor,TLS,1968,42.63222
East Timor,TLS,1969,42.713062
East Timor,TLS,1970,42.951046
East Timor,TLS,1971,43.082626
East Timor,TLS,1972,43.15874
East Timor,TLS,1973,43.300903
East Timor,TLS,1974,42.304993
East Timor,TLS,1975,43.92527
East Timor,TLS,1976,44.154686
East Timor,TLS,1977,39.30075
East Timor,TLS,1978,36.116943
East Timor,TLS,1979,36.957844
East Timor,TLS,1980,37.110577
East Timor,TLS,1981,32.41384
East Timor,TLS,1982,27.853504
East Timor,TLS,1983,28.18682
East Timor,TLS,1984,23.009306
East Timor,TLS,1985,20.273558
East Timor,TLS,1986,21.139833
East Timor,TLS,1987,22.596373
East Timor,TLS,1988,21.289272
East Timor,TLS,1989,21.39449
East Timor,TLS,1990,23.803705
East Timor,TLS,1991,22.34302
East Timor,TLS,1992,22.498665
East Timor,TLS,1993,18.170517
East Timor,TLS,1994,28.426184
East Timor,TLS,1995,22.999441
East Timor,TLS,1996,19.507212
East Timor,TLS,1997,21.471758
East Timor,TLS,1998,16.452978
East Timor,TLS,1999,15.625082
East Timor,TLS,2000,19.072144
East Timor,TLS,2001,18.583408
East Timor,TLS,2002,19.224041
East Timor,TLS,2003,13.472836
East Timor,TLS,2004,14.009349
East Timor,TLS,2005,14.294439
East Timor,TLS,2006,14.916477
East Timor,TLS,2007,15.433328
East Timor,TLS,2008,14.82811
East Timor,TLS,2009,14.470954
East Timor,TLS,2010,13.089904
East Timor,TLS,2011,14.049974
East Timor,TLS,2012,16.369843
East Timor,TLS,2013,15.599905
East Timor,TLS,2014,16.24982
East Timor,TLS,2015,16.989958
East Timor,TLS,2016,19.309938
East Timor,TLS,2017,24.79978
East Timor,TLS,2018,16.909973
East Timor,TLS,2019,18.889912
East Timor,TLS,2020,15.369988
East Timor,TLS,2021,20.809969
East Timor,TLS,2022,20.210014
East Timor,TLS,2023,16.419977
Eastern Africa (FAO),,1961,48.35
Eastern Africa (FAO),,1962,52.51
Eastern Africa (FAO),,1963,47.89
Eastern Africa (FAO),,1964,51.08
Eastern Africa (FAO),,1965,50.23
Eastern Africa (FAO),,1966,50.6
Eastern Africa (FAO),,1967,55.09
Eastern Africa (FAO),,1968,56.33
Eastern Africa (FAO),,1969,55.42
Eastern Africa (FAO),,1970,54
Eastern Africa (FAO),,1971,51.93
Eastern Africa (FAO),,1972,51.98
Eastern Africa (FAO),,1973,52.67
Eastern Africa (FAO),,1974,53.89
Eastern Africa (FAO),,1975,52.65
Eastern Africa (FAO),,1976,51.82
Eastern Africa (FAO),,1977,51.13
Eastern Africa (FAO),,1978,51.21
Eastern Africa (FAO),,1979,60.73
Eastern Africa (FAO),,1980,58.68
Eastern Africa (FAO),,1981,59.35
Eastern Africa (FAO),,1982,62.28
Eastern Africa (FAO),,1983,59.85
Eastern Africa (FAO),,1984,55.8
Eastern Africa (FAO),,1985,57.81
Eastern Africa (FAO),,1986,56.02
Eastern Africa (FAO),,1987,55.76
Eastern Africa (FAO),,1988,55.71
Eastern Africa (FAO),,1989,58.33
Eastern Africa (FAO),,1990,55.87
Eastern Africa (FAO),,1991,54
Eastern Africa (FAO),,1992,52.81
Eastern Africa (FAO),,1993,53.81
Eastern Africa (FAO),,1994,51.08
Eastern Africa (FAO),,1995,52.16
Eastern Africa (FAO),,1996,53.24
Eastern Africa (FAO),,1997,55.76
Eastern Africa (FAO),,1998,58.85
Eastern Africa (FAO),,1999,58.63
Eastern Africa (FAO),,2000,54.72
Eastern Africa (FAO),,2001,53.61
Eastern Africa (FAO),,2002,62.01
Eastern Africa (FAO),,2003,55.7
Eastern Africa (FAO),,2004,58.1
Eastern Africa (FAO),,2005,57.62
Eastern Africa (FAO),,2006,60.16
Eastern Africa (FAO),,2007,58.37
Eastern Africa (FAO),,2008,56.57
Eastern Africa (FAO),,2009,57.98
Eastern Africa (FAO),,2010,54.77
Eastern Africa (FAO),,2011,52.58
Eastern Africa (FAO),,2012,50.33
Eastern Africa (FAO),,2013,53.71
Eastern Africa (FAO),,2014,52.42
Eastern Africa (FAO),,2015,50.78
Eastern Africa (FAO),,2016,46.78
Eastern Africa (FAO),,2017,47.41
Eastern Africa (FAO),,2018,54.22
Eastern Africa (FAO),,2019,58.69
Eastern Africa (FAO),,2020,64.33
Eastern Africa (FAO),,2021,60.98
Eastern Africa (FAO),,2022,61.48
Eastern Africa (FAO),,2023,61.52
Eastern Asia (FAO),,1961,7.32
Eastern Asia (FAO),,1962,7.33
Eastern Asia (FAO),,1963,7.82
Eastern Asia (FAO),,1964,8.39
Eastern Asia (FAO),,1965,8.74
Eastern Asia (FAO),,1966,9.44
Eastern Asia (FAO),,1967,9.74
Eastern Asia (FAO),,1968,10.63
Eastern Asia (FAO),,1969,10.26
Eastern Asia (FAO),,1970,10.51
Eastern Asia (FAO),,1971,10.41
Eastern Asia (FAO),,1972,11.98
Eastern Asia (FAO),,1973,12.59
Eastern Asia (FAO),,1974,12.33
Eastern Asia (FAO),,1975,12.48
Eastern Asia (FAO),,1976,12.13
Eastern Asia (FAO),,1977,12.72
Eastern Asia (FAO),,1978,12.95
Eastern Asia (FAO),,1979,13.86
Eastern Asia (FAO),,1980,13.06
Eastern Asia (FAO),,1981,13.69
Eastern Asia (FAO),,1982,13.79
Eastern Asia (FAO),,1983,15.17
Eastern Asia (FAO),,1984,14.43
Eastern Asia (FAO),,1985,16.22
Eastern Asia (FAO),,1986,17.33
Eastern Asia (FAO),,1987,19.93
Eastern Asia (FAO),,1988,19.47
Eastern Asia (FAO),,1989,20.99
Eastern Asia (FAO),,1990,20.62
Eastern Asia (FAO),,1991,22.38
Eastern Asia (FAO),,1992,24.09
Eastern Asia (FAO),,1993,27.66
Eastern Asia (FAO),,1994,30.63
Eastern Asia (FAO),,1995,34.87
Eastern Asia (FAO),,1996,37.11
Eastern Asia (FAO),,1997,40.17
Eastern Asia (FAO),,1998,39.95
Eastern Asia (FAO),,1999,45.38
Eastern Asia (FAO),,2000,45.25
Eastern Asia (FAO),,2001,48.27
Eastern Asia (FAO),,2002,49.73
Eastern Asia (FAO),,2003,52.56
Eastern Asia (FAO),,2004,57.18
Eastern Asia (FAO),,2005,59.4
Eastern Asia (FAO),,2006,62.1
Eastern Asia (FAO),,2007,65.18
Eastern Asia (FAO),,2008,67.63
Eastern Asia (FAO),,2009,71.63
Eastern Asia (FAO),,2010,73.63
Eastern Asia (FAO),,2011,78.12
Eastern Asia (FAO),,2012,82.64
Eastern Asia (FAO),,2013,84.7
Eastern Asia (FAO),,2014,87.3
Eastern Asia (FAO),,2015,88.63
Eastern Asia (FAO),,2016,89.33
Eastern Asia (FAO),,2017,90.48
Eastern Asia (FAO),,2018,91.68
Eastern Asia (FAO),,2019,95.46
Eastern Asia (FAO),,2020,97.28
Eastern Asia (FAO),,2021,100.42
Eastern Asia (FAO),,2022,103.5
Eastern Asia (FAO),,2023,105.19
Eastern Europe (FAO),,1961,23.66
Eastern Europe (FAO),,1962,24.71
Eastern Europe (FAO),,1963,27.12
Eastern Europe (FAO),,1964,27.19
Eastern Europe (FAO),,1965,31.08
Eastern Europe (FAO),,1966,30.89
Eastern Europe (FAO),,1967,32.52
Eastern Europe (FAO),,1968,34.88
Eastern Europe (FAO),,1969,33.71
Eastern Europe (FAO),,1970,37.13
Eastern Europe (FAO),,1971,37.96
Eastern Europe (FAO),,1972,34.49
Eastern Europe (FAO),,1973,39.38
Eastern Europe (FAO),,1974,37.86
Eastern Europe (FAO),,1975,40.07
Eastern Europe (FAO),,1976,43.94
Eastern Europe (FAO),,1977,43.1
Eastern Europe (FAO),,1978,43.3
Eastern Europe (FAO),,1979,42.27
Eastern Europe (FAO),,1980,42.04
Eastern Europe (FAO),,1981,43.04
Eastern Europe (FAO),,1982,47.34
Eastern Europe (FAO),,1983,49.75
Eastern Europe (FAO),,1984,48.75
Eastern Europe (FAO),,1985,44.19
Eastern Europe (FAO),,1986,50.54
Eastern Europe (FAO),,1987,44.63
Eastern Europe (FAO),,1988,45.8
Eastern Europe (FAO),,1989,43.82
Eastern Europe (FAO),,1990,40.67
Eastern Europe (FAO),,1991,39.12
Eastern Europe (FAO),,1992,43.08
Eastern Europe (FAO),,1993,43.57
Eastern Europe (FAO),,1994,38.72
Eastern Europe (FAO),,1995,39.62
Eastern Europe (FAO),,1996,43.21
Eastern Europe (FAO),,1997,42.49
Eastern Europe (FAO),,1998,39.15
Eastern Europe (FAO),,1999,35.97
Eastern Europe (FAO),,2000,40.96
Eastern Europe (FAO),,2001,42.35
Eastern Europe (FAO),,2002,45.29
Eastern Europe (FAO),,2003,48.98
Eastern Europe (FAO),,2004,52.91
Eastern Europe (FAO),,2005,56.69
Eastern Europe (FAO),,2006,59.37
Eastern Europe (FAO),,2007,60.68
Eastern Europe (FAO),,2008,60.71
Eastern Europe (FAO),,2009,59.24
Eastern Europe (FAO),,2010,64.19
Eastern Europe (FAO),,2011,68.86
Eastern Europe (FAO),,2012,67.91
Eastern Europe (FAO),,2013,70.94
Eastern Europe (FAO),,2014,68.78
Eastern Europe (FAO),,2015,65.6
Eastern Europe (FAO),,2016,64.6
Eastern Europe (FAO),,2017,65.26
Eastern Europe (FAO),,2018,76.05
Eastern Europe (FAO),,2019,73.15
Eastern Europe (FAO),,2020,74
Eastern Europe (FAO),,2021,75.71
Eastern Europe (FAO),,2022,72.36
Eastern Europe (FAO),,2023,72.73
Ecuador,ECU,1961,251.24701
Ecuador,ECU,1962,252.58116
Ecuador,ECU,1963,249.75005
Ecuador,ECU,1964,269.44806
Ecuador,ECU,1965,291.36606
Ecuador,ECU,1966,288.8235
Ecuador,ECU,1967,249.83452
Ecuador,ECU,1968,255.32669
Ecuador,ECU,1969,241.0088
Ecuador,ECU,1970,235.11176
Ecuador,ECU,1971,225.66507
Ecuador,ECU,1972,225.37054
Ecuador,ECU,1973,214.71573
Ecuador,ECU,1974,235.214
Ecuador,ECU,1975,236.41264
Ecuador,ECU,1976,241.74355
Ecuador,ECU,1977,294.5088
Ecuador,ECU,1978,287.8999
Ecuador,ECU,1979,264.02924
Ecuador,ECU,1980,271.0465
Ecuador,ECU,1981,250.85072
Ecuador,ECU,1982,237.95909
Ecuador,ECU,1983,204.64758
Ecuador,ECU,1984,193.9499
Ecuador,ECU,1985,223.15604
Ecuador,ECU,1986,189.29303
Ecuador,ECU,1987,195.01732
Ecuador,ECU,1988,202.54868
Ecuador,ECU,1989,165.43239
Ecuador,ECU,1990,161.41487
Ecuador,ECU,1991,130.95526
Ecuador,ECU,1992,171.07861
Ecuador,ECU,1993,201.11278
Ecuador,ECU,1994,221.97334
Ecuador,ECU,1995,163.91356
Ecuador,ECU,1996,183.78159
Ecuador,ECU,1997,244.93132
Ecuador,ECU,1998,186.2643
Ecuador,ECU,1999,222.03854
Ecuador,ECU,2000,200.58978
Ecuador,ECU,2001,197.74277
Ecuador,ECU,2002,179.85275
Ecuador,ECU,2003,166.85028
Ecuador,ECU,2004,167.06581
Ecuador,ECU,2005,152.45467
Ecuador,ECU,2006,126.94752
Ecuador,ECU,2007,127.855316
Ecuador,ECU,2008,133.81721
Ecuador,ECU,2009,163.0171
Ecuador,ECU,2010,121.889946
Ecuador,ECU,2011,115.07999
Ecuador,ECU,2012,116.55997
Ecuador,ECU,2013,77.51999
Ecuador,ECU,2014,102.87995
Ecuador,ECU,2015,95.66001
Ecuador,ECU,2016,57.169994
Ecuador,ECU,2017,60.160015
Ecuador,ECU,2018,45.76002
Ecuador,ECU,2019,53.38001
Ecuador,ECU,2020,53.570007
Ecuador,ECU,2021,57.679985
Ecuador,ECU,2022,67.6
Ecuador,ECU,2023,80.41001
Egypt,EGY,1961,29.681984
Egypt,EGY,1962,36.06848
Egypt,EGY,1963,37.317543
Egypt,EGY,1964,36.118977
Egypt,EGY,1965,35.426384
Egypt,EGY,1966,38.28915
Egypt,EGY,1967,38.43233
Egypt,EGY,1968,34.672264
Egypt,EGY,1969,37.29474
Egypt,EGY,1970,34.679417
Egypt,EGY,1971,38.97286
Egypt,EGY,1972,40.95026
Egypt,EGY,1973,37.11369
Egypt,EGY,1974,42.720417
Egypt,EGY,1975,41.765373
Egypt,EGY,1976,42.20144
Egypt,EGY,1977,36.91978
Egypt,EGY,1978,42.819157
Egypt,EGY,1979,48.314796
Egypt,EGY,1980,43.97058
Egypt,EGY,1981,44.015205
Egypt,EGY,1982,54.010536
Egypt,EGY,1983,54.694946
Egypt,EGY,1984,50.48116
Egypt,EGY,1985,49.528336
Egypt,EGY,1986,55.340015
Egypt,EGY,1987,58.062683
Egypt,EGY,1988,57.11568
Egypt,EGY,1989,61.913692
Egypt,EGY,1990,68.67916
Egypt,EGY,1991,66.73868
Egypt,EGY,1992,75.53589
Egypt,EGY,1993,70.26576
Egypt,EGY,1994,73.85929
Egypt,EGY,1995,80.17207
Egypt,EGY,1996,84.09183
Egypt,EGY,1997,81.23734
Egypt,EGY,1998,79.015495
Egypt,EGY,1999,85.030396
Egypt,EGY,2000,85.083755
Egypt,EGY,2001,86.05298
Egypt,EGY,2002,89.40233
Egypt,EGY,2003,86.86408
Egypt,EGY,2004,88.65904
Egypt,EGY,2005,90.23913
Egypt,EGY,2006,96.58242
Egypt,EGY,2007,94.92318
Egypt,EGY,2008,95.07628
Egypt,EGY,2009,92.33885
Egypt,EGY,2010,91.74
Egypt,EGY,2011,87.9
Egypt,EGY,2012,96.58
Egypt,EGY,2013,89.909996
Egypt,EGY,2014,95.229996
Egypt,EGY,2015,103.18001
Egypt,EGY,2016,94.37001
Egypt,EGY,2017,96.740005
Egypt,EGY,2018,93.48
Egypt,EGY,2019,84.7
Egypt,EGY,2020,90.69
Egypt,EGY,2021,81.08
Egypt,EGY,2022,88.07
Egypt,EGY,2023,94.03
El Salvador,SLV,1961,36.88779
El Salvador,SLV,1962,36.772293
El Salvador,SLV,1963,36.99244
El Salvador,SLV,1964,37.828213
El Salvador,SLV,1965,38.163822
El Salvador,SLV,1966,42.123295
El Salvador,SLV,1967,43.57425
El Salvador,SLV,1968,42.820686
El Salvador,SLV,1969,41.855057
El Salvador,SLV,1970,43.492313
El Salvador,SLV,1971,41.570362
El Salvador,SLV,1972,40.50776
El Salvador,SLV,1973,38.67713
El Salvador,SLV,1974,39.340603
El Salvador,SLV,1975,40.88774
El Salvador,SLV,1976,42.07574
El Salvador,SLV,1977,45.122505
El Salvador,SLV,1978,55.577606
El Salvador,SLV,1979,56.451885
El Salvador,SLV,1980,59.232903
El Salvador,SLV,1981,58.31271
El Salvador,SLV,1982,54.80169
El Salvador,SLV,1983,53.45637
El Salvador,SLV,1984,51.335407
El Salvador,SLV,1985,49.848793
El Salvador,SLV,1986,49.798878
El Salvador,SLV,1987,50.94235
El Salvador,SLV,1988,52.66225
El Salvador,SLV,1989,54.36072
El Salvador,SLV,1990,62.12218
El Salvador,SLV,1991,63.223274
El Salvador,SLV,1992,64.16135
El Salvador,SLV,1993,61.68611
El Salvador,SLV,1994,62.5022
El Salvador,SLV,1995,57.967453
El Salvador,SLV,1996,43.212757
El Salvador,SLV,1997,47.624775
El Salvador,SLV,1998,40.808395
El Salvador,SLV,1999,46.979584
El Salvador,SLV,2000,56.628597
El Salvador,SLV,2001,59.458313
El Salvador,SLV,2002,63.515934
El Salvador,SLV,2003,65.34954
El Salvador,SLV,2004,66.679565
El Salvador,SLV,2005,75.09363
El Salvador,SLV,2006,74.30385
El Salvador,SLV,2007,79.10216
El Salvador,SLV,2008,83.62791
El Salvador,SLV,2009,75.30067
El Salvador,SLV,2010,58.849968
El Salvador,SLV,2011,54.390015
El Salvador,SLV,2012,64.09003
El Salvador,SLV,2013,55.719955
El Salvador,SLV,2014,51.739986
El Salvador,SLV,2015,59.81005
El Salvador,SLV,2016,66.38991
El Salvador,SLV,2017,73.6699
El Salvador,SLV,2018,77.620094
El Salvador,SLV,2019,80.04005
El Salvador,SLV,2020,79.639885
El Salvador,SLV,2021,83.09
El Salvador,SLV,2022,82.150055
El Salvador,SLV,2023,82.779884
Estonia,EST,1992,27.02455
Estonia,EST,1993,46.553364
Estonia,EST,1994,28.04808
Estonia,EST,1995,56.076202
Estonia,EST,1996,52.003025
Estonia,EST,1997,66.592415
Estonia,EST,1998,70.281845
Estonia,EST,1999,71.78135
Estonia,EST,2000,81.92083
Estonia,EST,2001,78.34031
Estonia,EST,2002,70.114784
Estonia,EST,2003,70.11233
Estonia,EST,2004,74.249695
Estonia,EST,2005,69.33809
Estonia,EST,2006,64.046005
Estonia,EST,2007,77.93529
Estonia,EST,2008,81.18518
Estonia,EST,2009,80.66812
Estonia,EST,2010,75.12
Estonia,EST,2011,69.309685
Estonia,EST,2012,73.56027
Estonia,EST,2013,78.19
Estonia,EST,2014,89.94952
Estonia,EST,2015,86.19
Estonia,EST,2016,88.62
Estonia,EST,2017,91.86931
Estonia,EST,2018,91.18917
Estonia,EST,2019,83.67987
Estonia,EST,2020,86.06968
Estonia,EST,2021,88.56
Estonia,EST,2022,91.73979
Estonia,EST,2023,81.8703
Eswatini,SWZ,1961,31.131756
Eswatini,SWZ,1962,34.37428
Eswatini,SWZ,1963,32.42693
Eswatini,SWZ,1964,35.067368
Eswatini,SWZ,1965,37.701817
Eswatini,SWZ,1966,46.789852
Eswatini,SWZ,1967,57.553905
Eswatini,SWZ,1968,48.5172
Eswatini,SWZ,1969,51.902233
Eswatini,SWZ,1970,50.58177
Eswatini,SWZ,1971,44.92851
Eswatini,SWZ,1972,35.99348
Eswatini,SWZ,1973,40.938892
Eswatini,SWZ,1974,54.832615
Eswatini,SWZ,1975,52.07934
Eswatini,SWZ,1976,43.916008
Eswatini,SWZ,1977,51.4423
Eswatini,SWZ,1978,47.142963
Eswatini,SWZ,1979,52.854
Eswatini,SWZ,1980,58.717655
Eswatini,SWZ,1981,55.795925
Eswatini,SWZ,1982,56.09799
Eswatini,SWZ,1983,51.17549
Eswatini,SWZ,1984,57.832813
Eswatini,SWZ,1985,59.318695
Eswatini,SWZ,1986,64.37312
Eswatini,SWZ,1987,77.89376
Eswatini,SWZ,1988,91.88697
Eswatini,SWZ,1989,88.88395
Eswatini,SWZ,1990,89.254105
Eswatini,SWZ,1991,77.35184
Eswatini,SWZ,1992,65.43695
Eswatini,SWZ,1993,58.363167
Eswatini,SWZ,1994,51.290985
Eswatini,SWZ,1995,35.674423
Eswatini,SWZ,1996,43.336746
Eswatini,SWZ,1997,25.088795
Eswatini,SWZ,1998,27.449232
Eswatini,SWZ,1999,30.968708
Eswatini,SWZ,2000,42.103188
Eswatini,SWZ,2001,60.629875
Eswatini,SWZ,2002,79.7823
Eswatini,SWZ,2003,68.00089
Eswatini,SWZ,2004,77.71942
Eswatini,SWZ,2005,86.98498
Eswatini,SWZ,2006,72.27955
Eswatini,SWZ,2007,70.07425
Eswatini,SWZ,2008,76.148796
Eswatini,SWZ,2009,78.853905
Eswatini,SWZ,2010,88.04993
Eswatini,SWZ,2011,90.028786
Eswatini,SWZ,2012,91.06919
Eswatini,SWZ,2013,88.24922
Eswatini,SWZ,2014,121.509476
Eswatini,SWZ,2015,66.249306
Eswatini,SWZ,2016,72.85962
Eswatini,SWZ,2017,82.64943
Eswatini,SWZ,2018,74.15982
Eswatini,SWZ,2019,65.70916
Eswatini,SWZ,2020,74.99975
Eswatini,SWZ,2021,76.22949
Eswatini,SWZ,2022,75.60994
Eswatini,SWZ,2023,75.620186
Ethiopia,ETH,1993,3.4870684
Ethiopia,ETH,1994,3.2557287
Ethiopia,ETH,1995,3.409309
Ethiopia,ETH,1996,3.402247
Ethiopia,ETH,1997,3.7294884
Ethiopia,ETH,1998,3.7296169
Ethiopia,ETH,1999,3.6802733
Ethiopia,ETH,2000,5.269266
Ethiopia,ETH,2001,4.6258016
Ethiopia,ETH,2002,5.1360903
Ethiopia,ETH,2003,5.343234
Ethiopia,ETH,2004,5.5201054
Ethiopia,ETH,2005,7.658738
Ethiopia,ETH,2006,8.09069
Ethiopia,ETH,2007,8.334178
Ethiopia,ETH,2008,6.181339
Ethiopia,ETH,2009,6.9599676
Ethiopia,ETH,2010,6.809999
Ethiopia,ETH,2011,7.1899996
Ethiopia,ETH,2012,6.54
Ethiopia,ETH,2013,6.58
Ethiopia,ETH,2014,8.17
Ethiopia,ETH,2015,8.459999
Ethiopia,ETH,2016,8.639999
Ethiopia,ETH,2017,8.39
Ethiopia,ETH,2018,8.549999
Ethiopia,ETH,2019,8.32
Ethiopia,ETH,2020,12.19
Ethiopia,ETH,2021,14.950001
Ethiopia,ETH,2022,13.18
Ethiopia,ETH,2023,10.969999
Ethiopia (former),OWID_ERE,1961,3.040022
Ethiopia (former),OWID_ERE,1962,3.3538475
Ethiopia (former),OWID_ERE,1963,3.3641307
Ethiopia (former),OWID_ERE,1964,3.4420683
Ethiopia (former),OWID_ERE,1965,3.4718018
Ethiopia (former),OWID_ERE,1966,3.6779327
Ethiopia (former),OWID_ERE,1967,3.6404147
Ethiopia (former),OWID_ERE,1968,3.7296531
Ethiopia (former),OWID_ERE,1969,3.9393985
Ethiopia (former),OWID_ERE,1970,4.2664447
Ethiopia (former),OWID_ERE,1971,4.2085056
Ethiopia (former),OWID_ERE,1972,4.2407575
Ethiopia (former),OWID_ERE,1973,4.4100623
Ethiopia (former),OWID_ERE,1974,4.3108687
Ethiopia (former),OWID_ERE,1975,4.378942
Ethiopia (former),OWID_ERE,1976,4.43277
Ethiopia (former),OWID_ERE,1977,4.5010843
Ethiopia (former),OWID_ERE,1978,4.502974
Ethiopia (former),OWID_ERE,1979,4.554543
Ethiopia (former),OWID_ERE,1980,4.6572003
Ethiopia (former),OWID_ERE,1981,4.6859627
Ethiopia (former),OWID_ERE,1982,4.5439324
Ethiopia (former),OWID_ERE,1983,4.5135317
Ethiopia (former),OWID_ERE,1984,4.4084435
Ethiopia (former),OWID_ERE,1985,4.4340496
Ethiopia (former),OWID_ERE,1986,4.336794
Ethiopia (former),OWID_ERE,1987,4.20051
Ethiopia (former),OWID_ERE,1988,4.207203
Ethiopia (former),OWID_ERE,1989,4.0463724
Ethiopia (former),OWID_ERE,1990,3.988892
Ethiopia (former),OWID_ERE,1991,3.8096888
Ethiopia (former),OWID_ERE,1992,3.727627
Europe,OWID_EUR,1961,49.42979
Europe,OWID_EUR,1962,52.708927
Europe,OWID_EUR,1963,55.505077
Europe,OWID_EUR,1964,56.39674
Europe,OWID_EUR,1965,56.673527
Europe,OWID_EUR,1966,59.165634
Europe,OWID_EUR,1967,61.349377
Europe,OWID_EUR,1968,64.69363
Europe,OWID_EUR,1969,64.21738
Europe,OWID_EUR,1970,65.54083
Europe,OWID_EUR,1971,65.5826
Europe,OWID_EUR,1972,62.29691
Europe,OWID_EUR,1973,67.30216
Europe,OWID_EUR,1974,63.079964
Europe,OWID_EUR,1975,64.27127
Europe,OWID_EUR,1976,67.25529
Europe,OWID_EUR,1977,62.6854
Europe,OWID_EUR,1978,65.09627
Europe,OWID_EUR,1979,65.007385
Europe,OWID_EUR,1980,65.40118
Europe,OWID_EUR,1981,63.776108
Europe,OWID_EUR,1982,69.74998
Europe,OWID_EUR,1983,69.60607
Europe,OWID_EUR,1984,70.083916
Europe,OWID_EUR,1985,66.480125
Europe,OWID_EUR,1986,72.62001
Europe,OWID_EUR,1987,70.148415
Europe,OWID_EUR,1988,73.1731
Europe,OWID_EUR,1989,73.21739
Europe,OWID_EUR,1990,72.46788
Europe,OWID_EUR,1991,68.72017
Europe,OWID_EUR,1992,80.187874
Europe,OWID_EUR,1993,75.46058
Europe,OWID_EUR,1994,72.6308
Europe,OWID_EUR,1995,69.67701
Europe,OWID_EUR,1996,74.86446
Europe,OWID_EUR,1997,72.69387
Europe,OWID_EUR,1998,71.363884
Europe,OWID_EUR,1999,73.12672
Europe,OWID_EUR,2000,79.72719
Europe,OWID_EUR,2001,77.59444
Europe,OWID_EUR,2002,82.89943
Europe,OWID_EUR,2003,83.95923
Europe,OWID_EUR,2004,88.15312
Europe,OWID_EUR,2005,90.275566
Europe,OWID_EUR,2006,94.05689
Europe,OWID_EUR,2007,93.51574
Europe,OWID_EUR,2008,94.07893
Europe,OWID_EUR,2009,92.48508
Europe,OWID_EUR,2010,90.24191
Europe,OWID_EUR,2011,94.88552
Europe,OWID_EUR,2012,92.56997
Europe,OWID_EUR,2013,96.484406
Europe,OWID_EUR,2014,94.54861
Europe,OWID_EUR,2015,92.88044
Europe,OWID_EUR,2016,95.26204
Europe,OWID_EUR,2017,94.199165
Europe,OWID_EUR,2018,100.23294
Europe,OWID_EUR,2019,96.60633
Europe,OWID_EUR,2020,99.76621
Europe,OWID_EUR,2021,97.91439
Europe,OWID_EUR,2022,96.85757
Europe,OWID_EUR,2023,93.29576
Europe (FAO),,1961,49.42
Europe (FAO),,1962,52.63
Europe (FAO),,1963,55.36
Europe (FAO),,1964,56.23
Europe (FAO),,1965,56.49
Europe (FAO),,1966,59
Europe (FAO),,1967,61.23
Europe (FAO),,1968,64.43
Europe (FAO),,1969,64.11
Europe (FAO),,1970,65.42
Europe (FAO),,1971,65.46
Europe (FAO),,1972,62.24
Europe (FAO),,1973,67.16
Europe (FAO),,1974,62.9
Europe (FAO),,1975,64.03
Europe (FAO),,1976,67.03
Europe (FAO),,1977,62.44
Europe (FAO),,1978,65.06
Europe (FAO),,1979,65.02
Europe (FAO),,1980,65.48
Europe (FAO),,1981,63.71
Europe (FAO),,1982,69.74
Europe (FAO),,1983,69.71
Europe (FAO),,1984,70.13
Europe (FAO),,1985,66.37
Europe (FAO),,1986,72.75
Europe (FAO),,1987,70.35
Europe (FAO),,1988,73.65
Europe (FAO),,1989,73.72
Europe (FAO),,1990,73.12
Europe (FAO),,1991,69.7
Europe (FAO),,1992,81.38
Europe (FAO),,1993,75.8
Europe (FAO),,1994,73.43
Europe (FAO),,1995,70.22
Europe (FAO),,1996,75.71
Europe (FAO),,1997,73.17
Europe (FAO),,1998,71.84
Europe (FAO),,1999,73.54
Europe (FAO),,2000,79.55
Europe (FAO),,2001,77.41
Europe (FAO),,2002,82.75
Europe (FAO),,2003,83.88
Europe (FAO),,2004,88.04
Europe (FAO),,2005,90.1
Europe (FAO),,2006,93.56
Europe (FAO),,2007,92.98
Europe (FAO),,2008,93.57
Europe (FAO),,2009,91.96
Europe (FAO),,2010,90.31
Europe (FAO),,2011,94.97
Europe (FAO),,2012,92.67
Europe (FAO),,2013,96.61
Europe (FAO),,2014,94.65
Europe (FAO),,2015,92.96
Europe (FAO),,2016,95.36
Europe (FAO),,2017,94.3
Europe (FAO),,2018,100.28
Europe (FAO),,2019,96.7
Europe (FAO),,2020,99.84
Europe (FAO),,2021,98.02
Europe (FAO),,2022,96.93
Europe (FAO),,2023,93.39
European Union (27),OWID_EU27,1961,62.01463
European Union (27),OWID_EU27,1962,65.58008
European Union (27),OWID_EU27,1963,70.51785
European Union (27),OWID_EU27,1964,71.48041
European Union (27),OWID_EU27,1965,70.49353
European Union (27),OWID_EU27,1966,76.29968
European Union (27),OWID_EU27,1967,77.56182
European Union (27),OWID_EU27,1968,82.29136
European Union (27),OWID_EU27,1969,81.99014
European Union (27),OWID_EU27,1970,81.46119
European Union (27),OWID_EU27,1971,80.434
European Union (27),OWID_EU27,1972,78.11593
European Union (27),OWID_EU27,1973,81.708786
European Union (27),OWID_EU27,1974,76.24374
European Union (27),OWID_EU27,1975,76.58651
European Union (27),OWID_EU27,1976,79.715
European Union (27),OWID_EU27,1977,72.787895
European Union (27),OWID_EU27,1978,77.422485
European Union (27),OWID_EU27,1979,77.60854
European Union (27),OWID_EU27,1980,78.10611
European Union (27),OWID_EU27,1981,73.87024
European Union (27),OWID_EU27,1982,83.04962
European Union (27),OWID_EU27,1983,79.88704
European Union (27),OWID_EU27,1984,82.029594
European Union (27),OWID_EU27,1985,78.64433
European Union (27),OWID_EU27,1986,84.147835
European Union (27),OWID_EU27,1987,82.83535
European Union (27),OWID_EU27,1988,88.76264
European Union (27),OWID_EU27,1989,90.29511
European Union (27),OWID_EU27,1990,92.09419
European Union (27),OWID_EU27,1991,88.15743
European Union (27),OWID_EU27,1992,101.4437
European Union (27),OWID_EU27,1993,94.24612
European Union (27),OWID_EU27,1994,92.069695
European Union (27),OWID_EU27,1995,87.18827
European Union (27),OWID_EU27,1996,93.66442
European Union (27),OWID_EU27,1997,88.90462
European Union (27),OWID_EU27,1998,87.93415
European Union (27),OWID_EU27,1999,94.4108
European Union (27),OWID_EU27,2000,101.24662
European Union (27),OWID_EU27,2001,95.14988
European Union (27),OWID_EU27,2002,100.712395
European Union (27),OWID_EU27,2003,97.396675
European Union (27),OWID_EU27,2004,101.507225
European Union (27),OWID_EU27,2005,102.068985
European Union (27),OWID_EU27,2006,103.790726
European Union (27),OWID_EU27,2007,101.768036
European Union (27),OWID_EU27,2008,101.595436
European Union (27),OWID_EU27,2009,101.76174
European Union (27),OWID_EU27,2010,96.26999
European Union (27),OWID_EU27,2011,100.52
European Union (27),OWID_EU27,2012,97.44999
European Union (27),OWID_EU27,2013,101.16999
European Union (27),OWID_EU27,2014,100.85999
European Union (27),OWID_EU27,2015,101.45
European Union (27),OWID_EU27,2016,105.81
European Union (27),OWID_EU27,2017,104.60999
European Union (27),OWID_EU27,2018,109.68
European Union (27),OWID_EU27,2019,104.89
European Union (27),OWID_EU27,2020,109.19
European Union (27),OWID_EU27,2021,106.29
European Union (27),OWID_EU27,2022,105.409996
European Union (27),OWID_EU27,2023,101.35999
Fiji,FJI,1961,8.209852
Fiji,FJI,1962,10.752154
Fiji,FJI,1963,10.843867
Fiji,FJI,1964,11.467645
Fiji,FJI,1965,11.909697
Fiji,FJI,1966,10.733392
Fiji,FJI,1967,12.25671
Fiji,FJI,1968,12.993364
Fiji,FJI,1969,12.348383
Fiji,FJI,1970,13.034857
Fiji,FJI,1971,16.034756
Fiji,FJI,1972,14.884198
Fiji,FJI,1973,19.624662
Fiji,FJI,1974,17.582264
Fiji,FJI,1975,18.895401
Fiji,FJI,1976,18.406883
Fiji,FJI,1977,18.535858
Fiji,FJI,1978,18.605263
Fiji,FJI,1979,20.816813
Fiji,FJI,1980,18.575668
Fiji,FJI,1981,20.070436
Fiji,FJI,1982,19.412434
Fiji,FJI,1983,19.382906
Fiji,FJI,1984,19.522528
Fiji,FJI,1985,19.114107
Fiji,FJI,1986,17.66545
Fiji,FJI,1987,16.35332
Fiji,FJI,1988,20.831203
Fiji,FJI,1989,21.11542
Fiji,FJI,1990,17.227427
Fiji,FJI,1991,17.298754
Fiji,FJI,1992,17.687016
Fiji,FJI,1993,22.428957
Fiji,FJI,1994,24.40316
Fiji,FJI,1995,23.831337
Fiji,FJI,1996,25.655956
Fiji,FJI,1997,28.365192
Fiji,FJI,1998,24.801746
Fiji,FJI,1999,23.12824
Fiji,FJI,2000,27.520088
Fiji,FJI,2001,27.233624
Fiji,FJI,2002,22.300617
Fiji,FJI,2003,30.273335
Fiji,FJI,2004,30.338919
Fiji,FJI,2005,31.840967
Fiji,FJI,2006,36.519154
Fiji,FJI,2007,41.413197
Fiji,FJI,2008,50.197
Fiji,FJI,2009,33.554176
Fiji,FJI,2010,41.109684
Fiji,FJI,2011,42.159954
Fiji,FJI,2012,33.25
Fiji,FJI,2013,39.949608
Fiji,FJI,2014,45.37956
Fiji,FJI,2015,53.42971
Fiji,FJI,2016,47.19015
Fiji,FJI,2017,43.999905
Fiji,FJI,2018,52.159714
Fiji,FJI,2019,46.849693
Fiji,FJI,2020,48.099422
Fiji,FJI,2021,50.639557
Fiji,FJI,2022,63.10945
Fiji,FJI,2023,77.77
Finland,FIN,1961,41.628674
Finland,FIN,1962,44.642387
Finland,FIN,1963,42.241623
Finland,FIN,1964,46.238552
Finland,FIN,1965,40.677574
Finland,FIN,1966,45.695614
Finland,FIN,1967,49.435818
Finland,FIN,1968,45.559242
Finland,FIN,1969,52.27061
Finland,FIN,1970,51.45773
Finland,FIN,1971,54.317657
Finland,FIN,1972,55.9757
Finland,FIN,1973,57.50807
Finland,FIN,1974,71.61494
Finland,FIN,1975,83.386955
Finland,FIN,1976,85.76012
Finland,FIN,1977,74.80662
Finland,FIN,1978,77.10359
Finland,FIN,1979,84.354546
Finland,FIN,1980,88.673355
Finland,FIN,1981,83.750084
Finland,FIN,1982,80.36528
Finland,FIN,1983,81.932884
Finland,FIN,1984,77.455124
Finland,FIN,1985,61.416714
Finland,FIN,1986,63.075172
Finland,FIN,1987,77.36433
Finland,FIN,1988,74.27055
Finland,FIN,1989,81.68713
Finland,FIN,1990,78.68669
Finland,FIN,1991,79.29261
Finland,FIN,1992,79.28749
Finland,FIN,1993,75.03706
Finland,FIN,1994,77.34268
Finland,FIN,1995,52.620834
Finland,FIN,1996,69.29737
Finland,FIN,1997,70.094635
Finland,FIN,1998,71.27246
Finland,FIN,1999,84.27158
Finland,FIN,2000,82.14687
Finland,FIN,2001,90.65053
Finland,FIN,2002,83.5312
Finland,FIN,2003,91.83074
Finland,FIN,2004,95.7673
Finland,FIN,2005,94.3286
Finland,FIN,2006,89.82988
Finland,FIN,2007,93.61811
Finland,FIN,2008,87.74625
Finland,FIN,2009,89.89656
Finland,FIN,2010,99.76006
Finland,FIN,2011,101.98009
Finland,FIN,2012,118.84983
Finland,FIN,2013,107.37985
Finland,FIN,2014,111.90988
Finland,FIN,2015,112.16003
Finland,FIN,2016,109.52004
Finland,FIN,2017,107.310036
Finland,FIN,2018,107.8602
Finland,FIN,2019,111.94012
Finland,FIN,2020,107.90988
Finland,FIN,2021,104.430016
Finland,FIN,2022,100.57
Finland,FIN,2023,92.17008
France,FRA,1961,53.013237
France,FRA,1962,69.54629
France,FRA,1963,73.358696
France,FRA,1964,81.98137
France,FRA,1965,73.41197
France,FRA,1966,77.844086
France,FRA,1967,79.598335
France,FRA,1968,82.358
France,FRA,1969,83.76453
France,FRA,1970,84.019264
France,FRA,1971,80.84521
France,FRA,1972,75.84656
France,FRA,1973,74.074646
France,FRA,1974,69.76188
France,FRA,1975,65.195175
France,FRA,1976,69.45818
France,FRA,1977,60.881176
France,FRA,1978,66.25194
France,FRA,1979,62.420547
France,FRA,1980,63.37993
France,FRA,1981,62.13039
France,FRA,1982,67.40693
France,FRA,1983,64.682106
France,FRA,1984,74.21892
France,FRA,1985,68.50429
France,FRA,1986,79.24477
France,FRA,1987,72.421684
France,FRA,1988,78.535126
France,FRA,1989,78.25467
France,FRA,1990,80.18654
France,FRA,1991,78.00289
France,FRA,1992,90.41959
France,FRA,1993,83.95276
France,FRA,1994,90.59415
France,FRA,1995,93.77384
France,FRA,1996,88.13076
France,FRA,1997,83.25528
France,FRA,1998,84.863304
France,FRA,1999,88.81467
France,FRA,2000,96.956726
France,FRA,2001,96.11952
France,FRA,2002,100.41304
France,FRA,2003,95.513695
France,FRA,2004,107.18735
France,FRA,2005,111.80242
France,FRA,2006,110.48408
France,FRA,2007,115.81776
France,FRA,2008,114.85286
France,FRA,2009,115.55857
France,FRA,2010,99.95999
France,FRA,2011,97.69001
France,FRA,2012,97.020004
France,FRA,2013,98.829994
France,FRA,2014,97.119995
France,FRA,2015,99.40001
France,FRA,2016,116.08001
France,FRA,2017,118.350006
France,FRA,2018,104.4
France,FRA,2019,108.89
France,FRA,2020,110.530014
France,FRA,2021,109.55
France,FRA,2022,110.899994
France,FRA,2023,105.18999
French Polynesia,PYF,1961,36.40886
French Polynesia,PYF,1962,36.67866
French Polynesia,PYF,1963,28.092659
French Polynesia,PYF,1964,41.01838
French Polynesia,PYF,1965,52.40105
French Polynesia,PYF,1966,92.88315
French Polynesia,PYF,1967,58.101177
French Polynesia,PYF,1968,65.536385
French Polynesia,PYF,1969,62.45934
French Polynesia,PYF,1970,64.720634
French Polynesia,PYF,1971,49.230324
French Polynesia,PYF,1972,47.867924
French Polynesia,PYF,1973,50.17123
French Polynesia,PYF,1974,49.750874
French Polynesia,PYF,1975,54.381786
French Polynesia,PYF,1976,53.439026
French Polynesia,PYF,1977,48.159374
French Polynesia,PYF,1978,43.347496
French Polynesia,PYF,1979,65.66327
French Polynesia,PYF,1980,55.210915
French Polynesia,PYF,1981,55.14893
French Polynesia,PYF,1982,50.18872
French Polynesia,PYF,1983,50.923622
French Polynesia,PYF,1984,55.013035
French Polynesia,PYF,1985,59.2283
French Polynesia,PYF,1986,54.16916
French Polynesia,PYF,1987,53.461582
French Polynesia,PYF,1988,58.65231
French Polynesia,PYF,1989,58.56439
French Polynesia,PYF,1990,59.143486
French Polynesia,PYF,1991,58.63936
French Polynesia,PYF,1992,69.04713
French Polynesia,PYF,1993,65.53243
French Polynesia,PYF,1994,66.25152
French Polynesia,PYF,1995,69.03137
French Polynesia,PYF,1996,58.785233
French Polynesia,PYF,1997,59.79994
French Polynesia,PYF,1998,61.430325
French Polynesia,PYF,1999,60.523315
French Polynesia,PYF,2000,66.767365
French Polynesia,PYF,2001,54.852833
French Polynesia,PYF,2002,59.89911
French Polynesia,PYF,2003,66.24498
French Polynesia,PYF,2004,64.01943
French Polynesia,PYF,2005,79.44277
French Polynesia,PYF,2006,75.988434
French Polynesia,PYF,2007,89.09056
French Polynesia,PYF,2008,91.83785
French Polynesia,PYF,2009,85.05755
French Polynesia,PYF,2010,77.93712
French Polynesia,PYF,2011,79.958824
French Polynesia,PYF,2012,84.95626
French Polynesia,PYF,2013,80.28825
French Polynesia,PYF,2014,86.90969
French Polynesia,PYF,2015,82.96791
French Polynesia,PYF,2016,68.17
French Polynesia,PYF,2017,66.018585
French Polynesia,PYF,2018,65.2793
French Polynesia,PYF,2019,82.98702
French Polynesia,PYF,2020,84.847565
French Polynesia,PYF,2021,86.31445
French Polynesia,PYF,2022,84.0876
French Polynesia,PYF,2023,76.648636
Gabon,GAB,1961,177.09409
Gabon,GAB,1962,171.70854
Gabon,GAB,1963,177.04584
Gabon,GAB,1964,171.406
Gabon,GAB,1965,176.49911
Gabon,GAB,1966,175.25746
Gabon,GAB,1967,179.8212
Gabon,GAB,1968,178.87926
Gabon,GAB,1969,191.14824
Gabon,GAB,1970,187.72487
Gabon,GAB,1971,191.55574
Gabon,GAB,1972,184.34863
Gabon,GAB,1973,165.7919
Gabon,GAB,1974,161.0983
Gabon,GAB,1975,159.09248
Gabon,GAB,1976,155.65472
Gabon,GAB,1977,161.12544
Gabon,GAB,1978,171.39632
Gabon,GAB,1979,174.74695
Gabon,GAB,1980,179.24094
Gabon,GAB,1981,155.0221
Gabon,GAB,1982,170.63152
Gabon,GAB,1983,178.93607
Gabon,GAB,1984,190.51932
Gabon,GAB,1985,186.15291
Gabon,GAB,1986,185.56987
Gabon,GAB,1987,172.88208
Gabon,GAB,1988,174.81673
Gabon,GAB,1989,172.52867
Gabon,GAB,1990,160.75339
Gabon,GAB,1991,176.25873
Gabon,GAB,1992,173.1822
Gabon,GAB,1993,166.15672
Gabon,GAB,1994,166.45442
Gabon,GAB,1995,152.52722
Gabon,GAB,1996,162.41975
Gabon,GAB,1997,162.96956
Gabon,GAB,1998,164.71466
Gabon,GAB,1999,153.649
Gabon,GAB,2000,153.3103
Gabon,GAB,2001,150.12921
Gabon,GAB,2002,143.58955
Gabon,GAB,2003,140.81021
Gabon,GAB,2004,138.11862
Gabon,GAB,2005,135.61945
Gabon,GAB,2006,137.06213
Gabon,GAB,2007,132.29251
Gabon,GAB,2008,130.24377
Gabon,GAB,2009,151.45506
Gabon,GAB,2010,165.37971
Gabon,GAB,2011,169.82933
Gabon,GAB,2012,150.79976
Gabon,GAB,2013,153.53992
Gabon,GAB,2014,156.21
Gabon,GAB,2015,149.81
Gabon,GAB,2016,149.16
Gabon,GAB,2017,146.56987
Gabon,GAB,2018,147.95
Gabon,GAB,2019,144.89993
Gabon,GAB,2020,140.03012
Gabon,GAB,2021,141.13947
Gabon,GAB,2022,136.85
Gabon,GAB,2023,131.3
Gambia,GMB,1961,5.632824
Gambia,GMB,1962,5.483482
Gambia,GMB,1963,5.33363
Gambia,GMB,1964,5.261408
Gambia,GMB,1965,5.1096807
Gambia,GMB,1966,4.9375486
Gambia,GMB,1967,4.7594886
Gambia,GMB,1968,5.513388
Gambia,GMB,1969,5.400329
Gambia,GMB,1970,5.2195415
Gambia,GMB,1971,5.091269
Gambia,GMB,1972,5.0204363
Gambia,GMB,1973,4.951347
Gambia,GMB,1974,5.471496
Gambia,GMB,1975,5.8725605
Gambia,GMB,1976,5.962428
Gambia,GMB,1977,5.3936553
Gambia,GMB,1978,5.100111
Gambia,GMB,1979,4.961343
Gambia,GMB,1980,4.847763
Gambia,GMB,1981,4.7183723
Gambia,GMB,1982,4.5526595
Gambia,GMB,1983,4.472391
Gambia,GMB,1984,4.177299
Gambia,GMB,1985,4.1335273
Gambia,GMB,1986,3.9721863
Gambia,GMB,1987,3.816639
Gambia,GMB,1988,3.6581829
Gambia,GMB,1989,3.5018148
Gambia,GMB,1990,2.8430657
Gambia,GMB,1991,3.0369105
Gambia,GMB,1992,3.0454361
Gambia,GMB,1993,3.2741263
Gambia,GMB,1994,3.2616625
Gambia,GMB,1995,4.215705
Gambia,GMB,1996,4.177096
Gambia,GMB,1997,4.2002673
Gambia,GMB,1998,4.2589436
Gambia,GMB,1999,6.4967656
Gambia,GMB,2000,5.3971114
Gambia,GMB,2001,4.8136783
Gambia,GMB,2002,6.1703134
Gambia,GMB,2003,4.420795
Gambia,GMB,2004,4.636254
Gambia,GMB,2005,4.4134884
Gambia,GMB,2006,4.4927807
Gambia,GMB,2007,5.515829
Gambia,GMB,2008,5.824643
Gambia,GMB,2009,6.4287376
Gambia,GMB,2010,5.4999886
Gambia,GMB,2011,7.3599815
Gambia,GMB,2012,6.2099786
Gambia,GMB,2013,5.6899867
Gambia,GMB,2014,4.699989
Gambia,GMB,2015,4.73
Gambia,GMB,2016,5.449988
Gambia,GMB,2017,7.379997
Gambia,GMB,2018,8.13999
Gambia,GMB,2019,5.839984
Gambia,GMB,2020,5.059972
Gambia,GMB,2021,5.539989
Gambia,GMB,2022,6.1299953
Gambia,GMB,2023,6.070009
Georgia,GEO,1992,89.35605
Georgia,GEO,1993,55.2506
Georgia,GEO,1994,56.86013
Georgia,GEO,1995,63.788292
Georgia,GEO,1996,69.290955
Georgia,GEO,1997,63.504147
Georgia,GEO,1998,61.990818
Georgia,GEO,1999,47.614105
Georgia,GEO,2000,53.595715
Georgia,GEO,2001,49.782467
Georgia,GEO,2002,41.384487
Georgia,GEO,2003,46.02444
Georgia,GEO,2004,43.21228
Georgia,GEO,2005,65.97792
Georgia,GEO,2006,45.71057
Georgia,GEO,2007,45.915546
Georgia,GEO,2008,43.433628
Georgia,GEO,2009,40.754005
Georgia,GEO,2010,30.039907
Georgia,GEO,2011,50.019947
Georgia,GEO,2012,47.42002
Georgia,GEO,2013,60.67003
Georgia,GEO,2014,55.549984
Georgia,GEO,2015,54.86
Georgia,GEO,2016,47.82999
Georgia,GEO,2017,40.95
Georgia,GEO,2018,56.849983
Georgia,GEO,2019,47.339973
Georgia,GEO,2020,70.4
Georgia,GEO,2021,47.67
Georgia,GEO,2022,57.49997
Georgia,GEO,2023,47.75995
Germany,DEU,1961,79.18133
Germany,DEU,1962,89.64738
Germany,DEU,1963,92.14443
Germany,DEU,1964,83.15974
Germany,DEU,1965,86.26428
Germany,DEU,1966,95.47217
Germany,DEU,1967,102.26278
Germany,DEU,1968,116.52829
Germany,DEU,1969,108.3743
Germany,DEU,1970,107.1724
Germany,DEU,1971,107.98518
Germany,DEU,1972,103.939125
Germany,DEU,1973,113.49421
Germany,DEU,1974,96.480934
Germany,DEU,1975,107.258514
Germany,DEU,1976,105.34764
Germany,DEU,1977,98.47911
Germany,DEU,1978,106.12784
Germany,DEU,1979,105.30116
Germany,DEU,1980,104.183334
Germany,DEU,1981,89.51931
Germany,DEU,1982,111.677605
Germany,DEU,1983,96.746956
Germany,DEU,1984,106.29629
Germany,DEU,1985,103.88969
Germany,DEU,1986,114.743286
Germany,DEU,1987,110.95029
Germany,DEU,1988,118.94646
Germany,DEU,1989,114.05661
Germany,DEU,1990,117.19433
Germany,DEU,1991,103.78584
Germany,DEU,1992,117.12019
Germany,DEU,1993,89.3724
Germany,DEU,1994,90.467445
Germany,DEU,1995,81.262535
Germany,DEU,1996,98.20584
Germany,DEU,1997,87.281364
Germany,DEU,1998,86.838585
Germany,DEU,1999,85.38382
Germany,DEU,2000,116.0427
Germany,DEU,2001,90.34248
Germany,DEU,2002,98.217415
Germany,DEU,2003,91.99049
Germany,DEU,2004,86.04223
Germany,DEU,2005,89.00969
Germany,DEU,2006,86.36184
Germany,DEU,2007,85.430984
Germany,DEU,2008,83.3278
Germany,DEU,2009,83.83535
Germany,DEU,2010,77.41001
Germany,DEU,2011,92.08999
Germany,DEU,2012,91.46
Germany,DEU,2013,92.4
Germany,DEU,2014,92.72
Germany,DEU,2015,97.67
Germany,DEU,2016,96.67
Germany,DEU,2017,90.39
Germany,DEU,2018,96.31
Germany,DEU,2019,94.86001
Germany,DEU,2020,97.59
Germany,DEU,2021,96.19
Germany,DEU,2022,92.49
Germany,DEU,2023,86.67999
Ghana,GHA,1961,87.52159
Ghana,GHA,1962,86.31785
Ghana,GHA,1963,89.8576
Ghana,GHA,1964,87.46446
Ghana,GHA,1965,89.62538
Ghana,GHA,1966,89.62549
Ghana,GHA,1967,93.62446
Ghana,GHA,1968,95.79182
Ghana,GHA,1969,99.08042
Ghana,GHA,1970,103.27019
Ghana,GHA,1971,102.29252
Ghana,GHA,1972,98.52834
Ghana,GHA,1973,106.959
Ghana,GHA,1974,112.284035
Ghana,GHA,1975,130.11198
Ghana,GHA,1976,121.42426
Ghana,GHA,1977,86.69821
Ghana,GHA,1978,80.97343
Ghana,GHA,1979,68.79791
Ghana,GHA,1980,73.46095
Ghana,GHA,1981,76.70164
Ghana,GHA,1982,68.258934
Ghana,GHA,1983,66.55633
Ghana,GHA,1984,95.16746
Ghana,GHA,1985,99.501976
Ghana,GHA,1986,79.87683
Ghana,GHA,1987,77.25877
Ghana,GHA,1988,82.806175
Ghana,GHA,1989,70.81022
Ghana,GHA,1990,53.3954
Ghana,GHA,1991,76.113075
Ghana,GHA,1992,69.94722
Ghana,GHA,1993,82.51934
Ghana,GHA,1994,90.35242
Ghana,GHA,1995,99.868416
Ghana,GHA,1996,110.41645
Ghana,GHA,1997,108.03394
Ghana,GHA,1998,111.20987
Ghana,GHA,1999,115.01835
Ghana,GHA,2000,108.2023
Ghana,GHA,2001,112.57956
Ghana,GHA,2002,118.8722
Ghana,GHA,2003,119.66684
Ghana,GHA,2004,122.61516
Ghana,GHA,2005,139.7186
Ghana,GHA,2006,138.67587
Ghana,GHA,2007,155.11331
Ghana,GHA,2008,157.41519
Ghana,GHA,2009,163.76791
Ghana,GHA,2010,175.98994
Ghana,GHA,2011,177.15999
Ghana,GHA,2012,175.99998
Ghana,GHA,2013,178.52997
Ghana,GHA,2014,178.58998
Ghana,GHA,2015,175.92
Ghana,GHA,2016,176.17003
Ghana,GHA,2017,179.99991
Ghana,GHA,2018,192.49992
Ghana,GHA,2019,186.09999
Ghana,GHA,2020,180.42004
Ghana,GHA,2021,178.25005
Ghana,GHA,2022,166.75998
Ghana,GHA,2023,164.99997
Greece,GRC,1961,132.54573
Greece,GRC,1962,128.53398
Greece,GRC,1963,121.510826
Greece,GRC,1964,137.8672
Greece,GRC,1965,129.09735
Greece,GRC,1966,141.54002
Greece,GRC,1967,128.25423
Greece,GRC,1968,144.11342
Greece,GRC,1969,135.39893
Greece,GRC,1970,127.04338
Greece,GRC,1971,117.86668
Greece,GRC,1972,114.869965
Greece,GRC,1973,127.55616
Greece,GRC,1974,132.17784
Greece,GRC,1975,114.09875
Greece,GRC,1976,117.72862
Greece,GRC,1977,104.869255
Greece,GRC,1978,100.9435
Greece,GRC,1979,95.06966
Greece,GRC,1980,122.47767
Greece,GRC,1981,154.9595
Greece,GRC,1982,131.86824
Greece,GRC,1983,146.62468
Greece,GRC,1984,151.21883
Greece,GRC,1985,136.92973
Greece,GRC,1986,126.75859
Greece,GRC,1987,129.46999
Greece,GRC,1988,175.15816
Greece,GRC,1989,165.85191
Greece,GRC,1990,164.0757
Greece,GRC,1991,141.41685
Greece,GRC,1992,169.74771
Greece,GRC,1993,171.859
Greece,GRC,1994,181.17197
Greece,GRC,1995,145.7869
Greece,GRC,1996,144.29042
Greece,GRC,1997,144.2891
Greece,GRC,1998,141.84439
Greece,GRC,1999,182.99814
Greece,GRC,2000,167.94382
Greece,GRC,2001,173.62755
Greece,GRC,2002,168.2104
Greece,GRC,2003,152.35794
Greece,GRC,2004,186.39017
Greece,GRC,2005,171.89432
Greece,GRC,2006,152.4087
Greece,GRC,2007,158.38431
Greece,GRC,2008,140.36758
Greece,GRC,2009,145.70782
Greece,GRC,2010,121.77004
Greece,GRC,2011,130.22002
Greece,GRC,2012,126.5001
Greece,GRC,2013,134.35008
Greece,GRC,2014,108.14001
Greece,GRC,2015,114.249985
Greece,GRC,2016,93.849945
Greece,GRC,2017,113.25999
Greece,GRC,2018,121.18993
Greece,GRC,2019,142.33998
Greece,GRC,2020,145.52
Greece,GRC,2021,138.75998
Greece,GRC,2022,165.16998
Greece,GRC,2023,121.56
Grenada,GRD,1961,125.83878
Grenada,GRD,1962,127.349075
Grenada,GRD,1963,130.78664
Grenada,GRD,1964,133.92587
Grenada,GRD,1965,135.93152
Grenada,GRD,1966,144.61467
Grenada,GRD,1967,143.06325
Grenada,GRD,1968,138.93086
Grenada,GRD,1969,135.47801
Grenada,GRD,1970,131.99785
Grenada,GRD,1971,137.93349
Grenada,GRD,1972,136.7854
Grenada,GRD,1973,143.30946
Grenada,GRD,1974,130.25534
Grenada,GRD,1975,121.936745
Grenada,GRD,1976,122.74354
Grenada,GRD,1977,124.65192
Grenada,GRD,1978,142.78326
Grenada,GRD,1979,144.59808
Grenada,GRD,1980,138.3089
Grenada,GRD,1981,141.20256
Grenada,GRD,1982,142.9102
Grenada,GRD,1983,130.99503
Grenada,GRD,1984,127.991585
Grenada,GRD,1985,124.69311
Grenada,GRD,1986,115.46686
Grenada,GRD,1987,151.18416
Grenada,GRD,1988,145.97887
Grenada,GRD,1989,151.62581
Grenada,GRD,1990,148.22562
Grenada,GRD,1991,145.20088
Grenada,GRD,1992,140.73009
Grenada,GRD,1993,143.88289
Grenada,GRD,1994,156.98915
Grenada,GRD,1995,153.2005
Grenada,GRD,1996,163.92862
Grenada,GRD,1997,163.13991
Grenada,GRD,1998,182.23688
Grenada,GRD,1999,205.95695
Grenada,GRD,2000,139.97878
Grenada,GRD,2001,125.755104
Grenada,GRD,2002,152.9332
Grenada,GRD,2003,173.98871
Grenada,GRD,2004,149.27455
Grenada,GRD,2005,136.89659
Grenada,GRD,2006,148.57756
Grenada,GRD,2007,156.04893
Grenada,GRD,2008,134.33328
Grenada,GRD,2009,116.7717
Grenada,GRD,2010,129.86836
Grenada,GRD,2011,138.92389
Grenada,GRD,2012,136.19342
Grenada,GRD,2013,153.26784
Grenada,GRD,2014,173.82259
Grenada,GRD,2015,192.45154
Grenada,GRD,2016,186.98238
Grenada,GRD,2017,171.28813
Grenada,GRD,2018,186.949
Grenada,GRD,2019,141.89166
Grenada,GRD,2020,159.47218
Grenada,GRD,2021,158.87184
Grenada,GRD,2022,156.41592
Grenada,GRD,2023,160.17085
Guatemala,GTM,1961,36.89952
Guatemala,GTM,1962,37.4684
Guatemala,GTM,1963,38.27707
Guatemala,GTM,1964,38.414104
Guatemala,GTM,1965,37.6567
Guatemala,GTM,1966,38.602856
Guatemala,GTM,1967,38.080593
Guatemala,GTM,1968,38.03287
Guatemala,GTM,1969,36.416115
Guatemala,GTM,1970,35.705444
Guatemala,GTM,1971,35.79134
Guatemala,GTM,1972,35.454205
Guatemala,GTM,1973,35.645115
Guatemala,GTM,1974,35.89589
Guatemala,GTM,1975,36.46423
Guatemala,GTM,1976,32.883804
Guatemala,GTM,1977,34.30161
Guatemala,GTM,1978,33.916508
Guatemala,GTM,1979,31.205954
Guatemala,GTM,1980,33.289227
Guatemala,GTM,1981,42.06402
Guatemala,GTM,1982,45.233883
Guatemala,GTM,1983,43.938572
Guatemala,GTM,1984,42.309002
Guatemala,GTM,1985,46.684437
Guatemala,GTM,1986,45.524357
Guatemala,GTM,1987,44.01332
Guatemala,GTM,1988,46.550163
Guatemala,GTM,1989,50.223892
Guatemala,GTM,1990,51.489407
Guatemala,GTM,1991,48.200424
Guatemala,GTM,1992,41.91809
Guatemala,GTM,1993,58.681053
Guatemala,GTM,1994,61.185585
Guatemala,GTM,1995,66.01465
Guatemala,GTM,1996,66.549095
Guatemala,GTM,1997,67.50595
Guatemala,GTM,1998,69.813545
Guatemala,GTM,1999,66.85142
Guatemala,GTM,2000,64.680504
Guatemala,GTM,2001,57.14842
Guatemala,GTM,2002,65.26247
Guatemala,GTM,2003,53.83444
Guatemala,GTM,2004,55.66243
Guatemala,GTM,2005,64.02646
Guatemala,GTM,2006,70.1397
Guatemala,GTM,2007,64.97041
Guatemala,GTM,2008,65.09041
Guatemala,GTM,2009,67.53595
Guatemala,GTM,2010,56.24997
Guatemala,GTM,2011,57.010025
Guatemala,GTM,2012,52.08004
Guatemala,GTM,2013,53.880005
Guatemala,GTM,2014,52.47002
Guatemala,GTM,2015,55.499985
Guatemala,GTM,2016,57.139996
Guatemala,GTM,2017,54.62999
Guatemala,GTM,2018,54.180004
Guatemala,GTM,2019,67.85999
Guatemala,GTM,2020,78.78999
Guatemala,GTM,2021,107.659996
Guatemala,GTM,2022,102.150024
Guatemala,GTM,2023,69.74999
Guinea,GIN,1961,107.086334
Guinea,GIN,1962,116.34041
Guinea,GIN,1963,102.7788
Guinea,GIN,1964,109.44054
Guinea,GIN,1965,112.383965
Guinea,GIN,1966,104.59204
Guinea,GIN,1967,110.3515
Guinea,GIN,1968,105.294914
Guinea,GIN,1969,108.994095
Guinea,GIN,1970,102.353264
Guinea,GIN,1971,109.36546
Guinea,GIN,1972,111.77102
Guinea,GIN,1973,109.508316
Guinea,GIN,1974,103.44565
Guinea,GIN,1975,102.87358
Guinea,GIN,1976,110.296745
Guinea,GIN,1977,104.59213
Guinea,GIN,1978,99.598625
Guinea,GIN,1979,115.36619
Guinea,GIN,1980,113.57228
Guinea,GIN,1981,107.36996
Guinea,GIN,1982,103.78211
Guinea,GIN,1983,105.9683
Guinea,GIN,1984,109.583565
Guinea,GIN,1985,109.696495
Guinea,GIN,1986,109.05861
Guinea,GIN,1987,107.347275
Guinea,GIN,1988,105.13379
Guinea,GIN,1989,110.26777
Guinea,GIN,1990,113.918495
Guinea,GIN,1991,108.987625
Guinea,GIN,1992,117.453995
Guinea,GIN,1993,111.80261
Guinea,GIN,1994,117.63409
Guinea,GIN,1995,112.10905
Guinea,GIN,1996,108.94341
Guinea,GIN,1997,106.10351
Guinea,GIN,1998,107.04675
Guinea,GIN,1999,111.33787
Guinea,GIN,2000,101.29328
Guinea,GIN,2001,106.823784
Guinea,GIN,2002,113.54857
Guinea,GIN,2003,113.82261
Guinea,GIN,2004,114.471985
Guinea,GIN,2005,113.29616
Guinea,GIN,2006,102.35776
Guinea,GIN,2007,100.4775
Guinea,GIN,2008,99.9002
Guinea,GIN,2009,103.49112
Guinea,GIN,2010,99.61
Guinea,GIN,2011,100.18998
Guinea,GIN,2012,99.55
Guinea,GIN,2013,97.81997
Guinea,GIN,2014,96.41999
Guinea,GIN,2015,94.239944
Guinea,GIN,2016,92.59999
Guinea,GIN,2017,91.11994
Guinea,GIN,2018,89.47996
Guinea,GIN,2019,86.73001
Guinea,GIN,2020,91.59996
Guinea,GIN,2021,100.19996
Guinea,GIN,2022,101.88002
Guinea,GIN,2023,103.44001
Guinea-Bissau,GNB,1961,48.237118
Guinea-Bissau,GNB,1962,47.95041
Guinea-Bissau,GNB,1963,47.581635
Guinea-Bissau,GNB,1964,50.45811
Guinea-Bissau,GNB,1965,51.65306
Guinea-Bissau,GNB,1966,50.98281
Guinea-Bissau,GNB,1967,51.54315
Guinea-Bissau,GNB,1968,50.597775
Guinea-Bissau,GNB,1969,51.433228
Guinea-Bissau,GNB,1970,52.346165
Guinea-Bissau,GNB,1971,53.38217
Guinea-Bissau,GNB,1972,54.099777
Guinea-Bissau,GNB,1973,55.4736
Guinea-Bissau,GNB,1974,52.415405
Guinea-Bissau,GNB,1975,50.841084
Guinea-Bissau,GNB,1976,48.315586
Guinea-Bissau,GNB,1977,46.350452
Guinea-Bissau,GNB,1978,42.33406
Guinea-Bissau,GNB,1979,43.579365
Guinea-Bissau,GNB,1980,45.303394
Guinea-Bissau,GNB,1981,43.000633
Guinea-Bissau,GNB,1982,43.367596
Guinea-Bissau,GNB,1983,44.14972
Guinea-Bissau,GNB,1984,44.83604
Guinea-Bissau,GNB,1985,45.05869
Guinea-Bissau,GNB,1986,46.553623
Guinea-Bissau,GNB,1987,49.72242
Guinea-Bissau,GNB,1988,50.71232
Guinea-Bissau,GNB,1989,52.430645
Guinea-Bissau,GNB,1990,53.04981
Guinea-Bissau,GNB,1991,55.09354
Guinea-Bissau,GNB,1992,55.16481
Guinea-Bissau,GNB,1993,54.802025
Guinea-Bissau,GNB,1994,53.994526
Guinea-Bissau,GNB,1995,53.755436
Guinea-Bissau,GNB,1996,54.60568
Guinea-Bissau,GNB,1997,54.683403
Guinea-Bissau,GNB,1998,56.60856
Guinea-Bissau,GNB,1999,57.3266
Guinea-Bissau,GNB,2000,54.961567
Guinea-Bissau,GNB,2001,54.15361
Guinea-Bissau,GNB,2002,54.47603
Guinea-Bissau,GNB,2003,51.02167
Guinea-Bissau,GNB,2004,52.338917
Guinea-Bissau,GNB,2005,54.632534
Guinea-Bissau,GNB,2006,54.483074
Guinea-Bissau,GNB,2007,50.16592
Guinea-Bissau,GNB,2008,50.187466
Guinea-Bissau,GNB,2009,52.46264
Guinea-Bissau,GNB,2010,50.989937
Guinea-Bissau,GNB,2011,51.16987
Guinea-Bissau,GNB,2012,52.199844
Guinea-Bissau,GNB,2013,51.2197
Guinea-Bissau,GNB,2014,51.83982
Guinea-Bissau,GNB,2015,51.31997
Guinea-Bissau,GNB,2016,50.069782
Guinea-Bissau,GNB,2017,52.599884
Guinea-Bissau,GNB,2018,53.610085
Guinea-Bissau,GNB,2019,50.999893
Guinea-Bissau,GNB,2020,49.360023
Guinea-Bissau,GNB,2021,49.779976
Guinea-Bissau,GNB,2022,49.91988
Guinea-Bissau,GNB,2023,46.42994
Guyana,GUY,1961,53.221924
Guyana,GUY,1962,54.719448
Guyana,GUY,1963,53.292492
Guyana,GUY,1964,62.322323
Guyana,GUY,1965,65.30755
Guyana,GUY,1966,73.635895
Guyana,GUY,1967,61.23965
Guyana,GUY,1968,57.188786
Guyana,GUY,1969,56.805843
Guyana,GUY,1970,55.94898
Guyana,GUY,1971,59.338516
Guyana,GUY,1972,57.982067
Guyana,GUY,1973,60.485188
Guyana,GUY,1974,35.856125
Guyana,GUY,1975,44.955658
Guyana,GUY,1976,44.712383
Guyana,GUY,1977,57.949696
Guyana,GUY,1978,48.993977
Guyana,GUY,1979,36.733818
Guyana,GUY,1980,36.704144
Guyana,GUY,1981,38.647038
Guyana,GUY,1982,42.7885
Guyana,GUY,1983,44.692554
Guyana,GUY,1984,55.818123
Guyana,GUY,1985,66.47759
Guyana,GUY,1986,67.3707
Guyana,GUY,1987,61.885963
Guyana,GUY,1988,65.544815
Guyana,GUY,1989,66.96798
Guyana,GUY,1990,57.940754
Guyana,GUY,1991,56.409603
Guyana,GUY,1992,62.522152
Guyana,GUY,1993,64.528076
Guyana,GUY,1994,77.708084
Guyana,GUY,1995,75.96822
Guyana,GUY,1996,62.216248
Guyana,GUY,1997,63.23618
Guyana,GUY,1998,44.960632
Guyana,GUY,1999,51.14857
Guyana,GUY,2000,85.98204
Guyana,GUY,2001,82.41381
Guyana,GUY,2002,66.23373
Guyana,GUY,2003,52.851646
Guyana,GUY,2004,41.24448
Guyana,GUY,2005,61.216274
Guyana,GUY,2006,43.03891
Guyana,GUY,2007,43.36931
Guyana,GUY,2008,38.326244
Guyana,GUY,2009,50.831142
Guyana,GUY,2010,52.400074
Guyana,GUY,2011,40.04941
Guyana,GUY,2012,46.70962
Guyana,GUY,2013,60.84
Guyana,GUY,2014,100.53986
Guyana,GUY,2015,215.44916
Guyana,GUY,2016,207.19917
Guyana,GUY,2017,248.25902
Guyana,GUY,2018,284.20892
Guyana,GUY,2019,298.27704
Guyana,GUY,2020,293.3078
Guyana,GUY,2021,294.78854
Guyana,GUY,2022,324.1608
Guyana,GUY,2023,345.89706
Haiti,HTI,1961,112.20066
Haiti,HTI,1962,112.60306
Haiti,HTI,1963,114.264046
Haiti,HTI,1964,115.89021
Haiti,HTI,1965,116.14037
Haiti,HTI,1966,117.22506
Haiti,HTI,1967,118.94071
Haiti,HTI,1968,121.04469
Haiti,HTI,1969,122.32308
Haiti,HTI,1970,123.66332
Haiti,HTI,1971,124.19486
Haiti,HTI,1972,124.78633
Haiti,HTI,1973,126.07928
Haiti,HTI,1974,127.2544
Haiti,HTI,1975,126.30257
Haiti,HTI,1976,126.65455
Haiti,HTI,1977,123.72368
Haiti,HTI,1978,125.60419
Haiti,HTI,1979,128.00148
Haiti,HTI,1980,127.75966
Haiti,HTI,1981,129.73996
Haiti,HTI,1982,129.45338
Haiti,HTI,1983,129.1635
Haiti,HTI,1984,129.6386
Haiti,HTI,1985,129.08305
Haiti,HTI,1986,124.02565
Haiti,HTI,1987,122.4939
Haiti,HTI,1988,113.71876
Haiti,HTI,1989,114.162094
Haiti,HTI,1990,108.85251
Haiti,HTI,1991,98.64914
Haiti,HTI,1992,86.91393
Haiti,HTI,1993,73.67542
Haiti,HTI,1994,83.43224
Haiti,HTI,1995,79.99111
Haiti,HTI,1996,79.44969
Haiti,HTI,1997,78.663605
Haiti,HTI,1998,83.37624
Haiti,HTI,1999,83.08541
Haiti,HTI,2000,89.68356
Haiti,HTI,2001,82.95219
Haiti,HTI,2002,82.90121
Haiti,HTI,2003,81.55017
Haiti,HTI,2004,81.460526
Haiti,HTI,2005,81.18077
Haiti,HTI,2006,78.20627
Haiti,HTI,2007,82.92638
Haiti,HTI,2008,69.847015
Haiti,HTI,2009,75.87599
Haiti,HTI,2010,94.029915
Haiti,HTI,2011,103.14996
Haiti,HTI,2012,106.33999
Haiti,HTI,2013,102.999954
Haiti,HTI,2014,114.799995
Haiti,HTI,2015,111.50991
Haiti,HTI,2016,107.949974
Haiti,HTI,2017,104.819916
Haiti,HTI,2018,105.92988
Haiti,HTI,2019,88.63996
Haiti,HTI,2020,87.75003
Haiti,HTI,2021,97.289986
Haiti,HTI,2022,88.99005
Haiti,HTI,2023,87.34998
High-income countries,OWID_HIC,1961,62.370403
High-income countries,OWID_HIC,1962,65.515
High-income countries,OWID_HIC,1963,65.58419
High-income countries,OWID_HIC,1964,67.468765
High-income countries,OWID_HIC,1965,67.876175
High-income countries,OWID_HIC,1966,72.081924
High-income countries,OWID_HIC,1967,74.41313
High-income countries,OWID_HIC,1968,75.79103
High-income countries,OWID_HIC,1969,78.891205
High-income countries,OWID_HIC,1970,78.23107
High-income countries,OWID_HIC,1971,79.01169
High-income countries,OWID_HIC,1972,77.33033
High-income countries,OWID_HIC,1973,82.36686
High-income countries,OWID_HIC,1974,78.59528
High-income countries,OWID_HIC,1975,80.292885
High-income countries,OWID_HIC,1976,80.77699
High-income countries,OWID_HIC,1977,79.36616
High-income countries,OWID_HIC,1978,80.7753
High-income countries,OWID_HIC,1979,83.0335
High-income countries,OWID_HIC,1980,84.01551
High-income countries,OWID_HIC,1981,81.34404
High-income countries,OWID_HIC,1982,84.981224
High-income countries,OWID_HIC,1983,86.265625
High-income countries,OWID_HIC,1984,87.53912
High-income countries,OWID_HIC,1985,85.046936
High-income countries,OWID_HIC,1986,90.19336
High-income countries,OWID_HIC,1987,93.238914
High-income countries,OWID_HIC,1988,92.69217
High-income countries,OWID_HIC,1989,94.67549
High-income countries,OWID_HIC,1990,94.62316
High-income countries,OWID_HIC,1991,88.77402
High-income countries,OWID_HIC,1992,87.9985
High-income countries,OWID_HIC,1993,86.53722
High-income countries,OWID_HIC,1994,86.53992
High-income countries,OWID_HIC,1995,82.92166
High-income countries,OWID_HIC,1996,85.42115
High-income countries,OWID_HIC,1997,86.697266
High-income countries,OWID_HIC,1998,85.05537
High-income countries,OWID_HIC,1999,86.30248
High-income countries,OWID_HIC,2000,92.69648
High-income countries,OWID_HIC,2001,88.96492
High-income countries,OWID_HIC,2002,91.81981
High-income countries,OWID_HIC,2003,92.2054
High-income countries,OWID_HIC,2004,95.01965
High-income countries,OWID_HIC,2005,96.237144
High-income countries,OWID_HIC,2006,97.03391
High-income countries,OWID_HIC,2007,97.40471
High-income countries,OWID_HIC,2008,97.28505
High-income countries,OWID_HIC,2009,94.56748
High-income countries,OWID_HIC,2010,94.85714
High-income countries,OWID_HIC,2011,97.04164
High-income countries,OWID_HIC,2012,98.10461
High-income countries,OWID_HIC,2013,99.86395
High-income countries,OWID_HIC,2014,96.353065
High-income countries,OWID_HIC,2015,95.085236
High-income countries,OWID_HIC,2016,100.07874
High-income countries,OWID_HIC,2017,105.26285
High-income countries,OWID_HIC,2018,109.30807
High-income countries,OWID_HIC,2019,106.66712
High-income countries,OWID_HIC,2020,108.557236
High-income countries,OWID_HIC,2021,110.28718
High-income countries,OWID_HIC,2022,112.36492
High-income countries,OWID_HIC,2023,113.35788
Honduras,HND,1961,98.414894
Honduras,HND,1962,91.145004
Honduras,HND,1963,84.18978
Honduras,HND,1964,84.159805
Honduras,HND,1965,82.225624
Honduras,HND,1966,89.4116
Honduras,HND,1967,98.89121
Honduras,HND,1968,95.26733
Honduras,HND,1969,93.014755
Honduras,HND,1970,89.09277
Honduras,HND,1971,88.67986
Honduras,HND,1972,89.086525
Honduras,HND,1973,89.44025
Honduras,HND,1974,90.77644
Honduras,HND,1975,86.96493
Honduras,HND,1976,86.20383
Honduras,HND,1977,87.689545
Honduras,HND,1978,89.87508
Honduras,HND,1979,89.97075
Honduras,HND,1980,84.393684
Honduras,HND,1981,88.73251
Honduras,HND,1982,90.63393
Honduras,HND,1983,93.24161
Honduras,HND,1984,87.11706
Honduras,HND,1985,87.11581
Honduras,HND,1986,84.14224
Honduras,HND,1987,82.33554
Honduras,HND,1988,86.20154
Honduras,HND,1989,83.705795
Honduras,HND,1990,69.54523
Honduras,HND,1991,72.20855
Honduras,HND,1992,77.54639
Honduras,HND,1993,82.5773
Honduras,HND,1994,87.17707
Honduras,HND,1995,83.72944
Honduras,HND,1996,89.24417
Honduras,HND,1997,100.67249
Honduras,HND,1998,71.7569
Honduras,HND,1999,60.617065
Honduras,HND,2000,43.391796
Honduras,HND,2001,45.905663
Honduras,HND,2002,66.82424
Honduras,HND,2003,68.56828
Honduras,HND,2004,66.74913
Honduras,HND,2005,60.296444
Honduras,HND,2006,64.18635
Honduras,HND,2007,62.995728
Honduras,HND,2008,62.45904
Honduras,HND,2009,70.19511
Honduras,HND,2010,88.389984
Honduras,HND,2011,87.30993
Honduras,HND,2012,81.71999
Honduras,HND,2013,59.81003
Honduras,HND,2014,38.37997
Honduras,HND,2015,46.23002
Honduras,HND,2016,57.54
Honduras,HND,2017,60.189972
Honduras,HND,2018,56.820004
Honduras,HND,2019,52.59996
Honduras,HND,2020,43.280006
Honduras,HND,2021,51.739998
Honduras,HND,2022,53.56995
Honduras,HND,2023,57.74998
Hong Kong,HKG,1961,33.96224
Hong Kong,HKG,1962,40.493736
Hong Kong,HKG,1963,49.854237
Hong Kong,HKG,1964,45.66847
Hong Kong,HKG,1965,44.889225
Hong Kong,HKG,1966,46.83634
Hong Kong,HKG,1967,57.1912
Hong Kong,HKG,1968,71.21595
Hong Kong,HKG,1969,69.172066
Hong Kong,HKG,1970,70.38837
Hong Kong,HKG,1971,70.123535
Hong Kong,HKG,1972,70.19236
Hong Kong,HKG,1973,70.206406
Hong Kong,HKG,1974,68.49039
Hong Kong,HKG,1975,71.697266
Hong Kong,HKG,1976,68.250336
Hong Kong,HKG,1977,73.30332
Hong Kong,HKG,1978,82.839874
Hong Kong,HKG,1979,71.98617
Hong Kong,HKG,1980,77.35057
Hong Kong,HKG,1981,75.78925
Hong Kong,HKG,1982,72.57513
Hong Kong,HKG,1983,74.84049
Hong Kong,HKG,1984,70.59893
Hong Kong,HKG,1985,75.04319
Hong Kong,HKG,1986,78.63969
Hong Kong,HKG,1987,80.8523
Hong Kong,HKG,1988,77.076324
Hong Kong,HKG,1989,77.55202
Hong Kong,HKG,1990,79.5443
Hong Kong,HKG,1991,78.31805
Hong Kong,HKG,1992,85.14135
Hong Kong,HKG,1993,90.33634
Hong Kong,HKG,1994,89.77586
Hong Kong,HKG,1995,91.12898
Hong Kong,HKG,1996,85.69487
Hong Kong,HKG,1997,97.15643
Hong Kong,HKG,1998,92.59263
Hong Kong,HKG,1999,88.745224
Hong Kong,HKG,2000,87.49849
Hong Kong,HKG,2001,90.15321
Hong Kong,HKG,2002,90.33391
Hong Kong,HKG,2003,87.94235
Hong Kong,HKG,2004,76.50802
Hong Kong,HKG,2005,81.933586
Hong Kong,HKG,2006,94.86425
Hong Kong,HKG,2007,90.446
Hong Kong,HKG,2008,81.42431
Hong Kong,HKG,2009,76.939026
Hong Kong,HKG,2010,84.58008
Hong Kong,HKG,2011,84.02001
Hong Kong,HKG,2012,93.44002
Hong Kong,HKG,2013,90.010124
Hong Kong,HKG,2014,91.669975
Hong Kong,HKG,2015,85.549995
Hong Kong,HKG,2016,82.35004
Hong Kong,HKG,2017,75.15002
Hong Kong,HKG,2018,82.04
Hong Kong,HKG,2019,80.73992
Hong Kong,HKG,2020,73.51
Hong Kong,HKG,2021,81.94995
Hong Kong,HKG,2022,76.57997
Hong Kong,HKG,2023,75.069916
Hungary,HUN,1961,58.095974
Hungary,HUN,1962,58.81051
Hungary,HUN,1963,57.2616
Hungary,HUN,1964,56.971546
Hungary,HUN,1965,49.76132
Hungary,HUN,1966,58.53842
Hungary,HUN,1967,62.366055
Hungary,HUN,1968,64.093735
Hungary,HUN,1969,64.93262
Hungary,HUN,1970,67.90253
Hungary,HUN,1971,65.198814
Hungary,HUN,1972,64.46422
Hungary,HUN,1973,67.386536
Hungary,HUN,1974,67.58456
Hungary,HUN,1975,65.27696
Hungary,HUN,1976,64.53323
Hungary,HUN,1977,66.80471
Hungary,HUN,1978,69.54464
Hungary,HUN,1979,65.79526
Hungary,HUN,1980,68.06252
Hungary,HUN,1981,65.51067
Hungary,HUN,1982,69.323166
Hungary,HUN,1983,67.02029
Hungary,HUN,1984,65.57872
Hungary,HUN,1985,63.95571
Hungary,HUN,1986,65.82944
Hungary,HUN,1987,64.95274
Hungary,HUN,1988,65.88556
Hungary,HUN,1989,66.34193
Hungary,HUN,1990,66.35377
Hungary,HUN,1991,64.64904
Hungary,HUN,1992,68.98689
Hungary,HUN,1993,71.85944
Hungary,HUN,1994,67.47718
Hungary,HUN,1995,53.962254
Hungary,HUN,1996,63.57152
Hungary,HUN,1997,58.73456
Hungary,HUN,1998,64.23542
Hungary,HUN,1999,69.27434
Hungary,HUN,2000,67.831604
Hungary,HUN,2001,58.829098
Hungary,HUN,2002,65.82769
Hungary,HUN,2003,74.88388
Hungary,HUN,2004,84.8401
Hungary,HUN,2005,81.103386
Hungary,HUN,2006,93.9021
Hungary,HUN,2007,73.83753
Hungary,HUN,2008,62.17162
Hungary,HUN,2009,82.48355
Hungary,HUN,2010,65.51002
Hungary,HUN,2011,52.840027
Hungary,HUN,2012,73.26999
Hungary,HUN,2013,61.360035
Hungary,HUN,2014,78.46998
Hungary,HUN,2015,71.799995
Hungary,HUN,2016,69.44001
Hungary,HUN,2017,68.03994
Hungary,HUN,2018,72.869965
Hungary,HUN,2019,83.83003
Hungary,HUN,2020,79.700005
Hungary,HUN,2021,80.16002
Hungary,HUN,2022,88.66002
Hungary,HUN,2023,81.25996
Iceland,ISL,1961,41.41676
Iceland,ISL,1962,43.923615
Iceland,ISL,1963,45.18308
Iceland,ISL,1964,51.008396
Iceland,ISL,1965,50.040344
Iceland,ISL,1966,52.42761
Iceland,ISL,1967,50.162678
Iceland,ISL,1968,51.211052
Iceland,ISL,1969,45.56802
Iceland,ISL,1970,49.40158
Iceland,ISL,1971,48.303448
Iceland,ISL,1972,53.953224
Iceland,ISL,1973,55.48019
Iceland,ISL,1974,53.49208
Iceland,ISL,1975,51.943092
Iceland,ISL,1976,58.857563
Iceland,ISL,1977,61.904057
Iceland,ISL,1978,62.316845
Iceland,ISL,1979,63.696236
Iceland,ISL,1980,61.560307
Iceland,ISL,1981,63.247356
Iceland,ISL,1982,63.62734
Iceland,ISL,1983,58.86854
Iceland,ISL,1984,60.42031
Iceland,ISL,1985,54.256794
Iceland,ISL,1986,62.79718
Iceland,ISL,1987,68.274
Iceland,ISL,1988,100.11652
Iceland,ISL,1989,95.364174
Iceland,ISL,1990,80.72002
Iceland,ISL,1991,86.764175
Iceland,ISL,1992,89.73484
Iceland,ISL,1993,89.319984
Iceland,ISL,1994,85.088684
Iceland,ISL,1995,81.98156
Iceland,ISL,1996,81.59216
Iceland,ISL,1997,84.982185
Iceland,ISL,1998,83.28702
Iceland,ISL,1999,87.3428
Iceland,ISL,2000,99.20656
Iceland,ISL,2001,106.38368
Iceland,ISL,2002,113.86838
Iceland,ISL,2003,105.5798
Iceland,ISL,2004,107.21298
Iceland,ISL,2005,114.256935
Iceland,ISL,2006,135.64082
Iceland,ISL,2007,145.93245
Iceland,ISL,2008,139.60124
Iceland,ISL,2009,126.17396
Iceland,ISL,2010,130.30878
Iceland,ISL,2011,130.52042
Iceland,ISL,2012,138.86523
Iceland,ISL,2013,137.13959
Iceland,ISL,2014,143.54694
Iceland,ISL,2015,141.73488
Iceland,ISL,2016,150.87956
Iceland,ISL,2017,157.4568
Iceland,ISL,2018,138.88606
Iceland,ISL,2019,144.6164
Iceland,ISL,2020,129.66434
Iceland,ISL,2021,124.26767
Iceland,ISL,2022,129.96727
Iceland,ISL,2023,130.14034
India,IND,1961,26.332567
India,IND,1962,26.115967
India,IND,1963,26.006042
India,IND,1964,25.813494
India,IND,1965,26.54646
India,IND,1966,26.918915
India,IND,1967,26.727356
India,IND,1968,26.572433
India,IND,1969,26.22976
India,IND,1970,25.488592
India,IND,1971,26.177597
India,IND,1972,25.177229
India,IND,1973,25.205046
India,IND,1974,25.194223
India,IND,1975,24.581495
India,IND,1976,25.073936
India,IND,1977,25.078293
India,IND,1978,25.310366
India,IND,1979,25.76808
India,IND,1980,25.686735
India,IND,1981,25.730503
India,IND,1982,25.579245
India,IND,1983,26.090199
India,IND,1984,28.568848
India,IND,1985,28.03597
India,IND,1986,30.05038
India,IND,1987,28.93219
India,IND,1988,25.25661
India,IND,1989,26.747623
India,IND,1990,27.845585
India,IND,1991,27.866127
India,IND,1992,29.56594
India,IND,1993,32.484367
India,IND,1994,34.011757
India,IND,1995,32.576725
India,IND,1996,34.52829
India,IND,1997,35.86591
India,IND,1998,37.85982
India,IND,1999,37.704052
India,IND,2000,34.935074
India,IND,2001,35.41504
India,IND,2002,33.86286
India,IND,2003,35.45396
India,IND,2004,36.58445
India,IND,2005,38.060318
India,IND,2006,41.915176
India,IND,2007,44.779915
India,IND,2008,48.16584
India,IND,2009,47.818207
India,IND,2010,51.989998
India,IND,2011,49.93
India,IND,2012,50.87
India,IND,2013,55.21
India,IND,2014,58.220005
India,IND,2015,57.03
India,IND,2016,56.949997
India,IND,2017,60.25
India,IND,2018,61.779995
India,IND,2019,62.409996
India,IND,2020,63.040005
India,IND,2021,62.98
India,IND,2022,64.76
India,IND,2023,65.64
Indonesia,IDN,1961,22.66715
Indonesia,IDN,1962,22.074831
Indonesia,IDN,1963,22.93845
Indonesia,IDN,1964,22.429636
Indonesia,IDN,1965,23.339203
Indonesia,IDN,1966,23.38286
Indonesia,IDN,1967,23.049118
Indonesia,IDN,1968,23.197517
Indonesia,IDN,1969,23.953552
Indonesia,IDN,1970,27.654402
Indonesia,IDN,1971,26.237871
Indonesia,IDN,1972,27.103306
Indonesia,IDN,1973,29.324873
Indonesia,IDN,1974,27.774979
Indonesia,IDN,1975,25.539398
Indonesia,IDN,1976,19.91059
Indonesia,IDN,1977,24.323965
Indonesia,IDN,1978,20.502985
Indonesia,IDN,1979,23.429596
Indonesia,IDN,1980,25.75806
Indonesia,IDN,1981,27.043667
Indonesia,IDN,1982,27.059877
Indonesia,IDN,1983,25.775524
Indonesia,IDN,1984,28.30122
Indonesia,IDN,1985,25.979618
Indonesia,IDN,1986,29.506285
Indonesia,IDN,1987,27.765429
Indonesia,IDN,1988,27.809017
Indonesia,IDN,1989,25.335482
Indonesia,IDN,1990,26.361595
Indonesia,IDN,1991,27.378136
Indonesia,IDN,1992,27.244654
Indonesia,IDN,1993,27.214851
Indonesia,IDN,1994,30.987156
Indonesia,IDN,1995,41.68969
Indonesia,IDN,1996,33.41477
Indonesia,IDN,1997,34.13332
Indonesia,IDN,1998,30.125513
Indonesia,IDN,1999,30.92038
Indonesia,IDN,2000,34.926666
Indonesia,IDN,2001,39.569405
Indonesia,IDN,2002,45.92427
Indonesia,IDN,2003,50.1338
Indonesia,IDN,2004,56.438423
Indonesia,IDN,2005,56.66678
Indonesia,IDN,2006,60.871483
Indonesia,IDN,2007,60.8751
Indonesia,IDN,2008,63.603928
Indonesia,IDN,2009,66.04563
Indonesia,IDN,2010,55.589996
Indonesia,IDN,2011,60.37
Indonesia,IDN,2012,64.61
Indonesia,IDN,2013,59.94
Indonesia,IDN,2014,61.950005
Indonesia,IDN,2015,67.31
Indonesia,IDN,2016,60.689995
Indonesia,IDN,2017,63.57
Indonesia,IDN,2018,65.5
Indonesia,IDN,2019,65.74
Indonesia,IDN,2020,75.00001
Indonesia,IDN,2021,77.49
Indonesia,IDN,2022,84.55
Indonesia,IDN,2023,85.38
Iran,IRN,1961,41.413948
Iran,IRN,1962,41.690556
Iran,IRN,1963,39.57167
Iran,IRN,1964,42.58242
Iran,IRN,1965,43.837257
Iran,IRN,1966,43.73488
Iran,IRN,1967,44.673214
Iran,IRN,1968,44.30986
Iran,IRN,1969,47.627518
Iran,IRN,1970,48.389786
Iran,IRN,1971,47.357075
Iran,IRN,1972,53.083553
Iran,IRN,1973,52.920116
Iran,IRN,1974,63.11299
Iran,IRN,1975,66.3727
Iran,IRN,1976,72.97458
Iran,IRN,1977,68.98452
Iran,IRN,1978,65.111786
Iran,IRN,1979,63.260815
Iran,IRN,1980,66.80413
Iran,IRN,1981,75.76724
Iran,IRN,1982,85.02325
Iran,IRN,1983,86.077736
Iran,IRN,1984,87.265495
Iran,IRN,1985,94.58029
Iran,IRN,1986,96.25639
Iran,IRN,1987,95.75415
Iran,IRN,1988,108.602646
Iran,IRN,1989,99.587074
Iran,IRN,1990,105.763054
Iran,IRN,1991,103.47214
Iran,IRN,1992,115.537186
Iran,IRN,1993,125.70892
Iran,IRN,1994,135.5206
Iran,IRN,1995,139.19032
Iran,IRN,1996,142.05983
Iran,IRN,1997,152.22093
Iran,IRN,1998,152.48886
Iran,IRN,1999,154.83018
Iran,IRN,2000,155.55191
Iran,IRN,2001,156.13283
Iran,IRN,2002,157.3395
Iran,IRN,2003,158.9551
Iran,IRN,2004,154.11786
Iran,IRN,2005,167.31168
Iran,IRN,2006,154.21133
Iran,IRN,2007,151.96786
Iran,IRN,2008,164.42354
Iran,IRN,2009,148.72536
Iran,IRN,2010,142.66998
Iran,IRN,2011,153.48
Iran,IRN,2012,155.63998
Iran,IRN,2013,159.04
Iran,IRN,2014,137.3
Iran,IRN,2015,142.78998
Iran,IRN,2016,120.95999
Iran,IRN,2017,119.94998
Iran,IRN,2018,129.59
Iran,IRN,2019,137.22
Iran,IRN,2020,136.85999
Iran,IRN,2021,138.47
Iran,IRN,2022,117.840004
Iran,IRN,2023,123.37001
Iraq,IRQ,1961,30.56677
Iraq,IRQ,1962,32.21188
Iraq,IRQ,1963,31.574799
Iraq,IRQ,1964,31.301603
Iraq,IRQ,1965,31.105639
Iraq,IRQ,1966,31.646881
Iraq,IRQ,1967,28.413929
Iraq,IRQ,1968,30.122406
Iraq,IRQ,1969,31.04144
Iraq,IRQ,1970,29.66554
Iraq,IRQ,1971,30.856075
Iraq,IRQ,1972,35.6512
Iraq,IRQ,1973,38.43445
Iraq,IRQ,1974,47.343643
Iraq,IRQ,1975,53.7806
Iraq,IRQ,1976,59.886463
Iraq,IRQ,1977,67.36249
Iraq,IRQ,1978,73.97344
Iraq,IRQ,1979,65.88546
Iraq,IRQ,1980,51.831593
Iraq,IRQ,1981,61.57933
Iraq,IRQ,1982,64.233116
Iraq,IRQ,1983,64.87315
Iraq,IRQ,1984,71.284874
Iraq,IRQ,1985,71.09961
Iraq,IRQ,1986,66.67312
Iraq,IRQ,1987,61.878532
Iraq,IRQ,1988,62.496056
Iraq,IRQ,1989,60.166134
Iraq,IRQ,1990,62.773502
Iraq,IRQ,1991,62.968704
Iraq,IRQ,1992,64.1514
Iraq,IRQ,1993,64.678925
Iraq,IRQ,1994,56.600197
Iraq,IRQ,1995,56.319828
Iraq,IRQ,1996,55.266426
Iraq,IRQ,1997,51.279243
Iraq,IRQ,1998,52.679546
Iraq,IRQ,1999,47.351315
Iraq,IRQ,2000,42.117455
Iraq,IRQ,2001,44.221947
Iraq,IRQ,2002,43.87393
Iraq,IRQ,2003,37.396126
Iraq,IRQ,2004,21.482058
Iraq,IRQ,2005,25.818222
Iraq,IRQ,2006,30.989878
Iraq,IRQ,2007,25.925163
Iraq,IRQ,2008,24.776384
Iraq,IRQ,2009,28.990719
Iraq,IRQ,2010,34.14582
Iraq,IRQ,2011,34.909184
Iraq,IRQ,2012,34.19727
Iraq,IRQ,2013,35.140774
Iraq,IRQ,2014,39.4551
Iraq,IRQ,2015,38.314323
Iraq,IRQ,2016,40.956104
Iraq,IRQ,2017,49.95359
Iraq,IRQ,2018,54.10494
Iraq,IRQ,2019,54.499496
Iraq,IRQ,2020,55.262867
Iraq,IRQ,2021,51.892036
Iraq,IRQ,2022,56.83249
Iraq,IRQ,2023,47.58627
Ireland,IRL,1961,39.816517
Ireland,IRL,1962,43.45371
Ireland,IRL,1963,47.165688
Ireland,IRL,1964,43.438168
Ireland,IRL,1965,45.389095
Ireland,IRL,1966,47.77882
Ireland,IRL,1967,49.66717
Ireland,IRL,1968,49.5875
Ireland,IRL,1969,51.975754
Ireland,IRL,1970,50.19707
Ireland,IRL,1971,51.463787
Ireland,IRL,1972,51.391235
Ireland,IRL,1973,50.849297
Ireland,IRL,1974,51.20979
Ireland,IRL,1975,47.958458
Ireland,IRL,1976,50.667847
Ireland,IRL,1977,48.73266
Ireland,IRL,1978,52.43001
Ireland,IRL,1979,54.11515
Ireland,IRL,1980,58.196995
Ireland,IRL,1981,58.82112
Ireland,IRL,1982,61.77475
Ireland,IRL,1983,60.14386
Ireland,IRL,1984,62.254528
Ireland,IRL,1985,60.156387
Ireland,IRL,1986,62.241833
Ireland,IRL,1987,70.77232
Ireland,IRL,1988,69.95659
Ireland,IRL,1989,70.196434
Ireland,IRL,1990,75.96541
Ireland,IRL,1991,61.8354
Ireland,IRL,1992,65.01749
Ireland,IRL,1993,68.25633
Ireland,IRL,1994,68.579544
Ireland,IRL,1995,57.44485
Ireland,IRL,1996,84.06828
Ireland,IRL,1997,64.9995
Ireland,IRL,1998,62.32149
Ireland,IRL,1999,54.861656
Ireland,IRL,2000,66.75476
Ireland,IRL,2001,80.31271
Ireland,IRL,2002,111.24364
Ireland,IRL,2003,135.61078
Ireland,IRL,2004,121.42237
Ireland,IRL,2005,111.8631
Ireland,IRL,2006,110.80841
Ireland,IRL,2007,135.82497
Ireland,IRL,2008,145.1219
Ireland,IRL,2009,138.9606
Ireland,IRL,2010,129.02989
Ireland,IRL,2011,115.65993
Ireland,IRL,2012,146.05983
Ireland,IRL,2013,154.02014
Ireland,IRL,2014,147.61014
Ireland,IRL,2015,165.16975
Ireland,IRL,2016,165.03978
Ireland,IRL,2017,172.95006
Ireland,IRL,2018,172.92003
Ireland,IRL,2019,151.1999
Ireland,IRL,2020,146.40022
Ireland,IRL,2021,100.600044
Ireland,IRL,2022,102.9701
Ireland,IRL,2023,106.930016
Israel,ISR,1961,160.82027
Israel,ISR,1962,149.41975
Israel,ISR,1963,144.601
Israel,ISR,1964,220.33307
Israel,ISR,1965,165.98158
Israel,ISR,1966,175.0836
Israel,ISR,1967,188.04456
Israel,ISR,1968,201.64397
Israel,ISR,1969,166.53069
Israel,ISR,1970,163.32341
Israel,ISR,1971,194.61932
Israel,ISR,1972,217.57399
Israel,ISR,1973,245.23418
Israel,ISR,1974,224.6209
Israel,ISR,1975,163.27539
Israel,ISR,1976,180.73769
Israel,ISR,1977,165.75172
Israel,ISR,1978,138.56529
Israel,ISR,1979,147.19786
Israel,ISR,1980,140.75702
Israel,ISR,1981,145.41663
Israel,ISR,1982,232.55156
Israel,ISR,1983,198.58582
Israel,ISR,1984,187.63141
Israel,ISR,1985,169.43205
Israel,ISR,1986,153.03357
Israel,ISR,1987,159.41069
Israel,ISR,1988,134.22937
Israel,ISR,1989,137.39665
Israel,ISR,1990,175.66412
Israel,ISR,1991,126.14289
Israel,ISR,1992,158.52538
Israel,ISR,1993,154.57848
Israel,ISR,1994,125.6775
Israel,ISR,1995,127.32712
Israel,ISR,1996,144.73239
Israel,ISR,1997,155.74422
Israel,ISR,1998,132.35968
Israel,ISR,1999,135.43373
Israel,ISR,2000,138.44258
Israel,ISR,2001,153.17223
Israel,ISR,2002,155.30804
Israel,ISR,2003,137.43039
Israel,ISR,2004,165.53568
Israel,ISR,2005,185.14764
Israel,ISR,2006,145.32182
Israel,ISR,2007,135.7144
Israel,ISR,2008,119.40961
Israel,ISR,2009,139.60323
Israel,ISR,2010,108.34992
Israel,ISR,2011,99.67996
Israel,ISR,2012,106.00999
Israel,ISR,2013,99.50014
Israel,ISR,2014,97.36009
Israel,ISR,2015,102.759926
Israel,ISR,2016,119.53005
Israel,ISR,2017,114.99005
Israel,ISR,2018,102.22004
Israel,ISR,2019,109.390045
Israel,ISR,2020,109.59
Israel,ISR,2021,115.33993
Israel,ISR,2022,131.13011
Israel,ISR,2023,117.789986
Italy,ITA,1961,96.44815
Italy,ITA,1962,96.39467
Italy,ITA,1963,110.84857
Italy,ITA,1964,114.11917
Italy,ITA,1965,112.45938
Italy,ITA,1966,118.966255
Italy,ITA,1967,120.22602
Italy,ITA,1968,125.03526
Italy,ITA,1969,125.60586
Italy,ITA,1970,129.04971
Italy,ITA,1971,125.33181
Italy,ITA,1972,119.534225
Italy,ITA,1973,121.97183
Italy,ITA,1974,117.95363
Italy,ITA,1975,112.47497
Italy,ITA,1976,120.73032
Italy,ITA,1977,104.20599
Italy,ITA,1978,109.16414
Italy,ITA,1979,106.32612
Italy,ITA,1980,112.318245
Italy,ITA,1981,110.18084
Italy,ITA,1982,118.96963
Italy,ITA,1983,118.917336
Italy,ITA,1984,117.98912
Italy,ITA,1985,114.7013
Italy,ITA,1986,119.2494
Italy,ITA,1987,119.984474
Italy,ITA,1988,122.39439
Italy,ITA,1989,127.72666
Italy,ITA,1990,128.32962
Italy,ITA,1991,124.64681
Italy,ITA,1992,145.74825
Italy,ITA,1993,136.5892
Italy,ITA,1994,127.24112
Italy,ITA,1995,118.36339
Italy,ITA,1996,128.21312
Italy,ITA,1997,117.51557
Italy,ITA,1998,119.35331
Italy,ITA,1999,136.24889
Italy,ITA,2000,145.71815
Italy,ITA,2001,133.3235
Italy,ITA,2002,143.6808
Italy,ITA,2003,134.37794
Italy,ITA,2004,155.04018
Italy,ITA,2005,153.98973
Italy,ITA,2006,162.34918
Italy,ITA,2007,162.61133
Italy,ITA,2008,156.46614
Italy,ITA,2009,175.30988
Italy,ITA,2010,160.95
Italy,ITA,2011,151.88998
Italy,ITA,2012,137.64996
Italy,ITA,2013,146.13002
Italy,ITA,2014,126.89001
Italy,ITA,2015,132.31001
Italy,ITA,2016,126.860016
Italy,ITA,2017,126.93001
Italy,ITA,2018,127.840004
Italy,ITA,2019,123.46001
Italy,ITA,2020,133.73001
Italy,ITA,2021,126.94
Italy,ITA,2022,137.71002
Italy,ITA,2023,121.10999
Jamaica,JAM,1961,116.668076
Jamaica,JAM,1962,127.14188
Jamaica,JAM,1963,122.666405
Jamaica,JAM,1964,125.85299
Jamaica,JAM,1965,114.50108
Jamaica,JAM,1966,107.41929
Jamaica,JAM,1967,115.48219
Jamaica,JAM,1968,101.60582
Jamaica,JAM,1969,93.834694
Jamaica,JAM,1970,100.07786
Jamaica,JAM,1971,109.2643
Jamaica,JAM,1972,123.101006
Jamaica,JAM,1973,111.41524
Jamaica,JAM,1974,107.95434
Jamaica,JAM,1975,102.52407
Jamaica,JAM,1976,99.04292
Jamaica,JAM,1977,103.15598
Jamaica,JAM,1978,110.21656
Jamaica,JAM,1979,106.57626
Jamaica,JAM,1980,114.60565
Jamaica,JAM,1981,114.891785
Jamaica,JAM,1982,125.348076
Jamaica,JAM,1983,125.93193
Jamaica,JAM,1984,116.97016
Jamaica,JAM,1985,118.09611
Jamaica,JAM,1986,113.88968
Jamaica,JAM,1987,125.517555
Jamaica,JAM,1988,121.02436
Jamaica,JAM,1989,125.38452
Jamaica,JAM,1990,102.852875
Jamaica,JAM,1991,92.0021
Jamaica,JAM,1992,95.437675
Jamaica,JAM,1993,102.78647
Jamaica,JAM,1994,133.81813
Jamaica,JAM,1995,131.15755
Jamaica,JAM,1996,145.05603
Jamaica,JAM,1997,140.97691
Jamaica,JAM,1998,135.91306
Jamaica,JAM,1999,147.66296
Jamaica,JAM,2000,138.93033
Jamaica,JAM,2001,146.5282
Jamaica,JAM,2002,144.39346
Jamaica,JAM,2003,153.58131
Jamaica,JAM,2004,148.16393
Jamaica,JAM,2005,125.63251
Jamaica,JAM,2006,131.8967
Jamaica,JAM,2007,124.85223
Jamaica,JAM,2008,107.56759
Jamaica,JAM,2009,119.79279
Jamaica,JAM,2010,117.059875
Jamaica,JAM,2011,118.32987
Jamaica,JAM,2012,115.08991
Jamaica,JAM,2013,107.92004
Jamaica,JAM,2014,110.009766
Jamaica,JAM,2015,111.609764
Jamaica,JAM,2016,116.44962
Jamaica,JAM,2017,118.809784
Jamaica,JAM,2018,120.71988
Jamaica,JAM,2019,125.839775
Jamaica,JAM,2020,125.699776
Jamaica,JAM,2021,129.88
Jamaica,JAM,2022,148.19946
Jamaica,JAM,2023,144.07027
Japan,JPN,1961,28.558998
Japan,JPN,1962,29.16063
Japan,JPN,1963,32.795357
Japan,JPN,1964,36.72235
Japan,JPN,1965,37.618786
Japan,JPN,1966,42.63148
Japan,JPN,1967,43.655113
Japan,JPN,1968,50.825127
Japan,JPN,1969,49.020367
Japan,JPN,1970,52.34363
Japan,JPN,1971,51.893593
Japan,JPN,1972,61.96611
Japan,JPN,1973,61.051655
Japan,JPN,1974,58.13486
Japan,JPN,1975,60.49623
Japan,JPN,1976,55.69193
Japan,JPN,1977,59.52066
Japan,JPN,1978,55.639713
Japan,JPN,1979,60.372482
Japan,JPN,1980,54.460407
Japan,JPN,1981,52.091473
Japan,JPN,1982,54.980095
Japan,JPN,1983,54.97224
Japan,JPN,1984,46.9706
Japan,JPN,1985,51.517986
Japan,JPN,1986,51.859085
Japan,JPN,1987,54.961468
Japan,JPN,1988,51.457623
Japan,JPN,1989,51.706184
Japan,JPN,1990,49.741764
Japan,JPN,1991,46.61907
Japan,JPN,1992,51.308617
Japan,JPN,1993,49.398243
Japan,JPN,1994,51.597374
Japan,JPN,1995,52.72611
Japan,JPN,1996,49.561253
Japan,JPN,1997,52.736786
Japan,JPN,1998,46.998936
Japan,JPN,1999,52.67564
Japan,JPN,2000,50.888588
Japan,JPN,2001,52.998905
Japan,JPN,2002,55.833557
Japan,JPN,2003,54.733704
Japan,JPN,2004,57.139996
Japan,JPN,2005,59.8794
Japan,JPN,2006,54.808716
Japan,JPN,2007,57.451347
Japan,JPN,2008,54.690464
Japan,JPN,2009,52.17607
Japan,JPN,2010,47.490402
Japan,JPN,2011,49.275677
Japan,JPN,2012,50.510532
Japan,JPN,2013,49.462673
Japan,JPN,2014,48.836224
Japan,JPN,2015,48.240547
Japan,JPN,2016,47.318115
Japan,JPN,2017,45.9142
Japan,JPN,2018,47.26384
Japan,JPN,2019,45.233585
Japan,JPN,2020,46.218914
Japan,JPN,2021,43.73558
Japan,JPN,2022,44.712715
Jordan,JOR,1961,157.70558
Jordan,JOR,1962,163.41855
Jordan,JOR,1963,153.0471
Jordan,JOR,1964,162.10638
Jordan,JOR,1965,177.52556
Jordan,JOR,1966,149.94531
Jordan,JOR,1967,146.59094
Jordan,JOR,1968,74.357925
Jordan,JOR,1969,56.8917
Jordan,JOR,1970,46.387775
Jordan,JOR,1971,41.438946
Jordan,JOR,1972,39.1027
Jordan,JOR,1973,42.7055
Jordan,JOR,1974,48.145298
Jordan,JOR,1975,28.514544
Jordan,JOR,1976,38.67286
Jordan,JOR,1977,60.573467
Jordan,JOR,1978,55.622402
Jordan,JOR,1979,47.71025
Jordan,JOR,1980,48.832077
Jordan,JOR,1981,47.645
Jordan,JOR,1982,66.97069
Jordan,JOR,1983,67.37114
Jordan,JOR,1984,45.30761
Jordan,JOR,1985,55.67364
Jordan,JOR,1986,48.10803
Jordan,JOR,1987,58.365376
Jordan,JOR,1988,71.716415
Jordan,JOR,1989,62.67327
Jordan,JOR,1990,67.48608
Jordan,JOR,1991,61.40428
Jordan,JOR,1992,60.583347
Jordan,JOR,1993,62.86993
Jordan,JOR,1994,65.93349
Jordan,JOR,1995,66.49864
Jordan,JOR,1996,46.08184
Jordan,JOR,1997,53.247974
Jordan,JOR,1998,54.79948
Jordan,JOR,1999,42.74692
Jordan,JOR,2000,48.24568
Jordan,JOR,2001,50.179752
Jordan,JOR,2002,58.66757
Jordan,JOR,2003,50.90039
Jordan,JOR,2004,53.187515
Jordan,JOR,2005,49.49144
Jordan,JOR,2006,47.276073
Jordan,JOR,2007,38.481346
Jordan,JOR,2008,40.574375
Jordan,JOR,2009,43.853493
Jordan,JOR,2010,50.169956
Jordan,JOR,2011,51.809925
Jordan,JOR,2012,52.699978
Jordan,JOR,2013,48.35999
Jordan,JOR,2014,44.889973
Jordan,JOR,2015,47.930004
Jordan,JOR,2016,51.370007
Jordan,JOR,2017,43.270016
Jordan,JOR,2018,38.03
Jordan,JOR,2019,35.419987
Jordan,JOR,2020,36.459995
Jordan,JOR,2021,33.14001
Jordan,JOR,2022,34.549973
Jordan,JOR,2023,40.849964
Kazakhstan,KAZ,1992,13.406637
Kazakhstan,KAZ,1993,9.922541
Kazakhstan,KAZ,1994,9.777504
Kazakhstan,KAZ,1995,10.521237
Kazakhstan,KAZ,1996,8.981225
Kazakhstan,KAZ,1997,8.547628
Kazakhstan,KAZ,1998,6.333346
Kazakhstan,KAZ,1999,8.253766
Kazakhstan,KAZ,2000,14.913473
Kazakhstan,KAZ,2001,13.983624
Kazakhstan,KAZ,2002,16.017729
Kazakhstan,KAZ,2003,15.340474
Kazakhstan,KAZ,2004,22.88397
Kazakhstan,KAZ,2005,24.942963
Kazakhstan,KAZ,2006,23.846973
Kazakhstan,KAZ,2007,32.18941
Kazakhstan,KAZ,2008,31.54063
Kazakhstan,KAZ,2009,38.25201
Kazakhstan,KAZ,2010,44.45001
Kazakhstan,KAZ,2011,60.380016
Kazakhstan,KAZ,2012,68.489975
Kazakhstan,KAZ,2013,70.10999
Kazakhstan,KAZ,2014,73.65998
Kazakhstan,KAZ,2015,69.32998
Kazakhstan,KAZ,2016,70.67
Kazakhstan,KAZ,2017,66.83999
Kazakhstan,KAZ,2018,61.14002
Kazakhstan,KAZ,2019,54.700012
Kazakhstan,KAZ,2020,59.55001
Kazakhstan,KAZ,2021,65.67998
Kazakhstan,KAZ,2022,70.24999
Kazakhstan,KAZ,2023,63.54997
Kenya,KEN,1961,55.382244
Kenya,KEN,1962,55.147007
Kenya,KEN,1963,51.726036
Kenya,KEN,1964,59.10489
Kenya,KEN,1965,48.02333
Kenya,KEN,1966,46.326015
Kenya,KEN,1967,43.71486
Kenya,KEN,1968,42.34215
Kenya,KEN,1969,40.780964
Kenya,KEN,1970,40.12348
Kenya,KEN,1971,38.83061
Kenya,KEN,1972,38.299923
Kenya,KEN,1973,37.416924
Kenya,KEN,1974,36.763294
Kenya,KEN,1975,26.110296
Kenya,KEN,1976,25.810778
Kenya,KEN,1977,25.85473
Kenya,KEN,1978,26.489721
Kenya,KEN,1979,58.579334
Kenya,KEN,1980,57.9895
Kenya,KEN,1981,56.725185
Kenya,KEN,1982,55.804424
Kenya,KEN,1983,49.981297
Kenya,KEN,1984,49.895
Kenya,KEN,1985,49.24785
Kenya,KEN,1986,50.647907
Kenya,KEN,1987,48.825527
Kenya,KEN,1988,45.001373
Kenya,KEN,1989,46.208286
Kenya,KEN,1990,45.37079
Kenya,KEN,1991,47.179432
Kenya,KEN,1992,60.912415
Kenya,KEN,1993,61.00414
Kenya,KEN,1994,47.507435
Kenya,KEN,1995,41.175823
Kenya,KEN,1996,43.90113
Kenya,KEN,1997,52.53882
Kenya,KEN,1998,63.859985
Kenya,KEN,1999,63.51369
Kenya,KEN,2000,58.694675
Kenya,KEN,2001,61.16496
Kenya,KEN,2002,59.337418
Kenya,KEN,2003,48.99527
Kenya,KEN,2004,54.610546
Kenya,KEN,2005,57.15325
Kenya,KEN,2006,55.22911
Kenya,KEN,2007,54.87666
Kenya,KEN,2008,65.36939
Kenya,KEN,2009,66.05159
Kenya,KEN,2010,63.84
Kenya,KEN,2011,49.589993
Kenya,KEN,2012,50.579994
Kenya,KEN,2013,54.45999
Kenya,KEN,2014,63.85
Kenya,KEN,2015,54.310005
Kenya,KEN,2016,54.740013
Kenya,KEN,2017,52.630016
Kenya,KEN,2018,54.79
Kenya,KEN,2019,60.02
Kenya,KEN,2020,63.99
Kenya,KEN,2021,63.960007
Kenya,KEN,2022,64.5
Kenya,KEN,2023,79.20999
Kiribati,KIR,1961,41.210415
Kiribati,KIR,1962,41.213028
Kiribati,KIR,1963,43.36692
Kiribati,KIR,1964,44.536907
Kiribati,KIR,1965,45.761806
Kiribati,KIR,1966,46.535843
Kiribati,KIR,1967,48.10237
Kiribati,KIR,1968,50.911156
Kiribati,KIR,1969,50.054806
Kiribati,KIR,1970,50.77629
Kiribati,KIR,1971,50.85816
Kiribati,KIR,1972,53.39588
Kiribati,KIR,1973,54.31664
Kiribati,KIR,1974,54.85572
Kiribati,KIR,1975,58.297684
Kiribati,KIR,1976,59.01027
Kiribati,KIR,1977,60.851456
Kiribati,KIR,1978,61.841076
Kiribati,KIR,1979,63.95185
Kiribati,KIR,1980,65.00736
Kiribati,KIR,1981,64.690605
Kiribati,KIR,1982,64.6402
Kiribati,KIR,1983,63.823288
Kiribati,KIR,1984,64.36355
Kiribati,KIR,1985,64.47962
Kiribati,KIR,1986,64.292366
Kiribati,KIR,1987,64.023285
Kiribati,KIR,1988,58.61068
Kiribati,KIR,1989,54.604725
Kiribati,KIR,1990,60.40576
Kiribati,KIR,1991,61.90954
Kiribati,KIR,1992,61.254013
Kiribati,KIR,1993,69.943054
Kiribati,KIR,1994,61.36219
Kiribati,KIR,1995,60.032246
Kiribati,KIR,1996,63.55192
Kiribati,KIR,1997,58.13227
Kiribati,KIR,1998,61.527687
Kiribati,KIR,1999,62.540077
Kiribati,KIR,2000,71.938576
Kiribati,KIR,2001,64.345764
Kiribati,KIR,2002,58.143497
Kiribati,KIR,2003,50.11859
Kiribati,KIR,2004,60.50585
Kiribati,KIR,2005,65.6882
Kiribati,KIR,2006,63.07594
Kiribati,KIR,2007,62.72519
Kiribati,KIR,2008,63.09637
Kiribati,KIR,2009,65.97808
Kiribati,KIR,2010,67.44945
Kiribati,KIR,2011,71.223564
Kiribati,KIR,2012,71.96167
Kiribati,KIR,2013,73.1555
Kiribati,KIR,2014,71.06445
Kiribati,KIR,2015,70.18039
Kiribati,KIR,2016,70.07527
Kiribati,KIR,2017,72.57913
Kiribati,KIR,2018,73.42978
Kiribati,KIR,2019,68.60557
Kiribati,KIR,2020,72.324265
Kiribati,KIR,2021,77.19579
Kiribati,KIR,2022,69.2931
Kiribati,KIR,2023,69.69474
Kuwait,KWT,1961,57.942116
Kuwait,KWT,1962,55.33954
Kuwait,KWT,1963,55.875168
Kuwait,KWT,1964,59.604774
Kuwait,KWT,1965,78.203156
Kuwait,KWT,1966,83.24326
Kuwait,KWT,1967,91.70128
Kuwait,KWT,1968,94.47588
Kuwait,KWT,1969,80.03419
Kuwait,KWT,1970,87.06703
Kuwait,KWT,1971,83.28645
Kuwait,KWT,1972,83.54818
Kuwait,KWT,1973,78.00656
Kuwait,KWT,1974,78.75614
Kuwait,KWT,1975,89.84504
Kuwait,KWT,1976,87.471924
Kuwait,KWT,1977,80.01584
Kuwait,KWT,1978,90.42612
Kuwait,KWT,1979,93.994576
Kuwait,KWT,1980,96.1839
Kuwait,KWT,1981,93.652
Kuwait,KWT,1982,100.428055
Kuwait,KWT,1983,98.781105
Kuwait,KWT,1984,101.82612
Kuwait,KWT,1985,100.78131
Kuwait,KWT,1986,90.86354
Kuwait,KWT,1987,96.33635
Kuwait,KWT,1988,92.15599
Kuwait,KWT,1989,89.50156
Kuwait,KWT,1990,57.722397
Kuwait,KWT,1991,22.465542
Kuwait,KWT,1992,69.648155
Kuwait,KWT,1993,80.041664
Kuwait,KWT,1994,92.411995
Kuwait,KWT,1995,96.479454
Kuwait,KWT,1996,96.652435
Kuwait,KWT,1997,95.65111
Kuwait,KWT,1998,91.239555
Kuwait,KWT,1999,91.204506
Kuwait,KWT,2000,96.70836
Kuwait,KWT,2001,96.30129
Kuwait,KWT,2002,52.940243
Kuwait,KWT,2003,50.064655
Kuwait,KWT,2004,53.777
Kuwait,KWT,2005,61.15695
Kuwait,KWT,2006,95.92401
Kuwait,KWT,2007,79.730095
Kuwait,KWT,2008,65.80145
Kuwait,KWT,2009,77.28826
Kuwait,KWT,2010,60.21992
Kuwait,KWT,2011,88.49986
Kuwait,KWT,2012,103.050156
Kuwait,KWT,2013,142.0898
Kuwait,KWT,2014,131.98003
Kuwait,KWT,2015,119.79953
Kuwait,KWT,2016,115.79983
Kuwait,KWT,2017,83.01988
Kuwait,KWT,2018,75.57002
Kuwait,KWT,2019,127.98968
Kuwait,KWT,2020,122.07984
Kuwait,KWT,2021,98.04983
Kuwait,KWT,2022,97.11991
Kuwait,KWT,2023,92.79998
Kyrgyzstan,KGZ,1992,25.774197
Kyrgyzstan,KGZ,1993,8.981253
Kyrgyzstan,KGZ,1994,12.830104
Kyrgyzstan,KGZ,1995,8.611874
Kyrgyzstan,KGZ,1996,5.961481
Kyrgyzstan,KGZ,1997,11.065491
Kyrgyzstan,KGZ,1998,11.549389
Kyrgyzstan,KGZ,1999,8.558423
Kyrgyzstan,KGZ,2000,26.672388
Kyrgyzstan,KGZ,2001,30.85071
Kyrgyzstan,KGZ,2002,29.68796
Kyrgyzstan,KGZ,2003,27.892382
Kyrgyzstan,KGZ,2004,35.507915
Kyrgyzstan,KGZ,2005,33.463814
Kyrgyzstan,KGZ,2006,46.063118
Kyrgyzstan,KGZ,2007,40.978268
Kyrgyzstan,KGZ,2008,30.486301
Kyrgyzstan,KGZ,2009,31.465076
Kyrgyzstan,KGZ,2010,24.889984
Kyrgyzstan,KGZ,2011,26.409966
Kyrgyzstan,KGZ,2012,25.219995
Kyrgyzstan,KGZ,2013,27.279982
Kyrgyzstan,KGZ,2014,36.309986
Kyrgyzstan,KGZ,2015,35.810024
Kyrgyzstan,KGZ,2016,40.45
Kyrgyzstan,KGZ,2017,38.53001
Kyrgyzstan,KGZ,2018,35.349983
Kyrgyzstan,KGZ,2019,30.189972
Kyrgyzstan,KGZ,2020,28.599989
Kyrgyzstan,KGZ,2021,30.599987
Kyrgyzstan,KGZ,2022,33.079994
Kyrgyzstan,KGZ,2023,39.549984
Land Locked Developing Countries (FAO),,1961,52.19
Land Locked Developing Countries (FAO),,1962,57.51
Land Locked Developing Countries (FAO),,1963,52.97
Land Locked Developing Countries (FAO),,1964,57
Land Locked Developing Countries (FAO),,1965,58.4
Land Locked Developing Countries (FAO),,1966,56.92
Land Locked Developing Countries (FAO),,1967,66.12
Land Locked Developing Countries (FAO),,1968,68.44
Land Locked Developing Countries (FAO),,1969,65.22
Land Locked Developing Countries (FAO),,1970,61.77
Land Locked Developing Countries (FAO),,1971,59.55
Land Locked Developing Countries (FAO),,1972,61.23
Land Locked Developing Countries (FAO),,1973,62.7
Land Locked Developing Countries (FAO),,1974,61.45
Land Locked Developing Countries (FAO),,1975,62.14
Land Locked Developing Countries (FAO),,1976,60.05
Land Locked Developing Countries (FAO),,1977,58.13
Land Locked Developing Countries (FAO),,1978,59.51
Land Locked Developing Countries (FAO),,1979,66.85
Land Locked Developing Countries (FAO),,1980,64.8
Land Locked Developing Countries (FAO),,1981,65.44
Land Locked Developing Countries (FAO),,1982,69.68
Land Locked Developing Countries (FAO),,1983,68.97
Land Locked Developing Countries (FAO),,1984,65.39
Land Locked Developing Countries (FAO),,1985,69.29
Land Locked Developing Countries (FAO),,1986,67.16
Land Locked Developing Countries (FAO),,1987,67.8
Land Locked Developing Countries (FAO),,1988,68.46
Land Locked Developing Countries (FAO),,1989,72.48
Land Locked Developing Countries (FAO),,1990,69.6
Land Locked Developing Countries (FAO),,1991,71.53
Land Locked Developing Countries (FAO),,1992,57.74
Land Locked Developing Countries (FAO),,1993,45.38
Land Locked Developing Countries (FAO),,1994,45.22
Land Locked Developing Countries (FAO),,1995,47.52
Land Locked Developing Countries (FAO),,1996,46.26
Land Locked Developing Countries (FAO),,1997,46.17
Land Locked Developing Countries (FAO),,1998,46.01
Land Locked Developing Countries (FAO),,1999,46.57
Land Locked Developing Countries (FAO),,2000,46.49
Land Locked Developing Countries (FAO),,2001,45.54
Land Locked Developing Countries (FAO),,2002,48.15
Land Locked Developing Countries (FAO),,2003,45.67
Land Locked Developing Countries (FAO),,2004,46.35
Land Locked Developing Countries (FAO),,2005,46.58
Land Locked Developing Countries (FAO),,2006,48.12
Land Locked Developing Countries (FAO),,2007,48.57
Land Locked Developing Countries (FAO),,2008,46.09
Land Locked Developing Countries (FAO),,2009,48.34
Land Locked Developing Countries (FAO),,2010,49.25
Land Locked Developing Countries (FAO),,2011,49.86
Land Locked Developing Countries (FAO),,2012,51.87
Land Locked Developing Countries (FAO),,2013,53.87
Land Locked Developing Countries (FAO),,2014,52.85
Land Locked Developing Countries (FAO),,2015,52.43
Land Locked Developing Countries (FAO),,2016,50.82
Land Locked Developing Countries (FAO),,2017,52.5
Land Locked Developing Countries (FAO),,2018,55.71
Land Locked Developing Countries (FAO),,2019,60.94
Land Locked Developing Countries (FAO),,2020,65.5
Land Locked Developing Countries (FAO),,2021,65.12
Land Locked Developing Countries (FAO),,2022,65.83
Land Locked Developing Countries (FAO),,2023,63.83
Laos,LAO,1961,25.29067
Laos,LAO,1962,25.280935
Laos,LAO,1963,25.210342
Laos,LAO,1964,24.973331
Laos,LAO,1965,25.200804
Laos,LAO,1966,25.862741
Laos,LAO,1967,25.574408
Laos,LAO,1968,25.22525
Laos,LAO,1969,26.401236
Laos,LAO,1970,27.40614
Laos,LAO,1971,25.50522
Laos,LAO,1972,25.679918
Laos,LAO,1973,25.112694
Laos,LAO,1974,24.885374
Laos,LAO,1975,21.958906
Laos,LAO,1976,22.905567
Laos,LAO,1977,22.30893
Laos,LAO,1978,20.573067
Laos,LAO,1979,23.658978
Laos,LAO,1980,26.056776
Laos,LAO,1981,27.086369
Laos,LAO,1982,28.058456
Laos,LAO,1983,28.703613
Laos,LAO,1984,30.294685
Laos,LAO,1985,30.81075
Laos,LAO,1986,31.29447
Laos,LAO,1987,27.921904
Laos,LAO,1988,25.784729
Laos,LAO,1989,27.191715
Laos,LAO,1990,28.44137
Laos,LAO,1991,28.603752
Laos,LAO,1992,30.107346
Laos,LAO,1993,29.908138
Laos,LAO,1994,30.012203
Laos,LAO,1995,26.936989
Laos,LAO,1996,27.921427
Laos,LAO,1997,30.411747
Laos,LAO,1998,32.088345
Laos,LAO,1999,32.160286
Laos,LAO,2000,33.650116
Laos,LAO,2001,35.03031
Laos,LAO,2002,42.85083
Laos,LAO,2003,49.070583
Laos,LAO,2004,58.866524
Laos,LAO,2005,60.440372
Laos,LAO,2006,62.774536
Laos,LAO,2007,70.145615
Laos,LAO,2008,52.73432
Laos,LAO,2009,61.006474
Laos,LAO,2010,61.139923
Laos,LAO,2011,69.97998
Laos,LAO,2012,78.039986
Laos,LAO,2013,80.78994
Laos,LAO,2014,111.57
Laos,LAO,2015,145.54005
Laos,LAO,2016,115.66
Laos,LAO,2017,136.27
Laos,LAO,2018,148.34013
Laos,LAO,2019,125.97009
Laos,LAO,2020,125.49993
Laos,LAO,2021,106.02997
Laos,LAO,2022,122.26003
Laos,LAO,2023,132.77982
Latvia,LVA,1992,25.852049
Latvia,LVA,1993,54.57003
Latvia,LVA,1994,36.83488
Latvia,LVA,1995,40.043026
Latvia,LVA,1996,37.681427
Latvia,LVA,1997,49.175766
Latvia,LVA,1998,42.985134
Latvia,LVA,1999,54.024242
Latvia,LVA,2000,58.50613
Latvia,LVA,2001,54.16478
Latvia,LVA,2002,59.07385
Latvia,LVA,2003,51.6778
Latvia,LVA,2004,52.177216
Latvia,LVA,2005,58.1623
Latvia,LVA,2006,57.077435
Latvia,LVA,2007,60.694046
Latvia,LVA,2008,51.719395
Latvia,LVA,2009,47.878906
Latvia,LVA,2010,40.579926
Latvia,LVA,2011,44.72
Latvia,LVA,2012,45.9298
Latvia,LVA,2013,47.37014
Latvia,LVA,2014,55.069916
Latvia,LVA,2015,48.6799
Latvia,LVA,2016,50.189922
Latvia,LVA,2017,60.689716
Latvia,LVA,2018,55.010113
Latvia,LVA,2019,60.46978
Latvia,LVA,2020,62.100033
Latvia,LVA,2021,65.76989
Latvia,LVA,2022,66.05004
Latvia,LVA,2023,62.470036
Least Developed Countries (FAO),,1961,35.92
Least Developed Countries (FAO),,1962,37.41
Least Developed Countries (FAO),,1963,35.56
Least Developed Countries (FAO),,1964,37.24
Least Developed Countries (FAO),,1965,37.14
Least Developed Countries (FAO),,1966,37.42
Least Developed Countries (FAO),,1967,39.62
Least Developed Countries (FAO),,1968,39.96
Least Developed Countries (FAO),,1969,38.65
Least Developed Countries (FAO),,1970,37.27
Least Developed Countries (FAO),,1971,35.9
Least Developed Countries (FAO),,1972,35.72
Least Developed Countries (FAO),,1973,36.56
Least Developed Countries (FAO),,1974,36.83
Least Developed Countries (FAO),,1975,36.61
Least Developed Countries (FAO),,1976,36.25
Least Developed Countries (FAO),,1977,35.19
Least Developed Countries (FAO),,1978,35.1
Least Developed Countries (FAO),,1979,37.17
Least Developed Countries (FAO),,1980,36.73
Least Developed Countries (FAO),,1981,36.58
Least Developed Countries (FAO),,1982,37.57
Least Developed Countries (FAO),,1983,37.19
Least Developed Countries (FAO),,1984,35.44
Least Developed Countries (FAO),,1985,36.04
Least Developed Countries (FAO),,1986,35.42
Least Developed Countries (FAO),,1987,35.29
Least Developed Countries (FAO),,1988,35.27
Least Developed Countries (FAO),,1989,36.35
Least Developed Countries (FAO),,1990,35
Least Developed Countries (FAO),,1991,35.25
Least Developed Countries (FAO),,1992,33.77
Least Developed Countries (FAO),,1993,33.54
Least Developed Countries (FAO),,1994,33.53
Least Developed Countries (FAO),,1995,34.26
Least Developed Countries (FAO),,1996,33.87
Least Developed Countries (FAO),,1997,34.7
Least Developed Countries (FAO),,1998,35.76
Least Developed Countries (FAO),,1999,35.68
Least Developed Countries (FAO),,2000,34.52
Least Developed Countries (FAO),,2001,34.67
Least Developed Countries (FAO),,2002,38.55
Least Developed Countries (FAO),,2003,37.61
Least Developed Countries (FAO),,2004,39.61
Least Developed Countries (FAO),,2005,41.17
Least Developed Countries (FAO),,2006,43.26
Least Developed Countries (FAO),,2007,43.12
Least Developed Countries (FAO),,2008,41.85
Least Developed Countries (FAO),,2009,43.25
Least Developed Countries (FAO),,2010,42.53
Least Developed Countries (FAO),,2011,42.61
Least Developed Countries (FAO),,2012,43.54
Least Developed Countries (FAO),,2013,45.69
Least Developed Countries (FAO),,2014,45.98
Least Developed Countries (FAO),,2015,46.72
Least Developed Countries (FAO),,2016,44.93
Least Developed Countries (FAO),,2017,45.57
Least Developed Countries (FAO),,2018,47.09
Least Developed Countries (FAO),,2019,48.73
Least Developed Countries (FAO),,2020,51.29
Least Developed Countries (FAO),,2021,51.37
Least Developed Countries (FAO),,2022,50.77
Least Developed Countries (FAO),,2023,49.64
Lebanon,LBN,1961,147.89235
Lebanon,LBN,1962,126.13016
Lebanon,LBN,1963,133.37645
Lebanon,LBN,1964,147.86731
Lebanon,LBN,1965,116.52612
Lebanon,LBN,1966,111.06505
Lebanon,LBN,1967,104.68255
Lebanon,LBN,1968,108.11225
Lebanon,LBN,1969,86.10829
Lebanon,LBN,1970,108.3175
Lebanon,LBN,1971,115.20202
Lebanon,LBN,1972,155.39804
Lebanon,LBN,1973,121.71888
Lebanon,LBN,1974,128.49448
Lebanon,LBN,1975,114.93113
Lebanon,LBN,1976,107.246544
Lebanon,LBN,1977,133.43408
Lebanon,LBN,1978,121.46966
Lebanon,LBN,1979,112.70259
Lebanon,LBN,1980,101.14752
Lebanon,LBN,1981,91.677826
Lebanon,LBN,1982,108.375336
Lebanon,LBN,1983,129.33792
Lebanon,LBN,1984,138.36882
Lebanon,LBN,1985,143.04504
Lebanon,LBN,1986,155.56479
Lebanon,LBN,1987,181.45302
Lebanon,LBN,1988,177.7558
Lebanon,LBN,1989,181.51234
Lebanon,LBN,1990,188.58427
Lebanon,LBN,1991,191.20425
Lebanon,LBN,1992,182.01471
Lebanon,LBN,1993,181.72195
Lebanon,LBN,1994,172.10754
Lebanon,LBN,1995,176.97614
Lebanon,LBN,1996,182.02461
Lebanon,LBN,1997,154.9508
Lebanon,LBN,1998,139.4166
Lebanon,LBN,1999,151.84512
Lebanon,LBN,2000,119.130264
Lebanon,LBN,2001,112.215004
Lebanon,LBN,2002,110.54887
Lebanon,LBN,2003,130.75389
Lebanon,LBN,2004,122.71033
Lebanon,LBN,2005,109.424515
Lebanon,LBN,2006,107.44557
Lebanon,LBN,2007,98.67726
Lebanon,LBN,2008,94.84742
Lebanon,LBN,2009,86.21955
Lebanon,LBN,2010,73.59
Lebanon,LBN,2011,82.19003
Lebanon,LBN,2012,91.30997
Lebanon,LBN,2013,87.639984
Lebanon,LBN,2014,86.119965
Lebanon,LBN,2015,99.35
Lebanon,LBN,2016,112.359985
Lebanon,LBN,2017,110.72002
Lebanon,LBN,2018,102.37
Lebanon,LBN,2019,108.34979
Lebanon,LBN,2020,89.74
Lebanon,LBN,2021,85.27987
Lebanon,LBN,2022,87.05997
Lebanon,LBN,2023,103.76993
Lesotho,LSO,1961,17.198277
Lesotho,LSO,1962,16.696447
Lesotho,LSO,1963,16.201094
Lesotho,LSO,1964,18.124775
Lesotho,LSO,1965,17.063063
Lesotho,LSO,1966,16.041565
Lesotho,LSO,1967,15.585108
Lesotho,LSO,1968,15.020093
Lesotho,LSO,1969,14.488395
Lesotho,LSO,1970,14.944299
Lesotho,LSO,1971,15.367224
Lesotho,LSO,1972,15.956945
Lesotho,LSO,1973,16.362797
Lesotho,LSO,1974,16.97709
Lesotho,LSO,1975,17.126362
Lesotho,LSO,1976,19.109812
Lesotho,LSO,1977,17.404436
Lesotho,LSO,1978,15.923395
Lesotho,LSO,1979,16.580442
Lesotho,LSO,1980,14.877088
Lesotho,LSO,1981,16.252323
Lesotho,LSO,1982,17.097439
Lesotho,LSO,1983,23.813515
Lesotho,LSO,1984,21.501806
Lesotho,LSO,1985,18.508322
Lesotho,LSO,1986,14.9936075
Lesotho,LSO,1987,18.435654
Lesotho,LSO,1988,19.918045
Lesotho,LSO,1989,19.967253
Lesotho,LSO,1990,19.382296
Lesotho,LSO,1991,19.625603
Lesotho,LSO,1992,18.821735
Lesotho,LSO,1993,18.231495
Lesotho,LSO,1994,18.093767
Lesotho,LSO,1995,16.475426
Lesotho,LSO,1996,16.766989
Lesotho,LSO,1997,16.169727
Lesotho,LSO,1998,15.192087
Lesotho,LSO,1999,15.173834
Lesotho,LSO,2000,15.800718
Lesotho,LSO,2001,16.20456
Lesotho,LSO,2002,16.178587
Lesotho,LSO,2003,17.831884
Lesotho,LSO,2004,17.392136
Lesotho,LSO,2005,18.194187
Lesotho,LSO,2006,18.870722
Lesotho,LSO,2007,19.407057
Lesotho,LSO,2008,19.834848
Lesotho,LSO,2009,17.952238
Lesotho,LSO,2010,20.409939
Lesotho,LSO,2011,20.05995
Lesotho,LSO,2012,19.079878
Lesotho,LSO,2013,13.019943
Lesotho,LSO,2014,24.78999
Lesotho,LSO,2015,15.279971
Lesotho,LSO,2016,25.299952
Lesotho,LSO,2017,19.689938
Lesotho,LSO,2018,20.159899
Lesotho,LSO,2019,16.43997
Lesotho,LSO,2020,14.260019
Lesotho,LSO,2021,15.929937
Lesotho,LSO,2022,19.289986
Lesotho,LSO,2023,15.599959
Liberia,LBR,1961,69.49104
Liberia,LBR,1962,68.73142
Liberia,LBR,1963,67.611916
Liberia,LBR,1964,66.15196
Liberia,LBR,1965,64.11756
Liberia,LBR,1966,62.571423
Liberia,LBR,1967,61.740498
Liberia,LBR,1968,62.50862
Liberia,LBR,1969,61.603737
Liberia,LBR,1970,62.321426
Liberia,LBR,1971,60.80808
Liberia,LBR,1972,59.36864
Liberia,LBR,1973,58.35914
Liberia,LBR,1974,61.738792
Liberia,LBR,1975,61.448925
Liberia,LBR,1976,62.391083
Liberia,LBR,1977,62.4574
Liberia,LBR,1978,61.70628
Liberia,LBR,1979,59.475037
Liberia,LBR,1980,57.70468
Liberia,LBR,1981,56.573063
Liberia,LBR,1982,56.816723
Liberia,LBR,1983,55.83347
Liberia,LBR,1984,54.923607
Liberia,LBR,1985,53.764286
Liberia,LBR,1986,50.05749
Liberia,LBR,1987,45.153538
Liberia,LBR,1988,40.971138
Liberia,LBR,1989,42.589535
Liberia,LBR,1990,45.357456
Liberia,LBR,1991,52.491516
Liberia,LBR,1992,51.937378
Liberia,LBR,1993,52.48782
Liberia,LBR,1994,54.467846
Liberia,LBR,1995,57.993874
Liberia,LBR,1996,60.122173
Liberia,LBR,1997,57.29722
Liberia,LBR,1998,57.873173
Liberia,LBR,1999,50.375957
Liberia,LBR,2000,53.61048
Liberia,LBR,2001,53.587975
Liberia,LBR,2002,53.584843
Liberia,LBR,2003,53.336246
Liberia,LBR,2004,53.007786
Liberia,LBR,2005,49.361805
Liberia,LBR,2006,50.181664
Liberia,LBR,2007,45.999435
Liberia,LBR,2008,44.391228
Liberia,LBR,2009,44.673225
Liberia,LBR,2010,44.089924
Liberia,LBR,2011,42.70003
Liberia,LBR,2012,41.11994
Liberia,LBR,2013,40.929947
Liberia,LBR,2014,41.13992
Liberia,LBR,2015,41.389946
Liberia,LBR,2016,40.53002
Liberia,LBR,2017,40.199944
Liberia,LBR,2018,40.380016
Liberia,LBR,2019,38.08001
Liberia,LBR,2020,39.079926
Liberia,LBR,2021,38.429947
Liberia,LBR,2022,37.329952
Liberia,LBR,2023,36.359966
Libya,LBY,2010,133.68005
Libya,LBY,2011,73.76988
Libya,LBY,2012,100.70005
Libya,LBY,2013,101.6399
Libya,LBY,2014,98.879845
Libya,LBY,2015,90.62993
Libya,LBY,2016,76.24
Libya,LBY,2017,82.679985
Libya,LBY,2018,83.229904
Libya,LBY,2019,95.90987
Libya,LBY,2020,79.51996
Libya,LBY,2021,86.890015
Libya,LBY,2022,86.99995
Libya,LBY,2023,89.94002
Lithuania,LTU,1992,29.790937
Lithuania,LTU,1993,58.698906
Lithuania,LTU,1994,17.955929
Lithuania,LTU,1995,31.328306
Lithuania,LTU,1996,42.604183
Lithuania,LTU,1997,77.3268
Lithuania,LTU,1998,56.438114
Lithuania,LTU,1999,63.29511
Lithuania,LTU,2000,65.52486
Lithuania,LTU,2001,72.94805
Lithuania,LTU,2002,57.36348
Lithuania,LTU,2003,65.29942
Lithuania,LTU,2004,55.12716
Lithuania,LTU,2005,72.71984
Lithuania,LTU,2006,107.78476
Lithuania,LTU,2007,97.79153
Lithuania,LTU,2008,61.189842
Lithuania,LTU,2009,56.317894
Lithuania,LTU,2010,38.46999
Lithuania,LTU,2011,38.949974
Lithuania,LTU,2012,52.829933
Lithuania,LTU,2013,47.920017
Lithuania,LTU,2014,49.49998
Lithuania,LTU,2015,43.929832
Lithuania,LTU,2016,60.17002
Lithuania,LTU,2017,53.42987
Lithuania,LTU,2018,60.199894
Lithuania,LTU,2019,50.42005
Lithuania,LTU,2020,55.109882
Lithuania,LTU,2021,61.17
Lithuania,LTU,2022,62.02993
Lithuania,LTU,2023,58.03992
Low Income Food Deficit Countries (FAO),,1961,31.64
Low Income Food Deficit Countries (FAO),,1962,32.33
Low Income Food Deficit Countries (FAO),,1963,31.66
Low Income Food Deficit Countries (FAO),,1964,32.49
Low Income Food Deficit Countries (FAO),,1965,32.77
Low Income Food Deficit Countries (FAO),,1966,33.06
Low Income Food Deficit Countries (FAO),,1967,33.97
Low Income Food Deficit Countries (FAO),,1968,33.95
Low Income Food Deficit Countries (FAO),,1969,33.08
Low Income Food Deficit Countries (FAO),,1970,32.96
Low Income Food Deficit Countries (FAO),,1971,33.11
Low Income Food Deficit Countries (FAO),,1972,32.62
Low Income Food Deficit Countries (FAO),,1973,32.89
Low Income Food Deficit Countries (FAO),,1974,33.13
Low Income Food Deficit Countries (FAO),,1975,33.14
Low Income Food Deficit Countries (FAO),,1976,33.06
Low Income Food Deficit Countries (FAO),,1977,32.34
Low Income Food Deficit Countries (FAO),,1978,32.73
Low Income Food Deficit Countries (FAO),,1979,33.99
Low Income Food Deficit Countries (FAO),,1980,33.72
Low Income Food Deficit Countries (FAO),,1981,33.97
Low Income Food Deficit Countries (FAO),,1982,34.2
Low Income Food Deficit Countries (FAO),,1983,34.51
Low Income Food Deficit Countries (FAO),,1984,35.68
Low Income Food Deficit Countries (FAO),,1985,35.67
Low Income Food Deficit Countries (FAO),,1986,36.48
Low Income Food Deficit Countries (FAO),,1987,35.26
Low Income Food Deficit Countries (FAO),,1988,33
Low Income Food Deficit Countries (FAO),,1989,34.55
Low Income Food Deficit Countries (FAO),,1990,34.33
Low Income Food Deficit Countries (FAO),,1991,35.02
Low Income Food Deficit Countries (FAO),,1992,35.75
Low Income Food Deficit Countries (FAO),,1993,37.8
Low Income Food Deficit Countries (FAO),,1994,38.55
Low Income Food Deficit Countries (FAO),,1995,37.97
Low Income Food Deficit Countries (FAO),,1996,39.15
Low Income Food Deficit Countries (FAO),,1997,40.2
Low Income Food Deficit Countries (FAO),,1998,41.65
Low Income Food Deficit Countries (FAO),,1999,41.21
Low Income Food Deficit Countries (FAO),,2000,39.36
Low Income Food Deficit Countries (FAO),,2001,39.57
Low Income Food Deficit Countries (FAO),,2002,40.02
Low Income Food Deficit Countries (FAO),,2003,40.45
Low Income Food Deficit Countries (FAO),,2004,42.23
Low Income Food Deficit Countries (FAO),,2005,43.77
Low Income Food Deficit Countries (FAO),,2006,46.01
Low Income Food Deficit Countries (FAO),,2007,47.38
Low Income Food Deficit Countries (FAO),,2008,49.25
Low Income Food Deficit Countries (FAO),,2009,49.44
Low Income Food Deficit Countries (FAO),,2010,52.29
Low Income Food Deficit Countries (FAO),,2011,51.83
Low Income Food Deficit Countries (FAO),,2012,52.64
Low Income Food Deficit Countries (FAO),,2013,55.21
Low Income Food Deficit Countries (FAO),,2014,55.46
Low Income Food Deficit Countries (FAO),,2015,55.23
Low Income Food Deficit Countries (FAO),,2016,53.33
Low Income Food Deficit Countries (FAO),,2017,53.27
Low Income Food Deficit Countries (FAO),,2018,55.07
Low Income Food Deficit Countries (FAO),,2019,58.31
Low Income Food Deficit Countries (FAO),,2020,59.87
Low Income Food Deficit Countries (FAO),,2021,59.3
Low Income Food Deficit Countries (FAO),,2022,58.94
Low Income Food Deficit Countries (FAO),,2023,58.18
Low-income countries,OWID_LIC,1961,46.622066
Low-income countries,OWID_LIC,1962,50.63231
Low-income countries,OWID_LIC,1963,46.168705
Low-income countries,OWID_LIC,1964,49.729725
Low-income countries,OWID_LIC,1965,50.326286
Low-income countries,OWID_LIC,1966,49.382412
Low-income countries,OWID_LIC,1967,57.164444
Low-income countries,OWID_LIC,1968,59.466152
Low-income countries,OWID_LIC,1969,57.59133
Low-income countries,OWID_LIC,1970,54.30683
Low-income countries,OWID_LIC,1971,53.99148
Low-income countries,OWID_LIC,1972,55.98882
Low-income countries,OWID_LIC,1973,58.620296
Low-income countries,OWID_LIC,1974,60.176003
Low-income countries,OWID_LIC,1975,60.97733
Low-income countries,OWID_LIC,1976,58.51469
Low-income countries,OWID_LIC,1977,56.695126
Low-income countries,OWID_LIC,1978,58.404537
Low-income countries,OWID_LIC,1979,64.500496
Low-income countries,OWID_LIC,1980,63.561165
Low-income countries,OWID_LIC,1981,64.7193
Low-income countries,OWID_LIC,1982,69.09001
Low-income countries,OWID_LIC,1983,67.59751
Low-income countries,OWID_LIC,1984,63.562626
Low-income countries,OWID_LIC,1985,66.25978
Low-income countries,OWID_LIC,1986,64.694725
Low-income countries,OWID_LIC,1987,65.34465
Low-income countries,OWID_LIC,1988,66.722305
Low-income countries,OWID_LIC,1989,70.376396
Low-income countries,OWID_LIC,1990,67.32117
Low-income countries,OWID_LIC,1991,65.99124
Low-income countries,OWID_LIC,1992,61.963436
Low-income countries,OWID_LIC,1993,46.60438
Low-income countries,OWID_LIC,1994,46.418247
Low-income countries,OWID_LIC,1995,48.408154
Low-income countries,OWID_LIC,1996,49.13728
Low-income countries,OWID_LIC,1997,49.36611
Low-income countries,OWID_LIC,1998,49.471645
Low-income countries,OWID_LIC,1999,49.44112
Low-income countries,OWID_LIC,2000,46.937553
Low-income countries,OWID_LIC,2001,46.023872
Low-income countries,OWID_LIC,2002,48.853687
Low-income countries,OWID_LIC,2003,46.790665
Low-income countries,OWID_LIC,2004,46.855854
Low-income countries,OWID_LIC,2005,45.39632
Low-income countries,OWID_LIC,2006,46.355732
Low-income countries,OWID_LIC,2007,46.2483
Low-income countries,OWID_LIC,2008,43.613415
Low-income countries,OWID_LIC,2009,45.026768
Low-income countries,OWID_LIC,2010,46.447647
Low-income countries,OWID_LIC,2011,46.48173
Low-income countries,OWID_LIC,2012,47.22375
Low-income countries,OWID_LIC,2013,50.18328
Low-income countries,OWID_LIC,2014,48.97928
Low-income countries,OWID_LIC,2015,48.963093
Low-income countries,OWID_LIC,2016,46.710087
Low-income countries,OWID_LIC,2017,47.75231
Low-income countries,OWID_LIC,2018,50.44147
Low-income countries,OWID_LIC,2019,54.2375
Low-income countries,OWID_LIC,2020,57.321312
Low-income countries,OWID_LIC,2021,55.84263
Low-income countries,OWID_LIC,2022,55.56571
Low-income countries,OWID_LIC,2023,55.583366
Lower-middle-income countries,OWID_LMC,1961,34.538338
Lower-middle-income countries,OWID_LMC,1962,34.716663
Lower-middle-income countries,OWID_LMC,1963,34.48809
Lower-middle-income countries,OWID_LMC,1964,34.85028
Lower-middle-income countries,OWID_LMC,1965,35.00062
Lower-middle-income countries,OWID_LMC,1966,35.441845
Lower-middle-income countries,OWID_LMC,1967,35.66729
Lower-middle-income countries,OWID_LMC,1968,34.88122
Lower-middle-income countries,OWID_LMC,1969,33.93084
Lower-middle-income countries,OWID_LMC,1970,34.12892
Lower-middle-income countries,OWID_LMC,1971,34.418507
Lower-middle-income countries,OWID_LMC,1972,33.572792
Lower-middle-income countries,OWID_LMC,1973,33.07572
Lower-middle-income countries,OWID_LMC,1974,33.701515
Lower-middle-income countries,OWID_LMC,1975,33.741596
Lower-middle-income countries,OWID_LMC,1976,34.222275
Lower-middle-income countries,OWID_LMC,1977,33.95047
Lower-middle-income countries,OWID_LMC,1978,34.849297
Lower-middle-income countries,OWID_LMC,1979,36.281498
Lower-middle-income countries,OWID_LMC,1980,36.748604
Lower-middle-income countries,OWID_LMC,1981,36.40634
Lower-middle-income countries,OWID_LMC,1982,36.54635
Lower-middle-income countries,OWID_LMC,1983,36.9817
Lower-middle-income countries,OWID_LMC,1984,38.142166
Lower-middle-income countries,OWID_LMC,1985,37.515118
Lower-middle-income countries,OWID_LMC,1986,39.262135
Lower-middle-income countries,OWID_LMC,1987,38.0915
Lower-middle-income countries,OWID_LMC,1988,35.754147
Lower-middle-income countries,OWID_LMC,1989,36.960735
Lower-middle-income countries,OWID_LMC,1990,37.50551
Lower-middle-income countries,OWID_LMC,1991,37.81578
Lower-middle-income countries,OWID_LMC,1992,39.59602
Lower-middle-income countries,OWID_LMC,1993,41.41062
Lower-middle-income countries,OWID_LMC,1994,42.076565
Lower-middle-income countries,OWID_LMC,1995,41.170288
Lower-middle-income countries,OWID_LMC,1996,43.27013
Lower-middle-income countries,OWID_LMC,1997,43.511433
Lower-middle-income countries,OWID_LMC,1998,44.476944
Lower-middle-income countries,OWID_LMC,1999,44.00556
Lower-middle-income countries,OWID_LMC,2000,42.353317
Lower-middle-income countries,OWID_LMC,2001,42.292797
Lower-middle-income countries,OWID_LMC,2002,43.02757
Lower-middle-income countries,OWID_LMC,2003,43.737408
Lower-middle-income countries,OWID_LMC,2004,45.502
Lower-middle-income countries,OWID_LMC,2005,47.009426
Lower-middle-income countries,OWID_LMC,2006,48.71896
Lower-middle-income countries,OWID_LMC,2007,50.32951
Lower-middle-income countries,OWID_LMC,2008,52.59167
Lower-middle-income countries,OWID_LMC,2009,53.00965
Lower-middle-income countries,OWID_LMC,2010,56.986485
Lower-middle-income countries,OWID_LMC,2011,55.33773
Lower-middle-income countries,OWID_LMC,2012,56.0192
Lower-middle-income countries,OWID_LMC,2013,57.303238
Lower-middle-income countries,OWID_LMC,2014,60.42151
Lower-middle-income countries,OWID_LMC,2015,60.77606
Lower-middle-income countries,OWID_LMC,2016,59.7996
Lower-middle-income countries,OWID_LMC,2017,61.108986
Lower-middle-income countries,OWID_LMC,2018,61.913074
Lower-middle-income countries,OWID_LMC,2019,62.165092
Lower-middle-income countries,OWID_LMC,2020,61.833057
Lower-middle-income countries,OWID_LMC,2021,63.146168
Lower-middle-income countries,OWID_LMC,2022,64.40857
Lower-middle-income countries,OWID_LMC,2023,65.35689
Luxembourg,LUX,2000,218.09897
Luxembourg,LUX,2001,212.12439
Luxembourg,LUX,2002,237.66959
Luxembourg,LUX,2003,237.43643
Luxembourg,LUX,2004,204.01419
Luxembourg,LUX,2005,186.15485
Luxembourg,LUX,2006,194.80846
Luxembourg,LUX,2007,186.20688
Luxembourg,LUX,2008,205.38863
Luxembourg,LUX,2009,177.43016
Luxembourg,LUX,2010,176.42722
Luxembourg,LUX,2011,200.16885
Luxembourg,LUX,2012,200.68964
Luxembourg,LUX,2013,197.43709
Luxembourg,LUX,2014,198.44823
Luxembourg,LUX,2015,190.84
Luxembourg,LUX,2016,183.92969
Luxembourg,LUX,2017,177.24821
Luxembourg,LUX,2018,169.71748
Luxembourg,LUX,2019,157.77821
Luxembourg,LUX,2020,142.19067
Luxembourg,LUX,2021,138.45871
Luxembourg,LUX,2022,139.46893
Luxembourg,LUX,2023,135.90979
Macao,MAC,1961,18.364727
Macao,MAC,1962,18.49442
Macao,MAC,1963,27.92306
Macao,MAC,1964,16.950974
Macao,MAC,1965,16.886541
Macao,MAC,1966,18.947712
Macao,MAC,1967,15.99451
Macao,MAC,1968,19.93805
Macao,MAC,1969,20.544933
Macao,MAC,1970,23.08102
Macao,MAC,1971,26.03917
Macao,MAC,1972,27.818804
Macao,MAC,1973,28.914345
Macao,MAC,1974,31.812191
Macao,MAC,1975,27.695702
Macao,MAC,1976,36.760822
Macao,MAC,1977,33.08889
Macao,MAC,1978,33.797512
Macao,MAC,1979,32.939415
Macao,MAC,1980,37.413574
Macao,MAC,1981,45.67647
Macao,MAC,1982,51.759293
Macao,MAC,1983,47.27742
Macao,MAC,1984,48.16339
Macao,MAC,1985,46.622177
Macao,MAC,1986,52.483448
Macao,MAC,1987,52.038486
Macao,MAC,1988,46.7546
Macao,MAC,1989,53.1813
Macao,MAC,1990,60.922237
Macao,MAC,1991,65.54454
Macao,MAC,1992,65.69833
Macao,MAC,1993,62.051342
Macao,MAC,1994,61.694942
Macao,MAC,1995,58.16726
Macao,MAC,1996,60.05852
Macao,MAC,1997,53.838306
Macao,MAC,1998,51.976627
Macao,MAC,1999,42.7022
Macao,MAC,2000,44.117115
Macao,MAC,2001,45.99226
Macao,MAC,2002,43.43358
Macao,MAC,2003,46.228603
Macao,MAC,2004,64.91749
Macao,MAC,2005,51.625706
Macao,MAC,2006,62.468155
Macao,MAC,2007,86.766624
Macao,MAC,2008,64.31339
Macao,MAC,2009,55.54465
Macao,MAC,2010,52.68009
Macao,MAC,2011,55.128662
Macao,MAC,2012,65.12
Macao,MAC,2013,62.42875
Macao,MAC,2014,59.40922
Macao,MAC,2015,53.11957
Macao,MAC,2016,55.35939
Macao,MAC,2017,50.30938
Macao,MAC,2018,54.85942
Macao,MAC,2019,69.78875
Macao,MAC,2020,63.890095
Macao,MAC,2021,67.80961
Macao,MAC,2022,64.8
Macao,MAC,2023,66.15945
Madagascar,MDG,1961,54.419125
Madagascar,MDG,1962,56.352024
Madagascar,MDG,1963,54.71916
Madagascar,MDG,1964,57.481506
Madagascar,MDG,1965,56.241413
Madagascar,MDG,1966,59.02863
Madagascar,MDG,1967,61.942066
Madagascar,MDG,1968,68.56151
Madagascar,MDG,1969,79.211464
Madagascar,MDG,1970,79.83449
Madagascar,MDG,1971,79.57834
Madagascar,MDG,1972,80.81704
Madagascar,MDG,1973,85.73898
Madagascar,MDG,1974,116.00988
Madagascar,MDG,1975,109.20549
Madagascar,MDG,1976,94.73227
Madagascar,MDG,1977,78.34439
Madagascar,MDG,1978,72.88663
Madagascar,MDG,1979,65.76535
Madagascar,MDG,1980,70.03591
Madagascar,MDG,1981,69.93542
Madagascar,MDG,1982,69.86893
Madagascar,MDG,1983,69.337685
Madagascar,MDG,1984,61.3825
Madagascar,MDG,1985,60.413258
Madagascar,MDG,1986,60.85635
Madagascar,MDG,1987,59.721848
Madagascar,MDG,1988,58.71721
Madagascar,MDG,1989,56.915558
Madagascar,MDG,1990,56.62072
Madagascar,MDG,1991,54.57898
Madagascar,MDG,1992,53.373516
Madagascar,MDG,1993,52.234028
Madagascar,MDG,1994,47.882793
Madagascar,MDG,1995,48.091293
Madagascar,MDG,1996,48.277172
Madagascar,MDG,1997,47.859497
Madagascar,MDG,1998,46.825783
Madagascar,MDG,1999,45.425068
Madagascar,MDG,2000,45.31028
Madagascar,MDG,2001,44.820038
Madagascar,MDG,2002,44.829807
Madagascar,MDG,2003,43.580414
Madagascar,MDG,2004,43.3607
Madagascar,MDG,2005,43.215073
Madagascar,MDG,2006,43.079292
Madagascar,MDG,2007,43.873783
Madagascar,MDG,2008,41.665688
Madagascar,MDG,2009,44.773487
Madagascar,MDG,2010,43.91999
Madagascar,MDG,2011,45.699993
Madagascar,MDG,2012,47.20999
Madagascar,MDG,2013,45.27
Madagascar,MDG,2014,44.19999
Madagascar,MDG,2015,43.93999
Madagascar,MDG,2016,43.23
Madagascar,MDG,2017,42.749985
Madagascar,MDG,2018,42.09
Madagascar,MDG,2019,40.21999
Madagascar,MDG,2020,38.76
Madagascar,MDG,2021,38.179993
Madagascar,MDG,2022,37.48
Madagascar,MDG,2023,36.699993
Malawi,MWI,1961,52.77197
Malawi,MWI,1962,52.455185
Malawi,MWI,1963,51.91159
Malawi,MWI,1964,51.560017
Malawi,MWI,1965,51.205963
Malawi,MWI,1966,51.435364
Malawi,MWI,1967,51.63228
Malawi,MWI,1968,51.244804
Malawi,MWI,1969,50.76732
Malawi,MWI,1970,50.65757
Malawi,MWI,1971,51.10421
Malawi,MWI,1972,52.093616
Malawi,MWI,1973,53.045547
Malawi,MWI,1974,53.661358
Malawi,MWI,1975,54.72039
Malawi,MWI,1976,55.651703
Malawi,MWI,1977,55.115437
Malawi,MWI,1978,55.28918
Malawi,MWI,1979,54.59874
Malawi,MWI,1980,53.873573
Malawi,MWI,1981,53.677376
Malawi,MWI,1982,53.467545
Malawi,MWI,1983,52.679993
Malawi,MWI,1984,51.050053
Malawi,MWI,1985,50.222393
Malawi,MWI,1986,50.140564
Malawi,MWI,1987,48.53733
Malawi,MWI,1988,47.02609
Malawi,MWI,1989,46.357376
Malawi,MWI,1990,45.47413
Malawi,MWI,1991,45.62034
Malawi,MWI,1992,42.59839
Malawi,MWI,1993,43.925213
Malawi,MWI,1994,43.479107
Malawi,MWI,1995,44.773655
Malawi,MWI,1996,44.732243
Malawi,MWI,1997,43.065838
Malawi,MWI,1998,42.719193
Malawi,MWI,1999,59.202858
Malawi,MWI,2000,60.116833
Malawi,MWI,2001,59.39301
Malawi,MWI,2002,62.604378
Malawi,MWI,2003,65.15571
Malawi,MWI,2004,67.52675
Malawi,MWI,2005,66.21529
Malawi,MWI,2006,67.39351
Malawi,MWI,2007,66.98234
Malawi,MWI,2008,66.5405
Malawi,MWI,2009,67.16676
Malawi,MWI,2010,69.49997
Malawi,MWI,2011,65.64997
Malawi,MWI,2012,64.15002
Malawi,MWI,2013,95.81002
Malawi,MWI,2014,157.65004
Malawi,MWI,2015,157.31003
Malawi,MWI,2016,150.2
Malawi,MWI,2017,155.83006
Malawi,MWI,2018,172.06995
Malawi,MWI,2019,155.24002
Malawi,MWI,2020,161.65004
Malawi,MWI,2021,159.77997
Malawi,MWI,2022,173.57
Malawi,MWI,2023,175.94
Malaysia,MYS,1961,60.57108
Malaysia,MYS,1962,63.376926
Malaysia,MYS,1963,60.31996
Malaysia,MYS,1964,61.822754
Malaysia,MYS,1965,62.620605
Malaysia,MYS,1966,55.482346
Malaysia,MYS,1967,55.3617
Malaysia,MYS,1968,55.29794
Malaysia,MYS,1969,62.133312
Malaysia,MYS,1970,64.02558
Malaysia,MYS,1971,65.3318
Malaysia,MYS,1972,63.5102
Malaysia,MYS,1973,58.604656
Malaysia,MYS,1974,59.86747
Malaysia,MYS,1975,57.975876
Malaysia,MYS,1976,56.45828
Malaysia,MYS,1977,57.72402
Malaysia,MYS,1978,59.324715
Malaysia,MYS,1979,62.93307
Malaysia,MYS,1980,61.107414
Malaysia,MYS,1981,57.210167
Malaysia,MYS,1982,55.462105
Malaysia,MYS,1983,57.79206
Malaysia,MYS,1984,56.39098
Malaysia,MYS,1985,55.71877
Malaysia,MYS,1986,54.603672
Malaysia,MYS,1987,53.457363
Malaysia,MYS,1988,59.266697
Malaysia,MYS,1989,58.249527
Malaysia,MYS,1990,53.714405
Malaysia,MYS,1991,51.624065
Malaysia,MYS,1992,54.16474
Malaysia,MYS,1993,53.81342
Malaysia,MYS,1994,55.144905
Malaysia,MYS,1995,55.414543
Malaysia,MYS,1996,54.41926
Malaysia,MYS,1997,55.649345
Malaysia,MYS,1998,51.72729
Malaysia,MYS,1999,53.43464
Malaysia,MYS,2000,55.11647
Malaysia,MYS,2001,56.757618
Malaysia,MYS,2002,55.933716
Malaysia,MYS,2003,55.380337
Malaysia,MYS,2004,54.95448
Malaysia,MYS,2005,53.254272
Malaysia,MYS,2006,47.07744
Malaysia,MYS,2007,45.338238
Malaysia,MYS,2008,45.820137
Malaysia,MYS,2009,43.545418
Malaysia,MYS,2010,46.05001
Malaysia,MYS,2011,46.500008
Malaysia,MYS,2012,48.979992
Malaysia,MYS,2013,47.329987
Malaysia,MYS,2014,48.900013
Malaysia,MYS,2015,51.350006
Malaysia,MYS,2016,49.929996
Malaysia,MYS,2017,48.839996
Malaysia,MYS,2018,45.190006
Malaysia,MYS,2019,44.310017
Malaysia,MYS,2020,44.420006
Malaysia,MYS,2021,60.389988
Malaysia,MYS,2022,69.72999
Malaysia,MYS,2023,59.990013
Maldives,MDV,1961,46.754044
Maldives,MDV,1962,46.628677
Maldives,MDV,1963,46.936764
Maldives,MDV,1964,47.221996
Maldives,MDV,1965,46.602253
Maldives,MDV,1966,46.026093
Maldives,MDV,1967,45.256477
Maldives,MDV,1968,45.10078
Maldives,MDV,1969,44.601986
Maldives,MDV,1970,47.620255
Maldives,MDV,1971,48.5088
Maldives,MDV,1972,49.646126
Maldives,MDV,1973,48.898506
Maldives,MDV,1974,48.541664
Maldives,MDV,1975,47.949066
Maldives,MDV,1976,47.524925
Maldives,MDV,1977,47.41028
Maldives,MDV,1978,47.07144
Maldives,MDV,1979,46.448257
Maldives,MDV,1980,45.785954
Maldives,MDV,1981,45.296207
Maldives,MDV,1982,45.25786
Maldives,MDV,1983,45.885475
Maldives,MDV,1984,45.12149
Maldives,MDV,1985,44.01132
Maldives,MDV,1986,42.997425
Maldives,MDV,1987,40.508625
Maldives,MDV,1988,38.983116
Maldives,MDV,1989,58.40486
Maldives,MDV,1990,26.244194
Maldives,MDV,1991,28.481428
Maldives,MDV,1992,28.64348
Maldives,MDV,1993,67.83231
Maldives,MDV,1994,78.84692
Maldives,MDV,1995,69.43544
Maldives,MDV,1996,78.84351
Maldives,MDV,1997,69.66318
Maldives,MDV,1998,68.37857
Maldives,MDV,1999,59.83422
Maldives,MDV,2000,64.91403
Maldives,MDV,2001,64.87164
Maldives,MDV,2002,67.01612
Maldives,MDV,2003,68.62531
Maldives,MDV,2004,97.81054
Maldives,MDV,2005,82.42849
Maldives,MDV,2006,100.79534
Maldives,MDV,2007,99.37964
Maldives,MDV,2008,100.93117
Maldives,MDV,2009,87.901184
Maldives,MDV,2010,96.66679
Maldives,MDV,2011,90.25687
Maldives,MDV,2012,159.33958
Maldives,MDV,2013,151.73735
Maldives,MDV,2014,171.61874
Maldives,MDV,2015,168.77408
Maldives,MDV,2016,192.46739
Maldives,MDV,2017,128.65804
Maldives,MDV,2018,119.978485
Maldives,MDV,2019,122.99824
Maldives,MDV,2020,140.03804
Maldives,MDV,2021,154.31613
Maldives,MDV,2022,167.00807
Maldives,MDV,2023,168.5039
Mali,MLI,1961,13.823776
Mali,MLI,1962,13.480431
Mali,MLI,1963,13.069408
Mali,MLI,1964,12.988187
Mali,MLI,1965,14.055331
Mali,MLI,1966,13.923126
Mali,MLI,1967,13.841795
Mali,MLI,1968,13.615364
Mali,MLI,1969,15.031142
Mali,MLI,1970,15.445507
Mali,MLI,1971,15.571336
Mali,MLI,1972,15.223914
Mali,MLI,1973,15.35382
Mali,MLI,1974,15.815744
Mali,MLI,1975,15.628568
Mali,MLI,1976,15.865892
Mali,MLI,1977,16.064447
Mali,MLI,1978,16.658552
Mali,MLI,1979,16.15346
Mali,MLI,1980,16.268415
Mali,MLI,1981,16.252918
Mali,MLI,1982,16.00365
Mali,MLI,1983,15.813986
Mali,MLI,1984,16.13447
Mali,MLI,1985,15.960078
Mali,MLI,1986,16.80713
Mali,MLI,1987,16.708202
Mali,MLI,1988,16.100035
Mali,MLI,1989,16.147762
Mali,MLI,1990,16.91048
Mali,MLI,1991,17.418541
Mali,MLI,1992,17.920488
Mali,MLI,1993,18.13782
Mali,MLI,1994,20.150814
Mali,MLI,1995,20.271955
Mali,MLI,1996,23.659164
Mali,MLI,1997,24.22713
Mali,MLI,1998,24.99247
Mali,MLI,1999,24.303976
Mali,MLI,2000,21.996815
Mali,MLI,2001,26.008108
Mali,MLI,2002,21.840305
Mali,MLI,2003,25.544725
Mali,MLI,2004,27.44327
Mali,MLI,2005,24.069605
Mali,MLI,2006,27.321327
Mali,MLI,2007,27.137133
Mali,MLI,2008,24.621462
Mali,MLI,2009,24.341227
Mali,MLI,2010,71.56286
Mali,MLI,2011,65.36054
Mali,MLI,2012,67.200035
Mali,MLI,2013,74.484344
Mali,MLI,2014,57.73895
Mali,MLI,2015,47.70549
Mali,MLI,2016,77.84527
Mali,MLI,2017,75.596176
Mali,MLI,2018,64.15594
Mali,MLI,2019,61.414066
Mali,MLI,2020,72.44808
Mali,MLI,2021,90.775696
Mali,MLI,2022,83.03932
Malta,MLT,1961,49.81814
Malta,MLT,1962,52.185814
Malta,MLT,1963,47.63519
Malta,MLT,1964,51.165653
Malta,MLT,1965,43.160988
Malta,MLT,1966,49.938744
Malta,MLT,1967,51.88827
Malta,MLT,1968,49.58966
Malta,MLT,1969,56.630703
Malta,MLT,1970,55.261993
Malta,MLT,1971,57.114117
Malta,MLT,1972,61.535164
Malta,MLT,1973,54.243332
Malta,MLT,1974,52.235306
Malta,MLT,1975,62.11577
Malta,MLT,1976,68.23076
Malta,MLT,1977,52.1031
Malta,MLT,1978,54.955185
Malta,MLT,1979,57.265366
Malta,MLT,1980,67.2835
Malta,MLT,1981,65.42506
Malta,MLT,1982,67.126495
Malta,MLT,1983,60.311016
Malta,MLT,1984,64.93703
Malta,MLT,1985,72.68423
Malta,MLT,1986,69.549034
Malta,MLT,1987,75.41022
Malta,MLT,1988,83.259926
Malta,MLT,1989,74.9165
Malta,MLT,1990,87.177536
Malta,MLT,1991,84.50698
Malta,MLT,1992,84.88254
Malta,MLT,1993,98.13306
Malta,MLT,1994,95.16713
Malta,MLT,1995,115.208534
Malta,MLT,1996,88.70853
Malta,MLT,1997,90.41531
Malta,MLT,1998,104.27739
Malta,MLT,1999,98.54959
Malta,MLT,2000,100.1776
Malta,MLT,2001,96.17066
Malta,MLT,2002,93.48992
Malta,MLT,2003,102.72852
Malta,MLT,2004,106.10521
Malta,MLT,2005,115.04462
Malta,MLT,2006,99.92832
Malta,MLT,2007,94.31495
Malta,MLT,2008,98.87701
Malta,MLT,2009,99.92973
Malta,MLT,2010,73.459305
Malta,MLT,2011,89.26894
Malta,MLT,2012,86.29879
Malta,MLT,2013,77.118744
Malta,MLT,2014,74.837585
Malta,MLT,2015,86.960396
Malta,MLT,2016,81.06893
Malta,MLT,2017,82.67965
Malta,MLT,2018,86.68
Malta,MLT,2019,86.97052
Malta,MLT,2020,69.12973
Malta,MLT,2021,81.789536
Malta,MLT,2022,81.83938
Malta,MLT,2023,83.48937
Marshall Islands,MHL,2019,14.633349
Marshall Islands,MHL,2020,76.05794
Marshall Islands,MHL,2021,69.76133
Marshall Islands,MHL,2022,20.752752
Marshall Islands,MHL,2023,25.40757
Mauritania,MRT,1961,16.059782
Mauritania,MRT,1962,14.787596
Mauritania,MRT,1963,14.719535
Mauritania,MRT,1964,15.2002325
Mauritania,MRT,1965,16.20389
Mauritania,MRT,1966,13.921691
Mauritania,MRT,1967,13.780634
Mauritania,MRT,1968,13.094975
Mauritania,MRT,1969,11.633249
Mauritania,MRT,1970,14.145524
Mauritania,MRT,1971,9.766959
Mauritania,MRT,1972,9.580462
Mauritania,MRT,1973,9.666666
Mauritania,MRT,1974,9.202148
Mauritania,MRT,1975,10.071532
Mauritania,MRT,1976,11.284374
Mauritania,MRT,1977,9.038101
Mauritania,MRT,1978,8.8123
Mauritania,MRT,1979,9.948589
Mauritania,MRT,1980,9.26199
Mauritania,MRT,1981,8.317194
Mauritania,MRT,1982,8.467528
Mauritania,MRT,1983,18.927797
Mauritania,MRT,1984,31.35101
Mauritania,MRT,1985,7.5990624
Mauritania,MRT,1986,7.44295
Mauritania,MRT,1987,6.768459
Mauritania,MRT,1988,7.2822495
Mauritania,MRT,1989,6.9321547
Mauritania,MRT,1990,6.3253856
Mauritania,MRT,1991,7.413878
Mauritania,MRT,1992,5.9058027
Mauritania,MRT,1993,9.067999
Mauritania,MRT,1994,11.216776
Mauritania,MRT,1995,11.043971
Mauritania,MRT,1996,10.112692
Mauritania,MRT,1997,11.68527
Mauritania,MRT,1998,6.9349203
Mauritania,MRT,1999,9.832899
Mauritania,MRT,2000,10.693359
Mauritania,MRT,2001,9.991798
Mauritania,MRT,2002,11.429594
Mauritania,MRT,2003,10.468672
Mauritania,MRT,2004,10.841223
Mauritania,MRT,2005,11.517614
Mauritania,MRT,2006,9.508807
Mauritania,MRT,2007,17.946955
Mauritania,MRT,2008,18.484533
Mauritania,MRT,2009,13.852238
Mauritania,MRT,2010,10.029976
Mauritania,MRT,2011,12.739989
Mauritania,MRT,2012,12.349983
Mauritania,MRT,2013,11.639988
Mauritania,MRT,2014,11.859997
Mauritania,MRT,2015,16.410004
Mauritania,MRT,2016,11.740014
Mauritania,MRT,2017,11.639993
Mauritania,MRT,2018,15.920018
Mauritania,MRT,2019,13.149988
Mauritania,MRT,2020,13.799982
Mauritania,MRT,2021,19.509985
Mauritania,MRT,2022,22.039984
Mauritania,MRT,2023,22.00999
Mauritius,MUS,1961,7.147544
Mauritius,MUS,1962,7.09596
Mauritius,MUS,1963,11.326967
Mauritius,MUS,1964,9.1831875
Mauritius,MUS,1965,16.137114
Mauritius,MUS,1966,14.785885
Mauritius,MUS,1967,15.674776
Mauritius,MUS,1968,16.004232
Mauritius,MUS,1969,15.465922
Mauritius,MUS,1970,12.524224
Mauritius,MUS,1971,16.717789
Mauritius,MUS,1972,16.778294
Mauritius,MUS,1973,15.067334
Mauritius,MUS,1974,15.366726
Mauritius,MUS,1975,11.913007
Mauritius,MUS,1976,16.58056
Mauritius,MUS,1977,17.183521
Mauritius,MUS,1978,17.497145
Mauritius,MUS,1979,15.095503
Mauritius,MUS,1980,13.879238
Mauritius,MUS,1981,13.6929
Mauritius,MUS,1982,12.578566
Mauritius,MUS,1983,13.121344
Mauritius,MUS,1984,9.180428
Mauritius,MUS,1985,10.575631
Mauritius,MUS,1986,11.349721
Mauritius,MUS,1987,12.5036745
Mauritius,MUS,1988,15.18066
Mauritius,MUS,1989,15.942973
Mauritius,MUS,1990,18.86973
Mauritius,MUS,1991,22.588676
Mauritius,MUS,1992,24.02089
Mauritius,MUS,1993,28.77846
Mauritius,MUS,1994,29.050924
Mauritius,MUS,1995,28.608917
Mauritius,MUS,1996,28.50154
Mauritius,MUS,1997,29.686804
Mauritius,MUS,1998,29.679018
Mauritius,MUS,1999,31.294258
Mauritius,MUS,2000,35.414654
Mauritius,MUS,2001,37.781036
Mauritius,MUS,2002,35.763348
Mauritius,MUS,2003,42.77657
Mauritius,MUS,2004,43.298832
Mauritius,MUS,2005,41.014965
Mauritius,MUS,2006,43.247444
Mauritius,MUS,2007,43.580967
Mauritius,MUS,2008,53.117386
Mauritius,MUS,2009,55.08652
Mauritius,MUS,2010,48.72
Mauritius,MUS,2011,52.05
Mauritius,MUS,2012,57.039825
Mauritius,MUS,2013,59.099632
Mauritius,MUS,2014,55.50974
Mauritius,MUS,2015,56.56987
Mauritius,MUS,2016,56.209698
Mauritius,MUS,2017,57.489826
Mauritius,MUS,2018,60.53972
Mauritius,MUS,2019,54.090042
Mauritius,MUS,2020,48.829582
Mauritius,MUS,2021,44.24972
Mauritius,MUS,2022,50.509842
Mauritius,MUS,2023,57.629955
Mexico,MEX,1961,57.91083
Mexico,MEX,1962,63.332832
Mexico,MEX,1963,67.398506
Mexico,MEX,1964,66.540054
Mexico,MEX,1965,82.77159
Mexico,MEX,1966,85.89644
Mexico,MEX,1967,86.107994
Mexico,MEX,1968,81.65647
Mexico,MEX,1969,74.35021
Mexico,MEX,1970,73.38972
Mexico,MEX,1971,87.950096
Mexico,MEX,1972,81.8851
Mexico,MEX,1973,84.41232
Mexico,MEX,1974,79.785805
Mexico,MEX,1975,84.77442
Mexico,MEX,1976,86.24895
Mexico,MEX,1977,85.05815
Mexico,MEX,1978,90.51811
Mexico,MEX,1979,85.90308
Mexico,MEX,1980,94.42726
Mexico,MEX,1981,101.89442
Mexico,MEX,1982,108.5189
Mexico,MEX,1983,101.10759
Mexico,MEX,1984,107.82665
Mexico,MEX,1985,101.313774
Mexico,MEX,1986,101.645195
Mexico,MEX,1987,97.81665
Mexico,MEX,1988,99.39568
Mexico,MEX,1989,93.78526
Mexico,MEX,1990,92.37512
Mexico,MEX,1991,92.2615
Mexico,MEX,1992,98.32771
Mexico,MEX,1993,97.51603
Mexico,MEX,1994,105.07063
Mexico,MEX,1995,104.30375
Mexico,MEX,1996,110.3518
Mexico,MEX,1997,107.65188
Mexico,MEX,1998,95.23794
Mexico,MEX,1999,103.3224
Mexico,MEX,2000,112.45186
Mexico,MEX,2001,120.17918
Mexico,MEX,2002,118.19147
Mexico,MEX,2003,117.18652
Mexico,MEX,2004,119.46778
Mexico,MEX,2005,113.71296
Mexico,MEX,2006,117.475784
Mexico,MEX,2007,114.34999
Mexico,MEX,2008,115.83849
Mexico,MEX,2009,111.600044
Mexico,MEX,2010,104.46
Mexico,MEX,2011,108.6
Mexico,MEX,2012,104.71
Mexico,MEX,2013,111.18
Mexico,MEX,2014,106.869995
Mexico,MEX,2015,111.02
Mexico,MEX,2016,115.270004
Mexico,MEX,2017,111.91001
Mexico,MEX,2018,117.87
Mexico,MEX,2019,120.75
Mexico,MEX,2020,123.80999
Mexico,MEX,2021,121.68
Mexico,MEX,2022,130.56
Mexico,MEX,2023,137.38
Micronesia (FAO),,1961,58.6
Micronesia (FAO),,1962,58.36
Micronesia (FAO),,1963,61.21
Micronesia (FAO),,1964,62.72
Micronesia (FAO),,1965,64.37
Micronesia (FAO),,1966,64.97
Micronesia (FAO),,1967,66.16
Micronesia (FAO),,1968,67.33
Micronesia (FAO),,1969,65.63
Micronesia (FAO),,1970,66.39
Micronesia (FAO),,1971,66.31
Micronesia (FAO),,1972,69.41
Micronesia (FAO),,1973,70.31
Micronesia (FAO),,1974,71.47
Micronesia (FAO),,1975,74.1
Micronesia (FAO),,1976,73.08
Micronesia (FAO),,1977,71.93
Micronesia (FAO),,1978,71.21
Micronesia (FAO),,1979,72.63
Micronesia (FAO),,1980,72.3
Micronesia (FAO),,1981,71.78
Micronesia (FAO),,1982,71.61
Micronesia (FAO),,1983,69.43
Micronesia (FAO),,1984,69.99
Micronesia (FAO),,1985,69.17
Micronesia (FAO),,1986,68.39
Micronesia (FAO),,1987,67.66
Micronesia (FAO),,1988,61.58
Micronesia (FAO),,1989,57.9
Micronesia (FAO),,1990,63.7
Micronesia (FAO),,1991,65.68
Micronesia (FAO),,1992,65.16
Micronesia (FAO),,1993,74.53
Micronesia (FAO),,1994,65.48
Micronesia (FAO),,1995,64.18
Micronesia (FAO),,1996,67.33
Micronesia (FAO),,1997,61.93
Micronesia (FAO),,1998,65.89
Micronesia (FAO),,1999,67.28
Micronesia (FAO),,2000,76.82
Micronesia (FAO),,2001,69.21
Micronesia (FAO),,2002,62.39
Micronesia (FAO),,2003,54.26
Micronesia (FAO),,2004,65.33
Micronesia (FAO),,2005,71.56
Micronesia (FAO),,2006,68.58
Micronesia (FAO),,2007,68.85
Micronesia (FAO),,2008,69.23
Micronesia (FAO),,2009,73.18
Micronesia (FAO),,2010,67.46
Micronesia (FAO),,2011,71.23
Micronesia (FAO),,2012,71.97
Micronesia (FAO),,2013,73.16
Micronesia (FAO),,2014,71.07
Micronesia (FAO),,2015,70.19
Micronesia (FAO),,2016,70.08
Micronesia (FAO),,2017,72.59
Micronesia (FAO),,2018,73.44
Micronesia (FAO),,2019,45.51
Micronesia (FAO),,2020,54.52
Micronesia (FAO),,2021,56.93
Micronesia (FAO),,2022,47.46
Micronesia (FAO),,2023,49.06
Micronesia (country),FSM,2019,31.606274
Micronesia (country),FSM,2020,28.907393
Micronesia (country),FSM,2021,33.14555
Micronesia (country),FSM,2022,31.816595
Micronesia (country),FSM,2023,32.825336
Middle Africa (FAO),,1961,53.46
Middle Africa (FAO),,1962,58.68
Middle Africa (FAO),,1963,59.93
Middle Africa (FAO),,1964,69.23
Middle Africa (FAO),,1965,55.53
Middle Africa (FAO),,1966,60.29
Middle Africa (FAO),,1967,65.65
Middle Africa (FAO),,1968,65.6
Middle Africa (FAO),,1969,60.82
Middle Africa (FAO),,1970,64.85
Middle Africa (FAO),,1971,65.88
Middle Africa (FAO),,1972,63.96
Middle Africa (FAO),,1973,66.47
Middle Africa (FAO),,1974,71.99
Middle Africa (FAO),,1975,65.71
Middle Africa (FAO),,1976,64.75
Middle Africa (FAO),,1977,66.93
Middle Africa (FAO),,1978,75.22
Middle Africa (FAO),,1979,74.34
Middle Africa (FAO),,1980,76.81
Middle Africa (FAO),,1981,76.51
Middle Africa (FAO),,1982,76.29
Middle Africa (FAO),,1983,81.32
Middle Africa (FAO),,1984,74.72
Middle Africa (FAO),,1985,78.88
Middle Africa (FAO),,1986,78.82
Middle Africa (FAO),,1987,67.18
Middle Africa (FAO),,1988,63.53
Middle Africa (FAO),,1989,66.21
Middle Africa (FAO),,1990,61.93
Middle Africa (FAO),,1991,64.31
Middle Africa (FAO),,1992,65.73
Middle Africa (FAO),,1993,65.85
Middle Africa (FAO),,1994,66.35
Middle Africa (FAO),,1995,65.18
Middle Africa (FAO),,1996,65.96
Middle Africa (FAO),,1997,61.19
Middle Africa (FAO),,1998,61.68
Middle Africa (FAO),,1999,51.9
Middle Africa (FAO),,2000,50.1
Middle Africa (FAO),,2001,49.98
Middle Africa (FAO),,2002,52.75
Middle Africa (FAO),,2003,53.76
Middle Africa (FAO),,2004,55.96
Middle Africa (FAO),,2005,61.12
Middle Africa (FAO),,2006,62.73
Middle Africa (FAO),,2007,63.94
Middle Africa (FAO),,2008,64.56
Middle Africa (FAO),,2009,71.56
Middle Africa (FAO),,2010,57.04
Middle Africa (FAO),,2011,58.44
Middle Africa (FAO),,2012,59.31
Middle Africa (FAO),,2013,65.37
Middle Africa (FAO),,2014,70.15
Middle Africa (FAO),,2015,70.16
Middle Africa (FAO),,2016,69.51
Middle Africa (FAO),,2017,67.65
Middle Africa (FAO),,2018,66.08
Middle Africa (FAO),,2019,65.28
Middle Africa (FAO),,2020,62.26
Middle Africa (FAO),,2021,62.57
Middle Africa (FAO),,2022,60.09
Middle Africa (FAO),,2023,58.85
Moldova,MDA,1992,54.770496
Moldova,MDA,1993,80.65969
Moldova,MDA,1994,66.58838
Moldova,MDA,1995,58.967804
Moldova,MDA,1996,63.005062
Moldova,MDA,1997,74.70564
Moldova,MDA,1998,53.611916
Moldova,MDA,1999,53.83633
Moldova,MDA,2000,52.19371
Moldova,MDA,2001,53.770447
Moldova,MDA,2002,52.73878
Moldova,MDA,2003,47.974415
Moldova,MDA,2004,40.525036
Moldova,MDA,2005,39.99642
Moldova,MDA,2006,43.506157
Moldova,MDA,2007,44.412872
Moldova,MDA,2008,51.983223
Moldova,MDA,2009,37.21457
Moldova,MDA,2010,86.0351
Moldova,MDA,2011,94.61584
Moldova,MDA,2012,104.45884
Moldova,MDA,2013,92.32047
Moldova,MDA,2014,92.78927
Moldova,MDA,2015,111.226326
Moldova,MDA,2016,114.03378
Moldova,MDA,2017,105.1844
Moldova,MDA,2018,140.70006
Moldova,MDA,2019,122.45427
Moldova,MDA,2020,86.83093
Moldova,MDA,2021,102.70296
Moldova,MDA,2022,110.35596
Moldova,MDA,2023,124.0819
Mongolia,MNG,1961,2.3837502
Mongolia,MNG,1962,2.3589606
Mongolia,MNG,1963,2.3342164
Mongolia,MNG,1964,2.3156352
Mongolia,MNG,1965,2.36826
Mongolia,MNG,1966,2.3118107
Mongolia,MNG,1967,2.3616853
Mongolia,MNG,1968,2.404322
Mongolia,MNG,1969,2.4499738
Mongolia,MNG,1970,2.567331
Mongolia,MNG,1971,3.5448048
Mongolia,MNG,1972,4.4179993
Mongolia,MNG,1973,4.2640343
Mongolia,MNG,1974,3.8285515
Mongolia,MNG,1975,3.6097538
Mongolia,MNG,1976,3.395548
Mongolia,MNG,1977,3.3989956
Mongolia,MNG,1978,3.5259733
Mongolia,MNG,1979,4.2818613
Mongolia,MNG,1980,4.6587367
Mongolia,MNG,1981,6.5825634
Mongolia,MNG,1982,6.2242208
Mongolia,MNG,1983,2.8604395
Mongolia,MNG,1984,4.1026435
Mongolia,MNG,1985,3.9709938
Mongolia,MNG,1986,3.1981459
Mongolia,MNG,1987,3.7789543
Mongolia,MNG,1988,6.2206993
Mongolia,MNG,1989,5.321784
Mongolia,MNG,1990,4.7421713
Mongolia,MNG,1991,2.9401863
Mongolia,MNG,1992,1.3930231
Mongolia,MNG,1993,1.5726925
Mongolia,MNG,1994,2.4138165
Mongolia,MNG,1995,4.1912103
Mongolia,MNG,1996,5.725178
Mongolia,MNG,1997,8.653181
Mongolia,MNG,1998,11.385544
Mongolia,MNG,1999,9.03919
Mongolia,MNG,2000,10.465961
Mongolia,MNG,2001,10.509407
Mongolia,MNG,2002,13.6315365
Mongolia,MNG,2003,16.77128
Mongolia,MNG,2004,15.734963
Mongolia,MNG,2005,12.91365
Mongolia,MNG,2006,26.126984
Mongolia,MNG,2007,38.4577
Mongolia,MNG,2008,24.076914
Mongolia,MNG,2009,25.222935
Mongolia,MNG,2010,25.389915
Mongolia,MNG,2011,26.89997
Mongolia,MNG,2012,24.709972
Mongolia,MNG,2013,24.239939
Mongolia,MNG,2014,15.959994
Mongolia,MNG,2015,16.450012
Mongolia,MNG,2016,16.109974
Mongolia,MNG,2017,17.33994
Mongolia,MNG,2018,20.429974
Mongolia,MNG,2019,15.6099615
Mongolia,MNG,2020,15.050018
Mongolia,MNG,2021,26.589952
Mongolia,MNG,2022,30.829954
Mongolia,MNG,2023,20.83995
Montenegro,MNE,2006,132.68095
Montenegro,MNE,2007,179.51025
Montenegro,MNE,2008,218.79279
Montenegro,MNE,2009,196.85423
Montenegro,MNE,2010,168.47054
Montenegro,MNE,2011,173.49028
Montenegro,MNE,2012,111.338936
Montenegro,MNE,2013,127.7702
Montenegro,MNE,2014,117.48056
Montenegro,MNE,2015,120.069046
Montenegro,MNE,2016,131.46085
Montenegro,MNE,2017,134.87956
Montenegro,MNE,2018,135.33823
Montenegro,MNE,2019,140.45978
Montenegro,MNE,2020,112.88925
Montenegro,MNE,2021,119.5192
Montenegro,MNE,2022,121.9502
Montenegro,MNE,2023,120.75943
Morocco,MAR,1961,27.05177
Morocco,MAR,1962,26.018206
Morocco,MAR,1963,26.545166
Morocco,MAR,1964,31.427443
Morocco,MAR,1965,28.66475
Morocco,MAR,1966,31.467678
Morocco,MAR,1967,32.73574
Morocco,MAR,1968,35.78849
Morocco,MAR,1969,29.670988
Morocco,MAR,1970,32.632664
Morocco,MAR,1971,33.545547
Morocco,MAR,1972,33.412403
Morocco,MAR,1973,37.185234
Morocco,MAR,1974,39.4209
Morocco,MAR,1975,32.749256
Morocco,MAR,1976,33.239185
Morocco,MAR,1977,37.06107
Morocco,MAR,1978,40.998886
Morocco,MAR,1979,35.70143
Morocco,MAR,1980,32.730507
Morocco,MAR,1981,37.95208
Morocco,MAR,1982,39.025414
Morocco,MAR,1983,40.086327
Morocco,MAR,1984,44.038517
Morocco,MAR,1985,41.142963
Morocco,MAR,1986,51.78935
Morocco,MAR,1987,45.01794
Morocco,MAR,1988,53.96435
Morocco,MAR,1989,67.37857
Morocco,MAR,1990,52.385723
Morocco,MAR,1991,61.13034
Morocco,MAR,1992,56.368168
Morocco,MAR,1993,66.08969
Morocco,MAR,1994,63.916473
Morocco,MAR,1995,50.09951
Morocco,MAR,1996,59.679756
Morocco,MAR,1997,63.410755
Morocco,MAR,1998,68.21542
Morocco,MAR,1999,62.50398
Morocco,MAR,2000,68.10982
Morocco,MAR,2001,51.939316
Morocco,MAR,2002,63.795628
Morocco,MAR,2003,66.665115
Morocco,MAR,2004,68.6868
Morocco,MAR,2005,66.11829
Morocco,MAR,2006,70.4086
Morocco,MAR,2007,65.12682
Morocco,MAR,2008,58.69417
Morocco,MAR,2009,76.82843
Morocco,MAR,2010,72.580025
Morocco,MAR,2011,80.070015
Morocco,MAR,2012,84.15998
Morocco,MAR,2013,76.34999
Morocco,MAR,2014,96.55999
Morocco,MAR,2015,91.05
Morocco,MAR,2016,87.740005
Morocco,MAR,2017,101.82999
Morocco,MAR,2018,100.73001
Morocco,MAR,2019,115.57997
Morocco,MAR,2020,92.04001
Morocco,MAR,2021,108.91999
Morocco,MAR,2022,113.99997
Morocco,MAR,2023,88.98996
Mozambique,MOZ,1961,30.344387
Mozambique,MOZ,1962,29.078901
Mozambique,MOZ,1963,30.832325
Mozambique,MOZ,1964,29.67681
Mozambique,MOZ,1965,29.541763
Mozambique,MOZ,1966,29.818209
Mozambique,MOZ,1967,28.712885
Mozambique,MOZ,1968,28.769917
Mozambique,MOZ,1969,31.355486
Mozambique,MOZ,1970,30.866457
Mozambique,MOZ,1971,34.897312
Mozambique,MOZ,1972,33.720478
Mozambique,MOZ,1973,33.443146
Mozambique,MOZ,1974,32.35312
Mozambique,MOZ,1975,26.447533
Mozambique,MOZ,1976,27.34958
Mozambique,MOZ,1977,27.689875
Mozambique,MOZ,1978,26.054018
Mozambique,MOZ,1979,25.035233
Mozambique,MOZ,1980,24.474182
Mozambique,MOZ,1981,24.806767
Mozambique,MOZ,1982,24.53356
Mozambique,MOZ,1983,24.428143
Mozambique,MOZ,1984,23.559523
Mozambique,MOZ,1985,23.20436
Mozambique,MOZ,1986,23.94961
Mozambique,MOZ,1987,24.68976
Mozambique,MOZ,1988,25.226429
Mozambique,MOZ,1989,25.281336
Mozambique,MOZ,1990,25.323689
Mozambique,MOZ,1991,23.02817
Mozambique,MOZ,1992,18.33106
Mozambique,MOZ,1993,21.219383
Mozambique,MOZ,1994,18.727978
Mozambique,MOZ,1995,19.11568
Mozambique,MOZ,1996,19.724674
Mozambique,MOZ,1997,19.72919
Mozambique,MOZ,1998,19.79202
Mozambique,MOZ,1999,19.519644
Mozambique,MOZ,2000,14.707775
Mozambique,MOZ,2001,15.312359
Mozambique,MOZ,2002,18.598148
Mozambique,MOZ,2003,19.019896
Mozambique,MOZ,2004,18.790398
Mozambique,MOZ,2005,19.287592
Mozambique,MOZ,2006,20.95655
Mozambique,MOZ,2007,22.517155
Mozambique,MOZ,2008,23.462992
Mozambique,MOZ,2009,24.705013
Mozambique,MOZ,2010,25.850008
Mozambique,MOZ,2011,24.809994
Mozambique,MOZ,2012,27.92
Mozambique,MOZ,2013,30.349997
Mozambique,MOZ,2014,27.949999
Mozambique,MOZ,2015,31.709991
Mozambique,MOZ,2016,26.069992
Mozambique,MOZ,2017,30.629992
Mozambique,MOZ,2018,30.839993
Mozambique,MOZ,2019,30.790005
Mozambique,MOZ,2020,29.310003
Mozambique,MOZ,2021,18.740002
Mozambique,MOZ,2022,18.740004
Mozambique,MOZ,2023,16.479998
Myanmar,MMR,1961,34.97414
Myanmar,MMR,1962,35.29477
Myanmar,MMR,1963,31.919428
Myanmar,MMR,1964,30.48411
Myanmar,MMR,1965,30.663963
Myanmar,MMR,1966,30.763092
Myanmar,MMR,1967,30.65097
Myanmar,MMR,1968,30.031244
Myanmar,MMR,1969,23.66757
Myanmar,MMR,1970,24.086048
Myanmar,MMR,1971,24.025707
Myanmar,MMR,1972,23.964514
Myanmar,MMR,1973,23.719095
Myanmar,MMR,1974,23.924978
Myanmar,MMR,1975,23.942911
Myanmar,MMR,1976,24.167656
Myanmar,MMR,1977,24.439507
Myanmar,MMR,1978,23.447924
Myanmar,MMR,1979,22.91518
Myanmar,MMR,1980,22.525284
Myanmar,MMR,1981,22.10592
Myanmar,MMR,1982,22.046268
Myanmar,MMR,1983,22.272753
Myanmar,MMR,1984,21.802141
Myanmar,MMR,1985,21.587038
Myanmar,MMR,1986,22.016342
Myanmar,MMR,1987,22.007936
Myanmar,MMR,1988,22.170788
Myanmar,MMR,1989,22.374067
Myanmar,MMR,1990,22.089123
Myanmar,MMR,1991,22.1037
Myanmar,MMR,1992,21.80095
Myanmar,MMR,1993,22.587786
Myanmar,MMR,1994,23.928787
Myanmar,MMR,1995,24.736862
Myanmar,MMR,1996,24.639986
Myanmar,MMR,1997,26.34864
Myanmar,MMR,1998,28.419678
Myanmar,MMR,1999,29.255713
Myanmar,MMR,2000,29.719564
Myanmar,MMR,2001,30.273573
Myanmar,MMR,2002,31.549522
Myanmar,MMR,2003,31.530619
Myanmar,MMR,2004,34.363464
Myanmar,MMR,2005,35.024246
Myanmar,MMR,2006,38.182686
Myanmar,MMR,2007,38.21281
Myanmar,MMR,2008,37.510067
Myanmar,MMR,2009,37.21945
Myanmar,MMR,2010,39.580006
Myanmar,MMR,2011,39.109997
Myanmar,MMR,2012,38.15
Myanmar,MMR,2013,38.61
Myanmar,MMR,2014,39.979996
Myanmar,MMR,2015,42.46
Myanmar,MMR,2016,43.19
Myanmar,MMR,2017,44.290005
Myanmar,MMR,2018,49.03
Myanmar,MMR,2019,36.869995
Myanmar,MMR,2020,40.759995
Myanmar,MMR,2021,38.93
Myanmar,MMR,2022,42.03
Myanmar,MMR,2023,40.13
Namibia,NAM,1961,29.843584
Namibia,NAM,1962,29.966139
Namibia,NAM,1963,32.16178
Namibia,NAM,1964,32.118225
Namibia,NAM,1965,32.704113
Namibia,NAM,1966,31.877203
Namibia,NAM,1967,31.681198
Namibia,NAM,1968,30.817425
Namibia,NAM,1969,30.561983
Namibia,NAM,1970,29.09526
Namibia,NAM,1971,30.549585
Namibia,NAM,1972,31.325779
Namibia,NAM,1973,30.401337
Namibia,NAM,1974,31.07506
Namibia,NAM,1975,30.13004
Namibia,NAM,1976,30.77044
Namibia,NAM,1977,30.934855
Namibia,NAM,1978,30.402786
Namibia,NAM,1979,30.846975
Namibia,NAM,1980,30.262838
Namibia,NAM,1981,30.827017
Namibia,NAM,1982,31.177008
Namibia,NAM,1983,30.358019
Namibia,NAM,1984,30.397562
Namibia,NAM,1985,29.539537
Namibia,NAM,1986,28.641975
Namibia,NAM,1987,27.739632
Namibia,NAM,1988,28.274712
Namibia,NAM,1989,26.534597
Namibia,NAM,1990,24.873165
Namibia,NAM,1991,25.42246
Namibia,NAM,1992,23.404297
Namibia,NAM,1993,23.260513
Namibia,NAM,1994,23.71363
Namibia,NAM,1995,23.269007
Namibia,NAM,1996,23.460352
Namibia,NAM,1997,26.672724
Namibia,NAM,1998,43.914318
Namibia,NAM,1999,34.780117
Namibia,NAM,2000,30.755814
Namibia,NAM,2001,35.260166
Namibia,NAM,2002,26.883993
Namibia,NAM,2003,24.960487
Namibia,NAM,2004,28.909153
Namibia,NAM,2005,30.169258
Namibia,NAM,2006,31.580017
Namibia,NAM,2007,28.07165
Namibia,NAM,2008,24.924963
Namibia,NAM,2009,21.209242
Namibia,NAM,2010,27.929935
Namibia,NAM,2011,31.169842
Namibia,NAM,2012,78.80978
Namibia,NAM,2013,71.910164
Namibia,NAM,2014,59.45992
Namibia,NAM,2015,61.69987
Namibia,NAM,2016,63.41976
Namibia,NAM,2017,60.979904
Namibia,NAM,2018,47.33006
Namibia,NAM,2019,58.979797
Namibia,NAM,2020,39.44
Namibia,NAM,2021,55.809963
Namibia,NAM,2022,53.00985
Namibia,NAM,2023,46.389812
Nauru,NRU,2019,67.83878
Nauru,NRU,2020,75.198494
Nauru,NRU,2021,87.35319
Nauru,NRU,2022,80.230415
Nauru,NRU,2023,93.72221
Nepal,NPL,1961,7.848253
Nepal,NPL,1962,7.870944
Nepal,NPL,1963,7.9701724
Nepal,NPL,1964,7.976417
Nepal,NPL,1965,8.057278
Nepal,NPL,1966,8.045988
Nepal,NPL,1967,8.111138
Nepal,NPL,1968,8.167271
Nepal,NPL,1969,8.140851
Nepal,NPL,1970,8.104932
Nepal,NPL,1971,8.146189
Nepal,NPL,1972,8.180505
Nepal,NPL,1973,8.13164
Nepal,NPL,1974,8.093119
Nepal,NPL,1975,8.045134
Nepal,NPL,1976,7.933882
Nepal,NPL,1977,7.8849316
Nepal,NPL,1978,7.895511
Nepal,NPL,1979,7.822755
Nepal,NPL,1980,7.833866
Nepal,NPL,1981,7.8108153
Nepal,NPL,1982,8.068476
Nepal,NPL,1983,17.311552
Nepal,NPL,1984,17.915648
Nepal,NPL,1985,17.827248
Nepal,NPL,1986,18.668022
Nepal,NPL,1987,19.543264
Nepal,NPL,1988,19.471718
Nepal,NPL,1989,19.34262
Nepal,NPL,1990,21.483217
Nepal,NPL,1991,44.67902
Nepal,NPL,1992,43.611786
Nepal,NPL,1993,44.116295
Nepal,NPL,1994,44.35692
Nepal,NPL,1995,44.995277
Nepal,NPL,1996,28.596684
Nepal,NPL,1997,32.71365
Nepal,NPL,1998,31.641973
Nepal,NPL,1999,33.548
Nepal,NPL,2000,32.887238
Nepal,NPL,2001,35.50134
Nepal,NPL,2002,34.371696
Nepal,NPL,2003,36.528217
Nepal,NPL,2004,38.17331
Nepal,NPL,2005,39.923916
Nepal,NPL,2006,39.301933
Nepal,NPL,2007,40.975983
Nepal,NPL,2008,44.289658
Nepal,NPL,2009,43.334732
Nepal,NPL,2010,44.289993
Nepal,NPL,2011,49.279984
Nepal,NPL,2012,64.72001
Nepal,NPL,2013,59.750008
Nepal,NPL,2014,61.199993
Nepal,NPL,2015,63.96
Nepal,NPL,2016,64.75998
Nepal,NPL,2017,68.80001
Nepal,NPL,2018,48.110004
Nepal,NPL,2019,52.98999
Nepal,NPL,2020,51.90998
Nepal,NPL,2021,57.40999
Nepal,NPL,2022,57.730007
Nepal,NPL,2023,51.25999
Net Food Importing Developing Countries (FAO),,1961,41.03
Net Food Importing Developing Countries (FAO),,1962,42.62
Net Food Importing Developing Countries (FAO),,1963,41.56
Net Food Importing Developing Countries (FAO),,1964,43.03
Net Food Importing Developing Countries (FAO),,1965,43.34
Net Food Importing Developing Countries (FAO),,1966,44.13
Net Food Importing Developing Countries (FAO),,1967,46.01
Net Food Importing Developing Countries (FAO),,1968,45.37
Net Food Importing Developing Countries (FAO),,1969,44.28
Net Food Importing Developing Countries (FAO),,1970,43.32
Net Food Importing Developing Countries (FAO),,1971,42.93
Net Food Importing Developing Countries (FAO),,1972,43.01
Net Food Importing Developing Countries (FAO),,1973,42.78
Net Food Importing Developing Countries (FAO),,1974,43.77
Net Food Importing Developing Countries (FAO),,1975,43.62
Net Food Importing Developing Countries (FAO),,1976,43.46
Net Food Importing Developing Countries (FAO),,1977,42.5
Net Food Importing Developing Countries (FAO),,1978,43.38
Net Food Importing Developing Countries (FAO),,1979,46.13
Net Food Importing Developing Countries (FAO),,1980,45.08
Net Food Importing Developing Countries (FAO),,1981,44.68
Net Food Importing Developing Countries (FAO),,1982,45.58
Net Food Importing Developing Countries (FAO),,1983,45.09
Net Food Importing Developing Countries (FAO),,1984,43.68
Net Food Importing Developing Countries (FAO),,1985,43.58
Net Food Importing Developing Countries (FAO),,1986,44.22
Net Food Importing Developing Countries (FAO),,1987,43.84
Net Food Importing Developing Countries (FAO),,1988,44.23
Net Food Importing Developing Countries (FAO),,1989,45.44
Net Food Importing Developing Countries (FAO),,1990,43.9
Net Food Importing Developing Countries (FAO),,1991,44.37
Net Food Importing Developing Countries (FAO),,1992,44.49
Net Food Importing Developing Countries (FAO),,1993,44.97
Net Food Importing Developing Countries (FAO),,1994,45.39
Net Food Importing Developing Countries (FAO),,1995,45.62
Net Food Importing Developing Countries (FAO),,1996,46.28
Net Food Importing Developing Countries (FAO),,1997,47.29
Net Food Importing Developing Countries (FAO),,1998,47.79
Net Food Importing Developing Countries (FAO),,1999,47.54
Net Food Importing Developing Countries (FAO),,2000,47.45
Net Food Importing Developing Countries (FAO),,2001,47.2
Net Food Importing Developing Countries (FAO),,2002,49.29
Net Food Importing Developing Countries (FAO),,2003,48.69
Net Food Importing Developing Countries (FAO),,2004,50.07
Net Food Importing Developing Countries (FAO),,2005,51.47
Net Food Importing Developing Countries (FAO),,2006,53.27
Net Food Importing Developing Countries (FAO),,2007,52.43
Net Food Importing Developing Countries (FAO),,2008,52.06
Net Food Importing Developing Countries (FAO),,2009,52.95
Net Food Importing Developing Countries (FAO),,2010,52.3
Net Food Importing Developing Countries (FAO),,2011,51.96
Net Food Importing Developing Countries (FAO),,2012,53.09
Net Food Importing Developing Countries (FAO),,2013,53.66
Net Food Importing Developing Countries (FAO),,2014,55.14
Net Food Importing Developing Countries (FAO),,2015,55.9
Net Food Importing Developing Countries (FAO),,2016,54.37
Net Food Importing Developing Countries (FAO),,2017,54.89
Net Food Importing Developing Countries (FAO),,2018,55.49
Net Food Importing Developing Countries (FAO),,2019,56.64
Net Food Importing Developing Countries (FAO),,2020,58.11
Net Food Importing Developing Countries (FAO),,2021,56.9
Net Food Importing Developing Countries (FAO),,2022,57.14
Net Food Importing Developing Countries (FAO),,2023,56.17
Netherlands,NLD,1961,63.16421
Netherlands,NLD,1962,66.5088
Netherlands,NLD,1963,69.91006
Netherlands,NLD,1964,83.5372
Netherlands,NLD,1965,74.0655
Netherlands,NLD,1966,74.287735
Netherlands,NLD,1967,89.66814
Netherlands,NLD,1968,86.91398
Netherlands,NLD,1969,88.06709
Netherlands,NLD,1970,90.48305
Netherlands,NLD,1971,85.68489
Netherlands,NLD,1972,77.776985
Netherlands,NLD,1973,79.16853
Netherlands,NLD,1974,80.695114
Netherlands,NLD,1975,84.11876
Netherlands,NLD,1976,95.95655
Netherlands,NLD,1977,90.097305
Netherlands,NLD,1978,104.23837
Netherlands,NLD,1979,108.62625
Netherlands,NLD,1980,111.560616
Netherlands,NLD,1981,95.79931
Netherlands,NLD,1982,106.84279
Netherlands,NLD,1983,105.69586
Netherlands,NLD,1984,108.15206
Netherlands,NLD,1985,93.17934
Netherlands,NLD,1986,108.21141
Netherlands,NLD,1987,111.71417
Netherlands,NLD,1988,121.59679
Netherlands,NLD,1989,115.94591
Netherlands,NLD,1990,135.85457
Netherlands,NLD,1991,140.00636
Netherlands,NLD,1992,173.8463
Netherlands,NLD,1993,129.62697
Netherlands,NLD,1994,136.4088
Netherlands,NLD,1995,143.00496
Netherlands,NLD,1996,119.66564
Netherlands,NLD,1997,105.76239
Netherlands,NLD,1998,109.5387
Netherlands,NLD,1999,120.47307
Netherlands,NLD,2000,119.54191
Netherlands,NLD,2001,120.37379
Netherlands,NLD,2002,141.39127
Netherlands,NLD,2003,131.09746
Netherlands,NLD,2004,127.41321
Netherlands,NLD,2005,125.757126
Netherlands,NLD,2006,128.7137
Netherlands,NLD,2007,134.24858
Netherlands,NLD,2008,124.506454
Netherlands,NLD,2009,110.597595
Netherlands,NLD,2010,116.75006
Netherlands,NLD,2011,184.33
Netherlands,NLD,2012,176.35999
Netherlands,NLD,2013,177.34995
Netherlands,NLD,2014,185.05005
Netherlands,NLD,2015,192.48001
Netherlands,NLD,2016,194.08995
Netherlands,NLD,2017,196.54993
Netherlands,NLD,2018,206.25993
Netherlands,NLD,2019,174.34004
Netherlands,NLD,2020,184.06999
Netherlands,NLD,2021,150.40997
Netherlands,NLD,2022,159.68999
Netherlands,NLD,2023,157.89993
Netherlands Antilles,ANT,1961,105.73802
Netherlands Antilles,ANT,1962,109.62183
Netherlands Antilles,ANT,1963,109.61776
Netherlands Antilles,ANT,1964,99.778
Netherlands Antilles,ANT,1965,89.34152
Netherlands Antilles,ANT,1966,87.72121
Netherlands Antilles,ANT,1967,86.57831
Netherlands Antilles,ANT,1968,87.92348
Netherlands Antilles,ANT,1969,90.37848
Netherlands Antilles,ANT,1970,103.777626
Netherlands Antilles,ANT,1971,105.51216
Netherlands Antilles,ANT,1972,105.51756
Netherlands Antilles,ANT,1973,100.225204
Netherlands Antilles,ANT,1974,107.00178
Netherlands Antilles,ANT,1975,110.98573
Netherlands Antilles,ANT,1976,138.41774
Netherlands Antilles,ANT,1977,133.98337
Netherlands Antilles,ANT,1978,120.09843
Netherlands Antilles,ANT,1979,133.48758
Netherlands Antilles,ANT,1980,125.182915
Netherlands Antilles,ANT,1981,153.8501
Netherlands Antilles,ANT,1982,167.71144
Netherlands Antilles,ANT,1983,173.82178
Netherlands Antilles,ANT,1984,189.25816
Netherlands Antilles,ANT,1985,127.29764
Netherlands Antilles,ANT,1986,139.34097
Netherlands Antilles,ANT,1987,130.8877
Netherlands Antilles,ANT,1988,102.915474
Netherlands Antilles,ANT,1989,107.02935
Netherlands Antilles,ANT,1990,127.01825
Netherlands Antilles,ANT,1991,126.85906
Netherlands Antilles,ANT,1992,129.0935
Netherlands Antilles,ANT,1993,129.14441
Netherlands Antilles,ANT,1994,104.26308
Netherlands Antilles,ANT,1995,110.01665
Netherlands Antilles,ANT,1996,96.65388
Netherlands Antilles,ANT,1997,93.68946
Netherlands Antilles,ANT,1998,93.39592
Netherlands Antilles,ANT,1999,53.094383
Netherlands Antilles,ANT,2000,52.115654
Netherlands Antilles,ANT,2001,54.331795
Netherlands Antilles,ANT,2002,48.409645
Netherlands Antilles,ANT,2003,71.340996
Netherlands Antilles,ANT,2004,68.50822
Netherlands Antilles,ANT,2005,68.43269
Netherlands Antilles,ANT,2006,67.98452
Netherlands Antilles,ANT,2007,68.05076
Netherlands Antilles,ANT,2008,67.61877
Netherlands Antilles,ANT,2009,68.7211
New Caledonia,NCL,1961,103.36124
New Caledonia,NCL,1962,97.45085
New Caledonia,NCL,1963,77.14668
New Caledonia,NCL,1964,85.34839
New Caledonia,NCL,1965,91.29008
New Caledonia,NCL,1966,91.905876
New Caledonia,NCL,1967,85.66178
New Caledonia,NCL,1968,85.25499
New Caledonia,NCL,1969,82.9282
New Caledonia,NCL,1970,94.25601
New Caledonia,NCL,1971,89.553185
New Caledonia,NCL,1972,90.78485
New Caledonia,NCL,1973,87.63195
New Caledonia,NCL,1974,84.00608
New Caledonia,NCL,1975,69.58151
New Caledonia,NCL,1976,68.27346
New Caledonia,NCL,1977,71.526764
New Caledonia,NCL,1978,69.3319
New Caledonia,NCL,1979,72.16319
New Caledonia,NCL,1980,89.89561
New Caledonia,NCL,1981,68.397575
New Caledonia,NCL,1982,64.981926
New Caledonia,NCL,1983,89.90807
New Caledonia,NCL,1984,73.75575
New Caledonia,NCL,1985,71.58388
New Caledonia,NCL,1986,62.68937
New Caledonia,NCL,1987,59.008686
New Caledonia,NCL,1988,61.696526
New Caledonia,NCL,1989,64.468185
New Caledonia,NCL,1990,43.239285
New Caledonia,NCL,1991,45.739887
New Caledonia,NCL,1992,44.188217
New Caledonia,NCL,1993,43.292133
New Caledonia,NCL,1994,43.775623
New Caledonia,NCL,1995,46.591682
New Caledonia,NCL,1996,50.714176
New Caledonia,NCL,1997,59.654716
New Caledonia,NCL,1998,65.90464
New Caledonia,NCL,1999,46.265446
New Caledonia,NCL,2000,47.165524
New Caledonia,NCL,2001,56.452305
New Caledonia,NCL,2002,52.726112
New Caledonia,NCL,2003,67.54635
New Caledonia,NCL,2004,77.44899
New Caledonia,NCL,2005,72.97535
New Caledonia,NCL,2006,79.855225
New Caledonia,NCL,2007,83.489006
New Caledonia,NCL,2008,72.52924
New Caledonia,NCL,2009,91.70791
New Caledonia,NCL,2010,112.71999
New Caledonia,NCL,2011,110.53586
New Caledonia,NCL,2012,135.62502
New Caledonia,NCL,2013,120.65478
New Caledonia,NCL,2014,120.90441
New Caledonia,NCL,2015,147.11533
New Caledonia,NCL,2016,149.14369
New Caledonia,NCL,2017,122.83826
New Caledonia,NCL,2018,97.77621
New Caledonia,NCL,2019,95.46798
New Caledonia,NCL,2020,103.37745
New Caledonia,NCL,2021,97.924164
New Caledonia,NCL,2022,94.776695
New Caledonia,NCL,2023,94.467064
New Zealand,NZL,1961,63.19026
New Zealand,NZL,1962,63.918964
New Zealand,NZL,1963,66.343445
New Zealand,NZL,1964,76.57921
New Zealand,NZL,1965,64.71087
New Zealand,NZL,1966,75.65481
New Zealand,NZL,1967,70.047005
New Zealand,NZL,1968,67.12495
New Zealand,NZL,1969,65.43203
New Zealand,NZL,1970,72.45389
New Zealand,NZL,1971,66.30155
New Zealand,NZL,1972,75.21118
New Zealand,NZL,1973,72.095505
New Zealand,NZL,1974,72.33224
New Zealand,NZL,1975,66.56167
New Zealand,NZL,1976,70.490074
New Zealand,NZL,1977,69.54854
New Zealand,NZL,1978,73.67812
New Zealand,NZL,1979,73.1894
New Zealand,NZL,1980,82.41768
New Zealand,NZL,1981,90.44735
New Zealand,NZL,1982,86.34481
New Zealand,NZL,1983,84.104195
New Zealand,NZL,1984,93.072784
New Zealand,NZL,1985,98.70929
New Zealand,NZL,1986,100.640205
New Zealand,NZL,1987,118.533745
New Zealand,NZL,1988,114.62375
New Zealand,NZL,1989,117.91348
New Zealand,NZL,1990,101.43042
New Zealand,NZL,1991,95.719666
New Zealand,NZL,1992,99.83648
New Zealand,NZL,1993,112.29881
New Zealand,NZL,1994,116.103134
New Zealand,NZL,1995,115.90785
New Zealand,NZL,1996,117.82746
New Zealand,NZL,1997,114.23039
New Zealand,NZL,1998,108.17856
New Zealand,NZL,1999,113.23935
New Zealand,NZL,2000,128.3041
New Zealand,NZL,2001,122.59813
New Zealand,NZL,2002,116.89111
New Zealand,NZL,2003,108.39728
New Zealand,NZL,2004,113.38346
New Zealand,NZL,2005,119.06114
New Zealand,NZL,2006,97.040886
New Zealand,NZL,2007,114.42302
New Zealand,NZL,2008,120.70656
New Zealand,NZL,2009,110.79918
New Zealand,NZL,2010,76.31007
New Zealand,NZL,2011,69.44002
New Zealand,NZL,2012,75.39997
New Zealand,NZL,2013,88.369865
New Zealand,NZL,2014,85.11008
New Zealand,NZL,2015,82.74991
New Zealand,NZL,2016,88.75004
New Zealand,NZL,2017,78.610016
New Zealand,NZL,2018,74.57015
New Zealand,NZL,2019,73.39986
New Zealand,NZL,2020,64.43006
New Zealand,NZL,2021,72.75009
New Zealand,NZL,2022,80.69998
New Zealand,NZL,2023,107.94006
Nicaragua,NIC,1961,66.13668
Nicaragua,NIC,1962,63.381145
Nicaragua,NIC,1963,66.39953
Nicaragua,NIC,1964,65.173615
Nicaragua,NIC,1965,57.072014
Nicaragua,NIC,1966,57.112442
Nicaragua,NIC,1967,60.040703
Nicaragua,NIC,1968,61.305717
Nicaragua,NIC,1969,65.44647
Nicaragua,NIC,1970,65.966034
Nicaragua,NIC,1971,64.17995
Nicaragua,NIC,1972,57.60009
Nicaragua,NIC,1973,64.48191
Nicaragua,NIC,1974,62.15305
Nicaragua,NIC,1975,61.8909
Nicaragua,NIC,1976,63.17721
Nicaragua,NIC,1977,74.123184
Nicaragua,NIC,1978,66.64864
Nicaragua,NIC,1979,53.61923
Nicaragua,NIC,1980,58.057053
Nicaragua,NIC,1981,51.16431
Nicaragua,NIC,1982,63.10792
Nicaragua,NIC,1983,45.256332
Nicaragua,NIC,1984,53.2278
Nicaragua,NIC,1985,45.55322
Nicaragua,NIC,1986,47.000393
Nicaragua,NIC,1987,44.47072
Nicaragua,NIC,1988,41.451073
Nicaragua,NIC,1989,40.783535
Nicaragua,NIC,1990,37.646503
Nicaragua,NIC,1991,43.258892
Nicaragua,NIC,1992,55.707157
Nicaragua,NIC,1993,41.864883
Nicaragua,NIC,1994,38.24448
Nicaragua,NIC,1995,33.415234
Nicaragua,NIC,1996,34.033318
Nicaragua,NIC,1997,30.43748
Nicaragua,NIC,1998,34.795944
Nicaragua,NIC,1999,35.432663
Nicaragua,NIC,2000,31.514135
Nicaragua,NIC,2001,33.53768
Nicaragua,NIC,2002,30.271439
Nicaragua,NIC,2003,33.47369
Nicaragua,NIC,2004,33.748627
Nicaragua,NIC,2005,34.585754
Nicaragua,NIC,2006,34.044033
Nicaragua,NIC,2007,37.033535
Nicaragua,NIC,2008,45.686752
Nicaragua,NIC,2009,49.748417
Nicaragua,NIC,2010,58.719994
Nicaragua,NIC,2011,57.07999
Nicaragua,NIC,2012,44.09
Nicaragua,NIC,2013,43.329914
Nicaragua,NIC,2014,49.409977
Nicaragua,NIC,2015,57.040028
Nicaragua,NIC,2016,52.62005
Nicaragua,NIC,2017,53.169956
Nicaragua,NIC,2018,54.520054
Nicaragua,NIC,2019,53.79
Nicaragua,NIC,2020,49.560024
Nicaragua,NIC,2021,48.889965
Nicaragua,NIC,2022,51.71991
Nicaragua,NIC,2023,59.43992
Niger,NER,1961,6.025173
Niger,NER,1962,6.2935114
Niger,NER,1963,6.3058743
Niger,NER,1964,6.2264266
Niger,NER,1965,5.9770255
Niger,NER,1966,5.9300585
Niger,NER,1967,5.911372
Niger,NER,1968,6.01742
Niger,NER,1969,5.831034
Niger,NER,1970,5.874166
Niger,NER,1971,4.759064
Niger,NER,1972,4.7555
Niger,NER,1973,4.293475
Niger,NER,1974,4.5260773
Niger,NER,1975,5.3122725
Niger,NER,1976,5.286605
Niger,NER,1977,5.221091
Niger,NER,1978,6.4968295
Niger,NER,1979,6.2308125
Niger,NER,1980,6.370274
Niger,NER,1981,6.3007417
Niger,NER,1982,6.3737664
Niger,NER,1983,6.8821282
Niger,NER,1984,6.5870843
Niger,NER,1985,6.0000153
Niger,NER,1986,5.424063
Niger,NER,1987,5.515936
Niger,NER,1988,5.8072157
Niger,NER,1989,6.130347
Niger,NER,1990,5.708306
Niger,NER,1991,5.3379354
Niger,NER,1992,5.1865506
Niger,NER,1993,4.9715877
Niger,NER,1994,4.568098
Niger,NER,1995,5.3881693
Niger,NER,1996,5.1165533
Niger,NER,1997,5.188715
Niger,NER,1998,4.81249
Niger,NER,1999,5.3468876
Niger,NER,2000,6.5884805
Niger,NER,2001,10.420272
Niger,NER,2002,13.93258
Niger,NER,2003,17.274559
Niger,NER,2004,18.451548
Niger,NER,2005,19.906067
Niger,NER,2006,21.495169
Niger,NER,2007,23.400166
Niger,NER,2008,24.819296
Niger,NER,2009,30.406986
Niger,NER,2010,27.369995
Niger,NER,2011,27.229988
Niger,NER,2012,27.12
Niger,NER,2013,25.820002
Niger,NER,2014,23.959991
Niger,NER,2015,25.180006
Niger,NER,2016,26.29999
Niger,NER,2017,26.03
Niger,NER,2018,26.179996
Niger,NER,2019,21.219994
Niger,NER,2020,21.869995
Niger,NER,2021,24.129995
Niger,NER,2022,24.019993
Niger,NER,2023,21.440006
Nigeria,NGA,1961,65.34907
Nigeria,NGA,1962,64.659546
Nigeria,NGA,1963,63.884983
Nigeria,NGA,1964,63.13284
Nigeria,NGA,1965,64.36504
Nigeria,NGA,1966,63.653214
Nigeria,NGA,1967,62.991215
Nigeria,NGA,1968,62.362064
Nigeria,NGA,1969,61.775715
Nigeria,NGA,1970,71.73437
Nigeria,NGA,1971,70.754715
Nigeria,NGA,1972,69.076836
Nigeria,NGA,1973,67.43693
Nigeria,NGA,1974,66.22039
Nigeria,NGA,1975,65.77056
Nigeria,NGA,1976,64.657005
Nigeria,NGA,1977,63.188446
Nigeria,NGA,1978,61.60437
Nigeria,NGA,1979,63.627285
Nigeria,NGA,1980,62.7033
Nigeria,NGA,1981,61.13704
Nigeria,NGA,1982,59.900105
Nigeria,NGA,1983,63.881714
Nigeria,NGA,1984,62.48581
Nigeria,NGA,1985,61.055233
Nigeria,NGA,1986,60.563778
Nigeria,NGA,1987,58.342182
Nigeria,NGA,1988,55.725044
Nigeria,NGA,1989,62.158756
Nigeria,NGA,1990,58.647552
Nigeria,NGA,1991,63.42269
Nigeria,NGA,1992,64.59645
Nigeria,NGA,1993,67.92796
Nigeria,NGA,1994,63.871704
Nigeria,NGA,1995,62.94983
Nigeria,NGA,1996,63.55985
Nigeria,NGA,1997,64.35278
Nigeria,NGA,1998,65.93903
Nigeria,NGA,1999,66.08676
Nigeria,NGA,2000,65.80275
Nigeria,NGA,2001,65.30084
Nigeria,NGA,2002,66.23324
Nigeria,NGA,2003,68.73725
Nigeria,NGA,2004,71.24044
Nigeria,NGA,2005,66.03076
Nigeria,NGA,2006,58.84403
Nigeria,NGA,2007,58.945
Nigeria,NGA,2008,55.994785
Nigeria,NGA,2009,57.54054
Nigeria,NGA,2010,59.37
Nigeria,NGA,2011,58.279995
Nigeria,NGA,2012,58.62
Nigeria,NGA,2013,56.6
Nigeria,NGA,2014,56.1
Nigeria,NGA,2015,55.479996
Nigeria,NGA,2016,54.53
Nigeria,NGA,2017,53.86
Nigeria,NGA,2018,53.25
Nigeria,NGA,2019,50.98
Nigeria,NGA,2020,51.4
Nigeria,NGA,2021,71.69
Nigeria,NGA,2022,72.87
Nigeria,NGA,2023,68.27
North America,OWID_NAM,1961,78.05547
North America,OWID_NAM,1962,79.81161
North America,OWID_NAM,1963,74.32587
North America,OWID_NAM,1964,75.48938
North America,OWID_NAM,1965,80.072586
North America,OWID_NAM,1966,83.31218
North America,OWID_NAM,1967,85.618835
North America,OWID_NAM,1968,80.12067
North America,OWID_NAM,1969,88.376785
North America,OWID_NAM,1970,85.92267
North America,OWID_NAM,1971,91.489334
North America,OWID_NAM,1972,86.61942
North America,OWID_NAM,1973,93.69701
North America,OWID_NAM,1974,91.51197
North America,OWID_NAM,1975,96.23895
North America,OWID_NAM,1976,95.59528
North America,OWID_NAM,1977,98.04506
North America,OWID_NAM,1978,98.81918
North America,OWID_NAM,1979,99.08811
North America,OWID_NAM,1980,105.21694
North America,OWID_NAM,1981,104.387146
North America,OWID_NAM,1982,102.30484
North America,OWID_NAM,1983,106.74297
North America,OWID_NAM,1984,110.8151
North America,OWID_NAM,1985,105.31437
North America,OWID_NAM,1986,112.68563
North America,OWID_NAM,1987,117.48277
North America,OWID_NAM,1988,110.72188
North America,OWID_NAM,1989,110.02896
North America,OWID_NAM,1990,108.9037
North America,OWID_NAM,1991,100.56663
North America,OWID_NAM,1992,104.21317
North America,OWID_NAM,1993,108.90128
North America,OWID_NAM,1994,112.298035
North America,OWID_NAM,1995,106.5695
North America,OWID_NAM,1996,109.32115
North America,OWID_NAM,1997,114.00208
North America,OWID_NAM,1998,110.59012
North America,OWID_NAM,1999,108.60111
North America,OWID_NAM,2000,118.94973
North America,OWID_NAM,2001,113.67627
North America,OWID_NAM,2002,111.73868
North America,OWID_NAM,2003,114.4046
North America,OWID_NAM,2004,115.249504
North America,OWID_NAM,2005,110.544975
North America,OWID_NAM,2006,111.20747
North America,OWID_NAM,2007,111.87022
North America,OWID_NAM,2008,113.07269
North America,OWID_NAM,2009,110.034386
North America,OWID_NAM,2010,113.92969
North America,OWID_NAM,2011,117.12682
North America,OWID_NAM,2012,119.92232
North America,OWID_NAM,2013,122.08383
North America,OWID_NAM,2014,115.8995
North America,OWID_NAM,2015,116.705414
North America,OWID_NAM,2016,127.46584
North America,OWID_NAM,2017,139.75264
North America,OWID_NAM,2018,145.15259
North America,OWID_NAM,2019,144.58408
North America,OWID_NAM,2020,144.07912
North America,OWID_NAM,2021,151.85149
North America,OWID_NAM,2022,159.97238
North America,OWID_NAM,2023,152.36087
North Korea,PRK,1961,9.291382
North Korea,PRK,1962,9.468257
North Korea,PRK,1963,9.350883
North Korea,PRK,1964,9.633297
North Korea,PRK,1965,9.843337
North Korea,PRK,1966,10.201665
North Korea,PRK,1967,10.239737
North Korea,PRK,1968,10.164877
North Korea,PRK,1969,10.121874
North Korea,PRK,1970,10.532475
North Korea,PRK,1971,17.6156
North Korea,PRK,1972,20.181818
North Korea,PRK,1973,22.578506
North Korea,PRK,1974,25.739891
North Korea,PRK,1975,28.740803
North Korea,PRK,1976,33.291977
North Korea,PRK,1977,36.12812
North Korea,PRK,1978,39.24006
North Korea,PRK,1979,39.922276
North Korea,PRK,1980,41.027634
North Korea,PRK,1981,42.77801
North Korea,PRK,1982,44.260475
North Korea,PRK,1983,47.336914
North Korea,PRK,1984,49.941856
North Korea,PRK,1985,51.260418
North Korea,PRK,1986,53.125515
North Korea,PRK,1987,54.7453
North Korea,PRK,1988,54.797123
North Korea,PRK,1989,55.187485
North Korea,PRK,1990,55.735928
North Korea,PRK,1991,55.963417
North Korea,PRK,1992,55.833916
North Korea,PRK,1993,51.84738
North Korea,PRK,1994,55.15068
North Korea,PRK,1995,51.555473
North Korea,PRK,1996,57.668316
North Korea,PRK,1997,61.321735
North Korea,PRK,1998,51.65565
North Korea,PRK,1999,51.89885
North Korea,PRK,2000,50.831886
North Korea,PRK,2001,52.80022
North Korea,PRK,2002,53.03237
North Korea,PRK,2003,53.311806
North Korea,PRK,2004,57.68689
North Korea,PRK,2005,53.08928
North Korea,PRK,2006,52.769268
North Korea,PRK,2007,51.205162
North Korea,PRK,2008,52.53192
North Korea,PRK,2009,55.643974
North Korea,PRK,2010,57.230007
North Korea,PRK,2011,57.92998
North Korea,PRK,2012,57.759983
North Korea,PRK,2013,57.669983
North Korea,PRK,2014,58.749992
North Korea,PRK,2015,58.369987
North Korea,PRK,2016,59.19001
North Korea,PRK,2017,58.460003
North Korea,PRK,2018,58.609993
North Macedonia,MKD,1992,72.12985
North Macedonia,MKD,1993,62.746883
North Macedonia,MKD,1994,81.53982
North Macedonia,MKD,1995,77.88155
North Macedonia,MKD,1996,81.24519
North Macedonia,MKD,1997,86.46445
North Macedonia,MKD,1998,89.37885
North Macedonia,MKD,1999,97.79266
North Macedonia,MKD,2000,116.25235
North Macedonia,MKD,2001,80.87908
North Macedonia,MKD,2002,72.003265
North Macedonia,MKD,2003,92.92138
North Macedonia,MKD,2004,100.94189
North Macedonia,MKD,2005,109.610016
North Macedonia,MKD,2006,79.6213
North Macedonia,MKD,2007,112.12353
North Macedonia,MKD,2008,120.34471
North Macedonia,MKD,2009,119.864815
North Macedonia,MKD,2010,106.74
North Macedonia,MKD,2011,108.700264
North Macedonia,MKD,2012,96.5801
North Macedonia,MKD,2013,101.78
North Macedonia,MKD,2014,104.38937
North Macedonia,MKD,2015,113.64023
North Macedonia,MKD,2016,124.19949
North Macedonia,MKD,2017,107.60017
North Macedonia,MKD,2018,135.94
North Macedonia,MKD,2019,121.96981
North Macedonia,MKD,2020,130.74994
North Macedonia,MKD,2021,120.75006
North Macedonia,MKD,2022,132.87958
North Macedonia,MKD,2023,97.56
Northern Africa (FAO),,1961,30.94
Northern Africa (FAO),,1962,32.36
Northern Africa (FAO),,1963,32.83
Northern Africa (FAO),,1964,34.85
Northern Africa (FAO),,1965,33.23
Northern Africa (FAO),,1966,34.42
Northern Africa (FAO),,1967,35.55
Northern Africa (FAO),,1968,33.97
Northern Africa (FAO),,1969,34.06
Northern Africa (FAO),,1970,34.26
Northern Africa (FAO),,1971,36.76
Northern Africa (FAO),,1972,37.98
Northern Africa (FAO),,1973,36.8
Northern Africa (FAO),,1974,40.44
Northern Africa (FAO),,1975,39.28
Northern Africa (FAO),,1976,39.11
Northern Africa (FAO),,1977,36.81
Northern Africa (FAO),,1978,38.97
Northern Africa (FAO),,1979,41.62
Northern Africa (FAO),,1980,39.44
Northern Africa (FAO),,1981,40.1
Northern Africa (FAO),,1982,44.09
Northern Africa (FAO),,1983,43.84
Northern Africa (FAO),,1984,43.82
Northern Africa (FAO),,1985,43.87
Northern Africa (FAO),,1986,48.28
Northern Africa (FAO),,1987,47.11
Northern Africa (FAO),,1988,48.23
Northern Africa (FAO),,1989,52.61
Northern Africa (FAO),,1990,51.37
Northern Africa (FAO),,1991,53.92
Northern Africa (FAO),,1992,57.3
Northern Africa (FAO),,1993,57.2
Northern Africa (FAO),,1994,57.37
Northern Africa (FAO),,1995,57.75
Northern Africa (FAO),,1996,62.34
Northern Africa (FAO),,1997,61.32
Northern Africa (FAO),,1998,62.27
Northern Africa (FAO),,1999,65.46
Northern Africa (FAO),,2000,66.92
Northern Africa (FAO),,2001,66.14
Northern Africa (FAO),,2002,72.45
Northern Africa (FAO),,2003,74.57
Northern Africa (FAO),,2004,77.74
Northern Africa (FAO),,2005,79.29
Northern Africa (FAO),,2006,85.76
Northern Africa (FAO),,2007,80.63
Northern Africa (FAO),,2008,81.91
Northern Africa (FAO),,2009,86.2
Northern Africa (FAO),,2010,88.6
Northern Africa (FAO),,2011,88.73
Northern Africa (FAO),,2012,90.32
Northern Africa (FAO),,2013,87.01
Northern Africa (FAO),,2014,92.52
Northern Africa (FAO),,2015,97.6
Northern Africa (FAO),,2016,89.96
Northern Africa (FAO),,2017,92.4
Northern Africa (FAO),,2018,89.65
Northern Africa (FAO),,2019,89.39
Northern Africa (FAO),,2020,88.36
Northern Africa (FAO),,2021,86.1
Northern Africa (FAO),,2022,89.41
Northern Africa (FAO),,2023,89.67
Northern America (FAO),,1961,78.42
Northern America (FAO),,1962,80.07
Northern America (FAO),,1963,72.13
Northern America (FAO),,1964,73.95
Northern America (FAO),,1965,77.28
Northern America (FAO),,1966,80.99
Northern America (FAO),,1967,84.48
Northern America (FAO),,1968,77.89
Northern America (FAO),,1969,90.75
Northern America (FAO),,1970,88.13
Northern America (FAO),,1971,92.81
Northern America (FAO),,1972,87.21
Northern America (FAO),,1973,96.73
Northern America (FAO),,1974,94.95
Northern America (FAO),,1975,101.04
Northern America (FAO),,1976,99.59
Northern America (FAO),,1977,103.21
Northern America (FAO),,1978,102.75
Northern America (FAO),,1979,104.87
Northern America (FAO),,1980,111.03
Northern America (FAO),,1981,107.9
Northern America (FAO),,1982,103.01
Northern America (FAO),,1983,111.74
Northern America (FAO),,1984,116.04
Northern America (FAO),,1985,109.57
Northern America (FAO),,1986,120.39
Northern America (FAO),,1987,128.04
Northern America (FAO),,1988,117.5
Northern America (FAO),,1989,117.69
Northern America (FAO),,1990,117.91
Northern America (FAO),,1991,105.96
Northern America (FAO),,1992,109.19
Northern America (FAO),,1993,117.34
Northern America (FAO),,1994,120.08
Northern America (FAO),,1995,112.07
Northern America (FAO),,1996,113.25
Northern America (FAO),,1997,120.47
Northern America (FAO),,1998,119.8
Northern America (FAO),,1999,113.59
Northern America (FAO),,2000,125.43
Northern America (FAO),,2001,113.76
Northern America (FAO),,2002,111.74
Northern America (FAO),,2003,114.83
Northern America (FAO),,2004,116.6
Northern America (FAO),,2005,111.73
Northern America (FAO),,2006,110.8
Northern America (FAO),,2007,113.1
Northern America (FAO),,2008,116.85
Northern America (FAO),,2009,111.69
Northern America (FAO),,2010,120.29
Northern America (FAO),,2011,121.95
Northern America (FAO),,2012,126.43
Northern America (FAO),,2013,128.83
Northern America (FAO),,2014,120.18
Northern America (FAO),,2015,119.07
Northern America (FAO),,2016,133.09
Northern America (FAO),,2017,153.48
Northern America (FAO),,2018,159.92
Northern America (FAO),,2019,157.98
Northern America (FAO),,2020,157.33
Northern America (FAO),,2021,167.3
Northern America (FAO),,2022,175.77
Northern America (FAO),,2023,163.35
Northern Europe (FAO),,1961,54
Northern Europe (FAO),,1962,62.4
Northern Europe (FAO),,1963,58.46
Northern Europe (FAO),,1964,62.03
Northern Europe (FAO),,1965,59.51
Northern Europe (FAO),,1966,58.46
Northern Europe (FAO),,1967,58.22
Northern Europe (FAO),,1968,61.87
Northern Europe (FAO),,1969,60.82
Northern Europe (FAO),,1970,64
Northern Europe (FAO),,1971,64.63
Northern Europe (FAO),,1972,62.89
Northern Europe (FAO),,1973,67.14
Northern Europe (FAO),,1974,63.17
Northern Europe (FAO),,1975,61.16
Northern Europe (FAO),,1976,64.27
Northern Europe (FAO),,1977,60.21
Northern Europe (FAO),,1978,60.29
Northern Europe (FAO),,1979,64.69
Northern Europe (FAO),,1980,63.68
Northern Europe (FAO),,1981,64.63
Northern Europe (FAO),,1982,64.55
Northern Europe (FAO),,1983,66.83
Northern Europe (FAO),,1984,67.76
Northern Europe (FAO),,1985,66.87
Northern Europe (FAO),,1986,70.54
Northern Europe (FAO),,1987,75
Northern Europe (FAO),,1988,76.46
Northern Europe (FAO),,1989,80.79
Northern Europe (FAO),,1990,79.63
Northern Europe (FAO),,1991,77.08
Northern Europe (FAO),,1992,74.87
Northern Europe (FAO),,1993,77.68
Northern Europe (FAO),,1994,76.77
Northern Europe (FAO),,1995,73.92
Northern Europe (FAO),,1996,78.53
Northern Europe (FAO),,1997,80.51
Northern Europe (FAO),,1998,84.99
Northern Europe (FAO),,1999,85.73
Northern Europe (FAO),,2000,85.98
Northern Europe (FAO),,2001,91.4
Northern Europe (FAO),,2002,100.9
Northern Europe (FAO),,2003,112.84
Northern Europe (FAO),,2004,112.61
Northern Europe (FAO),,2005,119.49
Northern Europe (FAO),,2006,127.84
Northern Europe (FAO),,2007,121.66
Northern Europe (FAO),,2008,126.97
Northern Europe (FAO),,2009,118.97
Northern Europe (FAO),,2010,112.02
Northern Europe (FAO),,2011,113.92
Northern Europe (FAO),,2012,118.34
Northern Europe (FAO),,2013,120.54
Northern Europe (FAO),,2014,117.1
Northern Europe (FAO),,2015,113.47
Northern Europe (FAO),,2016,111.93
Northern Europe (FAO),,2017,109.09
Northern Europe (FAO),,2018,108.54
Northern Europe (FAO),,2019,107.06
Northern Europe (FAO),,2020,108.91
Northern Europe (FAO),,2021,99.89
Northern Europe (FAO),,2022,101.42
Northern Europe (FAO),,2023,92.8
Norway,NOR,1961,63.67361
Norway,NOR,1962,75.09328
Norway,NOR,1963,70.73971
Norway,NOR,1964,72.683395
Norway,NOR,1965,72.096016
Norway,NOR,1966,76.41467
Norway,NOR,1967,73.74732
Norway,NOR,1968,81.18682
Norway,NOR,1969,79.06319
Norway,NOR,1970,78.09308
Norway,NOR,1971,77.40452
Norway,NOR,1972,83.311844
Norway,NOR,1973,79.08807
Norway,NOR,1974,87.22191
Norway,NOR,1975,78.673134
Norway,NOR,1976,90.10271
Norway,NOR,1977,86.77297
Norway,NOR,1978,89.02145
Norway,NOR,1979,85.80731
Norway,NOR,1980,85.20568
Norway,NOR,1981,92.4944
Norway,NOR,1982,93.18706
Norway,NOR,1983,92.17359
Norway,NOR,1984,94.87299
Norway,NOR,1985,97.94613
Norway,NOR,1986,101.680595
Norway,NOR,1987,107.250755
Norway,NOR,1988,101.501144
Norway,NOR,1989,102.79159
Norway,NOR,1990,98.96639
Norway,NOR,1991,93.25836
Norway,NOR,1992,95.13434
Norway,NOR,1993,103.3653
Norway,NOR,1994,100.05305
Norway,NOR,1995,97.61259
Norway,NOR,1996,100.10098
Norway,NOR,1997,102.72651
Norway,NOR,1998,103.42247
Norway,NOR,1999,107.09097
Norway,NOR,2000,108.38741
Norway,NOR,2001,108.29238
Norway,NOR,2002,121.8927
Norway,NOR,2003,124.54256
Norway,NOR,2004,130.53362
Norway,NOR,2005,131.8651
Norway,NOR,2006,134.69559
Norway,NOR,2007,142.88268
Norway,NOR,2008,148.32744
Norway,NOR,2009,129.21706
Norway,NOR,2010,139.23
Norway,NOR,2011,151.09003
Norway,NOR,2012,147.1002
Norway,NOR,2013,142.36983
Norway,NOR,2014,152.3501
Norway,NOR,2015,129.37984
Norway,NOR,2016,140.11015
Norway,NOR,2017,137.82982
Norway,NOR,2018,135.56998
Norway,NOR,2019,132.41992
Norway,NOR,2020,129.65988
Norway,NOR,2021,129.79018
Norway,NOR,2022,125.790085
Norway,NOR,2023,113.83006
Oceania,OWID_OCE,1961,73.338165
Oceania,OWID_OCE,1962,72.97948
Oceania,OWID_OCE,1963,77.77733
Oceania,OWID_OCE,1964,77.15808
Oceania,OWID_OCE,1965,77.88739
Oceania,OWID_OCE,1966,75.8247
Oceania,OWID_OCE,1967,79.666115
Oceania,OWID_OCE,1968,79.42048
Oceania,OWID_OCE,1969,82.026215
Oceania,OWID_OCE,1970,85.40987
Oceania,OWID_OCE,1971,87.22778
Oceania,OWID_OCE,1972,85.4235
Oceania,OWID_OCE,1973,82.74203
Oceania,OWID_OCE,1974,75.7398
Oceania,OWID_OCE,1975,84.13615
Oceania,OWID_OCE,1976,81.7962
Oceania,OWID_OCE,1977,78.01049
Oceania,OWID_OCE,1978,74.87119
Oceania,OWID_OCE,1979,80.776215
Oceania,OWID_OCE,1980,86.21379
Oceania,OWID_OCE,1981,82.819405
Oceania,OWID_OCE,1982,78.96933
Oceania,OWID_OCE,1983,81.07946
Oceania,OWID_OCE,1984,84.90166
Oceania,OWID_OCE,1985,91.04981
Oceania,OWID_OCE,1986,87.957535
Oceania,OWID_OCE,1987,91.01712
Oceania,OWID_OCE,1988,87.43808
Oceania,OWID_OCE,1989,90.921875
Oceania,OWID_OCE,1990,88.47822
Oceania,OWID_OCE,1991,82.14673
Oceania,OWID_OCE,1992,86.044136
Oceania,OWID_OCE,1993,93.48657
Oceania,OWID_OCE,1994,90.9722
Oceania,OWID_OCE,1995,86.65618
Oceania,OWID_OCE,1996,85.119
Oceania,OWID_OCE,1997,91.09001
Oceania,OWID_OCE,1998,87.5071
Oceania,OWID_OCE,1999,88.863075
Oceania,OWID_OCE,2000,93.934814
Oceania,OWID_OCE,2001,97.28094
Oceania,OWID_OCE,2002,95.38387
Oceania,OWID_OCE,2003,100.31786
Oceania,OWID_OCE,2004,99.988686
Oceania,OWID_OCE,2005,106.57424
Oceania,OWID_OCE,2006,98.15938
Oceania,OWID_OCE,2007,104.70221
Oceania,OWID_OCE,2008,103.12934
Oceania,OWID_OCE,2009,98.894035
Oceania,OWID_OCE,2010,125.15407
Oceania,OWID_OCE,2011,120.89685
Oceania,OWID_OCE,2012,122.8615
Oceania,OWID_OCE,2013,122.441795
Oceania,OWID_OCE,2014,120.80447
Oceania,OWID_OCE,2015,119.84872
Oceania,OWID_OCE,2016,123.420074
Oceania,OWID_OCE,2017,117.47887
Oceania,OWID_OCE,2018,113.38728
Oceania,OWID_OCE,2019,106.30364
Oceania,OWID_OCE,2020,110.47426
Oceania,OWID_OCE,2021,110.01171
Oceania,OWID_OCE,2022,109.5973
Oceania,OWID_OCE,2023,116.89839
Oceania (FAO),,1961,73.7
Oceania (FAO),,1962,73.38
Oceania (FAO),,1963,78.2
Oceania (FAO),,1964,77.52
Oceania (FAO),,1965,78.14
Oceania (FAO),,1966,75.82
Oceania (FAO),,1967,79.18
Oceania (FAO),,1968,78.38
Oceania (FAO),,1969,80.57
Oceania (FAO),,1970,84.11
Oceania (FAO),,1971,86.66
Oceania (FAO),,1972,85.28
Oceania (FAO),,1973,82.71
Oceania (FAO),,1974,75.86
Oceania (FAO),,1975,84.35
Oceania (FAO),,1976,81.99
Oceania (FAO),,1977,78.19
Oceania (FAO),,1978,75.07
Oceania (FAO),,1979,80.97
Oceania (FAO),,1980,86.45
Oceania (FAO),,1981,83.2
Oceania (FAO),,1982,79.48
Oceania (FAO),,1983,81.64
Oceania (FAO),,1984,85.4
Oceania (FAO),,1985,91.45
Oceania (FAO),,1986,88.25
Oceania (FAO),,1987,91.28
Oceania (FAO),,1988,87.71
Oceania (FAO),,1989,91.24
Oceania (FAO),,1990,88.94
Oceania (FAO),,1991,82.72
Oceania (FAO),,1992,86.57
Oceania (FAO),,1993,93.86
Oceania (FAO),,1994,91.18
Oceania (FAO),,1995,86.83
Oceania (FAO),,1996,85.3
Oceania (FAO),,1997,91.24
Oceania (FAO),,1998,87.56
Oceania (FAO),,1999,88.81
Oceania (FAO),,2000,93.79
Oceania (FAO),,2001,97.11
Oceania (FAO),,2002,95.26
Oceania (FAO),,2003,100.21
Oceania (FAO),,2004,99.77
Oceania (FAO),,2005,106.12
Oceania (FAO),,2006,97.56
Oceania (FAO),,2007,103.98
Oceania (FAO),,2008,102.44
Oceania (FAO),,2009,98.29
Oceania (FAO),,2010,125.16
Oceania (FAO),,2011,120.9
Oceania (FAO),,2012,122.86
Oceania (FAO),,2013,122.44
Oceania (FAO),,2014,120.81
Oceania (FAO),,2015,119.85
Oceania (FAO),,2016,123.42
Oceania (FAO),,2017,117.48
Oceania (FAO),,2018,113.39
Oceania (FAO),,2019,106.27
Oceania (FAO),,2020,110.44
Oceania (FAO),,2021,109.97
Oceania (FAO),,2022,109.56
Oceania (FAO),,2023,116.86
Oman,OMN,1990,110.357285
Oman,OMN,1991,125.125305
Oman,OMN,1992,132.31834
Oman,OMN,1993,135.06508
Oman,OMN,1994,122.143036
Oman,OMN,1995,122.092865
Oman,OMN,1996,124.32989
Oman,OMN,1997,112.124855
Oman,OMN,1998,129.40086
Oman,OMN,1999,139.34904
Oman,OMN,2000,143.70866
Oman,OMN,2001,154.87344
Oman,OMN,2002,172.64001
Oman,OMN,2003,174.59158
Oman,OMN,2004,187.62622
Oman,OMN,2005,196.5673
Oman,OMN,2006,205.26001
Oman,OMN,2007,212.23555
Oman,OMN,2008,211.49722
Oman,OMN,2009,250.42268
Oman,OMN,2010,235.73
Oman,OMN,2011,170.55989
Oman,OMN,2012,168.56029
Oman,OMN,2013,139.05981
Oman,OMN,2014,134.91986
Oman,OMN,2015,131.21007
Oman,OMN,2016,122.07
Oman,OMN,2017,113.130066
Oman,OMN,2018,128.97005
Oman,OMN,2019,161.58972
Oman,OMN,2020,149.31995
Oman,OMN,2021,166.54967
Oman,OMN,2022,141.15002
Oman,OMN,2023,141.18008
Pakistan,PAK,1961,21.69506
Pakistan,PAK,1962,24.232103
Pakistan,PAK,1963,23.011255
Pakistan,PAK,1964,25.47982
Pakistan,PAK,1965,27.990095
Pakistan,PAK,1966,26.718147
Pakistan,PAK,1967,30.921526
Pakistan,PAK,1968,29.66095
Pakistan,PAK,1969,25.062021
Pakistan,PAK,1970,26.095657
Pakistan,PAK,1971,25.970201
Pakistan,PAK,1972,28.176342
Pakistan,PAK,1973,27.767792
Pakistan,PAK,1974,28.44331
Pakistan,PAK,1975,28.690157
Pakistan,PAK,1976,27.873993
Pakistan,PAK,1977,26.41118
Pakistan,PAK,1978,28.325806
Pakistan,PAK,1979,28.057016
Pakistan,PAK,1980,28.54662
Pakistan,PAK,1981,32.070324
Pakistan,PAK,1982,33.476246
Pakistan,PAK,1983,33.220802
Pakistan,PAK,1984,33.8684
Pakistan,PAK,1985,34.080826
Pakistan,PAK,1986,34.634583
Pakistan,PAK,1987,32.445736
Pakistan,PAK,1988,32.368145
Pakistan,PAK,1989,32.099297
Pakistan,PAK,1990,31.886318
Pakistan,PAK,1991,30.569427
Pakistan,PAK,1992,30.617006
Pakistan,PAK,1993,34.86378
Pakistan,PAK,1994,36.398518
Pakistan,PAK,1995,36.48701
Pakistan,PAK,1996,36.11747
Pakistan,PAK,1997,35.102398
Pakistan,PAK,1998,34.51819
Pakistan,PAK,1999,31.829178
Pakistan,PAK,2000,31.426281
Pakistan,PAK,2001,30.243498
Pakistan,PAK,2002,28.650702
Pakistan,PAK,2003,28.521132
Pakistan,PAK,2004,29.664978
Pakistan,PAK,2005,34.015587
Pakistan,PAK,2006,32.784286
Pakistan,PAK,2007,29.090515
Pakistan,PAK,2008,32.11504
Pakistan,PAK,2009,28.859964
Pakistan,PAK,2010,38.18
Pakistan,PAK,2011,36.32
Pakistan,PAK,2012,34.95
Pakistan,PAK,2013,32.92
Pakistan,PAK,2014,34.99
Pakistan,PAK,2015,35.27
Pakistan,PAK,2016,34.59
Pakistan,PAK,2017,34.29
Pakistan,PAK,2018,33.61
Pakistan,PAK,2019,34.78
Pakistan,PAK,2020,33.59
Pakistan,PAK,2021,27.06
Pakistan,PAK,2022,24.53
Pakistan,PAK,2023,24.05
Panama,PAN,1961,101.60888
Panama,PAN,1962,101.25746
Panama,PAN,1963,102.07213
Panama,PAN,1964,103.44277
Panama,PAN,1965,103.426674
Panama,PAN,1966,104.42527
Panama,PAN,1967,111.0028
Panama,PAN,1968,118.34689
Panama,PAN,1969,118.820915
Panama,PAN,1970,117.202995
Panama,PAN,1971,116.694725
Panama,PAN,1972,115.391685
Panama,PAN,1973,112.16855
Panama,PAN,1974,117.108154
Panama,PAN,1975,113.19441
Panama,PAN,1976,110.83042
Panama,PAN,1977,107.94499
Panama,PAN,1978,102.66394
Panama,PAN,1979,104.549034
Panama,PAN,1980,71.98406
Panama,PAN,1981,66.4345
Panama,PAN,1982,68.7006
Panama,PAN,1983,68.61932
Panama,PAN,1984,75.10232
Panama,PAN,1985,76.52941
Panama,PAN,1986,67.273186
Panama,PAN,1987,98.62133
Panama,PAN,1988,93.6332
Panama,PAN,1989,97.994774
Panama,PAN,1990,90.18913
Panama,PAN,1991,67.911865
Panama,PAN,1992,76.47453
Panama,PAN,1993,70.604546
Panama,PAN,1994,71.72529
Panama,PAN,1995,80.05207
Panama,PAN,1996,83.845695
Panama,PAN,1997,71.84774
Panama,PAN,1998,69.32374
Panama,PAN,1999,76.589005
Panama,PAN,2000,86.42236
Panama,PAN,2001,75.30265
Panama,PAN,2002,83.071884
Panama,PAN,2003,82.67575
Panama,PAN,2004,90.226135
Panama,PAN,2005,82.14281
Panama,PAN,2006,82.99645
Panama,PAN,2007,92.34547
Panama,PAN,2008,89.29579
Panama,PAN,2009,87.17438
Panama,PAN,2010,85.03984
Panama,PAN,2011,78.269806
Panama,PAN,2012,86.49998
Panama,PAN,2013,88.76993
Panama,PAN,2014,96.76
Panama,PAN,2015,88.36991
Panama,PAN,2016,97.870125
Panama,PAN,2017,107.57016
Panama,PAN,2018,101.11
Panama,PAN,2019,102.56005
Panama,PAN,2020,84.16004
Panama,PAN,2021,150.90965
Panama,PAN,2022,172.3598
Panama,PAN,2023,154.28006
Papua New Guinea,PNG,2010,237.36987
Papua New Guinea,PNG,2011,236.17003
Papua New Guinea,PNG,2012,243.37982
Papua New Guinea,PNG,2013,245.56
Papua New Guinea,PNG,2014,251.37001
Papua New Guinea,PNG,2015,241.44008
Papua New Guinea,PNG,2016,240.17007
Papua New Guinea,PNG,2017,239.70982
Papua New Guinea,PNG,2018,238.60979
Papua New Guinea,PNG,2019,222.7799
Papua New Guinea,PNG,2020,225.70016
Papua New Guinea,PNG,2021,218.37004
Papua New Guinea,PNG,2022,216.16985
Papua New Guinea,PNG,2023,211.70003
Paraguay,PRY,1961,156.57693
Paraguay,PRY,1962,170.91812
Paraguay,PRY,1963,189.31003
Paraguay,PRY,1964,187.11386
Paraguay,PRY,1965,201.23026
Paraguay,PRY,1966,189.60553
Paraguay,PRY,1967,190.80682
Paraguay,PRY,1968,191.40411
Paraguay,PRY,1969,193.34526
Paraguay,PRY,1970,197.46552
Paraguay,PRY,1971,197.99016
Paraguay,PRY,1972,187.85664
Paraguay,PRY,1973,196.06746
Paraguay,PRY,1974,186.90585
Paraguay,PRY,1975,172.19861
Paraguay,PRY,1976,190.44804
Paraguay,PRY,1977,191.38512
Paraguay,PRY,1978,184.93057
Paraguay,PRY,1979,170.61525
Paraguay,PRY,1980,162.26346
Paraguay,PRY,1981,162.60593
Paraguay,PRY,1982,158.16241
Paraguay,PRY,1983,148.61188
Paraguay,PRY,1984,153.6525
Paraguay,PRY,1985,156.66689
Paraguay,PRY,1986,147.57642
Paraguay,PRY,1987,136.79773
Paraguay,PRY,1988,110.21206
Paraguay,PRY,1989,110.761765
Paraguay,PRY,1990,109.63694
Paraguay,PRY,1991,112.93538
Paraguay,PRY,1992,111.61713
Paraguay,PRY,1993,111.25135
Paraguay,PRY,1994,103.23312
Paraguay,PRY,1995,95.02707
Paraguay,PRY,1996,89.53124
Paraguay,PRY,1997,91.132576
Paraguay,PRY,1998,91.09043
Paraguay,PRY,1999,96.4393
Paraguay,PRY,2000,88.24937
Paraguay,PRY,2001,86.193794
Paraguay,PRY,2002,88.77456
Paraguay,PRY,2003,97.608025
Paraguay,PRY,2004,92.687035
Paraguay,PRY,2005,95.48309
Paraguay,PRY,2006,92.653694
Paraguay,PRY,2007,88.38163
Paraguay,PRY,2008,81.8495
Paraguay,PRY,2009,83.92543
Paraguay,PRY,2010,87.08995
Paraguay,PRY,2011,82.41997
Paraguay,PRY,2012,85.48998
Paraguay,PRY,2013,85.4199
Paraguay,PRY,2014,83.35988
Paraguay,PRY,2015,83.69991
Paraguay,PRY,2016,77.76001
Paraguay,PRY,2017,80.62003
Paraguay,PRY,2018,82.91997
Paraguay,PRY,2019,82.72002
Paraguay,PRY,2020,87.159996
Paraguay,PRY,2021,85.69995
Paraguay,PRY,2022,79.2
Paraguay,PRY,2023,78.18
Peru,PER,1961,70.81793
Peru,PER,1962,80.9209
Peru,PER,1963,79.75599
Peru,PER,1964,76.822296
Peru,PER,1965,85.16345
Peru,PER,1966,104.78619
Peru,PER,1967,105.60021
Peru,PER,1968,101.92717
Peru,PER,1969,113.13941
Peru,PER,1970,113.70116
Peru,PER,1971,111.87162
Peru,PER,1972,97.264565
Peru,PER,1973,94.975334
Peru,PER,1974,94.529236
Peru,PER,1975,86.42141
Peru,PER,1976,84.69912
Peru,PER,1977,84.554756
Peru,PER,1978,79.80439
Peru,PER,1979,75.916084
Peru,PER,1980,50.397068
Peru,PER,1981,50.017647
Peru,PER,1982,49.773777
Peru,PER,1983,43.936886
Peru,PER,1984,48.780415
Peru,PER,1985,49.14984
Peru,PER,1986,50.44598
Peru,PER,1987,53.03885
Peru,PER,1988,55.782486
Peru,PER,1989,55.59148
Peru,PER,1990,47.52012
Peru,PER,1991,51.433014
Peru,PER,1992,45.731663
Peru,PER,1993,48.433807
Peru,PER,1994,56.98205
Peru,PER,1995,67.287796
Peru,PER,1996,73.43826
Peru,PER,1997,77.75151
Peru,PER,1998,75.82245
Peru,PER,1999,79.70888
Peru,PER,2000,81.67055
Peru,PER,2001,83.6894
Peru,PER,2002,84.04487
Peru,PER,2003,87.72558
Peru,PER,2004,88.47303
Peru,PER,2005,88.23635
Peru,PER,2006,91.214966
Peru,PER,2007,92.3889
Peru,PER,2008,99.77572
Peru,PER,2009,99.75819
Peru,PER,2010,126.549995
Peru,PER,2011,120.47003
Peru,PER,2012,124.50001
Peru,PER,2013,133.83006
Peru,PER,2014,129.85002
Peru,PER,2015,129.45
Peru,PER,2016,132.91997
Peru,PER,2017,122.30001
Peru,PER,2018,123.14996
Peru,PER,2019,129.32
Peru,PER,2020,129.32
Peru,PER,2021,128.55998
Peru,PER,2022,137.69002
Peru,PER,2023,135.55002
Philippines,PHL,1961,93.45335
Philippines,PHL,1962,90.53117
Philippines,PHL,1963,88.92642
Philippines,PHL,1964,85.68271
Philippines,PHL,1965,85.42799
Philippines,PHL,1966,84.14847
Philippines,PHL,1967,82.09978
Philippines,PHL,1968,77.97192
Philippines,PHL,1969,76.568
Philippines,PHL,1970,76.430916
Philippines,PHL,1971,76.041
Philippines,PHL,1972,68.011375
Philippines,PHL,1973,61.784
Philippines,PHL,1974,65.90038
Philippines,PHL,1975,72.70776
Philippines,PHL,1976,79.19087
Philippines,PHL,1977,86.166725
Philippines,PHL,1978,99.03878
Philippines,PHL,1979,103.36862
Philippines,PHL,1980,114.88482
Philippines,PHL,1981,111.48667
Philippines,PHL,1982,112.99338
Philippines,PHL,1983,111.23667
Philippines,PHL,1984,109.37507
Philippines,PHL,1985,105.70217
Philippines,PHL,1986,111.83075
Philippines,PHL,1987,110.660774
Philippines,PHL,1988,105.92088
Philippines,PHL,1989,99.13647
Philippines,PHL,1990,112.672775
Philippines,PHL,1991,103.0882
Philippines,PHL,1992,110.125755
Philippines,PHL,1993,102.24199
Philippines,PHL,1994,103.201546
Philippines,PHL,1995,100.079575
Philippines,PHL,1996,114.25653
Philippines,PHL,1997,102.156975
Philippines,PHL,1998,93.443954
Philippines,PHL,1999,96.81012
Philippines,PHL,2000,88.79346
Philippines,PHL,2001,84.17709
Philippines,PHL,2002,94.374504
Philippines,PHL,2003,92.868904
Philippines,PHL,2004,93.069466
Philippines,PHL,2005,96.355606
Philippines,PHL,2006,88.344055
Philippines,PHL,2007,98.74658
Philippines,PHL,2008,105.54111
Philippines,PHL,2009,111.06042
Philippines,PHL,2010,116.880005
Philippines,PHL,2011,107.12999
Philippines,PHL,2012,98.88
Philippines,PHL,2013,86.43001
Philippines,PHL,2014,95.950005
Philippines,PHL,2015,110.130005
Philippines,PHL,2016,105.73
Philippines,PHL,2017,92.56
Philippines,PHL,2018,91.920006
Philippines,PHL,2019,93.869995
Philippines,PHL,2020,84.46999
Philippines,PHL,2021,90.46001
Philippines,PHL,2022,88.6
Philippines,PHL,2023,98.2
Poland,POL,1961,18.238434
Poland,POL,1962,19.130253
Poland,POL,1963,18.215637
Poland,POL,1964,24.277193
Poland,POL,1965,23.367163
Poland,POL,1966,31.897429
Poland,POL,1967,30.523563
Poland,POL,1968,31.6735
Poland,POL,1969,28.648575
Poland,POL,1970,29.992132
Poland,POL,1971,28.680033
Poland,POL,1972,28.44267
Poland,POL,1973,29.86284
Poland,POL,1974,30.0629
Poland,POL,1975,31.002478
Poland,POL,1976,38.315
Poland,POL,1977,44.58964
Poland,POL,1978,42.23477
Poland,POL,1979,42.240574
Poland,POL,1980,39.020596
Poland,POL,1981,32.83127
Poland,POL,1982,42.547066
Poland,POL,1983,37.91503
Poland,POL,1984,36.495872
Poland,POL,1985,28.674717
Poland,POL,1986,35.667854
Poland,POL,1987,18.708412
Poland,POL,1988,32.16955
Poland,POL,1989,31.594704
Poland,POL,1990,28.971804
Poland,POL,1991,38.90378
Poland,POL,1992,41.60868
Poland,POL,1993,46.06927
Poland,POL,1994,34.661568
Poland,POL,1995,41.815327
Poland,POL,1996,49.59574
Poland,POL,1997,44.8113
Poland,POL,1998,49.341694
Poland,POL,1999,50.634907
Poland,POL,2000,47.224422
Poland,POL,2001,54.045414
Poland,POL,2002,49.016064
Poland,POL,2003,48.859364
Poland,POL,2004,49.74474
Poland,POL,2005,51.279552
Poland,POL,2006,51.886868
Poland,POL,2007,45.450634
Poland,POL,2008,55.421677
Poland,POL,2009,54.956043
Poland,POL,2010,52.27999
Poland,POL,2011,62.169994
Poland,POL,2012,56.640007
Poland,POL,2013,58.829994
Poland,POL,2014,54.719997
Poland,POL,2015,62.749992
Poland,POL,2016,59.820004
Poland,POL,2017,56.409996
Poland,POL,2018,74.55
Poland,POL,2019,60.27999
Poland,POL,2020,69.95001
Poland,POL,2021,69.19999
Poland,POL,2022,68.46001
Poland,POL,2023,66.87998
Portugal,PRT,1961,78.94421
Portugal,PRT,1962,73.82573
Portugal,PRT,1963,78.937294
Portugal,PRT,1964,83.88038
Portugal,PRT,1965,86.063965
Portugal,PRT,1966,64.06464
Portugal,PRT,1967,69.590195
Portugal,PRT,1968,56.87887
Portugal,PRT,1969,60.096104
Portugal,PRT,1970,71.39393
Portugal,PRT,1971,74.66761
Portugal,PRT,1972,74.74011
Portugal,PRT,1973,69.254
Portugal,PRT,1974,71.51912
Portugal,PRT,1975,71.148636
Portugal,PRT,1976,65.34024
Portugal,PRT,1977,47.864613
Portugal,PRT,1978,45.425602
Portugal,PRT,1979,47.70768
Portugal,PRT,1980,50.61714
Portugal,PRT,1981,45.243492
Portugal,PRT,1982,53.39463
Portugal,PRT,1983,52.879955
Portugal,PRT,1984,47.615852
Portugal,PRT,1985,51.086796
Portugal,PRT,1986,67.220116
Portugal,PRT,1987,87.743706
Portugal,PRT,1988,75.89691
Portugal,PRT,1989,89.96282
Portugal,PRT,1990,99.54962
Portugal,PRT,1991,94.18307
Portugal,PRT,1992,102.435
Portugal,PRT,1993,104.89057
Portugal,PRT,1994,101.45
Portugal,PRT,1995,119.49213
Portugal,PRT,1996,106.84274
Portugal,PRT,1997,108.672615
Portugal,PRT,1998,112.11614
Portugal,PRT,1999,124.69679
Portugal,PRT,2000,117.40979
Portugal,PRT,2001,114.4432
Portugal,PRT,2002,115.38082
Portugal,PRT,2003,107.38317
Portugal,PRT,2004,127.14891
Portugal,PRT,2005,113.65658
Portugal,PRT,2006,118.7351
Portugal,PRT,2007,115.69058
Portugal,PRT,2008,115.0944
Portugal,PRT,2009,117.88275
Portugal,PRT,2010,117.140015
Portugal,PRT,2011,127.35
Portugal,PRT,2012,112.149956
Portugal,PRT,2013,125.47015
Portugal,PRT,2014,120.17997
Portugal,PRT,2015,113.53006
Portugal,PRT,2016,129.5599
Portugal,PRT,2017,131.36003
Portugal,PRT,2018,136.09993
Portugal,PRT,2019,142.3199
Portugal,PRT,2020,134.88
Portugal,PRT,2021,156.69005
Portugal,PRT,2022,131.72995
Portugal,PRT,2023,136.22006
Qatar,QAT,2019,90.34977
Qatar,QAT,2020,93.49016
Qatar,QAT,2021,93.039734
Qatar,QAT,2022,108.9294
Qatar,QAT,2023,71.21986
Romania,ROU,1961,35.28222
Romania,ROU,1962,22.922634
Romania,ROU,1963,34.27884
Romania,ROU,1964,18.847162
Romania,ROU,1965,37.96604
Romania,ROU,1966,50.24376
Romania,ROU,1967,38.832756
Romania,ROU,1968,33.90305
Romania,ROU,1969,48.592426
Romania,ROU,1970,28.25522
Romania,ROU,1971,28.348743
Romania,ROU,1972,32.611084
Romania,ROU,1973,34.072983
Romania,ROU,1974,29.793163
Romania,ROU,1975,28.53841
Romania,ROU,1976,41.769344
Romania,ROU,1977,37.088177
Romania,ROU,1978,37.409004
Romania,ROU,1979,47.143925
Romania,ROU,1980,39.219357
Romania,ROU,1981,38.490986
Romania,ROU,1982,63.21279
Romania,ROU,1983,60.968586
Romania,ROU,1984,64.431694
Romania,ROU,1985,59.641037
Romania,ROU,1986,52.75085
Romania,ROU,1987,47.072327
Romania,ROU,1988,47.744404
Romania,ROU,1989,49.152298
Romania,ROU,1990,59.062885
Romania,ROU,1991,50.981865
Romania,ROU,1992,46.48148
Romania,ROU,1993,65.75558
Romania,ROU,1994,52.38149
Romania,ROU,1995,48.963036
Romania,ROU,1996,57.920933
Romania,ROU,1997,47.83324
Romania,ROU,1998,46.53063
Romania,ROU,1999,44.419888
Romania,ROU,2000,52.32876
Romania,ROU,2001,53.037342
Romania,ROU,2002,50.67313
Romania,ROU,2003,70.39964
Romania,ROU,2004,72.43749
Romania,ROU,2005,77.51341
Romania,ROU,2006,71.84118
Romania,ROU,2007,61.699657
Romania,ROU,2008,60.884476
Romania,ROU,2009,68.69869
Romania,ROU,2010,80.48998
Romania,ROU,2011,82.76
Romania,ROU,2012,77.30999
Romania,ROU,2013,84.230034
Romania,ROU,2014,84.56996
Romania,ROU,2015,86.40001
Romania,ROU,2016,90.840004
Romania,ROU,2017,93.279976
Romania,ROU,2018,108.61997
Romania,ROU,2019,114.819984
Romania,ROU,2020,117.50002
Romania,ROU,2021,105.57001
Romania,ROU,2022,100.39997
Romania,ROU,2023,112.87999
Russia,RUS,1992,39.89836
Russia,RUS,1993,35.57914
Russia,RUS,1994,35.37394
Russia,RUS,1995,33.43989
Russia,RUS,1996,35.479446
Russia,RUS,1997,36.185284
Russia,RUS,1998,33.678345
Russia,RUS,1999,28.86667
Russia,RUS,2000,36.3512
Russia,RUS,2001,39.084095
Russia,RUS,2002,45.21995
Russia,RUS,2003,46.91396
Russia,RUS,2004,53.05786
Russia,RUS,2005,59.594707
Russia,RUS,2006,64.665436
Russia,RUS,2007,69.75911
Russia,RUS,2008,66.50758
Russia,RUS,2009,62.02268
Russia,RUS,2010,71.32
Russia,RUS,2011,73.59
Russia,RUS,2012,73.5
Russia,RUS,2013,75.96999
Russia,RUS,2014,73.89
Russia,RUS,2015,66.090004
Russia,RUS,2016,64.03001
Russia,RUS,2017,66.54
Russia,RUS,2018,74.310005
Russia,RUS,2019,72.12
Russia,RUS,2020,71.66
Russia,RUS,2021,76.54
Russia,RUS,2022,74.37001
Russia,RUS,2023,73.1
Rwanda,RWA,1961,318.29993
Rwanda,RWA,1962,418.76782
Rwanda,RWA,1963,286.00073
Rwanda,RWA,1964,337.85297
Rwanda,RWA,1965,352.32092
Rwanda,RWA,1966,343.9328
Rwanda,RWA,1967,431.11273
Rwanda,RWA,1968,432.88498
Rwanda,RWA,1969,425.9413
Rwanda,RWA,1970,416.69678
Rwanda,RWA,1971,411.4276
Rwanda,RWA,1972,400.68118
Rwanda,RWA,1973,409.37442
Rwanda,RWA,1974,372.2569
Rwanda,RWA,1975,380.489
Rwanda,RWA,1976,387.7275
Rwanda,RWA,1977,392.1979
Rwanda,RWA,1978,387.9992
Rwanda,RWA,1979,394.22238
Rwanda,RWA,1980,390.00726
Rwanda,RWA,1981,401.22977
Rwanda,RWA,1982,422.35486
Rwanda,RWA,1983,406.9853
Rwanda,RWA,1984,364.9161
Rwanda,RWA,1985,389.99075
Rwanda,RWA,1986,354.53293
Rwanda,RWA,1987,346.78305
Rwanda,RWA,1988,351.82095
Rwanda,RWA,1989,427.55545
Rwanda,RWA,1990,356.72382
Rwanda,RWA,1991,312.32587
Rwanda,RWA,1992,287.39758
Rwanda,RWA,1993,244.21657
Rwanda,RWA,1994,249.76038
Rwanda,RWA,1995,366.30563
Rwanda,RWA,1996,325.87405
Rwanda,RWA,1997,298.1492
Rwanda,RWA,1998,335.18958
Rwanda,RWA,1999,365.06992
Rwanda,RWA,2000,280.15503
Rwanda,RWA,2001,226.01123
Rwanda,RWA,2002,332.81616
Rwanda,RWA,2003,294.02994
Rwanda,RWA,2004,295.03732
Rwanda,RWA,2005,303.3577
Rwanda,RWA,2006,303.50452
Rwanda,RWA,2007,300.14975
Rwanda,RWA,2008,285.29562
Rwanda,RWA,2009,322.81525
Rwanda,RWA,2010,156.90985
Rwanda,RWA,2011,163.43982
Rwanda,RWA,2012,187.24994
Rwanda,RWA,2013,201.63
Rwanda,RWA,2014,91.34001
Rwanda,RWA,2015,89.379944
Rwanda,RWA,2016,87.74998
Rwanda,RWA,2017,85.66998
Rwanda,RWA,2018,86.44
Rwanda,RWA,2019,89.429985
Rwanda,RWA,2020,94.69002
Rwanda,RWA,2021,96.27
Rwanda,RWA,2022,97.39004
Rwanda,RWA,2023,99.309975
Saint Kitts and Nevis,KNA,1961,15.552825
Saint Kitts and Nevis,KNA,1962,15.978745
Saint Kitts and Nevis,KNA,1963,16.284206
Saint Kitts and Nevis,KNA,1964,15.693054
Saint Kitts and Nevis,KNA,1965,16.33876
Saint Kitts and Nevis,KNA,1966,17.097181
Saint Kitts and Nevis,KNA,1967,18.152018
Saint Kitts and Nevis,KNA,1968,18.773724
Saint Kitts and Nevis,KNA,1969,20.581858
Saint Kitts and Nevis,KNA,1970,19.8221
Saint Kitts and Nevis,KNA,1971,20.155558
Saint Kitts and Nevis,KNA,1972,21.074137
Saint Kitts and Nevis,KNA,1973,22.462584
Saint Kitts and Nevis,KNA,1974,21.598299
Saint Kitts and Nevis,KNA,1975,23.32722
Saint Kitts and Nevis,KNA,1976,23.275019
Saint Kitts and Nevis,KNA,1977,23.015884
Saint Kitts and Nevis,KNA,1978,23.28376
Saint Kitts and Nevis,KNA,1979,23.630873
Saint Kitts and Nevis,KNA,1980,26.412308
Saint Kitts and Nevis,KNA,1981,34.36296
Saint Kitts and Nevis,KNA,1982,34.83537
Saint Kitts and Nevis,KNA,1983,32.883247
Saint Kitts and Nevis,KNA,1984,51.944275
Saint Kitts and Nevis,KNA,1985,37.494633
Saint Kitts and Nevis,KNA,1986,44.196724
Saint Kitts and Nevis,KNA,1987,70.25938
Saint Kitts and Nevis,KNA,1988,67.97074
Saint Kitts and Nevis,KNA,1989,62.93229
Saint Kitts and Nevis,KNA,1990,56.21589
Saint Kitts and Nevis,KNA,1991,62.25843
Saint Kitts and Nevis,KNA,1992,63.804615
Saint Kitts and Nevis,KNA,1993,71.44865
Saint Kitts and Nevis,KNA,1994,81.813484
Saint Kitts and Nevis,KNA,1995,88.79849
Saint Kitts and Nevis,KNA,1996,98.0612
Saint Kitts and Nevis,KNA,1997,85.95862
Saint Kitts and Nevis,KNA,1998,87.35426
Saint Kitts and Nevis,KNA,1999,98.97479
Saint Kitts and Nevis,KNA,2000,113.03896
Saint Kitts and Nevis,KNA,2001,119.11674
Saint Kitts and Nevis,KNA,2002,95.00435
Saint Kitts and Nevis,KNA,2003,110.74285
Saint Kitts and Nevis,KNA,2004,94.75279
Saint Kitts and Nevis,KNA,2005,96.28296
Saint Kitts and Nevis,KNA,2006,119.46257
Saint Kitts and Nevis,KNA,2007,124.03175
Saint Kitts and Nevis,KNA,2008,91.97131
Saint Kitts and Nevis,KNA,2009,100.04303
Saint Kitts and Nevis,KNA,2010,72.10767
Saint Kitts and Nevis,KNA,2011,65.15249
Saint Kitts and Nevis,KNA,2012,65.8436
Saint Kitts and Nevis,KNA,2013,66.51891
Saint Kitts and Nevis,KNA,2014,81.36199
Saint Kitts and Nevis,KNA,2015,102.450836
Saint Kitts and Nevis,KNA,2016,106.54436
Saint Kitts and Nevis,KNA,2017,89.13264
Saint Kitts and Nevis,KNA,2018,103.121735
Saint Kitts and Nevis,KNA,2019,126.589905
Saint Kitts and Nevis,KNA,2020,214.93077
Saint Kitts and Nevis,KNA,2021,175.06265
Saint Kitts and Nevis,KNA,2022,213.09962
Saint Kitts and Nevis,KNA,2023,198.17252
Saint Lucia,LCA,1961,229.461
Saint Lucia,LCA,1962,233.5258
Saint Lucia,LCA,1963,224.75397
Saint Lucia,LCA,1964,226.18954
Saint Lucia,LCA,1965,226.42151
Saint Lucia,LCA,1966,228.35754
Saint Lucia,LCA,1967,233.61433
Saint Lucia,LCA,1968,232.54996
Saint Lucia,LCA,1969,233.84833
Saint Lucia,LCA,1970,235.00388
Saint Lucia,LCA,1971,232.0649
Saint Lucia,LCA,1972,219.33655
Saint Lucia,LCA,1973,207.13884
Saint Lucia,LCA,1974,207.37308
Saint Lucia,LCA,1975,201.28589
Saint Lucia,LCA,1976,193.79243
Saint Lucia,LCA,1977,196.96548
Saint Lucia,LCA,1978,205.72406
Saint Lucia,LCA,1979,205.09482
Saint Lucia,LCA,1980,205.4036
Saint Lucia,LCA,1981,204.56335
Saint Lucia,LCA,1982,191.88454
Saint Lucia,LCA,1983,191.1858
Saint Lucia,LCA,1984,188.35393
Saint Lucia,LCA,1985,187.39932
Saint Lucia,LCA,1986,183.33797
Saint Lucia,LCA,1987,197.85236
Saint Lucia,LCA,1988,196.45605
Saint Lucia,LCA,1989,191.071
Saint Lucia,LCA,1990,188.5922
Saint Lucia,LCA,1991,201.42758
Saint Lucia,LCA,1992,203.38138
Saint Lucia,LCA,1993,201.08005
Saint Lucia,LCA,1994,201.0209
Saint Lucia,LCA,1995,202.50966
Saint Lucia,LCA,1996,205.0009
Saint Lucia,LCA,1997,226.56334
Saint Lucia,LCA,1998,212.08018
Saint Lucia,LCA,1999,168.48149
Saint Lucia,LCA,2000,179.55272
Saint Lucia,LCA,2001,157.84209
Saint Lucia,LCA,2002,151.69095
Saint Lucia,LCA,2003,159.98724
Saint Lucia,LCA,2004,114.14465
Saint Lucia,LCA,2005,121.07247
Saint Lucia,LCA,2006,111.7836
Saint Lucia,LCA,2007,115.21404
Saint Lucia,LCA,2008,102.97034
Saint Lucia,LCA,2009,104.74452
Saint Lucia,LCA,2010,90.89415
Saint Lucia,LCA,2011,125.94974
Saint Lucia,LCA,2012,101.57706
Saint Lucia,LCA,2013,110.36363
Saint Lucia,LCA,2014,121.286514
Saint Lucia,LCA,2015,122.21672
Saint Lucia,LCA,2016,106.55939
Saint Lucia,LCA,2017,125.21148
Saint Lucia,LCA,2018,137.1107
Saint Lucia,LCA,2019,175.77516
Saint Lucia,LCA,2020,155.85039
Saint Lucia,LCA,2021,138.2445
Saint Lucia,LCA,2022,136.37932
Saint Lucia,LCA,2023,115.03294
Saint Vincent and the Grenadines,VCT,1961,49.35123
Saint Vincent and the Grenadines,VCT,1962,50.964245
Saint Vincent and the Grenadines,VCT,1963,52.55811
Saint Vincent and the Grenadines,VCT,1964,52.938
Saint Vincent and the Grenadines,VCT,1965,54.760025
Saint Vincent and the Grenadines,VCT,1966,54.625996
Saint Vincent and the Grenadines,VCT,1967,54.67581
Saint Vincent and the Grenadines,VCT,1968,56.355923
Saint Vincent and the Grenadines,VCT,1969,57.488903
Saint Vincent and the Grenadines,VCT,1970,58.420246
Saint Vincent and the Grenadines,VCT,1971,58.981133
Saint Vincent and the Grenadines,VCT,1972,59.364246
Saint Vincent and the Grenadines,VCT,1973,62.09272
Saint Vincent and the Grenadines,VCT,1974,62.842327
Saint Vincent and the Grenadines,VCT,1975,62.8469
Saint Vincent and the Grenadines,VCT,1976,62.473377
Saint Vincent and the Grenadines,VCT,1977,68.06289
Saint Vincent and the Grenadines,VCT,1978,70.84157
Saint Vincent and the Grenadines,VCT,1979,66.58229
Saint Vincent and the Grenadines,VCT,1980,70.089226
Saint Vincent and the Grenadines,VCT,1981,73.37714
Saint Vincent and the Grenadines,VCT,1982,67.27115
Saint Vincent and the Grenadines,VCT,1983,68.11853
Saint Vincent and the Grenadines,VCT,1984,66.1913
Saint Vincent and the Grenadines,VCT,1985,61.647163
Saint Vincent and the Grenadines,VCT,1986,66.14975
Saint Vincent and the Grenadines,VCT,1987,69.78476
Saint Vincent and the Grenadines,VCT,1988,66.871376
Saint Vincent and the Grenadines,VCT,1989,69.032265
Saint Vincent and the Grenadines,VCT,1990,70.696175
Saint Vincent and the Grenadines,VCT,1991,66.30921
Saint Vincent and the Grenadines,VCT,1992,70.47777
Saint Vincent and the Grenadines,VCT,1993,69.932335
Saint Vincent and the Grenadines,VCT,1994,60.65933
Saint Vincent and the Grenadines,VCT,1995,74.06708
Saint Vincent and the Grenadines,VCT,1996,64.54073
Saint Vincent and the Grenadines,VCT,1997,65.74983
Saint Vincent and the Grenadines,VCT,1998,63.772423
Saint Vincent and the Grenadines,VCT,1999,66.42842
Saint Vincent and the Grenadines,VCT,2000,76.36777
Saint Vincent and the Grenadines,VCT,2001,83.67417
Saint Vincent and the Grenadines,VCT,2002,129.02077
Saint Vincent and the Grenadines,VCT,2003,130.88016
Saint Vincent and the Grenadines,VCT,2004,136.19205
Saint Vincent and the Grenadines,VCT,2005,178.55394
Saint Vincent and the Grenadines,VCT,2006,179.98178
Saint Vincent and the Grenadines,VCT,2007,181.84581
Saint Vincent and the Grenadines,VCT,2008,193.54524
Saint Vincent and the Grenadines,VCT,2009,184.06158
Saint Vincent and the Grenadines,VCT,2010,174.27782
Saint Vincent and the Grenadines,VCT,2011,175.63269
Saint Vincent and the Grenadines,VCT,2012,171.4995
Saint Vincent and the Grenadines,VCT,2013,174.70415
Saint Vincent and the Grenadines,VCT,2014,182.17764
Saint Vincent and the Grenadines,VCT,2015,184.5941
Saint Vincent and the Grenadines,VCT,2016,194.62254
Saint Vincent and the Grenadines,VCT,2017,191.0047
Saint Vincent and the Grenadines,VCT,2018,217.81133
Saint Vincent and the Grenadines,VCT,2019,214.88318
Saint Vincent and the Grenadines,VCT,2020,210.50966
Saint Vincent and the Grenadines,VCT,2021,233.61182
Saint Vincent and the Grenadines,VCT,2022,148.88103
Saint Vincent and the Grenadines,VCT,2023,128.15608
Samoa,WSM,1961,191.39166
Samoa,WSM,1962,180.10977
Samoa,WSM,1963,184.67224
Samoa,WSM,1964,190.01169
Samoa,WSM,1965,196.01277
Samoa,WSM,1966,213.34995
Samoa,WSM,1967,239.64629
Samoa,WSM,1968,244.62796
Samoa,WSM,1969,234.38293
Samoa,WSM,1970,244.1652
Samoa,WSM,1971,244.48158
Samoa,WSM,1972,258.25244
Samoa,WSM,1973,267.15405
Samoa,WSM,1974,264.7484
Samoa,WSM,1975,265.12857
Samoa,WSM,1976,261.4675
Samoa,WSM,1977,248.1943
Samoa,WSM,1978,245.32552
Samoa,WSM,1979,239.4387
Samoa,WSM,1980,229.08984
Samoa,WSM,1981,236.17874
Samoa,WSM,1982,216.02399
Samoa,WSM,1983,207.29422
Samoa,WSM,1984,207.7042
Samoa,WSM,1985,205.73648
Samoa,WSM,1986,205.23112
Samoa,WSM,1987,202.173
Samoa,WSM,1988,194.37431
Samoa,WSM,1989,146.70119
Samoa,WSM,1990,144.60307
Samoa,WSM,1991,126.49199
Samoa,WSM,1992,100.122345
Samoa,WSM,1993,102.589905
Samoa,WSM,1994,109.2073
Samoa,WSM,1995,131.90251
Samoa,WSM,1996,148.44485
Samoa,WSM,1997,157.91441
Samoa,WSM,1998,164.68364
Samoa,WSM,1999,164.53264
Samoa,WSM,2000,162.87872
Samoa,WSM,2001,171.12473
Samoa,WSM,2002,179.76128
Samoa,WSM,2003,160.47615
Samoa,WSM,2004,169.60626
Samoa,WSM,2005,166.52068
Samoa,WSM,2006,180.42728
Samoa,WSM,2007,180.15268
Samoa,WSM,2008,186.40074
Samoa,WSM,2009,190.26419
Samoa,WSM,2010,183.47575
Samoa,WSM,2011,181.13512
Samoa,WSM,2012,187.12286
Samoa,WSM,2013,187.37677
Samoa,WSM,2014,181.55
Samoa,WSM,2015,180.38748
Samoa,WSM,2016,172.10239
Samoa,WSM,2017,176.52882
Samoa,WSM,2018,174.30742
Samoa,WSM,2019,174.60834
Samoa,WSM,2020,178.41568
Samoa,WSM,2021,174.67018
Samoa,WSM,2022,173.67192
Samoa,WSM,2023,176.51941
Sao Tome and Principe,STP,1961,66.443306
Sao Tome and Principe,STP,1962,65.80508
Sao Tome and Principe,STP,1963,48.867153
Sao Tome and Principe,STP,1964,72.96511
Sao Tome and Principe,STP,1965,47.164917
Sao Tome and Principe,STP,1966,36.757584
Sao Tome and Principe,STP,1967,41.30254
Sao Tome and Principe,STP,1968,40.70845
Sao Tome and Principe,STP,1969,35.50042
Sao Tome and Principe,STP,1970,31.987019
Sao Tome and Principe,STP,1971,35.016068
Sao Tome and Principe,STP,1972,33.793808
Sao Tome and Principe,STP,1973,18.572859
Sao Tome and Principe,STP,1974,22.611324
Sao Tome and Principe,STP,1975,35.086597
Sao Tome and Principe,STP,1976,35.925186
Sao Tome and Principe,STP,1977,35.479874
Sao Tome and Principe,STP,1978,35.97736
Sao Tome and Principe,STP,1979,35.995884
Sao Tome and Principe,STP,1980,36.982944
Sao Tome and Principe,STP,1981,38.461082
Sao Tome and Principe,STP,1982,39.50228
Sao Tome and Principe,STP,1983,44.3097
Sao Tome and Principe,STP,1984,56.30561
Sao Tome and Principe,STP,1985,56.28321
Sao Tome and Principe,STP,1986,69.062996
Sao Tome and Principe,STP,1987,79.702194
Sao Tome and Principe,STP,1988,51.94203
Sao Tome and Principe,STP,1989,62.85274
Sao Tome and Principe,STP,1990,64.27756
Sao Tome and Principe,STP,1991,84.28857
Sao Tome and Principe,STP,1992,96.94888
Sao Tome and Principe,STP,1993,103.13463
Sao Tome and Principe,STP,1994,106.82979
Sao Tome and Principe,STP,1995,97.29884
Sao Tome and Principe,STP,1996,97.1396
Sao Tome and Principe,STP,1997,156.32289
Sao Tome and Principe,STP,1998,155.8592
Sao Tome and Principe,STP,1999,156.52307
Sao Tome and Principe,STP,2000,158.41844
Sao Tome and Principe,STP,2001,163.32532
Sao Tome and Principe,STP,2002,169.54565
Sao Tome and Principe,STP,2003,152.27129
Sao Tome and Principe,STP,2004,149.20874
Sao Tome and Principe,STP,2005,162.3257
Sao Tome and Principe,STP,2006,173.97269
Sao Tome and Principe,STP,2007,170.0796
Sao Tome and Principe,STP,2008,172.07126
Sao Tome and Principe,STP,2009,175.60085
Sao Tome and Principe,STP,2010,192.8494
Sao Tome and Principe,STP,2011,206.35332
Sao Tome and Principe,STP,2012,202.83716
Sao Tome and Principe,STP,2013,204.45154
Sao Tome and Principe,STP,2014,225.79852
Sao Tome and Principe,STP,2015,217.83043
Sao Tome and Principe,STP,2016,214.20738
Sao Tome and Principe,STP,2017,224.9826
Sao Tome and Principe,STP,2018,215.29181
Sao Tome and Principe,STP,2019,205.35556
Sao Tome and Principe,STP,2020,203.3013
Sao Tome and Principe,STP,2021,199.9865
Sao Tome and Principe,STP,2022,199.79735
Sao Tome and Principe,STP,2023,192.14
Saudi Arabia,SAU,1961,82.65088
Saudi Arabia,SAU,1962,83.871735
Saudi Arabia,SAU,1963,81.84356
Saudi Arabia,SAU,1964,84.95741
Saudi Arabia,SAU,1965,85.68096
Saudi Arabia,SAU,1966,88.563225
Saudi Arabia,SAU,1967,88.29484
Saudi Arabia,SAU,1968,91.99354
Saudi Arabia,SAU,1969,96.661606
Saudi Arabia,SAU,1970,99.23403
Saudi Arabia,SAU,1971,98.17293
Saudi Arabia,SAU,1972,89.01499
Saudi Arabia,SAU,1973,119.230415
Saudi Arabia,SAU,1974,127.44415
Saudi Arabia,SAU,1975,127.90852
Saudi Arabia,SAU,1976,129.29538
Saudi Arabia,SAU,1977,183.09871
Saudi Arabia,SAU,1978,205.64009
Saudi Arabia,SAU,1979,215.8564
Saudi Arabia,SAU,1980,195.46046
Saudi Arabia,SAU,1981,194.11906
Saudi Arabia,SAU,1982,194.49858
Saudi Arabia,SAU,1983,211.79477
Saudi Arabia,SAU,1984,198.05727
Saudi Arabia,SAU,1985,152.05585
Saudi Arabia,SAU,1986,133.81453
Saudi Arabia,SAU,1987,135.39534
Saudi Arabia,SAU,1988,165.91988
Saudi Arabia,SAU,1989,153.02472
Saudi Arabia,SAU,1990,142.17397
Saudi Arabia,SAU,1991,137.33075
Saudi Arabia,SAU,1992,131.66614
Saudi Arabia,SAU,1993,134.64017
Saudi Arabia,SAU,1994,134.74304
Saudi Arabia,SAU,1995,133.6788
Saudi Arabia,SAU,1996,121.460625
Saudi Arabia,SAU,1997,121.2748
Saudi Arabia,SAU,1998,127.13025
Saudi Arabia,SAU,1999,118.953
Saudi Arabia,SAU,2000,116.49128
Saudi Arabia,SAU,2001,116.318634
Saudi Arabia,SAU,2002,118.61182
Saudi Arabia,SAU,2003,122.39295
Saudi Arabia,SAU,2004,116.31361
Saudi Arabia,SAU,2005,123.786934
Saudi Arabia,SAU,2006,114.616035
Saudi Arabia,SAU,2007,108.09769
Saudi Arabia,SAU,2008,93.438545
Saudi Arabia,SAU,2009,81.33628
Saudi Arabia,SAU,2010,86.76999
Saudi Arabia,SAU,2011,92.84005
Saudi Arabia,SAU,2012,99.71997
Saudi Arabia,SAU,2013,98.94002
Saudi Arabia,SAU,2014,66.66001
Saudi Arabia,SAU,2015,80.219986
Saudi Arabia,SAU,2016,83.77001
Saudi Arabia,SAU,2017,89.45
Saudi Arabia,SAU,2018,101.82
Saudi Arabia,SAU,2019,88.73001
Saudi Arabia,SAU,2020,99.640015
Saudi Arabia,SAU,2021,95.19998
Saudi Arabia,SAU,2022,104.95999
Saudi Arabia,SAU,2023,105.32
Senegal,SEN,1961,9.171543
Senegal,SEN,1962,9.696746
Senegal,SEN,1963,9.662371
Senegal,SEN,1964,9.570629
Senegal,SEN,1965,9.393126
Senegal,SEN,1966,10.227064
Senegal,SEN,1967,9.147008
Senegal,SEN,1968,9.081049
Senegal,SEN,1969,10.586843
Senegal,SEN,1970,10.161739
Senegal,SEN,1971,10.074242
Senegal,SEN,1972,9.423034
Senegal,SEN,1973,11.003507
Senegal,SEN,1974,10.080554
Senegal,SEN,1975,11.75297
Senegal,SEN,1976,12.35116
Senegal,SEN,1977,12.410184
Senegal,SEN,1978,12.255709
Senegal,SEN,1979,12.623361
Senegal,SEN,1980,11.765547
Senegal,SEN,1981,11.634757
Senegal,SEN,1982,12.470356
Senegal,SEN,1983,12.088599
Senegal,SEN,1984,11.397659
Senegal,SEN,1985,11.761858
Senegal,SEN,1986,12.275795
Senegal,SEN,1987,12.973645
Senegal,SEN,1988,13.775974
Senegal,SEN,1989,14.167573
Senegal,SEN,1990,12.496531
Senegal,SEN,1991,11.649747
Senegal,SEN,1992,11.641563
Senegal,SEN,1993,13.623179
Senegal,SEN,1994,13.789102
Senegal,SEN,1995,13.331712
Senegal,SEN,1996,13.754577
Senegal,SEN,1997,13.336088
Senegal,SEN,1998,13.613312
Senegal,SEN,1999,13.156947
Senegal,SEN,2000,12.841632
Senegal,SEN,2001,14.822394
Senegal,SEN,2002,14.374555
Senegal,SEN,2003,16.198408
Senegal,SEN,2004,12.980874
Senegal,SEN,2005,13.943952
Senegal,SEN,2006,15.682246
Senegal,SEN,2007,16.678644
Senegal,SEN,2008,17.257967
Senegal,SEN,2009,17.650013
Senegal,SEN,2010,16.46999
Senegal,SEN,2011,18.209997
Senegal,SEN,2012,20.199987
Senegal,SEN,2013,19.669989
Senegal,SEN,2014,18.329996
Senegal,SEN,2015,17.129993
Senegal,SEN,2016,17.170004
Senegal,SEN,2017,19.669998
Senegal,SEN,2018,18.720005
Senegal,SEN,2019,17.689995
Senegal,SEN,2020,19.100004
Senegal,SEN,2021,19.380003
Senegal,SEN,2022,17.38
Senegal,SEN,2023,19.669996
Serbia,SRB,2006,131.60065
Serbia,SRB,2007,142.35158
Serbia,SRB,2008,152.44595
Serbia,SRB,2009,161.19595
Serbia,SRB,2010,129.3198
Serbia,SRB,2011,157.77005
Serbia,SRB,2012,117.91994
Serbia,SRB,2013,155.89993
Serbia,SRB,2014,103.939964
Serbia,SRB,2015,114.929886
Serbia,SRB,2016,126.25995
Serbia,SRB,2017,108.69005
Serbia,SRB,2018,126.90011
Serbia,SRB,2019,136.05989
Serbia,SRB,2020,161.5399
Serbia,SRB,2021,153.87003
Serbia,SRB,2022,171.52988
Serbia,SRB,2023,147.60992
Serbia and Montenegro,OWID_SRM,1992,81.855736
Serbia and Montenegro,OWID_SRM,1993,89.26902
Serbia and Montenegro,OWID_SRM,1994,70.53933
Serbia and Montenegro,OWID_SRM,1995,54.9631
Serbia and Montenegro,OWID_SRM,1996,110.50676
Serbia and Montenegro,OWID_SRM,1997,98.53526
Serbia and Montenegro,OWID_SRM,1998,104.12173
Serbia and Montenegro,OWID_SRM,1999,78.38176
Serbia and Montenegro,OWID_SRM,2000,70.57716
Serbia and Montenegro,OWID_SRM,2001,91.406334
Serbia and Montenegro,OWID_SRM,2002,79.06472
Serbia and Montenegro,OWID_SRM,2003,125.02598
Serbia and Montenegro,OWID_SRM,2004,127.74816
Serbia and Montenegro,OWID_SRM,2005,76.88346
Seychelles,SYC,2010,48.10835
Seychelles,SYC,2011,58.357365
Seychelles,SYC,2012,58.015427
Seychelles,SYC,2013,67.84804
Seychelles,SYC,2014,74.56074
Seychelles,SYC,2015,88.57596
Seychelles,SYC,2016,85.37756
Seychelles,SYC,2017,85.370125
Seychelles,SYC,2018,89.13993
Seychelles,SYC,2019,81.66167
Seychelles,SYC,2020,86.8535
Seychelles,SYC,2021,79.283554
Seychelles,SYC,2022,82.16148
Seychelles,SYC,2023,84.50274
Sierra Leone,SLE,1961,33.66773
Sierra Leone,SLE,1962,34.740543
Sierra Leone,SLE,1963,34.75942
Sierra Leone,SLE,1964,35.617226
Sierra Leone,SLE,1965,36.084213
Sierra Leone,SLE,1966,34.76085
Sierra Leone,SLE,1967,34.75723
Sierra Leone,SLE,1968,34.4995
Sierra Leone,SLE,1969,34.646133
Sierra Leone,SLE,1970,34.74597
Sierra Leone,SLE,1971,34.100613
Sierra Leone,SLE,1972,34.427887
Sierra Leone,SLE,1973,34.107193
Sierra Leone,SLE,1974,34.457
Sierra Leone,SLE,1975,34.092968
Sierra Leone,SLE,1976,34.29761
Sierra Leone,SLE,1977,34.21677
Sierra Leone,SLE,1978,34.465946
Sierra Leone,SLE,1979,34.606068
Sierra Leone,SLE,1980,35.618443
Sierra Leone,SLE,1981,36.13938
Sierra Leone,SLE,1982,37.10029
Sierra Leone,SLE,1983,37.108124
Sierra Leone,SLE,1984,37.090874
Sierra Leone,SLE,1985,37.07677
Sierra Leone,SLE,1986,36.87623
Sierra Leone,SLE,1987,36.38508
Sierra Leone,SLE,1988,37.187668
Sierra Leone,SLE,1989,38.078648
Sierra Leone,SLE,1990,33.206512
Sierra Leone,SLE,1991,33.32108
Sierra Leone,SLE,1992,34.742203
Sierra Leone,SLE,1993,33.966137
Sierra Leone,SLE,1994,32.97507
Sierra Leone,SLE,1995,32.502785
Sierra Leone,SLE,1996,34.278408
Sierra Leone,SLE,1997,34.887154
Sierra Leone,SLE,1998,34.051308
Sierra Leone,SLE,1999,34.195827
Sierra Leone,SLE,2000,35.02086
Sierra Leone,SLE,2001,34.238262
Sierra Leone,SLE,2002,34.108025
Sierra Leone,SLE,2003,33.75215
Sierra Leone,SLE,2004,34.27516
Sierra Leone,SLE,2005,34.89826
Sierra Leone,SLE,2006,35.031624
Sierra Leone,SLE,2007,35.17499
Sierra Leone,SLE,2008,35.18308
Sierra Leone,SLE,2009,35.0999
Sierra Leone,SLE,2010,35.049973
Sierra Leone,SLE,2011,35.099953
Sierra Leone,SLE,2012,35.32001
Sierra Leone,SLE,2013,35.199963
Sierra Leone,SLE,2014,35.230026
Sierra Leone,SLE,2015,34.90995
Sierra Leone,SLE,2016,34.71996
Sierra Leone,SLE,2017,34.61
Sierra Leone,SLE,2018,34.369965
Sierra Leone,SLE,2019,32.149986
Sierra Leone,SLE,2020,32.080013
Sierra Leone,SLE,2021,31.94999
Sierra Leone,SLE,2022,31.500002
Sierra Leone,SLE,2023,30.749952
Slovakia,SVK,1993,43.480392
Slovakia,SVK,1994,46.827995
Slovakia,SVK,1995,52.475254
Slovakia,SVK,1996,74.48269
Slovakia,SVK,1997,67.03489
Slovakia,SVK,1998,78.49412
Slovakia,SVK,1999,63.81354
Slovakia,SVK,2000,66.04805
Slovakia,SVK,2001,53.575127
Slovakia,SVK,2002,56.76868
Slovakia,SVK,2003,59.699722
Slovakia,SVK,2004,51.313923
Slovakia,SVK,2005,61.11214
Slovakia,SVK,2006,57.89619
Slovakia,SVK,2007,63.189053
Slovakia,SVK,2008,66.22875
Slovakia,SVK,2009,68.30269
Slovakia,SVK,2010,56.209927
Slovakia,SVK,2011,60.020054
Slovakia,SVK,2012,49.819935
Slovakia,SVK,2013,54.939976
Slovakia,SVK,2014,52.599922
Slovakia,SVK,2015,57.63002
Slovakia,SVK,2016,55.73998
Slovakia,SVK,2017,57.29998
Slovakia,SVK,2018,62.16001
Slovakia,SVK,2019,62.440033
Slovakia,SVK,2020,65.8799
Slovakia,SVK,2021,68.01992
Slovakia,SVK,2022,64.47006
Slovakia,SVK,2023,61.13992
Slovenia,SVN,1992,49.034744
Slovenia,SVN,1993,63.461445
Slovenia,SVN,1994,82.65917
Slovenia,SVN,1995,85.707886
Slovenia,SVN,1996,130.36014
Slovenia,SVN,1997,109.28252
Slovenia,SVN,1998,123.59484
Slovenia,SVN,1999,131.3653
Slovenia,SVN,2000,157.97267
Slovenia,SVN,2001,116.4885
Slovenia,SVN,2002,148.19301
Slovenia,SVN,2003,140.91391
Slovenia,SVN,2004,163.49901
Slovenia,SVN,2005,152.21478
Slovenia,SVN,2006,131.04381
Slovenia,SVN,2007,126.33531
Slovenia,SVN,2008,122.295876
Slovenia,SVN,2009,132.6043
Slovenia,SVN,2010,130.11993
Slovenia,SVN,2011,130.03967
Slovenia,SVN,2012,114.6599
Slovenia,SVN,2013,122.19928
Slovenia,SVN,2014,133.78032
Slovenia,SVN,2015,133.67026
Slovenia,SVN,2016,127.51945
Slovenia,SVN,2017,123.479996
Slovenia,SVN,2018,150.23972
Slovenia,SVN,2019,131.28012
Slovenia,SVN,2020,130.01994
Slovenia,SVN,2021,114.959724
Slovenia,SVN,2022,129.91994
Slovenia,SVN,2023,131.06036
Small Island Developing States (FAO),,1961,92.35
Small Island Developing States (FAO),,1962,92.48
Small Island Developing States (FAO),,1963,94.1
Small Island Developing States (FAO),,1964,95.11
Small Island Developing States (FAO),,1965,94.49
Small Island Developing States (FAO),,1966,94.83
Small Island Developing States (FAO),,1967,90.66
Small Island Developing States (FAO),,1968,91.76
Small Island Developing States (FAO),,1969,93.21
Small Island Developing States (FAO),,1970,91.46
Small Island Developing States (FAO),,1971,93.46
Small Island Developing States (FAO),,1972,97.57
Small Island Developing States (FAO),,1973,97.34
Small Island Developing States (FAO),,1974,95.45
Small Island Developing States (FAO),,1975,92.27
Small Island Developing States (FAO),,1976,95.08
Small Island Developing States (FAO),,1977,96.12
Small Island Developing States (FAO),,1978,98.33
Small Island Developing States (FAO),,1979,95.76
Small Island Developing States (FAO),,1980,102.63
Small Island Developing States (FAO),,1981,101.72
Small Island Developing States (FAO),,1982,100.91
Small Island Developing States (FAO),,1983,101.95
Small Island Developing States (FAO),,1984,101.85
Small Island Developing States (FAO),,1985,102.78
Small Island Developing States (FAO),,1986,103.28
Small Island Developing States (FAO),,1987,106.32
Small Island Developing States (FAO),,1988,106.25
Small Island Developing States (FAO),,1989,102.73
Small Island Developing States (FAO),,1990,93.81
Small Island Developing States (FAO),,1991,93.23
Small Island Developing States (FAO),,1992,96.07
Small Island Developing States (FAO),,1993,91.33
Small Island Developing States (FAO),,1994,91.56
Small Island Developing States (FAO),,1995,92.64
Small Island Developing States (FAO),,1996,97.8
Small Island Developing States (FAO),,1997,100.45
Small Island Developing States (FAO),,1998,98.39
Small Island Developing States (FAO),,1999,99.22
Small Island Developing States (FAO),,2000,110.07
Small Island Developing States (FAO),,2001,120.22
Small Island Developing States (FAO),,2002,112.42
Small Island Developing States (FAO),,2003,128.95
Small Island Developing States (FAO),,2004,123.72
Small Island Developing States (FAO),,2005,112.08
Small Island Developing States (FAO),,2006,115.69
Small Island Developing States (FAO),,2007,120.63
Small Island Developing States (FAO),,2008,104.12
Small Island Developing States (FAO),,2009,117.72
Small Island Developing States (FAO),,2010,138.26
Small Island Developing States (FAO),,2011,149
Small Island Developing States (FAO),,2012,159.05
Small Island Developing States (FAO),,2013,158.6
Small Island Developing States (FAO),,2014,166.33
Small Island Developing States (FAO),,2015,168.91
Small Island Developing States (FAO),,2016,173.59
Small Island Developing States (FAO),,2017,173.73
Small Island Developing States (FAO),,2018,175.13
Small Island Developing States (FAO),,2019,172.05
Small Island Developing States (FAO),,2020,166.69
Small Island Developing States (FAO),,2021,166.87
Small Island Developing States (FAO),,2022,175.55
Small Island Developing States (FAO),,2023,164.85
Solomon Islands,SLB,1961,50.992016
Solomon Islands,SLB,1962,50.851513
Solomon Islands,SLB,1963,50.657722
Solomon Islands,SLB,1964,50.481586
Solomon Islands,SLB,1965,50.893257
Solomon Islands,SLB,1966,50.746742
Solomon Islands,SLB,1967,50.415207
Solomon Islands,SLB,1968,50.419792
Solomon Islands,SLB,1969,49.783176
Solomon Islands,SLB,1970,49.434284
Solomon Islands,SLB,1971,49.656197
Solomon Islands,SLB,1972,49.43926
Solomon Islands,SLB,1973,48.751816
Solomon Islands,SLB,1974,48.33658
Solomon Islands,SLB,1975,47.88493
Solomon Islands,SLB,1976,47.395687
Solomon Islands,SLB,1977,46.61002
Solomon Islands,SLB,1978,45.897137
Solomon Islands,SLB,1979,45.663975
Solomon Islands,SLB,1980,45.521206
Solomon Islands,SLB,1981,46.399426
Solomon Islands,SLB,1982,47.248924
Solomon Islands,SLB,1983,45.70194
Solomon Islands,SLB,1984,44.450134
Solomon Islands,SLB,1985,44.372284
Solomon Islands,SLB,1986,41.65092
Solomon Islands,SLB,1987,41.59903
Solomon Islands,SLB,1988,42.675198
Solomon Islands,SLB,1989,44.201427
Solomon Islands,SLB,1990,44.618767
Solomon Islands,SLB,1991,44.344463
Solomon Islands,SLB,1992,42.583366
Solomon Islands,SLB,1993,37.707153
Solomon Islands,SLB,1994,36.106186
Solomon Islands,SLB,1995,36.60504
Solomon Islands,SLB,1996,36.79592
Solomon Islands,SLB,1997,37.56356
Solomon Islands,SLB,1998,37.1129
Solomon Islands,SLB,1999,28.483778
Solomon Islands,SLB,2000,36.90856
Solomon Islands,SLB,2001,39.139595
Solomon Islands,SLB,2002,41.164165
Solomon Islands,SLB,2003,42.78563
Solomon Islands,SLB,2004,43.5016
Solomon Islands,SLB,2005,46.85243
Solomon Islands,SLB,2006,54.753155
Solomon Islands,SLB,2007,58.50866
Solomon Islands,SLB,2008,59.740803
Solomon Islands,SLB,2009,60.827946
Solomon Islands,SLB,2010,54.849377
Solomon Islands,SLB,2011,53.949223
Solomon Islands,SLB,2012,47.768917
Solomon Islands,SLB,2013,47.72984
Solomon Islands,SLB,2014,43.629646
Solomon Islands,SLB,2015,43.999104
Solomon Islands,SLB,2016,42.109554
Solomon Islands,SLB,2017,40.91958
Solomon Islands,SLB,2018,43.10945
Solomon Islands,SLB,2019,37.309696
Solomon Islands,SLB,2020,35.94976
Solomon Islands,SLB,2021,33.619823
Solomon Islands,SLB,2022,32.169792
Solomon Islands,SLB,2023,32.37984
Somalia,SOM,2010,15.173374
Somalia,SOM,2011,15.116681
Somalia,SOM,2012,18.548937
Somalia,SOM,2013,17.816284
Somalia,SOM,2014,16.582304
Somalia,SOM,2015,17.006796
Somalia,SOM,2016,16.605066
Somalia,SOM,2017,16.172976
Somalia,SOM,2018,16.794884
Somalia,SOM,2019,21.413448
Somalia,SOM,2020,17.419725
Somalia,SOM,2021,15.70061
Somalia,SOM,2022,15.1045685
South Africa,ZAF,1961,27.258453
South Africa,ZAF,1962,25.318481
South Africa,ZAF,1963,27.605438
South Africa,ZAF,1964,27.536118
South Africa,ZAF,1965,24.796844
South Africa,ZAF,1966,22.719723
South Africa,ZAF,1967,28.62782
South Africa,ZAF,1968,29.261839
South Africa,ZAF,1969,31.14218
South Africa,ZAF,1970,34.491825
South Africa,ZAF,1971,32.783894
South Africa,ZAF,1972,38.424854
South Africa,ZAF,1973,33.76564
South Africa,ZAF,1974,33.8301
South Africa,ZAF,1975,29.879368
South Africa,ZAF,1976,30.621836
South Africa,ZAF,1977,26.901487
South Africa,ZAF,1978,27.297155
South Africa,ZAF,1979,28.525257
South Africa,ZAF,1980,28.102945
South Africa,ZAF,1981,30.10145
South Africa,ZAF,1982,29.376175
South Africa,ZAF,1983,28.014399
South Africa,ZAF,1984,27.593866
South Africa,ZAF,1985,31.117374
South Africa,ZAF,1986,31.588106
South Africa,ZAF,1987,34.281857
South Africa,ZAF,1988,36.92303
South Africa,ZAF,1989,35.911842
South Africa,ZAF,1990,35.586372
South Africa,ZAF,1991,33.247257
South Africa,ZAF,1992,31.671436
South Africa,ZAF,1993,34.01579
South Africa,ZAF,1994,30.225065
South Africa,ZAF,1995,30.497168
South Africa,ZAF,1996,36.505135
South Africa,ZAF,1997,35.853832
South Africa,ZAF,1998,31.99199
South Africa,ZAF,1999,39.050716
South Africa,ZAF,2000,42.098057
South Africa,ZAF,2001,41.593086
South Africa,ZAF,2002,41.350403
South Africa,ZAF,2003,39.843193
South Africa,ZAF,2004,37.020184
South Africa,ZAF,2005,35.52565
South Africa,ZAF,2006,36.759007
South Africa,ZAF,2007,33.35756
South Africa,ZAF,2008,35.599724
South Africa,ZAF,2009,32.347015
South Africa,ZAF,2010,30.560001
South Africa,ZAF,2011,35.19
South Africa,ZAF,2012,30.38
South Africa,ZAF,2013,29.91
South Africa,ZAF,2014,31.42
South Africa,ZAF,2015,29.360003
South Africa,ZAF,2016,22.67
South Africa,ZAF,2017,23.84
South Africa,ZAF,2018,26.55
South Africa,ZAF,2019,27.360006
South Africa,ZAF,2020,19.530003
South Africa,ZAF,2021,37.2
South Africa,ZAF,2022,34.909996
South Africa,ZAF,2023,26.409996
South America,OWID_SAM,1961,82.368744
South America,OWID_SAM,1962,83.78551
South America,OWID_SAM,1963,85.68994
South America,OWID_SAM,1964,85.945045
South America,OWID_SAM,1965,88.269966
South America,OWID_SAM,1966,90.18144
South America,OWID_SAM,1967,92.72142
South America,OWID_SAM,1968,93.80368
South America,OWID_SAM,1969,99.360435
South America,OWID_SAM,1970,101.39139
South America,OWID_SAM,1971,98.64307
South America,OWID_SAM,1972,100.99459
South America,OWID_SAM,1973,89.25168
South America,OWID_SAM,1974,98.93015
South America,OWID_SAM,1975,93.65402
South America,OWID_SAM,1976,96.72409
South America,OWID_SAM,1977,98.32706
South America,OWID_SAM,1978,91.25598
South America,OWID_SAM,1979,94.307655
South America,OWID_SAM,1980,96.88268
South America,OWID_SAM,1981,84.74428
South America,OWID_SAM,1982,88.83742
South America,OWID_SAM,1983,84.04023
South America,OWID_SAM,1984,73.48517
South America,OWID_SAM,1985,99.23465
South America,OWID_SAM,1986,80.03177
South America,OWID_SAM,1987,89.28912
South America,OWID_SAM,1988,95.640465
South America,OWID_SAM,1989,98.4352
South America,OWID_SAM,1990,84.58276
South America,OWID_SAM,1991,92.51487
South America,OWID_SAM,1992,97.105804
South America,OWID_SAM,1993,87.81176
South America,OWID_SAM,1994,87.853355
South America,OWID_SAM,1995,101.672035
South America,OWID_SAM,1996,101.02983
South America,OWID_SAM,1997,113.50544
South America,OWID_SAM,1998,99.87322
South America,OWID_SAM,1999,110.849396
South America,OWID_SAM,2000,108.95878
South America,OWID_SAM,2001,96.83926
South America,OWID_SAM,2002,105.36801
South America,OWID_SAM,2003,97.65176
South America,OWID_SAM,2004,99.98293
South America,OWID_SAM,2005,96.735596
South America,OWID_SAM,2006,102.23848
South America,OWID_SAM,2007,101.33557
South America,OWID_SAM,2008,105.235855
South America,OWID_SAM,2009,106.62236
South America,OWID_SAM,2010,115.70627
South America,OWID_SAM,2011,121.37096
South America,OWID_SAM,2012,110.13118
South America,OWID_SAM,2013,105.5948
South America,OWID_SAM,2014,106.658905
South America,OWID_SAM,2015,108.142845
South America,OWID_SAM,2016,98.9831
South America,OWID_SAM,2017,93.36205
South America,OWID_SAM,2018,98.93325
South America,OWID_SAM,2019,100.328674
South America,OWID_SAM,2020,99.43297
South America,OWID_SAM,2021,103.82856
South America,OWID_SAM,2022,103.88349
South America,OWID_SAM,2023,107.08902
South America (FAO),,1961,82.74
South America (FAO),,1962,84.13
South America (FAO),,1963,86
South America (FAO),,1964,86.22
South America (FAO),,1965,88.52
South America (FAO),,1966,90.42
South America (FAO),,1967,92.95
South America (FAO),,1968,94.02
South America (FAO),,1969,99.56
South America (FAO),,1970,101.55
South America (FAO),,1971,98.75
South America (FAO),,1972,101.07
South America (FAO),,1973,89.3
South America (FAO),,1974,98.96
South America (FAO),,1975,93.63
South America (FAO),,1976,96.65
South America (FAO),,1977,98.21
South America (FAO),,1978,91.13
South America (FAO),,1979,94.15
South America (FAO),,1980,96.72
South America (FAO),,1981,84.59
South America (FAO),,1982,88.67
South America (FAO),,1983,83.89
South America (FAO),,1984,73.36
South America (FAO),,1985,99.08
South America (FAO),,1986,79.91
South America (FAO),,1987,89.16
South America (FAO),,1988,95.52
South America (FAO),,1989,98.34
South America (FAO),,1990,84.53
South America (FAO),,1991,92.48
South America (FAO),,1992,97.1
South America (FAO),,1993,87.85
South America (FAO),,1994,87.9
South America (FAO),,1995,101.73
South America (FAO),,1996,101.07
South America (FAO),,1997,113.52
South America (FAO),,1998,99.87
South America (FAO),,1999,110.83
South America (FAO),,2000,108.89
South America (FAO),,2001,96.7
South America (FAO),,2002,105.12
South America (FAO),,2003,97.32
South America (FAO),,2004,99.55
South America (FAO),,2005,96.24
South America (FAO),,2006,101.66
South America (FAO),,2007,100.71
South America (FAO),,2008,104.53
South America (FAO),,2009,105.83
South America (FAO),,2010,115.71
South America (FAO),,2011,121.37
South America (FAO),,2012,110.13
South America (FAO),,2013,105.59
South America (FAO),,2014,106.66
South America (FAO),,2015,108.14
South America (FAO),,2016,98.99
South America (FAO),,2017,93.36
South America (FAO),,2018,98.93
South America (FAO),,2019,100.33
South America (FAO),,2020,99.43
South America (FAO),,2021,103.83
South America (FAO),,2022,103.88
South America (FAO),,2023,107.09
South Korea,KOR,1961,4.9882283
South Korea,KOR,1962,6.356665
South Korea,KOR,1963,5.6801977
South Korea,KOR,1964,7.1009564
South Korea,KOR,1965,9.530799
South Korea,KOR,1966,9.971257
South Korea,KOR,1967,10.660014
South Korea,KOR,1968,11.364541
South Korea,KOR,1969,11.82072
South Korea,KOR,1970,11.862945
South Korea,KOR,1971,11.323521
South Korea,KOR,1972,13.243967
South Korea,KOR,1973,14.571027
South Korea,KOR,1974,15.17762
South Korea,KOR,1975,14.165515
South Korea,KOR,1976,15.336774
South Korea,KOR,1977,19.61618
South Korea,KOR,1978,20.780745
South Korea,KOR,1979,23.33083
South Korea,KOR,1980,22.799866
South Korea,KOR,1981,26.265957
South Korea,KOR,1982,29.709703
South Korea,KOR,1983,33.635727
South Korea,KOR,1984,29.591911
South Korea,KOR,1985,34.607204
South Korea,KOR,1986,33.639664
South Korea,KOR,1987,37.38821
South Korea,KOR,1988,41.04965
South Korea,KOR,1989,52.96891
South Korea,KOR,1990,45.807373
South Korea,KOR,1991,55.786846
South Korea,KOR,1992,61.09663
South Korea,KOR,1993,57.092915
South Korea,KOR,1994,59.7968
South Korea,KOR,1995,68.48278
South Korea,KOR,1996,62.48001
South Korea,KOR,1997,68.65605
South Korea,KOR,1998,56.567436
South Korea,KOR,1999,63.861206
South Korea,KOR,2000,68.38547
South Korea,KOR,2001,70.717995
South Korea,KOR,2002,66.826256
South Korea,KOR,2003,63.816925
South Korea,KOR,2004,66.28095
South Korea,KOR,2005,74.80791
South Korea,KOR,2006,69.76446
South Korea,KOR,2007,78.9162
South Korea,KOR,2008,73.38116
South Korea,KOR,2009,72.27723
South Korea,KOR,2010,64.69
South Korea,KOR,2011,59.8
South Korea,KOR,2012,65.5
South Korea,KOR,2013,57.179993
South Korea,KOR,2014,63.250004
South Korea,KOR,2015,55.98
South Korea,KOR,2016,57.260002
South Korea,KOR,2017,58.61
South Korea,KOR,2018,56.039997
South Korea,KOR,2019,55.000008
South Korea,KOR,2020,50.61
South Korea,KOR,2021,51.829998
South Korea,KOR,2022,51.019997
South Korea,KOR,2023,48.059998
South Sudan,SSD,2019,44.02234
South Sudan,SSD,2020,44.106415
South Sudan,SSD,2021,41.793056
South Sudan,SSD,2022,40.647682
South-eastern Asia (FAO),,1961,43.33
South-eastern Asia (FAO),,1962,41.94
South-eastern Asia (FAO),,1963,42.19
South-eastern Asia (FAO),,1964,40.96
South-eastern Asia (FAO),,1965,42.96
South-eastern Asia (FAO),,1966,42.79
South-eastern Asia (FAO),,1967,41.89
South-eastern Asia (FAO),,1968,40.76
South-eastern Asia (FAO),,1969,40.36
South-eastern Asia (FAO),,1970,41.83
South-eastern Asia (FAO),,1971,40.92
South-eastern Asia (FAO),,1972,39.75
South-eastern Asia (FAO),,1973,40.14
South-eastern Asia (FAO),,1974,40.57
South-eastern Asia (FAO),,1975,42.27
South-eastern Asia (FAO),,1976,43.39
South-eastern Asia (FAO),,1977,46.33
South-eastern Asia (FAO),,1978,46.5
South-eastern Asia (FAO),,1979,50.6
South-eastern Asia (FAO),,1980,54.41
South-eastern Asia (FAO),,1981,51.65
South-eastern Asia (FAO),,1982,50.55
South-eastern Asia (FAO),,1983,48.93
South-eastern Asia (FAO),,1984,49.88
South-eastern Asia (FAO),,1985,49.27
South-eastern Asia (FAO),,1986,52.01
South-eastern Asia (FAO),,1987,50.44
South-eastern Asia (FAO),,1988,49.77
South-eastern Asia (FAO),,1989,48.36
South-eastern Asia (FAO),,1990,49.41
South-eastern Asia (FAO),,1991,48.48
South-eastern Asia (FAO),,1992,50.25
South-eastern Asia (FAO),,1993,50.62
South-eastern Asia (FAO),,1994,52.39
South-eastern Asia (FAO),,1995,56.34
South-eastern Asia (FAO),,1996,55.08
South-eastern Asia (FAO),,1997,53.96
South-eastern Asia (FAO),,1998,50.95
South-eastern Asia (FAO),,1999,54.21
South-eastern Asia (FAO),,2000,57.73
South-eastern Asia (FAO),,2001,58.22
South-eastern Asia (FAO),,2002,63.8
South-eastern Asia (FAO),,2003,65.16
South-eastern Asia (FAO),,2004,67.31
South-eastern Asia (FAO),,2005,68.83
South-eastern Asia (FAO),,2006,69.94
South-eastern Asia (FAO),,2007,73.11
South-eastern Asia (FAO),,2008,72.9
South-eastern Asia (FAO),,2009,74.28
South-eastern Asia (FAO),,2010,67.38
South-eastern Asia (FAO),,2011,67.23
South-eastern Asia (FAO),,2012,68.31
South-eastern Asia (FAO),,2013,63.98
South-eastern Asia (FAO),,2014,68.08
South-eastern Asia (FAO),,2015,72.47
South-eastern Asia (FAO),,2016,68.13
South-eastern Asia (FAO),,2017,66.82
South-eastern Asia (FAO),,2018,67.75
South-eastern Asia (FAO),,2019,68.2
South-eastern Asia (FAO),,2020,70.21
South-eastern Asia (FAO),,2021,72.86
South-eastern Asia (FAO),,2022,78.84
South-eastern Asia (FAO),,2023,81.97
Southern Africa (FAO),,1961,25.17
Southern Africa (FAO),,1962,23.67
Southern Africa (FAO),,1963,25.71
Southern Africa (FAO),,1964,25.88
Southern Africa (FAO),,1965,23.7
Southern Africa (FAO),,1966,22.14
Southern Africa (FAO),,1967,27.51
Southern Africa (FAO),,1968,28.01
Southern Africa (FAO),,1969,29.84
Southern Africa (FAO),,1970,32.85
Southern Africa (FAO),,1971,31.41
Southern Africa (FAO),,1972,36.32
Southern Africa (FAO),,1973,32.36
Southern Africa (FAO),,1974,32.75
Southern Africa (FAO),,1975,29.29
Southern Africa (FAO),,1976,29.95
Southern Africa (FAO),,1977,26.79
Southern Africa (FAO),,1978,27.06
Southern Africa (FAO),,1979,28.39
Southern Africa (FAO),,1980,28.2
Southern Africa (FAO),,1981,30.24
Southern Africa (FAO),,1982,29.85
Southern Africa (FAO),,1983,29.04
Southern Africa (FAO),,1984,28.94
Southern Africa (FAO),,1985,32.32
Southern Africa (FAO),,1986,32.93
Southern Africa (FAO),,1987,36.18
Southern Africa (FAO),,1988,39.48
Southern Africa (FAO),,1989,38.97
Southern Africa (FAO),,1990,39.08
Southern Africa (FAO),,1991,36.75
Southern Africa (FAO),,1992,34.74
Southern Africa (FAO),,1993,36.9
Southern Africa (FAO),,1994,32.46
Southern Africa (FAO),,1995,31.96
Southern Africa (FAO),,1996,37.59
Southern Africa (FAO),,1997,36.72
Southern Africa (FAO),,1998,33.74
Southern Africa (FAO),,1999,40.53
Southern Africa (FAO),,2000,43.39
Southern Africa (FAO),,2001,42.61
Southern Africa (FAO),,2002,42.87
Southern Africa (FAO),,2003,40.44
Southern Africa (FAO),,2004,37.84
Southern Africa (FAO),,2005,36.63
Southern Africa (FAO),,2006,37.5
Southern Africa (FAO),,2007,34.44
Southern Africa (FAO),,2008,36.63
Southern Africa (FAO),,2009,33.25
Southern Africa (FAO),,2010,31.16
Southern Africa (FAO),,2011,35.23
Southern Africa (FAO),,2012,33.08
Southern Africa (FAO),,2013,31.94
Southern Africa (FAO),,2014,33.78
Southern Africa (FAO),,2015,30.78
Southern Africa (FAO),,2016,25.62
Southern Africa (FAO),,2017,26.29
Southern Africa (FAO),,2018,28.03
Southern Africa (FAO),,2019,29.19
Southern Africa (FAO),,2020,21.85
Southern Africa (FAO),,2021,38.27
Southern Africa (FAO),,2022,36.17
Southern Africa (FAO),,2023,28.42
Southern Asia (FAO),,1961,25.68
Southern Asia (FAO),,1962,25.82
Southern Asia (FAO),,1963,25.62
Southern Asia (FAO),,1964,26.14
Southern Asia (FAO),,1965,26.99
Southern Asia (FAO),,1966,27.3
Southern Asia (FAO),,1967,27.87
Southern Asia (FAO),,1968,27.5
Southern Asia (FAO),,1969,26.74
Southern Asia (FAO),,1970,25.94
Southern Asia (FAO),,1971,26.23
Southern Asia (FAO),,1972,25.9
Southern Asia (FAO),,1973,25.93
Southern Asia (FAO),,1974,26.42
Southern Asia (FAO),,1975,26.4
Southern Asia (FAO),,1976,26.96
Southern Asia (FAO),,1977,26.29
Southern Asia (FAO),,1978,26.51
Southern Asia (FAO),,1979,27.28
Southern Asia (FAO),,1980,27.82
Southern Asia (FAO),,1981,27.96
Southern Asia (FAO),,1982,28.17
Southern Asia (FAO),,1983,28.88
Southern Asia (FAO),,1984,30.54
Southern Asia (FAO),,1985,30.34
Southern Asia (FAO),,1986,32.16
Southern Asia (FAO),,1987,31.03
Southern Asia (FAO),,1988,28.97
Southern Asia (FAO),,1989,29.67
Southern Asia (FAO),,1990,30.81
Southern Asia (FAO),,1991,31
Southern Asia (FAO),,1992,32.82
Southern Asia (FAO),,1993,35.86
Southern Asia (FAO),,1994,37.56
Southern Asia (FAO),,1995,36.73
Southern Asia (FAO),,1996,37.93
Southern Asia (FAO),,1997,39.31
Southern Asia (FAO),,1998,40.73
Southern Asia (FAO),,1999,40.4
Southern Asia (FAO),,2000,38.4
Southern Asia (FAO),,2001,38.9
Southern Asia (FAO),,2002,37.48
Southern Asia (FAO),,2003,38.75
Southern Asia (FAO),,2004,39.84
Southern Asia (FAO),,2005,42.72
Southern Asia (FAO),,2006,45
Southern Asia (FAO),,2007,46.88
Southern Asia (FAO),,2008,50.45
Southern Asia (FAO),,2009,49.21
Southern Asia (FAO),,2010,51.26
Southern Asia (FAO),,2011,50.12
Southern Asia (FAO),,2012,51.03
Southern Asia (FAO),,2013,53.98
Southern Asia (FAO),,2014,55.52
Southern Asia (FAO),,2015,55.21
Southern Asia (FAO),,2016,54.09
Southern Asia (FAO),,2017,56.66
Southern Asia (FAO),,2018,57.71
Southern Asia (FAO),,2019,58.72
Southern Asia (FAO),,2020,59.34
Southern Asia (FAO),,2021,58.91
Southern Asia (FAO),,2022,58.6
Southern Asia (FAO),,2023,59.23
Southern Europe (FAO),,1961,80.3
Southern Europe (FAO),,1962,76.26
Southern Europe (FAO),,1963,85.68
Southern Europe (FAO),,1964,88.54
Southern Europe (FAO),,1965,84.98
Southern Europe (FAO),,1966,91.48
Southern Europe (FAO),,1967,90.77
Southern Europe (FAO),,1968,94.3
Southern Europe (FAO),,1969,97.42
Southern Europe (FAO),,1970,96.45
Southern Europe (FAO),,1971,95.5
Southern Europe (FAO),,1972,95.54
Southern Europe (FAO),,1973,99.82
Southern Europe (FAO),,1974,97.13
Southern Europe (FAO),,1975,92.99
Southern Europe (FAO),,1976,96.53
Southern Europe (FAO),,1977,85.47
Southern Europe (FAO),,1978,89.83
Southern Europe (FAO),,1979,89.8
Southern Europe (FAO),,1980,93.89
Southern Europe (FAO),,1981,94.4
Southern Europe (FAO),,1982,97.34
Southern Europe (FAO),,1983,100.08
Southern Europe (FAO),,1984,95.57
Southern Europe (FAO),,1985,94.96
Southern Europe (FAO),,1986,97.33
Southern Europe (FAO),,1987,102.57
Southern Europe (FAO),,1988,106.28
Southern Europe (FAO),,1989,112.66
Southern Europe (FAO),,1990,113.67
Southern Europe (FAO),,1991,107.58
Southern Europe (FAO),,1992,123.65
Southern Europe (FAO),,1993,118.63
Southern Europe (FAO),,1994,112.42
Southern Europe (FAO),,1995,102.26
Southern Europe (FAO),,1996,113.12
Southern Europe (FAO),,1997,111.26
Southern Europe (FAO),,1998,108.94
Southern Europe (FAO),,1999,121.35
Southern Europe (FAO),,2000,121.72
Southern Europe (FAO),,2001,118.68
Southern Europe (FAO),,2002,124.21
Southern Europe (FAO),,2003,119.52
Southern Europe (FAO),,2004,129.87
Southern Europe (FAO),,2005,125.38
Southern Europe (FAO),,2006,131.44
Southern Europe (FAO),,2007,127.01
Southern Europe (FAO),,2008,127.3
Southern Europe (FAO),,2009,129.93
Southern Europe (FAO),,2010,127.08
Southern Europe (FAO),,2011,125.09
Southern Europe (FAO),,2012,112.88
Southern Europe (FAO),,2013,123.38
Southern Europe (FAO),,2014,112.6
Southern Europe (FAO),,2015,110.79
Southern Europe (FAO),,2016,119.21
Southern Europe (FAO),,2017,118.55
Southern Europe (FAO),,2018,125.48
Southern Europe (FAO),,2019,119.88
Southern Europe (FAO),,2020,128.91
Southern Europe (FAO),,2021,126.63
Southern Europe (FAO),,2022,127.42
Southern Europe (FAO),,2023,123.18
Spain,ESP,1961,52.35376
Spain,ESP,1962,46.901157
Spain,ESP,1963,61.580685
Spain,ESP,1964,62.27766
Spain,ESP,1965,59.646187
Spain,ESP,1966,63.68686
Spain,ESP,1967,58.849648
Spain,ESP,1968,64.369484
Spain,ESP,1969,69.074455
Spain,ESP,1970,65.96736
Spain,ESP,1971,73.88498
Spain,ESP,1972,84.169304
Spain,ESP,1973,92.73495
Spain,ESP,1974,89.645096
Spain,ESP,1975,83.40751
Spain,ESP,1976,80.21393
Spain,ESP,1977,75.16648
Spain,ESP,1978,89.265945
Spain,ESP,1979,93.521065
Spain,ESP,1980,90.01302
Spain,ESP,1981,92.35883
Spain,ESP,1982,94.585396
Spain,ESP,1983,97.07847
Spain,ESP,1984,87.72777
Spain,ESP,1985,97.881
Spain,ESP,1986,94.50351
Spain,ESP,1987,108.09561
Spain,ESP,1988,108.12756
Spain,ESP,1989,122.01342
Spain,ESP,1990,115.36076
Spain,ESP,1991,112.38039
Spain,ESP,1992,128.87762
Spain,ESP,1993,117.03259
Spain,ESP,1994,107.06108
Spain,ESP,1995,89.44659
Spain,ESP,1996,100.74567
Spain,ESP,1997,113.74541
Spain,ESP,1998,100.19205
Spain,ESP,1999,112.30993
Spain,ESP,2000,105.44149
Spain,ESP,2001,109.69496
Spain,ESP,2002,118.51848
Spain,ESP,2003,105.34015
Spain,ESP,2004,93.96592
Spain,ESP,2005,98.92606
Spain,ESP,2006,106.03697
Spain,ESP,2007,84.82102
Spain,ESP,2008,95.31011
Spain,ESP,2009,75.142815
Spain,ESP,2010,90.66
Spain,ESP,2011,85.94
Spain,ESP,2012,79.06999
Spain,ESP,2013,86.479996
Spain,ESP,2014,96.560005
Spain,ESP,2015,79.180016
Spain,ESP,2016,112.01
Spain,ESP,2017,109.87002
Spain,ESP,2018,119.50001
Spain,ESP,2019,102.25
Spain,ESP,2020,113.40002
Spain,ESP,2021,114.58997
Spain,ESP,2022,93.319984
Spain,ESP,2023,113.82999
Sri Lanka,LKA,1961,39.286858
Sri Lanka,LKA,1962,39.053635
Sri Lanka,LKA,1963,40.795216
Sri Lanka,LKA,1964,42.568268
Sri Lanka,LKA,1965,44.853107
Sri Lanka,LKA,1966,46.772022
Sri Lanka,LKA,1967,54.828392
Sri Lanka,LKA,1968,41.613846
Sri Lanka,LKA,1969,39.632603
Sri Lanka,LKA,1970,38.825382
Sri Lanka,LKA,1971,43.34336
Sri Lanka,LKA,1972,41.573296
Sri Lanka,LKA,1973,42.63153
Sri Lanka,LKA,1974,50.257008
Sri Lanka,LKA,1975,68.24207
Sri Lanka,LKA,1976,71.823204
Sri Lanka,LKA,1977,64.98371
Sri Lanka,LKA,1978,64.068184
Sri Lanka,LKA,1979,104.38704
Sri Lanka,LKA,1980,122.99383
Sri Lanka,LKA,1981,84.3422
Sri Lanka,LKA,1982,65.58897
Sri Lanka,LKA,1983,76.95576
Sri Lanka,LKA,1984,57.87321
Sri Lanka,LKA,1985,43.21546
Sri Lanka,LKA,1986,50.982784
Sri Lanka,LKA,1987,43.81229
Sri Lanka,LKA,1988,42.21961
Sri Lanka,LKA,1989,44.94276
Sri Lanka,LKA,1990,39.367767
Sri Lanka,LKA,1991,36.395493
Sri Lanka,LKA,1992,37.353153
Sri Lanka,LKA,1993,40.650307
Sri Lanka,LKA,1994,42.055103
Sri Lanka,LKA,1995,42.540966
Sri Lanka,LKA,1996,41.97809
Sri Lanka,LKA,1997,37.548935
Sri Lanka,LKA,1998,40.736126
Sri Lanka,LKA,1999,39.36416
Sri Lanka,LKA,2000,38.623787
Sri Lanka,LKA,2001,42.181717
Sri Lanka,LKA,2002,34.10541
Sri Lanka,LKA,2003,32.86252
Sri Lanka,LKA,2004,33.398434
Sri Lanka,LKA,2005,33.8791
Sri Lanka,LKA,2006,30.940565
Sri Lanka,LKA,2007,31.593477
Sri Lanka,LKA,2008,32.508064
Sri Lanka,LKA,2009,31.781755
Sri Lanka,LKA,2010,36.029995
Sri Lanka,LKA,2011,37.79999
Sri Lanka,LKA,2012,37.71
Sri Lanka,LKA,2013,35.99
Sri Lanka,LKA,2014,36.52001
Sri Lanka,LKA,2015,35.91999
Sri Lanka,LKA,2016,33.580013
Sri Lanka,LKA,2017,36.949993
Sri Lanka,LKA,2018,40.730007
Sri Lanka,LKA,2019,33.75
Sri Lanka,LKA,2020,52.920006
Sri Lanka,LKA,2021,45.789986
Sri Lanka,LKA,2022,44.23001
Sri Lanka,LKA,2023,43.030006
Sudan,SDN,2012,65.00002
Sudan,SDN,2013,64.38842
Sudan,SDN,2014,67.0138
Sudan,SDN,2015,77.1064
Sudan,SDN,2016,67.76976
Sudan,SDN,2017,62.91356
Sudan,SDN,2018,61.63514
Sudan,SDN,2019,60.43243
Sudan,SDN,2020,60.331394
Sudan,SDN,2021,60.21208
Sudan,SDN,2022,59.827473
Sudan (former),OWID_SDN,1961,37.802757
Sudan (former),OWID_SDN,1962,37.594097
Sudan (former),OWID_SDN,1963,37.098312
Sudan (former),OWID_SDN,1964,37.5937
Sudan (former),OWID_SDN,1965,36.484722
Sudan (former),OWID_SDN,1966,36.249084
Sudan (former),OWID_SDN,1967,36.00981
Sudan (former),OWID_SDN,1968,35.04332
Sudan (former),OWID_SDN,1969,34.50276
Sudan (former),OWID_SDN,1970,34.223392
Sudan (former),OWID_SDN,1971,35.375717
Sudan (former),OWID_SDN,1972,34.664772
Sudan (former),OWID_SDN,1973,36.10233
Sudan (former),OWID_SDN,1974,35.24943
Sudan (former),OWID_SDN,1975,33.715553
Sudan (former),OWID_SDN,1976,32.389668
Sudan (former),OWID_SDN,1977,31.608501
Sudan (former),OWID_SDN,1978,30.46822
Sudan (former),OWID_SDN,1979,30.554075
Sudan (former),OWID_SDN,1980,30.653418
Sudan (former),OWID_SDN,1981,29.509787
Sudan (former),OWID_SDN,1982,28.812826
Sudan (former),OWID_SDN,1983,28.308916
Sudan (former),OWID_SDN,1984,26.583456
Sudan (former),OWID_SDN,1985,27.482506
Sudan (former),OWID_SDN,1986,27.608332
Sudan (former),OWID_SDN,1987,27.46592
Sudan (former),OWID_SDN,1988,26.857996
Sudan (former),OWID_SDN,1989,26.317652
Sudan (former),OWID_SDN,1990,21.603813
Sudan (former),OWID_SDN,1991,26.69516
Sudan (former),OWID_SDN,1992,26.257229
Sudan (former),OWID_SDN,1993,24.615885
Sudan (former),OWID_SDN,1994,25.417992
Sudan (former),OWID_SDN,1995,25.959301
Sudan (former),OWID_SDN,1996,27.199476
Sudan (former),OWID_SDN,1997,27.336128
Sudan (former),OWID_SDN,1998,28.339146
Sudan (former),OWID_SDN,1999,29.725788
Sudan (former),OWID_SDN,2000,32.522465
Sudan (former),OWID_SDN,2001,33.971622
Sudan (former),OWID_SDN,2002,37.879913
Sudan (former),OWID_SDN,2003,46.19313
Sudan (former),OWID_SDN,2004,53.165024
Sudan (former),OWID_SDN,2005,54.71947
Sudan (former),OWID_SDN,2006,59.493343
Sudan (former),OWID_SDN,2007,52.07533
Sudan (former),OWID_SDN,2008,51.952175
Sudan (former),OWID_SDN,2009,53.66386
Sudan (former),OWID_SDN,2010,53.85129
Sudan (former),OWID_SDN,2011,54.6875
Suriname,SUR,1961,24.130926
Suriname,SUR,1962,42.28972
Suriname,SUR,1963,53.97722
Suriname,SUR,1964,39.935253
Suriname,SUR,1965,38.593796
Suriname,SUR,1966,44.049274
Suriname,SUR,1967,51.970867
Suriname,SUR,1968,51.286247
Suriname,SUR,1969,51.23091
Suriname,SUR,1970,46.41042
Suriname,SUR,1971,40.70735
Suriname,SUR,1972,39.672665
Suriname,SUR,1973,51.193604
Suriname,SUR,1974,43.944168
Suriname,SUR,1975,39.611946
Suriname,SUR,1976,39.796726
Suriname,SUR,1977,36.293118
Suriname,SUR,1978,21.848854
Suriname,SUR,1979,35.397385
Suriname,SUR,1980,37.49766
Suriname,SUR,1981,42.762844
Suriname,SUR,1982,34.516552
Suriname,SUR,1983,38.449474
Suriname,SUR,1984,41.891148
Suriname,SUR,1985,42.887367
Suriname,SUR,1986,38.38705
Suriname,SUR,1987,59.650814
Suriname,SUR,1988,61.72028
Suriname,SUR,1989,69.24329
Suriname,SUR,1990,69.65867
Suriname,SUR,1991,89.94984
Suriname,SUR,1992,83.56883
Suriname,SUR,1993,99.1558
Suriname,SUR,1994,100.97897
Suriname,SUR,1995,97.10291
Suriname,SUR,1996,79.21743
Suriname,SUR,1997,77.918175
Suriname,SUR,1998,74.92673
Suriname,SUR,1999,73.73989
Suriname,SUR,2000,66.80988
Suriname,SUR,2001,68.43717
Suriname,SUR,2002,57.031693
Suriname,SUR,2003,58.641445
Suriname,SUR,2004,73.26968
Suriname,SUR,2005,73.87531
Suriname,SUR,2006,71.74806
Suriname,SUR,2007,82.441154
Suriname,SUR,2008,78.335304
Suriname,SUR,2009,83.56084
Suriname,SUR,2010,88.46823
Suriname,SUR,2011,82.05867
Suriname,SUR,2012,76.45864
Suriname,SUR,2013,88.579384
Suriname,SUR,2014,89.45844
Suriname,SUR,2015,85.799416
Suriname,SUR,2016,80.619316
Suriname,SUR,2017,97.40836
Suriname,SUR,2018,91.08863
Suriname,SUR,2019,85.188736
Suriname,SUR,2020,87.68
Suriname,SUR,2021,72.43942
Suriname,SUR,2022,65.83872
Suriname,SUR,2023,62.9798
Sweden,SWE,1961,61.006767
Sweden,SWE,1962,73.1799
Sweden,SWE,1963,68.51371
Sweden,SWE,1964,77.309456
Sweden,SWE,1965,72.45477
Sweden,SWE,1966,70.385704
Sweden,SWE,1967,76.614746
Sweden,SWE,1968,81.35499
Sweden,SWE,1969,76.53743
Sweden,SWE,1970,86.68696
Sweden,SWE,1971,84.04581
Sweden,SWE,1972,83.305626
Sweden,SWE,1973,83.540596
Sweden,SWE,1974,82.5245
Sweden,SWE,1975,85.803764
Sweden,SWE,1976,91.352295
Sweden,SWE,1977,87.19974
Sweden,SWE,1978,80.50309
Sweden,SWE,1979,87.47319
Sweden,SWE,1980,80.67514
Sweden,SWE,1981,84.42533
Sweden,SWE,1982,78.79937
Sweden,SWE,1983,77.21297
Sweden,SWE,1984,76.71715
Sweden,SWE,1985,75.49679
Sweden,SWE,1986,78.8583
Sweden,SWE,1987,83.20167
Sweden,SWE,1988,88.5361
Sweden,SWE,1989,94.92708
Sweden,SWE,1990,96.84485
Sweden,SWE,1991,88.35046
Sweden,SWE,1992,88.94684
Sweden,SWE,1993,87.22927
Sweden,SWE,1994,91.782005
Sweden,SWE,1995,82.16654
Sweden,SWE,1996,82.89121
Sweden,SWE,1997,92.590836
Sweden,SWE,1998,92.42842
Sweden,SWE,1999,98.60018
Sweden,SWE,2000,98.658905
Sweden,SWE,2001,101.16874
Sweden,SWE,2002,108.71864
Sweden,SWE,2003,114.828964
Sweden,SWE,2004,113.77778
Sweden,SWE,2005,109.67278
Sweden,SWE,2006,111.74521
Sweden,SWE,2007,117.49752
Sweden,SWE,2008,134.31958
Sweden,SWE,2009,117.79249
Sweden,SWE,2010,123.359955
Sweden,SWE,2011,122.14996
Sweden,SWE,2012,121.03017
Sweden,SWE,2013,127.29
Sweden,SWE,2014,123.44989
Sweden,SWE,2015,120.03997
Sweden,SWE,2016,119.56999
Sweden,SWE,2017,105.82996
Sweden,SWE,2018,103.82001
Sweden,SWE,2019,100.020096
Sweden,SWE,2020,97.30008
Sweden,SWE,2021,95.299965
Sweden,SWE,2022,95.420044
Sweden,SWE,2023,86.96998
Switzerland,CHE,1961,137.21365
Switzerland,CHE,1962,168.44586
Switzerland,CHE,1963,141.00835
Switzerland,CHE,1964,143.43399
Switzerland,CHE,1965,159.50731
Switzerland,CHE,1966,153.83481
Switzerland,CHE,1967,212.07945
Switzerland,CHE,1968,143.82317
Switzerland,CHE,1969,190.7539
Switzerland,CHE,1970,143.01361
Switzerland,CHE,1971,151.02545
Switzerland,CHE,1972,118.21807
Switzerland,CHE,1973,148.68463
Switzerland,CHE,1974,129.60222
Switzerland,CHE,1975,148.69707
Switzerland,CHE,1976,130.52716
Switzerland,CHE,1977,133.2532
Switzerland,CHE,1978,140.31679
Switzerland,CHE,1979,154.24034
Switzerland,CHE,1980,143.70872
Switzerland,CHE,1981,124.450195
Switzerland,CHE,1982,145.46452
Switzerland,CHE,1983,127.62327
Switzerland,CHE,1984,130.55243
Switzerland,CHE,1985,125.768585
Switzerland,CHE,1986,130.40405
Switzerland,CHE,1987,125.26669
Switzerland,CHE,1988,134.55605
Switzerland,CHE,1989,128.63106
Switzerland,CHE,1990,127.05435
Switzerland,CHE,1991,116.25781
Switzerland,CHE,1992,123.39446
Switzerland,CHE,1993,118.45296
Switzerland,CHE,1994,115.77121
Switzerland,CHE,1995,115.60316
Switzerland,CHE,1996,121.23591
Switzerland,CHE,1997,112.17328
Switzerland,CHE,1998,116.47068
Switzerland,CHE,1999,94.96527
Switzerland,CHE,2000,89.58494
Switzerland,CHE,2001,87.54132
Switzerland,CHE,2002,87.15778
Switzerland,CHE,2003,79.694
Switzerland,CHE,2004,75.95467
Switzerland,CHE,2005,71.70909
Switzerland,CHE,2006,74.33464
Switzerland,CHE,2007,79.62645
Switzerland,CHE,2008,86.62757
Switzerland,CHE,2009,95.80627
Switzerland,CHE,2010,96.46
Switzerland,CHE,2011,99.37988
Switzerland,CHE,2012,102.82004
Switzerland,CHE,2013,97.960014
Switzerland,CHE,2014,97.09002
Switzerland,CHE,2015,102.97987
Switzerland,CHE,2016,101.14997
Switzerland,CHE,2017,105.3
Switzerland,CHE,2018,103.04999
Switzerland,CHE,2019,99.24994
Switzerland,CHE,2020,109.17998
Switzerland,CHE,2021,107.76001
Switzerland,CHE,2022,100.06
Switzerland,CHE,2023,96.33995
Syria,SYR,2010,67.560005
Syria,SYR,2011,82.04999
Syria,SYR,2012,72.33999
Syria,SYR,2013,79.42999
Syria,SYR,2014,82.3
Syria,SYR,2015,89.10001
Syria,SYR,2016,92.24998
Syria,SYR,2017,100.08999
Syria,SYR,2018,108.6
Syria,SYR,2019,98.57997
Syria,SYR,2020,78.30999
Syria,SYR,2021,86.93001
Syria,SYR,2022,83.47
Syria,SYR,2023,80.73998
Taiwan,TWN,1961,19.56458
Taiwan,TWN,1962,24.034506
Taiwan,TWN,1963,20.823486
Taiwan,TWN,1964,25.27598
Taiwan,TWN,1965,27.555769
Taiwan,TWN,1966,32.586628
Taiwan,TWN,1967,45.693195
Taiwan,TWN,1968,51.22177
Taiwan,TWN,1969,42.377003
Taiwan,TWN,1970,48.622517
Taiwan,TWN,1971,43.018612
Taiwan,TWN,1972,44.131214
Taiwan,TWN,1973,53.15593
Taiwan,TWN,1974,62.651382
Taiwan,TWN,1975,53.10784
Taiwan,TWN,1976,58.45572
Taiwan,TWN,1977,53.624313
Taiwan,TWN,1978,51.66732
Taiwan,TWN,1979,58.473965
Taiwan,TWN,1980,64.705376
Taiwan,TWN,1981,70.5476
Taiwan,TWN,1982,66.33815
Taiwan,TWN,1983,67.971634
Taiwan,TWN,1984,71.17698
Taiwan,TWN,1985,78.10561
Taiwan,TWN,1986,75.048225
Taiwan,TWN,1987,91.92579
Taiwan,TWN,1988,103.49369
Taiwan,TWN,1989,109.68399
Taiwan,TWN,1990,106.34251
Taiwan,TWN,1991,108.144936
Taiwan,TWN,1992,103.619514
Taiwan,TWN,1993,116.75682
Taiwan,TWN,1994,113.962425
Taiwan,TWN,1995,114.864975
Taiwan,TWN,1996,112.696945
Taiwan,TWN,1997,122.04229
Taiwan,TWN,1998,109.815704
Taiwan,TWN,1999,124.11343
Taiwan,TWN,2000,111.50739
Taiwan,TWN,2001,117.7407
Taiwan,TWN,2002,124.41696
Taiwan,TWN,2003,126.46548
Taiwan,TWN,2004,122.304825
Taiwan,TWN,2005,111.46462
Taiwan,TWN,2006,120.994576
Taiwan,TWN,2007,116.34498
Taiwan,TWN,2008,112.85608
Taiwan,TWN,2009,107.45726
Taiwan,TWN,2010,104.810005
Taiwan,TWN,2011,107.93001
Taiwan,TWN,2012,103.94999
Taiwan,TWN,2013,100.1
Taiwan,TWN,2014,105.65004
Taiwan,TWN,2015,99.63995
Taiwan,TWN,2016,94.25
Taiwan,TWN,2017,105.45
Taiwan,TWN,2018,95.86001
Taiwan,TWN,2019,90.22002
Taiwan,TWN,2020,96.44
Taiwan,TWN,2021,92.88
Taiwan,TWN,2022,91.90001
Taiwan,TWN,2023,94.38002
Tajikistan,TJK,1992,26.904282
Tajikistan,TJK,1993,27.628767
Tajikistan,TJK,1994,24.367146
Tajikistan,TJK,1995,27.47809
Tajikistan,TJK,1996,30.747234
Tajikistan,TJK,1997,30.362701
Tajikistan,TJK,1998,12.656072
Tajikistan,TJK,1999,13.155298
Tajikistan,TJK,2000,19.666101
Tajikistan,TJK,2001,16.97057
Tajikistan,TJK,2002,12.059573
Tajikistan,TJK,2003,4.952486
Tajikistan,TJK,2004,16.820562
Tajikistan,TJK,2005,15.470142
Tajikistan,TJK,2006,18.743587
Tajikistan,TJK,2007,17.71207
Tajikistan,TJK,2008,22.23621
Tajikistan,TJK,2009,22.399961
Tajikistan,TJK,2010,24.899986
Tajikistan,TJK,2011,29.640007
Tajikistan,TJK,2012,31.999973
Tajikistan,TJK,2013,32.879948
Tajikistan,TJK,2014,35.489964
Tajikistan,TJK,2015,34.590004
Tajikistan,TJK,2016,34.050026
Tajikistan,TJK,2017,35.21003
Tajikistan,TJK,2018,36.239944
Tajikistan,TJK,2019,37.96
Tajikistan,TJK,2020,38.33999
Tajikistan,TJK,2021,35.50999
Tajikistan,TJK,2022,38.92997
Tajikistan,TJK,2023,29.709978
Tanzania,TZA,1961,52.85319
Tanzania,TZA,1962,51.557
Tanzania,TZA,1963,54.089893
Tanzania,TZA,1964,55.595387
Tanzania,TZA,1965,54.79561
Tanzania,TZA,1966,64.17234
Tanzania,TZA,1967,49.873734
Tanzania,TZA,1968,44.046997
Tanzania,TZA,1969,51.766125
Tanzania,TZA,1970,61.648987
Tanzania,TZA,1971,48.664833
Tanzania,TZA,1972,44.568935
Tanzania,TZA,1973,43.08208
Tanzania,TZA,1974,45.08759
Tanzania,TZA,1975,44.909267
Tanzania,TZA,1976,54.906933
Tanzania,TZA,1977,54.35693
Tanzania,TZA,1978,51.857704
Tanzania,TZA,1979,50.491756
Tanzania,TZA,1980,49.839092
Tanzania,TZA,1981,49.177853
Tanzania,TZA,1982,48.03167
Tanzania,TZA,1983,47.144356
Tanzania,TZA,1984,46.12435
Tanzania,TZA,1985,44.929924
Tanzania,TZA,1986,44.1185
Tanzania,TZA,1987,43.536694
Tanzania,TZA,1988,43.006504
Tanzania,TZA,1989,40.165226
Tanzania,TZA,1990,41.765392
Tanzania,TZA,1991,38.944286
Tanzania,TZA,1992,38.834038
Tanzania,TZA,1993,37.982998
Tanzania,TZA,1994,35.116524
Tanzania,TZA,1995,30.52202
Tanzania,TZA,1996,31.649555
Tanzania,TZA,1997,40.880234
Tanzania,TZA,1998,49.24542
Tanzania,TZA,1999,44.911194
Tanzania,TZA,2000,42.650204
Tanzania,TZA,2001,45.821724
Tanzania,TZA,2002,78.32033
Tanzania,TZA,2003,59.141415
Tanzania,TZA,2004,72.924446
Tanzania,TZA,2005,75.86032
Tanzania,TZA,2006,90.5797
Tanzania,TZA,2007,79.41069
Tanzania,TZA,2008,78.91618
Tanzania,TZA,2009,76.960625
Tanzania,TZA,2010,83.73999
Tanzania,TZA,2011,83.12
Tanzania,TZA,2012,71.07
Tanzania,TZA,2013,75.01999
Tanzania,TZA,2014,80.36001
Tanzania,TZA,2015,81.21001
Tanzania,TZA,2016,75.49
Tanzania,TZA,2017,66.2
Tanzania,TZA,2018,74.850006
Tanzania,TZA,2019,72.94
Tanzania,TZA,2020,72.19
Tanzania,TZA,2021,68.41
Tanzania,TZA,2022,68.08
Tanzania,TZA,2023,67.18
Thailand,THA,1961,69.9411
Thailand,THA,1962,64.92121
Thailand,THA,1963,66.72606
Thailand,THA,1964,62.18694
Thailand,THA,1965,74.34786
Thailand,THA,1966,76.86639
Thailand,THA,1967,73.175064
Thailand,THA,1968,69.34169
Thailand,THA,1969,68.52061
Thailand,THA,1970,67.43054
Thailand,THA,1971,67.8768
Thailand,THA,1972,65.87587
Thailand,THA,1973,71.9451
Thailand,THA,1974,75.508545
Thailand,THA,1975,93.06229
Thailand,THA,1976,113.17536
Thailand,THA,1977,110.812775
Thailand,THA,1978,109.43106
Thailand,THA,1979,122.6498
Thailand,THA,1980,127.35145
Thailand,THA,1981,106.54585
Thailand,THA,1982,94.772415
Thailand,THA,1983,91.36202
Thailand,THA,1984,89.99189
Thailand,THA,1985,97.68662
Thailand,THA,1986,96.917366
Thailand,THA,1987,91.38789
Thailand,THA,1988,90.34722
Thailand,THA,1989,95.358604
Thailand,THA,1990,86.46899
Thailand,THA,1991,88.12333
Thailand,THA,1992,90.292885
Thailand,THA,1993,98.88698
Thailand,THA,1994,96.77077
Thailand,THA,1995,93.069756
Thailand,THA,1996,90.177895
Thailand,THA,1997,93.0699
Thailand,THA,1998,91.014015
Thailand,THA,1999,110.794525
Thailand,THA,2000,128.82622
Thailand,THA,2001,124.045044
Thailand,THA,2002,129.10208
Thailand,THA,2003,122.51774
Thailand,THA,2004,110.748856
Thailand,THA,2005,115.39312
Thailand,THA,2006,121.87529
Thailand,THA,2007,132.51366
Thailand,THA,2008,110.7099
Thailand,THA,2009,104.327225
Thailand,THA,2010,78.85001
Thailand,THA,2011,74.62
Thailand,THA,2012,77.62002
Thailand,THA,2013,75.2
Thailand,THA,2014,81.08001
Thailand,THA,2015,76.020004
Thailand,THA,2016,80.26001
Thailand,THA,2017,74.700005
Thailand,THA,2018,66.26
Thailand,THA,2019,65.80001
Thailand,THA,2020,75.659996
Thailand,THA,2021,70.409996
Thailand,THA,2022,72.83001
Thailand,THA,2023,71.67999
Togo,TGO,1961,12.57593
Togo,TGO,1962,12.453831
Togo,TGO,1963,12.288126
Togo,TGO,1964,12.155071
Togo,TGO,1965,11.991761
Togo,TGO,1966,12.906191
Togo,TGO,1967,12.975907
Togo,TGO,1968,13.019668
Togo,TGO,1969,12.886699
Togo,TGO,1970,12.708916
Togo,TGO,1971,12.614789
Togo,TGO,1972,12.618723
Togo,TGO,1973,12.61266
Togo,TGO,1974,12.76391
Togo,TGO,1975,12.6379175
Togo,TGO,1976,12.674038
Togo,TGO,1977,12.721808
Togo,TGO,1978,12.556334
Togo,TGO,1979,12.658251
Togo,TGO,1980,13.315448
Togo,TGO,1981,13.27171
Togo,TGO,1982,13.031447
Togo,TGO,1983,13.059441
Togo,TGO,1984,12.203131
Togo,TGO,1985,12.504707
Togo,TGO,1986,12.460616
Togo,TGO,1987,12.56269
Togo,TGO,1988,12.238201
Togo,TGO,1989,11.861354
Togo,TGO,1990,10.872329
Togo,TGO,1991,11.839032
Togo,TGO,1992,11.592488
Togo,TGO,1993,11.706425
Togo,TGO,1994,11.833475
Togo,TGO,1995,11.2143
Togo,TGO,1996,11.238105
Togo,TGO,1997,11.334078
Togo,TGO,1998,12.121965
Togo,TGO,1999,12.579648
Togo,TGO,2000,11.827602
Togo,TGO,2001,11.94016
Togo,TGO,2002,11.51775
Togo,TGO,2003,11.846265
Togo,TGO,2004,11.610975
Togo,TGO,2005,8.719654
Togo,TGO,2006,9.412591
Togo,TGO,2007,9.125376
Togo,TGO,2008,8.381199
Togo,TGO,2009,8.8488035
Togo,TGO,2010,8.965688
Togo,TGO,2011,9.260429
Togo,TGO,2012,9.754337
Togo,TGO,2013,9.741361
Togo,TGO,2014,9.171345
Togo,TGO,2015,9.16254
Togo,TGO,2016,9.107378
Togo,TGO,2017,8.941693
Togo,TGO,2018,9.084364
Togo,TGO,2019,8.567716
Togo,TGO,2020,8.5097275
Togo,TGO,2021,7.832016
Togo,TGO,2022,7.6767693
Tonga,TON,2019,81.27615
Tonga,TON,2020,88.49242
Tonga,TON,2021,88.98819
Tonga,TON,2022,97.55793
Tonga,TON,2023,97.11793
Trinidad and Tobago,TTO,1961,37.079216
Trinidad and Tobago,TTO,1962,41.060436
Trinidad and Tobago,TTO,1963,41.80156
Trinidad and Tobago,TTO,1964,52.47056
Trinidad and Tobago,TTO,1965,57.071644
Trinidad and Tobago,TTO,1966,59.25211
Trinidad and Tobago,TTO,1967,63.38706
Trinidad and Tobago,TTO,1968,64.516266
Trinidad and Tobago,TTO,1969,68.13728
Trinidad and Tobago,TTO,1970,66.2929
Trinidad and Tobago,TTO,1971,65.98443
Trinidad and Tobago,TTO,1972,67.03289
Trinidad and Tobago,TTO,1973,67.681305
Trinidad and Tobago,TTO,1974,61.37563
Trinidad and Tobago,TTO,1975,63.91518
Trinidad and Tobago,TTO,1976,63.668316
Trinidad and Tobago,TTO,1977,78.29189
Trinidad and Tobago,TTO,1978,75.78747
Trinidad and Tobago,TTO,1979,105.2157
Trinidad and Tobago,TTO,1980,108.74664
Trinidad and Tobago,TTO,1981,90.687485
Trinidad and Tobago,TTO,1982,100.163574
Trinidad and Tobago,TTO,1983,104.5236
Trinidad and Tobago,TTO,1984,92.74728
Trinidad and Tobago,TTO,1985,90.79079
Trinidad and Tobago,TTO,1986,62.795307
Trinidad and Tobago,TTO,1987,76.18405
Trinidad and Tobago,TTO,1988,67.58386
Trinidad and Tobago,TTO,1989,52.642918
Trinidad and Tobago,TTO,1990,55.771015
Trinidad and Tobago,TTO,1991,81.32278
Trinidad and Tobago,TTO,1992,73.25616
Trinidad and Tobago,TTO,1993,74.58322
Trinidad and Tobago,TTO,1994,54.12919
Trinidad and Tobago,TTO,1995,53.575294
Trinidad and Tobago,TTO,1996,57.01404
Trinidad and Tobago,TTO,1997,54.270287
Trinidad and Tobago,TTO,1998,61.982365
Trinidad and Tobago,TTO,1999,61.637802
Trinidad and Tobago,TTO,2000,62.26721
Trinidad and Tobago,TTO,2001,64.551285
Trinidad and Tobago,TTO,2002,65.63579
Trinidad and Tobago,TTO,2003,71.98245
Trinidad and Tobago,TTO,2004,60.013336
Trinidad and Tobago,TTO,2005,70.63261
Trinidad and Tobago,TTO,2006,71.282524
Trinidad and Tobago,TTO,2007,68.83016
Trinidad and Tobago,TTO,2008,68.59631
Trinidad and Tobago,TTO,2009,66.30081
Trinidad and Tobago,TTO,2010,73.01963
Trinidad and Tobago,TTO,2011,112.52919
Trinidad and Tobago,TTO,2012,132.22963
Trinidad and Tobago,TTO,2013,121.23931
Trinidad and Tobago,TTO,2014,83.41971
Trinidad and Tobago,TTO,2015,78.91
Trinidad and Tobago,TTO,2016,80.10995
Trinidad and Tobago,TTO,2017,71.85975
Trinidad and Tobago,TTO,2018,80.81989
Trinidad and Tobago,TTO,2019,74.889595
Trinidad and Tobago,TTO,2020,82.609665
Trinidad and Tobago,TTO,2021,75.760254
Trinidad and Tobago,TTO,2022,75.449844
Trinidad and Tobago,TTO,2023,73.52961
Tunisia,TUN,1961,42.72135
Tunisia,TUN,1962,39.4724
Tunisia,TUN,1963,39.128876
Tunisia,TUN,1964,38.02598
Tunisia,TUN,1965,41.535194
Tunisia,TUN,1966,38.968838
Tunisia,TUN,1967,42.864162
Tunisia,TUN,1968,35.457317
Tunisia,TUN,1969,33.679794
Tunisia,TUN,1970,34.007263
Tunisia,TUN,1971,34.868225
Tunisia,TUN,1972,41.324394
Tunisia,TUN,1973,34.811207
Tunisia,TUN,1974,39.30667
Tunisia,TUN,1975,43.60791
Tunisia,TUN,1976,47.946377
Tunisia,TUN,1977,48.668396
Tunisia,TUN,1978,49.397392
Tunisia,TUN,1979,49.994892
Tunisia,TUN,1980,50.349842
Tunisia,TUN,1981,53.978367
Tunisia,TUN,1982,51.39684
Tunisia,TUN,1983,55.45419
Tunisia,TUN,1984,59.591793
Tunisia,TUN,1985,59.67624
Tunisia,TUN,1986,63.264984
Tunisia,TUN,1987,65.93692
Tunisia,TUN,1988,64.40316
Tunisia,TUN,1989,67.95858
Tunisia,TUN,1990,65.77767
Tunisia,TUN,1991,67.34986
Tunisia,TUN,1992,68.51073
Tunisia,TUN,1993,85.42853
Tunisia,TUN,1994,72.956726
Tunisia,TUN,1995,67.77504
Tunisia,TUN,1996,74.25487
Tunisia,TUN,1997,77.337166
Tunisia,TUN,1998,79.58254
Tunisia,TUN,1999,82.109276
Tunisia,TUN,2000,86.36395
Tunisia,TUN,2001,83.1253
Tunisia,TUN,2002,84.11881
Tunisia,TUN,2003,83.28014
Tunisia,TUN,2004,89.53716
Tunisia,TUN,2005,80.95312
Tunisia,TUN,2006,91.56995
Tunisia,TUN,2007,81.61773
Tunisia,TUN,2008,89.30674
Tunisia,TUN,2009,88.24727
Tunisia,TUN,2010,86.269966
Tunisia,TUN,2011,94.09999
Tunisia,TUN,2012,92.62002
Tunisia,TUN,2013,85.52996
Tunisia,TUN,2014,90.45996
Tunisia,TUN,2015,96.57992
Tunisia,TUN,2016,93.36996
Tunisia,TUN,2017,100.49996
Tunisia,TUN,2018,92.58996
Tunisia,TUN,2019,100.97997
Tunisia,TUN,2020,111.94002
Tunisia,TUN,2021,113.359955
Tunisia,TUN,2022,107.18993
Tunisia,TUN,2023,109.37996
Turkey,TUR,1961,126.384315
Turkey,TUR,1962,126.101326
Turkey,TUR,1963,105.96487
Turkey,TUR,1964,108.62737
Turkey,TUR,1965,119.801346
Turkey,TUR,1966,111.72821
Turkey,TUR,1967,131.03874
Turkey,TUR,1968,137.85373
Turkey,TUR,1969,125.443474
Turkey,TUR,1970,136.18025
Turkey,TUR,1971,129.24512
Turkey,TUR,1972,119.29527
Turkey,TUR,1973,114.6296
Turkey,TUR,1974,123.460884
Turkey,TUR,1975,119.50582
Turkey,TUR,1976,114.16824
Turkey,TUR,1977,115.25375
Turkey,TUR,1978,123.440636
Turkey,TUR,1979,129.48674
Turkey,TUR,1980,130.99625
Turkey,TUR,1981,125.84365
Turkey,TUR,1982,129.13278
Turkey,TUR,1983,128.97429
Turkey,TUR,1984,126.719666
Turkey,TUR,1985,118.4841
Turkey,TUR,1986,120.37451
Turkey,TUR,1987,114.81015
Turkey,TUR,1988,119.607315
Turkey,TUR,1989,117.25796
Turkey,TUR,1990,113.91695
Turkey,TUR,1991,118.298225
Turkey,TUR,1992,119.647316
Turkey,TUR,1993,120.29094
Turkey,TUR,1994,111.677444
Turkey,TUR,1995,107.71397
Turkey,TUR,1996,109.48058
Turkey,TUR,1997,109.14473
Turkey,TUR,1998,111.56461
Turkey,TUR,1999,109.61519
Turkey,TUR,2000,112.69285
Turkey,TUR,2001,103.57387
Turkey,TUR,2002,105.065025
Turkey,TUR,2003,113.75302
Turkey,TUR,2004,102.22886
Turkey,TUR,2005,117.761986
Turkey,TUR,2006,111.16093
Turkey,TUR,2007,114.75995
Turkey,TUR,2008,121.520424
Turkey,TUR,2009,125.18938
Turkey,TUR,2010,121.280014
Turkey,TUR,2011,123.62
Turkey,TUR,2012,122.890015
Turkey,TUR,2013,122.89
Turkey,TUR,2014,117.439995
Turkey,TUR,2015,113.83001
Turkey,TUR,2016,122.82001
Turkey,TUR,2017,132.21999
Turkey,TUR,2018,125.520004
Turkey,TUR,2019,121.18
Turkey,TUR,2020,129.15
Turkey,TUR,2021,138.21
Turkey,TUR,2022,140.2
Turkey,TUR,2023,167.77
Turkmenistan,TKM,1992,31.412727
Turkmenistan,TKM,1993,32.867252
Turkmenistan,TKM,1994,23.889492
Turkmenistan,TKM,1995,24.281406
Turkmenistan,TKM,1996,23.44297
Turkmenistan,TKM,1997,25.365719
Turkmenistan,TKM,1998,31.359325
Turkmenistan,TKM,1999,31.078407
Turkmenistan,TKM,2000,40.888046
Turkmenistan,TKM,2001,41.543648
Turkmenistan,TKM,2002,48.406605
Turkmenistan,TKM,2003,53.390347
Turkmenistan,TKM,2004,57.891975
Turkmenistan,TKM,2005,61.555424
Turkmenistan,TKM,2006,62.190582
Turkmenistan,TKM,2007,67.94098
Turkmenistan,TKM,2008,48.968075
Turkmenistan,TKM,2009,50.38733
Turkmenistan,TKM,2010,52.600037
Turkmenistan,TKM,2011,50.86006
Turkmenistan,TKM,2012,49.220016
Turkmenistan,TKM,2013,50.00993
Turkmenistan,TKM,2014,58.08994
Turkmenistan,TKM,2015,54.709972
Turkmenistan,TKM,2016,65.08999
Turkmenistan,TKM,2017,64.51995
Turkmenistan,TKM,2018,61.049973
Turkmenistan,TKM,2019,57.429974
Turkmenistan,TKM,2020,55.50996
Turkmenistan,TKM,2021,53.629986
Turkmenistan,TKM,2022,52.31995
Turkmenistan,TKM,2023,51.55002
Tuvalu,TUV,2019,99.24425
Tuvalu,TUV,2020,91.87681
Tuvalu,TUV,2021,102.55845
Tuvalu,TUV,2022,101.61621
Tuvalu,TUV,2023,111.736565
USSR,OWID_USS,1961,18.469976
USSR,OWID_USS,1962,21.213034
USSR,OWID_USS,1963,22.72259
USSR,OWID_USS,1964,23.722311
USSR,OWID_USS,1965,27.24639
USSR,OWID_USS,1966,23.730581
USSR,OWID_USS,1967,27.694277
USSR,OWID_USS,1968,29.938889
USSR,OWID_USS,1969,27.44178
USSR,OWID_USS,1970,33.726276
USSR,OWID_USS,1971,36.17037
USSR,OWID_USS,1972,31.726524
USSR,OWID_USS,1973,37.464157
USSR,OWID_USS,1974,35.882946
USSR,OWID_USS,1975,38.90964
USSR,OWID_USS,1976,41.90081
USSR,OWID_USS,1977,40.76609
USSR,OWID_USS,1978,40.822372
USSR,OWID_USS,1979,39.39393
USSR,OWID_USS,1980,39.589157
USSR,OWID_USS,1981,42.27114
USSR,OWID_USS,1982,43.62656
USSR,OWID_USS,1983,47.746025
USSR,OWID_USS,1984,46.778793
USSR,OWID_USS,1985,42.34511
USSR,OWID_USS,1986,49.943615
USSR,OWID_USS,1987,45.380825
USSR,OWID_USS,1988,44.950092
USSR,OWID_USS,1989,41.788746
USSR,OWID_USS,1990,37.577442
USSR,OWID_USS,1991,35.36108
Uganda,UGA,1961,119.90527
Uganda,UGA,1962,121.45353
Uganda,UGA,1963,127.53755
Uganda,UGA,1964,128.44498
Uganda,UGA,1965,127.46568
Uganda,UGA,1966,120.874344
Uganda,UGA,1967,151.01007
Uganda,UGA,1968,165.55821
Uganda,UGA,1969,140.6629
Uganda,UGA,1970,116.528275
Uganda,UGA,1971,113.15368
Uganda,UGA,1972,124.18715
Uganda,UGA,1973,127.473465
Uganda,UGA,1974,133.34334
Uganda,UGA,1975,138.38884
Uganda,UGA,1976,120.85537
Uganda,UGA,1977,121.775894
Uganda,UGA,1978,130.13455
Uganda,UGA,1979,191.34703
Uganda,UGA,1980,171.84256
Uganda,UGA,1981,176.56955
Uganda,UGA,1982,202.0261
Uganda,UGA,1983,193.53322
Uganda,UGA,1984,178.9779
Uganda,UGA,1985,193.73738
Uganda,UGA,1986,189.0119
Uganda,UGA,1987,194.44421
Uganda,UGA,1988,197.91505
Uganda,UGA,1989,197.86456
Uganda,UGA,1990,200.94012
Uganda,UGA,1991,204.91112
Uganda,UGA,1992,192.07028
Uganda,UGA,1993,197.8756
Uganda,UGA,1994,211.90659
Uganda,UGA,1995,221.4041
Uganda,UGA,1996,224.78267
Uganda,UGA,1997,222.97156
Uganda,UGA,1998,214.34587
Uganda,UGA,1999,203.26793
Uganda,UGA,2000,204.13959
Uganda,UGA,2001,205.52435
Uganda,UGA,2002,202.14568
Uganda,UGA,2003,191.63945
Uganda,UGA,2004,185.58363
Uganda,UGA,2005,166.32039
Uganda,UGA,2006,167.07661
Uganda,UGA,2007,164.2697
Uganda,UGA,2008,145.2657
Uganda,UGA,2009,142.96626
Uganda,UGA,2010,150.78
Uganda,UGA,2011,145.50998
Uganda,UGA,2012,136.06001
Uganda,UGA,2013,130.28995
Uganda,UGA,2014,113.77999
Uganda,UGA,2015,111.430016
Uganda,UGA,2016,85.55999
Uganda,UGA,2017,106.210014
Uganda,UGA,2018,142.55997
Uganda,UGA,2019,199.02002
Uganda,UGA,2020,241.85
Uganda,UGA,2021,208.51
Uganda,UGA,2022,215.89
Uganda,UGA,2023,207.60999
Ukraine,UKR,1992,37.686966
Ukraine,UKR,1993,39.55003
Ukraine,UKR,1994,26.772614
Ukraine,UKR,1995,33.252876
Ukraine,UKR,1996,34.991074
Ukraine,UKR,1997,40.586296
Ukraine,UKR,1998,29.083874
Ukraine,UKR,1999,22.736261
Ukraine,UKR,2000,30.469662
Ukraine,UKR,2001,28.366543
Ukraine,UKR,2002,29.31038
Ukraine,UKR,2003,35.839073
Ukraine,UKR,2004,37.41251
Ukraine,UKR,2005,39.998516
Ukraine,UKR,2006,38.624043
Ukraine,UKR,2007,42.189407
Ukraine,UKR,2008,47.335094
Ukraine,UKR,2009,45.33049
Ukraine,UKR,2010,42.430004
Ukraine,UKR,2011,59.849995
Ukraine,UKR,2012,56.960007
Ukraine,UKR,2013,61.450012
Ukraine,UKR,2014,58.24
Ukraine,UKR,2015,51.63999
Ukraine,UKR,2016,52.809998
Ukraine,UKR,2017,49.160004
Ukraine,UKR,2018,65.46001
Ukraine,UKR,2019,61.200016
Ukraine,UKR,2020,59.430004
Ukraine,UKR,2021,59.23
Ukraine,UKR,2022,48.78
Ukraine,UKR,2023,51.81001
United Arab Emirates,ARE,1961,20.5797
United Arab Emirates,ARE,1962,20.557384
United Arab Emirates,ARE,1963,21.414898
United Arab Emirates,ARE,1964,22.545616
United Arab Emirates,ARE,1965,22.74029
United Arab Emirates,ARE,1966,30.978058
United Arab Emirates,ARE,1967,32.813065
United Arab Emirates,ARE,1968,39.878956
United Arab Emirates,ARE,1969,39.071873
United Arab Emirates,ARE,1970,38.34376
United Arab Emirates,ARE,1971,32.238106
United Arab Emirates,ARE,1972,37.081955
United Arab Emirates,ARE,1973,104.65632
United Arab Emirates,ARE,1974,78.47649
United Arab Emirates,ARE,1975,151.52466
United Arab Emirates,ARE,1976,175.95345
United Arab Emirates,ARE,1977,171.32173
United Arab Emirates,ARE,1978,174.10957
United Arab Emirates,ARE,1979,157.03142
United Arab Emirates,ARE,1980,110.982254
United Arab Emirates,ARE,1981,117.45572
United Arab Emirates,ARE,1982,109.813675
United Arab Emirates,ARE,1983,117.60422
United Arab Emirates,ARE,1984,202.45164
United Arab Emirates,ARE,1985,181.32794
United Arab Emirates,ARE,1986,187.56175
United Arab Emirates,ARE,1987,198.47675
United Arab Emirates,ARE,1988,132.10318
United Arab Emirates,ARE,1989,138.29704
United Arab Emirates,ARE,1990,134.85394
United Arab Emirates,ARE,1991,130.91273
United Arab Emirates,ARE,1992,126.11604
United Arab Emirates,ARE,1993,122.739586
United Arab Emirates,ARE,1994,141.1375
United Arab Emirates,ARE,1995,121.53653
United Arab Emirates,ARE,1996,132.16997
United Arab Emirates,ARE,1997,113.89216
United Arab Emirates,ARE,1998,107.062
United Arab Emirates,ARE,1999,111.41774
United Arab Emirates,ARE,2000,94.57596
United Arab Emirates,ARE,2001,103.3403
United Arab Emirates,ARE,2002,112.96302
United Arab Emirates,ARE,2003,95.94799
United Arab Emirates,ARE,2004,87.27476
United Arab Emirates,ARE,2005,54.46856
United Arab Emirates,ARE,2006,104.02043
United Arab Emirates,ARE,2007,103.99196
United Arab Emirates,ARE,2008,99.78432
United Arab Emirates,ARE,2009,90.17098
United Arab Emirates,ARE,2010,77.88986
United Arab Emirates,ARE,2011,72.63984
United Arab Emirates,ARE,2012,75.44998
United Arab Emirates,ARE,2013,96.659996
United Arab Emirates,ARE,2014,67.22992
United Arab Emirates,ARE,2015,67.739975
United Arab Emirates,ARE,2016,70.14998
United Arab Emirates,ARE,2017,67.8
United Arab Emirates,ARE,2018,52.71
United Arab Emirates,ARE,2019,60.669964
United Arab Emirates,ARE,2020,100.1399
United Arab Emirates,ARE,2021,101.849945
United Arab Emirates,ARE,2022,62.11003
United Arab Emirates,ARE,2023,64.129944
United Kingdom,GBR,1961,54.754467
United Kingdom,GBR,1962,62.96935
United Kingdom,GBR,1963,58.401806
United Kingdom,GBR,1964,61.532734
United Kingdom,GBR,1965,58.869514
United Kingdom,GBR,1966,56.632828
United Kingdom,GBR,1967,54.92981
United Kingdom,GBR,1968,59.52621
United Kingdom,GBR,1969,58.240463
United Kingdom,GBR,1970,61.344944
United Kingdom,GBR,1971,62.75285
United Kingdom,GBR,1972,59.94234
United Kingdom,GBR,1973,65.6289
United Kingdom,GBR,1974,58.797142
United Kingdom,GBR,1975,55.136288
United Kingdom,GBR,1976,57.204285
United Kingdom,GBR,1977,53.12705
United Kingdom,GBR,1978,54.338646
United Kingdom,GBR,1979,59.22332
United Kingdom,GBR,1980,58.60187
United Kingdom,GBR,1981,60.01025
United Kingdom,GBR,1982,60.952236
United Kingdom,GBR,1983,64.326225
United Kingdom,GBR,1984,65.46001
United Kingdom,GBR,1985,64.91428
United Kingdom,GBR,1986,68.20651
United Kingdom,GBR,1987,71.59923
United Kingdom,GBR,1988,73.48611
United Kingdom,GBR,1989,78.137146
United Kingdom,GBR,1990,76.295906
United Kingdom,GBR,1991,75.002304
United Kingdom,GBR,1992,77.72983
United Kingdom,GBR,1993,79.15824
United Kingdom,GBR,1994,81.2427
United Kingdom,GBR,1995,78.93915
United Kingdom,GBR,1996,81.852585
United Kingdom,GBR,1997,79.75192
United Kingdom,GBR,1998,89.88763
United Kingdom,GBR,1999,86.59675
United Kingdom,GBR,2000,84.87162
United Kingdom,GBR,2001,92.13059
United Kingdom,GBR,2002,98.13778
United Kingdom,GBR,2003,115.819916
United Kingdom,GBR,2004,116.27082
United Kingdom,GBR,2005,126.88303
United Kingdom,GBR,2006,138.63783
United Kingdom,GBR,2007,126.2359
United Kingdom,GBR,2008,133.22702
United Kingdom,GBR,2009,124.002495
United Kingdom,GBR,2010,116.08
United Kingdom,GBR,2011,119.05001
United Kingdom,GBR,2012,119.25999
United Kingdom,GBR,2013,123.880005
United Kingdom,GBR,2014,118.09001
United Kingdom,GBR,2015,114.03001
United Kingdom,GBR,2016,110.44
United Kingdom,GBR,2017,107.51999
United Kingdom,GBR,2018,106.880005
United Kingdom,GBR,2019,107.30001
United Kingdom,GBR,2020,111.42
United Kingdom,GBR,2021,99.98
United Kingdom,GBR,2022,101.61001
United Kingdom,GBR,2023,92.08999
United States,USA,1961,79.1807
United States,USA,1962,80.77089
United States,USA,1963,72.021614
United States,USA,1964,74.272255
United States,USA,1965,77.7704
United States,USA,1966,82.204636
United States,USA,1967,85.73638
United States,USA,1968,78.476685
United States,USA,1969,92.31125
United States,USA,1970,89.36181
United States,USA,1971,93.9715
United States,USA,1972,87.58468
United States,USA,1973,97.56463
United States,USA,1974,95.241035
United States,USA,1975,101.06263
United States,USA,1976,98.886734
United States,USA,1977,103.116936
United States,USA,1978,102.155174
United States,USA,1979,103.817116
United States,USA,1980,110.592476
United States,USA,1981,106.67987
United States,USA,1982,101.799324
United States,USA,1983,111.454025
United States,USA,1984,116.059456
United States,USA,1985,109.211075
United States,USA,1986,121.35635
United States,USA,1987,129.12138
United States,USA,1988,118.76567
United States,USA,1989,118.360054
United States,USA,1990,119.09045
United States,USA,1991,106.02976
United States,USA,1992,108.88928
United States,USA,1993,117.725945
United States,USA,1994,119.906876
United States,USA,1995,111.091286
United States,USA,1996,112.73433
United States,USA,1997,120.58973
United States,USA,1998,120.09562
United States,USA,1999,112.99743
United States,USA,2000,126.73488
United States,USA,2001,113.91896
United States,USA,2002,111.60484
United States,USA,2003,115.533516
United States,USA,2004,117.25168
United States,USA,2005,110.74977
United States,USA,2006,109.32384
United States,USA,2007,110.59729
United States,USA,2008,115.75669
United States,USA,2009,109.77087
United States,USA,2010,118.63
United States,USA,2011,120.590004
United States,USA,2012,125.43
United States,USA,2013,127.79
United States,USA,2014,118.48
United States,USA,2015,117.8
United States,USA,2016,132.84
United States,USA,2017,155.92
United States,USA,2018,163.11
United States,USA,2019,161.34
United States,USA,2020,161.06
United States,USA,2021,172.31
United States,USA,2022,181.57002
United States,USA,2023,169.2
Upper-middle-income countries,OWID_UMC,1961,26.103794
Upper-middle-income countries,OWID_UMC,1962,26.425238
Upper-middle-income countries,OWID_UMC,1963,26.783289
Upper-middle-income countries,OWID_UMC,1964,26.907963
Upper-middle-income countries,OWID_UMC,1965,28.688578
Upper-middle-income countries,OWID_UMC,1966,28.632574
Upper-middle-income countries,OWID_UMC,1967,29.86247
Upper-middle-income countries,OWID_UMC,1968,30.343174
Upper-middle-income countries,OWID_UMC,1969,30.4547
Upper-middle-income countries,OWID_UMC,1970,31.891233
Upper-middle-income countries,OWID_UMC,1971,31.971731
Upper-middle-income countries,OWID_UMC,1972,31.775846
Upper-middle-income countries,OWID_UMC,1973,31.862463
Upper-middle-income countries,OWID_UMC,1974,33.00909
Upper-middle-income countries,OWID_UMC,1975,33.315834
Upper-middle-income countries,OWID_UMC,1976,34.485924
Upper-middle-income countries,OWID_UMC,1977,34.79099
Upper-middle-income countries,OWID_UMC,1978,34.469257
Upper-middle-income countries,OWID_UMC,1979,35.290516
Upper-middle-income countries,OWID_UMC,1980,36.359318
Upper-middle-income countries,OWID_UMC,1981,35.57898
Upper-middle-income countries,OWID_UMC,1982,36.54302
Upper-middle-income countries,OWID_UMC,1983,36.94744
Upper-middle-income countries,OWID_UMC,1984,35.982224
Upper-middle-income countries,OWID_UMC,1985,39.12989
Upper-middle-income countries,OWID_UMC,1986,38.933674
Upper-middle-income countries,OWID_UMC,1987,40.008564
Upper-middle-income countries,OWID_UMC,1988,41.24671
Upper-middle-income countries,OWID_UMC,1989,41.27636
Upper-middle-income countries,OWID_UMC,1990,38.91399
Upper-middle-income countries,OWID_UMC,1991,40.78761
Upper-middle-income countries,OWID_UMC,1992,43.563934
Upper-middle-income countries,OWID_UMC,1993,45.100395
Upper-middle-income countries,OWID_UMC,1994,47.04628
Upper-middle-income countries,OWID_UMC,1995,52.69997
Upper-middle-income countries,OWID_UMC,1996,54.125328
Upper-middle-income countries,OWID_UMC,1997,57.818455
Upper-middle-income countries,OWID_UMC,1998,55.33207
Upper-middle-income countries,OWID_UMC,1999,60.86441
Upper-middle-income countries,OWID_UMC,2000,62.41448
Upper-middle-income countries,OWID_UMC,2001,63.02151
Upper-middle-income countries,OWID_UMC,2002,65.909225
Upper-middle-income countries,OWID_UMC,2003,67.58775
Upper-middle-income countries,OWID_UMC,2004,70.530716
Upper-middle-income countries,OWID_UMC,2005,72.19201
Upper-middle-income countries,OWID_UMC,2006,75.58054
Upper-middle-income countries,OWID_UMC,2007,77.30096
Upper-middle-income countries,OWID_UMC,2008,80.11674
Upper-middle-income countries,OWID_UMC,2009,82.82248
Upper-middle-income countries,OWID_UMC,2010,83.1939
Upper-middle-income countries,OWID_UMC,2011,88.55021
Upper-middle-income countries,OWID_UMC,2012,89.83726
Upper-middle-income countries,OWID_UMC,2013,90.85171
Upper-middle-income countries,OWID_UMC,2014,91.53762
Upper-middle-income countries,OWID_UMC,2015,93.42649
Upper-middle-income countries,OWID_UMC,2016,91.87024
Upper-middle-income countries,OWID_UMC,2017,91.77008
Upper-middle-income countries,OWID_UMC,2018,94.20061
Upper-middle-income countries,OWID_UMC,2019,97.109924
Upper-middle-income countries,OWID_UMC,2020,99.259895
Upper-middle-income countries,OWID_UMC,2021,102.89839
Upper-middle-income countries,OWID_UMC,2022,105.48594
Upper-middle-income countries,OWID_UMC,2023,107.8264
Uruguay,URY,1961,54.009
Uruguay,URY,1962,52.295006
Uruguay,URY,1963,51.2083
Uruguay,URY,1964,53.778564
Uruguay,URY,1965,48.348072
Uruguay,URY,1966,56.076004
Uruguay,URY,1967,58.235184
Uruguay,URY,1968,54.93374
Uruguay,URY,1969,61.522575
Uruguay,URY,1970,65.79933
Uruguay,URY,1971,57.41508
Uruguay,URY,1972,55.306896
Uruguay,URY,1973,46.241867
Uruguay,URY,1974,49.237858
Uruguay,URY,1975,41.617535
Uruguay,URY,1976,39.4641
Uruguay,URY,1977,44.38487
Uruguay,URY,1978,37.501755
Uruguay,URY,1979,56.38515
Uruguay,URY,1980,56.12791
Uruguay,URY,1981,53.81205
Uruguay,URY,1982,64.81845
Uruguay,URY,1983,53.81438
Uruguay,URY,1984,68.70205
Uruguay,URY,1985,58.701694
Uruguay,URY,1986,55.096447
Uruguay,URY,1987,70.352394
Uruguay,URY,1988,60.250477
Uruguay,URY,1989,55.899693
Uruguay,URY,1990,53.927036
Uruguay,URY,1991,51.498558
Uruguay,URY,1992,60.50333
Uruguay,URY,1993,57.93466
Uruguay,URY,1994,68.5531
Uruguay,URY,1995,56.899982
Uruguay,URY,1996,83.98754
Uruguay,URY,1997,96.576904
Uruguay,URY,1998,79.309975
Uruguay,URY,1999,78.04677
Uruguay,URY,2000,81.80965
Uruguay,URY,2001,94.162766
Uruguay,URY,2002,72.05374
Uruguay,URY,2003,76.81212
Uruguay,URY,2004,67.823364
Uruguay,URY,2005,84.66881
Uruguay,URY,2006,75.36643
Uruguay,URY,2007,91.46399
Uruguay,URY,2008,70.25206
Uruguay,URY,2009,74.1514
Uruguay,URY,2010,86.51997
Uruguay,URY,2011,85.03977
Uruguay,URY,2012,106.269806
Uruguay,URY,2013,73.35011
Uruguay,URY,2014,85.869675
Uruguay,URY,2015,85.96995
Uruguay,URY,2016,80.28002
Uruguay,URY,2017,87.48989
Uruguay,URY,2018,85.2798
Uruguay,URY,2019,80.10009
Uruguay,URY,2020,74.94009
Uruguay,URY,2021,95.32992
Uruguay,URY,2022,96.15992
Uruguay,URY,2023,98.55991
Uzbekistan,UZB,1992,31.742088
Uzbekistan,UZB,1993,25.8311
Uzbekistan,UZB,1994,27.121838
Uzbekistan,UZB,1995,34.47018
Uzbekistan,UZB,1996,32.450275
Uzbekistan,UZB,1997,30.479767
Uzbekistan,UZB,1998,28.0118
Uzbekistan,UZB,1999,26.40522
Uzbekistan,UZB,2000,38.274662
Uzbekistan,UZB,2001,39.083565
Uzbekistan,UZB,2002,40.47458
Uzbekistan,UZB,2003,32.35091
Uzbekistan,UZB,2004,38.16682
Uzbekistan,UZB,2005,40.928154
Uzbekistan,UZB,2006,54.23283
Uzbekistan,UZB,2007,56.82279
Uzbekistan,UZB,2008,61.584824
Uzbekistan,UZB,2009,67.121315
Uzbekistan,UZB,2010,72.74
Uzbekistan,UZB,2011,72.110016
Uzbekistan,UZB,2012,81.14998
Uzbekistan,UZB,2013,88.999985
Uzbekistan,UZB,2014,98.12998
Uzbekistan,UZB,2015,104.59
Uzbekistan,UZB,2016,101.26002
Uzbekistan,UZB,2017,99.370026
Uzbekistan,UZB,2018,101.30001
Uzbekistan,UZB,2019,109.06
Uzbekistan,UZB,2020,107.299995
Uzbekistan,UZB,2021,107.48001
Uzbekistan,UZB,2022,109.49002
Uzbekistan,UZB,2023,106.83999
Vanuatu,VUT,1961,46.96148
Vanuatu,VUT,1962,46.97014
Vanuatu,VUT,1963,48.06259
Vanuatu,VUT,1964,44.97508
Vanuatu,VUT,1965,46.185947
Vanuatu,VUT,1966,42.114746
Vanuatu,VUT,1967,44.096283
Vanuatu,VUT,1968,43.9189
Vanuatu,VUT,1969,45.052048
Vanuatu,VUT,1970,46.064693
Vanuatu,VUT,1971,48.652916
Vanuatu,VUT,1972,50.221016
Vanuatu,VUT,1973,52.66765
Vanuatu,VUT,1974,60.330204
Vanuatu,VUT,1975,59.359043
Vanuatu,VUT,1976,59.587437
Vanuatu,VUT,1977,63.828236
Vanuatu,VUT,1978,67.71122
Vanuatu,VUT,1979,77.038414
Vanuatu,VUT,1980,78.514565
Vanuatu,VUT,1981,83.43322
Vanuatu,VUT,1982,87.98291
Vanuatu,VUT,1983,92.4903
Vanuatu,VUT,1984,95.7058
Vanuatu,VUT,1985,97.95743
Vanuatu,VUT,1986,99.43897
Vanuatu,VUT,1987,91.221085
Vanuatu,VUT,1988,105.26039
Vanuatu,VUT,1989,97.77592
Vanuatu,VUT,1990,100.48652
Vanuatu,VUT,1991,102.711075
Vanuatu,VUT,1992,106.63415
Vanuatu,VUT,1993,119.00047
Vanuatu,VUT,1994,99.096054
Vanuatu,VUT,1995,95.60085
Vanuatu,VUT,1996,96.75415
Vanuatu,VUT,1997,90.79782
Vanuatu,VUT,1998,100.22869
Vanuatu,VUT,1999,95.960144
Vanuatu,VUT,2000,94.89828
Vanuatu,VUT,2001,91.07361
Vanuatu,VUT,2002,91.101395
Vanuatu,VUT,2003,93.275055
Vanuatu,VUT,2004,93.46199
Vanuatu,VUT,2005,90.36385
Vanuatu,VUT,2006,90.97269
Vanuatu,VUT,2007,92.51709
Vanuatu,VUT,2008,95.53982
Vanuatu,VUT,2009,90.55788
Vanuatu,VUT,2010,91.1977
Vanuatu,VUT,2011,82.3356
Vanuatu,VUT,2012,79.36554
Vanuatu,VUT,2013,79.865295
Vanuatu,VUT,2014,79.75785
Vanuatu,VUT,2015,79.79551
Vanuatu,VUT,2016,77.39801
Vanuatu,VUT,2017,75.707825
Vanuatu,VUT,2018,76.476524
Vanuatu,VUT,2019,74.37618
Vanuatu,VUT,2020,79.14815
Vanuatu,VUT,2021,78.32693
Vanuatu,VUT,2022,138.74512
Vanuatu,VUT,2023,138.49481
Venezuela,VEN,1961,145.06902
Venezuela,VEN,1962,128.90417
Venezuela,VEN,1963,136.23587
Venezuela,VEN,1964,131.24124
Venezuela,VEN,1965,134.81088
Venezuela,VEN,1966,131.07115
Venezuela,VEN,1967,128.83662
Venezuela,VEN,1968,135.90906
Venezuela,VEN,1969,136.86005
Venezuela,VEN,1970,136.54794
Venezuela,VEN,1971,135.27757
Venezuela,VEN,1972,133.78206
Venezuela,VEN,1973,122.809364
Venezuela,VEN,1974,124.09005
Venezuela,VEN,1975,116.38265
Venezuela,VEN,1976,114.5582
Venezuela,VEN,1977,124.89336
Venezuela,VEN,1978,125.4654
Venezuela,VEN,1979,119.441734
Venezuela,VEN,1980,114.9151
Venezuela,VEN,1981,117.40334
Venezuela,VEN,1982,112.879036
Venezuela,VEN,1983,106.834145
Venezuela,VEN,1984,106.69912
Venezuela,VEN,1985,105.943375
Venezuela,VEN,1986,102.98443
Venezuela,VEN,1987,103.88375
Venezuela,VEN,1988,109.34805
Venezuela,VEN,1989,108.13815
Venezuela,VEN,1990,107.83022
Venezuela,VEN,1991,112.45226
Venezuela,VEN,1992,112.15788
Venezuela,VEN,1993,102.920235
Venezuela,VEN,1994,109.692
Venezuela,VEN,1995,100.81534
Venezuela,VEN,1996,101.81554
Venezuela,VEN,1997,106.81176
Venezuela,VEN,1998,102.463646
Venezuela,VEN,1999,103.34521
Venezuela,VEN,2000,115.14997
Venezuela,VEN,2001,108.07229
Venezuela,VEN,2002,87.27972
Venezuela,VEN,2003,77.68179
Venezuela,VEN,2004,69.43888
Venezuela,VEN,2005,77.446724
Venezuela,VEN,2006,74.947136
Venezuela,VEN,2007,77.00846
Venezuela,VEN,2008,74.89661
Venezuela,VEN,2009,72.567375
Venezuela,VEN,2010,72.36
Venezuela,VEN,2011,79.60998
Venezuela,VEN,2012,77.55
Venezuela,VEN,2013,82.040016
Venezuela,VEN,2014,86.91
Venezuela,VEN,2015,88.490005
Venezuela,VEN,2016,88.05001
Venezuela,VEN,2017,86.45997
Venezuela,VEN,2018,89.05
Venezuela,VEN,2019,83.83001
Venezuela,VEN,2020,85.43
Venezuela,VEN,2021,93.58
Venezuela,VEN,2022,95.67001
Venezuela,VEN,2023,91.81996
Vietnam,VNM,1961,36.70394
Vietnam,VNM,1962,36.11449
Vietnam,VNM,1963,36.217396
Vietnam,VNM,1964,35.997093
Vietnam,VNM,1965,37.24123
Vietnam,VNM,1966,36.867153
Vietnam,VNM,1967,37.119804
Vietnam,VNM,1968,37.47114
Vietnam,VNM,1969,37.169586
Vietnam,VNM,1970,36.884136
Vietnam,VNM,1971,36.460896
Vietnam,VNM,1972,36.21923
Vietnam,VNM,1973,34.443375
Vietnam,VNM,1974,34.661114
Vietnam,VNM,1975,31.991373
Vietnam,VNM,1976,31.836555
Vietnam,VNM,1977,34.22277
Vietnam,VNM,1978,36.07149
Vietnam,VNM,1979,39.491997
Vietnam,VNM,1980,44.218723
Vietnam,VNM,1981,43.993954
Vietnam,VNM,1982,45.42868
Vietnam,VNM,1983,41.325367
Vietnam,VNM,1984,43.57646
Vietnam,VNM,1985,42.750908
Vietnam,VNM,1986,45.933563
Vietnam,VNM,1987,46.41294
Vietnam,VNM,1988,45.307426
Vietnam,VNM,1989,44.876595
Vietnam,VNM,1990,44.40441
Vietnam,VNM,1991,43.204758
Vietnam,VNM,1992,45.713467
Vietnam,VNM,1993,47.81124
Vietnam,VNM,1994,48.13747
Vietnam,VNM,1995,50.275585
Vietnam,VNM,1996,52.614494
Vietnam,VNM,1997,50.442207
Vietnam,VNM,1998,50.784996
Vietnam,VNM,1999,49.325497
Vietnam,VNM,2000,54.14968
Vietnam,VNM,2001,52.044098
Vietnam,VNM,2002,55.980568
Vietnam,VNM,2003,60.322247
Vietnam,VNM,2004,64.39718
Vietnam,VNM,2005,66.543465
Vietnam,VNM,2006,65.13967
Vietnam,VNM,2007,66.28598
Vietnam,VNM,2008,67.55585
Vietnam,VNM,2009,68.70539
Vietnam,VNM,2010,67.97
Vietnam,VNM,2011,66.87
Vietnam,VNM,2012,68.02
Vietnam,VNM,2013,67.29
Vietnam,VNM,2014,70.87
Vietnam,VNM,2015,68.88
Vietnam,VNM,2016,61.88
Vietnam,VNM,2017,61.98
Vietnam,VNM,2018,68.61
Vietnam,VNM,2019,77.78
Vietnam,VNM,2020,67.34999
Vietnam,VNM,2021,72.42
Vietnam,VNM,2022,87.689995
Vietnam,VNM,2023,99.61
Western Africa (FAO),,1961,57.16
Western Africa (FAO),,1962,57.61
Western Africa (FAO),,1963,56.54
Western Africa (FAO),,1964,56.36
Western Africa (FAO),,1965,57.39
Western Africa (FAO),,1966,56.64
Western Africa (FAO),,1967,56.78
Western Africa (FAO),,1968,56.31
Western Africa (FAO),,1969,56.53
Western Africa (FAO),,1970,61.92
Western Africa (FAO),,1971,61.54
Western Africa (FAO),,1972,60.32
Western Africa (FAO),,1973,59.87
Western Africa (FAO),,1974,59.74
Western Africa (FAO),,1975,64.33
Western Africa (FAO),,1976,62.99
Western Africa (FAO),,1977,58.46
Western Africa (FAO),,1978,57.52
Western Africa (FAO),,1979,58.2
Western Africa (FAO),,1980,56.4
Western Africa (FAO),,1981,55.64
Western Africa (FAO),,1982,54.06
Western Africa (FAO),,1983,55.22
Western Africa (FAO),,1984,57.71
Western Africa (FAO),,1985,56.97
Western Africa (FAO),,1986,54.74
Western Africa (FAO),,1987,53.03
Western Africa (FAO),,1988,51.87
Western Africa (FAO),,1989,54.54
Western Africa (FAO),,1990,50.97
Western Africa (FAO),,1991,55.67
Western Africa (FAO),,1992,56.08
Western Africa (FAO),,1993,58.85
Western Africa (FAO),,1994,58.32
Western Africa (FAO),,1995,58.19
Western Africa (FAO),,1996,59.47
Western Africa (FAO),,1997,60.06
Western Africa (FAO),,1998,61.13
Western Africa (FAO),,1999,61.37
Western Africa (FAO),,2000,59.61
Western Africa (FAO),,2001,59.14
Western Africa (FAO),,2002,61.41
Western Africa (FAO),,2003,63.05
Western Africa (FAO),,2004,64.72
Western Africa (FAO),,2005,63.33
Western Africa (FAO),,2006,58.9
Western Africa (FAO),,2007,60.48
Western Africa (FAO),,2008,59.18
Western Africa (FAO),,2009,60.61
Western Africa (FAO),,2010,61.69
Western Africa (FAO),,2011,60.9
Western Africa (FAO),,2012,61.38
Western Africa (FAO),,2013,61.17
Western Africa (FAO),,2014,58.91
Western Africa (FAO),,2015,57.68
Western Africa (FAO),,2016,58.73
Western Africa (FAO),,2017,58.69
Western Africa (FAO),,2018,58.47
Western Africa (FAO),,2019,59.21
Western Africa (FAO),,2020,59.47
Western Africa (FAO),,2021,70.69
Western Africa (FAO),,2022,70.28
Western Africa (FAO),,2023,67.75
Western Asia (FAO),,1961,97.2
Western Asia (FAO),,1962,96.43
Western Asia (FAO),,1963,84.69
Western Asia (FAO),,1964,91.18
Western Asia (FAO),,1965,94.83
Western Asia (FAO),,1966,90.77
Western Asia (FAO),,1967,101.77
Western Asia (FAO),,1968,107.1
Western Asia (FAO),,1969,97.84
Western Asia (FAO),,1970,104.03
Western Asia (FAO),,1971,101.89
Western Asia (FAO),,1972,98.38
Western Asia (FAO),,1973,98.92
Western Asia (FAO),,1974,104.68
Western Asia (FAO),,1975,100.88
Western Asia (FAO),,1976,98.87
Western Asia (FAO),,1977,104.94
Western Asia (FAO),,1978,110.26
Western Asia (FAO),,1979,112.77
Western Asia (FAO),,1980,108.89
Western Asia (FAO),,1981,107.14
Western Asia (FAO),,1982,113.54
Western Asia (FAO),,1983,113.8
Western Asia (FAO),,1984,112.78
Western Asia (FAO),,1985,104.08
Western Asia (FAO),,1986,101.45
Western Asia (FAO),,1987,100.35
Western Asia (FAO),,1988,104.09
Western Asia (FAO),,1989,101.97
Western Asia (FAO),,1990,100.51
Western Asia (FAO),,1991,99.57
Western Asia (FAO),,1992,99.32
Western Asia (FAO),,1993,97.78
Western Asia (FAO),,1994,92.79
Western Asia (FAO),,1995,91.88
Western Asia (FAO),,1996,91.2
Western Asia (FAO),,1997,88.19
Western Asia (FAO),,1998,90.83
Western Asia (FAO),,1999,88.26
Western Asia (FAO),,2000,88.13
Western Asia (FAO),,2001,85.74
Western Asia (FAO),,2002,86.03
Western Asia (FAO),,2003,88.15
Western Asia (FAO),,2004,80.76
Western Asia (FAO),,2005,89.96
Western Asia (FAO),,2006,87.88
Western Asia (FAO),,2007,86.65
Western Asia (FAO),,2008,87.01
Western Asia (FAO),,2009,87.94
Western Asia (FAO),,2010,82.41
Western Asia (FAO),,2011,84.62
Western Asia (FAO),,2012,85.37
Western Asia (FAO),,2013,86.29
Western Asia (FAO),,2014,79.85
Western Asia (FAO),,2015,80.31
Western Asia (FAO),,2016,84.7
Western Asia (FAO),,2017,87.93
Western Asia (FAO),,2018,87.72
Western Asia (FAO),,2019,86.73
Western Asia (FAO),,2020,90.38
Western Asia (FAO),,2021,92.45
Western Asia (FAO),,2022,93.65
Western Asia (FAO),,2023,98.79
Western Europe (FAO),,1961,73.35
Western Europe (FAO),,1962,83.99
Western Europe (FAO),,1963,85.67
Western Europe (FAO),,1964,85.41
Western Europe (FAO),,1965,83
Western Europe (FAO),,1966,89.6
Western Europe (FAO),,1967,96.54
Western Europe (FAO),,1968,101.05
Western Europe (FAO),,1969,100.24
Western Europe (FAO),,1970,98.38
Western Europe (FAO),,1971,97.44
Western Europe (FAO),,1972,91.65
Western Europe (FAO),,1973,97.59
Western Europe (FAO),,1974,86.62
Western Europe (FAO),,1975,91.31
Western Europe (FAO),,1976,92.24
Western Europe (FAO),,1977,84.97
Western Europe (FAO),,1978,92.56
Western Europe (FAO),,1979,92.64
Western Europe (FAO),,1980,92.56
Western Europe (FAO),,1981,82.03
Western Europe (FAO),,1982,97.34
Western Europe (FAO),,1983,89
Western Europe (FAO),,1984,96.39
Western Europe (FAO),,1985,90.62
Western Europe (FAO),,1986,101.88
Western Europe (FAO),,1987,97.82
Western Europe (FAO),,1988,106.58
Western Europe (FAO),,1989,104.17
Western Europe (FAO),,1990,108.2
Western Europe (FAO),,1991,102.38
Western Europe (FAO),,1992,117.5
Western Europe (FAO),,1993,96.35
Western Europe (FAO),,1994,100.3
Western Europe (FAO),,1995,95.14
Western Europe (FAO),,1996,99.79
Western Europe (FAO),,1997,91.06
Western Europe (FAO),,1998,90.6
Western Europe (FAO),,1999,92.13
Western Europe (FAO),,2000,106.71
Western Europe (FAO),,2001,95.09
Western Europe (FAO),,2002,101.5
Western Europe (FAO),,2003,96.98
Western Europe (FAO),,2004,98.29
Western Europe (FAO),,2005,99.91
Western Europe (FAO),,2006,99.58
Western Europe (FAO),,2007,101.59
Western Europe (FAO),,2008,100.58
Western Europe (FAO),,2009,98.33
Western Europe (FAO),,2010,89.97
Western Europe (FAO),,2011,101.31
Western Europe (FAO),,2012,101.23
Western Europe (FAO),,2013,102.19
Western Europe (FAO),,2014,108.25
Western Europe (FAO),,2015,109.8
Western Europe (FAO),,2016,114.65
Western Europe (FAO),,2017,111.5
Western Europe (FAO),,2018,112.87
Western Europe (FAO),,2019,108.59
Western Europe (FAO),,2020,111.19
Western Europe (FAO),,2021,108.18
Western Europe (FAO),,2022,107.18
Western Europe (FAO),,2023,100.88
World,OWID_WRL,1961,37.539246
World,OWID_WRL,1962,38.55351
World,OWID_WRL,1963,38.444153
World,OWID_WRL,1964,39.07345
World,OWID_WRL,1965,39.924103
World,OWID_WRL,1966,40.92475
World,OWID_WRL,1967,42.18602
World,OWID_WRL,1968,42.438046
World,OWID_WRL,1969,42.812992
World,OWID_WRL,1970,43.165127
World,OWID_WRL,1971,43.356163
World,OWID_WRL,1972,42.606613
World,OWID_WRL,1973,43.586536
World,OWID_WRL,1974,43.361305
World,OWID_WRL,1975,43.79486
World,OWID_WRL,1976,44.385887
World,OWID_WRL,1977,43.97126
World,OWID_WRL,1978,44.370472
World,OWID_WRL,1979,45.685764
World,OWID_WRL,1980,46.379898
World,OWID_WRL,1981,45.266884
World,OWID_WRL,1982,46.49057
World,OWID_WRL,1983,46.918423
World,OWID_WRL,1984,46.855267
World,OWID_WRL,1985,47.49563
World,OWID_WRL,1986,48.81731
World,OWID_WRL,1987,49.416462
World,OWID_WRL,1988,49.083424
World,OWID_WRL,1989,49.823936
World,OWID_WRL,1990,48.762527
World,OWID_WRL,1991,48.512318
World,OWID_WRL,1992,51.2973
World,OWID_WRL,1993,52.02641
World,OWID_WRL,1994,52.960968
World,OWID_WRL,1995,54.054943
World,OWID_WRL,1996,55.82186
World,OWID_WRL,1997,57.469414
World,OWID_WRL,1998,56.401924
World,OWID_WRL,1999,58.53839
World,OWID_WRL,2000,59.610542
World,OWID_WRL,2001,58.913326
World,OWID_WRL,2002,60.880215
World,OWID_WRL,2003,61.68213
World,OWID_WRL,2004,63.901527
World,OWID_WRL,2005,65.11846
World,OWID_WRL,2006,67.12638
World,OWID_WRL,2007,68.24164
World,OWID_WRL,2008,69.8325
World,OWID_WRL,2009,70.43111
World,OWID_WRL,2010,72.565994
World,OWID_WRL,2011,74.25936
World,OWID_WRL,2012,75.361336
World,OWID_WRL,2013,76.65868
World,OWID_WRL,2014,77.224
World,OWID_WRL,2015,77.72236
World,OWID_WRL,2016,77.42722
World,OWID_WRL,2017,78.78718
World,OWID_WRL,2018,80.799355
World,OWID_WRL,2019,81.82863
World,OWID_WRL,2020,82.94553
World,OWID_WRL,2021,84.78997
World,OWID_WRL,2022,86.363434
World,OWID_WRL,2023,86.19234
Yemen,YEM,1961,18.645119
Yemen,YEM,1962,18.823868
Yemen,YEM,1963,20.351648
Yemen,YEM,1964,21.39243
Yemen,YEM,1965,20.062666
Yemen,YEM,1966,19.27939
Yemen,YEM,1967,18.299149
Yemen,YEM,1968,17.228441
Yemen,YEM,1969,16.225893
Yemen,YEM,1970,13.962571
Yemen,YEM,1971,18.119076
Yemen,YEM,1972,15.96094
Yemen,YEM,1973,27.262602
Yemen,YEM,1974,26.978188
Yemen,YEM,1975,31.219416
Yemen,YEM,1976,25.70174
Yemen,YEM,1977,31.378344
Yemen,YEM,1978,30.904629
Yemen,YEM,1979,32.68733
Yemen,YEM,1980,34.657593
Yemen,YEM,1981,31.253942
Yemen,YEM,1982,29.837934
Yemen,YEM,1983,25.90705
Yemen,YEM,1984,22.835752
Yemen,YEM,1985,20.205563
Yemen,YEM,1986,21.292883
Yemen,YEM,1987,23.083937
Yemen,YEM,1988,26.863964
Yemen,YEM,1989,28.511942
Yemen,YEM,1990,24.262783
Yemen,YEM,1991,24.752483
Yemen,YEM,1992,23.281446
Yemen,YEM,1993,25.727234
Yemen,YEM,1994,25.033382
Yemen,YEM,1995,25.101685
Yemen,YEM,1996,22.360891
Yemen,YEM,1997,21.709959
Yemen,YEM,1998,29.992258
Yemen,YEM,1999,28.898518
Yemen,YEM,2000,31.618683
Yemen,YEM,2001,33.651123
Yemen,YEM,2002,32.151363
Yemen,YEM,2003,35.55392
Yemen,YEM,2004,34.964943
Yemen,YEM,2005,36.38266
Yemen,YEM,2006,43.34589
Yemen,YEM,2007,47.253857
Yemen,YEM,2008,50.949898
Yemen,YEM,2009,43.92375
Yemen,YEM,2010,34.62001
Yemen,YEM,2011,29.989998
Yemen,YEM,2012,29.689995
Yemen,YEM,2013,29.979994
Yemen,YEM,2014,30.9
Yemen,YEM,2015,27.750002
Yemen,YEM,2016,26.089989
Yemen,YEM,2017,23.14
Yemen,YEM,2018,20.45
Yemen,YEM,2019,25.939997
Yemen,YEM,2020,27.769995
Yemen,YEM,2021,29.479998
Yemen,YEM,2022,29.48
Yemen,YEM,2023,26.47
Yugoslavia,OWID_YGS,1961,62.94068
Yugoslavia,OWID_YGS,1962,51.56608
Yugoslavia,OWID_YGS,1963,51.449123
Yugoslavia,OWID_YGS,1964,49.173336
Yugoslavia,OWID_YGS,1965,38.291824
Yugoslavia,OWID_YGS,1966,58.4309
Yugoslavia,OWID_YGS,1967,62.145435
Yugoslavia,OWID_YGS,1968,60.201397
Yugoslavia,OWID_YGS,1969,73.30299
Yugoslavia,OWID_YGS,1970,63.26055
Yugoslavia,OWID_YGS,1971,57.62002
Yugoslavia,OWID_YGS,1972,57.082794
Yugoslavia,OWID_YGS,1973,60.084
Yugoslavia,OWID_YGS,1974,56.396896
Yugoslavia,OWID_YGS,1975,62.805603
Yugoslavia,OWID_YGS,1976,69.70886
Yugoslavia,OWID_YGS,1977,66.16624
Yugoslavia,OWID_YGS,1978,59.459797
Yugoslavia,OWID_YGS,1979,61.752483
Yugoslavia,OWID_YGS,1980,64.52524
Yugoslavia,OWID_YGS,1981,57.160923
Yugoslavia,OWID_YGS,1982,54.985905
Yugoslavia,OWID_YGS,1983,62.622025
Yugoslavia,OWID_YGS,1984,54.322556
Yugoslavia,OWID_YGS,1985,46.30785
Yugoslavia,OWID_YGS,1986,53.49606
Yugoslavia,OWID_YGS,1987,51.379463
Yugoslavia,OWID_YGS,1988,53.411842
Yugoslavia,OWID_YGS,1989,53.51418
Yugoslavia,OWID_YGS,1990,67.828354
Yugoslavia,OWID_YGS,1991,56.783253
Zambia,ZMB,1961,12.172859
Zambia,ZMB,1962,12.596672
Zambia,ZMB,1963,12.082432
Zambia,ZMB,1964,12.0005865
Zambia,ZMB,1965,11.755332
Zambia,ZMB,1966,12.271145
Zambia,ZMB,1967,12.015029
Zambia,ZMB,1968,12.688843
Zambia,ZMB,1969,12.324352
Zambia,ZMB,1970,11.908547
Zambia,ZMB,1971,11.93823
Zambia,ZMB,1972,11.351451
Zambia,ZMB,1973,11.341797
Zambia,ZMB,1974,11.34656
Zambia,ZMB,1975,11.230979
Zambia,ZMB,1976,10.944735
Zambia,ZMB,1977,10.993156
Zambia,ZMB,1978,10.939186
Zambia,ZMB,1979,11.459241
Zambia,ZMB,1980,11.7285795
Zambia,ZMB,1981,12.162179
Zambia,ZMB,1982,12.210378
Zambia,ZMB,1983,12.252734
Zambia,ZMB,1984,12.14338
Zambia,ZMB,1985,12.09087
Zambia,ZMB,1986,12.063418
Zambia,ZMB,1987,12.067818
Zambia,ZMB,1988,12.2195215
Zambia,ZMB,1989,12.151809
Zambia,ZMB,1990,12.100755
Zambia,ZMB,1991,12.094786
Zambia,ZMB,1992,10.536999
Zambia,ZMB,1993,11.2254095
Zambia,ZMB,1994,10.921705
Zambia,ZMB,1995,10.25406
Zambia,ZMB,1996,10.781926
Zambia,ZMB,1997,10.806161
Zambia,ZMB,1998,10.160348
Zambia,ZMB,1999,11.182504
Zambia,ZMB,2000,10.345385
Zambia,ZMB,2001,11.290112
Zambia,ZMB,2002,10.9263935
Zambia,ZMB,2003,10.147475
Zambia,ZMB,2004,9.964478
Zambia,ZMB,2005,10.012792
Zambia,ZMB,2006,11.024777
Zambia,ZMB,2007,10.370286
Zambia,ZMB,2008,9.987544
Zambia,ZMB,2009,9.75394
Zambia,ZMB,2010,8.669999
Zambia,ZMB,2011,8.250002
Zambia,ZMB,2012,9.189999
Zambia,ZMB,2013,9.09
Zambia,ZMB,2014,9.54
Zambia,ZMB,2015,8.449999
Zambia,ZMB,2016,8.719996
Zambia,ZMB,2017,7.1599965
Zambia,ZMB,2018,7.1399984
Zambia,ZMB,2019,7.3200006
Zambia,ZMB,2020,7.4600024
Zambia,ZMB,2021,7
Zambia,ZMB,2022,4.590001
Zambia,ZMB,2023,4.270001
Zimbabwe,ZWE,1961,13.5927725
Zimbabwe,ZWE,1962,14.163337
Zimbabwe,ZWE,1963,14.384123
Zimbabwe,ZWE,1964,14.217117
Zimbabwe,ZWE,1965,13.439201
Zimbabwe,ZWE,1966,12.221116
Zimbabwe,ZWE,1967,11.69735
Zimbabwe,ZWE,1968,11.786064
Zimbabwe,ZWE,1969,11.847807
Zimbabwe,ZWE,1970,11.757598
Zimbabwe,ZWE,1971,11.802533
Zimbabwe,ZWE,1972,12.086267
Zimbabwe,ZWE,1973,11.857829
Zimbabwe,ZWE,1974,11.767643
Zimbabwe,ZWE,1975,12.110035
Zimbabwe,ZWE,1976,12.084744
Zimbabwe,ZWE,1977,12.254842
Zimbabwe,ZWE,1978,12.57901
Zimbabwe,ZWE,1979,12.607567
Zimbabwe,ZWE,1980,12.587759
Zimbabwe,ZWE,1981,12.612189
Zimbabwe,ZWE,1982,12.477511
Zimbabwe,ZWE,1983,12.370278
Zimbabwe,ZWE,1984,12.296833
Zimbabwe,ZWE,1985,12.208641
Zimbabwe,ZWE,1986,12.640679
Zimbabwe,ZWE,1987,12.446621
Zimbabwe,ZWE,1988,13.172121
Zimbabwe,ZWE,1989,12.71803
Zimbabwe,ZWE,1990,13.086161
Zimbabwe,ZWE,1991,13.544135
Zimbabwe,ZWE,1992,11.532274
Zimbabwe,ZWE,1993,13.172064
Zimbabwe,ZWE,1994,13.569982
Zimbabwe,ZWE,1995,11.284137
Zimbabwe,ZWE,1996,11.486784
Zimbabwe,ZWE,1997,11.717742
Zimbabwe,ZWE,1998,10.400611
Zimbabwe,ZWE,1999,10.542032
Zimbabwe,ZWE,2000,11.208546
Zimbabwe,ZWE,2001,12.774246
Zimbabwe,ZWE,2002,13.459152
Zimbabwe,ZWE,2003,14.846246
Zimbabwe,ZWE,2004,15.468627
Zimbabwe,ZWE,2005,10.732139
Zimbabwe,ZWE,2006,13.220978
Zimbabwe,ZWE,2007,13.8404045
Zimbabwe,ZWE,2008,14.28429
Zimbabwe,ZWE,2009,13.984635
Zimbabwe,ZWE,2010,13.369999
Zimbabwe,ZWE,2011,14.009999
Zimbabwe,ZWE,2012,14.520003
Zimbabwe,ZWE,2013,13.139999
Zimbabwe,ZWE,2014,17.079992
Zimbabwe,ZWE,2015,21.430002
Zimbabwe,ZWE,2016,19.699991
Zimbabwe,ZWE,2017,21.779995
Zimbabwe,ZWE,2018,23.649988
Zimbabwe,ZWE,2019,29.339987
Zimbabwe,ZWE,2020,36.190006
Zimbabwe,ZWE,2021,39.789974
Zimbabwe,ZWE,2022,42.569996
Zimbabwe,ZWE,2023,43.009975