Entity,Code,Year,Poultry,Beef and buffalo,Sheep and goat,Pork,Other meats,Fish and seafood
Afghanistan,AFG,1961,0.61221725,4.6645126,7.9491067,,0.8260074,0.029153202
Afghanistan,AFG,1962,0.64158416,4.870207,7.6990094,,0.85544544,0.029162914
Afghanistan,AFG,1963,0.6418248,4.920656,7.8672156,,1.0405341,0.029173851
Afghanistan,AFG,1964,0.6517509,4.892996,8.122567,,0.9824902,0.029182876
Afghanistan,AFG,1965,0.6810978,4.855254,8.406693,,1.0313767,0.029189907
Afghanistan,AFG,1966,0.7006158,6.626658,8.738235,,1.0022699,0.029192325
Afghanistan,AFG,1967,0.7199989,6.1880984,9.54485,,1.0799983,0.038918857
Afghanistan,AFG,1968,0.73944557,6.5966334,10.352239,,1.0507911,0.03891819
Afghanistan,AFG,1969,0.8667013,6.8070135,9.650573,,1.032251,0.03895287
Afghanistan,AFG,1970,0.84887564,5.493299,9.405933,,1.0049907,0.039028764
Afghanistan,AFG,1971,0.83202136,5.3640904,9.279485,,1.0669451,0.04894243
Afghanistan,AFG,1972,0.8054938,5.1473017,7.4262595,,1.041248,0.049115475
Afghanistan,AFG,1973,0.82673466,5.176934,8.18861,,1.0334183,0.049210396
Afghanistan,AFG,1974,0.7973245,4.9709735,8.544168,,1.0237252,0.04921756
Afghanistan,AFG,1975,0.81557757,4.775551,8.882917,,1.0219284,0.049131177
Afghanistan,AFG,1976,0.794317,4.7659025,10.453604,,1.0100574,0.058838297
Afghanistan,AFG,1977,0.81091493,4.9436502,10.287872,,1.1235569,0.058620356
Afghanistan,AFG,1978,0.82430637,4.9264426,10.376562,,1.1055403,0.05818633
Afghanistan,AFG,1979,0.8834392,5.203554,10.106155,,0.99993664,0.058248736
Afghanistan,AFG,1980,0.9107385,5.084122,11.078983,,1.0508521,0.0700568
Afghanistan,AFG,1981,1.0425425,5.701404,12.771145,,1.1294209,0.07601872
Afghanistan,AFG,1982,1.1264573,6.275976,14.034739,,1.195424,0.080461234
Afghanistan,AFG,1983,1.1549072,6.223044,13.230976,,1.1661199,0.08970153
Afghanistan,AFG,1984,1.2076222,6.0804834,11.949103,,1.0593177,0.084745415
Afghanistan,AFG,1985,1.190548,5.95274,10.331535,,0.8979557,0.08071512
Afghanistan,AFG,1986,1.2918673,5.9563956,9.338919,,0.6804492,0.088754244
Afghanistan,AFG,1987,1.3212079,6.1980195,9.986777,,0.6897482,0.1068624
Afghanistan,AFG,1988,1.1277447,6.2121534,10.484203,,0.78368706,0.10512875
Afghanistan,AFG,1989,1.0861675,6.0447583,10.77667,,0.85004413,0.09444935
Afghanistan,AFG,1990,1.03231,7.1872153,11.20933,,0.9349223,0.116865285
Afghanistan,AFG,1991,0.999572,7.0691376,11.221999,,0.94804764,0.11335352
Afghanistan,AFG,1992,0.95692873,6.511276,10.016547,,1.0401399,0.114415385
Afghanistan,AFG,1993,0.7921007,6.5094433,8.804504,,0.9952035,0.10155138
Afghanistan,AFG,1994,0.7202322,6.9791517,8.257311,,0.8419616,0.10144116
Afghanistan,AFG,1995,0.73164064,7.6152453,7.8316464,,0.75225025,0.09274318
Afghanistan,AFG,1996,0.7360499,8.055081,8.148383,,0.518345,0.0933021
Afghanistan,AFG,1997,0.76281506,8.452815,8.648674,,0.5360322,0.08246649
Afghanistan,AFG,1998,0.78354347,8.924255,9.0870695,,0.52914625,0.081407115
Afghanistan,AFG,1999,0.70349187,7.487163,9.657938,,0.5225939,0.080399066
Afghanistan,AFG,2000,0.654773,6.261267,8.4302025,,0.5115414,0.061384972
Afghanistan,AFG,2001,0.65251243,5.3253436,7.1986856,,0.49464652,0.06314636
Afghanistan,AFG,2002,1.1736012,7.0208354,5.5564303,,0.488135,0.062315106
Afghanistan,AFG,2003,1.2608883,6.0400615,5.348607,,0.45758042,0.061010722
Afghanistan,AFG,2004,1.5189861,6.4123645,5.556023,,0.46894875,0.061167225
Afghanistan,AFG,2005,2.2717063,5.9288483,5.470432,,0.5908474,0.061122146
Afghanistan,AFG,2006,1.4013118,4.7684927,4.6979227,,0.4435807,0.060488276
Afghanistan,AFG,2007,1.118644,5.4203386,3.8949149,,0.45762706,0.08135592
Afghanistan,AFG,2008,2.0006592,5.0731,4.8485365,,0.46954247,0.081659555
Afghanistan,AFG,2009,1.5636511,4.963331,5.0036836,,0.43378708,0.0706165
Afghanistan,AFG,2010,2.2800002,4.7200003,5.0200005,,0.37000003,0.120000005
Afghanistan,AFG,2011,1.9100002,4.7900004,4.6400003,,0.35000002,0.14000002
Afghanistan,AFG,2012,2.0399995,4.379999,5.0099993,,0.36999992,0.15999997
Afghanistan,AFG,2013,2.0999992,4.1699986,5.1899986,,0.37999988,0.17999995
Afghanistan,AFG,2014,2.0999994,4.9799986,5.0499988,0.029999992,0.3799999,0.18999995
Afghanistan,AFG,2015,1.9599997,3.7999995,4.7599993,0.019999996,0.35999995,0.20999996
Afghanistan,AFG,2016,1.9899998,3.2699997,4.7899995,0.009999999,0.35999998,0.22999997
Afghanistan,AFG,2017,1.7899994,2.9199991,4.4399986,0.019999994,0.3299999,0.42999986
Afghanistan,AFG,2018,1.46,2.66,4.31,0.03,0.32,0.42
Afghanistan,AFG,2019,1.8099997,2.7499998,3.4499998,0.029999996,0.30999997,0.38999996
Afghanistan,AFG,2020,1.6400001,3.1900003,4.0200005,0.040000003,0.30000004,0.43000004
Afghanistan,AFG,2021,1.52,2.29,3.79,0.01,0.29,0.4
Afghanistan,AFG,2022,0.8699998,1.8899996,3.6599994,0.009999998,0.28999993,0.38999993
Afghanistan,AFG,2023,0.81,1.73,3.57,0,0.28,0.38
Africa,OWID_AFR,1961,1.3127555,6.917249,2.6927876,0.7091465,1.8493114,4.575797
Africa,OWID_AFR,1962,1.3284563,6.7192073,2.6267848,0.6685557,1.8299868,4.6379833
Africa,OWID_AFR,1963,1.341056,6.6729302,2.5505898,0.64883363,1.8256018,4.967154
Africa,OWID_AFR,1964,1.3897934,6.6425843,2.5681264,0.67250884,1.8595244,5.3887267
Africa,OWID_AFR,1965,1.4261725,6.6628184,2.6380744,0.66978234,1.8557682,5.3615117
Africa,OWID_AFR,1966,1.4713482,6.7416067,2.6964362,0.6619524,1.8714385,5.6320825
Africa,OWID_AFR,1967,1.5240312,6.707718,2.6776671,0.69090325,1.9147344,5.734572
Africa,OWID_AFR,1968,1.566331,6.822936,2.7422128,0.70344573,1.9285272,5.384323
Africa,OWID_AFR,1969,1.6526207,6.822687,2.7997928,0.7329059,1.8968924,5.5218
Africa,OWID_AFR,1970,1.7088604,6.7460046,2.6933768,0.7181971,1.8692533,6.142526
Africa,OWID_AFR,1971,1.7401396,6.4743567,2.6827314,0.7301307,1.854573,6.656238
Africa,OWID_AFR,1972,1.8261698,6.427069,2.6549351,0.7640453,1.8421396,6.9048266
Africa,OWID_AFR,1973,1.8773019,6.508065,2.4264333,0.7715274,1.7548006,6.923424
Africa,OWID_AFR,1974,1.8559487,6.4657583,2.2788615,0.7329987,1.7355721,7.037901
Africa,OWID_AFR,1975,1.9809252,6.332531,2.3465395,0.72113043,1.7381597,7.428564
Africa,OWID_AFR,1976,2.0633488,6.5568438,2.3747034,0.72635645,1.7083591,7.8088455
Africa,OWID_AFR,1977,2.1770015,6.6768746,2.4306254,0.73967004,1.7193196,7.9730077
Africa,OWID_AFR,1978,2.254942,6.931495,2.4831474,0.7380726,1.7064074,8.231596
Africa,OWID_AFR,1979,2.277237,6.8037233,2.4938776,0.72598326,1.6915307,8.191029
Africa,OWID_AFR,1980,2.4140077,7.0435314,2.4969969,0.7459159,1.7316749,8.049306
Africa,OWID_AFR,1981,2.5451698,6.890057,2.4832454,0.7681883,1.734093,8.794571
Africa,OWID_AFR,1982,2.5762715,7.106341,2.3882148,0.7702343,1.7840204,8.936426
Africa,OWID_AFR,1983,2.7390413,7.0135226,2.3636022,0.76571256,1.7922664,8.104417
Africa,OWID_AFR,1984,2.8755214,6.9133573,2.3135118,0.79481405,1.7814703,7.7613854
Africa,OWID_AFR,1985,2.92635,6.8520412,2.3130388,0.80404663,1.7768819,7.413754
Africa,OWID_AFR,1986,3.0010011,6.5642614,2.2480633,0.8398617,1.7609407,7.672186
Africa,OWID_AFR,1987,3.1404061,6.2927427,2.3159125,0.89922005,1.7360393,8.283823
Africa,OWID_AFR,1988,3.0585568,6.1497684,2.4244173,0.9115529,1.7227366,8.285457
Africa,OWID_AFR,1989,3.0326316,6.0530763,2.4640005,0.98812556,1.7283736,8.363773
Africa,OWID_AFR,1990,3.286497,6.143553,2.4310248,0.9936154,1.6891791,8.706075
Africa,OWID_AFR,1991,3.228427,6.2926607,2.425514,0.9492211,1.6717973,7.6233087
Africa,OWID_AFR,1992,3.2613332,6.2689195,2.4591742,0.98037606,1.669754,7.544383
Africa,OWID_AFR,1993,3.1703649,6.090976,2.3338523,0.9572492,1.5953859,7.292785
Africa,OWID_AFR,1994,3.285753,5.9113607,2.38285,0.96379995,1.6926507,6.779633
Africa,OWID_AFR,1995,3.4450467,5.6511207,2.4360845,1.1659052,1.6528343,7.188121
Africa,OWID_AFR,1996,3.5386589,5.5265756,2.418666,1.1686826,1.6132152,7.354991
Africa,OWID_AFR,1997,3.8307023,5.597608,2.520018,1.1649337,1.6445152,7.57995
Africa,OWID_AFR,1998,3.7445836,5.566459,2.5738764,1.1376797,1.574788,7.597273
Africa,OWID_AFR,1999,3.913295,5.7037992,2.6797543,1.1132365,1.6015837,7.8534436
Africa,OWID_AFR,2000,4.080964,5.8459744,2.7344306,1.0755914,1.5745704,7.6765165
Africa,OWID_AFR,2001,4.184419,5.352622,2.7226765,1.0821928,1.5736727,8.124066
Africa,OWID_AFR,2002,4.358125,5.6533456,2.6800914,1.1002965,1.5799695,7.741358
Africa,OWID_AFR,2003,4.5293956,5.7078714,2.656127,1.1008601,1.5909249,8.075333
Africa,OWID_AFR,2004,4.522219,5.8471026,2.6704814,1.1772918,1.5891905,8.696693
Africa,OWID_AFR,2005,4.554902,6.125204,2.7604191,1.2057081,1.5634673,8.839089
Africa,OWID_AFR,2006,4.6683426,6.3256235,2.7808316,1.2162161,1.5401117,9.519074
Africa,OWID_AFR,2007,5.0197754,6.362358,2.784799,1.349661,1.5924107,10.025317
Africa,OWID_AFR,2008,5.2381577,6.157458,2.8241217,1.4448923,1.6253978,9.78034
Africa,OWID_AFR,2009,5.381107,6.092054,2.7992527,1.4638572,1.6180016,9.573246
Africa,OWID_AFR,2010,5.5298386,6.2424326,2.730781,1.2098923,1.6361518,9.555446
Africa,OWID_AFR,2011,5.627725,6.1756177,2.6525764,1.2560731,1.6570872,10.020685
Africa,OWID_AFR,2012,5.8634925,6.0547805,2.4641201,1.264838,1.5862104,9.980472
Africa,OWID_AFR,2013,6.066974,6.178719,2.4890354,1.2543938,1.5750872,10.067761
Africa,OWID_AFR,2014,6.2347136,6.2003098,2.6433008,1.4123693,1.6355493,10.312474
Africa,OWID_AFR,2015,5.992974,6.354442,2.5063806,1.3765255,1.6460766,10.08162
Africa,OWID_AFR,2016,5.931626,6.0492373,2.4641113,1.3347195,1.6108758,9.775977
Africa,OWID_AFR,2017,6.22255,5.7756124,2.4029987,1.3804218,1.5605482,9.773219
Africa,OWID_AFR,2018,6.544198,5.7999096,2.3723156,1.3610504,1.5399051,9.833149
Africa,OWID_AFR,2019,6.4188647,5.4398255,2.3677197,1.582013,1.4561272,9.873439
Africa,OWID_AFR,2020,6.5099607,5.2589664,2.3895702,1.6686351,1.4047573,9.375466
Africa,OWID_AFR,2021,6.984568,5.1133604,2.3468328,1.6511664,1.3837917,9.153527
Africa,OWID_AFR,2022,6.6777263,5.0522213,2.2884452,1.7459704,1.3590103,8.950434
Africa,OWID_AFR,2023,7.021459,4.6965504,1.8926048,1.7558445,1.3015183,9.255091
Africa (FAO),,1961,1.31,6.91,2.69,0.68,1.85,4.57
Africa (FAO),,1962,1.33,6.71,2.62,0.64,1.83,4.63
Africa (FAO),,1963,1.34,6.66,2.54,0.62,1.82,4.96
Africa (FAO),,1964,1.39,6.62,2.56,0.64,1.85,5.37
Africa (FAO),,1965,1.42,6.64,2.63,0.64,1.85,5.34
Africa (FAO),,1966,1.47,6.71,2.68,0.63,1.86,5.61
Africa (FAO),,1967,1.52,6.68,2.67,0.66,1.91,5.71
Africa (FAO),,1968,1.56,6.79,2.73,0.67,1.92,5.36
Africa (FAO),,1969,1.65,6.79,2.79,0.7,1.89,5.5
Africa (FAO),,1970,1.7,6.72,2.68,0.68,1.86,6.12
Africa (FAO),,1971,1.73,6.45,2.67,0.7,1.85,6.63
Africa (FAO),,1972,1.82,6.4,2.64,0.73,1.83,6.88
Africa (FAO),,1973,1.87,6.49,2.42,0.73,1.75,6.9
Africa (FAO),,1974,1.85,6.45,2.27,0.7,1.73,7.02
Africa (FAO),,1975,1.98,6.33,2.35,0.69,1.74,7.42
Africa (FAO),,1976,2.07,6.57,2.38,0.69,1.71,7.82
Africa (FAO),,1977,2.19,6.7,2.44,0.71,1.73,8
Africa (FAO),,1978,2.27,6.97,2.5,0.71,1.72,8.28
Africa (FAO),,1979,2.29,6.85,2.51,0.7,1.7,8.24
Africa (FAO),,1980,2.43,7.1,2.52,0.72,1.74,8.11
Africa (FAO),,1981,2.57,6.95,2.51,0.74,1.75,8.88
Africa (FAO),,1982,2.6,7.18,2.41,0.74,1.8,9.03
Africa (FAO),,1983,2.77,7.1,2.39,0.74,1.81,8.2
Africa (FAO),,1984,2.91,6.99,2.34,0.76,1.8,7.85
Africa (FAO),,1985,2.96,6.93,2.34,0.77,1.8,7.49
Africa (FAO),,1986,3.03,6.64,2.27,0.81,1.78,7.76
Africa (FAO),,1987,3.18,6.36,2.34,0.87,1.76,8.38
Africa (FAO),,1988,3.1,6.22,2.45,0.88,1.74,8.39
Africa (FAO),,1989,3.07,6.13,2.5,0.96,1.75,8.48
Africa (FAO),,1990,3.34,6.23,2.47,0.96,1.71,8.83
Africa (FAO),,1991,3.28,6.39,2.47,0.92,1.7,7.75
Africa (FAO),,1992,3.32,6.38,2.5,0.95,1.7,7.68
Africa (FAO),,1993,3.24,6.23,2.39,0.94,1.63,7.46
Africa (FAO),,1994,3.36,6.04,2.44,0.94,1.73,6.93
Africa (FAO),,1995,3.52,5.77,2.49,1.14,1.69,7.34
Africa (FAO),,1996,3.62,5.65,2.47,1.14,1.65,7.52
Africa (FAO),,1997,3.92,5.73,2.58,1.14,1.68,7.76
Africa (FAO),,1998,3.84,5.7,2.64,1.11,1.61,7.78
Africa (FAO),,1999,4.01,5.84,2.75,1.09,1.64,8.05
Africa (FAO),,2000,4.18,5.99,2.81,1.05,1.61,7.87
Africa (FAO),,2001,4.29,5.49,2.79,1.06,1.62,8.34
Africa (FAO),,2002,4.48,5.81,2.76,1.08,1.62,7.96
Africa (FAO),,2003,4.66,5.87,2.74,1.08,1.64,8.31
Africa (FAO),,2004,4.66,6.03,2.75,1.16,1.64,8.96
Africa (FAO),,2005,4.7,6.32,2.85,1.19,1.61,9.13
Africa (FAO),,2006,4.82,6.54,2.87,1.2,1.59,9.84
Africa (FAO),,2007,5.2,6.58,2.88,1.33,1.65,10.37
Africa (FAO),,2008,5.43,6.38,2.93,1.43,1.68,10.13
Africa (FAO),,2009,5.58,6.32,2.9,1.45,1.68,9.93
Africa (FAO),,2010,5.73,6.18,2.39,1.21,1.53,9.9
Africa (FAO),,2011,5.83,6.12,2.32,1.26,1.55,10.38
Africa (FAO),,2012,5.86,6.05,2.46,1.26,1.59,9.98
Africa (FAO),,2013,6.06,6.18,2.49,1.25,1.57,10.06
Africa (FAO),,2014,6.23,6.2,2.64,1.41,1.63,10.31
Africa (FAO),,2015,5.99,6.35,2.51,1.38,1.65,10.08
Africa (FAO),,2016,5.93,6.05,2.46,1.33,1.61,9.77
Africa (FAO),,2017,6.22,5.77,2.4,1.38,1.56,9.77
Africa (FAO),,2018,6.54,5.8,2.37,1.36,1.54,9.83
Africa (FAO),,2019,6.42,5.44,2.37,1.58,1.45,9.87
Africa (FAO),,2020,6.51,5.25,2.38,1.67,1.4,9.39
Africa (FAO),,2021,6.98,5.11,2.34,1.65,1.38,9.17
Africa (FAO),,2022,6.68,5.03,2.28,1.75,1.36,8.96
Africa (FAO),,2023,6.55,5.04,2.29,1.61,1.37,8.76
Albania,ALB,1961,0.90386105,4.2933397,7.653345,2.1024594,0,1.8863186
Albania,ALB,1962,0.9069477,4.2389946,7.5118923,2.0899227,0,1.6068747
Albania,ALB,1963,0.94912654,4.2414093,6.980035,1.789499,0,1.6708583
Albania,ALB,1964,1.0290179,3.2552588,6.846927,1.741415,0,1.6325766
Albania,ALB,1965,1.2563789,3.482247,6.6479263,1.9191931,0,2.1071553
Albania,ALB,1966,1.491378,3.5358496,6.567989,2.2024984,0,2.0543482
Albania,ALB,1967,1.497657,4.207234,8.069612,2.4336927,0,2.4928107
Albania,ALB,1968,1.5510951,3.573409,6.793404,2.6898737,0,2.896032
Albania,ALB,1969,1.5979002,4.18591,5.68578,2.8722992,0,3.293831
Albania,ALB,1970,1.5592195,4.5403686,5.3150754,2.883085,0,3.667598
Albania,ALB,1971,1.6990418,4.7828517,5.2444415,2.877568,0,3.5748627
Albania,ALB,1972,1.7010831,4.6312723,4.877094,2.8613596,0,3.4906619
Albania,ALB,1973,1.8321426,4.4818544,4.7576604,2.630011,0,3.4081793
Albania,ALB,1974,1.9828607,4.53789,4.75492,2.6635442,0,3.5415273
Albania,ALB,1975,2.1552587,4.0336947,4.7257504,2.6100378,0,3.4602773
Albania,ALB,1976,2.3467972,4.8916364,4.743105,2.624056,0,3.3865178
Albania,ALB,1977,2.451135,4.366394,4.416012,2.6496074,0,3.3144898
Albania,ALB,1978,2.5934725,5.147198,4.7199216,2.5934725,0,3.4281535
Albania,ALB,1979,2.7194185,5.2595353,4.701705,2.609845,0,3.356938
Albania,ALB,1980,2.849558,5.269183,4.6092854,2.5596032,0,3.28949
Albania,ALB,1981,2.959078,5.1959405,4.513848,3.149663,0,3.360309
Albania,ALB,1982,3.0884292,5.090375,4.1849723,3.0884292,0,3.2292697
Albania,ALB,1983,2.723116,5.476488,3.923304,3.166883,0,3.3282526
Albania,ALB,1984,2.5303874,5.597217,3.3401113,3.238896,0,2.6214812
Albania,ALB,1985,3.1733582,5.6144032,3.2343845,3.437805,0,3.7632775
Albania,ALB,1986,2.5601928,4.9974966,2.9186199,3.6252332,0,2.9493423
Albania,ALB,1987,2.3546934,5.2464223,3.0466428,3.5526955,0,3.3461432
Albania,ALB,1988,2.8345768,6.2609887,3.3952625,3.7379034,0,3.4783268
Albania,ALB,1989,2.9337904,6.473132,3.6855092,3.6855092,0,2.6727772
Albania,ALB,1990,2.933872,7.203234,3.6594534,4.0590487,0.03154701,2.302932
Albania,ALB,1991,3.109418,12.037136,3.8050842,2.7721252,0,0.6218836
Albania,ALB,1992,0.84008986,12.055289,4.504982,3.64389,0.03150337,0.7455797
Albania,ALB,1993,3.9926126,9.309147,4.6389365,5.118467,0,0.83396614
Albania,ALB,1994,4.6266594,10.039955,5.6617064,5.454697,0.031051407,0.9108413
Albania,ALB,1995,5.193783,10.593668,5.6162925,5.2453084,0.010305124,1.4324123
Albania,ALB,1996,6.8864737,12.27007,5.1777225,3.2836847,0.25734207,1.0499556
Albania,ALB,1997,3.3416593,11.1388645,4.8990374,2.8259711,0.3094129,1.1860827
Albania,ALB,1998,2.579098,11.093228,5.2203426,5.1892695,0.34180817,1.7711878
Albania,ALB,1999,9.136316,11.540063,5.764828,6.305931,0.1144641,2.76795
Albania,ALB,2000,5.5741887,11.84776,6.252694,4.3320003,0.093947,3.423846
Albania,ALB,2001,7.860238,11.8895235,6.1900673,6.868574,0.04175425,3.4238484
Albania,ALB,2002,12.028736,13.507593,6.33201,7.4151163,0.07290143,4.738593
Albania,ALB,2003,10.159228,14.428598,6.367697,8.372535,0.031163277,4.5186753
Albania,ALB,2004,9.600272,15.381193,7.0056043,9.102097,0.051893365,4.826083
Albania,ALB,2005,9.89089,15.594775,7.0441422,9.537644,0.07272713,4.9870033
Albania,ALB,2006,7.7029505,18.960308,7.1609297,12.487327,0.07296435,4.982423
Albania,ALB,2007,10.232543,19.229221,8.808156,12.777586,0.05236716,5.488078
Albania,ALB,2008,13.448931,21.328423,10.157899,11.4447775,0.07383727,5.7804036
Albania,ALB,2009,14.619257,20.97129,11.523039,12.140155,0.0425597,6.277556
Albania,ALB,2010,14.629945,15.209943,7.3199725,9.669964,0.0799997,6.1499767
Albania,ALB,2011,14.300005,14.940004,7.5500026,9.780004,0.040000014,6.4400024
Albania,ALB,2012,13.629986,14.909985,7.9899917,9.989989,0.039999958,7.129993
Albania,ALB,2013,14.179996,15.029995,8.049997,9.899997,0.039999988,7.1099977
Albania,ALB,2014,11.750008,13.450009,8.520006,6.710005,0.050000034,7.700005
Albania,ALB,2015,11.869983,13.83998,9.059988,7.03999,0.04999993,8.319988
Albania,ALB,2016,13.55001,13.91001,9.080007,7.060005,0.050000038,8.850007
Albania,ALB,2017,11.46998,13.789976,9.059985,8.209986,0.21999961,8.699985
Albania,ALB,2018,9.450003,13.340005,10.860003,5.880002,0.05000002,9.170003
Albania,ALB,2019,12.289996,13.319995,8.669997,7.1399975,0.6099998,8.3899975
Albania,ALB,2020,14.05,11.77,8.28,5.65,0.06,8.42
Albania,ALB,2021,12.929996,13.2199955,8.049997,5.9699974,0.059999976,8.489997
Albania,ALB,2022,22.67997,15.2699795,8.919988,6.3399916,0.26999965,8.559989
Albania,ALB,2023,24.78,15.899999,8.41,7.51,0.08,8.6
Algeria,DZA,1961,1.7994351,4.036302,3.608812,1.4017699,0.4871399,3.2906797
Algeria,DZA,1962,1.6561846,3.312369,3.2621818,0.60224897,0.47176167,1.937234
Algeria,DZA,1963,1.529392,2.390308,2.8967292,0.15192637,0.45577908,1.3774656
Algeria,DZA,1964,1.5630617,2.1964593,3.1261234,0.13280916,0.46994013,1.5528456
Algeria,DZA,1965,1.7143697,2.3133664,3.2531714,0.1445854,0.547359,1.4045439
Algeria,DZA,1966,1.7511137,2.397358,3.0436025,0.13550283,0.5315881,1.5843409
Algeria,DZA,1967,1.8029382,2.316566,2.893087,0.031446595,0.51362777,1.4675078
Algeria,DZA,1968,1.876534,2.5301583,3.4051714,0.031626977,0.49548933,1.1912829
Algeria,DZA,1969,1.9295355,2.5232387,3.4562008,0.031805526,0.4876848,1.5266654
Algeria,DZA,1970,1.9717715,2.1636195,3.6237965,0.021316448,0.47962007,1.5561007
Algeria,DZA,1971,2.0346355,2.6878607,3.640927,0.010708609,0.48188737,1.477788
Algeria,DZA,1972,2.0858893,2.9137938,3.6449301,0.010752006,0.4945923,1.8278412
Algeria,DZA,1973,2.1792967,2.9668643,3.7544322,0,0.5070641,1.8340617
Algeria,DZA,1974,2.261455,3.1811857,3.5382576,0,0.48691618,2.2289941
Algeria,DZA,1975,2.3084393,3.0063393,3.500238,0,0.5368463,2.3084393
Algeria,DZA,1976,2.3209095,3.1859758,3.5763106,0,0.50638026,2.025521
Algeria,DZA,1977,2.3548589,3.9142988,3.6317158,0.010466039,0.5651662,2.3757908
Algeria,DZA,1978,2.408257,3.2773237,3.6856802,0,0.5340048,1.947547
Algeria,DZA,1979,2.4500606,3.130633,3.9892013,0,0.57586896,2.1987724
Algeria,DZA,1980,3.2341154,3.3073802,4.0609603,0,0.5547188,2.585199
Algeria,DZA,1981,3.7549791,3.4516523,4.089685,0.010459552,0.51251805,3.0332704
Algeria,DZA,1982,4.4308834,3.521716,4.77574,0.010450196,0.5225098,3.396314
Algeria,DZA,1983,4.873282,4.393258,4.6541405,0,0.46958816,3.422776
Algeria,DZA,1984,7.0598545,3.217544,4.82111,0.020825528,0.41651058,3.321672
Algeria,DZA,1985,7.2770596,4.007054,4.505341,0,0.40485778,3.5606725
Algeria,DZA,1986,7.4822254,4.2533817,4.4707074,0,0.3829078,3.694543
Algeria,DZA,1987,7.3472786,3.8441458,4.9498544,0,0.40301526,4.4021673
Algeria,DZA,1988,7.561514,3.925376,4.93771,0,0.3925376,4.555502
Algeria,DZA,1989,7.521891,3.5543003,5.5484276,0,0.3822939,4.205233
Algeria,DZA,1990,7.6520104,3.9397511,5.8527536,0,0.38260052,3.6295347
Algeria,DZA,1991,7.595907,4.2946887,5.9090776,0.010348647,0.37255132,3.052851
Algeria,DZA,1992,7.486448,4.3843284,6.183558,0,0.36191392,3.5570967
Algeria,DZA,1993,7.494474,4.531782,6.513792,0,0.35098088,3.7265909
Algeria,DZA,1994,7.54724,4.4850397,6.38216,0,0.35055485,4.8768363
Algeria,DZA,1995,7.3209777,4.685014,6.3427877,0.010296733,0.35008895,4.015726
Algeria,DZA,1996,7.4219184,4.358578,6.5995455,0.010279666,0.339229,2.9913828
Algeria,DZA,1997,7.4479356,3.8265562,6.0527296,0,0.32828364,3.25206
Algeria,DZA,1998,8.234627,4.18397,6.0606036,0.010254828,0.31789967,3.3635838
Algeria,DZA,1999,7.7178164,4.5670586,5.8704667,0,0.34894383,3.674173
Algeria,DZA,2000,7.9030914,4.680272,5.901659,0,0.3694952,3.9412818
Algeria,DZA,2001,7.716519,3.5093744,5.684776,0.010261328,0.34888518,4.5765524
Algeria,DZA,2002,7.7557616,4.2574615,5.662937,0.010258944,0.3488041,4.6165247
Algeria,DZA,2003,8.05181,5.2413697,5.6106243,0.010257083,0.33848378,5.159313
Algeria,DZA,2004,8.255446,6.6453776,6.0095544,0.010255212,0.34867722,4.337955
Algeria,DZA,2005,8.236573,6.626185,6.236409,0.010257252,0.33848932,4.564477
Algeria,DZA,2006,7.7996984,5.79846,6.1576567,0.010262761,0.34893388,5.254534
Algeria,DZA,2007,7.801747,5.6870627,6.118212,0.0102654565,0.33876008,5.266179
Algeria,DZA,2008,7.7058635,5.469008,5.6742244,0.010260803,0.3386065,4.822577
Algeria,DZA,2009,7.6373615,5.8741055,5.97662,0.010251492,0.33829927,4.869459
Algeria,DZA,2010,7.2500005,4.88,7.3700004,0,0.36,3.9000003
Algeria,DZA,2011,7.250001,5.3400006,7.430001,0,0.36000007,4.0400004
Algeria,DZA,2012,7.3900013,6.120001,7.5300016,0,0.36000007,4.080001
Algeria,DZA,2013,7.379999,5.8699994,7.579999,0,0.36999997,4.1699996
Algeria,DZA,2014,7.719999,6.1599994,7.699999,0,0.36999997,4.3599997
Algeria,DZA,2015,7.8100004,5.8100004,7.8100004,0,0.38000003,4.1100006
Algeria,DZA,2016,7.21,5.59,7.89,0,0.38,4.02
Algeria,DZA,2017,6.86,5,7.86,0,0.36,4.16
Algeria,DZA,2018,6.7200007,4.9600005,7.770001,0.010000002,0.35000005,4.1900005
Algeria,DZA,2019,6.47,5.18,8.02,0.02,0.34,3.85
Algeria,DZA,2020,5.8499994,3.9599996,8.0199995,0.019999998,0.33999997,3.0199997
Algeria,DZA,2021,6.0900006,3.6100001,8.07,0.010000001,0.35000002,2.8300002
Algeria,DZA,2022,9.71,3.24,8.46,0,0.51,2.79
Algeria,DZA,2023,9.879999,3.2199998,8.639999,0,0.5199999,2.7499998
Americas (FAO),,1961,9.03,30.83,1.9,16.83,1.03,8.95
Americas (FAO),,1962,9,31.01,1.88,17.03,0.98,9.36
Americas (FAO),,1963,9.24,31.84,1.75,17.21,0.99,9.3
Americas (FAO),,1964,9.51,32.41,1.64,17.02,0.97,9.19
Americas (FAO),,1965,10.17,32.29,1.57,15.63,0.87,9.02
Americas (FAO),,1966,10.7,33.12,1.62,15.75,0.89,9.43
Americas (FAO),,1967,11.07,33.48,1.59,16.81,0.88,9.26
Americas (FAO),,1968,11,34.42,1.63,17.07,0.85,9.99
Americas (FAO),,1969,11.47,34.64,1.53,16.71,0.84,9.46
Americas (FAO),,1970,12,34.51,1.49,17.14,0.84,10.15
Americas (FAO),,1971,12.05,32.96,1.48,18.45,0.83,10.09
Americas (FAO),,1972,12.53,33.19,1.4,17.26,0.77,10.94
Americas (FAO),,1973,12.32,31.9,1.23,16.09,0.78,11.38
Americas (FAO),,1974,12.54,33.59,1.16,16.98,0.82,10.66
Americas (FAO),,1975,12.3,35.35,1.07,14.76,0.77,10.29
Americas (FAO),,1976,12.99,37.41,1.01,15.42,0.76,10.59
Americas (FAO),,1977,13.28,36.41,0.96,16.13,0.73,10.71
Americas (FAO),,1978,13.94,35.56,0.91,16.15,0.73,11.6
Americas (FAO),,1979,15.1,32.55,0.9,17.9,0.74,12.03
Americas (FAO),,1980,15.68,32.38,0.85,18.91,0.71,11.84
Americas (FAO),,1981,16.21,32.56,0.86,18.21,0.73,12.57
Americas (FAO),,1982,16.55,31.52,0.86,16.61,0.74,11.81
Americas (FAO),,1983,16.65,31.55,0.86,17.26,0.7,11.7
Americas (FAO),,1984,16.66,31.6,0.85,16.74,0.69,12.58
Americas (FAO),,1985,17.32,32.09,0.85,16.51,0.68,12.57
Americas (FAO),,1986,18.28,32.91,0.91,15.43,0.65,12.97
Americas (FAO),,1987,19.6,31.69,0.87,15.57,0.64,13.85
Americas (FAO),,1988,20.23,31.25,0.87,16.25,0.65,13.17
Americas (FAO),,1989,20.57,30.75,0.85,15.77,0.65,14.16
Americas (FAO),,1990,21.76,30.23,0.86,15.12,0.65,14.03
Americas (FAO),,1991,23.12,30.39,0.87,15.45,0.61,13.05
Americas (FAO),,1992,24.16,30.16,0.85,16.22,0.62,13.26
Americas (FAO),,1993,25.14,29.54,0.85,16.43,0.61,13.9
Americas (FAO),,1994,26.12,30.5,0.85,16.96,0.62,13.84
Americas (FAO),,1995,27.19,30.9,0.82,16.78,0.6,13.93
Americas (FAO),,1996,27.29,31.55,0.73,15.96,0.58,13.91
Americas (FAO),,1997,28.52,31.01,0.71,15.96,0.54,13.87
Americas (FAO),,1998,29.21,30.82,0.72,17.42,0.6,13.68
Americas (FAO),,1999,31.03,31.45,0.75,17.76,0.6,13.43
Americas (FAO),,2000,31.51,31.38,0.77,17.47,0.62,13.55
Americas (FAO),,2001,31.8,30.73,0.78,17.18,0.64,13.67
Americas (FAO),,2002,32.77,31.07,0.77,17.22,0.64,13.83
Americas (FAO),,2003,33.08,30.03,0.75,17.42,0.58,14.32
Americas (FAO),,2004,34.71,30.13,0.79,17.42,0.55,14.68
Americas (FAO),,2005,34.13,30.57,0.75,16.47,0.59,14.09
Americas (FAO),,2006,35.3,30.89,0.76,16.73,0.57,14.7
Americas (FAO),,2007,36,30.97,0.8,17.27,0.56,14.35
Americas (FAO),,2008,37.1,30.64,0.76,17.36,0.63,14.09
Americas (FAO),,2009,35.87,30.08,0.72,17.35,0.68,14.04
Americas (FAO),,2010,38.51,29.99,0.65,17.3,0.61,14.04
Americas (FAO),,2011,39.63,29.35,0.62,17.04,0.59,14.12
Americas (FAO),,2012,39.02,29.53,0.62,17.06,0.61,14.13
Americas (FAO),,2013,39.77,29.56,0.62,17.24,0.63,14.38
Americas (FAO),,2014,40.67,29.44,0.64,16.74,0.61,14.9
Americas (FAO),,2015,42.39,28.18,0.63,17.32,0.62,14.71
Americas (FAO),,2016,42.59,27.9,0.62,17.5,0.63,14.72
Americas (FAO),,2017,43.11,28.25,0.63,17.76,0.64,14.94
Americas (FAO),,2018,43.77,28.4,0.64,19.25,0.73,15.09
Americas (FAO),,2019,44.82,28.22,0.67,19.5,0.7,14.81
Americas (FAO),,2020,45.19,27.89,0.68,19.14,0.68,14.68
Americas (FAO),,2021,43.86,27.64,0.7,19.67,0.67,14.82
Americas (FAO),,2022,44.57,27.65,0.7,20.31,0.63,14.74
Americas (FAO),,2023,44.7,28.46,0.66,20.43,0.66,14.64
Angola,AGO,1961,0.5818582,3.157296,0.31477574,1.5071081,0.75355405,6.839218
Angola,AGO,1962,0.586723,3.4530094,0.31740755,1.4908535,0.750236,9.397187
Angola,AGO,1963,0.60127574,3.5785606,0.32003388,1.4934913,0.7370477,8.573029
Angola,AGO,1964,0.6059091,4.0361366,0.33227274,1.4756818,0.9186364,11.658864
Angola,AGO,1965,0.61996216,4.4381423,0.3444234,1.6433917,0.9053416,10.352385
Angola,AGO,1966,0.6832759,4.5650754,0.36639434,1.604213,0.8912294,10.972025
Angola,AGO,1967,0.7172167,5.1400523,0.34864697,1.5838535,1.0658636,13.587271
Angola,AGO,1968,0.77166,5.251296,0.39084077,1.5934278,1.0522636,14.160461
Angola,AGO,1969,0.8477689,5.934383,0.41379198,1.5946131,1.0395262,12.787182
Angola,AGO,1970,0.97233623,6.7253256,0.4253971,1.5597894,1.0229788,14.858514
Angola,AGO,1971,0.99956536,6.875798,0.44425127,1.6154592,0.99956536,11.207249
Angola,AGO,1972,1.0010902,6.537119,0.4705124,1.5917335,0.9710575,6.1767263
Angola,AGO,1973,0.9897419,6.6411686,0.4750761,1.6330742,0.9402548,5.7504005
Angola,AGO,1974,0.96928674,6.5989823,0.479748,1.6840134,0.91054213,7.509525
Angola,AGO,1975,0.9506482,7.6633887,0.4850246,1.716987,0.87304425,4.3555207
Angola,AGO,1976,0.9239501,6.746761,0.49084845,1.7805288,0.8469542,8.70053
Angola,AGO,1977,0.89788824,8.873811,0.49670413,2.0536807,0.8214723,14.060549
Angola,AGO,1978,0.87231165,8.467112,0.4930457,2.0575178,0.7964584,13.283789
Angola,AGO,1979,0.8485949,8.005078,0.49972808,2.26292,0.7637354,11.861471
Angola,AGO,1980,1.0703617,8.562894,0.48823515,2.6759043,0.7417419,7.999546
Angola,AGO,1981,1.1709297,8.449429,0.47773927,2.4636362,0.7119252,12.439957
Angola,AGO,1982,1.3475854,9.217859,0.4679116,2.4144237,0.68315095,20.887573
Angola,AGO,1983,1.9629009,7.3935933,0.45801023,2.467647,0.6636475,20.731974
Angola,AGO,1984,1.3700465,7.716996,0.45668218,3.0476544,0.633763,22.917988
Angola,AGO,1985,1.5200706,7.479859,0.4448987,3.0586786,0.61173576,24.571384
Angola,AGO,1986,1.6730893,7.2623105,0.43206152,2.684297,0.5883391,23.699034
Angola,AGO,1987,2.1858163,8.296994,0.43716326,2.65941,0.5737768,22.714275
Angola,AGO,1988,1.759099,7.8122034,0.43300897,2.6431592,0.55028224,22.54353
Angola,AGO,1989,1.8602095,8.12053,0.42927912,2.7813709,0.5365989,20.551737
Angola,AGO,1990,1.9554528,6.968523,0.4355327,2.675415,0.52441686,17.252426
Angola,AGO,1991,1.842906,6.3970103,0.43414614,2.5162754,0.496167,10.60557
Angola,AGO,1992,2.4886618,6.642336,0.43396595,2.5240874,0.5048175,9.866083
Angola,AGO,1993,1.5780733,6.2856965,0.443279,2.36711,0.5053381,10.31067
Angola,AGO,1994,1.0812616,5.548113,0.4520028,2.3575048,0.5140424,10.227672
Angola,AGO,1995,1.2988786,4.736047,0.47713906,2.429875,0.51248264,9.215853
Angola,AGO,1996,1.107159,5.6763864,0.53600556,2.6888146,0.50964457,10.11381
Angola,AGO,1997,2.3295357,5.9677997,0.59329003,2.6261806,0.50604147,9.065123
Angola,AGO,1998,2.73864,6.1792736,0.623994,2.7646399,0.4939952,7.55726
Angola,AGO,1999,2.337031,6.1142244,0.6467797,2.4318917,0.47430515,10.15013
Angola,AGO,2000,3.396368,7.411821,0.67927366,2.5193312,0.45571518,10.369671
Angola,AGO,2001,2.4995427,7.5158067,0.7730544,2.8087645,0.43806416,13.06462
Angola,AGO,2002,4.957264,7.886947,0.8419617,3.1015117,0.42098084,13.746313
Angola,AGO,2003,5.955707,8.224547,0.8937858,3.1884089,0.4039224,11.37858
Angola,AGO,2004,5.0678573,6.760006,0.9019067,3.3241706,0.38653147,11.45851
Angola,AGO,2005,5.73731,7.992784,0.96050626,3.6104746,0.37734175,10.299715
Angola,AGO,2006,6.8948984,7.596364,0.9666544,4.1660237,0.36784196,11.907814
Angola,AGO,2007,7.1351304,7.75743,0.9547606,4.8846235,0.34951058,14.30436
Angola,AGO,2008,8.512551,7.247975,1.2391152,5.4656863,0.33948362,14.49595
Angola,AGO,2009,7.869793,6.0290046,1.0723859,5.7250214,0.34620333,13.653922
Angola,AGO,2010,11.050004,5.830002,0.9300003,5.670002,0.3800001,15.780005
Angola,AGO,2011,12.749995,5.919998,0.9099997,6.5999975,0.3699999,19.609993
Angola,AGO,2012,13.869996,6.229998,0.87999976,6.929998,0.3599999,23.629992
Angola,AGO,2013,14.220002,6.300001,0.8800001,7.400001,0.34000003,23.010002
Angola,AGO,2014,15.480001,6.9400005,0.87000006,11.000001,0.36000004,24.760002
Angola,AGO,2015,9.66,5.42,0.84999996,8.62,0.34999996,19.64
Angola,AGO,2016,8.799999,4.6399994,0.8299999,7.6599994,0.32999998,18.829998
Angola,AGO,2017,10.500001,4.7000003,0.80000013,8.220001,0.33000004,18.090002
Angola,AGO,2018,12.029996,4.1899986,0.7899998,7.8299975,0.3199999,13.589996
Angola,AGO,2019,9.699999,4.4299994,0.78999996,7.5899997,0.31999996,13.919999
Angola,AGO,2020,8.309998,3.7599988,0.7399998,6.439998,0.2899999,11.069996
Angola,AGO,2021,8.720001,3.5000002,0.71000004,7.8600006,0.28000003,15.260001
Angola,AGO,2022,10.460001,3.3000002,0.6700001,8.340001,0.27000004,14.790001
Angola,AGO,2023,7.41,3.48,0.65,6.79,0.26,14.34
Antigua and Barbuda,ATG,1961,4.0456905,10.367083,0.846094,4.804258,0.4765357,35.81798
Antigua and Barbuda,ATG,1962,6.5519347,11.287685,1.2889053,6.0734773,0.5956304,35.74759
Antigua and Barbuda,ATG,1963,6.331482,10.281307,1.1859277,6.086456,0.03920422,35.244595
Antigua and Barbuda,ATG,1964,7.165749,10.133988,0.9994071,6.835945,0.16989921,35.998646
Antigua and Barbuda,ATG,1965,5.6312203,9.982162,0.8001734,5.981296,0.18003902,37.098038
Antigua and Barbuda,ATG,1966,8.862931,11.136248,0.8712712,8.232011,0.7010228,36.533302
Antigua and Barbuda,ATG,1967,8.16884,8.940621,0.8419419,6.003847,1.1626816,31.933655
Antigua and Barbuda,ATG,1968,9.274733,7.2092247,0.9525401,6.858289,1.7947861,25.868982
Antigua and Barbuda,ATG,1969,8.66274,9.204162,1.2232109,7.569871,3.5693696,34.86151
Antigua and Barbuda,ATG,1970,12.506778,10.77476,1.2083844,9.294489,3.1015196,30.602333
Antigua and Barbuda,ATG,1971,10.76436,11.416745,1.2639968,8.746042,2.7828317,30.509212
Antigua and Barbuda,ATG,1972,11.081833,9.806749,1.2543516,7.609042,2.4776037,35.204777
Antigua and Barbuda,ATG,1973,5.451664,10.132066,1.0882198,6.5821447,2.1764395,40.010563
Antigua and Barbuda,ATG,1974,10.381123,8.647345,1.0014982,5.6536193,1.1845679,37.85233
Antigua and Barbuda,ATG,1975,9.3684225,6.9911985,1.5668067,5.554059,0.010805562,44.583748
Antigua and Barbuda,ATG,1976,7.01328,7.7705827,1.2511955,5.2242904,0,47.85274
Antigua and Barbuda,ATG,1977,5.3802323,11.187815,1.0848126,5.435021,0.03287311,47.28249
Antigua and Barbuda,ATG,1978,13.334322,13.323238,1.0973382,5.93006,0.07758957,41.0338
Antigua and Barbuda,ATG,1979,13.70375,11.208143,1.2478032,8.072072,0,44.90987
Antigua and Barbuda,ATG,1980,15.284127,12.105809,1.5186499,15.197348,0.032542497,46.59001
Antigua and Barbuda,ATG,1981,30.981974,11.69805,1.6556906,9.04678,0.06492904,40.721333
Antigua and Barbuda,ATG,1982,33.05083,12.713496,1.6823555,8.677973,0,32.13512
Antigua and Barbuda,ATG,1983,35.5327,13.233157,1.7274295,8.270723,0,32.737408
Antigua and Barbuda,ATG,1984,40.5826,15.021033,1.6930923,9.879813,0,42.058895
Antigua and Barbuda,ATG,1985,43.12076,14.465529,1.7162492,10.042101,0,52.96876
Antigua and Barbuda,ATG,1986,44.76762,15.468488,1.5367386,9.604616,0,55.393364
Antigua and Barbuda,ATG,1987,47.49328,17.62038,1.4872428,9.681852,0,49.994995
Antigua and Barbuda,ATG,1988,52.84235,18.769032,1.9303594,9.562703,0,45.695072
Antigua and Barbuda,ATG,1989,57.668045,13.888485,2.241341,6.8806243,0,48.98652
Antigua and Barbuda,ATG,1990,62.45502,14.613788,2.4274416,6.908872,0,30.858973
Antigua and Barbuda,ATG,1991,56.811657,15.74299,2.112103,5.6811657,0,30.224585
Antigua and Barbuda,ATG,1992,51.996365,14.404861,1.9265158,5.867561,0,48.3976
Antigua and Barbuda,ATG,1993,47.104465,15.249005,2.2987454,5.7171383,0,40.92163
Antigua and Barbuda,ATG,1994,52.650017,13.778791,2.4050255,4.7699676,0,38.85118
Antigua and Barbuda,ATG,1995,48.589943,13.109514,2.5620875,4.366515,0,38.790207
Antigua and Barbuda,ATG,1996,61.2647,10.153815,2.2519352,5.0769076,0,35.8299
Antigua and Barbuda,ATG,1997,60.956505,9.148035,2.522548,5.885945,0,40.82678
Antigua and Barbuda,ATG,1998,57.8473,11.023885,2.5848405,6.978048,0,37.015324
Antigua and Barbuda,ATG,1999,58.546436,10.799528,2.372389,6.0960083,0,42.176952
Antigua and Barbuda,ATG,2000,51.913944,9.618706,2.6336932,7.6304235,0,46.313446
Antigua and Barbuda,ATG,2001,52.675667,8.192608,3.0112247,7.123104,0,43.9535
Antigua and Barbuda,ATG,2002,49.329647,8.721723,3.613285,8.763254,0,46.650833
Antigua and Barbuda,ATG,2003,51.108532,8.214799,2.8907773,8.069221,0,53.27141
Antigua and Barbuda,ATG,2004,52.282368,8.092311,3.0307112,7.7902813,0,54.10496
Antigua and Barbuda,ATG,2005,54.18119,10.142035,3.8149898,11.684709,3.6690612,56.318
Antigua and Barbuda,ATG,2006,54.606483,10.212977,3.0371253,9.605552,3.4695294,57.365635
Antigua and Barbuda,ATG,2007,56.05414,11.348573,3.8445346,9.621616,3.423075,58.634296
Antigua and Barbuda,ATG,2008,56.631817,11.469864,3.6797867,11.285363,3.3722837,58.856087
Antigua and Barbuda,ATG,2009,57.01804,11.61403,3.2686803,8.47814,3.3197534,57.42663
Antigua and Barbuda,ATG,2010,83.01346,7.2885475,1.6096792,8.27835,1.269747,54.239193
Antigua and Barbuda,ATG,2011,62.525517,10.977457,1.9795414,8.518027,0.189956,55.77708
Antigua and Barbuda,ATG,2012,74.927124,7.2887473,1.1797972,11.318054,0.13997594,56.02037
Antigua and Barbuda,ATG,2013,63.07997,10.848275,1.6297408,8.758608,0.34994435,54.27137
Antigua and Barbuda,ATG,2014,61.480305,11.418199,1.939694,7.938748,0.40993533,54.921337
Antigua and Barbuda,ATG,2015,66.28185,11.238618,1.9397615,7.879031,0.28996432,55.493176
Antigua and Barbuda,ATG,2016,46.644817,10.338851,1.9897789,8.929008,0.2599711,54.763916
Antigua and Barbuda,ATG,2017,69.27004,11.018417,1.7297515,8.758741,0.30995548,56.291912
Antigua and Barbuda,ATG,2018,67.111145,10.808574,1.4298112,7.788972,0.20997228,57.13246
Antigua and Barbuda,ATG,2019,65.74777,9.758184,1.8696522,6.4887924,0.33993676,55.679638
Antigua and Barbuda,ATG,2020,66.58985,7.628837,1.0598384,6.5390034,0.059990853,55.391556
Antigua and Barbuda,ATG,2021,67.004196,10.599082,1.8198423,9.289195,0.69993937,55.085228
Antigua and Barbuda,ATG,2022,69.5725,12.598643,1.4498439,10.798837,0.22997522,54.794094
Antigua and Barbuda,ATG,2023,67.792015,14.688268,1.9497702,11.848603,0.089989394,54.513573
Argentina,ARG,1961,2.0730178,84.38699,7.0179243,8.787573,0.9101054,4.216822
Argentina,ARG,1962,2.4152308,87.008934,6.5180907,7.3871694,0.79833984,4.1735992
Argentina,ARG,1963,2.8879433,87.46631,5.725398,6.916927,0.8280117,5.180122
Argentina,ARG,1964,3.9146748,65.90375,5.8821015,6.850681,1.261171,6.8910384
Argentina,ARG,1965,5.776997,67.5092,6.6037226,9.527508,1.008202,6.6944604
Argentina,ARG,1966,5.449779,77.26397,6.688823,9.851912,0.88647056,6.104559
Argentina,ARG,1967,5.524178,80.06537,7.0033298,9.247212,0.8351672,5.2424355
Argentina,ARG,1968,5.9804354,84.39953,8.010768,7.8398986,0.59301794,5.618594
Argentina,ARG,1969,6.2174587,89.96733,7.0310516,8.658238,0.86381495,5.082446
Argentina,ARG,1970,7.832885,81.913895,6.3767715,8.716595,0.8535836,5.3022604
Argentina,ARG,1971,8.74081,62.12004,6.9826016,10.177519,1.2257229,6.570678
Argentina,ARG,1972,8.307483,60.26445,5.2298923,8.739954,0.6738515,5.8936863
Argentina,ARG,1973,8.255327,64.38149,4.5605655,9.886258,0.65438575,5.57738
Argentina,ARG,1974,11.090279,72.93797,4.00902,9.377883,1.2288955,6.3157167
Argentina,ARG,1975,10.730631,83.97097,4.241874,9.733136,1.0277225,4.765811
Argentina,ARG,1976,9.8147545,86.64998,4.101238,9.210151,1.0681355,3.355558
Argentina,ARG,1977,9.234627,86.46511,4.1288953,8.831808,1.2588096,4.582067
Argentina,ARG,1978,9.707204,89.70866,4.134364,7.836179,1.1467578,7.051555
Argentina,ARG,1979,10.821609,84.231705,4.1397424,9.364659,1.2057502,7.686658
Argentina,ARG,1980,11.243343,85.3691,3.8147056,9.516686,1.204644,6.0332584
Argentina,ARG,1981,11.0432825,85.026245,3.7412755,8.9369335,1.2838693,6.0582585
Argentina,ARG,1982,11.826408,70.20677,3.4877882,7.947747,1.1926633,5.8831367
Argentina,ARG,1983,12.198096,67.179665,3.4751554,7.0404444,1.1517085,5.8987503
Argentina,ARG,1984,11.869495,72.498,3.5228183,7.0256205,1.321057,5.0240192
Argentina,ARG,1985,12.081414,81.9796,3.1903737,6.3507433,1.1201311,6.810797
Argentina,ARG,1986,12.85333,72.052605,3.1783507,6.68653,1.1094242,5.7570124
Argentina,ARG,1987,14.4829645,71.87546,2.8566399,6.552293,1.2585196,5.243832
Argentina,ARG,1988,12.313778,67.33661,2.644369,5.98725,0.92802376,6.5759964
Argentina,ARG,1989,10.78615,65.69384,2.6018345,5.203669,0.99687153,5.4030437
Argentina,ARG,1990,11.304641,63.96335,2.559729,4.233015,1.3545649,5.9461412
Argentina,ARG,1991,12.401772,65.76124,2.637616,4.5088305,1.3138313,6.4099045
Argentina,ARG,1992,15.997661,64.7169,2.129042,5.451939,1.6017559,8.6654
Argentina,ARG,1993,22.334576,64.41825,2.1181056,7.5774474,1.5711769,9.228177
Argentina,ARG,1994,23.32456,61.138775,2.6932068,7.8112936,1.6000232,8.039868
Argentina,ARG,1995,23.698746,55.601665,2.5228338,6.893097,1.5494568,9.982079
Argentina,ARG,1996,22.848154,54.086872,2.0256512,6.513859,1.6880426,11.717002
Argentina,ARG,1997,23.719343,55.818398,1.4495707,6.086211,1.4992135,11.90435
Argentina,ARG,1998,26.843843,55.881653,1.2111497,7.137841,1.4990458,11.525777
Argentina,ARG,1999,27.747467,59.821793,1.7664697,7.8994937,1.8756336,10.152239
Argentina,ARG,2000,27.587517,58.596203,2.0130358,7.903397,1.8345401,8.47855
Argentina,ARG,2001,26.549402,56.229256,1.7138233,7.2218337,1.585039,9.946119
Argentina,ARG,2002,18.759903,52.351612,1.4248029,4.729554,1.5633254,7.1734867
Argentina,ARG,2003,19.41768,54.70549,1.5810835,5.0594673,1.6996648,7.2532206
Argentina,ARG,2004,21.712692,55.791748,2.0429668,5.0531354,1.5198884,6.7408037
Argentina,ARG,2005,23.996838,55.22722,2.3356264,5.3611,1.5669392,6.6126804
Argentina,ARG,2006,27.336111,54.70174,2.174687,6.4847,1.5941144,8.915233
Argentina,ARG,2007,28.453884,54.16558,2.3490427,6.9095273,1.43498,7.1650715
Argentina,ARG,2008,30.985718,53.677822,2.0120595,7.606567,1.2366805,7.6556416
Argentina,ARG,2009,32.77955,53.460255,2.0474973,8.01365,1.3225461,5.9759493
Argentina,ARG,2010,33.819996,51.159996,1.8399999,7.9199996,1.0699999,5.7199993
Argentina,ARG,2011,37.490005,49.000008,1.5200002,8.620001,0.9600001,5.880001
Argentina,ARG,2012,38.4,51.06,1.47,8.64,0.97,5.73
Argentina,ARG,2013,37.61001,54.93001,1.4800003,10.120002,1.0000002,7.0100017
Argentina,ARG,2014,38.8,51.18,1.56,10.46,0.97,5.83
Argentina,ARG,2015,44.27,52.02,1.54,11.37,0.98,7.14
Argentina,ARG,2016,43.829998,49.399998,1.2999998,12.549999,1.0199999,6.0199995
Argentina,ARG,2017,44.29999,51.34999,1.2599998,13.599998,1.0299999,7.2399983
Argentina,ARG,2018,43.960003,51.850002,1.2700001,14.880001,1.1100001,7.3400006
Argentina,ARG,2019,44.93,47.77,1.33,14.65,1.2,6.81
Argentina,ARG,2020,46.21,51.26,1.39,14.36,1.18,7.12
Argentina,ARG,2021,48.32,44.72,1.14,16.05,1.26,7.15
Argentina,ARG,2022,48.29999,46.409996,0.9299999,17.049997,1.1699998,7.129999
Argentina,ARG,2023,46.729996,48.989998,1.0699999,17.039999,1.1199999,7.1099997
Armenia,ARM,1992,3.3023543,7.6475573,2.2884734,4.702475,0,1.2456248
Armenia,ARM,1993,1.7955955,12.100752,2.4494264,1.307662,0,1.190558
Armenia,ARM,1994,1.3396164,13.973079,2.2001,1.808971,0,0.91915286
Armenia,ARM,1995,2.494532,16.117018,2.1437387,1.500617,0.068209864,0.9646824
Armenia,ARM,1996,5.7290826,10.035571,1.6742082,0.78387785,0,0.5129077
Armenia,ARM,1997,6.1091733,11.7156925,1.5079604,0.7346474,0,0.5026535
Armenia,ARM,1998,6.219404,11.8857565,1.591236,0.9605632,0,0.56275415
Armenia,ARM,1999,6.886883,10.393821,1.4164511,0.92801964,0.019537255,0.7912589
Armenia,ARM,2000,5.235527,10.343119,2.58824,2.6669695,0.029523646,1.0825338
Armenia,ARM,2001,6.0716844,10.54608,2.212395,2.8572633,0.029763158,1.2103685
Armenia,ARM,2002,6.222364,11.756679,1.9345171,3.1410973,0.019943474,1.0869194
Armenia,ARM,2003,6.0041146,13.926349,2.0479925,3.1169446,0.009990207,0.7892264
Armenia,ARM,2004,6.026883,14.957082,2.3927329,3.3938763,0.030034302,0.4905603
Armenia,ARM,2005,7.3310084,14.551701,2.5272422,4.813795,0,2.426955
Armenia,ARM,2006,5.0412006,16.409008,2.4101357,6.4872823,0.0100422315,1.4460815
Armenia,ARM,2007,10.945552,16.78519,2.452447,6.9553,0.010051011,2.2715285
Armenia,ARM,2008,14.7341585,22.96115,2.5043042,8.558887,0,3.2083254
Armenia,ARM,2009,11.2149515,21.381964,3.022898,5.1490026,0,3.425951
Armenia,ARM,2010,14.099986,19.65998,2.799997,6.6899934,0.049999952,2.6299975
Armenia,ARM,2011,14.730004,21.230007,2.8700008,7.9900026,0.06000002,3.2700012
Armenia,ARM,2012,14.060005,19.850008,2.900001,8.600003,0.020000007,3.4700012
Armenia,ARM,2013,13.539972,20.549957,3.0699937,9.509981,0.019999959,4.2599916
Armenia,ARM,2014,13.829938,22.399899,2.9999866,10.739952,0.03999982,5.489975
Armenia,ARM,2015,14.240005,22.650007,3.130001,10.650003,0.030000009,6.600002
Armenia,ARM,2016,11.279977,24.30995,2.6799946,9.239981,0.039999917,6.5799866
Armenia,ARM,2017,15.619967,25.049948,2.7899942,9.53998,0.039999917,5.8899875
Armenia,ARM,2018,15.339942,25.349905,2.9399889,10.369961,0.05999977,5.6499786
Armenia,ARM,2019,19.059967,25.379955,3.2599943,9.869983,0.09999983,5.48999
Armenia,ARM,2020,15.769983,25.169973,3.679996,8.89999,0.039999954,4.489995
Armenia,ARM,2021,18.510073,25.8601,3.7600145,10.050039,0.030000115,4.990019
Armenia,ARM,2022,18.569937,24.189917,3.7399871,10.999962,0.029999897,4.9699826
Armenia,ARM,2023,18.039951,22.299938,3.4999905,10.769971,0.06999981,4.859987
Asia,OWID_ASI,1961,0.88205314,1.6278554,0.84309083,1.7185179,0.30166444,7.875711
Asia,OWID_ASI,1962,0.911845,1.6677423,0.8429342,2.0320442,0.32061383,7.964403
Asia,OWID_ASI,1963,0.9509687,1.6816142,0.85463065,2.8730476,0.2990417,8.129752
Asia,OWID_ASI,1964,0.96298325,1.7229457,0.85509,3.513179,0.30138704,7.9504175
Asia,OWID_ASI,1965,1.0044267,1.7148361,0.8525209,3.861895,0.3003735,8.349631
Asia,OWID_ASI,1966,1.0434285,1.6984468,0.8843927,4.1613746,0.30409124,8.465931
Asia,OWID_ASI,1967,1.1091212,1.6842308,0.8791433,4.308969,0.29122713,8.668207
Asia,OWID_ASI,1968,1.1681362,1.6953399,0.8769381,4.19622,0.27791128,9.052991
Asia,OWID_ASI,1969,1.2288306,1.7358308,0.88746285,4.050429,0.27560714,8.921292
Asia,OWID_ASI,1970,1.2780617,1.7502067,0.8717236,4.016301,0.25789776,8.9318905
Asia,OWID_ASI,1971,1.3351709,1.7591321,0.8739926,4.414716,0.25881794,9.318777
Asia,OWID_ASI,1972,1.4205319,1.764132,0.87374717,4.6958537,0.26437226,9.539173
Asia,OWID_ASI,1973,1.4801501,1.803279,0.8760749,4.708378,0.26415104,9.717964
Asia,OWID_ASI,1974,1.5252807,1.850858,0.8681379,4.638994,0.26444155,9.992234
Asia,OWID_ASI,1975,1.5693041,1.862911,0.9356342,4.594246,0.25058928,9.949229
Asia,OWID_ASI,1976,1.6694801,1.8520273,0.9304209,4.545642,0.24186708,10.099785
Asia,OWID_ASI,1977,1.7748932,1.8935038,0.96569955,4.524623,0.24194029,10.021526
Asia,OWID_ASI,1978,1.9188299,1.9392751,0.9865312,4.8736916,0.2395608,9.908357
Asia,OWID_ASI,1979,2.0478392,2.0004764,0.95525813,5.7606335,0.22672133,9.618961
Asia,OWID_ASI,1980,2.133979,1.9560918,0.9764022,6.1819506,0.230432,9.648359
Asia,OWID_ASI,1981,2.243357,2.0113614,1.0238482,6.3455887,0.2193244,9.76581
Asia,OWID_ASI,1982,2.3541203,2.090208,1.0660183,6.552423,0.22065592,9.955258
Asia,OWID_ASI,1983,2.4491293,2.1281528,1.0682219,6.691983,0.22838746,10.235503
Asia,OWID_ASI,1984,2.4305239,2.2238052,1.0684875,7.1707535,0.22530033,10.548535
Asia,OWID_ASI,1985,2.5018623,2.232871,1.077022,7.870626,0.23088454,10.887183
Asia,OWID_ASI,1986,2.702106,2.3544114,1.0708126,7.9551682,0.23368251,11.357085
Asia,OWID_ASI,1987,2.941479,2.3752043,1.1212158,8.316794,0.23763411,11.842744
Asia,OWID_ASI,1988,3.1735237,2.4256852,1.1358476,8.800732,0.22763082,12.148117
Asia,OWID_ASI,1989,3.2116866,2.468591,1.1853293,9.064537,0.21959144,12.43045
Asia,OWID_ASI,1990,3.3324876,2.5148022,1.2120944,9.434953,0.20987779,12.421158
Asia,OWID_ASI,1991,3.6828418,2.5436285,1.2535347,9.771568,0.2182709,12.366523
Asia,OWID_ASI,1992,4.013158,3.0276737,1.3936548,10.121601,0.309292,12.825327
Asia,OWID_ASI,1993,4.457776,3.1575253,1.4376308,10.348331,0.30172685,13.6886215
Asia,OWID_ASI,1994,4.6869383,3.2876887,1.4570976,10.913166,0.32393077,14.925747
Asia,OWID_ASI,1995,5.2173276,3.4388914,1.5151359,11.0484705,0.36644602,16.141117
Asia,OWID_ASI,1996,5.2595077,3.4461458,1.4442664,11.02743,0.37295046,16.650793
Asia,OWID_ASI,1997,5.628058,3.6969178,1.5263916,11.217897,0.350769,16.62218
Asia,OWID_ASI,1998,5.811304,3.73292,1.5776024,11.679845,0.36099926,16.618876
Asia,OWID_ASI,1999,6.197358,3.7369394,1.5897852,11.785888,0.366854,17.100664
Asia,OWID_ASI,2000,6.5432186,3.8171587,1.6194122,12.337475,0.3620458,17.392199
Asia,OWID_ASI,2001,6.494471,3.70593,1.6064309,12.278264,0.3992806,17.47656
Asia,OWID_ASI,2002,6.66199,3.7399628,1.6271871,12.55637,0.42866558,17.708628
Asia,OWID_ASI,2003,6.9358287,3.819281,1.6693509,13.0318575,0.44486308,17.885118
Asia,OWID_ASI,2004,6.8765287,3.8376029,1.7267056,13.018289,0.46320626,18.27477
Asia,OWID_ASI,2005,7.300947,3.777409,1.7811941,13.3724165,0.47784016,18.559513
Asia,OWID_ASI,2006,7.525871,3.8902068,1.7649006,13.795392,0.4909232,18.925339
Asia,OWID_ASI,2007,8.017899,4.0810266,1.8130771,13.912984,0.51211435,19.483036
Asia,OWID_ASI,2008,8.373471,4.063338,1.7957926,14.407733,0.51011276,20.081135
Asia,OWID_ASI,2009,8.809133,4.1185613,1.7981063,14.705249,0.5270515,20.6239
Asia,OWID_ASI,2010,8.899343,4.257282,1.7860932,15.119104,0.5455093,20.64767
Asia,OWID_ASI,2011,9.255124,4.181593,1.8321923,14.597937,0.5490762,20.68348
Asia,OWID_ASI,2012,9.357679,4.148194,1.8696196,14.716009,0.5277863,21.32969
Asia,OWID_ASI,2013,9.616161,4.181405,1.9507108,14.853629,0.53911734,21.788033
Asia,OWID_ASI,2014,9.455971,4.2002025,1.9919415,15.3603735,0.5422297,22.47051
Asia,OWID_ASI,2015,9.526255,4.2958274,1.9937582,15.539211,0.5346561,23.20597
Asia,OWID_ASI,2016,9.936935,4.3575506,2.0269728,15.656669,0.5001193,23.412378
Asia,OWID_ASI,2017,9.983552,4.5091553,2.094281,15.510748,0.4315937,23.843418
Asia,OWID_ASI,2018,10.515431,4.7350855,2.1239395,15.075012,0.4337632,24.010798
Asia,OWID_ASI,2019,11.4901495,5.0408587,2.0855932,14.499882,0.42153516,24.541521
Asia,OWID_ASI,2020,12.200208,5.501338,2.155123,12.07274,0.43252352,24.423513
Asia,OWID_ASI,2021,12.212191,5.801843,2.2400742,14.046704,0.4235988,24.759579
Asia,OWID_ASI,2022,12.629757,5.823469,2.634026,15.181635,0.41406548,24.60517
Asia,OWID_ASI,2023,12.71338,5.8002763,2.8123431,15.401421,0.41787812,23.890427
Asia (FAO),,1961,0.88,1.62,0.84,1.7,0.3,7.83
Asia (FAO),,1962,0.91,1.66,0.84,2.01,0.32,7.92
Asia (FAO),,1963,0.95,1.68,0.86,2.85,0.3,8.13
Asia (FAO),,1964,0.97,1.74,0.86,3.5,0.3,7.99
Asia (FAO),,1965,1.01,1.73,0.86,3.86,0.31,8.41
Asia (FAO),,1966,1.05,1.71,0.89,4.17,0.3,8.53
Asia (FAO),,1967,1.12,1.7,0.89,4.31,0.29,8.72
Asia (FAO),,1968,1.18,1.71,0.89,4.19,0.28,9.1
Asia (FAO),,1969,1.24,1.75,0.9,4.04,0.28,8.96
Asia (FAO),,1970,1.29,1.76,0.88,4.01,0.26,8.97
Asia (FAO),,1971,1.34,1.77,0.88,4.4,0.26,9.35
Asia (FAO),,1972,1.43,1.77,0.88,4.68,0.26,9.57
Asia (FAO),,1973,1.49,1.81,0.88,4.68,0.26,9.74
Asia (FAO),,1974,1.53,1.86,0.87,4.61,0.27,10.01
Asia (FAO),,1975,1.57,1.87,0.94,4.56,0.25,9.96
Asia (FAO),,1976,1.67,1.85,0.93,4.51,0.24,10.1
Asia (FAO),,1977,1.78,1.9,0.97,4.49,0.24,10.02
Asia (FAO),,1978,1.92,1.94,0.99,4.83,0.24,9.9
Asia (FAO),,1979,2.05,2,0.96,5.71,0.23,9.61
Asia (FAO),,1980,2.14,1.95,0.98,6.13,0.23,9.64
Asia (FAO),,1981,2.24,2.01,1.03,6.29,0.22,9.76
Asia (FAO),,1982,2.36,2.09,1.07,6.51,0.22,9.96
Asia (FAO),,1983,2.45,2.13,1.07,6.65,0.23,10.24
Asia (FAO),,1984,2.44,2.23,1.07,7.12,0.23,10.55
Asia (FAO),,1985,2.5,2.23,1.08,7.81,0.23,10.88
Asia (FAO),,1986,2.7,2.36,1.07,7.88,0.23,11.35
Asia (FAO),,1987,2.94,2.37,1.12,8.24,0.24,11.83
Asia (FAO),,1988,3.17,2.42,1.14,8.72,0.23,12.13
Asia (FAO),,1989,3.21,2.47,1.19,8.98,0.22,12.41
Asia (FAO),,1990,3.33,2.51,1.21,9.34,0.21,12.4
Asia (FAO),,1991,3.68,2.54,1.25,9.69,0.22,12.35
Asia (FAO),,1992,4.02,3.03,1.4,10.04,0.31,12.82
Asia (FAO),,1993,4.46,3.16,1.44,10.26,0.3,13.69
Asia (FAO),,1994,4.7,3.29,1.46,10.82,0.32,14.93
Asia (FAO),,1995,5.23,3.44,1.52,10.96,0.37,16.16
Asia (FAO),,1996,5.28,3.46,1.45,10.95,0.38,16.69
Asia (FAO),,1997,5.66,3.71,1.53,11.15,0.35,16.68
Asia (FAO),,1998,5.85,3.75,1.59,11.62,0.36,16.7
Asia (FAO),,1999,6.25,3.76,1.6,11.74,0.37,17.21
Asia (FAO),,2000,6.6,3.85,1.64,12.3,0.37,17.53
Asia (FAO),,2001,6.56,3.74,1.62,12.26,0.4,17.64
Asia (FAO),,2002,6.74,3.78,1.65,12.55,0.43,17.89
Asia (FAO),,2003,7.02,3.86,1.69,13.02,0.45,18.08
Asia (FAO),,2004,6.96,3.88,1.75,13.01,0.47,18.49
Asia (FAO),,2005,7.4,3.83,1.8,13.38,0.48,18.8
Asia (FAO),,2006,7.63,3.95,1.79,13.8,0.5,19.19
Asia (FAO),,2007,8.14,4.14,1.84,13.93,0.52,19.77
Asia (FAO),,2008,8.51,4.13,1.83,14.43,0.52,20.39
Asia (FAO),,2009,8.96,4.19,1.83,14.74,0.54,20.97
Asia (FAO),,2010,8.92,4.26,1.79,14.9,0.55,20.65
Asia (FAO),,2011,9.27,4.18,1.84,14.38,0.55,20.69
Asia (FAO),,2012,9.38,4.15,1.88,14.49,0.53,21.33
Asia (FAO),,2013,9.64,4.19,1.95,14.62,0.54,21.8
Asia (FAO),,2014,9.47,4.21,1.99,15.23,0.54,22.48
Asia (FAO),,2015,9.54,4.3,2,15.4,0.53,23.21
Asia (FAO),,2016,9.96,4.36,2.03,15.51,0.5,23.42
Asia (FAO),,2017,10,4.51,2.1,15.37,0.43,23.85
Asia (FAO),,2018,10.54,4.74,2.13,14.97,0.43,24.02
Asia (FAO),,2019,11.46,5.02,2.08,14.33,0.45,24.48
Asia (FAO),,2020,12.16,5.48,2.15,11.96,0.46,24.35
Asia (FAO),,2021,12.17,5.78,2.24,13.91,0.45,24.68
Asia (FAO),,2022,12.59,5.8,2.62,15.12,0.44,24.53
Asia (FAO),,2023,13.06,5.86,2.74,15.5,0.44,24.37
Australia,AUS,1961,4.797513,41.228626,46.0961,10.334642,2.4387357,12.813356
Australia,AUS,1962,4.652934,49.51481,44.64221,11.302835,2.1367552,11.68226
Australia,AUS,1963,4.661326,51.803604,42.421062,10.789922,2.6750224,8.823581
Australia,AUS,1964,5.303674,54.954456,40.71144,10.377623,2.3571885,12.63493
Australia,AUS,1965,6.315845,52.208317,38.745857,10.810005,2.1219637,12.791839
Australia,AUS,1966,5.9428906,48.699524,38.040535,11.584112,2.1619654,14.289083
Australia,AUS,1967,7.4631224,44.028362,37.680653,11.81323,1.8657806,13.466068
Australia,AUS,1968,8.469958,46.175594,38.15573,12.213925,1.6980835,13.20618
Australia,AUS,1969,8.803159,47.81061,40.416367,13.009339,1.9848241,13.389851
Australia,AUS,1970,9.699685,45.190086,37.62085,13.376758,1.6490489,13.100208
Australia,AUS,1971,11.493752,45.64112,41.08814,13.709537,1.2141287,14.286247
Australia,AUS,1972,12.043262,46.51572,42.990124,14.182724,1.0647087,12.545483
Australia,AUS,1973,11.608534,48.23857,33.632668,15.879031,1.6640903,13.182403
Australia,AUS,1974,13.795529,40.846375,23.639473,14.675882,1.8407378,15.976403
Australia,AUS,1975,13.289055,70.98495,26.338127,12.499111,2.0098572,13.579034
Australia,AUS,1976,14.18832,78.516045,23.423737,11.826935,1.881103,12.957599
Australia,AUS,1977,15.048989,78.797066,17.890686,12.637548,1.6409801,14.578708
Australia,AUS,1978,16.71221,80.950714,17.232279,13.571795,1.6602197,13.53179
Australia,AUS,1979,18.208704,62.14558,18.218702,13.20906,1.6798804,12.529108
Australia,AUS,1980,20.74118,52.522346,20.061798,14.596756,2.6376069,13.967326
Australia,AUS,1981,19.722208,51.453136,20.439741,15.287452,2.2821553,16.074745
Australia,AUS,1982,18.557575,56.010677,19.660892,14.859976,2.8626578,16.639196
Australia,AUS,1983,20.192278,48.145466,20.470518,15.303203,2.5339718,14.935528
Australia,AUS,1984,18.99248,47.44138,21.928947,16.036102,2.299404,16.812523
Australia,AUS,1985,21.718462,47.74472,23.413658,16.124313,2.8618908,17.36081
Australia,AUS,1986,22.118805,45.925232,23.716553,16.666496,3.4051979,17.685059
Australia,AUS,1987,23.081127,46.162254,22.021536,17.003464,3.7985399,18.712807
Australia,AUS,1988,23.141483,43.7539,22.53171,17.353615,3.6386611,19.062984
Australia,AUS,1989,23.284626,45.750145,21.43664,17.780624,3.4961903,18.799515
Australia,AUS,1990,23.928986,46.480335,22.810904,18.108961,3.7236178,19.915865
Australia,AUS,1991,23.807133,44.44996,21.611086,17.877808,4.172487,20.143728
Australia,AUS,1992,24.98109,43.249947,20.845877,19.127863,3.8055959,21.33531
Australia,AUS,1993,25.753044,42.024967,20.652441,18.392174,4.000473,20.252394
Australia,AUS,1994,26.604986,42.065315,19.81606,19.085096,4.2656097,20.67719
Australia,AUS,1995,26.201433,40.9147,18.268888,19.360615,4.196636,18.859823
Australia,AUS,1996,26.809258,42.167477,16.470263,18.413832,3.9672892,20.958508
Australia,AUS,1997,30.956873,36.875393,16.80258,18.869045,2.718507,20.564352
Australia,AUS,1998,32.712368,39.325195,16.843605,19.536974,2.844117,20.56206
Australia,AUS,1999,31.010721,42.45108,15.917898,18.916338,2.7569559,21.230574
Australia,AUS,2000,32.58407,39.45924,17.716394,18.984726,3.050038,21.742847
Australia,AUS,2001,31.818487,42.585655,14.973406,17.801044,3.4716566,21.34314
Australia,AUS,2002,33.885643,39.046967,14.548289,19.910833,4.004301,22.92915
Australia,AUS,2003,34.843216,45.81666,13.520496,20.909956,3.5839887,24.946978
Australia,AUS,2004,34.6839,37.265778,13.02033,20.433144,3.257604,27.835873
Australia,AUS,2005,37.33207,42.86312,13.003532,22.02309,3.3671665,25.835167
Australia,AUS,2006,38.06243,35.96474,13.761656,21.86867,3.6380222,26.084316
Australia,AUS,2007,39.583004,43.800865,14.458342,23.046148,2.9099185,26.615108
Australia,AUS,2008,37.758686,38.295494,12.589605,22.586338,2.5928712,26.89091
Australia,AUS,2009,38.695988,38.95902,11.563272,21.83162,2.539266,25.787209
Australia,AUS,2010,46.45999,38.589996,10.199999,22.249996,2.1399999,27.819996
Australia,AUS,2011,47.07,41.89,9.17,23.49,2.31,27.31
Australia,AUS,2012,47.339985,36.849987,9.929997,24.439993,2.2299993,26.869991
Australia,AUS,2013,47.699997,35.779995,9.919999,24.119999,2.2899997,26.699999
Australia,AUS,2014,47.5,35,11.15,24.43,1.14,25.72
Australia,AUS,2015,47.940006,33.020004,11.750002,25.980003,1.0900002,24.840004
Australia,AUS,2016,50.159996,34.129997,11.879999,25.479998,1.0099999,25.959997
Australia,AUS,2017,50.33999,28.099995,10.049998,25.319994,0.9499998,25.629993
Australia,AUS,2018,48.230022,27.96001,10.750005,25.660011,0.88000035,25.990011
Australia,AUS,2019,48.66999,25.829996,9.369999,28.229996,0.88999987,24.259996
Australia,AUS,2020,48.260002,36.670002,10.070001,24.030003,0.76000005,23.610003
Australia,AUS,2021,48.240005,24.770002,8.740001,25.610004,0.97000015,24.700003
Australia,AUS,2022,49.509987,25.969994,9.859997,26.809992,1.1199998,24.469994
Australia,AUS,2023,53.129986,26.909992,10.559998,25.049994,1.1299998,24.239994
Austria,AUT,1961,4.0645494,18.240416,0.49054906,41.025917,1.9121401,7.0378776
Austria,AUT,1962,5.8477154,20.186634,0.48063412,42.085526,1.7122592,7.309644
Austria,AUT,1963,6.3510427,19.794418,0.41071412,41.712524,1.5026126,7.192506
Austria,AUT,1964,7.2336016,19.356396,0.36067823,43.501797,1.4427129,7.3337903
Austria,AUT,1965,6.36274,18.537117,0.37074235,43.96804,1.0621266,7.765549
Austria,AUT,1966,7.17928,19.665419,0.3304271,41.804035,1.0813979,7.269397
Austria,AUT,1967,7.237749,20.403656,0.33989432,42.48679,1.0896612,7.547653
Austria,AUT,1968,7.4193726,21.078217,0.30997378,42.88637,1.039912,7.5893583
Austria,AUT,1969,7.542847,21.727007,0.32054594,43.844677,0.9416037,7.512796
Austria,AUT,1970,8.174756,22.417892,0.29088092,44.32423,0.9930073,7.7133594
Austria,AUT,1971,8.4785795,22.31522,0.26087937,46.396393,0.99334836,7.8765497
Austria,AUT,1972,8.768254,22.106022,0.2705633,47.91976,0.99206537,7.575772
Austria,AUT,1973,9.483615,22.698654,0.28010678,48.09834,1.0604042,8.003051
Austria,AUT,1974,8.572434,25.24662,0.32046482,47.78932,0.9914381,7.2805605
Austria,AUT,1975,8.827698,25.005108,0.38206437,49.135487,1.0054326,6.8369417
Austria,AUT,1976,9.545848,25.908722,0.42291734,52.300777,1.157988,6.1323013
Austria,AUT,1977,9.88768,24.086147,0.40193823,53.859722,1.1555724,5.7577653
Austria,AUT,1978,10.353845,25.38297,0.46150857,54.718864,1.0935746,5.6785617
Austria,AUT,1979,10.677731,24.884628,0.5414061,57.098293,1.1229163,6.3966126
Austria,AUT,1980,10.739371,26.132807,0.5404717,56.349174,1.0709347,6.32552
Austria,AUT,1981,10.914628,25.620445,0.5487245,61.826286,1.0475649,6.28539
Austria,AUT,1982,10.160293,24.348808,0.49854234,60.64269,0.9173179,6.2716627
Austria,AUT,1983,11.195311,23.760048,0.56976134,60.444683,0.9496022,6.797153
Austria,AUT,1984,11.929909,23.619617,0.6505403,61.601166,0.9507897,6.6054864
Austria,AUT,1985,11.477711,21.15264,0.6109427,60.954056,0.99152994,6.860586
Austria,AUT,1986,12.2235365,22.51335,0.68131185,60.887238,0.7915241,7.2740064
Austria,AUT,1987,13.152368,21.974077,0.791949,62.132904,0.6816776,7.799194
Austria,AUT,1988,12.565769,21.481148,0.82234085,68.3646,0.7822266,8.163238
Austria,AUT,1989,13.358547,21.870365,1.0013903,67.27341,0.7910984,9.212791
Austria,AUT,1990,13.483077,21.722734,1.0986211,66.57644,0.8489345,9.278355
Austria,AUT,1991,14.222674,23.355864,1.1254637,66.342606,1.2250624,9.451903
Austria,AUT,1992,14.624256,24.82445,1.1532383,67.17613,1.2924223,10.438796
Austria,AUT,1993,14.972494,22.996319,1.0950627,65.43498,0.96564627,10.054667
Austria,AUT,1994,14.779707,21.929567,1.2099761,71.35859,0.909982,12.1197605
Austria,AUT,1995,15.386823,20.268023,1.1449724,57.26871,0.9842746,8.737947
Austria,AUT,1996,15.553376,21.992033,1.1670063,59.738647,1.1066439,10.804868
Austria,AUT,1997,16.07867,20.26174,1.1764882,58.27136,1.2267655,10.668837
Austria,AUT,1998,16.482841,19.986198,1.1544012,57.80037,1.2347075,10.730912
Austria,AUT,1999,16.819628,18.2221,1.0618705,57.421146,1.1119587,10.789005
Austria,AUT,2000,17.075054,19.507198,1.2711207,60.35321,1.1209884,9.61848
Austria,AUT,2001,17.905052,18.675701,1.2110182,56.11718,0.95079935,10.949204
Austria,AUT,2002,17.282125,18.914215,1.1414614,56.031734,0.8911409,10.383293
Austria,AUT,2003,16.810045,18.664463,1.1226745,54.730377,1.0023879,11.066362
Austria,AUT,2004,18.01288,18.283525,1.1126487,56.99568,1.01241,12.148921
Austria,AUT,2005,18.461952,17.841213,1.151369,55.726257,1.0612618,13.656238
Austria,AUT,2006,17.044619,18.205616,1.1409786,53.87621,1.0008584,13.491571
Austria,AUT,2007,17.699926,17.860197,0.98165977,56.19501,0.8514396,15.406048
Austria,AUT,2008,17.158567,17.890211,1.1826582,52.377728,0.4810813,14.63289
Austria,AUT,2009,17.716984,17.405983,1.1336461,55.297855,0.65209734,13.824464
Austria,AUT,2010,18.850006,17.490005,1.1300004,67.580025,1.2000004,13.610004
Austria,AUT,2011,18.699995,17.389994,1.1399996,65.50998,1.2499996,14.319996
Austria,AUT,2012,18.960001,17.380001,1.1400001,48.380005,1.3700001,13.790001
Austria,AUT,2013,18.729998,17.159998,1.1399999,52.599995,1.4599999,13.879999
Austria,AUT,2014,19.18002,14.060014,1.140001,47.690044,1.3300014,14.120013
Austria,AUT,2015,18.940006,14.210005,1.1400003,53.11002,1.1900005,14.100005
Austria,AUT,2016,18.22,15.97,1.14,49.36,1.19,14.08
Austria,AUT,2017,18.240002,15.510002,1.1200001,49.11001,1.1800001,14.140002
Austria,AUT,2018,18.649994,16.829994,1.1399996,48.549984,1.3499997,14.1799965
Austria,AUT,2019,15.7000065,16.220007,1.1700004,47.08002,0.5900002,14.490006
Austria,AUT,2020,15.950014,15.010014,1.0500009,45.450043,0.3300003,13.100013
Austria,AUT,2021,16.420012,14.12001,0.9600007,43.330032,0.30000022,14.380011
Austria,AUT,2022,18.080004,14.280003,0.9900002,42.230007,0.5200001,14.230002
Austria,AUT,2023,17.539993,13.849994,0.9999995,40.85998,0.4599998,14.119993
Azerbaijan,AZE,1992,4.8494306,9.246113,3.6421032,0.71433514,0,4.326256
Azerbaijan,AZE,1993,3.4889932,8.379634,3.4688256,0.34284905,0,3.05539
Azerbaijan,AZE,1994,2.8445,5.467089,2.9352822,0.43373585,0.01008688,2.3502429
Azerbaijan,AZE,1995,3.5939178,6.513347,2.9898982,0.41274688,0.08053598,1.3892456
Azerbaijan,AZE,1996,5.284145,6.2066145,3.9204948,0.5615031,0.07018789,0.9525499
Azerbaijan,AZE,1997,5.0509334,6.059124,3.2641408,0.62887114,0.009982082,0.6687995
Azerbaijan,AZE,1998,7.480827,5.9687448,4.038851,1.084322,0.009947908,1.0146866
Azerbaijan,AZE,1999,5.5239844,6.6565995,4.301952,0.87429965,0.1291579,2.5334818
Azerbaijan,AZE,2000,4.3892975,6.9017234,4.2800617,0.665346,0,2.572009
Azerbaijan,AZE,2001,3.5255742,6.9319744,4.4591064,0.5660781,0.0099311955,1.6485784
Azerbaijan,AZE,2002,3.2319894,7.6374397,4.5247855,0.56684124,0.019889165,2.0386395
Azerbaijan,AZE,2003,3.5171719,8.4990015,4.68292,0.60778326,0,1.3550577
Azerbaijan,AZE,2004,4.1876945,8.375389,4.7959075,0.6879784,0,1.5953122
Azerbaijan,AZE,2005,4.6912374,8.814746,4.8804803,0.69721144,0.019920327,1.8725108
Azerbaijan,AZE,2006,4.7048173,9.190805,5.132528,0.84547454,0,1.7705231
Azerbaijan,AZE,2007,6.84449,8.414054,5.115983,0.7847819,0.029801842,1.708639
Azerbaijan,AZE,2008,7.2472363,8.637116,5.18227,0.72472364,0.01985544,2.1543155
Azerbaijan,AZE,2009,8.850574,10.191569,7.479778,0.71519786,0.009933303,2.16546
Azerbaijan,AZE,2010,8.699998,12.569997,7.689998,0.3399999,0.009999997,2.2199996
Azerbaijan,AZE,2011,9.639995,12.799993,7.619995,0.29999983,0.039999973,2.1699986
Azerbaijan,AZE,2012,10.530001,12.410001,7.6400003,0.23000002,0.020000001,2.3300002
Azerbaijan,AZE,2013,10.369992,12.61999,7.739994,0.20999984,0.07999994,2.739998
Azerbaijan,AZE,2014,11.380005,11.640005,7.000003,0.34000012,0.05000002,1.9100007
Azerbaijan,AZE,2015,11.739988,12.709988,7.119993,1.2099988,0,1.3599987
Azerbaijan,AZE,2016,11.699995,12.229994,7.6899967,0.7799996,0,2.1599991
Azerbaijan,AZE,2017,12.97,12.65,7.68,0.62,0,3.16
Azerbaijan,AZE,2018,13.749998,12.799998,7.6999984,0.6099999,0,2.0199997
Azerbaijan,AZE,2019,14.439996,12.559998,8.259998,0.65999985,0,2.0499995
Azerbaijan,AZE,2020,14.369992,13.349993,8.289995,0.67999965,0,2.1099987
Azerbaijan,AZE,2021,15.309998,14.949997,8.5599985,0.8299998,0,2.1499996
Azerbaijan,AZE,2022,15.479989,15.109989,8.649994,0.8199994,0,2.1399987
Azerbaijan,AZE,2023,15.680002,14.210001,8.610001,0.93000007,0,2.1400003
Bahamas,BHS,1961,8.46896,29.123812,3.8298519,18.80109,0.028229864,9.287625
Bahamas,BHS,1962,8.1917715,27.804945,3.1731343,18.615095,0.01883166,9.613562
Bahamas,BHS,1963,7.811827,28.624565,3.130371,18.133593,0.04700257,12.1078615
Bahamas,BHS,1964,8.624822,31.744265,3.4272068,18.149048,0.15147875,9.486358
Bahamas,BHS,1965,10.653584,31.033527,3.3398888,17.872662,0.21761315,14.419236
Bahamas,BHS,1966,11.651042,33.143257,3.4217868,20.427029,0.1979546,17.580254
Bahamas,BHS,1967,12.794077,31.471355,3.6770008,18.573568,0.33941546,16.027952
Bahamas,BHS,1968,17.900143,34.659912,2.720074,18.601192,0.58888197,14.235988
Bahamas,BHS,1969,22.325148,31.7417,3.4459782,18.980522,0.83845997,13.571994
Bahamas,BHS,1970,21.998,30.82278,3.58107,19.741562,1.8544825,15.959512
Bahamas,BHS,1971,21.131351,29.901136,3.546202,21.104002,0.90250385,13.619602
Bahamas,BHS,1972,21.298988,27.254719,3.40457,22.669897,0.8988065,10.631337
Bahamas,BHS,1973,20.425598,24.094273,3.3441734,21.04756,0.9825199,15.296662
Bahamas,BHS,1974,21.350624,23.224434,3.1980891,20.377684,0.80177444,12.855418
Bahamas,BHS,1975,20.376993,22.258917,3.2595987,20.494053,1.0985389,13.479611
Bahamas,BHS,1976,21.8716,21.709654,3.7967153,20.477072,0.29689956,10.823338
Bahamas,BHS,1977,21.347681,16.655687,3.415629,18.048903,0.17976995,11.60415
Bahamas,BHS,1978,21.854671,24.481567,3.1685212,16.176609,0.15346114,13.278902
Bahamas,BHS,1979,20.722383,31.453619,3.1408494,18.52018,0.09025429,11.263735
Bahamas,BHS,1980,31.930376,32.665348,3.2393136,21.423025,0.30850607,16.378042
Bahamas,BHS,1981,30.556448,31.728548,3.3436732,20.834354,0.2271517,18.344772
Bahamas,BHS,1982,31.670988,37.933872,4.2514462,20.013798,0.07314316,16.713213
Bahamas,BHS,1983,29.46759,38.671043,4.1741924,21.38584,0.11033107,17.515057
Bahamas,BHS,1984,34.368908,37.353893,3.9645772,21.64345,0.06469007,17.244524
Bahamas,BHS,1985,32.13545,36.052597,5.857155,22.240479,0.11138804,20.263342
Bahamas,BHS,1986,34.771633,35.07787,5.6514344,22.856293,0.0463993,20.870403
Bahamas,BHS,1987,34.37012,33.03428,5.436138,25.028498,0.055660114,19.935598
Bahamas,BHS,1988,36.829056,34.409157,5.509932,24.01288,0.03722927,21.257914
Bahamas,BHS,1989,30.30278,36.157043,4.525438,22.757286,0.037169922,23.017475
Bahamas,BHS,1990,34.519375,35.938744,4.879654,20.984367,0.05566145,21.652304
Bahamas,BHS,1991,36.489517,34.34198,5.2898183,21.001228,0.06507685,22.646744
Bahamas,BHS,1992,25.191755,34.689827,5.27464,21.014835,0.037210863,23.70332
Bahamas,BHS,1993,24.193274,34.313335,4.055466,20.770311,0.06511069,22.863153
Bahamas,BHS,1994,29.906618,35.370415,6.1712065,19.649197,0.16754408,22.618448
Bahamas,BHS,1995,31.0398,29.58162,4.0866284,18.668463,0.16718027,23.507402
Bahamas,BHS,1996,39.565887,20.436659,3.8017375,17.135637,0.32453856,21.35464
Bahamas,BHS,1997,44.649612,14.400124,4.467731,20.870949,0.80308384,28.39409
Bahamas,BHS,1998,47.852722,14.096507,3.4666557,21.719473,0.6344807,29.45278
Bahamas,BHS,1999,47.962006,14.126424,5.5919003,26.25443,0.6233594,29.701242
Bahamas,BHS,2000,49.690285,12.652618,5.5119405,26.115004,4.646962,32.979626
Bahamas,BHS,2001,49.546986,18.373325,4.8983216,23.900112,3.0683825,32.439827
Bahamas,BHS,2002,55.7388,16.604237,5.2458954,26.909672,3.1028118,30.990847
Bahamas,BHS,2003,49.23245,19.254229,4.0203204,24.366718,0.99801856,31.305773
Bahamas,BHS,2004,52.41358,15.996044,4.3306828,21.558651,0.9571093,31.537224
Bahamas,BHS,2005,50.69339,18.128698,4.1519027,24.05042,0.46876317,30.326109
Bahamas,BHS,2006,51.462917,19.144283,4.851171,23.551807,1.5238271,31.12272
Bahamas,BHS,2007,52.411682,18.390062,5.4299083,23.113405,0.7162446,30.19842
Bahamas,BHS,2008,52.88996,18.569304,5.2569294,24.69105,1.136896,30.77393
Bahamas,BHS,2009,53.586983,21.49529,5.103058,28.120483,0.37077665,28.52053
Bahamas,BHS,2010,57.26969,28.509846,3.149983,34.119816,0.30999833,28.809843
Bahamas,BHS,2011,46.519,15.459668,3.1099331,24.989462,0.14999679,29.239372
Bahamas,BHS,2012,46.8995,24.37974,5.489941,32.589653,0.35999617,29.579685
Bahamas,BHS,2013,49.129097,24.749544,4.8299108,28.879467,0.32999393,27.69949
Bahamas,BHS,2014,49.358448,14.829534,4.3698626,36.84884,0.26999152,30.119055
Bahamas,BHS,2015,50.08935,16.18979,2.5099676,38.489502,0.28999624,27.399645
Bahamas,BHS,2016,50.63,10.46,2.1,31.6,0.36,27.5
Bahamas,BHS,2017,51.36921,8.099875,2.7999568,33.13949,0.45999292,25.279612
Bahamas,BHS,2018,55.930286,9.72005,1.7000087,33.11017,0.13000065,28.680147
Bahamas,BHS,2019,53.238113,9.829652,1.6299422,29.268963,0.1099961,28.009008
Bahamas,BHS,2020,71.187485,7.449736,1.6399419,28.948977,0.04999823,27.929012
Bahamas,BHS,2021,72.98797,7.129802,1.7699509,35.32902,0.43998778,27.889225
Bahamas,BHS,2022,65.44967,11.439942,2.8999856,31.239843,0.4999975,27.80986
Bahamas,BHS,2023,66.28801,12.269632,3.2699018,32.459023,0.6199814,27.679169
Bahrain,BHR,2019,47.249844,13.769955,22.629923,0.97999674,0.7699974,20.879929
Bahrain,BHR,2020,50.779964,14.26999,21.649984,0.9699994,0.5999996,20.919985
Bahrain,BHR,2021,41.049946,13.949982,21.37997,0.69999903,1.2399983,20.659973
Bahrain,BHR,2022,44.91,14.88,22.61,0.85,1.53,20.23
Bahrain,BHR,2023,39.1999,13.889965,21.629944,0.6399984,0.8999977,19.75995
Bangladesh,BGD,1961,0.35364583,2.2461288,0.51613176,0,0.05734797,8.152969
Bangladesh,BGD,1962,0.42013183,2.2343373,0.5251648,0,0.06683916,8.622251
Bangladesh,BGD,1963,0.4770336,2.213436,0.5342776,0,0.0667847,8.37671
Bangladesh,BGD,1964,0.534248,2.194233,0.5628684,0,0.07632115,9.072677
Bangladesh,BGD,1965,0.620675,2.1293929,0.55383307,0,0.07639077,9.911703
Bangladesh,BGD,1966,0.7083239,2.1536875,0.47859722,0,0.076575555,9.725096
Bangladesh,BGD,1967,0.7583565,2.1310778,0.47037303,0,0.08639505,9.436259
Bangladesh,BGD,1968,0.7982853,2.1063192,0.4712769,0,0.08656107,9.916051
Bangladesh,BGD,1969,0.8367208,2.115846,0.47125655,0,0.08655733,9.636716
Bangladesh,BGD,1970,0.883366,2.1027951,0.4704884,0,0.09601804,9.966673
Bangladesh,BGD,1971,0.8083401,2.0497196,0.48115483,0,0.09623096,10.508421
Bangladesh,BGD,1972,0.72911346,2.0050619,0.4988671,0,0.095935985,11.406789
Bangladesh,BGD,1973,0.6622922,1.8544182,0.50144976,0,0.09461317,11.088663
Bangladesh,BGD,1974,0.6449062,1.8506005,0.50470924,0,0.09346467,10.776476
Bangladesh,BGD,1975,0.6311812,1.837851,0.51979625,0,0.10210283,8.196073
Bangladesh,BGD,1976,0.6111516,1.8519744,0.52781266,0,0.09259872,7.9820094
Bangladesh,BGD,1977,0.5097764,1.8444637,0.53758234,0,0.092686616,7.82275
Bangladesh,BGD,1978,0.78114605,2.0551581,0.5393628,0,0.08369423,7.6719704
Bangladesh,BGD,1979,0.8123638,2.0916033,0.47621325,0,0.08403764,7.470012
Bangladesh,BGD,1980,0.5998734,1.3965803,0.28119066,0,0.093730226,7.235973
Bangladesh,BGD,1981,0.61951625,1.3798317,0.27221167,0,0.08447949,7.1150503
Bangladesh,BGD,1982,0.6378473,1.3601155,0.31892365,0,0.06566075,7.3164835
Bangladesh,BGD,1983,0.6657984,1.3409742,0.34696537,0,0.07501954,7.4550667
Bangladesh,BGD,1984,0.60067046,1.2764248,0.40357548,0,0.07508381,7.4426823
Bangladesh,BGD,1985,0.6677499,1.3543097,0.52667594,0,0.084644355,7.354654
Bangladesh,BGD,1986,0.6888641,1.3305457,0.55675316,0,0.06605546,7.473704
Bangladesh,BGD,1987,0.72030324,1.3173968,0.5781382,0,0.07582139,7.402064
Bangladesh,BGD,1988,0.7430209,1.3050495,0.6096582,0,0.057155456,7.4778385
Bangladesh,BGD,1989,0.7659717,1.2925773,0.6415013,0,0.047873233,7.420351
Bangladesh,BGD,1990,0.79841805,1.2890123,0.67336464,0,0.06733646,7.272338
Bangladesh,BGD,1991,0.8212244,1.2559901,0.70528686,0,0.06763025,7.5842485
Bangladesh,BGD,1992,0.8435801,1.2508256,0.7466169,0,0.07757059,7.689184
Bangladesh,BGD,1993,0.8948112,1.2449547,0.7878229,0,0.07780967,8.179741
Bangladesh,BGD,1994,0.91676867,1.2483659,0.82899296,0,0.07802287,8.211906
Bangladesh,BGD,1995,0.95817494,1.2319392,0.87995654,0,0.078218356,8.662683
Bangladesh,BGD,1996,0.8430484,1.2449667,0.95088017,0,0.0784231,9.195109
Bangladesh,BGD,1997,0.87423533,1.3260874,0.9921098,0,0.088405825,9.911275
Bangladesh,BGD,1998,0.8851183,1.2686696,1.003134,0,0.08851183,10.611585
Bangladesh,BGD,1999,0.91492754,1.3182827,0.9837931,0,0.08854138,11.471027
Bangladesh,BGD,2000,0.9642574,1.3086351,0.9740968,0,0.088554256,11.994181
Bangladesh,BGD,2001,1.0045232,1.3098195,0.9651301,0,0.088634394,12.655022
Bangladesh,BGD,2002,1.0452927,1.3115467,1.0058478,0,0.088751286,13.381721
Bangladesh,BGD,2003,1.0860766,1.3131653,1.0367094,0,0.09873424,13.891907
Bangladesh,BGD,2004,1.1168115,1.304594,1.0673951,0,0.08894959,14.360416
Bangladesh,BGD,2005,1.1572195,1.2956903,1.097875,0,0.0890169,14.885603
Bangladesh,BGD,2006,1.2269824,1.2962475,1.1280322,0,0.08905517,15.485704
Bangladesh,BGD,2007,1.2766433,1.2964362,1.1677822,0,0.0989646,15.913507
Bangladesh,BGD,2008,1.2770178,1.2869171,1.1978229,0,0.09899363,16.353748
Bangladesh,BGD,2009,1.3080076,1.2881892,1.2386435,0,0.099091485,18.391378
Bangladesh,BGD,2010,1.28,1.27,1.23,0,0.10000001,19.38
Bangladesh,BGD,2011,1.33,1.17,1.27,0,0.1,19.7
Bangladesh,BGD,2012,1.3899999,1.1699998,1.3099998,0,0.099999994,20.679998
Bangladesh,BGD,2013,1.4400002,1.22,1.34,0,0.10000001,21.57
Bangladesh,BGD,2014,1.4900001,1.31,1.38,0,0.20000002,22.42
Bangladesh,BGD,2015,1.5500001,1.3700001,1.4200001,0,0.10000001,23.390001
Bangladesh,BGD,2016,1.61,1.31,1.46,0,0.11,24.01
Bangladesh,BGD,2017,1.5900002,1.2100002,1.4000001,0,0.11000001,25.550001
Bangladesh,BGD,2018,1.5799999,1.2099999,1.3899999,0,0.10999999,26.229998
Bangladesh,BGD,2019,1.5799999,1.2299999,1.4099998,0,0.099999994,26.599998
Bangladesh,BGD,2020,1.6199999,1.2599999,1.3899999,0,0.099999994,27.069998
Bangladesh,BGD,2021,1.6499999,1.2899998,1.3299999,0,0.099999994,27.589998
Bangladesh,BGD,2022,1.6700001,1.2800001,1.4200001,0,0.10000001,27.310001
Bangladesh,BGD,2023,1.7,1.22,1.45,0.01,0.12,26.98
Barbados,BRB,1961,2.497566,11.592288,0.98509574,21.73181,0.079603694,24.567692
Barbados,BRB,1962,3.0606284,10.994491,0.99049467,22.216795,0.11885936,24.0294
Barbados,BRB,1963,2.8663194,14.016399,0.98498946,23.462448,0.09849895,22.950253
Barbados,BRB,1964,3.8029914,15.953061,1.1116436,23.76382,0.11701511,19.180727
Barbados,BRB,1965,4.84694,19.523474,1.6770412,24.855106,0.24234699,21.355618
Barbados,BRB,1966,5.6541367,14.101629,1.4159422,22.751398,0.17338069,28.17436
Barbados,BRB,1967,8.18506,15.7970705,1.5854374,23.600094,0.08595745,26.52265
Barbados,BRB,1968,8.982113,16.38139,1.9261005,25.077448,0.038140606,21.034544
Barbados,BRB,1969,10.857778,18.013605,2.4138994,25.875477,0.03816442,20.45613
Barbados,BRB,1970,12.55383,18.361174,2.4628506,29.31463,0.038332302,21.96441
Barbados,BRB,1971,16.13311,18.569933,5.663444,31.958006,0.14447562,20.97786
Barbados,BRB,1972,18.060568,21.072273,3.4750426,32.62679,0.038611583,20.531712
Barbados,BRB,1973,14.822874,16.715775,4.4361844,29.7137,0.019414373,21.28786
Barbados,BRB,1974,18.699926,14.623304,2.8312585,32.437855,0,24.25542
Barbados,BRB,1975,20.468334,17.549883,2.5463,28.880919,0,27.21603
Barbados,BRB,1976,21.32545,22.857819,2.730758,30.293732,0.00982287,30.411606
Barbados,BRB,1977,18.964512,23.342447,3.3079917,30.243095,0,24.471287
Barbados,BRB,1978,22.890852,22.84156,2.6124358,30.55071,0,30.126804
Barbados,BRB,1979,28.967236,18.998953,3.34579,26.49984,0,30.082499
Barbados,BRB,1980,30.70762,14.076801,4.217101,29.252424,0,26.836996
Barbados,BRB,1981,32.98001,23.25844,3.5774593,31.275517,0,32.98001
Barbados,BRB,1982,33.72808,25.447296,3.966843,28.729858,0,29.989332
Barbados,BRB,1983,31.560396,26.252377,4.355553,25.131243,0,37.66214
Barbados,BRB,1984,31.966146,24.681717,5.5675282,22.250265,0.06947005,36.422157
Barbados,BRB,1985,30.46042,27.452106,6.880401,23.351665,0.208497,30.500134
Barbados,BRB,1986,34.549427,21.035702,7.6412163,19.734013,6.6773696,30.49531
Barbados,BRB,1987,37.23827,17.430468,10.148627,20.197365,5.9932837,28.557997
Barbados,BRB,1988,39.28261,14.785815,9.332112,18.554554,5.2044473,31.874746
Barbados,BRB,1989,52.776882,16.952574,10.285495,20.690939,6.037356,27.737852
Barbados,BRB,1990,48.22765,15.985738,10.206432,18.830317,6.1899657,28.325605
Barbados,BRB,1991,43.944454,15.095882,11.798043,20.22808,1.3832879,25.721136
Barbados,BRB,1992,38.066177,12.845831,10.017942,17.859816,0,27.005325
Barbados,BRB,1993,37.779003,11.923873,8.160024,17.303667,0.090332374,27.350634
Barbados,BRB,1994,37.984367,13.789738,8.131639,17.965715,0,25.907082
Barbados,BRB,1995,42.22316,12.92689,6.433336,14.99439,0.04014562,30.99242
Barbados,BRB,1996,44.920967,13.225667,6.542377,13.316253,0.06039117,30.64852
Barbados,BRB,1997,45.596504,15.491702,6.47339,12.68421,0.04039557,32.336655
Barbados,BRB,1998,48.92373,14.258061,6.5332613,12.319287,0.050488885,25.688745
Barbados,BRB,1999,48.210545,17.063168,6.515212,10.36557,0.020265045,34.71402
Barbados,BRB,2000,42.525043,15.475691,5.8988976,7.0399623,0.0101880785,38.02191
Barbados,BRB,2001,45.281277,13.143212,4.993808,5.1572046,0,38.99051
Barbados,BRB,2002,42.970226,14.555091,4.558687,5.1821847,0,41.17128
Barbados,BRB,2003,43.679913,11.246251,5.006264,5.4039106,0,42.894814
Barbados,BRB,2004,42.189472,12.506238,4.4672403,5.891873,0,37.315193
Barbados,BRB,2005,51.56421,14.9788065,4.415128,6.3422856,0.010196601,41.36761
Barbados,BRB,2006,44.721325,13.72907,4.9905376,7.3737736,0.01018477,42.032547
Barbados,BRB,2007,46.12581,13.622069,11.567059,7.060281,0.010173315,42.972084
Barbados,BRB,2008,43.7715,13.85316,5.2905006,8.236464,0.020387284,42.966206
Barbados,BRB,2009,44.760174,13.413804,4.6205363,8.284398,0,40.648506
Barbados,BRB,2010,41.74833,13.089477,5.99976,8.869645,0.0399984,39.24843
Barbados,BRB,2011,43.12844,13.059528,3.569871,8.069708,0.029998915,39.088585
Barbados,BRB,2012,43.29859,11.619622,4.1698647,8.109736,0.0399987,39.27872
Barbados,BRB,2013,41.20015,13.720051,3.9300144,8.470031,0,40.120144
Barbados,BRB,2014,44.99919,11.959785,4.3499217,8.269852,0,41.23926
Barbados,BRB,2015,48.428436,14.669526,4.0398693,9.109706,0,41.188667
Barbados,BRB,2016,45.859344,13.749804,3.7999456,9.389866,0,41.9294
Barbados,BRB,2017,46.99883,12.729682,4.299893,8.609785,0.049998753,43.168922
Barbados,BRB,2018,49.53841,12.649593,4.079869,9.049709,0.049998395,43.238613
Barbados,BRB,2019,49.93893,12.299737,3.6299226,9.709792,0.059998717,42.0491
Barbados,BRB,2020,52.088894,13.749708,3.9799154,15.3596735,0.0799983,42.68909
Barbados,BRB,2021,55.078632,13.069675,3.8899035,14.399642,0.07999801,43.188927
Barbados,BRB,2022,50.94928,14.099801,3.7999463,10.709848,0.099998586,43.169388
Barbados,BRB,2023,48.96879,11.939703,3.9199028,11.30972,0.09999752,43.158928
Belarus,BLR,1992,11.84474,36.187237,0.49227503,30.209612,0.57264644,0.97450364
Belarus,BLR,1993,12.805849,33.615353,0.4902239,26.211973,0.59026957,1.1605301
Belarus,BLR,1994,9.150873,29.950129,0.4395616,24.61545,0.4895118,1.4285752
Belarus,BLR,1995,6.854305,26.497984,0.33971775,25.618713,0.51956826,5.955052
Belarus,BLR,1996,6.305018,25.799614,0.33973154,26.419125,0.58953416,6.5548205
Belarus,BLR,1997,7.1190395,24.926638,0.2499663,28.02622,0.5699231,11.108501
Belarus,BLR,1998,5.940248,26.09109,0.26001084,30.271265,1.5000627,7.610318
Belarus,BLR,1999,7.6367874,24.999485,0.24989489,29.897425,1.3094492,6.487271
Belarus,BLR,2000,9.110589,20.408918,0.21977298,28.400663,1.128834,9.779898
Belarus,BLR,2001,9.512673,20.712275,0.24954548,27.639658,1.1479092,13.375638
Belarus,BLR,2002,9.610053,19.699112,0.16964787,28.450947,0.32931647,14.9789095
Belarus,BLR,2003,9.261848,17.186317,0.18962836,32.246803,0.38923714,14.391794
Belarus,BLR,2004,11.322424,17.872255,0.14976752,28.635548,0.9485275,15.37613
Belarus,BLR,2005,13.156143,21.543684,0.0999707,26.06236,1.009704,15.875347
Belarus,BLR,2006,16.430426,22.818367,0.10012447,29.17627,0.3604481,16.079988
Belarus,BLR,2007,18.061201,22.240736,0.10022864,32.75472,0.29066303,17.008799
Belarus,BLR,2008,20.97849,21.399664,0.10027959,34.897297,0.3208947,18.150606
Belarus,BLR,2009,22.223547,20.389954,0.10019633,36.43139,0.34066755,18.0654
Belarus,BLR,2010,27.089994,18.629995,0.10999998,39.679993,0.39999992,16.849997
Belarus,BLR,2011,27.910006,20.280006,0.11000002,41.01001,0.35000008,14.460004
Belarus,BLR,2012,28.410015,19.16001,0.11000006,40.840023,0.26000014,15.200008
Belarus,BLR,2013,28.319988,16.709991,0.109999955,41.149986,0.25999987,16.259995
Belarus,BLR,2014,28.610018,13.770009,0.11000007,32.15002,0.22000013,15.830009
Belarus,BLR,2015,27.860004,13.740002,0.10000001,33.770004,0.23000003,12.100001
Belarus,BLR,2016,27.49998,16.11999,0.099999934,34.179977,0.20999984,11.179993
Belarus,BLR,2017,27.88999,16.869995,0.09999997,32.92999,0.23999992,11.789996
Belarus,BLR,2018,28.869999,16.479998,0.10999999,35.159996,0.21999998,11.259999
Belarus,BLR,2019,27.780016,19.720009,0.12000006,38.32002,0.24000011,12.040007
Belarus,BLR,2020,34.229992,19.219994,0.11999997,39.619987,0.26999995,12.149996
Belarus,BLR,2021,33.699974,18.879984,0.1199999,39.549965,0.21999982,12.279989
Belarus,BLR,2022,36.51,21.84,0.1,37.47,0.21,12.38
Belarus,BLR,2023,46.000004,26.290003,0.10000001,39.120003,0.21000001,12.460001
Belgium,BEL,2000,19.631128,19.48089,2.1433988,38.68133,1.602541,23.80775
Belgium,BEL,2001,22.150095,20.738174,1.8625305,39.14318,2.5134146,22.02993
Belgium,BEL,2002,25.324757,19.601423,1.4908688,35.860897,2.001166,21.732664
Belgium,BEL,2003,21.918442,18.725756,1.7915074,35.56993,1.8815832,24.860918
Belgium,BEL,2004,21.841213,19.647074,1.6431005,33.87392,1.6130438,24.636488
Belgium,BEL,2005,25.069466,18.772015,1.6646125,34.69614,1.7749182,24.608189
Belgium,BEL,2006,22.855385,20.73747,1.4755123,32.160145,1.4654748,24.100035
Belgium,BEL,2007,24.932613,20.691757,1.4772649,34.14793,2.08023,25.354689
Belgium,BEL,2008,13.086883,19.263166,1.579278,33.1246,1.9414053,26.56607
Belgium,BEL,2009,11.140322,18.352901,1.336035,33.631916,2.1798465,24.591078
Belgium,BEL,2010,11.930012,18.200018,1.4100014,36.070034,1.3500013,25.420025
Belgium,BEL,2011,12.690006,16.11001,1.4800009,35.00002,1.3400007,26.170013
Belgium,BEL,2012,12.659997,15.759996,1.2199998,40.219994,2.2299995,25.049994
Belgium,BEL,2013,12.200004,15.550005,1.3100003,38.450012,2.2500007,24.960007
Belgium,BEL,2014,12.500008,12.640008,1.3400009,31.150019,1.3600008,26.270018
Belgium,BEL,2015,11.499998,12.269999,1.3099997,28.449995,1.7499996,24.789997
Belgium,BEL,2016,12.609992,11.8399935,1.1199993,41.34997,1.4799992,23.819986
Belgium,BEL,2017,11.379997,11.679997,1.0599997,28.689993,1.8399996,23.119995
Belgium,BEL,2018,11.679992,12.099992,1.1499991,31.289978,1.9099985,23.239983
Belgium,BEL,2019,12.769998,14.529996,1.1599997,31.739992,1.9599996,24.389994
Belgium,BEL,2020,15.510012,14.04001,1.2800009,32.94002,1.5000011,24.280018
Belgium,BEL,2021,14.059997,13.269997,0.87999976,35.65999,2.0999994,24.219994
Belgium,BEL,2022,16.300009,13.070006,0.79000044,32.40002,2.0200012,24.070013
Belgium,BEL,2023,13.249998,13.149998,0.95999986,30.549995,2.0499997,23.929998
Belgium-Luxembourg (FAO),,1961,7.21,23.62,0.52,25.16,4.38,19.25
Belgium-Luxembourg (FAO),,1962,8.04,24.69,0.49,26.57,4.21,17.88
Belgium-Luxembourg (FAO),,1963,7.7,25.92,0.49,25.19,4.22,18.11
Belgium-Luxembourg (FAO),,1964,7.8,24.62,0.56,25.39,4.52,18.61
Belgium-Luxembourg (FAO),,1965,7.65,23.78,0.61,28.57,4.55,18.52
Belgium-Luxembourg (FAO),,1966,7.55,24.49,0.62,29.81,4.32,18.62
Belgium-Luxembourg (FAO),,1967,7.5,25.41,0.68,31.19,4.12,17.77
Belgium-Luxembourg (FAO),,1968,8.42,25.76,0.66,32.52,4.05,17.72
Belgium-Luxembourg (FAO),,1969,8.79,26.84,0.93,32.34,4.33,17.45
Belgium-Luxembourg (FAO),,1970,9.29,27.57,0.99,34.36,4.62,17.56
Belgium-Luxembourg (FAO),,1971,9.42,28.16,1.07,34.84,4.3,18.07
Belgium-Luxembourg (FAO),,1972,9.5,27.96,1.02,36.09,4.48,17.67
Belgium-Luxembourg (FAO),,1973,10.26,28.09,1.07,37.75,4.39,17.26
Belgium-Luxembourg (FAO),,1974,10.54,31.14,1.14,37.77,4.42,17.98
Belgium-Luxembourg (FAO),,1975,11.06,30.56,1.31,36.47,4.19,16.84
Belgium-Luxembourg (FAO),,1976,11.28,29.12,1.52,36.72,4.65,19.04
Belgium-Luxembourg (FAO),,1977,11.89,28.49,1.73,37.8,4.49,19.06
Belgium-Luxembourg (FAO),,1978,11.66,28.8,1.9,40.29,4.55,19.25
Belgium-Luxembourg (FAO),,1979,12.53,28.78,2.08,41.44,4.27,20.12
Belgium-Luxembourg (FAO),,1980,13.31,27.97,2.08,42.23,4.07,20.53
Belgium-Luxembourg (FAO),,1981,13.98,26.92,1.68,41.31,3.56,20.16
Belgium-Luxembourg (FAO),,1982,15.28,26.13,1.66,43.65,3.55,20.44
Belgium-Luxembourg (FAO),,1983,14.81,26.39,1.39,44.84,3.43,20.66
Belgium-Luxembourg (FAO),,1984,14.5,26.3,1.51,46.03,3.03,19.46
Belgium-Luxembourg (FAO),,1985,12.75,26.75,1.58,48.36,3.19,19.65
Belgium-Luxembourg (FAO),,1986,16.19,25.16,1.72,46.22,3.13,20.07
Belgium-Luxembourg (FAO),,1987,16.29,24.2,1.74,47.16,3.42,19.91
Belgium-Luxembourg (FAO),,1988,16.49,21.3,1.76,48.23,5.37,19.69
Belgium-Luxembourg (FAO),,1989,15.84,20.49,1.86,47.35,5.38,20.91
Belgium-Luxembourg (FAO),,1990,16.35,19.53,2,46.37,5.84,23.21
Belgium-Luxembourg (FAO),,1991,16.7,21.88,2.08,49.12,5.62,22.62
Belgium-Luxembourg (FAO),,1992,17.35,19.67,2.02,51.74,5.15,23.79
Belgium-Luxembourg (FAO),,1993,17.47,21.3,1.98,53.23,4.63,21.38
Belgium-Luxembourg (FAO),,1994,19.77,21.57,2.1,41.69,4.55,23.41
Belgium-Luxembourg (FAO),,1995,21.82,21.61,1.92,39.25,4.53,24.41
Belgium-Luxembourg (FAO),,1996,21.35,22.44,1.97,38.44,3.85,21.25
Belgium-Luxembourg (FAO),,1997,18.78,21.27,1.81,34.19,3.89,22.32
Belgium-Luxembourg (FAO),,1998,18.54,19.62,1.9,33.15,4.42,23.28
Belgium-Luxembourg (FAO),,1999,19.17,20.47,1.74,38.74,4.4,23.5
Belize,BLZ,1961,2.6984603,12.285094,0.091301285,9.505478,0,6.1476197
Belize,BLZ,1962,2.938476,16.025297,0.0908807,9.189049,0,7.0281076
Belize,BLZ,1963,4.0115485,8.2155695,0.1519526,11.882692,0,7.850884
Belize,BLZ,1964,8.281031,7.845186,0.1114949,11.798187,0,8.615515
Belize,BLZ,1965,9.507589,8.849449,0.081001826,11.137751,0,5.4979987
Belize,BLZ,1966,9.484322,8.181364,0.10100449,10.2923565,0,6.262278
Belize,BLZ,1967,10.772928,8.0314665,0.08122849,10.6917,0,7.86901
Belize,BLZ,1968,11.950737,7.916605,0.09099546,12.051843,0,8.50302
Belize,BLZ,1969,11.693152,6.6530004,0.10080304,11.400824,0,9.112595
Belize,BLZ,1970,13.832176,7.2444634,0.1111424,12.7611685,0,8.083083
Belize,BLZ,1971,13.190034,8.467676,0.10177495,12.894887,0,9.566845
Belize,BLZ,1972,13.485499,8.728907,0.11203965,11.9169445,0,6.5186706
Belize,BLZ,1973,9.966156,8.650255,0.11220851,11.078039,0,8.109614
Belize,BLZ,1974,8.859361,10.892823,0.09196568,12.119033,0,8.041887
Belize,BLZ,1975,9.271029,11.627032,0.09179237,14.0646305,0,7.3331904
Belize,BLZ,1976,10.212444,10.536972,0.14198036,12.981062,0,8.052315
Belize,BLZ,1977,12.167338,9.969758,0.10080645,13.024194,0,8.225806
Belize,BLZ,1978,12.384858,11.53315,0.120241344,12.2846575,0,7.9058685
Belize,BLZ,1979,13.40412,12.608033,0.17911965,12.797103,0,7.1349325
Belize,BLZ,1980,14.373,11.772361,0.09926106,12.219036,0,8.347855
Belize,BLZ,1981,17.07746,10.174863,0.20886816,13.327778,0,7.628661
Belize,BLZ,1982,18.508663,10.056043,0.22764665,12.381998,0,7.947837
Belize,BLZ,1983,17.974281,12.764634,0.26946452,12.395369,0,8.433242
Belize,BLZ,1984,17.833313,11.745595,0.27989504,13.09509,0,9.146569
Belize,BLZ,1985,17.596695,11.42224,0.18130541,13.043916,0,9.639403
Belize,BLZ,1986,17.469921,9.688604,0.15217704,13.148095,0,7.6494317
Belize,BLZ,1987,21.426445,11.35297,0.14216599,11.941943,0,9.971929
Belize,BLZ,1988,25.624704,10.820001,0.12260623,12.362796,0,8.214618
Belize,BLZ,1989,18.011488,9.95076,0.11238025,8.377437,0,10.737422
Belize,BLZ,1990,19.838112,13.708013,0.112949915,11.099896,0,7.2904034
Belize,BLZ,1991,20.676964,9.373557,0.05105423,7.1986465,0,10.13937
Belize,BLZ,1992,20.86861,11.23066,0.051048458,10.3015785,0.09188723,8.93348
Belize,BLZ,1993,21.26116,9.914425,0.030474665,9.609678,0.05079111,11.194361
Belize,BLZ,1994,17.775099,10.531137,0.060873624,11.3224945,0.04058242,11.068854
Belize,BLZ,1995,20.145912,12.186908,0.05069429,10.889133,0.010138858,11.406216
Belize,BLZ,1996,20.835009,10.66446,0.04031932,9.192805,0.01007983,12.196595
Belize,BLZ,1997,24.941896,10.696546,0.050124392,9.643932,0.010024878,12.420824
Belize,BLZ,1998,26.098427,8.133277,0.03996696,8.652847,0.00999174,12.499667
Belize,BLZ,1999,25.930851,5.7237005,0.04977131,8.192357,0.009954262,16.215494
Belize,BLZ,2000,26.072655,6.778692,0.04962439,9.656906,0.009924878,15.988979
Belize,BLZ,2001,30.073513,6.2238064,0.05918041,10.228348,0,15.534858
Belize,BLZ,2002,33.466267,7.52991,0.07874415,10.177682,0,15.571656
Belize,BLZ,2003,30.348454,9.692335,0.10758395,9.056613,0.06846251,14.396688
Belize,BLZ,2004,30.167835,10.563131,0.08778226,9.119601,0,14.825447
Belize,BLZ,2005,28.848352,7.1270113,0.106953785,11.385716,0.019446142,13.660915
Belize,BLZ,2006,27.096693,6.522201,0.096912354,11.06739,0,13.684024
Belize,BLZ,2007,25.874706,5.7563734,0.10624179,12.613798,0.009658344,13.637583
Belize,BLZ,2008,24.254255,5.80518,0.11591041,13.590495,0.009659201,15.000739
Belize,BLZ,2009,25.062553,5.642204,0.06739833,11.708054,0.009628333,15.097227
Belize,BLZ,2010,28.199472,4.4599166,0.109997936,12.759761,0.24999532,15.329713
Belize,BLZ,2011,28.189484,4.829911,0.10999798,12.789765,0.24999541,14.389736
Belize,BLZ,2012,27.67909,4.5498505,0.109996386,14.939508,0.24999177,14.279531
Belize,BLZ,2013,28.06959,4.5999327,0.10999839,13.169807,0.24999635,13.989796
Belize,BLZ,2014,30.088795,4.3798246,0.079996794,17.769289,0.52997875,14.499419
Belize,BLZ,2015,31.339031,4.3198667,0.12999597,18.319433,0.23999257,14.659547
Belize,BLZ,2016,31.108551,4.2198033,0.12999395,20.029068,0.42997998,14.4493265
Belize,BLZ,2017,31.61873,3.759849,0.10999558,15.409381,0.35998556,16.589334
Belize,BLZ,2018,30.859838,4.369977,0.12999931,14.939921,0.09999948,17.559908
Belize,BLZ,2019,31.649752,4.199967,0.07999937,14.03989,0.15999874,18.049858
Belize,BLZ,2020,32.52925,3.8799107,0.07999816,14.099675,0.0999977,17.81959
Belize,BLZ,2021,33.799572,4.2799463,0.119998485,15.119809,0.08999886,17.619778
Belize,BLZ,2022,44.73878,5.639846,0.29999182,16.899538,0.19999455,17.28953
Belize,BLZ,2023,47.299767,4.5599775,0.30999848,16.009922,0.00999995,16.939917
Benin,BEN,1961,1.5609858,2.2643929,0.7804929,1.0599287,1.95605,8.190357
Benin,BEN,1962,1.5375478,2.152567,0.8168223,1.1915996,1.9219347,10.3303995
Benin,BEN,1963,1.5145401,2.0417535,1.0352553,1.294069,2.2622242,9.346054
Benin,BEN,1964,1.5110476,2.132681,1.0806859,1.3867209,2.2187533,10.539079
Benin,BEN,1965,1.5078523,2.376299,1.1261175,1.4410486,2.175888,9.467022
Benin,BEN,1966,1.5051517,2.619726,1.1145743,1.2003108,2.1338859,7.706758
Benin,BEN,1967,1.5315454,2.6635573,1.1700627,1.3603166,2.0927951,13.156071
Benin,BEN,1968,1.5778215,2.5473263,1.0835642,1.1786137,2.3857422,13.801186
Benin,BEN,1969,1.6237481,2.6112907,1.148968,1.2249327,2.3359182,12.876038
Benin,BEN,1970,1.7457141,2.5331829,1.0341458,1.3092855,2.286506,15.142172
Benin,BEN,1971,1.8961531,2.5408452,0.91015345,1.2988648,2.2374606,15.216628
Benin,BEN,1972,1.9991244,2.662341,0.9474524,1.231688,2.1791406,14.524446
Benin,BEN,1973,2.1500533,2.6994061,1.0134614,1.2028933,1.8280188,14.1411
Benin,BEN,1974,2.292165,2.7183938,1.2692152,1.1744977,1.7806901,13.838235
Benin,BEN,1975,2.4528806,2.897998,1.4205873,1.1459404,1.7425871,13.82705
Benin,BEN,1976,2.6239808,2.9176393,1.4304011,1.2219983,1.695641,12.115782
Benin,BEN,1977,2.7659087,2.7848532,1.3640097,1.2408699,1.6576507,11.641444
Benin,BEN,1978,2.8992703,2.8518965,1.4401604,1.2790898,1.6107057,11.720253
Benin,BEN,1979,3.174947,2.8432362,1.4216181,1.2889338,1.5732573,11.401377
Benin,BEN,1980,3.315196,3.0499804,1.4586862,1.2881905,1.5249902,10.722291
Benin,BEN,1981,3.5396705,3.1421673,1.4575114,1.3250103,1.4859046,10.609548
Benin,BEN,1982,4.1990256,3.1681836,1.5226196,1.3429315,1.4469615,10.554307
Benin,BEN,1983,6.2391024,3.1479106,1.6543074,1.3612587,1.3990715,9.169589
Benin,BEN,1984,5.1413217,3.3550904,1.7200747,1.3325852,1.3609382,9.356449
Benin,BEN,1985,5.488624,3.3914218,1.6815406,1.4359223,1.3225601,9.598007
Benin,BEN,1986,4.2295055,3.1438067,1.1801076,1.4161291,1.2839571,10.035635
Benin,BEN,1987,3.9813573,3.207729,1.1415741,1.4340435,1.2453536,9.934525
Benin,BEN,1988,3.3293552,3.027544,1.160087,1.0469078,1.207245,8.686505
Benin,BEN,1989,2.5966196,2.8515604,1.1330703,1.0008788,1.1708394,8.715199
Benin,BEN,1990,3.4088159,3.2383752,1.0699894,0.984769,1.0889273,7.868684
Benin,BEN,1991,2.6452932,3.159127,1.0657296,1.0657296,1.0847605,8.430682
Benin,BEN,1992,3.6090446,3.848371,0.9668793,1.0626099,1.1200483,8.280699
Benin,BEN,1993,4.933088,4.0206094,0.9219837,1.0455486,1.2071333,9.885185
Benin,BEN,1994,4.233573,3.4172337,0.9397393,1.1580626,1.2245088,8.419684
Benin,BEN,1995,4.489422,2.797477,0.922879,1.1151454,1.1920521,9.565256
Benin,BEN,1996,4.125797,2.49287,0.9855533,1.1981237,1.1981237,8.473826
Benin,BEN,1997,4.8600955,2.4735277,0.9855462,0.91791064,1.285075,8.4157915
Benin,BEN,1998,4.7242713,2.9309762,0.9159301,0.5013512,1.2340952,7.5299096
Benin,BEN,1999,7.6901326,2.7141645,0.8854721,0.36573848,1.1549636,8.103994
Benin,BEN,2000,9.420424,2.5018492,0.8948923,0.5292374,1.1835672,7.6595078
Benin,BEN,2001,7.622523,2.5825996,0.87692744,0.49146482,1.2912998,6.735959
Benin,BEN,2002,10.655748,2.579406,0.86946267,0.5120169,2.5600846,8.230914
Benin,BEN,2003,10.44341,2.5866332,0.8525233,0.5328271,3.1969624,9.154938
Benin,BEN,2004,8.75899,2.5927389,0.86424625,0.5340848,1.0973015,8.623041
Benin,BEN,2005,7.6516795,2.6217685,0.85450226,0.56319463,1.1263893,9.622861
Benin,BEN,2006,7.4792337,2.6420152,0.84505635,0.5245177,1.2141614,12.083334
Benin,BEN,2007,7.9932723,2.615803,0.83627903,0.56400216,0.6904164,12.427495
Benin,BEN,2008,12.202583,2.6058106,0.82646984,0.6028368,0.75840753,13.904139
Benin,BEN,2009,10.135584,3.2651544,0.83572406,0.6899582,0.7774177,12.96344
Benin,BEN,2010,16.389616,3.5093062,0.8387627,0.6459437,0.7423532,13.005642
Benin,BEN,2011,16.323656,3.5750155,0.7612567,0.78052896,0.7419843,12.74864
Benin,BEN,2012,17.91383,3.3419886,0.741594,0.847536,0.7608562,12.366321
Benin,BEN,2013,17.500765,3.0323107,0.7893634,0.71235234,0.81824255,12.8608465
Benin,BEN,2014,18.698658,3.0795524,0.9142421,0.80838245,0.8565005,19.468544
Benin,BEN,2015,18.82327,3.1372118,0.8564781,0.7602446,0.80836135,18.207376
Benin,BEN,2016,14.50604,3.1283762,0.7893134,0.7026814,0.7604361,19.299675
Benin,BEN,2017,10.277404,3.1496823,0.7801965,0.6838759,0.7416683,16.759777
Benin,BEN,2018,9.237542,3.1434643,0.78104484,0.655692,0.7328322,14.618073
Benin,BEN,2019,9.473678,3.3896644,0.74360156,0.6760014,0.64703,16.021235
Benin,BEN,2020,8.067503,3.2308702,1.170465,0.8222275,0.657782,15.593303
Benin,BEN,2021,9.389099,2.5095735,2.519263,0.9205,0.6491947,15.193094
Benin,BEN,2022,10.374069,2.668727,2.6105,0.9801506,0.64049447,14.818713
Bermuda,BMU,1961,17.731264,53.769558,5.7469344,15.673458,0,35.94233
Bermuda,BMU,1962,16.607473,53.428673,5.3314357,16.607473,0,32.778458
Bermuda,BMU,1963,17.572416,51.867645,4.2791324,17.033642,0,31.984701
Bermuda,BMU,1964,15.228085,52.590134,5.644626,16.210209,0,32.327374
Bermuda,BMU,1965,17.522112,53.825287,5.4588914,16.263163,0,29.50278
Bermuda,BMU,1966,19.873959,57.480022,6.013675,18.57649,0.020594778,39.17127
Bermuda,BMU,1967,20.712627,46.058342,4.48168,23.417786,0.08075098,38.891693
Bermuda,BMU,1968,18.721071,50.195934,6.4830937,24.071392,0,38.706394
Bermuda,BMU,1969,20.070135,47.880184,6.2893043,23.85564,0.01987142,34.60608
Bermuda,BMU,1970,20.960747,37.035305,5.793622,25.268568,0,42.689323
Bermuda,BMU,1971,21.34225,37.368702,5.4936533,22.606976,0,38.969368
Bermuda,BMU,1972,23.136393,34.86512,7.063322,24.360435,0,40.714436
Bermuda,BMU,1973,23.146158,36.545513,6.57459,26.538527,0,34.944393
Bermuda,BMU,1974,20.612318,48.51932,7.3455544,25.068485,1.210694,38.162292
Bermuda,BMU,1975,20.147888,51.63468,7.244299,25.228043,1.1887559,40.874916
Bermuda,BMU,1976,23.123308,52.10494,6.354261,26.253944,0.8265705,42.454727
Bermuda,BMU,1977,24.352343,51.117237,6.649983,23.414125,1.6702284,35.229443
Bermuda,BMU,1978,25.477541,49.185234,6.7912664,25.992031,1.5331799,36.888924
Bermuda,BMU,1979,26.14965,59.642124,7.0813255,23.618364,0.7844895,37.00699
Bermuda,BMU,1980,27.544744,59.563816,5.830183,29.22392,0.76136553,42.01069
Bermuda,BMU,1981,27.771936,53.781563,5.038134,27.274342,0.9122547,39.06109
Bermuda,BMU,1982,27.197235,51.59722,5.8249855,26.704836,0.51335305,41.57112
Bermuda,BMU,1983,28.134922,52.442245,4.52447,28.925404,0.4784497,45.015873
Bermuda,BMU,1984,30.798529,50.44266,6.3827934,25.22133,0.48542282,46.125496
Bermuda,BMU,1985,32.700607,42.511833,5.709298,24.058376,1.3151218,46.164948
Bermuda,BMU,1986,33.19799,43.230003,4.668467,19.721682,1.0685602,47.85698
Bermuda,BMU,1987,31.782536,41.981876,5.524207,26.122057,0.7232833,46.405437
Bermuda,BMU,1988,34.153297,46.845047,5.7633038,22.657898,0.6553937,50.017986
Bermuda,BMU,1989,39.932808,40.851635,6.3388686,22.87774,0.78461564,45.77613
Bermuda,BMU,1990,46.96096,38.19811,5.3869133,26.35107,0.6981106,47.96124
Bermuda,BMU,1991,47.911457,34.133812,5.037323,20.16998,0.5378661,44.808384
Bermuda,BMU,1992,38.55896,27.448229,5.288379,18.658224,7.1778193,46.19887
Bermuda,BMU,1993,38.14444,29.217459,5.1115,14.556889,5.0907636,41.099365
Bermuda,BMU,1994,37.25065,29.23599,4.84176,14.535583,4.821157,40.23812
Bermuda,BMU,1995,45.471626,33.28167,5.091101,16.99424,0.5019396,42.029755
Bermuda,BMU,1996,38.452103,37.2916,5.88542,17.84277,0.300488,34.825523
Bermuda,BMU,1997,41.55032,37.54361,5.8504167,21.01206,0.32960096,42.879025
Bermuda,BMU,1998,37.930397,38.05305,5.8055687,22.813433,0.3270743,34.956066
Bermuda,BMU,1999,40.906414,36.238754,2.3183737,17.908148,0.32972425,36.723038
Bermuda,BMU,2000,47.120304,36.959507,2.466014,15.297471,0.3274375,37.09253
Bermuda,BMU,2001,40.413982,35.690533,2.3413641,17.295555,0.325755,47.000336
Bermuda,BMU,2002,39.82916,35.633415,4.550456,17.441725,0.081077166,46.386276
Bermuda,BMU,2003,36.858585,35.47408,2.2254627,19.690731,0,44.427208
Bermuda,BMU,2004,28.616722,32.002045,1.9636921,17.223217,0.23523396,45.144463
Bermuda,BMU,2005,28.617886,32.709072,3.7136936,17.129923,0.23465647,45.96206
Bermuda,BMU,2006,39.180973,33.835335,5.0299897,17.910429,0.23418981,46.725956
Bermuda,BMU,2007,38.971127,38.10487,4.898461,19.428844,0.25781375,45.014282
Bermuda,BMU,2008,55.75183,36.699097,5.1532717,15.808841,0,45.86617
Bermuda,BMU,2009,48.923523,34.959976,5.264441,16.079544,0,45.59108
Bhutan,BTN,2019,3.3299565,9.189879,0.29999608,2.4699678,,6.3999166
Bhutan,BTN,2020,4.1999836,3.299987,0.60999763,1.9399925,,5.7099776
Bhutan,BTN,2021,5.3699307,5.9599233,0.2399969,3.5499542,0,6.349918
Bhutan,BTN,2022,4.819932,7.479894,0.24999647,3.3399527,0,6.299911
Bhutan,BTN,2023,5.3399596,6.8499475,0.31999755,2.1499836,0,6.2599525
Bolivia,BOL,1961,1.850651,10.02436,4.817136,4.916926,1.850651,0.18143639
Bolivia,BOL,1962,1.8263277,10.630862,4.8792934,4.9065523,1.9353623,1.1630346
Bolivia,BOL,1963,1.902212,10.4030075,4.8966036,4.8966036,1.902212,1.1649911
Bolivia,BOL,1964,1.8594738,10.135956,4.7489505,4.876561,1.8047835,1.339915
Bolivia,BOL,1965,1.8710277,10.240455,4.5999904,5.147608,1.7158694,1.1682515
Bolivia,BOL,1966,2.4766862,10.409393,4.4964194,5.0904584,1.6998658,1.3251642
Bolivia,BOL,1967,2.6811514,10.541592,4.465535,5.032878,1.6837264,1.3360003
Bolivia,BOL,1968,2.849274,10.847397,4.406755,5.313759,1.6307741,0.85203373
Bolivia,BOL,1969,3.0545685,10.979937,4.3479443,5.595456,1.5226979,1.2475115
Bolivia,BOL,1970,3.380944,11.695494,4.2445545,5.999338,1.5710365,0.9462968
Bolivia,BOL,1971,3.8843749,10.033101,4.547112,6.1579313,1.5463862,1.555591
Bolivia,BOL,1972,4.040633,11.817469,4.5480185,6.2915797,1.5313816,1.2730763
Bolivia,BOL,1973,4.179219,12.195552,4.558307,6.453749,1.5163537,1.6920289
Bolivia,BOL,1974,4.085577,12.655099,4.567323,6.6332726,1.49156,1.5656748
Bolivia,BOL,1975,5.4570556,12.696007,4.538265,6.858442,1.4663516,1.5684394
Bolivia,BOL,1976,5.621272,13.342391,4.7200103,7.033559,1.4494519,1.1614199
Bolivia,BOL,1977,6.2023225,13.901757,4.658716,7.3181825,1.4227216,1.627296
Bolivia,BOL,1978,5.6578884,13.902772,4.67148,7.472507,1.4051664,1.6750327
Bolivia,BOL,1979,5.336335,14.844884,4.628549,7.63664,1.3783205,2.3748088
Bolivia,BOL,1980,5.2115307,19.410387,4.3165274,8.288105,1.2585987,2.9274073
Bolivia,BOL,1981,4.92928,17.88731,4.3224554,8.364838,1.2789987,2.604676
Bolivia,BOL,1982,3.9651642,17.600092,4.3392363,8.500789,1.2157344,0.9538839
Bolivia,BOL,1983,3.7020013,17.928932,3.851956,10.140672,1.2652409,1.0403092
Bolivia,BOL,1984,3.5502179,18.493067,2.3574197,8.4529,1.0613085,1.2679349
Bolivia,BOL,1985,3.2670884,19.5837,2.3914711,8.596115,1.0356765,1.2710575
Bolivia,BOL,1986,3.1427362,17.554024,2.595353,8.191877,1.0192659,0.934327
Bolivia,BOL,1987,3.0840619,18.125957,2.8286333,8.580503,1.0784756,1.0311741
Bolivia,BOL,1988,4.48469,19.18082,2.939226,8.865086,1.0713953,0.7016217
Bolivia,BOL,1989,5.056528,19.294645,2.8419209,7.803401,1.074037,1.0645322
Bolivia,BOL,1990,6.031579,18.34248,2.667997,9.166475,1.0100274,1.0767274
Bolivia,BOL,1991,7.1573935,18.146715,2.3412037,9.16414,0.9747051,0.71669495
Bolivia,BOL,1992,7.295232,16.97747,2.3103166,9.078298,0.98739666,0.76691
Bolivia,BOL,1993,9.458812,17.204838,2.2901297,7.6882915,0.9526169,1.472226
Bolivia,BOL,1994,11.388238,17.512192,2.4148088,7.8626175,0.946605,1.5841146
Bolivia,BOL,1995,12.02259,17.675146,2.482083,7.9116397,0.94047683,1.2604327
Bolivia,BOL,1996,12.875833,17.887966,2.4914687,8.272455,0.9343008,1.2846637
Bolivia,BOL,1997,13.949726,18.18935,2.500791,8.430402,0.928028,1.5434572
Bolivia,BOL,1998,16.018837,18.66577,2.4802728,8.734874,0.9215243,1.4705175
Bolivia,BOL,1999,16.349262,18.454401,2.4887865,8.784531,0.9443616,1.4362167
Bolivia,BOL,2000,15.753544,18.783833,2.4972723,8.913189,0.9673229,2.5367548
Bolivia,BOL,2001,14.787161,18.412144,2.5156991,11.122559,0.9310067,1.8917265
Bolivia,BOL,2002,15.320626,18.50994,2.543502,11.316598,0.9041356,1.7883999
Bolivia,BOL,2003,15.033808,18.660254,2.590318,11.516953,0.93649966,1.4346378
Bolivia,BOL,2004,16.151352,18.656908,2.5854142,11.7192135,0.9083888,1.5073264
Bolivia,BOL,2005,19.777828,18.66851,2.5184498,11.562882,1.2292434,1.6989543
Bolivia,BOL,2006,26.416996,20.899712,2.5287552,11.584297,1.3093554,1.6791734
Bolivia,BOL,2007,29.359777,25.05421,2.5873365,11.588072,1.4684885,1.3586016
Bolivia,BOL,2008,30.82715,25.166855,2.5356529,11.650028,1.5074158,2.2261837
Bolivia,BOL,2009,32.35463,20.262796,1.7259793,8.061221,1.5364208,2.0651891
Bolivia,BOL,2010,37.58998,19.83999,1.7499992,8.279996,1.4599993,1.779999
Bolivia,BOL,2011,36.349995,19.759998,1.7699997,8.459999,1.6799997,2.2399998
Bolivia,BOL,2012,34.459984,20.109993,1.7799993,8.809997,1.6699992,2.179999
Bolivia,BOL,2013,34.379997,19.759996,1.7099998,8.829999,1.6799997,2.1899998
Bolivia,BOL,2014,34.390003,20.340002,1.6900002,8.920001,1.6400001,2.3600001
Bolivia,BOL,2015,46.079975,21.709986,1.8899988,9.039994,1.689999,2.6299984
Bolivia,BOL,2016,41.92,22.26,2.15,9.56,1.7399999,2.61
Bolivia,BOL,2017,44.679996,22.619999,2.5599997,9.489999,1.7899997,2.5499997
Bolivia,BOL,2018,42.16,22.96,2.87,9.54,1.83,2.41
Bolivia,BOL,2019,41.96001,22.520008,3.220001,10.200003,1.8700006,2.820001
Bolivia,BOL,2020,40.269997,21.719997,3.0999997,9.669999,1.7699997,2.6699998
Bolivia,BOL,2021,42.88997,21.749985,3.1599977,9.7999935,1.8099986,2.1799984
Bolivia,BOL,2022,44.739983,22.51999,3.2399986,10.259995,1.8099991,2.1499991
Bolivia,BOL,2023,45.169994,23.539999,3.3399997,10.579999,1.7999998,2.1199996
Bosnia and Herzegovina,BIH,1992,3.4536252,6.740928,0.45004746,3.7862687,0,0.14675461
Bosnia and Herzegovina,BIH,1993,3.4807417,7.5780716,0.4574689,3.4409618,0,0.85526794
Bosnia and Herzegovina,BIH,1994,5.1564097,7.71006,0.3339389,4.4590664,0,0.19643465
Bosnia and Herzegovina,BIH,1995,6.5102534,6.9935474,0.34114867,5.297281,0,0.7486318
Bosnia and Herzegovina,BIH,1996,9.82315,7.4663134,0.35082674,7.448322,0,0.1709156
Bosnia and Herzegovina,BIH,1997,8.201506,7.0223193,0.16719808,6.344727,0,0.5631935
Bosnia and Herzegovina,BIH,1998,6.3571706,6.4462066,0.2849152,6.9804225,0,0.44518
Bosnia and Herzegovina,BIH,1999,4.9598966,5.75021,0.3361102,5.813798,0,1.5897104
Bosnia and Herzegovina,BIH,2000,3.7235963,6.285873,0.35945606,5.456359,0,2.0092673
Bosnia and Herzegovina,BIH,2001,3.805265,7.387783,0.33412084,6.5524807,0,2.7472157
Bosnia and Herzegovina,BIH,2002,6.068511,8.4605465,0.33507118,5.854438,0.018615063,4.0766993
Bosnia and Herzegovina,BIH,2003,5.584997,7.915964,0.41957408,3.8507578,0.018647738,4.8204403
Bosnia and Herzegovina,BIH,2004,6.570651,5.8948126,0.43178564,4.7120953,0.037546575,5.8478794
Bosnia and Herzegovina,BIH,2005,5.9765267,7.520384,0.5019903,5.4555936,0.028414547,6.5542893
Bosnia and Herzegovina,BIH,2006,5.369138,7.371835,0.5435894,5.0448914,0.009536657,5.9318
Bosnia and Herzegovina,BIH,2007,7.1915574,7.3940005,0.51092833,4.955041,0.057840943,5.957617
Bosnia and Herzegovina,BIH,2008,10.211116,8.46036,0.4890381,4.9881887,0.0782461,5.5261307
Bosnia and Herzegovina,BIH,2009,11.301397,8.560461,0.5064774,6.693446,0.089378364,5.5911136
Bosnia and Herzegovina,BIH,2010,11.829968,9.379975,0.5999985,7.1499815,0.059999842,5.419986
Bosnia and Herzegovina,BIH,2011,14.410004,10.000003,0.70000017,8.300002,0,4.7700014
Bosnia and Herzegovina,BIH,2012,16.920006,9.440002,0.6700002,8.950003,0,4.8200016
Bosnia and Herzegovina,BIH,2013,13.960012,9.790009,0.49000043,8.840008,0.07000006,4.550004
Bosnia and Herzegovina,BIH,2014,14.219996,10.909997,0.4599999,8.609998,0.23999994,5.6799984
Bosnia and Herzegovina,BIH,2015,16.079996,14.279996,0.3999999,9.419997,0.09999997,5.5899987
Bosnia and Herzegovina,BIH,2016,17.770016,13.4200115,0.40000036,9.380008,0.110000096,6.0700054
Bosnia and Herzegovina,BIH,2017,18.319979,12.1999855,0.39999953,10.409987,0.1699998,5.619993
Bosnia and Herzegovina,BIH,2018,19.390005,12.190003,0.46000016,11.170003,0.5000001,6.150002
Bosnia and Herzegovina,BIH,2019,20.629988,14.039991,0.43999973,11.079993,0.26999986,7.2399955
Bosnia and Herzegovina,BIH,2020,19.889988,12.8799925,0.29999983,10.579994,0.3399998,5.6399965
Bosnia and Herzegovina,BIH,2021,19.879986,14.31999,0.41999972,12.189992,0.40999973,5.749996
Bosnia and Herzegovina,BIH,2022,21.319986,13.509992,0.39999977,13.209992,0.39999977,5.819997
Bosnia and Herzegovina,BIH,2023,22.569986,15.049991,0.43999973,13.329992,0.4899997,5.859997
Botswana,BWA,1961,0.32548413,19.996931,4.109237,0.26445585,5.0144897,0.7526821
Botswana,BWA,1962,0.3665384,22.257025,4.2559175,0.33599353,4.89736,0.9265276
Botswana,BWA,1963,0.39777422,23.672665,4.395915,0.36717623,6.5989723,0.9077412
Botswana,BWA,1964,0.43017435,22.29737,4.4246507,0.37896314,6.4423733,0.88083327
Botswana,BWA,1965,0.4667026,21.769085,4.438861,0.42521796,6.3471556,0.8711782
Botswana,BWA,1966,0.50917494,19.422903,4.7629075,0.4455281,6.311648,1.0395656
Botswana,BWA,1967,0.55394894,20.572144,4.768306,0.47791675,6.2780886,1.0318657
Botswana,BWA,1968,0.5796833,21.894194,5.495844,0.501649,6.30963,1.3711741
Botswana,BWA,1969,0.46860895,24.287659,6.9491277,0.64005125,6.274788,1.360109
Botswana,BWA,1970,0.5869519,31.965399,7.0669007,0.5047786,6.245168,1.3499893
Botswana,BWA,1971,0.32193816,33.183475,6.713007,0.9181199,6.20029,1.8362398
Botswana,BWA,1972,0.63012516,34.383434,6.3250303,0.85601914,9.511324,1.926043
Botswana,BWA,1973,0.57530427,16.930382,6.1052694,0.85708594,9.146164,1.8433218
Botswana,BWA,1974,0.8445339,5.1828933,4.9515142,0.9139477,9.833614,1.7469126
Botswana,BWA,1975,0.982497,5.449431,4.7868166,0.8111312,6.5690203,1.66796
Botswana,BWA,1976,1.0708438,5.5120273,4.3960958,0.6988665,6.1658053,2.1078715
Botswana,BWA,1977,1.2230064,5.5591197,4.091512,0.6115032,5.5702386,2.5571952
Botswana,BWA,1978,1.316509,3.7972035,4.0583296,0.45697007,6.0058923,2.8723834
Botswana,BWA,1979,1.3960681,2.6855662,3.9750643,0.3516813,5.3604755,2.291257
Botswana,BWA,1980,1.5861665,4.8010817,3.5023408,0.36194405,5.0139894,3.2681417
Botswana,BWA,1981,1.7482008,6.3532176,3.1446295,0.28781354,4.658315,3.976091
Botswana,BWA,1982,1.4325658,5.4437504,3.3002071,0.26528996,3.9262915,2.7377923
Botswana,BWA,1983,1.302722,2.2559333,3.3997867,0.25418964,4.088217,2.6901739
Botswana,BWA,1984,1.3747791,18.199959,3.3734965,0.45473462,4.060886,3.0985408
Botswana,BWA,1985,1.9222714,12.283525,3.348132,0.42247722,3.2213888,2.6932921
Botswana,BWA,1986,2.0458794,5.1041527,3.754294,0.42183077,3.7121108,3.1320934
Botswana,BWA,1987,1.7483447,10.563793,3.6546724,0.4212879,3.7283976,3.7705264
Botswana,BWA,1988,2.5733314,10.9155655,4.186937,0.527322,4.1131115,4.6615267
Botswana,BWA,1989,3.0025845,10.033284,4.514449,0.97266823,4.842196,4.00697
Botswana,BWA,1990,4.8864555,16.535511,4.8228574,0.9645715,4.780459,6.804999
Botswana,BWA,1991,5.692494,15.611876,5.1720977,0.9345885,5.437606,8.22013
Botswana,BWA,1992,5.2759776,18.248302,5.063665,0.96602416,5.307825,5.180437
Botswana,BWA,1993,5.373032,15.366659,4.8961353,0.7418387,5.0974917,4.217883
Botswana,BWA,1994,4.687814,9.671925,4.550249,1.0370336,5.312151,3.671945
Botswana,BWA,1995,5.6926413,15.9056,7.023389,0.96109533,4.1717873,3.0628312
Botswana,BWA,1996,4.9709134,16.590818,5.234762,1.2137048,4.770388,3.2400644
Botswana,BWA,1997,5.8090415,11.02769,5.977725,1.3600115,4.027321,4.1222053
Botswana,BWA,1998,4.8014755,7.886634,5.2015986,1.4846668,4.2118206,2.9272153
Botswana,BWA,1999,4.8009877,4.475319,4.916547,1.4602566,5.6309175,3.9185302
Botswana,BWA,2000,5.6080184,5.1371956,4.415268,2.134395,6.99956,4.907016
Botswana,BWA,2001,5.7584524,3.6966553,4.5192914,0.74974424,6.924721,3.769547
Botswana,BWA,2002,5.370706,6.8740892,4.043582,0.6842985,6.8948255,3.2037609
Botswana,BWA,2003,3.47866,5.6773386,3.1586647,0.5367665,7.566344,2.8180244
Botswana,BWA,2004,3.7261097,11.065416,3.5618734,0.44138488,8.047576,2.7201626
Botswana,BWA,2005,2.8651636,12.847353,4.027543,0.37726355,8.381369,3.1302676
Botswana,BWA,2006,3.358033,11.034982,4.0053644,0.43492594,6.938586,2.4780664
Botswana,BWA,2007,3.6372175,7.394674,3.8977344,0.47093448,9.328511,2.8857265
Botswana,BWA,2008,4.840026,6.883152,4.135842,0.74385643,10.939649,2.8564088
Botswana,BWA,2009,4.4812226,8.158375,3.8438497,0.71581894,10.992233,3.4418144
Botswana,BWA,2010,5.16,4.31,3.75,0.54,10.64,3.68
Botswana,BWA,2011,4.8899813,17.579933,3.7199857,0.5799978,11.619955,2.9199889
Botswana,BWA,2012,4.990007,12.550018,3.6800056,0.6100009,11.780017,4.700007
Botswana,BWA,2013,5.98998,3.379989,3.2199893,0.6699978,10.7399645,3.649988
Botswana,BWA,2014,4.619972,3.33998,3.0899816,0.6899959,12.309927,3.8599768
Botswana,BWA,2015,2.969992,5.2099857,2.579993,0.79999787,13.219964,3.1999915
Botswana,BWA,2016,3.2699943,3.9899929,2.6299953,0.9699983,12.449978,3.9799929
Botswana,BWA,2017,3.3000014,3.8500016,2.7400012,0.81000036,12.130006,2.830001
Botswana,BWA,2018,3.8299847,3.3099868,2.6599896,0.78999686,12.429951,2.4599903
Botswana,BWA,2019,3.649997,5.9599953,2.3999982,0.5799995,12.239989,2.5999978
Botswana,BWA,2020,3.4999924,8.839981,2.4399948,0.48999897,12.349974,4.0599914
Botswana,BWA,2021,3.0599897,26.419912,2.139993,0.63999784,12.429958,2.2899923
Botswana,BWA,2022,2.799994,29.689938,1.9199959,0.40999913,12.489974,2.2599952
Botswana,BWA,2023,2.7499979,25.17998,2.229998,0.49999958,12.619989,2.2199981
Brazil,BRA,1961,1.738871,17.680197,0.5729228,7.0459456,0.6030767,4.633639
Brazil,BRA,1962,1.7897649,17.123426,0.5932367,7.5411444,0.5831818,5.902202
Brazil,BRA,1963,2.0925791,16.821117,0.59356815,7.1731205,0.59356815,5.2918115
Brazil,BRA,1964,2.1538765,17.170622,0.6139555,6.995066,0.56363124,5.223654
Brazil,BRA,1965,2.66775,16.902462,0.64428675,7.016685,0.54361695,5.144227
Brazil,BRA,1966,2.788736,16.259237,0.614126,7.6111355,0.5134496,5.4566607
Brazil,BRA,1967,3.0608249,16.67344,0.58397317,7.4607606,0.46315113,5.92028
Brazil,BRA,1968,3.2123501,17.70317,0.6243439,7.8244386,0.4028025,6.726802
Brazil,BRA,1969,3.5753427,18.269497,0.6042833,7.644183,0.3222844,6.6571875
Brazil,BRA,1970,3.9682705,17.877361,0.5942334,7.936541,0.30215257,7.41281
Brazil,BRA,1971,3.89727,16.67669,0.6042279,8.096654,0.22155023,7.1802416
Brazil,BRA,1972,4.358804,18.602934,0.5637253,7.620358,0.120798275,6.9559674
Brazil,BRA,1973,5.111095,19.659607,0.5634278,6.710828,0.14085695,8.330683
Brazil,BRA,1974,5.249968,18.777185,0.5732724,6.7786946,0.11063152,7.452541
Brazil,BRA,1975,5.118398,19.347343,0.5832359,6.9284406,0.1307253,8.12508
Brazil,BRA,1976,5.459297,20.218502,0.58312935,6.927174,0.18097118,6.5953937
Brazil,BRA,1977,6.050918,20.132872,0.49251658,7.186722,0.11056495,6.412767
Brazil,BRA,1978,7.1444464,22.046295,0.4019379,7.214785,0.120581366,6.270231
Brazil,BRA,1979,8.760012,22.352093,0.43197304,7.5042753,0.16073415,7.373679
Brazil,BRA,1980,10.114244,22.57877,0.42184535,7.9849296,0.080351494,6.6189547
Brazil,BRA,1981,9.863367,22.287996,0.40176648,7.79427,0.07030913,5.946144
Brazil,BRA,1982,10.46941,21.220148,0.39184928,6.7418175,0.090426765,6.470537
Brazil,BRA,1983,10.192026,21.610312,0.45230883,6.714273,0.070359156,6.4629903
Brazil,BRA,1984,8.454702,22.318003,0.5026577,5.5795007,0.09047839,6.775826
Brazil,BRA,1985,9.258078,22.33599,0.57297546,5.7197027,0.07036541,6.654557
Brazil,BRA,1986,10.341074,26.812426,0.76377225,6.1704755,0.07034744,7.2960353
Brazil,BRA,1987,11.594227,25.047146,0.68319535,7.2639737,0.05023495,7.1534567
Brazil,BRA,1988,12.172806,24.546484,0.723137,7.51259,0.060261413,5.9156623
Brazil,BRA,1989,12.95072,27.919344,0.74290955,7.228309,0.06023591,6.244456
Brazil,BRA,1990,14.187858,27.603107,0.7625722,6.9634886,0.050169226,5.81963
Brazil,BRA,1991,15.674271,28.48044,0.7621526,7.8020363,0.07019827,5.2448134
Brazil,BRA,1992,16.634747,28.419363,0.7615908,7.886473,0.09018839,4.6396914
Brazil,BRA,1993,17.243769,28.028635,0.7810766,9.262768,0.06008282,5.337357
Brazil,BRA,1994,18.869883,30.482119,0.7908333,10.42098,0.060063284,5.6559596
Brazil,BRA,1995,22.922077,34.393124,0.8608291,10.86046,0.050048202,6.0958714
Brazil,BRA,1996,21.735046,36.93256,0.6207153,11.0126915,0.030034613,6.9580183
Brazil,BRA,1997,25.039501,34.574543,0.62097967,11.778582,0.030047402,6.470207
Brazil,BRA,1998,25.617214,32.62012,0.61112636,13.474834,0.030055394,5.971005
Brazil,BRA,1999,28.219793,34.50311,0.6112953,13.228028,0.0300637,5.922549
Brazil,BRA,2000,29.672762,34.96753,0.6317621,13.888739,0.040111877,6.056894
Brazil,BRA,2001,28.607792,34.409653,0.59223145,13.029092,0.030113464,6.153185
Brazil,BRA,2002,30.933556,35.114307,0.5728436,12.431711,0.030149663,6.1907306
Brazil,BRA,2003,32.62288,33.548637,0.5534418,13.413417,0.030187735,5.987234
Brazil,BRA,2004,34.399544,33.674282,0.59431124,13.115141,0.020146145,6.1546474
Brazil,BRA,2005,27.756802,36.43458,0.59464455,10.300454,0.020157443,6.087548
Brazil,BRA,2006,29.824766,36.900463,0.6047604,11.14775,0.040317357,6.6624436
Brazil,BRA,2007,31.922733,37.47495,0.6045972,11.104436,0.050383102,7.043557
Brazil,BRA,2008,36.838696,37.684864,0.6144819,11.614716,0.07051432,7.6659136
Brazil,BRA,2009,35.29741,38.107906,0.60440767,11.765803,0.07051423,8.38112
Brazil,BRA,2010,38.05,38.98,0.61,12.43,0.2,8.71
Brazil,BRA,2011,40.96,39.4,0.61,12.68,0.16,9.26
Brazil,BRA,2012,41.23,39.68,0.62,11.85,0.26,9.74
Brazil,BRA,2013,43.27,39.63,0.62,11.9,0.27,9.84
Brazil,BRA,2014,45.27,39.38,0.62,12.14,0.23,10.11
Brazil,BRA,2015,46.96,38.44,0.61,13.04,0.23,9.21
Brazil,BRA,2016,46.64,37.5,0.61,13.23,0.2,9.02
Brazil,BRA,2017,48.370003,37.620003,0.6100001,13.860001,0.42000002,9.150001
Brazil,BRA,2018,48.57,38.08,0.61,14.66,0.68,8.61
Brazil,BRA,2019,47.97,37.84,0.65,14.6,0.54,8.38
Brazil,BRA,2020,49.42,35.51,0.69,14.45,0.5,7.99
Brazil,BRA,2021,48.32,35.42,0.68,15.38,0.33,8.25
Brazil,BRA,2022,48.2,35.43,0.68,16.54,0.36,8.22
Brazil,BRA,2023,47.55,39.07,0.72,16.75,0.48,8.18
Brunei,BRN,1961,4.1638837,23.36608,0.1115326,4.414832,0,20.531294
Brunei,BRN,1962,4.586663,28.6178,0.0744286,4.447109,0.13025007,20.160849
Brunei,BRN,1963,4.608435,26.963062,0.13936801,4.8035507,0.1579504,20.75654
Brunei,BRN,1964,4.588431,24.135515,0.12951216,4.4496675,0.06475608,19.352818
Brunei,BRN,1965,6.2437754,21.695263,0.167244,5.063776,0.111495994,18.489752
Brunei,BRN,1966,8.254207,20.64475,0.24005522,4.773406,0.055397358,24.162481
Brunei,BRN,1967,7.916983,20.40864,0.39211473,3.6037211,0.074688524,24.787252
Brunei,BRN,1968,8.337968,20.788834,0.28977242,3.7296515,0.15890746,21.387074
Brunei,BRN,1969,8.61216,20.667295,0.3301485,3.5090067,0.254686,24.346092
Brunei,BRN,1970,9.599206,19.78514,0.35588244,3.5684426,0.17313199,25.15223
Brunei,BRN,1971,13.932183,18.171986,0.3944001,3.648201,0.31552008,26.829065
Brunei,BRN,1972,11.254387,18.1648,0.4294043,3.355345,0.43939042,28.830004
Brunei,BRN,1973,15.093125,16.810308,0.471974,2.741466,0.40168,24.090757
Brunei,BRN,1974,12.155055,18.933641,0.49427193,3.3489444,0.4034873,24.955688
Brunei,BRN,1975,16.631536,17.97591,0.5397865,3.5951822,0.41757074,26.551388
Brunei,BRN,1976,17.555204,21.300995,0.47970614,3.715171,0.21433678,40.121807
Brunei,BRN,1977,16.836023,20.803488,0.45224974,3.2068615,0.59614736,35.861347
Brunei,BRN,1978,15.519548,16.867731,0.5145739,3.8695955,0.8027352,38.654793
Brunei,BRN,1979,16.758799,20.210054,0.6011195,3.6378098,1.0571413,35.932438
Brunei,BRN,1980,22.73016,20.438477,0.67402387,4.5833626,0.85030705,39.165974
Brunei,BRN,1981,29.799728,23.228241,0.673733,4.5191936,1.2438148,44.24871
Brunei,BRN,1982,32.76036,20.28515,0.6206573,5.172144,1.1792488,43.414978
Brunei,BRN,1983,30.647215,21.331451,1.3499614,5.5647264,1.885824,49.06234
Brunei,BRN,1984,25.639406,21.589998,0.91239786,6.509805,1.1686894,48.62363
Brunei,BRN,1985,22.724958,28.001307,0.8148798,6.0912266,0.47874185,48.801113
Brunei,BRN,1986,29.146925,17.864244,0.2123085,4.721337,1.0211028,38.66037
Brunei,BRN,1987,31.533804,22.159433,0.7063572,4.8738647,1.331988,33.71342
Brunei,BRN,1988,25.003197,24.882164,0.77662206,7.7258763,0.524472,24.730875
Brunei,BRN,1989,33.50774,22.936428,1.1286818,6.8627887,0.16124025,40.592236
Brunei,BRN,1990,27.783022,22.447876,0.5637135,4.519774,0.16106099,29.252703
Brunei,BRN,1991,35.718876,22.61961,0.6635086,5.0165267,0.28148848,23.79583
Brunei,BRN,1992,31.64033,22.084728,0.8970976,5.775696,0.5543862,20.068779
Brunei,BRN,1993,30.74179,21.12803,0.96036506,8.491649,0.7480739,36.20071
Brunei,BRN,1994,35.145374,25.497822,1.3940964,11.829616,2.333596,59.68349
Brunei,BRN,1995,33.196835,24.120127,1.0332856,11.447184,2.0767014,35.719265
Brunei,BRN,1996,32.455254,29.74303,1.2291348,12.271031,1.2900835,38.082863
Brunei,BRN,1997,26.902937,19.654373,1.4720476,10.476917,0.24364923,59.67376
Brunei,BRN,1998,31.294312,15.484798,1.6743065,8.391828,0.19279893,54.836075
Brunei,BRN,1999,41.930954,20.085344,1.2311685,4.955199,0.122099355,31.898458
Brunei,BRN,2000,43.54062,11.604729,0.85433584,4.597141,0.04068266,33.970024
Brunei,BRN,2001,48.79278,10.474483,1.0576175,5.8270664,0.0203388,40.66743
Brunei,BRN,2002,53.480717,12.431699,0.87489855,4.638997,0.11190563,36.55245
Brunei,BRN,2003,57.432457,11.335353,1.0824751,4.942622,0.061272174,37.93769
Brunei,BRN,2004,53.937084,8.684351,2.0969281,6.137351,0.16366269,41.713528
Brunei,BRN,2005,47.316193,7.597247,1.753211,6.9308224,0.030758087,38.20154
Brunei,BRN,2006,52.753174,11.32188,1.3779582,5.3473,0.04113308,36.83467
Brunei,BRN,2007,55.80175,9.738596,1.5614628,5.937668,0.030818343,32.749626
Brunei,BRN,2008,56.166542,9.171096,1.5302277,7.127369,0.051349923,33.531498
Brunei,BRN,2009,56.79233,9.293104,1.7808372,6.775369,0.10234697,29.434988
Bulgaria,BGR,1961,3.6684706,7.1370244,6.227404,14.473966,0.9096208,2.508954
Bulgaria,BGR,1962,3.538087,8.185574,7.3360333,14.632089,0.4597514,2.1688273
Bulgaria,BGR,1963,3.4796848,9.149171,6.8293815,12.838838,0.24997737,4.0896297
Bulgaria,BGR,1964,3.9804528,8.560974,8.160928,14.001593,0.1900216,4.290488
Bulgaria,BGR,1965,4.0822797,8.354666,8.154553,17.529789,0.18010058,4.2323637
Bulgaria,BGR,1966,4.585664,9.661933,8.820895,16.029799,0.24029678,3.6244764
Bulgaria,BGR,1967,5.331441,10.72301,9.009333,18.098837,0.15032259,5.2512684
Bulgaria,BGR,1968,5.229575,10.940032,8.485538,17.081276,0.3606604,6.602089
Bulgaria,BGR,1969,6.444372,10.407061,8.545798,14.820055,0.13008825,7.845323
Bulgaria,BGR,1970,7.8238482,9.894867,8.294079,14.247006,0.17008366,7.7538133
Bulgaria,BGR,1971,9.168689,9.048575,8.798338,15.824998,0.350332,8.488044
Bulgaria,BGR,1972,9.398682,9.368622,8.38667,20.28031,0.34067717,8.426749
Bulgaria,BGR,1973,10.663688,10.643642,8.488856,19.45321,0.20044525,5.792868
Bulgaria,BGR,1974,12.47754,11.987244,8.515145,18.22101,0.30018142,9.335641
Bulgaria,BGR,1975,10.964844,11.97529,6.612921,28.142431,0.33014584,11.635139
Bulgaria,BGR,1976,11.752102,12.942314,7.591358,26.964823,0.41007334,9.9617815
Bulgaria,BGR,1977,13.108093,13.24786,5.7404065,25.467438,0.3893493,8.266185
Bulgaria,BGR,1978,14.053599,12.80328,5.6914577,26.676832,0.6701717,7.381891
Bulgaria,BGR,1979,14.775081,12.471169,5.098655,30.000927,0.7112073,6.0602875
Bulgaria,BGR,1980,13.188125,12.257551,5.2132115,29.308056,0.5903636,6.494
Bulgaria,BGR,1981,12.804605,12.394457,6.9625034,32.081535,0.3801367,6.112198
Bulgaria,BGR,1982,13.656527,12.576011,6.343032,31.735168,0.25011954,6.603156
Bulgaria,BGR,1983,14.629283,12.587987,6.4140697,32.850845,0.19012064,9.67614
Bulgaria,BGR,1984,14.873973,13.033482,6.8818383,30.218071,0.20005344,9.592563
Bulgaria,BGR,1985,14.171811,13.921779,8.201048,31.22399,0.20002556,7.7109857
Bulgaria,BGR,1986,15.31893,13.650135,7.8643165,33.08609,0.1398989,8.52384
Bulgaria,BGR,1987,15.932629,13.49142,6.9748845,33.80826,0.1394977,6.935028
Bulgaria,BGR,1988,16.308004,14.134265,6.5311418,36.745117,0.2282922,6.3624043
Bulgaria,BGR,1989,17.01808,15.498077,7.1231546,38.486893,0.21856263,6.3283815
Bulgaria,BGR,1990,18.517134,14.39777,6.738956,22.386532,0.24996129,3.7594178
Bulgaria,BGR,1991,9.945959,12.4701605,8.2966795,23.59274,0.3318672,2.906352
Bulgaria,BGR,1992,8.483034,15.247217,6.1979737,23.538145,0.45498988,2.315393
Bulgaria,BGR,1993,10.141351,16.100908,6.252486,29.848297,0.565653,1.6060506
Bulgaria,BGR,1994,10.232465,12.813175,5.071045,28.699102,0.57237536,1.2752925
Bulgaria,BGR,1995,11.04056,10.680542,5.1602616,30.981571,0.65003294,0.9800497
Bulgaria,BGR,1996,12.2457285,9.650871,6.177755,28.90271,0.79841745,1.1177844
Bulgaria,BGR,1997,13.40205,9.300604,5.688137,27.133413,1.5567534,2.8939648
Bulgaria,BGR,1998,15.5462475,10.340853,5.9847054,32.860928,0.84924877,5.265342
Bulgaria,BGR,1999,15.09726,10.548085,6.488822,24.495554,0.75986207,4.29922
Bulgaria,BGR,2000,16.390985,8.780528,6.7004027,24.341463,0.8900535,3.3201995
Bulgaria,BGR,2001,17.904768,11.099155,5.6646724,20.53694,0.65053654,3.5128975
Bulgaria,BGR,2002,20.711187,6.6768303,5.7258573,20.090551,0.6506656,3.8839734
Bulgaria,BGR,2003,14.254738,7.4024606,1.5205054,21.307081,0.57018954,4.5915265
Bulgaria,BGR,2004,16.210728,9.574524,1.6990283,22.327229,0.79954267,3.697885
Bulgaria,BGR,2005,17.292885,12.57029,2.1166809,17.81207,0.8287006,4.153487
Bulgaria,BGR,2006,18.009148,13.798699,2.035383,13.020465,0.90794045,5.6571674
Bulgaria,BGR,2007,19.149494,5.0739684,1.8641102,19.687794,1.2659999,4.5855117
Bulgaria,BGR,2008,19.975908,5.118453,2.0214903,21.9974,2.1609035,6.2636323
Bulgaria,BGR,2009,21.80695,4.932169,1.6705734,25.167982,1.9092267,6.4535837
Bulgaria,BGR,2010,21.990017,4.8100038,1.8300016,26.23002,0.9300008,6.450005
Bulgaria,BGR,2011,21.47999,4.399998,1.8899993,28.009989,0.8999996,5.7199974
Bulgaria,BGR,2012,21.709969,3.8599944,1.8399974,25.669964,0.9299987,5.789992
Bulgaria,BGR,2013,21.309984,3.7799973,1.6299989,25.909983,1.0199993,6.6999955
Bulgaria,BGR,2014,21.59,3.97,1.9,27.48,0.98,6.46
Bulgaria,BGR,2015,21.770016,3.8800027,1.540001,27.810019,0.80000055,7.0600047
Bulgaria,BGR,2016,22.24998,3.9499967,1.6699986,28.319977,0.79999936,7.359994
Bulgaria,BGR,2017,22.129993,3.699999,1.3799996,29.229992,0.7999998,7.359998
Bulgaria,BGR,2018,22.740015,3.3100023,1.5100011,31.970022,0.75000054,7.290005
Bulgaria,BGR,2019,23.070013,4.0000024,1.3800008,31.720018,0.76000047,7.2600045
Bulgaria,BGR,2020,21.46998,3.329997,1.2899988,30.109974,0.6699994,6.349994
Bulgaria,BGR,2021,21.690025,3.9700046,1.6400019,34.60004,0.7000008,7.0900083
Bulgaria,BGR,2022,23.279993,3.909999,1.3999995,33.97999,0.7399998,7.1499977
Bulgaria,BGR,2023,25.90998,2.8099978,1.5699989,32.799973,0.6499995,7.179994
Burkina Faso,BFA,1961,1.3832184,3.018849,1.8476567,0.23221916,1.29235,0.5956926
Burkina Faso,BFA,1962,1.3106562,3.115329,1.8954105,0.21172138,1.2602464,1.0182791
Burkina Faso,BFA,1963,1.2988816,3.4435468,1.943288,0.21144584,1.2485374,1.8425995
Burkina Faso,BFA,1964,1.2468369,3.66007,2.0814133,0.26143354,1.2367818,1.7395387
Burkina Faso,BFA,1965,1.114775,3.9870777,2.1994207,0.27116147,1.2252481,1.3457643
Burkina Faso,BFA,1966,1.1740342,4.023827,2.378172,0.3211034,1.2342412,1.585448
Burkina Faso,BFA,1967,1.2739702,4.0125046,2.2269402,0.29090658,1.2338452,1.5448142
Burkina Faso,BFA,1968,1.2134291,3.660344,2.1260078,0.2807935,1.2535424,1.4641376
Burkina Faso,BFA,1969,1.3034947,4.4719896,2.396425,0.2907796,1.1931992,1.4739518
Burkina Faso,BFA,1970,1.2933784,4.782492,2.5065472,0.32083806,1.1730641,1.323457
Burkina Faso,BFA,1971,1.2933894,4.8126125,2.5366476,0.35091963,1.1530217,1.1831005
Burkina Faso,BFA,1972,1.2638538,3.952051,2.4574935,0.3009176,1.1234256,1.1936398
Burkina Faso,BFA,1973,1.2738826,2.3772454,1.8155335,0.24073373,1.0632405,1.0933324
Burkina Faso,BFA,1974,1.1929815,2.185462,1.7844596,0.23057625,1.0626557,1.4235576
Burkina Faso,BFA,1975,1.2314856,2.6832368,1.8522345,0.2803382,1.0412561,1.1513889
Burkina Faso,BFA,1976,1.4384781,3.1466708,1.4784358,0.27970406,1.0588796,1.2686577
Burkina Faso,BFA,1977,1.2939862,3.254873,1.532876,0.28865847,1.0152816,1.3338013
Burkina Faso,BFA,1978,1.1494424,3.3888733,1.6548007,0.2873606,0.98098963,1.416985
Burkina Faso,BFA,1979,1.1836954,3.6497276,1.6275812,0.29592386,0.96668464,1.3908421
Burkina Faso,BFA,1980,1.2864505,3.1228342,1.8560241,0.294607,0.9525627,1.4141136
Burkina Faso,BFA,1981,1.3108609,2.8173726,2.0249863,0.4108668,0.9293416,1.5260767
Burkina Faso,BFA,1982,1.414008,3.3741157,2.3209236,0.48758897,0.9069155,1.5212775
Burkina Faso,BFA,1983,1.5554746,3.7914693,2.4498725,0.5444161,0.9041196,1.4971442
Burkina Faso,BFA,1984,1.4631279,3.4979413,2.4611554,0.6007545,0.8914421,1.3565423
Burkina Faso,BFA,1985,1.603573,4.095873,2.569581,0.618245,0.86940706,1.4973121
Burkina Faso,BFA,1986,1.7541243,4.24074,2.6311865,0.62647295,0.8674241,1.7444861
Burkina Faso,BFA,1987,1.896132,4.2446404,2.7142599,0.63525236,0.8566281,1.9538821
Burkina Faso,BFA,1988,2.0294998,4.2513695,2.750886,0.65405685,0.85604495,2.15454
Burkina Faso,BFA,1989,2.0004532,4.1644053,2.9718273,0.6539944,0.8463456,1.961983
Burkina Faso,BFA,1990,2.0874684,6.2431655,3.1071534,0.83691126,0.6829965,1.6353439
Burkina Faso,BFA,1991,2.1192956,6.36752,3.1885765,0.9055172,0.6839545,1.4642406
Burkina Faso,BFA,1992,2.1144292,6.0826044,3.195781,0.9654927,0.68549985,1.3999646
Burkina Faso,BFA,1993,2.1190727,6.0669336,3.202799,1.035346,0.7353859,1.2482208
Burkina Faso,BFA,1994,2.1721158,6.0508933,3.2096887,1.1151487,0.78545254,2.0848432
Burkina Faso,BFA,1995,2.1662943,6.0423098,3.23487,1.194862,0.777146,2.2731519
Burkina Faso,BFA,1996,2.1805222,5.947764,3.2415798,1.2946851,0.79822683,2.21946
Burkina Faso,BFA,1997,2.2043543,6.0473437,3.2577627,1.3850368,0.79981,2.6140132
Burkina Faso,BFA,1998,2.214936,5.883729,3.2589805,1.4733715,0.7903516,1.6977923
Burkina Faso,BFA,1999,2.017614,5.8189154,3.2652204,1.5790023,0.78950113,2.816862
Burkina Faso,BFA,2000,2.219289,5.752631,3.2607977,1.6839343,0.7981654,2.258224
Burkina Faso,BFA,2001,2.2152817,5.6742306,3.2549095,1.8266358,0.80644023,1.6323128
Burkina Faso,BFA,2002,2.2398844,5.6239524,3.2580137,1.9489903,0.78541404,1.6193104
Burkina Faso,BFA,2003,2.2448928,8.021622,3.241548,2.0803967,0.7644248,1.5772308
Burkina Faso,BFA,2004,2.2301736,7.897325,3.2342346,2.2205193,0.77235454,1.8053787
Burkina Faso,BFA,2005,2.215785,8.024996,3.1984377,2.360293,0.7899756,2.4566314
Burkina Faso,BFA,2006,2.2213342,7.9333363,3.1925669,2.5194352,0.8462225,2.5482838
Burkina Faso,BFA,2007,2.2289755,7.849453,3.189741,2.305837,0.5764592,2.6805353
Burkina Faso,BFA,2008,2.2194502,7.77288,3.1898592,1.9696419,0.6149126,2.5076904
Burkina Faso,BFA,2009,2.2579947,7.6963997,3.1900182,1.9505231,0.6341603,4.1316504
Burkina Faso,BFA,2010,2.3099995,7.6399984,3.1899996,2.4099996,0.64999986,5.119999
Burkina Faso,BFA,2011,2.3000004,7.5600014,3.1900008,2.3900006,0.60000014,6.5100017
Burkina Faso,BFA,2012,2.2800007,7.4800024,3.190001,2.3300006,0.5600002,6.630002
Burkina Faso,BFA,2013,2.16,6.5299997,3.1899998,2.31,0.47999996,6.6299996
Burkina Faso,BFA,2014,2.1599994,6.3399982,3.219999,2.2599993,0.5099999,6.2999983
Burkina Faso,BFA,2015,2.7500002,5.8600006,2.9900002,2.1800003,0.44000006,6.640001
Burkina Faso,BFA,2016,2.3800008,5.7000012,2.1800008,2.0700004,0.4200001,6.9900017
Burkina Faso,BFA,2017,2.0999997,5.2799993,2.0799997,2.0299997,0.43999994,8.069999
Burkina Faso,BFA,2018,2.08,5.31,2.26,1.99,0.43,8.48
Burkina Faso,BFA,2019,9.739997,6.249998,4.1099987,15.319995,0.3999999,9.039997
Burkina Faso,BFA,2020,9.229999,5.1699996,3.4799998,14.809999,0.44999996,10.289999
Burkina Faso,BFA,2021,6.789997,5.7499976,2.279999,10.1799965,0.42999983,10.979995
Burkina Faso,BFA,2022,6.7100005,5.7500005,2.24,8.02,0.43000004,10.7300005
Burkina Faso,BFA,2023,6.6500006,5.7600007,2.2100003,8.030001,0.43000004,10.490001
Burundi,BDI,2010,0.73001605,0.8370851,0.49641094,0.39907545,0.17520386,1.9661766
Burundi,BDI,2011,0.7103002,1.0313947,0.32109463,0.3892056,0.21406308,1.39141
Burundi,BDI,2012,0.37932923,1.2060724,0.5933099,0.5057723,0.20425421,1.867467
Burundi,BDI,2013,0.35000747,0.8750186,0.38889718,0.5152887,0.19444859,1.9542083
Burundi,BDI,2014,0.48588496,1.0592293,0.44701418,0.47616726,0.11661239,2.225353
Burundi,BDI,2015,0.47578776,1.0195451,0.4369479,0.46607777,0.06796968,2.4954581
Burundi,BDI,2016,0.475346,1.0185986,0.4268413,0.46564505,0.16491596,2.68716
Burundi,BDI,2017,0.4653509,0.9888707,0.41687685,0.4556561,0.12603253,2.3170598
Burundi,BDI,2018,0.4264219,0.90130085,0.37796485,0.4264219,0.077531256,2.355012
Burundi,BDI,2019,0.5329238,1.2983962,0.86236763,0.79454094,0.05813714,2.5192761
Burundi,BDI,2020,0.6101863,1.0847756,0.72641224,0.8038962,0.058112975,2.6247694
Burundi,BDI,2021,0.6389115,1.1713377,0.78411865,0.81316006,0.05808286,2.4685216
Burundi,BDI,2022,0.6386201,1.2675639,0.7644089,0.8418173,0.048380308,2.3996632
Cambodia,KHM,1961,0.71647376,2.4655125,0,1.7068933,0,5.299799
Cambodia,KHM,1962,0.7506794,2.452924,0,2.040579,0,5.4133496
Cambodia,KHM,1963,0.71096027,2.4936664,0,2.5785573,0,5.6664596
Cambodia,KHM,1964,0.82995385,2.4898615,0,3.3410964,0,6.352339
Cambodia,KHM,1965,0.9475588,2.501981,0,3.8434687,0,7.293009
Cambodia,KHM,1966,0.955987,2.5068102,0,4.2382092,0,6.681287
Cambodia,KHM,1967,1.035717,2.990897,0,4.6501584,0,6.8484144
Cambodia,KHM,1968,1.1555631,3.3826485,0,4.9163957,0,7.479645
Cambodia,KHM,1969,1.2015857,3.5316172,0,5.4019113,0,7.7214937
Cambodia,KHM,1970,1.2268851,4.198909,0,5.8700113,0,8.260322
Cambodia,KHM,1971,1.2560323,4.2445235,0,5.9011865,0,11.748235
Cambodia,KHM,1972,1.2857239,4.1648664,0,5.8461976,0,13.000097
Cambodia,KHM,1973,1.2768228,4.0969357,0,5.7623568,0,12.535069
Cambodia,KHM,1974,1.2605622,3.9713287,0,4.540255,0,12.527534
Cambodia,KHM,1975,1.2743784,3.0309544,0,3.650922,0,12.870074
Cambodia,KHM,1976,1.3687115,2.737423,0,2.6041858,0,13.808239
Cambodia,KHM,1977,1.5907917,2.4180033,0,2.1125715,0,14.940716
Cambodia,KHM,1978,1.5509241,2.6740072,0,1.537554,0,7.848211
Cambodia,KHM,1979,1.4114413,2.5033112,0,1.0386078,0,5.9120755
Cambodia,KHM,1980,1.1208214,2.6152499,0,1.0048743,0,3.7876034
Cambodia,KHM,1981,1.2923889,2.9814515,0,1.7018586,0,9.763294
Cambodia,KHM,1982,1.7879728,3.4993184,0,5.3128333,0,12.643522
Cambodia,KHM,1983,1.6753255,3.811046,0,5.8444567,0,12.098152
Cambodia,KHM,1984,1.8346208,4.169593,0,6.90228,0,11.020555
Cambodia,KHM,1985,2.1103144,4.439381,0,7.952282,0,11.6582
Cambodia,KHM,1986,2.2739556,4.6628866,0,7.3839684,0,11.663604
Cambodia,KHM,1987,2.1945112,4.8682833,0,7.6303406,0,12.523849
Cambodia,KHM,1988,2.598774,4.8851957,0,8.808345,0,12.681517
Cambodia,KHM,1989,2.4050226,5.194353,0,9.830839,0,11.430057
Cambodia,KHM,1990,2.2105956,5.2563057,0,8.216047,0,14.921521
Cambodia,KHM,1991,2.2692084,5.3314195,0,8.06423,0,15.176855
Cambodia,KHM,1992,2.3846393,5.5242143,0,10.065813,0,9.119148
Cambodia,KHM,1993,2.3975084,5.4499454,0,9.859022,0,8.549164
Cambodia,KHM,1994,2.144892,5.15903,0,8.77148,0,8.5005455
Cambodia,KHM,1995,1.9778371,5.0520835,0,8.137079,0,9.684952
Cambodia,KHM,1996,2.0331113,4.856877,0,7.9681535,0,7.8449345
Cambodia,KHM,1997,2.0091493,4.5993767,0,8.381305,0,6.81535
Cambodia,KHM,1998,1.9962465,4.4091854,0,8.295083,0,6.725219
Cambodia,KHM,1999,2.067157,4.3488307,0,8.356385,0,19.374723
Cambodia,KHM,2000,2.0989008,5.5218744,0,8.425027,0,20.331873
Cambodia,KHM,2001,2.1480563,5.3011665,0,8.3557415,0,31.856268
Cambodia,KHM,2002,2.066223,4.844255,0,8.353868,0,28.610762
Cambodia,KHM,2003,2.0316257,4.8461704,0,8.968884,0,25.142607
Cambodia,KHM,2004,2.0053988,4.844726,0,9.034223,0,21.165892
Cambodia,KHM,2005,1.9478656,5.008797,0,9.013846,0,27.081293
Cambodia,KHM,2006,1.868417,5.167962,0,8.914735,0,35.976967
Cambodia,KHM,2007,1.8969225,5.174328,0.009931531,8.958241,0,34.164467
Cambodia,KHM,2008,1.9641528,5.1980605,0.009919964,8.719648,0,31.902603
Cambodia,KHM,2009,2.2786028,5.2705073,0.009906968,8.619062,0,34.317738
Cambodia,KHM,2010,1.9500002,5,0,7.22,0,35.79
Cambodia,KHM,2011,1.8799992,4.9399977,0,7.4599967,0,39.629982
Cambodia,KHM,2012,1.71,4.61,0,6.58,0,40.85
Cambodia,KHM,2013,1.71,3.9,0,6.76,0,41.56
Cambodia,KHM,2014,1.6399999,3.9399996,0,7.2999997,0,42.099995
Cambodia,KHM,2015,1.5799997,3.7999992,0.009999998,7.1199985,0,41.25999
Cambodia,KHM,2016,1.6599997,3.7699995,0.009999999,7.109999,0,41.91999
Cambodia,KHM,2017,2.1799996,3.989999,0.009999997,7.019998,0,42.459988
Cambodia,KHM,2018,2.4699996,4.3299994,0.009999998,6.819999,0,43.269993
Cambodia,KHM,2019,1.7299995,3.569999,0,5.6699986,0.029999992,43.69999
Cambodia,KHM,2020,1.7899985,3.539997,0,6.4099946,0.009999991,44.129967
Cambodia,KHM,2021,1.7300001,4.1500006,0.010000001,6.1200004,0.010000001,40.460003
Cambodia,KHM,2022,1.93,4.19,0.01,6.11,0,39.92
Cambodia,KHM,2023,3.9099994,5.689999,0.009999998,6.469999,0.049999993,39.41999
Cameroon,CMR,1961,0.54339516,4.274012,1.6510854,0.5956447,4.9010067,12.30999
Cameroon,CMR,1962,0.565831,4.222776,1.666058,0.5867877,4.9981737,11.526187
Cameroon,CMR,1963,0.6288514,4.4962873,1.6769371,0.58692795,4.9050407,10.88961
Cameroon,CMR,1964,0.828484,3.5866017,1.6884295,0.57679266,4.7821355,10.529088
Cameroon,CMR,1965,0.8817169,3.9152431,1.6899575,0.56681806,4.838947,10.454643
Cameroon,CMR,1966,1.0083017,4.1487417,1.8170439,0.5986792,4.747421,10.5451565
Cameroon,CMR,1967,1.1138545,4.329322,1.8809432,0.5148951,4.6235476,11.44328
Cameroon,CMR,1968,1.1558704,4.32926,1.9124401,0.6935222,4.686529,11.737338
Cameroon,CMR,1969,1.2814575,4.590139,1.9116826,0.7457662,4.5691314,12.236869
Cameroon,CMR,1970,1.249263,5.1965137,1.9316335,0.8188446,4.598128,12.114701
Cameroon,CMR,1971,1.216838,5.2449913,1.8986869,0.88115853,4.468733,10.783702
Cameroon,CMR,1972,1.1738254,5.261253,1.8969855,0.9432525,4.328481,10.553947
Cameroon,CMR,1973,1.2149338,5.3100986,1.6234028,0.91120034,4.3570037,9.625208
Cameroon,CMR,1974,1.2142478,5.286165,1.6224864,0.92115355,4.228932,8.667217
Cameroon,CMR,1975,1.1091334,5.3259335,1.6113825,0.8893995,4.1017013,9.281145
Cameroon,CMR,1976,1.1628908,5.5001593,1.6238564,1.2886087,4.24298,9.88981
Cameroon,CMR,1977,1.1552348,5.587136,1.8483757,1.4072862,4.137841,10.449624
Cameroon,CMR,1978,1.1673685,5.5528884,1.9140638,1.524941,4.0279474,9.244297
Cameroon,CMR,1979,1.1790415,5.642556,1.8211981,1.6317092,3.9161022,11.832523
Cameroon,CMR,1980,0.9233975,5.7187686,1.7418635,1.7208772,3.903453,12.025154
Cameroon,CMR,1981,0.76184696,4.9572234,1.5863115,1.5236939,3.9449062,12.408713
Cameroon,CMR,1982,0.78757393,5.2924967,1.49114,1.2286153,3.9168677,13.0842285
Cameroon,CMR,1983,1.0920997,5.5135126,1.4632015,1.0814967,3.9548852,12.628065
Cameroon,CMR,1984,1.5624526,6.4623885,1.48805,1.1372954,3.9539614,12.595281
Cameroon,CMR,1985,1.5738894,6.263654,1.5526206,1.5526206,4.16868,13.463135
Cameroon,CMR,1986,1.8827163,6.4033628,1.9252635,2.010358,4.1270843,15.146825
Cameroon,CMR,1987,1.9679574,6.8399816,1.9679574,1.7764804,4.148667,12.307712
Cameroon,CMR,1988,1.5323204,6.7145424,2.0962994,1.5323204,4.054264,13.269469
Cameroon,CMR,1989,1.4908819,6.719618,2.2363229,1.5760752,4.0892763,13.002621
Cameroon,CMR,1990,1.5231524,6.5186663,2.3752658,1.5338039,3.9410238,12.100008
Cameroon,CMR,1991,1.5448027,6.509479,2.2799158,1.3210726,3.739488,8.459126
Cameroon,CMR,1992,1.5774604,6.4803777,2.2382882,1.2044123,3.7731147,11.660416
Cameroon,CMR,1993,1.5564265,6.3749523,2.1960537,1.1193477,3.7524803,9.647712
Cameroon,CMR,1994,1.6207479,5.672618,2.1645515,1.0449558,3.7319853,9.703162
Cameroon,CMR,1995,1.6321073,5.5897,2.122806,1.0134,3.7229114,11.222071
Cameroon,CMR,1996,1.8570275,6.5209417,2.091824,0.9498589,3.5326211,10.619208
Cameroon,CMR,1997,2.188964,5.52046,2.0608294,0.9396528,3.51302,12.631923
Cameroon,CMR,1998,2.5313764,5.447266,2.0400546,1.0894532,3.5674253,13.639527
Cameroon,CMR,1999,2.627474,6.2803035,2.0293498,0.9399094,3.5353408,13.254858
Cameroon,CMR,2000,2.3711548,6.2376328,2.1361756,1.2069392,3.5140088,13.575396
Cameroon,CMR,2001,2.44564,6.1941977,2.0932117,1.1000041,3.492246,15.036948
Cameroon,CMR,2002,2.9560928,5.730765,2.0383167,1.1312124,3.5216992,13.894705
Cameroon,CMR,2003,3.29319,5.5739107,1.9823085,1.1190451,3.4850264,15.997017
Cameroon,CMR,2004,4.9267225,5.607738,1.9366382,1.8515112,3.4476416,15.854895
Cameroon,CMR,2005,3.5161457,5.5238543,1.8802351,1.8483667,3.4099178,15.318073
Cameroon,CMR,2006,3.6374755,5.3872814,1.8240402,1.8240402,3.4359827,14.210546
Cameroon,CMR,2007,3.7561376,5.2903347,1.7775525,1.8410366,3.4492984,16.24133
Cameroon,CMR,2008,3.6607332,5.9500103,1.6668469,1.8672904,3.3653429,16.562971
Cameroon,CMR,2009,3.3552284,5.7743583,1.5461397,1.7354629,3.4814436,19.121647
Cameroon,CMR,2010,3.4700012,4.2100015,1.8600007,2.0100007,3.1300013,18.500008
Cameroon,CMR,2011,3.479998,4.299998,1.649999,1.669999,3.1599984,21.35999
Cameroon,CMR,2012,3.4,4.25,1.45,1.51,3.19,19.42
Cameroon,CMR,2013,3.4200003,4.3500004,1.6400001,1.5200001,3.2600002,20.590002
Cameroon,CMR,2014,3.4799995,4.3899994,1.5699998,1.6199998,3.3399994,20.369997
Cameroon,CMR,2015,3.5599988,4.4699984,1.4699996,1.6399994,3.389999,20.619993
Cameroon,CMR,2016,3.6199992,3.9299994,1.4799997,1.4899997,3.4299994,21.459995
Cameroon,CMR,2017,3.2399988,3.4899986,1.4599994,1.3999994,3.129999,19.839993
Cameroon,CMR,2018,3.2700005,3.3400004,1.3700002,1.3700002,3.0900004,21.950005
Cameroon,CMR,2019,3.4000008,3.2600005,1.3400003,1.3600003,2.8800006,20.240004
Cameroon,CMR,2020,0.6899999,4.229999,1.6299996,1.6899997,2.9299994,19.929996
Cameroon,CMR,2021,3.8999994,4.399999,1.6099997,1.7599996,2.8999996,19.109997
Cameroon,CMR,2022,4.64,4.34,1.56,1.84,2.87,18.61
Cameroon,CMR,2023,4.23,4.29,1.56,1.83,2.84,18.12
Canada,CAN,1961,13.874208,36.70404,1.6228316,26.315918,0.25043696,15.166464
Canada,CAN,1962,13.903087,36.917862,1.7140793,26.072048,0.04009542,15.637215
Canada,CAN,1963,14.941246,38.1598,1.833835,26.325052,0.010020956,15.632692
Canada,CAN,1964,15.748993,40.709095,1.5819079,27.483145,0.010012074,14.297242
Canada,CAN,1965,16.392899,43.147633,1.3302354,25.124445,0.020003539,13.262346
Canada,CAN,1966,17.71438,42.432587,1.5586256,25.077888,0.15985903,15.256548
Canada,CAN,1967,18.247822,42.578247,1.6679726,28.785013,0.23970863,12.954255
Canada,CAN,1968,17.849852,43.18964,1.909984,28.299763,0.24999791,15.069874
Canada,CAN,1969,19.482859,42.65383,1.8240125,27.209856,0.3507716,14.391658
Canada,CAN,1970,20.424261,41.158436,1.7195169,31.041279,0.2199382,14.076045
Canada,CAN,1971,19.481907,42.58558,1.2636374,32.49638,0.22884774,15.681046
Canada,CAN,1972,19.746262,42.69893,1.6729057,31.217617,0.24894431,14.249573
Canada,CAN,1973,20.174671,42.71637,1.3782696,29.353146,0.22971159,18.097279
Canada,CAN,1974,19.755598,44.160156,0.9697839,30.633173,0.2099532,18.08597
Canada,CAN,1975,18.379686,49.662136,1.1093776,26.25527,0.1399215,15.371376
Canada,CAN,1976,19.432768,52.55339,0.9091937,27.235846,0.33969873,19.163006
Canada,CAN,1977,20.000437,50.066063,0.769632,27.157015,0.16991876,21.159883
Canada,CAN,1978,20.529634,46.621876,0.7703615,28.243254,0.2100986,20.569653
Canada,CAN,1979,21.9143,40.426384,0.9406138,31.780739,0.18011755,22.794876
Canada,CAN,1980,22.0595,40.22262,0.7792758,34.557884,0.06993501,20.54091
Canada,CAN,1981,21.808685,41.39464,0.67778367,33.22137,0.1395437,22.008036
Canada,CAN,1982,21.858871,41.031403,0.69645923,30.902891,0.14924127,19.381466
Canada,CAN,1983,21.95436,40.776638,0.7457323,31.599163,0.039772388,19.916025
Canada,CAN,1984,22.695929,39.053715,0.8059493,31.043972,0.09949991,18.725882
Canada,CAN,1985,24.260708,39.411194,0.707687,31.68644,0.06977196,19.247093
Canada,CAN,1986,24.608004,39.6085,0.85888326,30.680109,0.089883134,21.591927
Canada,CAN,1987,25.836191,37.484474,0.8398761,30.475506,0.1499779,24.626368
Canada,CAN,1988,26.866085,37.610523,0.79958594,30.87401,0.0099948235,24.40736
Canada,CAN,1989,26.74743,36.889915,0.75794363,29.200775,0.019945884,24.383844
Canada,CAN,1990,27.658562,35.590862,0.7862635,27.46946,0.019905405,23.627716
Canada,CAN,1991,27.603989,34.805897,0.8256328,27.265778,0.019894766,23.137613
Canada,CAN,1992,27.762062,33.89936,0.79575956,29.751461,0.0099469945,23.057133
Canada,CAN,1993,28.784779,32.355522,0.80565554,28.963814,0.009946364,23.264545
Canada,CAN,1994,30.79389,33.011925,0.77581507,29.829096,0.019892694,23.264505
Canada,CAN,1995,30.240564,33.17413,0.74582124,29.037306,0.0099442825,22.493969
Canada,CAN,1996,30.592625,32.968075,0.715617,27.0046,0.009939124,23.26749
Canada,CAN,1997,31.68621,33.176624,0.7054628,26.668484,0.009936096,23.081553
Canada,CAN,1998,33.1124,33.66891,0.7552648,29.882648,0.019875389,23.949844
Canada,CAN,1999,34.6013,34.412437,0.7753235,31.629225,0.01988009,24.820293
Canada,CAN,2000,35.70343,33.805473,0.89432466,30.198364,0.039747763,23.341875
Canada,CAN,2001,36.433598,32.502342,0.97288626,30.606207,0.02978223,24.580269
Canada,CAN,2002,36.387383,32.478813,0.972182,30.048359,0.05952134,23.778776
Canada,CAN,2003,35.971622,34.32437,1.0220903,27.080431,0.02976962,24.84771
Canada,CAN,2004,36.36085,32.93433,1.0527861,28.663593,0.019863889,24.00551
Canada,CAN,2005,36.468365,32.203117,1.0638264,25.094372,0.0099423025,23.473776
Canada,CAN,2006,36.61364,32.12404,1.1348436,25.195518,0.019909536,23.592802
Canada,CAN,2007,37.359753,32.6848,1.1562783,27.252285,0.019935833,23.364798
Canada,CAN,2008,37.491146,31.196064,1.0874228,26.317625,0.029929066,22.277203
Canada,CAN,2009,36.460747,30.733194,1.097614,25.763996,0.039913237,22.97007
Canada,CAN,2010,36.36,29.169998,0.93999994,24.449999,0.08,23.029999
Canada,CAN,2011,36.5,28.67,0.95,24.52,0.09,23.52
Canada,CAN,2012,36.65001,29.670006,0.96000016,24.190004,0.070000015,22.990004
Canada,CAN,2013,36.530006,29.290009,0.97000027,22.670006,0.090000026,24.270006
Canada,CAN,2014,37.149998,30.909998,0.9799999,22.829998,0.07999999,23.599998
Canada,CAN,2015,37.969994,28.809996,0.97999984,24.939997,0.07999998,22.639996
Canada,CAN,2016,38.619995,26.989996,0.9799999,23.099997,0.07999998,23.259996
Canada,CAN,2017,38.890003,26.760002,0.99000007,24.020002,0.07000001,22.740002
Canada,CAN,2018,40.240005,27.730003,0.9900001,23.380001,0.07000001,23.840002
Canada,CAN,2019,40.489998,26.249996,1.0499998,24.529999,0.5199999,21.629997
Canada,CAN,2020,40.299995,27.819996,1.0399998,21.139997,0.56999993,20.759998
Canada,CAN,2021,39.58,24.8,1.06,22.24,0.6,21.28
Canada,CAN,2022,40.780003,26.080002,1.2300001,22.090002,0.58000004,21.080002
Canada,CAN,2023,41.560005,25.640001,1.1200001,25.900002,0.57000005,20.820002
Cape Verde,CPV,1961,0.1815942,0.7969967,0.6759339,1.5435505,0,4.691183
Cape Verde,CPV,1962,0.18086785,0.6832785,0.7033749,1.5876178,0,4.953769
Cape Verde,CPV,1963,0.16971393,0.78867066,0.6888389,1.7071226,0,5.141334
Cape Verde,CPV,1964,0.16855331,0.73370266,0.7039579,1.992895,0,5.6118336
Cape Verde,CPV,1965,0.20754038,0.6226212,0.7016842,2.3125927,0,6.3250403
Cape Verde,CPV,1966,0.17645037,0.51954824,0.7352098,2.8330088,0,7.1168313
Cape Verde,CPV,1967,0.18461491,0.6024276,0.6801602,2.6429083,0,10.328719
Cape Verde,CPV,1968,0.20287076,0.6086123,0.6665754,2.63732,0,9.583228
Cape Verde,CPV,1969,0.24952193,0.5374319,0.6525959,2.7639356,0,6.6219287
Cape Verde,CPV,1970,0.2770107,0.8596884,0.6017819,2.7032425,0,10.430886
Cape Verde,CPV,1971,0.3283773,0.84025955,0.57948935,2.8298397,0,8.344646
Cape Verde,CPV,1972,0.3645406,1.0936219,0.54188466,3.0049968,0,8.670155
Cape Verde,CPV,1973,0.36253294,1.1681616,0.48337722,3.4138517,0,10.2818365
Cape Verde,CPV,1974,0.34721625,1.0518609,0.55146116,2.6653953,0,6.433713
Cape Verde,CPV,1975,0.3468333,1.0915048,0.59165674,2.468637,0,9.731734
Cape Verde,CPV,1976,0.34388715,0.94063246,0.6978886,2.1138945,0,8.88038
Cape Verde,CPV,1977,0.3468193,0.84227556,0.7233661,2.4475536,0.019818246,16.072598
Cape Verde,CPV,1978,0.54022765,0.79104763,0.74281305,2.643257,0.30870152,19.969131
Cape Verde,CPV,1979,0.6616899,1.8999953,0.75621706,2.9208882,0.0756217,19.793982
Cape Verde,CPV,1980,0.93408805,1.0555195,0.71924776,3.4561257,0.03736352,20.409824
Cape Verde,CPV,1981,0.99213386,0.9550447,0.8623219,3.5790994,0.027816836,39.51845
Cape Verde,CPV,1982,0.94100606,1.0807594,1.0062243,5.7112546,0.009316891,31.714699
Cape Verde,CPV,1983,0.9200352,1.2767836,0.8730946,4.5156827,0.009388114,29.42235
Cape Verde,CPV,1984,1.1671158,1.309447,0.8634759,4.184537,0.018977493,25.809391
Cape Verde,CPV,1985,0.9814607,0.7718283,0.7051271,6.9655123,0.019057488,24.06008
Cape Verde,CPV,1986,1.3256093,1.3637563,0.82016116,7.2574725,0,16.85145
Cape Verde,CPV,1987,1.2618525,1.3092905,0.8538851,8.510389,0,10.407911
Cape Verde,CPV,1988,1.2930984,1.8499804,1.3686079,8.966742,0,14.478928
Cape Verde,CPV,1989,1.3545756,2.0130498,1.1194063,9.500843,0,15.351856
Cape Verde,CPV,1990,1.3126037,2.1470447,1.1250889,10.210182,0,13.341679
Cape Verde,CPV,1991,1.5257292,1.1981186,1.2542804,10.586501,0.009360301,18.898449
Cape Verde,CPV,1992,1.7163838,5.1116347,1.2380474,19.199112,0,11.011118
Cape Verde,CPV,1993,1.9611071,3.4036524,1.2916908,18.366524,0,13.2374735
Cape Verde,CPV,1994,1.8443313,2.6429076,1.2739196,12.786729,0.038027447,15.524706
Cape Verde,CPV,1995,1.4409637,3.3876963,1.1165082,15.478431,0.038171224,15.898315
Cape Verde,CPV,1996,1.3934708,3.5077024,1.076336,14.540147,0,17.39436
Cape Verde,CPV,1997,1.468012,2.7042327,1.0623771,13.173476,0,19.055182
Cape Verde,CPV,1998,1.8598009,1.966352,1.2301809,16.835072,0.5715013,17.106295
Cape Verde,CPV,1999,2.1965923,1.4384764,1.1468933,17.504704,0.029158305,18.719633
Cape Verde,CPV,2000,4.2119846,1.5892441,1.1504958,17.520685,0.06824975,21.80092
Cape Verde,CPV,2001,6.025744,1.5284814,1.0875733,16.401781,0.11757549,18.988441
Cape Verde,CPV,2002,6.1127143,1.1399918,1.1203368,16.146608,0.18672279,17.414356
Cape Verde,CPV,2003,8.543212,2.2196567,0.9174581,15.646113,0.15784225,17.638872
Cape Verde,CPV,2004,11.222692,1.5425019,1.55239,15.33603,0.17798102,17.402588
Cape Verde,CPV,2005,13.0135145,1.964863,1.5600419,15.235093,0.19747366,14.227977
Cape Verde,CPV,2006,12.729496,2.4850018,1.4634992,15.342185,0.32413068,10.5686245
Cape Verde,CPV,2007,15.158042,2.6336367,1.7460035,14.065571,0.12680472,12.631701
Cape Verde,CPV,2008,15.45849,2.5248222,0.98671216,13.726908,0.23216757,12.740196
Cape Verde,CPV,2009,18.310888,2.3428721,1.3538728,12.348087,0.10562128,12.856991
Cape Verde,CPV,2010,17.629549,3.3799138,2.0199485,11.149715,0.07999796,13.4896555
Cape Verde,CPV,2011,17.2699,2.2199872,1.70999,10.679938,0.14999913,12.589927
Cape Verde,CPV,2012,15.509516,2.5499203,1.7699447,10.459673,0.14999533,12.759602
Cape Verde,CPV,2013,17.569965,2.0999956,1.8199965,10.409979,0.14999971,12.749974
Cape Verde,CPV,2014,18.859854,2.2099829,1.8799853,10.8099165,0.119999066,12.8598995
Cape Verde,CPV,2015,20.15941,2.2499342,1.9199438,10.919681,0.15999532,12.889624
Cape Verde,CPV,2016,23.649723,2.2599735,1.959977,11.289867,0.48999426,11.739862
Cape Verde,CPV,2017,25.65955,3.2299435,2.0999632,12.429783,0.25999543,10.779811
Cape Verde,CPV,2018,27.579569,3.4299464,2.0599678,12.419806,0.23999624,10.529835
Cape Verde,CPV,2019,27.21915,3.4198935,2.1199338,11.53964,0.13999563,10.839663
Cape Verde,CPV,2020,29.669827,2.3199863,2.1999872,9.4499445,0.039999764,10.829937
Cape Verde,CPV,2021,25.639753,2.1599793,1.3599869,11.439889,0.07999923,10.789896
Cape Verde,CPV,2022,26.549488,3.8799255,1.4899713,12.259764,0.16999672,10.729793
Cape Verde,CPV,2023,24.799763,3.4099677,1.5499852,13.909867,0.18999818,10.669898
Caribbean (FAO),,1961,3.36,11.8,0.57,4.42,1.72,8.68
Caribbean (FAO),,1962,3.59,11.94,0.57,4.49,2.38,9.26
Caribbean (FAO),,1963,3.78,12.11,0.55,4.52,2.86,11.39
Caribbean (FAO),,1964,3.94,12.93,0.54,4.6,1.79,12.4
Caribbean (FAO),,1965,4.09,12.51,0.53,4.55,0.74,9.81
Caribbean (FAO),,1966,4.49,12.14,0.53,4.62,1.47,11.96
Caribbean (FAO),,1967,4.76,12.02,0.57,4.55,1.73,12.7
Caribbean (FAO),,1968,4.92,14.59,0.59,4.54,1.56,12.1
Caribbean (FAO),,1969,5.16,14.2,0.6,4.47,1.52,11.98
Caribbean (FAO),,1970,5.63,13.5,0.62,4.66,1.72,11.9
Caribbean (FAO),,1971,6.02,12.58,0.68,5.05,1.77,13.29
Caribbean (FAO),,1972,6.01,12.2,0.66,5.17,1.83,13.53
Caribbean (FAO),,1973,6.39,10.88,0.59,5.31,2.16,13.2
Caribbean (FAO),,1974,6.4,9.86,0.56,4.98,2.71,12.9
Caribbean (FAO),,1975,8.22,9.59,0.56,4.79,2.04,13.66
Caribbean (FAO),,1976,7.29,11.02,0.54,5.19,1.89,13.39
Caribbean (FAO),,1977,7.96,11.49,0.51,6.64,1.65,11.81
Caribbean (FAO),,1978,8.95,11.68,0.5,5.47,1.83,11.92
Caribbean (FAO),,1979,9.42,10.43,0.48,5.32,1.95,10.43
Caribbean (FAO),,1980,10.79,10.5,0.53,4.79,2.25,12.69
Caribbean (FAO),,1981,11.13,10.45,0.49,4.52,2.14,12.62
Caribbean (FAO),,1982,10.4,10.55,0.55,4.52,2.72,12.66
Caribbean (FAO),,1983,11.11,10.75,0.55,4.56,2.37,12.9
Caribbean (FAO),,1984,12,10.62,0.57,4.78,2.36,12.29
Caribbean (FAO),,1985,11.77,10.39,0.58,5.11,2.2,13.38
Caribbean (FAO),,1986,11.83,10.21,0.57,5.23,1.93,13.8
Caribbean (FAO),,1987,12.02,9.83,0.61,5.41,1.8,13.47
Caribbean (FAO),,1988,12.38,9.94,0.58,5.22,2.03,13.35
Caribbean (FAO),,1989,13.14,9.78,0.71,5.38,2.27,12.84
Caribbean (FAO),,1990,13.19,9.42,0.73,5.66,2,12.37
Caribbean (FAO),,1991,14.05,7.84,0.75,5.81,1.03,9.9
Caribbean (FAO),,1992,11.43,7.48,0.68,5.77,0.74,9.34
Caribbean (FAO),,1993,11.69,7.25,0.69,6.98,0.75,9.98
Caribbean (FAO),,1994,11.21,6.96,0.7,7.28,0.73,10.21
Caribbean (FAO),,1995,11.51,7,0.62,7.04,0.76,10.41
Caribbean (FAO),,1996,13.2,7.04,0.6,7.23,0.77,9.88
Caribbean (FAO),,1997,14.28,6.91,0.66,6.42,0.75,9.96
Caribbean (FAO),,1998,15.93,7.08,0.72,6.7,0.74,9.77
Caribbean (FAO),,1999,16.69,6.8,0.87,7.42,0.31,9.56
Caribbean (FAO),,2000,16.88,6.95,0.88,7.34,0.35,9.96
Caribbean (FAO),,2001,17.34,6.71,0.85,7.18,0.33,10.36
Caribbean (FAO),,2002,17.79,6.64,0.9,7.54,0.32,9.84
Caribbean (FAO),,2003,17.33,6.24,0.9,7.5,0.3,9.81
Caribbean (FAO),,2004,20.17,6.25,0.93,7.39,0.31,10.33
Caribbean (FAO),,2005,20.36,6.66,0.9,8.34,0.31,10.21
Caribbean (FAO),,2006,22.3,7.18,0.92,9.14,0.34,10.25
Caribbean (FAO),,2007,22.39,7.1,1.1,11.26,0.32,11.08
Caribbean (FAO),,2008,21.92,7.37,1.06,11.67,2,11.25
Caribbean (FAO),,2009,23.86,7.2,0.98,11.34,2.32,10.85
Caribbean (FAO),,2010,21.99,7.71,0.88,10.49,2,8.68
Caribbean (FAO),,2011,22.78,7.04,0.9,11.05,1.84,9.09
Caribbean (FAO),,2012,23.45,6.93,0.94,9.89,1.8,8.44
Caribbean (FAO),,2013,24.08,7.03,0.89,10.71,1.9,8.61
Caribbean (FAO),,2014,24.74,6.58,0.92,11.02,1.8,9.43
Caribbean (FAO),,2015,25.12,7.27,0.82,11.21,1.97,9.35
Caribbean (FAO),,2016,27.52,7.19,0.83,11.92,2.34,9.32
Caribbean (FAO),,2017,29.04,6.01,0.86,12.27,1.51,11.29
Caribbean (FAO),,2018,28.73,6.32,0.79,12.53,2.26,11.55
Caribbean (FAO),,2019,29.11,6.43,0.73,11.9,1.59,11.02
Caribbean (FAO),,2020,31.12,5.8,0.87,9.29,1.39,10.89
Caribbean (FAO),,2021,30.88,6.32,1.02,9.69,0.99,11.3
Caribbean (FAO),,2022,30.64,6.35,0.95,12.41,0.92,11.24
Caribbean (FAO),,2023,31.07,6.11,0.97,9.39,1.05,11.19
Central African Republic,CAF,1961,0.29970315,5.3593974,0.99607223,0.28207356,6.1527295,1.3839234
Central African Republic,CAF,1962,0.3258199,5.4068494,1.0038775,0.3258199,6.0849066,1.4177569
Central African Republic,CAF,1963,0.3342527,5.523966,1.002758,0.35184494,6.034141,1.7152442
Central African Republic,CAF,1964,0.35160163,5.3970847,0.9844845,0.43950203,5.9772277,1.7931682
Central African Republic,CAF,1965,0.36003292,5.259993,1.0098485,0.5005336,5.9098086,1.9143215
Central African Republic,CAF,1966,0.35974905,5.562949,1.0090523,0.66685194,5.8437285,2.605987
Central African Republic,CAF,1967,0.3595042,5.7959094,1.0171338,0.69270325,5.8046775,2.8584967
Central African Republic,CAF,1968,0.35010654,6.0218325,0.9890509,0.7089657,5.7504997,2.7920997
Central African Republic,CAF,1969,0.35813498,6.306669,1.0132599,0.70753497,5.686485,3.4153848
Central African Republic,CAF,1970,0.35751387,6.539888,1.0376623,0.7324674,5.6243033,3.9064932
Central African Republic,CAF,1971,0.3570703,6.819172,1.0450839,0.74026775,5.565071,4.2500076
Central African Republic,CAF,1972,0.37432006,7.286183,1.0881397,0.7486401,5.501634,4.0304694
Central African Republic,CAF,1973,0.37417224,7.700987,1.1312183,0.7657478,5.4733567,4.8555374
Central African Republic,CAF,1974,0.3918311,8.097843,1.1667861,0.7662475,4.980609,5.503051
Central African Republic,CAF,1975,0.42712274,8.385552,1.1593332,1.3162354,4.9685707,3.8702552
Central African Republic,CAF,1976,0.44777092,8.920299,1.185276,1.6681662,4.530388,5.022058
Central African Republic,CAF,1977,0.48882565,8.558892,1.2176203,1.6531194,4.55941,5.9725604
Central African Republic,CAF,1978,0.531205,8.706361,1.2424796,1.8907297,4.591772,5.672189
Central African Republic,CAF,1979,0.58460265,7.2253237,1.333625,1.8725555,5.444113,5.517188
Central African Republic,CAF,1980,0.6124535,8.648585,1.3826603,1.8559197,5.4656835,5.595598
Central African Republic,CAF,1981,0.6703483,9.507616,1.4162289,2.3131738,5.4855266,5.296696
Central African Republic,CAF,1982,0.67309463,10.413735,1.4231144,2.288522,5.942464,5.230907
Central African Republic,CAF,1983,0.6852665,12.139006,1.4586387,2.3494852,6.3533993,5.374447
Central African Republic,CAF,1984,0.7065144,11.383838,1.6020961,2.388218,6.4083843,5.244128
Central African Republic,CAF,1985,0.6958525,11.537033,1.6034863,2.400187,6.40386,5.536566
Central African Republic,CAF,1986,0.7743497,11.666189,1.5894547,2.496259,6.551406,5.5936575
Central African Republic,CAF,1987,0.85234123,13.0623865,1.7662975,2.5981004,6.5928082,5.4940066
Central African Republic,CAF,1988,0.8650805,13.985469,1.8022511,2.6364357,6.560194,5.4170523
Central African Republic,CAF,1989,0.8707687,14.14743,1.823492,2.6532834,6.4949102,5.3270555
Central African Republic,CAF,1990,0.872303,14.190138,1.7750351,2.809627,6.410413,5.1526732
Central African Republic,CAF,1991,0.8447638,14.240305,2.0012858,2.7253692,6.3457856,4.7869954
Central African Republic,CAF,1992,0.8378478,14.403003,2.0148246,2.6930823,6.2938333,4.548317
Central African Republic,CAF,1993,0.8708479,14.359095,1.9989917,2.7807755,6.2146873,4.5422635
Central African Republic,CAF,1994,0.86461574,13.863327,2.1320639,2.8787775,6.1702123,4.411505
Central African Republic,CAF,1995,0.87084407,14.334681,2.2994196,2.994138,6.066554,4.2955117
Central African Republic,CAF,1996,0.93597937,17.890858,2.3301988,3.3051775,6.054617,4.2021575
Central African Republic,CAF,1997,0.94069433,14.178299,2.3856783,3.3457685,6.0514765,4.2767644
Central African Republic,CAF,1998,0.7422386,14.054337,2.458063,3.2774174,6.0343037,4.1353292
Central African Republic,CAF,1999,0.698789,13.679034,2.4314027,3.2259161,5.9923553,4.3076034
Central African Republic,CAF,2000,0.83513916,17.509453,2.9514575,3.1317718,5.9503665,4.118755
Central African Republic,CAF,2001,0.8410669,17.095394,2.9579096,3.1941643,5.878018,4.5549917
Central African Republic,CAF,2002,1.0249499,17.226679,3.103059,3.1218655,5.877006,4.936685
Central African Republic,CAF,2003,1.036121,15.961865,3.1643698,3.1550355,5.8620186,5.600654
Central African Republic,CAF,2004,1.0030271,17.645847,3.1391034,3.222689,5.720969,5.9810133
Central African Republic,CAF,2005,1.0343932,17.723219,3.2417145,3.1585937,5.65222,6.35413
Central African Republic,CAF,2006,1.0223726,17.822443,3.3526454,3.0947495,5.6460757,6.6408167
Central African Republic,CAF,2007,1.141146,18.884125,3.5154657,2.9632983,5.586094,7.3070154
Central African Republic,CAF,2008,1.1749973,17.762655,3.9747956,3.7177653,5.5078,7.508968
Central African Republic,CAF,2009,1.2527525,18.216717,4.2103786,3.8995452,5.5855803,8.251212
Central African Republic,CAF,2010,1.3068515,18.928604,4.5013776,4.179851,6.2334747,9.220564
Central African Republic,CAF,2011,1.3371905,19.280422,5.1621776,3.99084,6.96583,9.018262
Central African Republic,CAF,2012,1.5010904,19.514175,5.11406,3.5612075,7.029244,8.343992
Central African Republic,CAF,2013,1.4482528,19.799685,5.110264,3.6723554,7.1378174,7.7274632
Central African Republic,CAF,2014,1.7853086,20.001684,5.1275725,4.037704,7.390347,7.743257
Central African Republic,CAF,2015,1.8842905,20.165031,5.1844015,3.9143271,7.120744,7.6933184
Central African Republic,CAF,2016,1.893561,19.944815,5.139665,3.7559092,7.085247,7.5326266
Central African Republic,CAF,2017,2.2620006,20.545635,5.2015586,3.908987,7.0778723,7.7241583
Central African Republic,CAF,2018,2.474987,19.925213,4.887316,4.2607374,6.975913,7.3100886
Central African Republic,CAF,2019,3.2553587,20.3855,5.278106,3.9190726,6.8794475,7.1112204
Central African Republic,CAF,2020,8.843685,20.089622,5.1446443,3.837224,6.855982,6.994165
Central African Republic,CAF,2021,2.8181899,20.10095,5.1026316,3.810961,6.8213,6.874675
Central African Republic,CAF,2022,2.5498822,20.530382,5.209202,3.8631263,6.9383063,
Central America (FAO),,1961,2.86,8.96,0.63,8.79,0.8,2.28
Central America (FAO),,1962,3.04,9.8,0.61,8.49,0.73,2.23
Central America (FAO),,1963,3.08,9.87,0.6,8.3,0.71,2.65
Central America (FAO),,1964,3.14,10.16,0.61,8.07,0.72,2.73
Central America (FAO),,1965,3.31,10.07,0.61,7.92,0.7,2.95
Central America (FAO),,1966,3.35,9.67,0.56,7.79,0.67,2.87
Central America (FAO),,1967,3.38,9.8,0.57,7.74,0.64,3.35
Central America (FAO),,1968,3.4,9.64,0.55,7.58,0.61,3.35
Central America (FAO),,1969,3.43,9.36,0.59,7.61,0.56,3.19
Central America (FAO),,1970,3.57,8.93,0.58,7.76,0.54,3.48
Central America (FAO),,1971,3.69,8.73,0.59,7.86,0.58,3.77
Central America (FAO),,1972,3.79,8.35,0.7,8.55,0.59,3.82
Central America (FAO),,1973,4.03,8.08,0.68,9.17,0.52,4.01
Central America (FAO),,1974,4.26,8.22,0.65,9.92,0.54,3.91
Central America (FAO),,1975,4.38,9.44,0.63,10.75,0.59,4.24
Central America (FAO),,1976,4.63,10.59,0.62,11.63,0.59,3.89
Central America (FAO),,1977,4.8,10.92,0.61,12.52,0.57,3.82
Central America (FAO),,1978,5.01,10.33,0.61,13.05,0.51,6.24
Central America (FAO),,1979,5.29,9.36,0.61,13.74,0.49,7.3
Central America (FAO),,1980,5.81,10.35,0.6,14.24,0.52,8.36
Central America (FAO),,1981,6.22,11.03,0.63,14.51,0.67,10.82
Central America (FAO),,1982,6.35,11.06,0.63,14.84,0.67,9.31
Central America (FAO),,1983,6.53,11.72,0.56,15.74,0.65,7.45
Central America (FAO),,1984,6.76,11.38,0.54,15.09,0.65,7.99
Central America (FAO),,1985,7.45,11.38,0.61,13.26,0.72,7.89
Central America (FAO),,1986,8.45,13.89,0.65,9.87,0.67,8.06
Central America (FAO),,1987,8.34,14.02,0.6,9.22,0.71,8.51
Central America (FAO),,1988,8.4,13.86,0.63,9,0.84,8.55
Central America (FAO),,1989,7.92,12.85,0.65,7.78,0.86,8.56
Central America (FAO),,1990,9.16,12.44,0.64,7.76,0.88,9.89
Central America (FAO),,1991,10.48,13.26,0.7,8.37,0.87,9.42
Central America (FAO),,1992,11.2,13.58,0.75,8.5,0.89,8.93
Central America (FAO),,1993,12.69,13.05,0.77,8.38,0.94,8.69
Central America (FAO),,1994,13.36,14.24,0.77,8.93,0.95,8.95
Central America (FAO),,1995,14.52,13.7,0.67,8.42,0.8,8.07
Central America (FAO),,1996,14.24,13.28,0.63,8.07,0.79,8.6
Central America (FAO),,1997,16.15,13.87,0.68,8.28,0.78,9.24
Central America (FAO),,1998,17.56,14.6,0.73,8.8,1.06,7.69
Central America (FAO),,1999,18.45,14.8,0.76,9.24,0.97,7.75
Central America (FAO),,2000,19.45,15.09,0.85,9.85,1.18,8.04
Central America (FAO),,2001,20.33,15.15,0.89,10.06,1.43,8.27
Central America (FAO),,2002,21.7,15.39,0.9,10.27,1.24,8.83
Central America (FAO),,2003,22.28,14.78,0.87,10.31,0.88,8.6
Central America (FAO),,2004,23.32,14.27,0.99,10.75,0.8,8.63
Central America (FAO),,2005,24.95,14.43,0.87,10.67,0.77,9.74
Central America (FAO),,2006,25.22,14.95,0.83,10.72,0.71,10.12
Central America (FAO),,2007,25.66,15.09,0.84,10.88,0.67,10.59
Central America (FAO),,2008,25.88,15.17,0.84,11.31,0.62,10.62
Central America (FAO),,2009,25.98,14.65,0.77,12.12,0.6,10.05
Central America (FAO),,2010,28.24,15.14,0.69,13.39,0.5,10.63
Central America (FAO),,2011,28.49,14.85,0.67,13.22,0.51,9.8
Central America (FAO),,2012,28.76,14.18,0.68,13.43,0.51,10.2
Central America (FAO),,2013,28.83,14.18,0.68,13.5,0.52,11.04
Central America (FAO),,2014,28.78,13.91,0.7,12.92,0.53,12.49
Central America (FAO),,2015,29.73,13.55,0.7,13.8,0.52,12.69
Central America (FAO),,2016,30.38,13.45,0.69,14.23,0.53,13.32
Central America (FAO),,2017,31.02,13.57,0.68,14.61,0.53,12.61
Central America (FAO),,2018,32.15,13.57,0.68,15.4,0.54,14
Central America (FAO),,2019,34.58,13.65,0.66,15.57,0.53,12.08
Central America (FAO),,2020,34.12,13.37,0.61,16.01,0.49,11.96
Central America (FAO),,2021,35.38,13.52,0.62,16.65,0.5,11.96
Central America (FAO),,2022,35.9,13.53,0.62,17.7,0.47,11.86
Central America (FAO),,2023,36.3,14.72,0.63,18.21,0.45,11.74
Central Asia (FAO),,1992,4.04,19.29,8.41,5.55,1.63,2.59
Central Asia (FAO),,1993,2.6,18.39,9.21,4.8,1.52,1.95
Central Asia (FAO),,1994,2.35,21.21,8.48,3.79,1.77,1.41
Central Asia (FAO),,1995,1.99,21.07,7.42,2.89,1.52,1.21
Central Asia (FAO),,1996,1.54,19.59,6.58,2.77,1.73,1.17
Central Asia (FAO),,1997,1.79,19.3,5.86,2.21,1.71,0.94
Central Asia (FAO),,1998,1.87,18.55,5.81,2.46,1.74,0.86
Central Asia (FAO),,1999,1.58,15.51,5.31,2.73,1.64,1.17
Central Asia (FAO),,2000,1.75,15.59,5.38,3.38,1.47,1.48
Central Asia (FAO),,2001,1.75,15.49,5.4,4.19,1.43,1.27
Central Asia (FAO),,2002,2.2,16.21,5.63,4.15,1.24,1.21
Central Asia (FAO),,2003,2.62,16.98,5.73,4.25,1.39,1.17
Central Asia (FAO),,2004,3.11,17.59,5.82,4.43,1.36,1.2
Central Asia (FAO),,2005,3.88,17.95,5.96,4.65,1.35,1.4
Central Asia (FAO),,2006,4.83,18.23,6.29,4.95,1.32,1.49
Central Asia (FAO),,2007,4.97,18.9,6.94,5.05,1.32,1.9
Central Asia (FAO),,2008,5.01,19.19,7.13,5.47,1.34,2.21
Central Asia (FAO),,2009,4.97,19.77,7.31,5.26,1.46,1.71
Central Asia (FAO),,2010,5.88,19.24,7.45,3.1,1.71,2.08
Central Asia (FAO),,2011,6.14,19.32,7.59,3.7,1.76,2.16
Central Asia (FAO),,2012,6.89,19.9,7.85,3.72,1.77,2.35
Central Asia (FAO),,2013,6.44,20.37,7.88,3.6,1.79,2.45
Central Asia (FAO),,2014,6.36,20.79,7.96,3.53,1.94,2.42
Central Asia (FAO),,2015,6.3,21.44,8.05,3.09,1.76,2.53
Central Asia (FAO),,2016,6.37,22.25,7.8,2.8,1.84,2.16
Central Asia (FAO),,2017,6.8,22.94,8,2.7,1.8,2.46
Central Asia (FAO),,2018,7.75,23.77,8.2,2.19,1.82,2.44
Central Asia (FAO),,2019,7.56,24.55,8.21,2.22,2.01,3.11
Central Asia (FAO),,2020,8.62,24.28,7.72,2.32,2.05,3.38
Central Asia (FAO),,2021,10.16,24.68,7.7,2.47,2.32,3.89
Central Asia (FAO),,2022,10.52,24.91,8.08,1.93,2.79,3.82
Central Asia (FAO),,2023,11.36,25.33,8.1,1.9,2.92,3.75
Chad,TCD,1961,0.45246786,7.259158,3.0394034,0.03934503,1.0524796,4.4066434
Chad,TCD,1962,0.44240472,8.779276,3.057508,0.039324865,1.0322776,1.956412
Chad,TCD,1963,0.43240955,9.011808,3.1742792,0.03930996,1.0711964,1.9163605
Chad,TCD,1964,0.42226684,9.005086,3.1522713,0.039280634,1.050757,2.4746802
Chad,TCD,1965,0.43175608,9.469195,3.1302316,0.039250553,1.030327,2.9634168
Chad,TCD,1966,0.4510555,7.8150263,3.6476662,0.029416662,0.990361,4.422305
Chad,TCD,1967,0.47007948,8.7062645,3.5745628,0.029379968,0.97933227,1.9390779
Chad,TCD,1968,0.48920864,8.189352,3.5810072,0.029352516,0.95884895,3.297266
Chad,TCD,1969,0.5084466,4.7520204,3.510237,0.039111275,0.9386706,3.45157
Chad,TCD,1970,0.528001,5.143121,3.4711175,0.039111182,0.9191128,4.028452
Chad,TCD,1971,0.5579743,4.6106296,3.2010105,0.029367067,0.8908011,4.7770433
Chad,TCD,1972,0.53908646,5.694713,3.646185,0.029404717,0.8821415,4.8027706
Chad,TCD,1973,0.539387,5.1388865,2.9519176,0.01961407,0.87282616,4.8446755
Chad,TCD,1974,0.54937726,4.2969155,3.1491091,0.039241236,0.87311745,4.316536
Chad,TCD,1975,0.5691109,5.494864,3.4244776,0.02943677,0.85366637,3.43429
Chad,TCD,1976,0.58894944,5.2907286,3.671118,0.02944747,0.8539766,3.445354
Chad,TCD,1977,0.6090264,5.864334,3.467521,0.029469017,0.8349555,3.8407953
Chad,TCD,1978,0.6388945,6.6838193,3.833367,0.029487437,0.8158191,4.1478996
Chad,TCD,1979,0.6574512,7.369341,4.229275,0.029438112,0.8046417,4.0918975
Chad,TCD,1980,0.6696349,7.345994,4.3376346,0.0399782,0.799564,3.7679453
Chad,TCD,1981,0.66294473,8.291909,4.4570284,0.0407966,0.80573285,3.2535288
Chad,TCD,1982,0.63696295,8.161088,4.369168,0.039810184,0.7862511,2.5179942
Chad,TCD,1983,0.6208305,7.33356,3.5988767,0.038801905,0.8051395,2.5027227
Chad,TCD,1984,0.6482065,6.2659955,2.7696092,0.04910655,0.7955261,2.8285372
Chad,TCD,1985,0.62947166,6.2647414,2.9675093,0.039966453,0.7693542,3.0874085
Chad,TCD,1986,0.6290313,11.8417635,3.264972,0.049923122,0.76881605,3.2749567
Chad,TCD,1987,0.62637275,11.364192,3.2312882,0.049712125,0.7556243,3.509676
Chad,TCD,1988,0.60527223,12.035987,3.145431,0.049612477,0.7144197,3.7606256
Chad,TCD,1989,0.6141844,11.847815,2.9520476,0.049530998,0.75287116,3.9030428
Chad,TCD,1990,0.63670117,12.296291,2.8353097,0.04974228,0.71628886,4.148506
Chad,TCD,1991,0.62363595,12.126254,3.0191898,0.049494915,0.68302983,4.8801985
Chad,TCD,1992,0.6070103,12.19895,3.044842,0.048952445,0.6755437,5.39456
Chad,TCD,1993,0.6118495,10.5396,3.1381958,0.0493427,0.6710607,5.9309926
Chad,TCD,1994,0.6075311,8.37596,3.1472101,0.05975715,0.6672882,6.204784
Chad,TCD,1995,0.6006154,8.812307,3.337846,0.059076916,0.64984614,6.1341534
Chad,TCD,1996,0.57454497,8.9005785,3.2525089,0.048690256,0.66218746,6.836112
Chad,TCD,1997,0.5740491,9.398839,3.804292,0.05837788,0.62269735,6.3242702
Chad,TCD,1998,0.5740334,10.011532,3.687435,0.05837628,0.6129509,6.460308
Chad,TCD,1999,0.5645024,9.470015,3.5524724,0.058396805,0.5839681,6.8810906
Chad,TCD,2000,0.54611254,8.64028,3.5789874,0.048760045,0.5948726,8.601272
Chad,TCD,2001,0.52876824,8.724675,3.6230416,0.048960023,0.5875203,7.725891
Chad,TCD,2002,0.5209191,8.364192,3.6267765,0.05897197,0.5700624,7.3420105
Chad,TCD,2003,0.52012205,8.253258,3.5721593,0.058881745,0.5593766,6.5456877
Chad,TCD,2004,0.5066312,8.076871,3.497704,0.04871454,0.53585994,6.069832
Chad,TCD,2005,0.49449006,7.902145,3.4614305,0.04847942,0.5138818,5.342432
Chad,TCD,2006,0.46433422,7.864661,3.395444,0.04836815,0.4933551,4.8755093
Chad,TCD,2007,0.4632083,7.787689,3.4065108,0.048250865,0.44390795,4.082023
Chad,TCD,2008,0.45176324,7.728035,3.3738062,0.048059918,0.43253925,3.5564342
Chad,TCD,2009,0.43978214,7.667506,3.336608,0.057362884,0.43022165,3.4513335
Chad,TCD,2010,0.44438908,21.919975,12.095112,0.057963792,0.73420805,7.448347
Chad,TCD,2011,0.43457285,22.279102,12.506042,0.05794305,0.7339453,7.503625
Chad,TCD,2012,0.42480946,22.650068,12.937379,0.057928562,0.7627261,7.66588
Chad,TCD,2013,0.41510317,23.023745,13.379836,0.048267808,0.7529778,8.86197
Chad,TCD,2014,0.4537174,24.317322,13.746672,0.14480343,0.7626314,8.59167
Chad,TCD,2015,0.4537204,25.195963,14.268058,0.14480439,0.77229005,6.883035
Chad,TCD,2016,0.42480206,24.821955,14.221214,0.15447347,0.7144398,7.3181806
Chad,TCD,2017,0.39591035,25.618298,16.193699,0.13518889,0.69525725,6.875321
Chad,TCD,2018,0.38632566,26.328094,15.906959,0.12555583,0.69538623,6.664118
Chad,TCD,2019,0.45427197,26.019152,16.547098,0.14498042,0.78289425,6.4951224
Chad,TCD,2020,0.45417425,26.487055,17.055693,0.14494923,0.81171566,6.165174
Chad,TCD,2021,0.44326672,26.384005,17.653578,0.13490726,0.7998073,5.810649
Chad,TCD,2022,0.46096134,27.321566,18.275198,0.13444707,0.80668235,5.6083636
Chile,CHL,1961,2.3844867,18.764874,3.2232983,3.5154686,0.19792181,9.415423
Chile,CHL,1962,2.3584042,19.577595,3.2108395,2.9835234,0.17995854,10.806984
Chile,CHL,1963,2.54123,19.006876,3.1598814,2.9314563,0.1903543,13.876829
Chile,CHL,1964,2.715533,16.618298,2.715533,3.0597558,0.2581669,13.462925
Chile,CHL,1965,2.880524,15.958103,2.909329,3.6390617,0.2496454,12.731915
Chile,CHL,1966,3.9220676,17.499937,2.9005952,3.9413407,0.24091323,13.838056
Chile,CHL,1967,4.4943485,18.257687,2.9962323,3.9240978,0.23196638,13.676351
Chile,CHL,1968,4.942031,19.787504,3.4497313,4.379996,0.26163694,13.857067
Chile,CHL,1969,5.58411,18.354725,3.3116198,4.3701725,0.33019084,11.682928
Chile,CHL,1970,5.68201,19.264349,2.8896523,4.5242033,0.2821546,14.574744
Chile,CHL,1971,4.668118,17.47377,3.089339,4.53168,0.3410942,12.0065155
Chile,CHL,1972,6.421766,15.302932,2.225171,5.6605234,0.34158328,15.654275
Chile,CHL,1973,5.7335486,10.324295,1.8069959,4.9033074,0.26372373,15.471791
Chile,CHL,1974,5.892353,20.843098,3.029236,5.2083316,0.55698854,13.221149
Chile,CHL,1975,4.103352,20.194355,2.080986,2.8137274,0.1465483,12.222129
Chile,CHL,1976,3.5142188,18.332508,1.5325899,2.294004,0.21475782,12.758567
Chile,CHL,1977,4.1046047,16.05768,1.6281923,2.6324067,0.253491,15.082716
Chile,CHL,1978,5.315984,16.210829,1.6551598,3.037705,0.33103195,16.93131
Chile,CHL,1979,7.052585,15.350316,1.5467049,3.7743492,0.42801896,17.188852
Chile,CHL,1980,9.734666,14.665211,1.3517668,4.3956733,0.47652212,16.581024
Chile,CHL,1981,11.296144,16.65719,1.3232348,4.96213,0.4183757,17.192322
Chile,CHL,1982,10.295975,17.026834,1.3052609,5.0164876,0.27274108,13.968239
Chile,CHL,1983,7.2872963,17.530483,1.2877151,4.9655075,0.46826,15.306249
Chile,CHL,1984,6.106274,16.609066,1.1724046,4.9338694,0.5666622,14.176326
Chile,CHL,1985,5.879923,14.743833,1.2425127,5.3418264,0.4989618,16.837515
Chile,CHL,1986,5.789385,14.370605,1.2244892,5.995099,0.3624488,15.340401
Chile,CHL,1987,7.7363005,13.786107,1.2844808,6.9028587,0.36279228,16.198187
Chile,CHL,1988,8.292416,15.397397,1.1285536,7.713419,0.33365935,16.231546
Chile,CHL,1989,8.123553,17.091875,1.0314063,8.575406,0.4027396,17.917002
Chile,CHL,1990,8.771846,18.251732,0.91455346,9.057029,0.40319023,17.927214
Chile,CHL,1991,9.681438,17.649174,0.98488694,8.863982,0.4235014,17.186277
Chile,CHL,1992,14.4023485,16.91955,1.0661094,9.466657,0.3454984,16.880066
Chile,CHL,1993,17.004236,19.013468,1.0095646,10.214419,0.23754463,17.875233
Chile,CHL,1994,20.112467,20.330755,0.8830831,10.934356,0.26790163,17.919641
Chile,CHL,1995,20.983025,22.086346,0.8150677,11.768783,0.3777143,16.977264
Chile,CHL,1996,22.041687,22.927336,0.79608804,12.399071,0.39804402,17.076088
Chile,CHL,1997,21.940838,24.321165,0.8266407,13.186414,0.41830012,15.327712
Chile,CHL,1998,23.622545,22.87531,0.8568279,14.496332,0.38856146,13.549837
Chile,CHL,1999,23.906515,21.325527,0.8570072,15.475956,0.3188864,13.861593
Chile,CHL,2000,26.265636,21.64049,0.8173746,15.729477,0.32894346,12.49985
Chile,CHL,2001,27.899984,19.643663,0.69799817,16.821756,0.33902767,12.424368
Chile,CHL,2002,26.436623,20.690397,0.6883498,16.420633,0.34916294,13.2482395
Chile,CHL,2003,26.711983,21.092083,0.5789592,18.177322,0.3194258,15.591971
Chile,CHL,2004,29.304976,21.973738,0.5793076,16.929766,0.29964188,17.289335
Chile,CHL,2005,29.090807,22.655052,0.5496374,17.758284,0.26982197,15.999444
Chile,CHL,2006,33.20156,20.424809,0.6598323,20.794714,0.2899263,15.596036
Chile,CHL,2007,34.234722,21.926619,0.6698967,20.676811,0.2599599,15.597594
Chile,CHL,2008,33.32419,20.67019,0.7296538,22.56929,0.26987195,16.012402
Chile,CHL,2009,31.097551,20.718382,0.62934333,21.20787,0.2097811,14.9044485
Chile,CHL,2010,32.749996,22.629997,0.54999995,22.049997,0.35999998,14.049998
Chile,CHL,2011,35.820023,21.760014,0.59000033,21.900013,0.21000011,14.540009
Chile,CHL,2012,35.370007,22.500004,0.5100001,21.650003,0.22000004,13.260002
Chile,CHL,2013,35.83001,25.810005,0.5000001,22.760006,0.49000013,12.950003
Chile,CHL,2014,35.719997,23.939997,0.5299999,22.519997,0.6599999,13.419998
Chile,CHL,2015,37.79,25.580002,0.5,21.950003,0.6600001,12.880001
Chile,CHL,2016,40.29999,27.599995,0.46999988,23.259995,0.5499999,12.659997
Chile,CHL,2017,39.660004,25.790003,0.48000002,24.070002,0.59000003,13.340001
Chile,CHL,2018,39.170006,26.570005,0.5200001,24.030006,0.6600002,13.980002
Chile,CHL,2019,38.219986,28.53999,0.39999986,22.859991,0.7599997,14.709994
Chile,CHL,2020,36.059998,28.489998,0.39999998,21.519999,0.84999996,14.579999
Chile,CHL,2021,38.150017,33.39001,0.41000015,24.18001,0.9000003,14.510006
Chile,CHL,2022,38.610012,27.400007,0.4200001,25.090008,0.8400002,14.440004
Chile,CHL,2023,37.859997,27.489996,0.41999993,31.389996,1.3699998,14.359998
China,CHN,1961,0.94736135,0.09070481,0.1511747,2.0559757,0.110861436,4.323596
China,CHN,1962,0.9692212,0.12115265,0.15144081,2.6552625,0.111056596,4.422072
China,CHN,1963,0.97770137,0.15962471,0.17957781,4.7787647,0.10974199,4.2998905
China,CHN,1964,0.9778381,0.16791159,0.19754305,6.2423606,0.12840298,4.0496325
China,CHN,1965,0.9934294,0.18688276,0.21639057,6.9933496,0.12786715,4.229452
China,CHN,1966,0.9922799,0.19649106,0.2554384,7.407713,0.13754375,4.116488
China,CHN,1967,1.0141687,0.19692598,0.25600377,7.7096524,0.13784818,4.0271363
China,CHN,1968,1.0065912,0.19737084,0.25658208,7.3915377,0.13815959,4.075708
China,CHN,1969,1.0277305,0.19764048,0.25693262,6.976709,0.13834834,3.9330456
China,CHN,1970,1.0188268,0.18793894,0.2571796,6.7064533,0.13848133,3.7983449
China,CHN,1971,1.0396092,0.20792185,0.27722913,7.574296,0.13861457,4.0495257
China,CHN,1972,1.0712932,0.2182264,0.29758146,8.233088,0.14879073,4.3248506
China,CHN,1973,1.0929993,0.23847257,0.31796342,8.058386,0.139109,4.342188
China,CHN,1974,1.1345519,0.23885304,0.31847072,7.9518156,0.13933094,4.6576343
China,CHN,1975,1.1368308,0.249305,0.3390548,8.037594,0.1396108,4.8066006
China,CHN,1976,1.1988195,0.23976389,0.30969504,7.7923265,0.14985244,4.8751993
China,CHN,1977,1.2403649,0.24007061,0.32009414,7.672257,0.15004414,5.001471
China,CHN,1978,1.2814089,0.24026418,0.33036327,8.329158,0.15016513,4.7251954
China,CHN,1979,1.301502,0.27031198,0.3904506,10.231809,0.1301502,4.264922
China,CHN,1980,1.3311533,0.29025143,0.45039016,11.399877,0.15013006,4.4038153
China,CHN,1981,1.3504789,0.29010287,0.4701667,11.774176,0.15005322,4.4815893
China,CHN,1982,1.3885543,0.2896984,0.5194591,12.367125,0.1598336,4.9947996
China,CHN,1983,1.4082503,0.3196029,0.5293423,12.60434,0.17977665,5.103659
China,CHN,1984,1.4306073,0.36015293,0.5602378,13.635789,0.1900807,5.762447
China,CHN,1985,1.4935024,0.3909167,0.5613163,15.396105,0.20047012,6.615514
China,CHN,1986,1.7176106,0.50222534,0.5725369,15.739742,0.23102365,7.7443147
China,CHN,1987,1.9926156,0.6742689,0.6541414,16.544748,0.26165658,8.906388
China,CHN,1988,2.4511,0.73633873,0.716165,17.752823,0.27234447,9.713619
China,CHN,1989,2.4961052,0.8084551,0.8488778,18.362036,0.2526422,10.166323
China,CHN,1990,2.7580347,0.87893414,0.9193449,19.174908,0.22225921,10.5775175
China,CHN,1991,3.3546507,1.010437,1.010437,20.077383,0.2324005,10.953136
China,CHN,1992,3.7851512,1.3865393,1.0525553,21.2434,0.42507043,12.408009
China,CHN,1993,4.782268,1.6717675,1.1449075,22.016672,0.4255408,14.539312
China,CHN,1994,5.323469,1.8758891,1.2269329,23.544943,0.4968571,17.511679
China,CHN,1995,6.521681,2.2415109,1.4301043,23.98721,0.6389827,20.640158
China,CHN,1996,6.488139,2.5344293,1.469969,23.914875,0.63867617,22.424631
China,CHN,1997,7.444055,3.1092856,1.7217543,24.702108,0.57729405,22.676516
China,CHN,1998,8.203207,3.408731,1.8813769,26.258354,0.6170107,23.456522
China,CHN,1999,9.000066,3.595986,2.0000145,26.606255,0.6262672,23.76785
China,CHN,2000,9.621513,3.8929813,2.0977724,28.15856,0.6152121,24.558058
China,CHN,2001,9.306225,3.9279523,2.115051,28.009321,0.7150887,24.051153
China,CHN,2002,9.330908,4.016216,2.1943235,28.53627,0.815322,25.113932
China,CHN,2003,9.701755,4.156457,2.365054,29.839937,0.86550915,25.653288
China,CHN,2004,9.5204,4.246944,2.526026,29.819181,0.92587405,26.800028
China,CHN,2005,10.162834,4.246253,2.6463618,30.719933,0.9760345,27.34909
China,CHN,2006,10.423603,4.2660303,2.7266376,31.824186,1.026262,28.181963
China,CHN,2007,11.171419,4.518889,2.8683372,32.13544,1.0768845,29.337553
China,CHN,2008,11.838575,4.4998665,2.838842,33.824497,1.0670824,30.552786
China,CHN,2009,12.148445,4.680221,2.8987176,34.90539,1.1172141,32.067062
China,CHN,2010,12.15,4.66,2.71,37.57,1.17,32.38
China,CHN,2011,12.48,4.49,2.83,36.03,1.18,32.85
China,CHN,2012,12.75,4.52,2.99,36.48,1.11,33.87
China,CHN,2013,13,4.69,3.17,37.01,1.15,35.28
China,CHN,2014,12.33,4.69,3.24,38.96,1.16,36.76
China,CHN,2015,12.03,4.85,3.24,39.48,1.16,38.35
China,CHN,2016,12.81,4.93,3.36,39.85,1.05,38.89
China,CHN,2017,12.71,5.12,3.43,39.45,0.83,39.21
China,CHN,2018,14.01,5.53,3.5,38.19,0.84,39.43
China,CHN,2019,14.83,6.25,3.59,36.97,0.83,40.68
China,CHN,2020,16.97,7.2,3.63,30.06,0.86,41.14
China,CHN,2021,17.04,7.54,3.86,36.42,0.86,41.57
China,CHN,2022,17.44,7.5900006,3.9000003,40.19,0.7900001,41.6
China,CHN,2023,18.71,7.8899994,4.02,42.16,0.76,41.68
China (FAO),,1961,1.03,0.13,0.15,2.36,0.13,4.8
China (FAO),,1962,1.06,0.16,0.15,2.96,0.12,4.92
China (FAO),,1963,1.07,0.2,0.17,5.13,0.12,4.87
China (FAO),,1964,1.09,0.23,0.2,6.65,0.12,4.72
China (FAO),,1965,1.12,0.25,0.22,7.45,0.13,4.91
China (FAO),,1966,1.13,0.26,0.26,7.92,0.14,4.86
China (FAO),,1967,1.15,0.26,0.26,8.22,0.15,4.77
China (FAO),,1968,1.16,0.26,0.26,7.9,0.14,4.89
China (FAO),,1969,1.18,0.26,0.26,7.48,0.15,4.76
China (FAO),,1970,1.18,0.26,0.25,7.25,0.15,4.58
China (FAO),,1971,1.21,0.27,0.28,8.13,0.15,4.84
China (FAO),,1972,1.26,0.28,0.29,8.78,0.15,5.11
China (FAO),,1973,1.28,0.3,0.31,8.63,0.14,5.14
China (FAO),,1974,1.32,0.3,0.32,8.47,0.15,5.44
China (FAO),,1975,1.33,0.34,0.33,8.46,0.14,5.63
China (FAO),,1976,1.41,0.32,0.31,8.31,0.15,5.63
China (FAO),,1977,1.51,0.32,0.32,8.25,0.16,5.74
China (FAO),,1978,1.58,0.31,0.33,8.88,0.17,5.48
China (FAO),,1979,1.61,0.34,0.38,10.85,0.16,5.07
China (FAO),,1980,1.67,0.36,0.45,11.93,0.17,5.19
China (FAO),,1981,1.71,0.37,0.47,12.3,0.18,5.24
China (FAO),,1982,1.77,0.37,0.51,12.91,0.18,5.76
China (FAO),,1983,1.84,0.41,0.52,13.17,0.2,5.84
China (FAO),,1984,1.85,0.45,0.56,14.2,0.21,6.52
China (FAO),,1985,1.91,0.48,0.55,15.95,0.22,7.33
China (FAO),,1986,2.13,0.59,0.57,16.27,0.25,8.38
China (FAO),,1987,2.44,0.75,0.65,17.02,0.28,9.6
China (FAO),,1988,2.88,0.83,0.71,18.17,0.28,10.37
China (FAO),,1989,2.96,0.9,0.83,18.68,0.26,10.81
China (FAO),,1990,3.23,0.97,0.91,19.5,0.22,11.25
China (FAO),,1991,3.82,1.11,0.99,20.37,0.24,11.63
China (FAO),,1992,4.31,1.47,1.03,21.46,0.42,12.96
China (FAO),,1993,5.3,1.74,1.12,22.19,0.42,15.02
China (FAO),,1994,5.86,1.95,1.2,23.7,0.49,17.78
China (FAO),,1995,7.05,2.29,1.4,24.1,0.63,20.83
China (FAO),,1996,7.07,2.57,1.44,24.05,0.63,22.49
China (FAO),,1997,8.04,3.13,1.68,24.87,0.58,22.85
China (FAO),,1998,8.77,3.42,1.84,26.36,0.61,23.55
China (FAO),,1999,9.58,3.62,1.96,26.71,0.62,23.86
China (FAO),,2000,10.18,3.9,2.06,28.31,0.61,24.68
China (FAO),,2001,9.82,3.94,2.08,28.23,0.7,24.21
China (FAO),,2002,9.85,4.04,2.16,28.73,0.81,25.3
China (FAO),,2003,10.21,4.18,2.33,29.99,0.85,25.85
China (FAO),,2004,10.06,4.26,2.48,30.01,0.91,26.88
China (FAO),,2005,10.7,4.28,2.6,30.87,0.96,27.44
China (FAO),,2006,10.97,4.32,2.68,31.99,1.01,28.24
China (FAO),,2007,11.7,4.57,2.81,32.24,1.06,29.42
China (FAO),,2008,12.37,4.57,2.79,33.87,1.05,30.56
China (FAO),,2009,12.74,4.75,2.84,34.91,1.1,32.02
China (FAO),,2010,12.74,4.76,2.67,37.67,1.16,32.55
China (FAO),,2011,13.07,4.58,2.79,36.19,1.17,33.06
China (FAO),,2012,13.27,4.65,2.95,36.63,1.11,34.07
China (FAO),,2013,13.46,4.82,3.12,37.14,1.14,35.41
China (FAO),,2014,12.83,4.86,3.19,39,1.15,36.88
China (FAO),,2015,12.53,5,3.19,39.58,1.15,38.41
China (FAO),,2016,13.31,5.11,3.3,39.93,1.05,38.9
China (FAO),,2017,13.24,5.3,3.38,39.55,0.83,39.2
China (FAO),,2018,14.51,5.72,3.44,38.32,0.84,39.41
China (FAO),,2019,15.44,6.43,3.53,37.09,0.82,40.64
China (FAO),,2020,17.57,7.35,3.63,30.34,0.85,41.1
China (FAO),,2021,17.59,7.68,3.8,36.54,0.85,41.53
China (FAO),,2022,17.96,7.67,3.83,40.22,0.78,41.57
China (FAO),,2023,19.22,7.96,3.96,42.14,0.76,41.65
Colombia,COL,1961,1.8747737,19.977097,0.3483186,4.671567,0.20489329,2.5919
Colombia,COL,1962,1.9852268,21.346304,0.36839262,4.349079,0.19442941,2.9983065
Colombia,COL,1963,2.2493863,21.471415,0.3987548,4.192038,0.19426517,2.7197125
Colombia,COL,1964,2.2786252,21.672483,0.408722,3.7295883,0.19414295,2.8099637
Colombia,COL,1965,2.2982898,20.919544,0.43922874,3.5444736,0.22472167,2.860094
Colombia,COL,1966,2.1149697,18.850819,0.43934155,3.4840808,0.18391041,3.0753908
Colombia,COL,1967,2.137196,18.161055,0.41925856,3.783553,0.18406475,4.1823597
Colombia,COL,1968,2.1804514,18.569664,0.42994815,3.4907696,0.1842635,3.7364542
Colombia,COL,1969,2.2135491,18.538475,0.40991652,3.28958,0.17421451,2.8796635
Colombia,COL,1970,2.2153406,19.312435,0.43076062,3.3230107,0.23589274,2.6050763
Colombia,COL,1971,2.0731459,20.444092,0.4310501,3.335507,0.34894532,1.9807779
Colombia,COL,1972,2.1049082,17.835249,0.40044597,3.2857108,0.17455338,5.1544585
Colombia,COL,1973,2.1769397,16.491346,0.35940045,3.7377648,0.17456594,5.062412
Colombia,COL,1974,2.732172,17.112024,0.3903103,3.6360483,0.17461249,3.2457383
Colombia,COL,1975,2.6931016,18.954504,0.38032356,4.214396,0.21585931,2.9911933
Colombia,COL,1976,2.9232264,21.635994,0.39113593,4.168686,0.21615407,3.3761208
Colombia,COL,1977,3.245752,21.133453,0.401855,4.100982,0.2472954,3.1839283
Colombia,COL,1978,3.588047,21.621077,0.4124192,4.1963654,0.23714104,3.9179823
Colombia,COL,1979,4.023864,22.3376,0.42302155,3.7349706,0.27857518,3.3738546
Colombia,COL,1980,4.1788483,21.83319,0.42304388,3.601032,0.27858987,3.807395
Colombia,COL,1981,4.125291,22.11156,0.43315554,3.9705925,0.27845716,4.517194
Colombia,COL,1982,4.5858626,20.322071,0.44312832,3.7099113,0.27824336,3.8232698
Colombia,COL,1983,4.5178065,18.894518,0.4631009,4.00325,0.28815168,2.500745
Colombia,COL,1984,4.8099475,19.969505,0.43166196,4.00829,0.277497,3.689682
Colombia,COL,1985,5.179228,19.504314,0.43160233,4.0693936,0.34939238,3.134255
Colombia,COL,1986,6.250702,18.66986,0.41123042,4.1328654,0.2878613,3.8038812
Colombia,COL,1987,7.054002,17.892075,0.41131204,4.0205755,0.28791845,3.4344556
Colombia,COL,1988,8.914659,19.464184,0.42156976,4.22598,0.27761912,3.310865
Colombia,COL,1989,8.848637,21.047628,0.380255,3.9772618,0.28776056,2.8262198
Colombia,COL,1990,9.19945,22.187511,0.37988797,4.137699,0.26694828,3.008302
Colombia,COL,1991,11.736773,19.995604,0.34882018,4.0524697,0.27700427,2.5545948
Colombia,COL,1992,12.321716,17.037182,0.36903644,4.0183964,0.24602427,3.1265585
Colombia,COL,1993,13.237289,17.096886,0.37879327,3.921022,0.23546608,3.9005468
Colombia,COL,1994,14.487706,17.99461,0.37829578,3.8851998,0.25560525,3.0570388
Colombia,COL,1995,15.914765,19.224382,0.3677353,3.9122946,0.27580145,4.8520627
Colombia,COL,1996,13.408446,19.668444,0.3267862,3.6661325,0.2553017,4.901793
Colombia,COL,1997,12.374619,20.205751,0.34714276,2.9405034,0.24504194,5.186721
Colombia,COL,1998,14.042478,19.859491,0.31636396,2.2349584,0.25513223,5.174082
Colombia,COL,1999,13.569473,18.252472,0.30607834,2.9995677,0.24486266,4.458541
Colombia,COL,2000,13.728036,18.657883,0.33682173,2.857881,0.23475453,4.940052
Colombia,COL,2001,15.954251,17.220787,0.32684767,2.6556373,0.23492177,5.3010607
Colombia,COL,2002,16.956697,16.39454,0.30663106,2.8414476,0.2350838,5.2331696
Colombia,COL,2003,17.306273,15.3322115,0.2966205,3.0991728,0.22502245,5.605105
Colombia,COL,2004,17.525848,16.624985,0.2866377,3.1837256,0.22521532,5.313034
Colombia,COL,2005,18.819784,18.204758,0.28701195,3.1161296,0.91228795,5.842743
Colombia,COL,2006,20.733835,18.454037,0.27727267,3.584006,0.2670033,6.1205373
Colombia,COL,2007,22.302841,17.527336,0.2675929,4.3226547,0.24700885,6.2266817
Colombia,COL,2008,24.001085,16.963795,0.25796524,4.199674,0.25796524,5.6958723
Colombia,COL,2009,23.971504,15.508539,0.24830216,4.1176777,1.34497,5.71095
Colombia,COL,2010,24.669998,16.759998,0.23999996,4.6499996,0.17999999,5.7499995
Colombia,COL,2011,24.629997,17.699999,0.23999996,5.2899995,0.16999999,6.2099996
Colombia,COL,2012,25.35,18.15,0.17,8.09,0.16,6.45
Colombia,COL,2013,28.719995,17.319998,0.15999998,6.7099996,0.14999999,7.0299993
Colombia,COL,2014,30.260002,17.420002,0.20000002,7.2800007,0.14000002,7.5800004
Colombia,COL,2015,31.450003,17.570002,0.18000002,7.9700003,0.120000005,7.4600005
Colombia,COL,2016,32.85,16.3,0.17,8.86,0.13,7.53
Colombia,COL,2017,34.06,15.200001,0.20000002,9.53,0.11000001,7.5800004
Colombia,COL,2018,35.040005,15.150002,0.21000002,10.600001,0.110000014,8.150001
Colombia,COL,2019,36.22,14.83,0.05,11.47,0.12,9.28
Colombia,COL,2020,33.940002,13.750001,0.020000001,10.620001,0.17000002,9.350001
Colombia,COL,2021,35.07,13.399999,0.02,12.219999,0.15,10.54
Colombia,COL,2022,36.74,12.689999,0.019999998,13.469999,0.15999998,10.429999
Colombia,COL,2023,35.689995,12.909999,0.019999998,13.819999,0.14999999,10.309999
Comoros,COM,2010,14.369869,5.6399484,0.79999274,0,0,18.429832
Comoros,COM,2011,14.659912,4.7499714,0.7399956,0.03999976,0,16.969898
Comoros,COM,2012,14.829847,4.7499514,0.67999303,0.07999918,0,16.329832
Comoros,COM,2013,16.1897,4.919908,0.69998693,0.0699987,0.07999851,15.079719
Comoros,COM,2014,16.969713,6.1798954,0.78998667,0.109998144,0,14.989747
Comoros,COM,2015,16.469885,5.4599624,0.7199951,0.049999658,0,15.329894
Comoros,COM,2016,17.579882,6.189958,0.6699955,0.039999727,0,19.07987
Comoros,COM,2017,17.759953,5.6299853,0.64999825,0.17999953,0,15.859958
Comoros,COM,2018,15.579859,5.2799525,0.66999394,0.13999873,0.039999638,15.039864
Comoros,COM,2019,1.3299967,3.2999916,0.6399984,0.029999923,0.049999874,18.119955
Comoros,COM,2020,19.569706,3.9099414,0.6499902,0.12999804,0.6999895,19.059713
Comoros,COM,2021,24.839756,3.759963,0.5799943,0.18999813,1.6899835,17.649826
Comoros,COM,2022,23.109974,5.619993,0.5999993,0.04999994,0.009999988,17.309978
Comoros,COM,2023,21.93,3.95,0.59,0.12,0,16.98
Congo,COG,1961,0.9686534,2.5894694,0.23017506,1.1796472,6.473674,26.355045
Congo,COG,1962,0.94981945,2.7247345,0.22066513,1.1896728,6.4856358,22.450277
Congo,COG,1963,0.9298949,2.8951366,0.21090399,1.1887317,6.5763702,23.314478
Congo,COG,1964,0.90173584,2.7819512,0.21104455,1.0552229,6.4848237,26.86981
Congo,COG,1965,0.8340688,2.7514682,0.19173995,0.90117776,6.38494,23.46897
Congo,COG,1966,0.79490143,2.36555,0.18196538,0.82363284,6.282594,24.45998
Congo,COG,1967,0.88064647,2.7950954,0.1723004,0.69877386,6.18367,23.605154
Congo,COG,1968,0.8224227,3.6148345,0.18169802,0.9084901,6.082103,24.443167
Congo,COG,1969,0.80272055,4.07094,0.19112395,1.0798503,5.9821796,25.046793
Congo,COG,1970,0.7928007,3.9162445,0.19103631,1.3277024,5.8743668,20.612818
Congo,COG,1971,0.8784724,3.7144105,0.19097227,1.2126738,5.767362,19.039934
Congo,COG,1972,0.85914487,3.5606782,0.20046714,1.1646187,5.651264,26.20392
Congo,COG,1973,0.94437253,3.1479084,0.19078234,1.1256157,5.551766,21.672873
Congo,COG,1974,0.7624325,2.296828,0.21919934,1.1245879,5.441862,18.450867
Congo,COG,1975,0.94556165,2.072595,0.21967594,1.1747887,5.358183,23.056421
Congo,COG,1976,1.5354782,2.543136,0.2783054,1.2763664,5.2878036,22.81145
Congo,COG,1977,1.5721797,2.9128728,0.2604224,1.2828215,5.227739,20.235785
Congo,COG,1978,1.6386667,3.4809546,0.27149507,1.3574754,5.1681027,26.03444
Congo,COG,1979,1.5415514,4.341711,0.3024563,0.9561521,5.590563,27.221064
Congo,COG,1980,1.9442852,3.5645227,0.32404754,0.7168324,5.577545,26.78793
Congo,COG,1981,2.5725172,3.5124753,0.33640608,0.62334067,5.5111237,25.220562
Congo,COG,1982,2.8219578,4.9060187,0.41880643,0.74786866,5.4544554,27.272278
Congo,COG,1983,2.9274154,3.8126817,0.36215448,0.72430897,5.422257,31.819294
Congo,COG,1984,2.6872275,4.7986207,0.39399198,0.87890524,5.3845572,37.661594
Congo,COG,1985,2.4936082,4.189666,0.38363203,0.9086022,5.148746,38.110817
Congo,COG,1986,2.5003443,3.6799421,0.43352744,1.1896799,5.051099,35.619823
Congo,COG,1987,2.6978245,2.7582233,0.4630594,1.4294442,4.952722,35.192513
Congo,COG,1988,4.98504,2.8945394,0.46232226,1.6683803,4.8041315,34.181694
Congo,COG,1989,4.6529117,2.1660109,0.4813357,1.5342575,4.763218,33.543083
Congo,COG,1990,4.814926,1.3213519,0.5105223,1.5315669,4.6847925,33.324093
Congo,COG,1991,6.2043333,8.752007,0.48955286,1.7284213,4.5758204,31.691053
Congo,COG,1992,7.41795,12.562657,0.4785774,2.4826202,4.6063075,30.80842
Congo,COG,1993,7.2021523,9.01014,0.46689814,2.5331707,4.549773,31.947754
Congo,COG,1994,4.507197,7.37001,0.44576672,2.040621,4.527009,26.230896
Congo,COG,1995,5.2451315,6.046746,0.44534135,2.4048433,4.522689,22.079033
Congo,COG,1996,6.8891244,1.8707535,0.42562118,3.4247658,4.3947864,22.72619
Congo,COG,1997,4.1059303,2.4217017,0.39863402,2.581155,4.5045643,20.659206
Congo,COG,1998,5.6269855,1.7853893,0.3811505,3.6710815,5.0853505,20.080616
Congo,COG,1999,4.3559184,1.0638878,0.37135708,2.1578858,5.279293,19.320604
Congo,COG,2000,4.9201026,1.4780147,0.34718466,2.6782815,5.049057,19.868883
Congo,COG,2001,4.183176,0.7445466,0.3428833,2.4687598,4.839553,23.276878
Congo,COG,2002,4.8219604,1.4015046,0.38222855,2.6854007,5.3708014,19.572062
Congo,COG,2003,12.160744,1.346856,0.36111358,1.7079697,5.192228,19.246378
Congo,COG,2004,9.22812,2.4085972,0.36757708,1.8185393,5.890907,22.44155
Congo,COG,2005,4.734992,2.405836,0.35464516,1.0543505,6.498633,19.697184
Congo,COG,2006,7.7931185,1.691677,0.43717498,1.7106845,6.776212,19.093142
Congo,COG,2007,8.914856,1.7848599,0.5194037,2.29482,7.0355587,17.810825
Congo,COG,2008,8.207086,3.3167555,0.33921364,1.1966703,7.3025155,20.54127
Congo,COG,2009,9.079507,3.4619703,0.38258973,1.5863477,7.5118227,21.247726
Congo,COG,2010,6.9199786,2.519992,0.3799988,0.979997,8.389974,18.849941
Congo,COG,2011,8.719986,2.409996,0.35999942,1.9499967,8.379986,21.439964
Congo,COG,2012,9.339987,3.0699956,0.3599995,1.0299985,8.439987,23.219967
Congo,COG,2013,11.93999,4.0599966,0.35999972,2.0299983,8.499993,24.349981
Congo,COG,2014,12.779982,3.0099957,0.38999942,3.429995,8.889988,26.849962
Congo,COG,2015,14.739991,3.0299983,0.38999975,6.349996,8.919995,19.299988
Congo,COG,2016,14.219987,2.8699973,0.34999967,5.8999944,8.609991,25.449976
Congo,COG,2017,19.909988,3.029998,0.3399998,6.9599957,8.239995,29.119984
Congo,COG,2018,21.52997,2.1099968,0.33999953,6.319991,8.389988,28.16996
Congo,COG,2019,19.940016,2.2800016,0.31000024,7.270005,7.630006,24.210016
Congo,COG,2020,22.529993,2.0299993,0.2799999,7.6199975,8.149997,22.519993
Congo,COG,2021,25.69997,2.4199972,0.27999967,8.71999,7.999991,24.329971
Congo,COG,2022,27.309982,2.5599983,0.2599998,9.5899935,7.779995,23.749985
Congo,COG,2023,36.57,2.78,0.26,8.47,7.74,23.19
Costa Rica,CRI,1961,1.1333475,18.504658,0.010029624,3.7711387,0,1.9958953
Costa Rica,CRI,1962,1.2213272,15.927307,0.010010879,3.53384,0,2.1323173
Costa Rica,CRI,1963,1.320352,18.324884,0.010002666,3.6009598,0,2.4306479
Costa Rica,CRI,1964,1.4290994,17.159187,0.009993702,3.5477643,0,2.9181612
Costa Rica,CRI,1965,1.5568391,17.963528,0.009979738,3.9419966,0,2.704509
Costa Rica,CRI,1966,1.5052813,11.942563,0.00996875,3.9077504,0,2.6118126
Costa Rica,CRI,1967,1.5023729,12.804993,0.009949489,2.8953013,0,2.606766
Costa Rica,CRI,1968,1.5006834,13.734732,0.009938301,3.070935,0,3.2796392
Costa Rica,CRI,1969,1.5087178,13.667792,0.009925774,3.2258768,0,2.2134478
Costa Rica,CRI,1970,1.5059931,14.83205,0.009907849,4.121665,0,4.0721264
Costa Rica,CRI,1971,1.512543,16.193106,0.009885902,4.3399105,0,4.8836355
Costa Rica,CRI,1972,1.5183403,12.324192,0.009859353,4.239522,0,5.994487
Costa Rica,CRI,1973,1.514946,15.877421,0.009837312,4.2202067,0,5.1547513
Costa Rica,CRI,1974,1.5115738,11.542928,0.009815414,4.1617355,0,5.1334615
Costa Rica,CRI,1975,1.5100377,17.620375,0.009805439,3.794705,0,5.824431
Costa Rica,CRI,1976,2.4600143,23.512249,0.009800854,3.9203417,0,4.831821
Costa Rica,CRI,1977,2.4806228,21.923607,0.009804833,4.5886617,0,5.2161713
Costa Rica,CRI,1978,2.4824996,17.877922,0.009812251,4.4253254,0,9.135206
Costa Rica,CRI,1979,3.5146163,22.01053,0.009817364,4.2607365,0,7.1470413
Costa Rica,CRI,1980,4.1938376,21.254015,0.009821634,4.252767,0,6.8751435
Costa Rica,CRI,1981,4.42372,19.238266,0.009830488,3.686433,0,5.2494807
Costa Rica,CRI,1982,4.8483586,17.180695,0.009834399,5.222066,0,3.4322054
Costa Rica,CRI,1983,6.7413697,22.192392,0.009841416,4.9502325,0,3.6117997
Costa Rica,CRI,1984,6.4183307,22.414938,0.009844066,3.8588738,0,5.4437685
Costa Rica,CRI,1985,7.126714,27.138607,0.009843528,4.419744,0,5.6797156
Costa Rica,CRI,1986,6.6243663,20.050274,0.00984304,3.4844363,0,6.073156
Costa Rica,CRI,1987,6.9804454,23.91467,0.009845479,3.3277724,0,4.5387664
Costa Rica,CRI,1988,9.427802,20.98351,0.009851413,5.270506,0.009851413,3.4282918
Costa Rica,CRI,1989,12.984701,21.296093,0.009859302,4.643731,0,4.140907
Costa Rica,CRI,1990,13.7394285,21.90615,0.009863193,4.5666585,0,5.582567
Costa Rica,CRI,1991,14.547131,20.943531,0.00985578,5.193996,0,4.346399
Costa Rica,CRI,1992,15.134784,21.200514,0.009846964,5.6324635,0,3.9584796
Costa Rica,CRI,1993,15.441541,20.388735,0,5.6356707,0,5.9012256
Costa Rica,CRI,1994,15.479476,19.442774,0.009834482,6.5596,0,4.838566
Costa Rica,CRI,1995,16.65617,18.997675,0,6.3751907,0,5.125732
Costa Rica,CRI,1996,17.88915,19.416874,0,5.4899487,0,4.090357
Costa Rica,CRI,1997,16.621374,18.92386,0.019763822,5.672217,0,4.9903655
Costa Rica,CRI,1998,16.827164,18.50294,0.019831661,6.187478,0.009915831,5.4636226
Costa Rica,CRI,1999,18.71209,17.747139,0.009947948,7.4410653,0,6.5457497
Costa Rica,CRI,2000,18.044476,16.677166,0.009980352,7.5651064,0.009980352,4.321492
Costa Rica,CRI,2001,18.758926,15.545685,0.0100101,8.528605,0.0200202,4.074111
Costa Rica,CRI,2002,19.024996,12.174389,0.010044876,8.558234,0,6.0570602
Costa Rica,CRI,2003,17.81759,14.844632,0.010077822,8.918873,0,7.346732
Costa Rica,CRI,2004,20.046808,13.35443,0.010109333,8.663698,0,8.097576
Costa Rica,CRI,2005,20.711718,14.649257,0.020275788,8.03935,0.020275788,7.765627
Costa Rica,CRI,2006,22.94923,14.645634,0.030490562,8.699974,0.01016352,8.161307
Costa Rica,CRI,2007,24.891523,16.149433,0.020377832,9.801737,0.010188916,10.341749
Costa Rica,CRI,2008,23.991917,16.161364,0.020418651,10.086814,0,10.566653
Costa Rica,CRI,2009,24.672747,16.871128,0.010224926,10.061328,0,11.267869
Costa Rica,CRI,2010,23.679974,17.949982,0.019999977,9.909989,0,10.469989
Costa Rica,CRI,2011,22.589981,17.769985,0.019999983,10.239991,0,11.84999
Costa Rica,CRI,2012,23.49,15.940001,0.02,10.44,0,11.65
Costa Rica,CRI,2013,23.809984,15.46999,0.019999987,10.439993,0,12.019993
Costa Rica,CRI,2014,24.49997,13.329984,0.019999975,9.549989,0,14.299982
Costa Rica,CRI,2015,25.379972,12.899986,0.0099999895,10.2499895,0,15.059985
Costa Rica,CRI,2016,26.299984,12.179993,0.019999987,11.259994,0,17.19999
Costa Rica,CRI,2017,26.700018,12.280007,0.020000013,12.440007,0,18.850012
Costa Rica,CRI,2018,27.180038,12.950018,0.020000027,12.510017,0,18.470024
Costa Rica,CRI,2019,38.83001,12.630002,0.010000002,13.180002,0,18.210003
Costa Rica,CRI,2020,32.75998,13.069991,0.009999993,14.049992,0,18.079988
Costa Rica,CRI,2021,31.499996,13.499998,0.05999999,15.079998,0,17.989998
Costa Rica,CRI,2022,33.139973,13.559989,0.05999995,15.109987,0,17.909985
Costa Rica,CRI,2023,35.010025,13.66001,0.060000043,15.390012,0.010000007,17.830013
Cote d'Ivoire,CIV,1961,1.1155355,4.131263,1.465322,0.58612883,13.131177,13.944195
Cote d'Ivoire,CIV,1962,1.1534187,4.0464196,1.4654089,0.5672551,12.649789,12.895599
Cote d'Ivoire,CIV,1963,1.1257348,4.1529202,1.485213,0.6338171,12.165503,13.253398
Cote d'Ivoire,CIV,1964,1.1655481,4.7190485,1.5161601,0.6917481,14.043432,14.195048
Cote d'Ivoire,CIV,1965,1.1399285,4.7592015,1.5579022,0.7029559,13.517652,15.721513
Cote d'Ivoire,CIV,1966,1.1339417,5.307609,1.5913297,0.7241979,12.997448,15.932354
Cote d'Ivoire,CIV,1967,1.099986,6.0929656,1.6356313,0.7078171,13.5537405,16.08849
Cote d'Ivoire,CIV,1968,1.0760031,7.1861634,1.6524333,0.93189555,13.027323,16.15926
Cote d'Ivoire,CIV,1969,1.0423043,7.344384,1.6213621,0.9264926,12.526952,16.39699
Cote d'Ivoire,CIV,1970,1.1042778,7.419972,1.6370435,0.9008582,12.011442,16.196074
Cote d'Ivoire,CIV,1971,1.0877182,7.652875,1.651001,0.8837711,12.39222,18.151299
Cote d'Ivoire,CIV,1972,1.1185299,7.9853315,1.7410161,0.8850976,11.846691,17.750584
Cote d'Ivoire,CIV,1973,1.1779257,6.366639,1.6354669,0.8956129,11.487209,17.1432
Cote d'Ivoire,CIV,1974,1.2471675,4.920466,1.5979334,0.91588867,11.828605,22.760809
Cote d'Ivoire,CIV,1975,1.4720504,4.9913235,1.6377779,0.94562185,11.337713,21.03765
Cote d'Ivoire,CIV,1976,1.7245996,5.869518,1.4404327,0.989685,11.062914,21.361517
Cote d'Ivoire,CIV,1977,1.8384188,6.4146976,1.39364,1.077353,11.386336,16.407394
Cote d'Ivoire,CIV,1978,2.1204376,6.9685736,1.4634005,1.1448371,11.020301,16.386103
Cote d'Ivoire,CIV,1979,2.3729193,6.7983637,1.3016013,1.1414043,10.522946,19.584093
Cote d'Ivoire,CIV,1980,2.4232752,6.4453087,1.2468305,1.1161144,10.346682,17.898048
Cote d'Ivoire,CIV,1981,2.5718744,6.1825843,1.3615806,1.1296076,10.529555,20.211908
Cote d'Ivoire,CIV,1982,2.4160407,5.4285097,1.1928568,1.0614403,10.664949,17.811983
Cote d'Ivoire,CIV,1983,2.3179703,5.496322,1.2045348,1.0223362,10.243607,14.970646
Cote d'Ivoire,CIV,1984,2.2580705,5.3363366,1.0632169,0.98221,10.35877,15.37108
Cote d'Ivoire,CIV,1985,2.2358658,5.442968,1.0724062,0.9611188,9.965285,18.139853
Cote d'Ivoire,CIV,1986,2.4741871,4.9483743,1.019971,0.9189838,10.058329,19.7632
Cote d'Ivoire,CIV,1987,2.4070735,4.6932893,0.9366436,0.96685785,9.67865,19.367373
Cote d'Ivoire,CIV,1988,2.8502781,5.128494,0.8831848,1.0638362,9.313585,22.691828
Cote d'Ivoire,CIV,1989,2.6280313,4.166878,0.8693487,0.96927387,9.392962,21.383978
Cote d'Ivoire,CIV,1990,2.0276527,6.5202947,0.8249763,0.90449214,9.382863,18.835304
Cote d'Ivoire,CIV,1991,1.906586,5.9173317,0.80017346,0.9285963,9.157541,15.361355
Cote d'Ivoire,CIV,1992,1.8346815,5.258766,0.75545704,0.83394617,9.065485,16.3944
Cote d'Ivoire,CIV,1993,1.8111228,4.187004,0.7789775,0.8276636,9.678795,14.196865
Cote d'Ivoire,CIV,1994,1.7288336,2.7043207,0.75334644,0.81129616,10.04462,12.053543
Cote d'Ivoire,CIV,1995,1.7130569,2.7083526,0.7369016,0.8804538,9.885965,13.111106
Cote d'Ivoire,CIV,1996,1.5444672,2.529894,0.7106444,0.5021887,9.787943,12.962154
Cote d'Ivoire,CIV,1997,1.565393,2.7558415,0.7123944,0.49680135,9.898533,12.110705
Cote d'Ivoire,CIV,1998,1.4635715,2.491777,0.65768087,0.37978753,7.2993317,13.672352
Cote d'Ivoire,CIV,1999,1.367627,2.4139993,0.62415195,0.3946843,7.3062487,16.51249
Cote d'Ivoire,CIV,2000,1.3853387,2.2785177,0.59241456,0.4010191,7.3277125,11.975889
Cote d'Ivoire,CIV,2001,1.3006713,1.8877798,0.5780761,0.39742735,6.982076,13.088005
Cote d'Ivoire,CIV,2002,1.4659519,1.6894202,0.5363239,0.41118166,7.267189,12.585734
Cote d'Ivoire,CIV,2003,1.9805135,1.9097809,0.5304947,0.52165306,7.188203,13.536456
Cote d'Ivoire,CIV,2004,1.8985704,1.9160687,0.6036929,0.6299404,7.3230567,11.793883
Cote d'Ivoire,CIV,2005,1.4647785,1.9674835,0.62404764,0.6413823,7.384564,13.304349
Cote d'Ivoire,CIV,2006,1.1346698,2.2177634,0.6446987,0.73065853,7.383949,12.825206
Cote d'Ivoire,CIV,2007,1.1265836,1.9715211,0.52061814,0.6913126,7.322793,12.520439
Cote d'Ivoire,CIV,2008,1.1118389,1.8417486,0.6535237,0.68747294,7.4433804,14.733989
Cote d'Ivoire,CIV,2009,1.1161648,1.792628,0.57499397,0.7610214,7.441098,16.175932
Cote d'Ivoire,CIV,2010,1.6099995,1.7899994,0.5799998,0.8899997,7.2199974,13.329995
Cote d'Ivoire,CIV,2011,1.5299997,1.5899998,0.56999993,0.8599999,7.059999,13.999998
Cote d'Ivoire,CIV,2012,1.7399998,1.3599999,0.54999995,1.0599998,6.5299993,12.569998
Cote d'Ivoire,CIV,2013,1.7300004,1.2700002,0.5000001,1.3900002,6.8200016,12.840002
Cote d'Ivoire,CIV,2014,1.8400006,1.6200005,0.59000015,1.0600003,7.4200025,15.240005
Cote d'Ivoire,CIV,2015,1.9199994,1.3199997,0.54999983,1.5199995,7.7199974,18.269995
Cote d'Ivoire,CIV,2016,1.9399998,1.2799999,0.48999995,0.41999993,7.199999,18.309998
Cote d'Ivoire,CIV,2017,1.8299996,1.2299997,0.44999987,1.3299997,6.889998,21.269995
Cote d'Ivoire,CIV,2018,1.8899996,1.2099998,0.4499999,1.1499997,6.8199987,24.019997
Cote d'Ivoire,CIV,2019,2.6599996,1.2699997,0.5799999,1.0399998,6.419999,23.249996
Cote d'Ivoire,CIV,2020,2.4999998,1.2499999,0.59999996,1.3199999,6.4399996,24.009998
Cote d'Ivoire,CIV,2021,2.1900003,0.8400001,0.6700001,0.78000003,6.3100004,24.920002
Cote d'Ivoire,CIV,2022,3.5099995,0.83999985,0.66999996,0.48999995,6.219999,24.299995
Cote d'Ivoire,CIV,2023,3.8299997,0.87999994,0.6999999,0.44999996,6.1599994,23.699999
Croatia,HRV,1992,8.3300295,8.199873,0.74089205,17.821457,0.81097645,2.6131463
Croatia,HRV,1993,6.463797,8.08478,0.5738885,14.780147,0.825594,1.6008469
Croatia,HRV,1994,7.272246,7.707165,0.7080073,16.56737,0.73835045,2.4780254
Croatia,HRV,1995,8.051263,7.076583,1.350338,18.458004,0.6599396,2.8428168
Croatia,HRV,1996,6.846246,4.319655,0.6927749,17.482378,0.6622113,3.4842503
Croatia,HRV,1997,7.5497437,7.335204,0.6844829,17.612663,0.67426676,3.453063
Croatia,HRV,1998,6.301245,5.788949,0.48155856,16.188564,0.69672304,4.405749
Croatia,HRV,1999,6.8516035,6.594411,1.0802077,19.186546,0.7201385,4.2796803
Croatia,HRV,2000,7.2305803,7.0547295,0.63099486,21.226254,0.74478084,7.5202174
Croatia,HRV,2001,7.382236,5.6452394,0.5893382,22.40519,0.7340879,11.0836935
Croatia,HRV,2002,9.569935,6.03389,0.74010235,24.351423,0.88401115,14.575905
Croatia,HRV,2003,11.071841,6.5038104,1.1266444,23.905344,0.8091355,15.045822
Croatia,HRV,2004,11.546039,7.9423676,1.082122,28.849781,0.78606975,13.985916
Croatia,HRV,2005,9.003973,7.4880495,1.2412256,32.139603,0.7427006,17.702724
Croatia,HRV,2006,9.294133,8.959301,1.2277186,38.495567,0.7406897,18.273727
Croatia,HRV,2007,10.598671,8.857533,1.1337643,42.070755,0.74909425,16.601547
Croatia,HRV,2008,10.610399,9.832303,1.0206194,41.057194,0.73767537,20.048603
Croatia,HRV,2009,10.414479,10.475029,1.0293381,45.139503,0.7366832,18.82074
Croatia,HRV,2010,8.22,9.39,0.92,42.04,0.73,18.55
Croatia,HRV,2011,7.4299874,9.249985,0.8199986,42.709927,0.72999877,20.439966
Croatia,HRV,2012,9.110015,12.840022,1.6300027,44.940075,0.7600013,19.230032
Croatia,HRV,2013,8.619993,12.629991,1.7199987,42.87997,0.8099994,19.839985
Croatia,HRV,2014,9.149989,11.619987,1.3899983,44.549946,1.6299981,18.34998
Croatia,HRV,2015,9.389996,11.929995,1.3999993,47.119976,1.5099993,17.369993
Croatia,HRV,2016,9.670005,12.360005,1.4800007,47.050022,1.4700007,17.690008
Croatia,HRV,2017,11.050006,13.050007,1.4800007,50.750023,1.6600008,18.98001
Croatia,HRV,2018,18.060009,13.720008,1.5300008,52.440025,1.2300006,19.91001
Croatia,HRV,2019,15.239969,13.209973,1.6499966,55.24989,0.98999804,20.819958
Croatia,HRV,2020,17.180017,12.160012,1.5000015,51.730053,0.7000007,19.230019
Croatia,HRV,2021,19.540016,13.910011,1.5800012,60.760048,1.0700009,19.750015
Croatia,HRV,2022,20.579994,14.499996,1.7799995,59.209984,1.0899998,19.839994
Croatia,HRV,2023,20.099985,15.669988,1.9699985,61.059956,0.9099993,19.889984
Cuba,CUB,1961,3.0000324,19.391657,0.15789644,3.680961,3.4441164,7.273105
Cuba,CUB,1962,3.1712205,19.857176,0.14818788,3.714576,5.058146,6.411595
Cuba,CUB,1963,3.2443686,19.931105,0.13847914,3.847742,6.211779,10.019956
Cuba,CUB,1964,3.435143,21.521616,0.13859367,3.969719,3.4648416,12.740718
Cuba,CUB,1965,3.733005,20.96226,0.13862619,4.0795703,0.9703833,9.396874
Cuba,CUB,1966,4.1473236,20.093237,0.13857405,4.2759995,2.7318885,11.669915
Cuba,CUB,1967,4.1950107,20.005451,0.1385145,3.9476633,3.324348,15.770865
Cuba,CUB,1968,4.231453,26.377375,0.14829858,3.6382585,2.8572195,13.643469
Cuba,CUB,1969,4.386905,25.036978,0.14820626,3.695276,2.8060384,13.901747
Cuba,CUB,1970,4.5331016,22.8334,0.14814058,3.7133904,3.1307042,15.03133
Cuba,CUB,1971,4.7219267,21.070856,0.14817762,4.277394,3.2796645,19.26309
Cuba,CUB,1972,5.173311,19.624952,0.14837414,4.124801,3.4818463,17.409231
Cuba,CUB,1973,5.6214,16.774971,0.15862855,4.4118567,4.4713426,19.82857
Cuba,CUB,1974,5.3460336,14.080538,0.15898983,4.0542407,5.872687,20.370573
Cuba,CUB,1975,8.044433,12.654052,0.1592957,3.653845,4.251204,20.967295
Cuba,CUB,1976,5.1951723,15.675261,0.15954463,4.377506,3.7393274,20.232256
Cuba,CUB,1977,6.110839,17.623579,0.15976049,8.11783,3.1852248,17.813295
Cuba,CUB,1978,7.3684936,16.72658,0.15996729,5.068964,3.659252,16.766573
Cuba,CUB,1979,8.130514,14.849202,0.16020717,5.056539,3.895037,12.49616
Cuba,CUB,1980,9.459048,14.945896,0.17052366,4.704447,4.283153,17.915016
Cuba,CUB,1981,10.980736,14.513844,0.17063302,5.5104423,4.3963094,18.398254
Cuba,CUB,1982,8.716078,14.226242,0.17031416,5.7005153,6.1012545,18.52417
Cuba,CUB,1983,9.6245365,14.227141,0.1697273,6.060263,5.261546,19.728302
Cuba,CUB,1984,10.692761,14.117632,0.17920831,6.799959,5.276689,17.960655
Cuba,CUB,1985,11.839377,14.006451,0.18887337,7.4654684,4.8709445,20.49773
Cuba,CUB,1986,11.154012,14.444544,0.18888254,7.823714,3.9764745,20.28002
Cuba,CUB,1987,10.7484455,13.554983,0.18909301,8.200665,3.5629103,20.790277
Cuba,CUB,1988,11.360017,13.562265,0.18933362,8.021767,4.3148136,20.756943
Cuba,CUB,1989,12.953929,13.123457,0.5684172,8.386646,4.986116,17.800434
Cuba,CUB,1990,12.164661,12.812779,0.57831997,9.512366,4.367313,17.93789
Cuba,CUB,1991,14.106907,8.434236,0.5981728,8.603718,1.9141527,14.007212
Cuba,CUB,1992,6.652804,7.1814375,0.55855626,7.819788,1.2368032,12.64731
Cuba,CUB,1993,6.2889357,6.0593395,0.5190867,10.291893,1.2078749,13.735834
Cuba,CUB,1994,6.0161166,5.8662133,0.54964525,10.892968,1.199226,12.3620205
Cuba,CUB,1995,6.5239615,6.173749,0.35021263,9.695887,1.3208021,13.748348
Cuba,CUB,1996,6.791746,6.5613475,0.2804851,10.21767,1.3423215,13.433232
Cuba,CUB,1997,8.239483,6.4151692,0.34080586,7.7884164,1.3331524,12.248963
Cuba,CUB,1998,10.016511,6.71778,0.33087578,8.201709,1.3235031,11.781182
Cuba,CUB,1999,10.929307,7.4399505,0.85228544,10.728769,0.10026887,9.926618
Cuba,CUB,2000,10.858162,7.2488008,0.71184623,10.647616,0.10026004,11.379515
Cuba,CUB,2001,12.123486,7.0695267,0.762105,9.566423,0.10027697,10.348583
Cuba,CUB,2002,13.943,6.2392416,0.85262954,10.29174,0.10030936,6.4498916
Cuba,CUB,2003,13.97551,5.3975763,0.8728423,10.22329,0.1003267,8.447508
Cuba,CUB,2004,16.078844,5.8377333,0.90274227,11.274247,0.07021329,9.639281
Cuba,CUB,2005,11.880983,6.47689,0.9123793,11.048813,0.10026146,8.411937
Cuba,CUB,2006,17.594954,6.9037147,0.85169196,12.003846,0.04007962,6.893695
Cuba,CUB,2007,14.869374,6.0178413,1.0513698,19.215036,0.03003914,8.871559
Cuba,CUB,2008,15.875954,6.9826183,1.1004127,20.517694,5.3820186,9.203451
Cuba,CUB,2009,19.75999,6.606653,1.109438,19.77998,6.516699,8.05592
Cuba,CUB,2010,15.919994,6.8799977,1.1299996,18.919994,5.519998,5.5899982
Cuba,CUB,2011,16.889988,6.189996,1.2599992,18.159988,5.0599966,5.4199963
Cuba,CUB,2012,18.250013,6.2500043,1.2900008,16.730011,5.0000033,5.4500036
Cuba,CUB,2013,19.660011,6.420004,1.2200007,19.100012,5.3200035,5.5400033
Cuba,CUB,2014,17.43,7.03,1.21,19.1,5.03,6.2
Cuba,CUB,2015,19.059984,7.509994,1.0699991,19.859983,5.6499953,6.7899942
Cuba,CUB,2016,24.22999,8.059998,1.1199995,22.31999,6.959997,6.1999974
Cuba,CUB,2017,30.070017,7.9200044,1.1900007,23.160013,4.1500025,6.430003
Cuba,CUB,2018,27.300009,7.710003,1.1800004,23.060007,6.7800026,6.0000024
Cuba,CUB,2019,29.130007,8.170002,1.0600002,22.820005,4.530001,6.1000013
Cyprus,CYP,1961,4.2944508,11.113342,6.5480704,3.9655964,0.75443053,5.542163
Cyprus,CYP,1962,4.4204955,9.75392,6.611524,3.6324942,0.7495623,5.986889
Cyprus,CYP,1963,4.654428,9.518257,7.31954,4.216588,0.7519424,7.1672482
Cyprus,CYP,1964,4.934248,10.766492,7.6376867,4.53724,0.74675405,6.777502
Cyprus,CYP,1965,6.0569525,10.9476595,8.135503,5.5208554,0.7430113,6.649481
Cyprus,CYP,1966,6.324892,11.983513,8.642769,9.5154915,0.7601132,6.7471776
Cyprus,CYP,1967,7.5606074,11.345607,9.636252,10.143424,0.7513647,7.8048015
Cyprus,CYP,1968,9.12303,11.109571,10.667071,11.269625,0.7531913,7.654307
Cyprus,CYP,1969,11.889469,10.24498,12.399828,14.441262,0.746636,7.5797734
Cyprus,CYP,1970,12.015544,10.242137,12.3474655,14.879549,0.7491934,6.6289387
Cyprus,CYP,1971,12.703736,9.826881,15.238786,15.172324,0.76906025,7.1114335
Cyprus,CYP,1972,13.109715,10.658769,16.216146,16.729137,0.76948327,6.925349
Cyprus,CYP,1973,12.338688,12.710565,16.057459,18.841768,0.80096585,7.714064
Cyprus,CYP,1974,10.182717,7.9467783,10.511816,17.27771,0.7162748,4.897771
Cyprus,CYP,1975,8.763164,8.861736,6.4269767,14.007261,0.8477301,7.5901413
Cyprus,CYP,1976,9.402201,6.261508,6.977109,16.170593,1.013768,5.1881065
Cyprus,CYP,1977,9.823716,7.837009,8.086596,16.482677,1.5574182,6.629011
Cyprus,CYP,1978,10.5215845,7.207936,9.580548,17.248991,1.9321274,9.250185
Cyprus,CYP,1979,12.0132475,8.3299885,9.333601,17.743877,2.1778402,6.7342434
Cyprus,CYP,1980,12.023666,8.233052,9.065383,17.890093,2.7577217,7.561171
Cyprus,CYP,1981,12.241865,8.761335,8.73133,19.662996,2.9104435,7.631163
Cyprus,CYP,1982,13.343173,7.3223515,8.663624,21.748478,3.1395702,10.759982
Cyprus,CYP,1983,14.631206,11.108334,9.842454,22.64844,3.2775471,9.724698
Cyprus,CYP,1984,14.574314,9.4897995,10.169028,23.889456,2.7557292,10.615379
Cyprus,CYP,1985,14.055163,10.050404,10.685775,23.807135,3.7063272,12.081664
Cyprus,CYP,1986,15.933662,11.669995,10.9514,23.48371,3.190565,12.168221
Cyprus,CYP,1987,15.000318,13.793395,11.69565,25.268734,1.7145957,15.421783
Cyprus,CYP,1988,17.65467,11.209468,11.603288,27.884392,1.5848862,13.975815
Cyprus,CYP,1989,21.14584,12.1716585,11.418174,29.44382,1.3524064,14.480409
Cyprus,CYP,1990,22.016996,9.378872,10.186388,31.48343,2.1306772,14.4963875
Cyprus,CYP,1991,20.75717,9.388747,8.977133,31.694374,2.185481,14.465336
Cyprus,CYP,1992,25.45308,10.863276,9.489304,33.163136,2.0955544,18.108753
Cyprus,CYP,1993,25.550312,9.0918255,9.49833,35.65344,1.5268714,15.952833
Cyprus,CYP,1994,26.308945,8.155277,9.631749,37.912624,2.0412965,17.519478
Cyprus,CYP,1995,27.512293,7.710578,9.950412,37.373505,1.7839383,19.58368
Cyprus,CYP,1996,28.184484,6.0990353,8.608069,38.29004,1.7156636,17.642576
Cyprus,CYP,1997,29.482471,6.0950294,9.271592,37.959927,1.7570362,17.84831
Cyprus,CYP,1998,28.73267,5.2024593,10.782197,37.97597,1.7970328,19.469511
Cyprus,CYP,1999,30.275923,5.5525727,11.581931,38.629616,1.6886178,19.289976
Cyprus,CYP,2000,29.165655,6.3883834,11.5130205,38.797985,1.6418742,18.578056
Cyprus,CYP,2001,29.533838,5.3226695,11.542418,37.73713,1.734353,19.237362
Cyprus,CYP,2002,30.285406,5.3920608,12.91099,37.534733,1.5676917,18.07339
Cyprus,CYP,2003,28.604141,5.461244,8.196858,37.839336,1.7172469,17.521908
Cyprus,CYP,2004,28.347685,4.871011,7.5360928,37.850147,2.08615,18.026731
Cyprus,CYP,2005,29.440056,5.602882,7.0684047,40.286915,1.4455836,19.14152
Cyprus,CYP,2006,23.784208,5.019233,7.991017,41.55528,1.8486681,19.907969
Cyprus,CYP,2007,25.684969,5.628496,7.550905,40.251675,2.5566056,21.691511
Cyprus,CYP,2008,26.948961,5.636578,7.265362,36.721664,2.3888824,22.161327
Cyprus,CYP,2009,25.884005,6.1563025,5.8907747,37.7934,1.7701827,21.517553
Cyprus,CYP,2010,28.139849,6.709964,5.029973,40.52978,1.7199908,22.149881
Cyprus,CYP,2011,26.179932,6.7899823,4.989987,40.749893,1.5899959,22.019943
Cyprus,CYP,2012,24.369938,6.629983,4.8799877,41.09989,1.7799954,21.199947
Cyprus,CYP,2013,23.63982,6.2399526,4.7499638,39.269703,1.3599896,21.129839
Cyprus,CYP,2014,23.789883,6.439968,5.019975,36.699818,1.6299919,22.939886
Cyprus,CYP,2015,23.489923,6.2099795,4.589985,35.739883,1.2699958,21.959927
Cyprus,CYP,2016,23.479923,6.729978,4.4399858,35.93988,1.1499963,22.279928
Cyprus,CYP,2017,23.790115,7.070034,4.540022,37.00018,0.96000457,23.480112
Cyprus,CYP,2018,23.769943,7.3999825,4.629989,36.36991,0.9799977,22.069948
Cyprus,CYP,2019,28.970022,7.480006,4.750004,37.490032,0.57000047,23.95002
Cyprus,CYP,2020,24.88,6.26,3.89,35.34,0.44,18.31
Cyprus,CYP,2021,26.699982,6.539995,3.7399974,35.50997,0.49999964,18.339987
Cyprus,CYP,2022,29.869865,7.6699653,3.9699821,32.359856,0.3999982,18.139917
Cyprus,CYP,2023,31.799974,8.689993,3.7099972,33.409973,0.33999974,17.959986
Czechia,CZE,1993,12.115299,20.68319,0.5110672,58.442036,3.1465707,6.2931414
Czechia,CZE,1994,11.674455,17.125874,0.41086066,46.447292,3.2167382,8.036836
Czechia,CZE,1995,14.588038,16.553164,0.41107187,49.639435,3.1883137,8.040967
Czechia,CZE,1996,14.685302,16.079603,0.38117585,49.80364,3.410521,9.619675
Czechia,CZE,1997,17.713171,14.583776,0.35105377,44.62395,3.4503572,9.398211
Czechia,CZE,1998,19.1175,13.052432,0.3408469,46.94665,3.9097145,9.002368
Czechia,CZE,1999,19.575483,11.811409,0.36065373,45.64273,3.8770273,9.346942
Czechia,CZE,2000,20.376223,10.783878,0.13016751,42.26439,3.8649738,10.273221
Czechia,CZE,2001,22.507927,9.2191515,0.12998803,41.60617,3.9296381,9.759102
Czechia,CZE,2002,22.005117,9.675868,0.12967658,42.18479,3.9501483,9.217012
Czechia,CZE,2003,22.540798,10.205089,0.14934276,43.24966,4.052167,9.488243
Czechia,CZE,2004,23.88493,10.345825,0.109427,48.277203,4.0786424,9.669368
Czechia,CZE,2005,25.049648,9.753141,0.17913933,48.735847,3.8713999,10.041755
Czechia,CZE,2006,25.267231,9.24338,0.19942565,46.206924,4.167996,9.512604
Czechia,CZE,2007,23.401043,9.64043,0.21000935,47.202106,5.6202507,9.8704405
Czechia,CZE,2008,23.746864,9.370331,0.22071442,46.169445,5.347308,11.055786
Czechia,CZE,2009,24.240294,9.740393,0.23143494,45.47193,5.363253,10.203262
Czechia,CZE,2010,22.81001,9.750005,0.25000012,46.35002,4.4100018,9.730004
Czechia,CZE,2011,21.940004,9.240002,0.25000003,45.72001,4.1500006,9.270002
Czechia,CZE,2012,20.519983,8.269994,0.31999972,42.90996,3.9999967,8.619992
Czechia,CZE,2013,19.289993,8.339997,0.34999987,41.919983,3.9799986,8.739997
Czechia,CZE,2014,20.670015,8.310006,0.3100002,41.63003,3.8300025,8.850007
Czechia,CZE,2015,21.100004,8.640002,0.32000005,44.45001,3.9200008,9.370002
Czechia,CZE,2016,21.390007,9.590004,0.3200001,43.91002,4.2000017,9.020004
Czechia,CZE,2017,22.229994,9.869997,0.3199999,44.419987,4.3899984,9.409997
Czechia,CZE,2018,22.590014,10.250007,0.33000022,46.98003,4.440003,10.050006
Czechia,CZE,2019,23.230017,10.970009,0.34000027,45.640034,0.6200005,10.610007
Czechia,CZE,2020,23.870003,10.310001,0.30000004,44.960003,0.63000005,10.050001
Czechia,CZE,2021,23.169992,10.989996,0.2799999,46.889984,0.75999975,10.639997
Czechia,CZE,2022,24.409986,10.619994,0.2899998,46.489975,1.939999,10.499994
Czechia,CZE,2023,24.449995,11.249998,0.27999994,44.45999,1.8599997,10.369998
Czechoslovakia,OWID_CZS,1961,3.8130412,18.304602,0.65051883,37.980293,1.5312213,6.4851727
Czechoslovakia,OWID_CZS,1962,3.8541665,20.422077,0.84090906,36.26921,1.4415585,6.8974566
Czechoslovakia,OWID_CZS,1963,3.76,20.12,0.54,37.65,1.3,8.06
Czechoslovakia,OWID_CZS,1964,4.4398646,17.370348,0.5886562,40.61728,1.0376313,7.2733965
Czechoslovakia,OWID_CZS,1965,3.9597485,17.808918,0.4775576,43.994995,0.88547134,7.252906
Czechoslovakia,OWID_CZS,1966,4.4125233,18.206627,0.39752463,45.317806,0.86461604,7.2945766
Czechoslovakia,OWID_CZS,1967,4.458872,19.07682,0.3972269,44.251076,1.5690463,7.4678655
Czechoslovakia,OWID_CZS,1968,5.444411,19.85024,0.38746718,45.740997,2.8116207,7.7294736
Czechoslovakia,OWID_CZS,1969,5.828775,21.655449,0.43990755,43.470863,3.7292163,8.488216
Czechoslovakia,OWID_CZS,1970,7.207039,21.781275,0.52050835,42.50151,3.9738812,7.3671956
Czechoslovakia,OWID_CZS,1971,7.7196507,20.665834,0.54067594,46.117657,2.8335423,7.5694633
Czechoslovakia,OWID_CZS,1972,7.954948,21.023077,0.5303298,46.659023,2.7817302,7.5146747
Czechoslovakia,OWID_CZS,1973,8.148879,22.5469,0.5399258,46.203648,2.479659,7.668946
Czechoslovakia,OWID_CZS,1974,8.665791,24.030594,0.48919782,46.32404,2.4859235,7.2980328
Czechoslovakia,OWID_CZS,1975,8.857755,24.009703,0.44887272,48.218906,2.6234117,7.3415627
Czechoslovakia,OWID_CZS,1976,9.344811,24.115,0.4388172,47.46207,2.0843816,6.8714786
Czechoslovakia,OWID_CZS,1977,9.417958,23.86415,0.38908938,50.451923,2.08512,6.1156874
Czechoslovakia,OWID_CZS,1978,9.517369,23.169252,0.33954936,53.25932,2.0173228,5.792313
Czechoslovakia,OWID_CZS,1979,9.896087,23.810585,0.3798498,54.438473,2.109166,4.7081385
Czechoslovakia,OWID_CZS,1980,10.396813,24.70619,0.4202754,55.266216,2.2114491,4.472931
Czechoslovakia,OWID_CZS,1981,10.129254,24.011936,0.46042064,56.671776,2.4422312,4.904481
Czechoslovakia,OWID_CZS,1982,9.621268,23.757826,0.53062147,48.136383,2.3627672,4.8156404
Czechoslovakia,OWID_CZS,1983,9.995193,23.81237,0.63032746,53.647873,2.7414243,4.2622147
Czechoslovakia,OWID_CZS,1984,9.681256,24.20314,0.7200934,54.297043,2.8603709,5.5907254
Czechoslovakia,OWID_CZS,1985,9.966774,24.302132,0.6697832,54.89223,2.5291812,5.5681977
Czechoslovakia,OWID_CZS,1986,10.502532,24.012924,0.5596021,53.681828,2.5182092,6.7551966
Czechoslovakia,OWID_CZS,1987,11.415998,23.760859,0.62922823,55.372086,2.4969375,7.0114
Czechoslovakia,OWID_CZS,1988,11.839394,23.998232,0.559027,58.927437,2.4257782,7.486969
Czechoslovakia,OWID_CZS,1989,13.979306,23.884644,0.6090983,59.26227,2.1368368,7.019609
Czechoslovakia,OWID_CZS,1990,14.622483,24.037642,0.43977392,58.15011,2.1888747,6.526645
Czechoslovakia,OWID_CZS,1991,12.78082,16.951088,0.45002887,53.213413,2.1901405,5.350343
Czechoslovakia,OWID_CZS,1992,11.782262,16.653198,0.4500864,53.53028,2.0803995,5.4310427
Democratic Republic of Congo,COD,2010,1.15,0.26,0.32,0.7,2.31,4.88
Democratic Republic of Congo,COD,2011,1.25,0.23,0.31,0.54,2.3,4.86
Democratic Republic of Congo,COD,2012,1.2099999,0.23999998,0.29999998,0.5299999,2.2299998,4.7499995
Democratic Republic of Congo,COD,2013,1.17,0.25,0.28,0.52,2.17,4.76
Democratic Republic of Congo,COD,2014,1.3799999,0.31999996,0.27999997,0.6399999,2.0999997,4.8299994
Democratic Republic of Congo,COD,2015,1.33,0.33,0.26,0.58,2.08,5.88
Democratic Republic of Congo,COD,2016,1.2699999,0.28999996,0.24999997,0.59999996,2.0299997,5.1399994
Democratic Republic of Congo,COD,2017,1.37,0.28,0.25,0.59,1.97,4.47
Democratic Republic of Congo,COD,2018,1.5399998,0.25999996,0.23999998,0.56999993,1.9299998,4.3699994
Democratic Republic of Congo,COD,2019,1.5999998,0.30999997,0.24999997,0.70999986,2.0399997,4.0299997
Democratic Republic of Congo,COD,2020,1.01,0.23,0.22,0.48,1.77,3.52
Democratic Republic of Congo,COD,2021,1.01,0.27,0.22,0.52,1.72,3.51
Democratic Republic of Congo,COD,2022,0.98999995,0.31999996,0.20999998,0.71999997,1.6499999,3.3999999
Democratic Republic of Congo,COD,2023,0.75999993,0.30999997,0.19999999,0.60999995,1.6099999,3.2899997
Denmark,DNK,1961,7.2541537,16.599504,0.30017188,35.6304,1.2807333,16.519459
Denmark,DNK,1962,7.952624,12.9942875,0.29009572,32.160614,1.1603829,17.535788
Denmark,DNK,1963,6.0122223,13.925147,0.28010353,31.441622,1.0904031,18.086685
Denmark,DNK,1964,8.171923,12.272887,0.30007058,31.637442,1.2302895,18.544363
Denmark,DNK,1965,6.8216667,11.932916,0.35008553,32.05783,1.2503055,18.46451
Denmark,DNK,1966,4.8687825,18.95526,0.4498875,32.49188,1.0397401,19.335167
Denmark,DNK,1967,3.7067597,19.143267,0.6194585,31.572401,1.0091178,20.002516
Denmark,DNK,1968,4.2701745,19.140781,0.6200254,30.301239,0.710029,20.590843
Denmark,DNK,1969,4.0951858,21.327003,0.5006339,29.867819,0.6808621,22.35831
Denmark,DNK,1970,5.781555,19.895351,0.45012105,29.647974,0.5601507,21.15569
Denmark,DNK,1971,4.8769875,19.40801,0.35977778,30.890917,0.60962343,19.76779
Denmark,DNK,1972,6.456675,16.231642,0.34981987,34.282345,0.6396706,21.1691
Denmark,DNK,1973,7.76108,14.683125,0.3495982,34.80999,0.249713,22.224457
Denmark,DNK,1974,7.381741,14.563705,0.25970942,35.450336,0.3296312,21.75566
Denmark,DNK,1975,6.7007904,15.76186,0.37004367,39.074608,0.42004955,19.912348
Denmark,DNK,1976,8.802471,16.162897,0.43061006,39.896523,0.640908,20.629227
Denmark,DNK,1977,8.181928,15.462541,0.47068617,41.921112,0.56081754,20.870426
Denmark,DNK,1978,9.058261,16.715244,0.550502,45.92188,0.6005477,20.19842
Denmark,DNK,1979,8.27184,14.763283,0.6201379,47.880646,0.58012897,20.27451
Denmark,DNK,1980,8.429871,14.509776,0.41999352,55.14915,0.55999136,20.879677
Denmark,DNK,1981,8.93588,13.809086,0.51033574,51.193684,0.45029625,21.133905
Denmark,DNK,1982,9.349313,11.321278,0.46045867,49.098907,0.46045867,20.83075
Denmark,DNK,1983,9.908772,11.470155,0.43038103,51.32544,0.4704165,21.128706
Denmark,DNK,1984,10.516516,13.418313,0.5303285,53.94342,0.48029757,20.952982
Denmark,DNK,1985,11.148086,14.307544,0.55990386,56.85024,0.5799004,20.916409
Denmark,DNK,1986,12.593523,16.808008,0.61918986,63.566833,0.6591376,21.611723
Denmark,DNK,1987,12.003876,16.28456,0.7284148,66.40549,0.6485884,21.533136
Denmark,DNK,1988,11.902224,17.443945,0.80879205,65.98145,0.83874726,22.426504
Denmark,DNK,1989,12.830702,19.615784,0.83939165,64.88298,0.80941343,23.113249
Denmark,DNK,1990,12.137582,19.376139,0.94981074,64.7471,0.7998407,22.705475
Denmark,DNK,1991,13.859069,19.928663,0.9799342,65.18562,0.80994564,22.588484
Denmark,DNK,1992,14.46896,21.088484,0.9899288,65.04533,0.8099417,24.068268
Denmark,DNK,1993,13.045936,20.499327,1.050478,64.819496,0.9404279,23.770817
Denmark,DNK,1994,15.45427,19.18772,1.1710814,63.668793,1.0609797,25.723755
Denmark,DNK,1995,16.65884,18.158737,1.2399138,64.44551,1.0699257,25.548222
Denmark,DNK,1996,15.912527,19.186872,0.8984488,65.14752,1.0581731,23.279808
Denmark,DNK,1997,18.272156,19.640074,0.82873714,57.80192,0.9685242,23.414322
Denmark,DNK,1998,16.533579,21.528616,1.0389681,68.442024,0.76923597,22.877277
Denmark,DNK,1999,17.41079,25.04675,0.9794818,23.79741,0.7695928,22.8679
Denmark,DNK,2000,17.334612,23.622658,1.1796334,26.931631,0.7397701,22.483013
Denmark,DNK,2001,20.275518,24.312634,1.0992149,26.091364,0.78943616,21.524626
Denmark,DNK,2002,20.153849,27.394453,0.95875585,34.125717,0.8189373,20.563316
Denmark,DNK,2003,18.284113,28.369835,1.0585014,28.64944,0.82882655,22.937525
Denmark,DNK,2004,16.882507,28.969984,1.1288304,24.314808,0.8591099,23.136028
Denmark,DNK,2005,19.664375,26.962286,0.9897169,44.027405,0.8497569,24.472998
Denmark,DNK,2006,19.082539,26.097147,1.010664,32.08108,0.94061804,23.075161
Denmark,DNK,2007,19.983374,26.34081,1.2114171,40.177,2.3026934,22.165928
Denmark,DNK,2008,22.729256,27.391153,1.0604317,26.320717,0.96039104,22.239056
Denmark,DNK,2009,18.912846,26.013914,1.0901641,19.382915,1.010152,23.233494
Denmark,DNK,2010,22.77998,28.779974,0.8699992,22.78998,1.5999986,23.09998
Denmark,DNK,2011,23.27001,29.30001,0.88000035,18.260008,1.5800006,23.00001
Denmark,DNK,2012,22.090034,27.360044,0.8800014,25.25004,1.200002,22.660036
Denmark,DNK,2013,22.409988,28.599985,0.8799995,24.889986,0.8499996,23.139988
Denmark,DNK,2014,23.809978,26.189978,0.8799992,36.30997,0.82999927,23.51998
Denmark,DNK,2015,18.370008,26.19001,0.88000035,46.97002,0.8300003,25.09001
Denmark,DNK,2016,26.050018,25.980019,0.89000064,42.31003,1.4600011,24.75002
Denmark,DNK,2017,25.220026,23.620026,0.90000093,43.350044,1.3000013,25.100027
Denmark,DNK,2018,26.699982,23.669983,0.8299994,46.829967,1.4099989,22.089985
Denmark,DNK,2019,25.01001,24.61001,0.73000026,47.050014,0.9200004,23.070007
Denmark,DNK,2020,24.490004,24.720003,0.67000014,47.170006,0.64000005,23.010004
Denmark,DNK,2021,19.11002,23.600023,0.73000073,57.050056,0.65000063,22.910023
Denmark,DNK,2022,17.759996,21.849997,0.7199999,52.08999,0.8099998,22.729996
Denmark,DNK,2023,20.32002,21.580023,0.7100007,57.900063,0.76000077,22.560022
Djibouti,DJI,1961,0,2.4606574,24.990437,0,2.972474,4.478397
Djibouti,DJI,1962,0,2.3574297,24.692568,0,2.9618993,4.291732
Djibouti,DJI,1963,0,2.2493284,24.453707,0,2.8477736,4.085936
Djibouti,DJI,1964,0,2.1345942,23.668882,0,2.8879802,2.9089077
Djibouti,DJI,1965,0,2.0131428,22.724272,0,2.6455438,2.750944
Djibouti,DJI,1966,0,2.8593733,22.416206,0,2.667326,2.60331
Djibouti,DJI,1967,0,2.713486,22.267815,0,2.5519688,2.4658265
Djibouti,DJI,1968,0,2.575937,22.986963,0,2.4122124,2.3358076
Djibouti,DJI,1969,0,3.2294805,22.738628,0,2.3697555,2.2044234
Djibouti,DJI,1970,0,3.0305536,22.11753,0,2.3032205,2.0717967
Djibouti,DJI,1971,0,2.8320613,21.741516,0,2.2329714,1.9388728
Djibouti,DJI,1972,0,3.3050857,20.853262,0,2.0885558,0.6028821
Djibouti,DJI,1973,0,3.0823715,19.243416,0,1.5625911,1.1237812
Djibouti,DJI,1974,0,4.04419,18.560705,0,1.4793222,1.9688821
Djibouti,DJI,1975,0,6.2423186,17.158373,0,1.4298644,1.4298644
Djibouti,DJI,1976,0,7.8450856,16.51029,0,1.2949249,0.9927757
Djibouti,DJI,1977,0,5.2296476,14.477063,0,1.5940055,0.90618116
Djibouti,DJI,1978,0.79188126,3.8384242,14.143878,0,1.8587213,0.82487625
Djibouti,DJI,1979,0.6399474,4.5679007,13.582334,0.30894014,2.350152,0.7613168
Djibouti,DJI,1980,0.74924344,4.6497164,15.458655,0.22036572,2.6443887,0.77128
Djibouti,DJI,1981,1.0056667,6.2088985,10.002011,1.3008081,2.7874458,1.1259094
Djibouti,DJI,1982,2.6106303,4.84369,8.371278,0.39914596,2.4056635,2.696932
Djibouti,DJI,1983,0.9039177,3.796454,9.730408,0.41473868,2.1481338,2.1162307
Djibouti,DJI,1984,0.84359187,3.6379898,10.724161,0.35852653,1.9824408,2.8787572
Djibouti,DJI,1985,0.7159832,4.338016,9.897415,0.30534577,1.9584247,3.2956288
Djibouti,DJI,1986,0.48768017,5.332677,9.350737,0.2756453,1.7598892,1.9613224
Djibouti,DJI,1987,0.6966191,4.2868867,8.691663,0.32151654,1.4468243,1.2753489
Djibouti,DJI,1988,0.55154365,3.8932493,8.381301,0.44339785,1.4599686,1.8168496
Djibouti,DJI,1989,0.49220234,3.6273174,7.4472356,0.23540112,1.1877056,1.2626059
Djibouti,DJI,1990,0.47847962,4.092528,7.0346684,0.44793838,0.99768096,0.9162376
Djibouti,DJI,1991,0.35939065,4.8857703,7.129534,0.29139784,1.0198923,0.7576343
Djibouti,DJI,1992,0.46219265,4.943452,7.1840816,0.5325263,1.1052433,1.6478173
Djibouti,DJI,1993,0.5748502,6.281545,7.190853,0.5957538,1.170604,1.7036469
Djibouti,DJI,1994,0.44803318,6.1995287,7.0434985,0.3438394,1.0106795,1.719197
Djibouti,DJI,1995,0.47198197,5.9679503,6.974845,0.32514316,1.0173835,1.4264345
Djibouti,DJI,1996,0.4170561,6.130725,6.818867,0.10426403,0.98008186,1.4179908
Djibouti,DJI,1997,0.39938912,6.1649294,6.5848002,0.10240747,0.94214875,2.5192237
Djibouti,DJI,1998,0.39035967,5.4950633,6.335838,0.13011989,0.96088535,2.2520752
Djibouti,DJI,1999,0.38341516,5.869201,6.1837983,0.1671297,0.8848042,2.605257
Djibouti,DJI,2000,0.56112057,8.416808,6.0755816,0.11609391,0.87070435,2.4282978
Djibouti,DJI,2001,0.5424271,7.850919,6.0904098,0.07613012,0.8469476,1.8176066
Djibouti,DJI,2002,0.4488823,7.649703,5.704546,0.19638601,0.28055146,2.1789496
Djibouti,DJI,2003,0.7517258,7.4615746,5.698267,0.6774813,0.278417,1.8375521
Djibouti,DJI,2004,2.994893,4.9605813,5.489092,0.9550278,0.7974019,2.6703691
Djibouti,DJI,2005,4.509184,7.073956,5.4165764,1.86108,1.0555379,2.648104
Djibouti,DJI,2006,7.228369,12.209959,5.718239,0.14732982,1.0313088,3.0018451
Djibouti,DJI,2007,6.614707,18.0534,5.2442565,0.29236275,0.8496793,2.7317646
Djibouti,DJI,2008,6.959145,11.894965,5.080992,0.20868361,0.9345396,2.313666
Djibouti,DJI,2009,4.7524147,7.0339346,4.9778614,0.19839302,0.8927686,2.0741088
Djibouti,DJI,2010,1.449997,7.189985,4.8799896,0.7099984,0.8499982,2.339995
Djibouti,DJI,2011,0.74999607,7.4299607,4.779975,0.12999931,0.7199962,2.7199857
Djibouti,DJI,2012,4.7599807,7.519969,4.82998,0.08999963,0.63999736,3.2799864
Djibouti,DJI,2013,1.8199761,9.0698805,4.6799383,0.11999842,0.6499914,3.329956
Djibouti,DJI,2014,1.3,6.4,4.59,0.14,0.68,3.42
Djibouti,DJI,2015,1.9299886,6.3299627,4.699972,0.06999959,0.7499956,4.319975
Djibouti,DJI,2016,1.869982,6.17994,4.4899564,0.08999914,0.6299939,5.1499505
Djibouti,DJI,2017,2.63999,6.2599764,4.4899826,0.119999535,0.6099977,3.2999873
Djibouti,DJI,2018,2.9799833,6.0899663,4.5699744,0.14999917,0.5999967,3.8799784
Djibouti,DJI,2019,3.29,5.8,4.05,0.15,0.6,3.6899998
Djibouti,DJI,2020,3.259991,5.6699843,4.0999885,0.16999952,0.6199983,4.4299874
Djibouti,DJI,2021,4.1499963,5.669995,4.0499964,0.16999985,0.6399994,5.4599953
Djibouti,DJI,2022,3.9299965,6.0799947,3.9899964,0.09999991,0.74999934,5.3799953
Djibouti,DJI,2023,3.1799695,6.0099425,3.9899616,0.2499976,0.63999385,5.309949
Dominica,DMA,1961,2.9066908,4.962643,1.1647019,8.40611,2.3091483,20.751951
Dominica,DMA,1962,4.179501,4.9015074,1.1287704,8.806442,3.2541127,26.246452
Dominica,DMA,1963,4.468013,4.600625,1.1221037,8.864618,3.3969138,25.910393
Dominica,DMA,1964,4.988978,4.5187054,1.1859046,9.3441105,4.048433,25.558289
Dominica,DMA,1965,5.6484365,4.3181887,1.1767577,8.820566,3.970278,31.485943
Dominica,DMA,1966,6.280648,4.0302534,1.1661139,8.807228,4.245064,25.572674
Dominica,DMA,1967,6.748377,3.8769474,1.1299125,8.655752,4.3952556,25.148329
Dominica,DMA,1968,7.597639,3.8970203,0.96133393,8.548636,5.2201467,26.21444
Dominica,DMA,1969,8.539349,4.0173054,1.0300783,8.796868,5.3873096,27.956324
Dominica,DMA,1970,10.414061,3.842181,1.2154888,8.838046,6.5306773,22.486544
Dominica,DMA,1971,10.82878,3.8408005,1.0766665,8.520158,5.880255,23.728073
Dominica,DMA,1972,10.151844,3.884005,1.839251,10.090193,5.219774,27.825094
Dominica,DMA,1973,6.567426,3.834398,1.1319633,10.034701,1.3563163,29.033327
Dominica,DMA,1974,7.007004,3.6351361,0.9113155,10.115602,1.3872247,30.235424
Dominica,DMA,1975,9.614885,5.441059,0.7945355,8.518627,0.74424845,25.153585
Dominica,DMA,1976,10.407435,5.411461,1.2464601,8.836693,0.44588816,25.233217
Dominica,DMA,1977,13.748482,6.037639,0.624931,9.716669,0.53421515,25.561693
Dominica,DMA,1978,15.117196,5.5748477,0.93592334,9.654252,0.18311544,26.409315
Dominica,DMA,1979,15.415605,3.5969744,0.62690127,10.400394,0.061662417,18.76593
Dominica,DMA,1980,13.717134,3.929441,0.6976553,10.536648,0.40012583,26.921288
Dominica,DMA,1981,18.584599,3.8011615,0.8115994,9.574818,0.030820228,26.043095
Dominica,DMA,1982,16.990124,3.724004,0.7736851,11.223592,0,29.843613
Dominica,DMA,1983,22.432133,4.1859503,0.7770947,8.9106865,0.42481178,18.391241
Dominica,DMA,1984,25.472631,5.2772803,0.88296914,8.593548,0.8110996,20.267221
Dominica,DMA,1985,22.323318,5.7019844,0.9589232,8.516888,0.8145692,19.724947
Dominica,DMA,1986,27.380367,5.917593,0.9811553,9.678689,0.6847647,18.938343
Dominica,DMA,1987,27.292383,6.232757,0.9830528,11.16829,3.7396543,15.495749
Dominica,DMA,1988,27.85071,6.687433,1.0907856,11.601065,2.619924,16.229258
Dominica,DMA,1989,33.258324,7.66955,1.0927591,12.162004,2.681307,19.26494
Dominica,DMA,1990,27.9131,9.440296,1.2641433,11.846247,4.210413,21.918615
Dominica,DMA,1991,30.58323,9.42283,1.1778537,9.289681,4.322211,23.434168
Dominica,DMA,1992,40.381863,9.685914,1.453911,9.54257,4.668897,25.88371
Dominica,DMA,1993,42.608383,9.353807,1.5538565,7.789728,4.1606555,27.621845
Dominica,DMA,1994,40.417885,8.817147,1.2975408,8.081533,5.629488,28.831968
Dominica,DMA,1995,37.334007,10.299036,1.2771622,13.589005,2.5951936,33.471867
Dominica,DMA,1996,37.56489,10.319351,1.6670508,10.452307,6.1670656,34.11829
Dominica,DMA,1997,35.50256,9.761667,1.2701435,14.381303,0.9833369,30.16591
Dominica,DMA,1998,30.260036,10.468009,1.2755988,10.41739,0.9820086,38.693165
Dominica,DMA,1999,30.97426,9.867456,1.3109185,7.3065925,0.050810795,41.390472
Dominica,DMA,2000,38.46951,12.104718,1.5322428,16.83424,0.07150466,40.76787
Dominica,DMA,2001,39.89956,9.9928255,1.9370708,16.265245,0,38.15722
Dominica,DMA,2002,40.156467,11.106237,1.5661329,16.234554,0.10236163,37.843094
Dominica,DMA,2003,37.413933,9.792566,1.3887268,15.623177,0.17359085,32.675926
Dominica,DMA,2004,41.542877,10.612548,1.8452172,18.594896,0.020389142,30.879356
Dominica,DMA,2005,38.76858,11.390982,1.704,18.568436,0.030981818,26.716656
Dominica,DMA,2006,34.74536,10.522645,1.7125089,17.506792,0.051581595,25.367828
Dominica,DMA,2007,33.58122,11.784874,1.3609829,18.19799,0.072173335,28.735298
Dominica,DMA,2008,34.940174,10.4232855,1.422763,21.02184,0.10309877,27.64078
Dominica,DMA,2009,31.23303,10.421318,1.0617169,20.296318,0.10307931,30.851639
Dominica,DMA,2010,44.331333,9.982286,1.9365635,13.615838,0.039929144,24.526476
Dominica,DMA,2011,39.558365,10.728029,1.4629132,10.976824,0,23.346897
Dominica,DMA,2012,24.691114,14.288562,1.1359107,13.461539,0.039856516,21.791552
Dominica,DMA,2013,46.45372,9.513785,1.1250741,9.207844,0.019738143,21.81065
Dominica,DMA,2014,43.90631,9.825947,0.99540687,11.067741,0.009855513,32.996258
Dominica,DMA,2015,43.758114,9.652233,1.252504,11.759621,0,32.94284
Dominica,DMA,2016,46.943443,9.481288,1.3889785,10.769615,0.040260244,29.410109
Dominica,DMA,2017,45.694138,10.254722,1.017252,10.038941,0.13357854,29.181774
Dominica,DMA,2018,48.41452,9.699521,1.2150363,10.177227,0.124619104,23.407623
Dominica,DMA,2019,50.91548,10.41453,0.9993741,13.307455,0,25.184227
Dominica,DMA,2020,61.903297,10.23732,1.161153,14.210807,0.042611115,25.300348
Dominica,DMA,2021,58.339916,11.8920355,1.5511352,22.448372,0.107717715,25.432154
Dominica,DMA,2022,50.55575,11.284183,1.5560638,23.01451,0.02176313,25.58256
Dominican Republic,DOM,1961,5.635166,6.9551144,0.22337595,2.761739,0,4.4167514
Dominican Republic,DOM,1962,5.818721,7.192021,0.22379696,2.9297059,0.030517766,8.504284
Dominican Republic,DOM,1963,6.2796655,7.074818,0.22427377,2.7116737,0.05097131,9.511247
Dominican Republic,DOM,1964,6.1288667,7.1094856,0.22472511,2.6456275,0.08171822,11.818498
Dominican Republic,DOM,1965,6.061489,6.327703,0.22525804,2.3549705,0.010239001,6.0000553
Dominican Republic,DOM,1966,6.1327095,6.409604,0.23587345,2.6663952,0.010255367,9.886174
Dominican Republic,DOM,1967,6.1898494,6.0974636,0.23609707,2.4841518,0,6.959731
Dominican Republic,DOM,1968,6.266996,6.061521,0.23629658,2.7020001,0.020547528,8.629962
Dominican Republic,DOM,1969,6.3327737,6.373895,0.23645097,2.5084364,0.010280477,8.265503
Dominican Republic,DOM,1970,6.509435,6.3140492,0.23651977,2.632568,0.030850405,8.021106
Dominican Republic,DOM,1971,6.652709,6.6321445,0.26734224,3.208107,0.0102823945,6.8994865
Dominican Republic,DOM,1972,6.6892786,6.5454226,0.26716012,3.5552847,0.010275389,6.134407
Dominican Republic,DOM,1973,6.703094,6.6722984,0.26689193,3.6441016,0,5.286514
Dominican Republic,DOM,1974,6.121615,6.6240597,0.25634906,3.793966,0.010253962,4.0092993
Dominican Republic,DOM,1975,7.1490335,6.6369247,0.2560542,3.902266,0.010242168,5.377138
Dominican Republic,DOM,1976,7.150023,6.9863605,0.2557233,4.1836333,0.010228932,5.7793465
Dominican Republic,DOM,1977,7.3844547,7.190396,0.26555437,4.299938,0.02042726,6.669501
Dominican Republic,DOM,1978,8.626207,7.9940267,0.26510802,4.211139,0.020392925,6.0566983
Dominican Republic,DOM,1979,9.918267,7.9631267,0.2749417,4.3583355,0.16292842,7.453975
Dominican Republic,DOM,1980,12.599686,8.440468,0.31524637,3.1219559,0.2949079,8.826899
Dominican Republic,DOM,1981,11.094061,8.168155,0.3149413,1.3613591,0.20318793,7.314765
Dominican Republic,DOM,1982,10.124162,8.336947,0.31479338,1.1474726,0.1218555,7.17932
Dominican Republic,DOM,1983,12.130314,8.65871,0.3146776,1.0962962,0.01015089,6.6488333
Dominican Republic,DOM,1984,13.527017,8.442969,0.304434,1.1264058,0.0101478,5.023161
Dominican Republic,DOM,1985,12.600776,8.674447,0.31451213,2.0291104,0.020291105,7.629455
Dominican Republic,DOM,1986,12.802038,7.770492,0.28403887,2.2013013,0,8.977658
Dominican Republic,DOM,1987,13.696051,8.684311,0.273921,2.50587,0.060871333,7.872693
Dominican Republic,DOM,1988,15.499007,9.74774,0.25358325,2.5662622,0.05071665,7.4350605
Dominican Republic,DOM,1989,15.997917,10.077269,0.25345245,2.8994958,0.020276194,8.992493
Dominican Republic,DOM,1990,15.622335,10.1717415,0.23301798,2.948184,0.020262433,8.692584
Dominican Republic,DOM,1991,15.63491,9.761693,0.2227772,5.174507,0.03037871,6.258014
Dominican Republic,DOM,1992,16.411385,9.962248,0.21260893,5.7404413,0.04049694,5.9530506
Dominican Republic,DOM,1993,16.854837,10.386225,0.20246053,6.944396,0.030369077,7.0962415
Dominican Republic,DOM,1994,16.980072,9.815655,0.1922654,7.2251315,0.030357696,8.722778
Dominican Republic,DOM,1995,17.436438,9.911665,0.19216493,7.7877364,0.08091155,7.7978506
Dominican Republic,DOM,1996,18.556803,10.006118,0.19203661,7.8735013,0.050535955,7.2872844
Dominican Republic,DOM,1997,19.87723,9.706309,0.16160348,7.87817,0.04040087,8.160976
Dominican Republic,DOM,1998,23.006504,9.655057,0.14139204,8.089644,0.050497156,7.352386
Dominican Republic,DOM,1999,22.354403,7.7846637,0.12116208,7.320209,0.0504842,7.825051
Dominican Republic,DOM,2000,24.835924,8.043165,0.14128521,7.2963724,0.05045901,9.2239065
Dominican Republic,DOM,2001,23.580948,8.132753,0.1412637,7.3961635,0.050451323,9.283043
Dominican Republic,DOM,2002,20.883453,8.236297,0.1312155,7.529752,0.020187002,11.910331
Dominican Republic,DOM,2003,17.41349,7.8784933,0.13130821,7.2320523,0.010100632,9.615803
Dominican Republic,DOM,2004,26.35226,7.634673,0.15168226,5.9156075,0.01011215,9.454861
Dominican Republic,DOM,2005,32.156002,8.0314045,0.18230176,9.307516,0.010127875,9.38854
Dominican Republic,DOM,2006,33.923203,10.401221,0.20295066,11.202876,0,10.411368
Dominican Republic,DOM,2007,35.27456,10.931148,0.2033702,10.412554,0.01016851,10.483734
Dominican Republic,DOM,2008,32.295845,10.622696,0.20369503,10.480109,0.020369502,11.692094
Dominican Republic,DOM,2009,34.62107,10.734979,0.20389324,10.398555,0.010194662,11.642304
Dominican Republic,DOM,2010,26.999971,11.669988,0.20999978,8.639992,0.019999979,7.6999917
Dominican Republic,DOM,2011,27.379992,10.369997,0.19999994,11.829996,0.02999999,8.139998
Dominican Republic,DOM,2012,27.720003,9.630001,0.20000003,9.050001,0.030000003,7.550001
Dominican Republic,DOM,2013,28.489977,9.979992,0.18999985,9.649992,0.029999975,6.2599955
Dominican Republic,DOM,2014,32.400024,8.410006,0.22000015,8.9100065,0.020000014,8.340006
Dominican Republic,DOM,2015,33.02001,9.960004,0.19000007,9.180004,0.0100000035,7.420003
Dominican Republic,DOM,2016,34.8,9.4,0.21,9.68,0.01,8.65
Dominican Republic,DOM,2017,34.76998,6.1199965,0.1899999,10.579994,0.019999988,13.139993
Dominican Republic,DOM,2018,34.260006,6.550001,0.21000002,11.270002,0.010000002,15.050003
Dominican Republic,DOM,2019,34.969994,6.559998,0.19999994,10.779997,0.08999998,14.049996
Dominican Republic,DOM,2020,31.750006,6.280001,0.17000003,11.490002,0.040000007,15.550003
Dominican Republic,DOM,2021,35.85,6.3300004,0.18000002,11.910001,0.030000001,17.46
Dominican Republic,DOM,2022,36.89999,6.209998,0.19999994,16.459993,0.02999999,17.289995
Dominican Republic,DOM,2023,38.63,6.4000006,0.21000001,16.33,0.030000001,17.14
East Timor,TLS,1961,5.3009677,3.4161794,1.659899,11.008879,63.118996,0
East Timor,TLS,1962,5.2896338,3.2724915,1.6523399,10.675833,62.14515,0
East Timor,TLS,1963,5.2531123,3.3194516,1.6865822,10.98964,61.157406,0
East Timor,TLS,1964,5.298237,3.5860016,1.6045474,10.88723,70.19087,0
East Timor,TLS,1965,5.209362,3.815155,1.718441,11.110423,69.02945,0
East Timor,TLS,1966,5.1179953,3.8736625,1.6879646,10.5930605,67.86484,0
East Timor,TLS,1967,5.034204,3.713402,1.4290643,8.206293,66.71132,0
East Timor,TLS,1968,4.9453807,3.6765006,1.3339515,8.719487,65.55884,0
East Timor,TLS,1969,4.8619146,3.730731,1.1094302,8.179329,64.41222,0
East Timor,TLS,1970,4.848783,3.8659215,1.2995613,8.900355,63.285355,0
East Timor,TLS,1971,4.7575912,4.030737,1.3656048,9.658351,62.168056,0
East Timor,TLS,1972,4.676644,4.298058,1.336184,9.965705,61.085876,0
East Timor,TLS,1973,4.5933685,3.9995916,1.2435706,9.029891,60.04989,0
East Timor,TLS,1974,4.533479,3.972405,1.1782557,9.123066,59.23821,0
East Timor,TLS,1975,4.4778724,3.6244166,1.1194681,6.151533,58.51161,0
East Timor,TLS,1976,4.742739,2.7791162,1.0837481,4.935882,49.369553,0
East Timor,TLS,1977,4.660895,2.4224389,0.82792217,4.0067344,45.280186,0
East Timor,TLS,1978,4.7361717,2.1114223,0.5908108,3.1768186,44.533573,0
East Timor,TLS,1979,4.978825,1.8012447,0.30482602,2.7803829,39.137814,0
East Timor,TLS,1980,4.952845,1.984714,0.17880307,2.6909862,33.85636,0
East Timor,TLS,1981,4.8718023,1.7860328,0.22104366,3.2714462,33.306858,0
East Timor,TLS,1982,4.808789,1.6415904,0.2765723,4.014759,32.87641,0
East Timor,TLS,1983,5.198538,1.4931002,0.29133663,5.0710783,32.465824,0
East Timor,TLS,1984,5.3592243,1.3211975,0.34425572,6.16869,32.03439,0
East Timor,TLS,1985,5.4568086,1.2789395,0.36947137,6.953641,34.446102,0
East Timor,TLS,1986,5.3688464,1.3038628,0.34514016,7.4588623,33.93878,0
East Timor,TLS,1987,5.368573,1.2768499,0.36757797,7.2838483,33.40123,0
East Timor,TLS,1988,5.202962,1.4127893,0.36050487,7.7167525,32.844913,0
East Timor,TLS,1989,5.2138658,1.56808,0.39202,9.173267,29.538704,0
East Timor,TLS,1990,5.264471,1.5803291,0.4049593,9.511605,30.460842,0
East Timor,TLS,1991,5.4709454,1.6872076,0.40932253,10.68232,25.697468,0
East Timor,TLS,1992,5.327571,1.6717898,0.46326706,12.608921,25.91274,0
East Timor,TLS,1993,5.4795146,1.7927432,0.48616767,14.119119,21.90793,0
East Timor,TLS,1994,5.2787147,1.4966471,0.57641137,11.073166,22.237345,0
East Timor,TLS,1995,5.5725956,1.6777706,0.6191773,10.915497,18.425518,0
East Timor,TLS,1996,5.4830556,1.8796264,0.66225183,5.7265306,16.80951,0
East Timor,TLS,1997,5.626692,1.7312899,0.69627964,11.940254,17.341125,0
East Timor,TLS,1998,5.556726,2.4344616,0.74210346,10.60665,17.24033,0
East Timor,TLS,1999,6.369913,2.1537824,0.74163264,7.6601505,19.89201,4.0738997
East Timor,TLS,2000,6.8998985,2.6820204,0.3438488,9.650689,23.290024,4.859729
East Timor,TLS,2001,6.5733585,2.2518845,0.3431443,10.337223,22.540293,4.385813
East Timor,TLS,2002,6.033077,2.7608995,0.3783455,10.184651,22.404188,4.233379
East Timor,TLS,2003,5.566194,2.2081614,0.42738602,9.758648,22.966911,4.2026296
East Timor,TLS,2004,5.5475354,1.7277503,0.4787742,9.637933,24.198914,4.5171304
East Timor,TLS,2005,5.472008,1.701469,0.47263023,9.568136,16.86765,4.0436144
East Timor,TLS,2006,5.3369923,1.6782339,0.46907157,9.621179,18.033195,3.575368
East Timor,TLS,2007,5.216609,1.6495206,0.46392766,9.660006,18.309679,3.175327
East Timor,TLS,2008,5.105426,1.6373975,0.4678279,8.8989,18.4792,3.5493898
East Timor,TLS,2009,5.004538,1.6279824,0.4622666,9.0644455,18.95293,3.8790195
East Timor,TLS,2010,4.7899647,1.4799892,0.45999664,9.059934,17.60987,5.1799617
East Timor,TLS,2011,4.809991,1.4999973,0.4799991,10.069982,17.829967,5.939989
East Timor,TLS,2012,4.6999545,1.5199852,0.50999504,10.699896,17.929827,6.9299326
East Timor,TLS,2013,5.539966,1.5299907,0.53999674,11.069932,15.039908,6.4999604
East Timor,TLS,2014,4.7999473,1.7699805,0.52999413,11.709871,13.679851,6.989923
East Timor,TLS,2015,5.869985,1.9099952,0.45999888,11.659971,16.959957,6.1199846
East Timor,TLS,2016,7.029978,1.6999946,0.38999873,11.139965,17.009945,6.4099793
East Timor,TLS,2017,10.409908,1.8699836,0.3499969,10.689905,17.01985,8.059929
East Timor,TLS,2018,8.079987,1.7099973,0.3699994,10.769983,17.009974,6.33999
East Timor,TLS,2019,8.959958,1.7899916,0.37999824,11.309948,14.439932,7.6299644
East Timor,TLS,2020,9.149993,1.5999988,0.44999966,9.849994,11.399991,7.4499946
East Timor,TLS,2021,4.7399926,1.4699979,0.47999927,6.9999895,12.309982,7.1399894
East Timor,TLS,2022,5.170004,1.5400012,0.48000035,10.380008,12.740009,7.040005
East Timor,TLS,2023,5.129993,1.6699976,0.36999947,12.119983,12.529982,6.96999
Eastern Africa (FAO),,1961,1.38,8.33,2.76,0.55,1.52,3.28
Eastern Africa (FAO),,1962,1.38,8.04,2.78,0.56,1.52,3.51
Eastern Africa (FAO),,1963,1.36,7.78,2.64,0.57,1.51,3.85
Eastern Africa (FAO),,1964,1.37,7.53,2.61,0.59,1.52,4.21
Eastern Africa (FAO),,1965,1.38,7.3,2.55,0.58,1.53,4.48
Eastern Africa (FAO),,1966,1.44,7.59,2.54,0.58,1.53,4.62
Eastern Africa (FAO),,1967,1.48,7.45,2.49,0.6,1.54,5
Eastern Africa (FAO),,1968,1.49,7.58,2.41,0.63,1.55,5.43
Eastern Africa (FAO),,1969,1.6,7.56,2.32,0.61,1.53,5.4
Eastern Africa (FAO),,1970,1.65,7.67,2.22,0.59,1.51,5.7
Eastern Africa (FAO),,1971,1.68,6.93,2.15,0.62,1.48,5.67
Eastern Africa (FAO),,1972,1.7,6.91,2.09,0.68,1.47,5.7
Eastern Africa (FAO),,1973,1.72,6.91,2.01,0.66,1.48,5.6
Eastern Africa (FAO),,1974,1.69,6.62,1.82,0.64,1.49,5.48
Eastern Africa (FAO),,1975,1.74,6.35,1.88,0.61,1.49,5.78
Eastern Africa (FAO),,1976,1.76,6.43,1.92,0.55,1.46,5.67
Eastern Africa (FAO),,1977,1.83,6.61,1.94,0.58,1.47,6.33
Eastern Africa (FAO),,1978,1.86,7.23,1.97,0.61,1.47,5.74
Eastern Africa (FAO),,1979,1.88,6.8,1.93,0.58,1.46,5.04
Eastern Africa (FAO),,1980,1.78,6.69,1.86,0.62,1.46,5.23
Eastern Africa (FAO),,1981,1.73,6.48,1.85,0.67,1.46,4.99
Eastern Africa (FAO),,1982,1.72,6.58,1.84,0.62,1.46,5.2
Eastern Africa (FAO),,1983,1.69,6.4,1.76,0.64,1.45,5.33
Eastern Africa (FAO),,1984,1.57,6.08,1.78,0.66,1.46,5.68
Eastern Africa (FAO),,1985,1.68,6.06,1.82,0.64,1.45,5.4
Eastern Africa (FAO),,1986,1.71,6.47,1.72,0.67,1.44,5.75
Eastern Africa (FAO),,1987,1.62,5.72,1.67,0.78,1.41,5.99
Eastern Africa (FAO),,1988,1.65,5.79,1.69,0.77,1.4,6.18
Eastern Africa (FAO),,1989,1.66,5.87,1.68,0.87,1.39,5.85
Eastern Africa (FAO),,1990,1.55,5.82,1.68,0.96,1.38,6.35
Eastern Africa (FAO),,1991,1.56,5.91,1.69,0.96,1.37,5.34
Eastern Africa (FAO),,1992,1.56,5.78,1.67,0.97,1.3,5.38
Eastern Africa (FAO),,1993,1.4,5.64,1.23,0.97,0.92,5.19
Eastern Africa (FAO),,1994,1.37,5.45,1.21,0.97,0.92,4.82
Eastern Africa (FAO),,1995,1.41,5.4,1.19,1.49,0.91,4.84
Eastern Africa (FAO),,1996,1.4,5.29,1.17,1.5,0.92,4.42
Eastern Africa (FAO),,1997,1.42,5.23,1.15,1.52,0.91,4.68
Eastern Africa (FAO),,1998,1.43,5.22,1.12,1.41,0.91,4.3
Eastern Africa (FAO),,1999,1.4,5.57,1.17,1.36,0.92,4.31
Eastern Africa (FAO),,2000,1.45,5.25,1.15,1.31,0.89,4.23
Eastern Africa (FAO),,2001,1.67,5.05,1.22,1.3,0.94,3.76
Eastern Africa (FAO),,2002,1.65,5.27,1.25,1.24,0.99,3.49
Eastern Africa (FAO),,2003,1.62,5.27,1.26,1.17,1.01,3.74
Eastern Africa (FAO),,2004,1.61,5.22,1.31,1.23,1.03,4.12
Eastern Africa (FAO),,2005,1.62,5.53,1.3,1.31,1.02,4.39
Eastern Africa (FAO),,2006,1.55,5.69,1.35,1.26,1.02,4.3
Eastern Africa (FAO),,2007,1.59,5.57,1.43,1.34,1.18,4.72
Eastern Africa (FAO),,2008,1.63,5.7,1.39,1.38,1.17,4.26
Eastern Africa (FAO),,2009,1.72,5.6,1.39,1.35,1.14,4.63
Eastern Africa (FAO),,2010,1.74,6.96,1.53,1.08,1.17,4.67
Eastern Africa (FAO),,2011,1.81,6.81,1.52,1.15,1.15,4.92
Eastern Africa (FAO),,2012,1.9,6.43,1.5,1.28,1.1,5.04
Eastern Africa (FAO),,2013,1.88,6.51,1.5,1.21,1.09,5.23
Eastern Africa (FAO),,2014,1.94,6.24,1.56,1.28,1.11,5.41
Eastern Africa (FAO),,2015,2.05,6.41,1.54,1.33,1.11,5.59
Eastern Africa (FAO),,2016,2.01,6.34,1.5,1.39,1.11,5.56
Eastern Africa (FAO),,2017,2.17,6.24,1.35,1.42,1.07,5.64
Eastern Africa (FAO),,2018,2.37,6.11,1.37,1.34,1.05,5.52
Eastern Africa (FAO),,2019,2.15,5.78,1.67,1.43,1.02,5.8
Eastern Africa (FAO),,2020,2.18,5.73,1.77,1.69,0.98,5.73
Eastern Africa (FAO),,2021,2.36,5.8,1.6,1.57,0.92,5.83
Eastern Africa (FAO),,2022,2.47,5.67,1.5,1.9,0.87,5.68
Eastern Africa (FAO),,2023,2.29,5.73,1.6,1.68,0.92,5.53
Eastern Asia (FAO),,1961,1.06,0.39,0.23,2.36,0.42,10.76
Eastern Asia (FAO),,1962,1.11,0.41,0.22,2.98,0.47,10.87
Eastern Asia (FAO),,1963,1.15,0.5,0.28,4.76,0.43,10.97
Eastern Asia (FAO),,1964,1.17,0.59,0.31,6.12,0.43,10.3
Eastern Asia (FAO),,1965,1.22,0.58,0.32,6.86,0.43,10.97
Eastern Asia (FAO),,1966,1.26,0.51,0.39,7.45,0.43,10.96
Eastern Asia (FAO),,1967,1.34,0.52,0.4,7.73,0.41,11.23
Eastern Asia (FAO),,1968,1.4,0.53,0.41,7.43,0.38,11.61
Eastern Asia (FAO),,1969,1.49,0.59,0.43,7.12,0.37,11.32
Eastern Asia (FAO),,1970,1.57,0.63,0.41,7.06,0.34,11.32
Eastern Asia (FAO),,1971,1.65,0.67,0.43,7.91,0.34,12.02
Eastern Asia (FAO),,1972,1.77,0.71,0.47,8.54,0.35,12.55
Eastern Asia (FAO),,1973,1.82,0.74,0.46,8.54,0.34,12.78
Eastern Asia (FAO),,1974,1.88,0.72,0.44,8.44,0.33,13.32
Eastern Asia (FAO),,1975,1.89,0.8,0.49,8.45,0.31,13.43
Eastern Asia (FAO),,1976,2.04,0.78,0.47,8.37,0.3,13.73
Eastern Asia (FAO),,1977,2.2,0.82,0.48,8.4,0.31,13.27
Eastern Asia (FAO),,1978,2.36,0.91,0.5,9.05,0.31,13.18
Eastern Asia (FAO),,1979,2.46,0.99,0.53,10.97,0.28,12.67
Eastern Asia (FAO),,1980,2.53,0.95,0.54,11.9,0.28,12.74
Eastern Asia (FAO),,1981,2.57,1.01,0.57,12.18,0.27,12.9
Eastern Asia (FAO),,1982,2.67,1.04,0.6,12.71,0.27,13.24
Eastern Asia (FAO),,1983,2.77,1.1,0.61,13,0.29,13.48
Eastern Asia (FAO),,1984,2.81,1.15,0.63,13.93,0.29,14.18
Eastern Asia (FAO),,1985,2.9,1.2,0.62,15.51,0.3,14.95
Eastern Asia (FAO),,1986,3.2,1.35,0.64,15.72,0.31,15.94
Eastern Asia (FAO),,1987,3.52,1.52,0.7,16.48,0.32,17.05
Eastern Asia (FAO),,1988,3.96,1.62,0.75,17.54,0.31,17.57
Eastern Asia (FAO),,1989,4.01,1.73,0.86,18.06,0.29,17.9
Eastern Asia (FAO),,1990,4.24,1.83,0.93,18.78,0.26,17.92
Eastern Asia (FAO),,1991,4.8,2,1,19.55,0.28,17.58
Eastern Asia (FAO),,1992,5.27,2.39,1.04,20.59,0.44,18.77
Eastern Asia (FAO),,1993,6.09,2.69,1.1,21.19,0.43,20.76
Eastern Asia (FAO),,1994,6.58,2.95,1.17,22.51,0.48,23.41
Eastern Asia (FAO),,1995,7.7,3.32,1.33,23.03,0.6,25.99
Eastern Asia (FAO),,1996,7.73,3.52,1.37,23.1,0.61,27.28
Eastern Asia (FAO),,1997,8.52,4.05,1.57,23.67,0.57,27.24
Eastern Asia (FAO),,1998,9.12,4.29,1.71,24.96,0.6,27.41
Eastern Asia (FAO),,1999,9.94,4.52,1.81,25.46,0.61,28.05
Eastern Asia (FAO),,2000,10.5,4.81,1.89,26.91,0.62,28.72
Eastern Asia (FAO),,2001,10.21,4.65,1.9,26.84,0.72,28.7
Eastern Asia (FAO),,2002,10.29,4.72,1.97,27.46,0.81,29.39
Eastern Asia (FAO),,2003,10.57,4.9,2.11,28.63,0.84,29.72
Eastern Asia (FAO),,2004,10.32,4.74,2.25,28.68,0.9,30.32
Eastern Asia (FAO),,2005,11.12,4.79,2.36,29.49,0.94,30.71
Eastern Asia (FAO),,2006,11.41,4.83,2.42,30.46,0.99,31.28
Eastern Asia (FAO),,2007,12.02,5.06,2.54,30.76,1.03,32.22
Eastern Asia (FAO),,2008,12.61,5.06,2.53,32.18,1.03,33.16
Eastern Asia (FAO),,2009,12.92,5.25,2.6,33.02,1.08,34.24
Eastern Asia (FAO),,2010,13,5.29,2.43,35.44,1.13,34.54
Eastern Asia (FAO),,2011,13.35,5.22,2.53,34.17,1.15,34.92
Eastern Asia (FAO),,2012,13.55,5.27,2.67,34.63,1.1,35.72
Eastern Asia (FAO),,2013,13.83,5.44,2.83,35.08,1.13,36.54
Eastern Asia (FAO),,2014,13.22,5.49,2.9,36.78,1.14,37.96
Eastern Asia (FAO),,2015,12.97,5.59,2.91,37.33,1.14,39.23
Eastern Asia (FAO),,2016,13.68,5.69,3.01,37.75,1.05,39.42
Eastern Asia (FAO),,2017,13.65,5.94,3.09,37.51,0.86,39.78
Eastern Asia (FAO),,2018,14.8,6.36,3.14,36.53,0.86,39.85
Eastern Asia (FAO),,2019,15.71,7.03,3.25,35.46,0.87,40.83
Eastern Asia (FAO),,2020,17.85,7.83,3.34,29.45,0.88,41.19
Eastern Asia (FAO),,2021,18.09,8.15,3.49,34.91,0.88,41.53
Eastern Asia (FAO),,2022,18.55,8.1,3.53,38.29,0.84,41.58
Eastern Asia (FAO),,2023,19.71,8.31,3.65,39.87,0.82,41.66
Eastern Europe (FAO),,1961,3.71,12.56,3.81,20.34,1.28,11.5
Eastern Europe (FAO),,1962,3.75,14.13,3.99,21,1.11,12.56
Eastern Europe (FAO),,1963,3.66,15.11,4.07,21.3,1.01,13.72
Eastern Europe (FAO),,1964,3.11,14.99,3.83,16.82,0.94,14.91
Eastern Europe (FAO),,1965,3.37,16.16,3.67,21.76,0.74,16.08
Eastern Europe (FAO),,1966,3.58,16.89,3.4,22.55,0.7,16.35
Eastern Europe (FAO),,1967,3.72,18.66,3.7,22,0.71,17.42
Eastern Europe (FAO),,1968,3.93,20.2,3.66,21.39,0.86,17.84
Eastern Europe (FAO),,1969,4.21,20.41,3.48,20.55,1.05,19.17
Eastern Europe (FAO),,1970,5.07,20.13,3.59,20.9,1.05,20.46
Eastern Europe (FAO),,1971,5.57,20.49,3.49,23.28,0.99,19.18
Eastern Europe (FAO),,1972,5.77,20.4,3.27,26.21,1.13,21.68
Eastern Europe (FAO),,1973,6.06,20.85,3.32,27.4,1.14,22.31
Eastern Europe (FAO),,1974,6.69,23.47,3.35,25.79,1.13,23.29
Eastern Europe (FAO),,1975,7.03,23.85,3.24,28.4,1.21,23.85
Eastern Europe (FAO),,1976,6.82,24.22,2.97,26.73,1.07,22.52
Eastern Europe (FAO),,1977,7.96,25.45,2.96,24.47,1.02,21.08
Eastern Europe (FAO),,1978,8.54,24.41,3.01,26.61,0.99,21.19
Eastern Europe (FAO),,1979,9.37,24.5,3.02,27.14,1.11,21.49
Eastern Europe (FAO),,1980,9.72,24.04,3.11,26.95,0.92,21.73
Eastern Europe (FAO),,1981,10.35,23.3,3.1,25.67,0.89,22.87
Eastern Europe (FAO),,1982,10.21,22.92,2.96,25.59,0.85,22.84
Eastern Europe (FAO),,1983,10.53,24.13,2.95,27.16,0.9,22.39
Eastern Europe (FAO),,1984,10.59,24.69,2.92,27.16,0.87,23.82
Eastern Europe (FAO),,1985,11.07,24.56,2.96,27.68,0.91,24.51
Eastern Europe (FAO),,1986,11.6,25.89,3.17,26.69,0.91,25.13
Eastern Europe (FAO),,1987,12.02,26.54,3.15,28.18,0.9,24.24
Eastern Europe (FAO),,1988,12.07,27.05,3.23,29.56,0.91,23.4
Eastern Europe (FAO),,1989,12,27.69,3.31,29.93,0.9,22.46
Eastern Europe (FAO),,1990,12.65,28.35,3.31,28.98,0.81,20.32
Eastern Europe (FAO),,1991,11.34,26.57,3.09,26.98,0.82,17.91
Eastern Europe (FAO),,1992,10.53,23.69,1.86,28.67,0.63,12.38
Eastern Europe (FAO),,1993,10.07,22.04,1.85,27.23,0.66,9.65
Eastern Europe (FAO),,1994,10.09,20.71,1.64,24.22,0.68,8.66
Eastern Europe (FAO),,1995,10.54,17.81,1.46,24.5,0.77,12.31
Eastern Europe (FAO),,1996,9.92,16.75,1.33,24.41,0.71,13.78
Eastern Europe (FAO),,1997,11.08,16.72,1.18,21.64,0.71,14.92
Eastern Europe (FAO),,1998,10.75,15.35,1.07,23.25,0.91,15.28
Eastern Europe (FAO),,1999,9.37,13.79,0.94,23.38,0.78,13.36
Eastern Europe (FAO),,2000,11.06,12.65,0.91,21.74,0.77,13.17
Eastern Europe (FAO),,2001,14.4,12.37,0.86,20.91,0.74,13.47
Eastern Europe (FAO),,2002,16.09,13.19,0.88,22.37,0.77,12.84
Eastern Europe (FAO),,2003,15.99,13.52,0.8,23.59,0.76,13.12
Eastern Europe (FAO),,2004,16.91,13.18,0.86,22.5,0.86,12.92
Eastern Europe (FAO),,2005,18.1,13.53,0.84,22.51,0.96,14.7
Eastern Europe (FAO),,2006,19.5,13.44,0.85,23.78,1.07,14.63
Eastern Europe (FAO),,2007,20.69,12.92,0.91,25.59,1.18,16.91
Eastern Europe (FAO),,2008,21.6,13.34,0.95,26.95,1.57,17.57
Eastern Europe (FAO),,2009,22.45,12.45,1.01,26.38,1.64,17.2
Eastern Europe (FAO),,2010,22.75,12.2,1.04,28.09,1.79,16.63
Eastern Europe (FAO),,2011,22.99,11.62,1.06,28.81,1.83,16.24
Eastern Europe (FAO),,2012,25.24,12.07,1.06,29.21,1.9,17.07
Eastern Europe (FAO),,2013,25.64,11.92,1.06,28.94,2.03,17.22
Eastern Europe (FAO),,2014,25.99,11.42,1.07,28.56,2.09,16.36
Eastern Europe (FAO),,2015,26.86,10.34,1.05,29.29,2.26,14.53
Eastern Europe (FAO),,2016,27.58,9.88,1.05,30.32,2,15.19
Eastern Europe (FAO),,2017,28.69,9.69,1.06,30.96,2.04,15.25
Eastern Europe (FAO),,2018,28.02,9.81,1.06,31.57,2.16,16.11
Eastern Europe (FAO),,2019,28.77,9.89,0.96,31.67,1.84,16.39
Eastern Europe (FAO),,2020,28.79,9.73,1,32.14,1.95,16.12
Eastern Europe (FAO),,2021,28.33,9.34,1.03,33.04,2.04,17.12
Eastern Europe (FAO),,2022,30.23,9.15,1.03,33.31,2.24,17.31
Eastern Europe (FAO),,2023,31.34,9.31,1.06,34.39,2.27,17.5
Ecuador,ECU,1961,0.9836238,7.8886633,1.3869095,6.383718,0.77706283,6.0689588
Ecuador,ECU,1962,1.0033602,7.751449,1.3673241,6.5316777,0.75743854,6.482494
Ecuador,ECU,1963,1.0719731,8.457769,1.3473423,5.0254884,0.74743074,7.739842
Ecuador,ECU,1964,1.1111463,8.407346,1.3274757,5.1624055,0.7276533,6.1260543
Ecuador,ECU,1965,1.2383916,8.491829,1.2973628,5.287736,0.70765245,6.4474998
Ecuador,ECU,1966,1.2082199,8.49683,1.2671573,5.186505,0.6876048,5.6481824
Ecuador,ECU,1967,1.2661527,8.372313,1.2661527,5.074426,0.6772445,5.565183
Ecuador,ECU,1968,1.2357365,8.591311,1.2553513,5.021405,0.657098,6.217912
Ecuador,ECU,1969,1.3030151,8.876179,1.2344353,4.898553,0.646609,4.340118
Ecuador,ECU,1970,1.5073775,10.062235,1.2137326,4.8647184,0.6264426,7.5368876
Ecuador,ECU,1971,1.6621778,8.516216,1.2026345,4.830093,0.606206,7.421135
Ecuador,ECU,1972,1.7578081,8.535135,1.1914034,4.843738,0.58593607,7.2949038
Ecuador,ECU,1973,1.6485081,8.359593,1.1607838,5.052823,0.48772424,8.603456
Ecuador,ECU,1974,1.8999517,9.275661,1.1594577,5.2711477,0.44819373,9.451041
Ecuador,ECU,1975,1.8494834,9.481036,1.1680949,5.519248,0.5451109,9.821731
Ecuador,ECU,1976,2.0907025,9.296332,1.1669037,5.7664485,0.544555,9.140745
Ecuador,ECU,1977,2.4484105,9.822789,0.6606822,6.004435,0.5246594,10.648643
Ecuador,ECU,1978,2.6110072,10.948758,0.6503252,6.6391406,0.5144363,11.608789
Ecuador,ECU,1979,2.5890923,11.103036,0.65939426,7.1369734,0.5139396,12.819401
Ecuador,ECU,1980,2.4794676,9.026812,0.63923776,7.661167,0.49395642,13.210914
Ecuador,ECU,1981,2.9697351,9.044633,0.6868117,6.355427,0.4836702,11.501678
Ecuador,ECU,1982,3.2169688,9.109915,0.6569185,6.5691857,0.47336778,11.438111
Ecuador,ECU,1983,3.463534,9.184637,0.66569316,6.618341,0.4630909,12.233318
Ecuador,ECU,1984,4.0464435,9.162305,0.5973322,6.830783,0.45281634,12.717395
Ecuador,ECU,1985,4.7258835,9.509518,0.5967511,7.016638,0.6641262,10.472019
Ecuador,ECU,1986,5.7262363,9.412201,0.4908203,7.112082,0.7506663,8.834765
Ecuador,ECU,1987,5.3732796,9.485091,0.45258808,6.9043756,0.7125855,8.127326
Ecuador,ECU,1988,5.4565706,10.247941,0.4241857,6.5363164,0.68448144,8.127013
Ecuador,ECU,1989,5.8114195,9.556985,0.44406196,6.2844424,0.71436054,7.298062
Ecuador,ECU,1990,6.688969,9.550146,0.4639747,6.746966,0.73462665,6.6309724
Ecuador,ECU,1991,7.134917,10.581363,0.44532725,7.134917,0.8035252,7.2801323
Ecuador,ECU,1992,7.369063,10.355473,0.45571837,7.4951124,0.7950831,6.9133444
Ecuador,ECU,1993,7.247132,11.317572,0.54402065,7.2859907,0.7188844,7.052839
Ecuador,ECU,1994,9.086173,11.218941,0.57458115,7.4013844,0.7109225,6.291177
Ecuador,ECU,1995,9.235942,12.848308,0.62484175,7.6836004,0.71271014,7.068522
Ecuador,ECU,1996,12.74005,12.994459,0.616454,8.757561,0.7045189,8.209602
Ecuador,ECU,1997,14.847889,12.984547,0.6276518,8.934231,0.6963012,8.385036
Ecuador,ECU,1998,8.915131,13.023757,0.94360805,8.227083,0.7077061,8.423668
Ecuador,ECU,1999,11.764023,13.202505,0.7783567,8.857501,0.71924096,7.1332936
Ecuador,ECU,2000,15.002997,13.47208,0.8099051,8.958341,0.6815055,6.5582557
Ecuador,ECU,2001,15.809523,14.552284,0.88105667,10.909264,0.6731669,4.5240774
Ecuador,ECU,2002,15.768727,15.461287,0.88265204,11.176954,0.7041381,4.254581
Ecuador,ECU,2003,15.978937,15.412871,1.2016479,11.649032,0.6753062,6.3955474
Ecuador,ECU,2004,15.429107,15.220337,0.9245534,12.05896,0.6660761,6.233279
Ecuador,ECU,2005,15.333027,15.124075,0.7562038,11.98981,0.66665334,6.457582
Ecuador,ECU,2006,21.464891,15.003522,0.7466915,11.857461,0.64713264,6.8396945
Ecuador,ECU,2007,23.639294,16.340387,0.67711544,13.472605,0.6273275,7.2092876
Ecuador,ECU,2008,22.86044,17.075634,0.66709477,15.034524,0.66709477,8.05492
Ecuador,ECU,2009,21.119867,17.944921,0.6568856,12.470874,0.67679125,8.260835
Ecuador,ECU,2010,22.79999,17.309992,0.44999978,12.939994,0.6499997,8.519997
Ecuador,ECU,2011,21.749998,17.549997,0.42999998,13.669999,0.6399999,8.629999
Ecuador,ECU,2012,21.299994,17.079994,0.4299999,13.6799965,0.6299998,8.819997
Ecuador,ECU,2013,21.679996,16.539999,0.43999994,14.369998,0.61999995,8.849999
Ecuador,ECU,2014,21.47999,14.499993,0.36999986,19.039993,0.61999977,8.869996
Ecuador,ECU,2015,20.950003,13.270001,0.34000003,18.370003,0.6100001,8.050001
Ecuador,ECU,2016,20.529999,12.909999,0.33999997,15.559999,0.60999995,8.619999
Ecuador,ECU,2017,20.310005,13.0700035,0.3000001,15.420004,0.6000002,7.400002
Ecuador,ECU,2018,19.41001,12.620007,0.29000014,16.370008,0.5900003,5.650003
Ecuador,ECU,2019,18.590002,13.300002,0.30000004,13.960002,0.58000004,6.690001
Ecuador,ECU,2020,25.880003,13.850002,0.37000006,12.610002,0.58000004,6.610001
Ecuador,ECU,2021,27.889992,12.989996,0.40999988,12.469996,0.5799998,6.559998
Ecuador,ECU,2022,29.1,12.18,0.41,11.69,0.58,6.51
Ecuador,ECU,2023,31.510002,11.790001,0.42000002,11.940001,0.58000004,6.4500003
Egypt,EGY,1961,2.513478,6.2367625,1.3975354,0.041717473,0.9803607,3.900584
Egypt,EGY,1962,2.4748783,6.1088767,1.2844305,0.041770097,0.9815973,4.584268
Egypt,EGY,1963,2.4460237,6.177778,1.2230119,0.052265465,1.01395,4.1080656
Egypt,EGY,1964,2.4065366,6.1942163,1.2346579,0.03138961,1.0149307,4.7607574
Egypt,EGY,1965,2.4197204,6.1802387,1.3931725,0.03142494,1.0160731,3.6138682
Egypt,EGY,1966,2.3176944,6.439205,1.6569942,0.031461913,1.027756,4.257846
Egypt,EGY,1967,2.2990115,6.0047235,1.4276966,0.031493306,1.0497769,3.2438104
Egypt,EGY,1968,2.2582664,6.8063097,1.2604278,0.031510692,0.8507887,2.9935157
Egypt,EGY,1969,2.2580597,6.469603,1.3968462,0.042010408,0.8822186,2.7831898
Egypt,EGY,1970,2.3616428,6.287218,1.3540086,0.041984763,0.88168,2.6555362
Egypt,EGY,1971,2.4115572,6.374899,1.4364493,0.031455092,0.8283175,2.8204734
Egypt,EGY,1972,2.5011787,6.3942266,1.3500085,0.031395547,0.8686101,2.7418776
Egypt,EGY,1973,2.3176482,6.2847934,1.3049821,0.041759424,0.81430876,2.766562
Egypt,EGY,1974,2.363523,6.1847253,1.2390275,0.04164798,0.7913116,3.1756585
Egypt,EGY,1975,2.4293058,6.3743324,1.183508,0.041526597,0.7474788,3.8515918
Egypt,EGY,1976,2.4337025,6.8454356,1.1081114,0.062137086,0.7663574,4.5049386
Egypt,EGY,1977,2.6548357,6.611264,1.229282,0.0516505,0.7334371,3.7704868
Egypt,EGY,1978,2.6774845,6.8790755,1.0503978,0.051490087,0.7414573,4.489936
Egypt,EGY,1979,2.9972212,6.476872,1.0572389,0.05132228,0.7493053,4.300807
Egypt,EGY,1980,3.884869,7.1256676,1.1756841,0.061340038,0.76675045,4.631173
Egypt,EGY,1981,4.772979,7.480041,1.2822927,0.061061557,0.94645417,5.2920017
Egypt,EGY,1982,4.3844323,7.523402,1.3264679,0.060754254,1.3365937,5.508386
Egypt,EGY,1983,5.3115563,8.721817,1.4787856,0.05029883,1.4888453,6.0459194
Egypt,EGY,1984,6.312642,7.711012,1.5282186,0.04994179,1.6980208,6.3326187
Egypt,EGY,1985,5.795341,7.6609645,1.5778412,0.059541173,1.7961588,6.2915177
Egypt,EGY,1986,5.4500785,7.859171,1.6192261,0.05923998,1.5896062,6.7632313
Egypt,EGY,1987,6.1061687,7.9645686,1.6322448,0.0589968,1.4060904,6.450317
Egypt,EGY,1988,4.9912605,7.6826267,1.8007686,0.04893393,1.5267385,7.2715816
Egypt,EGY,1989,4.614322,7.505575,1.5381075,0.077878855,1.567312,7.4666357
Egypt,EGY,1990,4.3219924,7.688901,1.4085064,0.038589217,1.5146267,8.219503
Egypt,EGY,1991,4.7322226,7.6002364,1.2332458,0.038240183,1.5869676,7.734077
Egypt,EGY,1992,4.8230557,7.4624453,1.2437408,0.047471024,1.5950264,8.12704
Egypt,EGY,1993,4.9112506,7.399869,1.2820156,0.047132924,1.4611206,7.4375753
Egypt,EGY,1994,5.246886,8.919706,1.3679382,0.0468472,1.5272186,8.376279
Egypt,EGY,1995,5.7671714,8.944241,1.3882205,0.046584584,1.5093405,8.33864
Egypt,EGY,1996,5.811261,8.471281,1.3531805,0.046341795,1.520011,9.759582
Egypt,EGY,1997,7.385213,9.238431,1.3737787,0.046099953,1.4751985,9.376731
Egypt,EGY,1998,7.1374154,9.629556,1.3743418,0.11910962,1.4476401,11.29709
Egypt,EGY,1999,7.7184515,9.547943,1.1377435,0.04550974,1.5382292,12.478771
Egypt,EGY,2000,7.9726434,10.044988,1.0497464,0.045247693,1.5927187,13.384267
Egypt,EGY,2001,8.156084,7.0668054,1.0712737,0.0180046,1.7284415,13.755514
Egypt,EGY,2002,8.107937,7.7495747,1.0302904,0.017918093,1.6126283,12.981658
Egypt,EGY,2003,8.10672,8.124556,0.90966487,0.026754849,1.4893533,13.814421
Egypt,EGY,2004,8.011466,9.086175,0.7194332,0.017763782,1.465512,14.175499
Egypt,EGY,2005,7.912297,9.903647,1.0797542,0.017700888,1.4514729,14.399673
Egypt,EGY,2006,8.64061,11.6679125,1.2797635,0.026477862,1.5445421,15.48955
Egypt,EGY,2007,9.58304,12.498467,1.5237738,0.044039704,1.3740387,15.827869
Egypt,EGY,2008,8.6952505,10.453644,1.7847683,0.035167847,1.406714,15.992579
Egypt,EGY,2009,9.414632,11.213327,1.6670831,0.008774121,1.2810218,16.039095
Egypt,EGY,2010,10.75,11.39,1.35,0.01,0.97,19.64
Egypt,EGY,2011,10.14,11.08,1.34,0.01,1.01,19.3
Egypt,EGY,2012,11.02,11.27,1.34,0.01,1,19.43
Egypt,EGY,2013,12.339999,11.369999,1.33,0.01,0.98999995,19.04
Egypt,EGY,2014,12.5199995,11.379999,1.3899999,0.009999999,1.2699999,22.409998
Egypt,EGY,2015,12.200001,13.420001,1.4300001,0.010000001,1.3000001,21.850002
Egypt,EGY,2016,12.270001,11.520001,1.3100001,0.010000001,1.2900001,21.720001
Egypt,EGY,2017,14.990001,10.310001,0.9100001,0.010000001,1.3000001,21.600002
Egypt,EGY,2018,16.17,11.86,0.71,0.01,1.25,23.94
Egypt,EGY,2019,15.46,8.97,0.51,0.01,1.05,25.72
Egypt,EGY,2020,19.48,7.78,0.64,0.01,0.96,24.1
Egypt,EGY,2021,22.7,7.16,0.65,0.01,1.1,21.16
Egypt,EGY,2022,17.9,7.39,0.69,0.01,1.09,20.85
Egypt,EGY,2023,18.95,7.08,0.56,0.01,1.03,20.5
El Salvador,SLV,1961,0.986198,7.003002,0.029884787,4.05437,0,1.3946234
El Salvador,SLV,1962,1.0006067,6.784113,0.030018197,3.94239,0,1.6910253
El Salvador,SLV,1963,1.01611,6.821016,0.030181484,3.8531694,0,1.7203447
El Salvador,SLV,1964,1.0308516,6.3872375,0.030319165,3.7292573,0,2.1526608
El Salvador,SLV,1965,1.0443342,6.0632215,0.0304175,3.6501,0,2.4536784
El Salvador,SLV,1966,1.0561289,6.336773,0.030465255,3.5441248,0,1.8583807
El Salvador,SLV,1967,1.0974858,6.0260096,0.030485714,3.434724,0,1.5649333
El Salvador,SLV,1968,1.1279298,5.57868,0.030484589,3.3329818,0,1.6766524
El Salvador,SLV,1969,1.1691357,5.8558455,0.020332795,3.171916,0,2.3891034
El Salvador,SLV,1970,1.1914307,5.427629,0.020366337,3.1058664,0,1.6496733
El Salvador,SLV,1971,1.1331803,5.747572,0.020417662,2.899308,0,1.8375896
El Salvador,SLV,1972,1.1055946,5.548447,0.020473974,3.316784,0,1.4127042
El Salvador,SLV,1973,1.0663896,6.2855463,0.020507492,3.3427212,0,1.7636443
El Salvador,SLV,1974,1.1190307,8.202803,0.020532673,3.326293,0,1.7760762
El Salvador,SLV,1975,1.5200666,6.4602833,0.02054144,3.379067,0,1.8281882
El Salvador,SLV,1976,1.9825727,6.6051517,0.020544795,3.3488016,0,1.5203149
El Salvador,SLV,1977,2.8939154,6.701159,0.020524222,3.3762348,0,1.570103
El Salvador,SLV,1978,3.328307,6.687337,0.020481888,3.4307163,0,1.7307197
El Salvador,SLV,1979,3.5486963,6.637187,0.030680371,3.5486963,0,2.0249045
El Salvador,SLV,1980,2.9154494,7.185967,0.020531334,3.7777658,0,2.1352587
El Salvador,SLV,1981,3.5008345,5.9244885,0.020714995,2.9518867,0,3.5422642
El Salvador,SLV,1982,3.5446465,5.6755924,0.020789715,2.8793755,0,1.9126538
El Salvador,SLV,1983,3.9018493,5.5060577,0.031049198,2.8565261,0,0.9935743
El Salvador,SLV,1984,4.785679,6.061859,0.020583563,2.7581975,0,1.7598947
El Salvador,SLV,1985,5.040085,5.3774543,0.020446593,2.8216298,0,2.627387
El Salvador,SLV,1986,5.8885527,5.370766,0.020305352,2.8529022,0,2.9442763
El Salvador,SLV,1987,5.7565966,3.5789697,0.02016321,2.853094,0,2.7623599
El Salvador,SLV,1988,6.1849623,4.143324,0.02001606,2.5520475,0,1.9115336
El Salvador,SLV,1989,7.1493254,5.0810924,0.019886857,1.9190817,0,2.0284593
El Salvador,SLV,1990,6.0073547,4.8989134,0.019793589,2.1970885,0,1.880391
El Salvador,SLV,1991,6.4763374,4.44261,0.01974493,2.0238554,0.009872465,2.1423252
El Salvador,SLV,1992,7.1531568,4.291894,0.019732846,2.1804795,0.009866423,2.5554035
El Salvador,SLV,1993,7.7923465,4.9246044,0.019777527,2.1260843,0.009888764,2.1458619
El Salvador,SLV,1994,6.578133,5.5745206,0.019873513,2.3550112,0.05962054,2.4444423
El Salvador,SLV,1995,6.9429264,6.4441533,0.019950937,2.1048238,0.039901875,2.912837
El Salvador,SLV,1996,6.982061,6.812011,0.020005904,2.310682,0.010002952,2.4107115
El Salvador,SLV,1997,7.353089,7.733766,0.020035664,2.0636733,0.010017832,2.4243155
El Salvador,SLV,1998,8.259916,6.525735,0.02004834,2.3957767,0.01002417,1.8143748
El Salvador,SLV,1999,7.80988,6.6368937,0.020051038,3.0978854,0.010025519,1.9449508
El Salvador,SLV,2000,10.517599,7.930811,0.02005262,2.586788,0.030078929,2.4664724
El Salvador,SLV,2001,13.237472,7.701802,0.020056775,2.0457911,0.050141938,4.5729446
El Salvador,SLV,2002,14.160369,9.162592,0.020071395,2.2178893,0.09032129,6.0314546
El Salvador,SLV,2003,13.498068,7.6988235,0.020101367,2.291556,0,5.7489905
El Salvador,SLV,2004,15.747985,7.3047276,0.020150973,2.4281924,0,6.035216
El Salvador,SLV,2005,16.897581,7.6549788,0.020224513,3.033677,0,8.01902
El Salvador,SLV,2006,17.47131,8.948967,0.020315474,3.7583628,0,6.4806366
El Salvador,SLV,2007,18.430681,9.149116,0.02037665,2.944426,0,7.9061403
El Salvador,SLV,2008,16.499063,9.142339,0.020407004,3.020237,0,5.9180317
El Salvador,SLV,2009,16.89818,8.811996,0.020445468,3.0463748,0.020445468,7.7590556
El Salvador,SLV,2010,17.81999,9.909995,0.01999999,2.6199987,0,7.2099967
El Salvador,SLV,2011,18.720005,8.050003,0.020000005,2.4500008,0,8.020003
El Salvador,SLV,2012,19.61001,7.9500036,0.020000009,2.6500013,0,6.5600033
El Salvador,SLV,2013,20.429983,6.4699945,0.019999983,2.9899974,0,6.7299943
El Salvador,SLV,2014,23.929993,6.489998,0.019999994,3.339999,0,8.459997
El Salvador,SLV,2015,23.84002,6.520005,0.020000016,3.5200028,0,7.4000063
El Salvador,SLV,2016,24.069967,6.729991,0.019999973,3.9799948,0,6.889991
El Salvador,SLV,2017,24.159967,7.41999,0.019999973,4.159994,0,6.869991
El Salvador,SLV,2018,25.94003,8.13001,0.020000022,4.8000054,0,8.00001
El Salvador,SLV,2019,25.570015,10.570006,0.020000013,4.9900026,0,7.3200045
El Salvador,SLV,2020,24.369965,10.509985,0.01999997,5.2499924,0,7.2999897
El Salvador,SLV,2021,28.029999,10.66,0.02,6.15,0,7.2799997
El Salvador,SLV,2022,28.310017,9.700006,0.020000013,5.700003,0,7.2500043
El Salvador,SLV,2023,29.899958,10.169986,0.019999972,5.5599923,0,7.21999
Estonia,EST,1992,6.536124,24.60193,1.1569237,27.657396,0.4845236,25.472097
Estonia,EST,1993,3.7662928,25.729725,0.8424603,19.79286,0.7730811,27.166864
Estonia,EST,1994,6.4604573,20.627953,0.8805217,23.645472,0.7815867,17.2048
Estonia,EST,1995,7.2696853,16.600924,0.54251385,23.988976,0.32550833,20.812803
Estonia,EST,1996,11.828718,18.013927,0.3545661,25.824228,0.6598869,17.905588
Estonia,EST,1997,16.402412,14.230493,0.32431373,21.542294,0.5896613,18.898643
Estonia,EST,1998,20.556164,16.06779,0.304463,23.188295,0.39285547,16.706179
Estonia,EST,1999,13.303371,14.617043,0.3137125,29.537994,0.098035164,16.097374
Estonia,EST,2000,17.307219,13.180863,0.2542303,27.163532,0.0880028,17.60056
Estonia,EST,2001,19.335804,12.062882,0.22483493,27.94796,0.087978885,16.256542
Estonia,EST,2002,21.039322,13.065291,0.23453029,28.53452,0.07817677,17.873163
Estonia,EST,2003,20.668388,10.334194,0.29303008,28.658342,0.078141354,16.810158
Estonia,EST,2004,15.326951,12.111029,0.26392072,30.292233,0.07819872,13.430632
Estonia,EST,2005,15.960473,12.381103,0.29339108,28.077524,4.8018336,14.571755
Estonia,EST,2006,15.991915,13.504501,0.4700624,34.089317,0.5386132,11.702595
Estonia,EST,2007,17.324394,13.798796,0.5288396,37.028564,0.5484263,15.473454
Estonia,EST,2008,17.872675,13.9009695,0.7141244,33.681236,0.16630293,16.121601
Estonia,EST,2009,19.556795,12.614767,0.64440763,33.909508,0.14645629,14.694447
Estonia,EST,2010,20.48,12.21,0.54,37.58,0.3,12.06
Estonia,EST,2011,18.749914,13.119941,0.4799978,35.869835,0.32999852,12.719943
Estonia,EST,2012,19.610075,10.400039,0.43000162,28.86011,0.30000114,11.080042
Estonia,EST,2013,20.62,7,0.43,28.980001,0.16,14.470001
Estonia,EST,2014,19.839893,6.359966,0.44999757,33.12982,0.10999941,12.439933
Estonia,EST,2015,20.66,6.51,0.44999996,36.89,0.16,12.06
Estonia,EST,2016,21.1,7.48,0.46,38.3,0.13,13.91
Estonia,EST,2017,21.029842,7.459944,0.45999652,34.44974,0.12999901,14.749888
Estonia,EST,2018,22.129797,8.64992,0.4699957,37.019665,0.15999854,15.009864
Estonia,EST,2019,21.749966,7.9299874,0.3799994,37.389942,0.12999979,13.08998
Estonia,EST,2020,21.059921,8.469969,0.40999848,37.69986,0.10999959,13.059952
Estonia,EST,2021,21.5,9.77,0.37,39.74,0.42,13.04
Estonia,EST,2022,21.289953,8.6899805,0.38999912,37.549915,0.38999912,12.859971
Estonia,EST,2023,20.810076,7.810028,0.35000128,35.54013,0.22000079,12.700046
Eswatini,SWZ,1961,0.82085687,27.422699,4.844069,1.2768885,0,0
Eswatini,SWZ,1962,0.8304923,30.343353,4.982954,1.1039472,0,0
Eswatini,SWZ,1963,0.83949935,29.685911,4.622304,0.95075834,0,0
Eswatini,SWZ,1964,0.8496276,29.575132,4.7538686,0.9912323,0,0
Eswatini,SWZ,1965,0.8479124,28.839115,4.633236,0.70659363,0,0
Eswatini,SWZ,1966,0.85474694,28.588772,4.4245725,0.8145236,0,0
Eswatini,SWZ,1967,0.85406464,29.339632,4.6219964,1.0650687,0,0
Eswatini,SWZ,1968,0.8557714,30.535936,4.248653,1.0772653,0,0.12081478
Eswatini,SWZ,1969,0.8581385,24.754772,5.2295966,1.1004364,0,0.12114896
Eswatini,SWZ,1970,0.85920274,24.088001,5.3068404,1.0411515,0,0.11119094
Eswatini,SWZ,1971,0.901406,21.704641,5.3577952,0.9925595,0,0.11140973
Eswatini,SWZ,1972,0.8613305,24.755653,5.026117,1.2362627,0,0.1114663
Eswatini,SWZ,1973,0.9251153,21.287819,5.0322204,1.3012611,0,0.10166102
Eswatini,SWZ,1974,1.0182474,22.93093,5.1116014,1.313539,0,0.10182473
Eswatini,SWZ,1975,1.07947,23.952017,5.4279017,1.4257152,0,0.10183681
Eswatini,SWZ,1976,1.1508602,24.555079,4.919163,1.436029,0,0.09166143
Eswatini,SWZ,1977,1.10946,22.138306,4.7940884,1.5064226,0,0.10178532
Eswatini,SWZ,1978,1.118819,23.32229,4.831264,1.1595033,0,0.081368655
Eswatini,SWZ,1979,1.1655244,23.726023,4.712773,1.2972792,0,0.10134995
Eswatini,SWZ,1980,1.0712687,26.033852,4.770178,1.0106308,0,0.12127571
Eswatini,SWZ,1981,1.2987503,28.884611,4.7520165,1.2182077,0,0.11074615
Eswatini,SWZ,1982,1.2526346,26.064821,4.830159,1.0221498,0,0.130274
Eswatini,SWZ,1983,1.2182264,27.719643,4.9128475,0.98856074,0,0.11982554
Eswatini,SWZ,1984,1.1786307,22.054379,4.3049984,1.0987235,0,0.12984914
Eswatini,SWZ,1985,1.1480393,21.692953,3.7236407,0.9184315,0,0.12977836
Eswatini,SWZ,1986,1.1103989,19.867136,4.111477,1.0203664,0,0.1400503
Eswatini,SWZ,1987,1.074466,22.53366,4.097029,1.114633,0,0.13054259
Eswatini,SWZ,1988,1.2218213,20.510572,3.3750308,1.121672,0,0.140209
Eswatini,SWZ,1989,1.3737243,20.48641,3.474129,0.9556343,0,0.1294088
Eswatini,SWZ,1990,1.325507,18.388937,2.5026362,1.0584272,0,0.12859395
Eswatini,SWZ,1991,1.2891974,19.201227,2.597928,0.87899816,0,0.117199756
Eswatini,SWZ,1992,1.2511845,20.683043,3.1087122,0.8084577,0,0.10586946
Eswatini,SWZ,1993,1.1630687,20.925703,3.107872,0.63873446,0,0.11440019
Eswatini,SWZ,1994,1.0983288,19.293652,3.1589103,0.63178205,0,0.12635641
Eswatini,SWZ,1995,1.1908014,19.916151,3.2250867,0.45647383,0,0.13892682
Eswatini,SWZ,1996,1.194124,18.578579,3.2141836,0.33833513,0,0.1492655
Eswatini,SWZ,1997,5.7820272,15.935587,2.7709713,2.450859,2.68094,11.343977
Eswatini,SWZ,1998,4.9348063,16.29798,2.7045567,3.400879,1.5541108,8.517334
Eswatini,SWZ,1999,6.4458838,14.609991,2.5519192,1.6470554,1.9927337,7.2897453
Eswatini,SWZ,2000,3.9130118,15.478362,3.0854557,1.7164124,1.144275,6.0380936
Eswatini,SWZ,2001,6.2695875,15.259746,3.2830956,1.9637206,0.7159398,4.326322
Eswatini,SWZ,2002,5.9234176,24.857927,2.5736227,1.0110661,0.6025545,4.534478
Eswatini,SWZ,2003,12.20895,21.6436,1.9583278,0.9587647,0.09179662,9.557048
Eswatini,SWZ,2004,10.040161,30.73269,1.9488524,5.438421,0.1938649,8.142326
Eswatini,SWZ,2005,9.001624,20.379103,1.9150212,2.9595783,0.3481857,6.9637136
Eswatini,SWZ,2006,5.4949365,18.979696,1.8866293,2.5979812,0.29897404,3.5155222
Eswatini,SWZ,2007,5.8065686,17.742292,2.1332376,1.8002445,0.31218112,2.6015093
Eswatini,SWZ,2008,5.3070855,16.46773,2.080798,1.3977077,0.31527242,1.439744
Eswatini,SWZ,2009,5.268966,16.550503,2.0608456,1.3916019,0.30806455,1.4872081
Eswatini,SWZ,2010,6.109995,16.889984,2.1399982,1.6799985,0.2299998,1.5999986
Eswatini,SWZ,2011,6.179917,15.099797,2.1199713,1.6899773,0.23999676,1.5199795
Eswatini,SWZ,2012,6.389943,15.299864,1.9599825,1.8199838,0.23999785,1.9799824
Eswatini,SWZ,2013,6.7099404,16.829851,2.009982,2.6199768,0.22999796,2.7599754
Eswatini,SWZ,2014,7.5299673,18.35992,2.1199906,2.5499887,0.25999886,4.2799816
Eswatini,SWZ,2015,6.68993,17.06982,2.129978,2.1399777,0.23999749,4.019958
Eswatini,SWZ,2016,6.759965,16.899912,1.9999896,1.8999901,0.2499987,3.5899813
Eswatini,SWZ,2017,6.649954,17.539879,1.9799862,2.4599829,0.25999817,3.7899735
Eswatini,SWZ,2018,6.4499836,17.809954,2.019995,2.319994,0.28999925,4.2399893
Eswatini,SWZ,2019,6.8399134,16.579788,1.8099769,2.2999706,0.23999694,4.1899467
Eswatini,SWZ,2020,6.9199767,16.579945,1.8499938,1.9599935,0.51999825,4.1499863
Eswatini,SWZ,2021,6.7699547,15.429897,1.8499877,1.8499877,0.5099966,3.8599741
Eswatini,SWZ,2022,4.4199967,13.30999,2.549998,2.1199982,0.2799998,3.8199968
Eswatini,SWZ,2023,4.550011,13.190032,2.5300062,2.070005,0.040000096,3.7900093
Ethiopia,ETH,1993,0.67555743,4.4407964,1.1325521,0.019869335,1.0332054,0.07947734
Ethiopia,ETH,1994,0.6451901,4.2781067,1.0918603,0.019852003,1.0124522,0.099260025
Ethiopia,ETH,1995,0.6243792,4.083242,1.0505428,0.019821562,1.000989,0.109018594
Ethiopia,ETH,1996,0.60330546,4.490175,1.0186961,0.019780505,1.0285863,0.1483538
Ethiopia,ETH,1997,0.5919823,4.4004016,0.9669044,0.019732742,1.0261025,0.16772832
Ethiopia,ETH,1998,0.58059996,4.3200574,0.9742271,0.019681355,1.0135897,0.22633559
Ethiopia,ETH,1999,0.5692156,4.435956,0.94214994,0.019628124,1.0402905,0.24535155
Ethiopia,ETH,2000,0.55826795,4.358408,0.89127,0.01958835,0.9892117,0.2350602
Ethiopia,ETH,2001,0.7139186,4.3715286,0.9486316,0.019559413,1.0757678,0.22493327
Ethiopia,ETH,2002,0.75186104,4.9212723,1.1033806,0.019528858,1.1522026,0.17575973
Ethiopia,ETH,2003,0.68252987,4.5827007,1.1505504,0.019500853,1.1798017,0.13650598
Ethiopia,ETH,2004,0.6230807,4.4199786,1.3337821,0.019471271,1.1682763,0.1362989
Ethiopia,ETH,2005,0.5442758,4.4708366,1.3995664,0.019438421,1.1565862,0.12634973
Ethiopia,ETH,2006,0.5626619,4.627409,1.5909749,0.019402133,1.1350248,0.13581493
Ethiopia,ETH,2007,0.55174,4.365522,1.7423369,0.019359298,1.1905968,0.15487438
Ethiopia,ETH,2008,0.56984216,4.442837,1.612943,0.019316683,1.3038762,0.20282517
Ethiopia,ETH,2009,0.5687508,4.029455,1.6387737,0.019279689,1.2724595,0.18315704
Ethiopia,ETH,2010,0.6399999,4.6399994,1.5799999,0.019999998,1.2799999,0.18999998
Ethiopia,ETH,2011,0.53999996,3.9799998,1.4199998,0.019999998,1.2099999,0.24999999
Ethiopia,ETH,2012,0.57,3.2,1.33,0.02,1.07,0.29
Ethiopia,ETH,2013,0.62,3.43,1.43,0.02,1.03,0.4
Ethiopia,ETH,2014,0.66999996,3.5199997,1.4599999,0.029999997,1.05,0.49999997
Ethiopia,ETH,2015,0.65999997,3.5099998,1.4499999,0.019999998,1.0399998,0.43999997
Ethiopia,ETH,2016,0.66999996,3.6599998,1.5799999,0.019999998,1.0999999,0.47999996
Ethiopia,ETH,2017,0.61999995,3.3199997,1.4799999,0.019999998,1.01,0.52
Ethiopia,ETH,2018,0.61999995,3.2599998,1.4799999,0.019999998,1.0199999,0.5199999
Ethiopia,ETH,2019,0.48,3.3,2.06,0.02,1.01,0.54
Ethiopia,ETH,2020,0.54,3.5,2.1,0.02,0.99,0.51
Ethiopia,ETH,2021,0.40000004,3.3300002,1.8000001,0.020000001,1.03,0.53
Ethiopia,ETH,2022,0.45,3.32,1.6,0.02,1.01,0.51
Ethiopia,ETH,2023,0.49999997,3.3499997,2.0499997,0.019999998,0.98999995,0.49999997
Ethiopia (former),OWID_ERE,1961,1.6340117,8.208059,5.196537,0.028500205,2.4890177,0.05700041
Ethiopia (former),OWID_ERE,1962,1.6434808,8.131408,5.4273086,0.019110242,2.4938865,0.10510633
Ethiopia (former),OWID_ERE,1963,1.5859474,7.900902,5.0750318,0.019223604,2.5086803,0.06728262
Ethiopia (former),OWID_ERE,1964,1.5953407,7.6963105,5.114759,0.019337462,2.51387,0.08701859
Ethiopia (former),OWID_ERE,1965,1.6046143,7.6924233,5.0277915,0.01944987,2.518758,0.29174808
Ethiopia (former),OWID_ERE,1966,1.6042048,7.864516,4.969122,0.019563472,2.5139062,0.27388862
Ethiopia (former),OWID_ERE,1967,1.6135892,7.8711667,4.8309283,0.019677917,2.5187733,0.21645708
Ethiopia (former),OWID_ERE,1968,1.6323415,7.9836335,4.679379,0.019785957,2.5128167,0.36604023
Ethiopia (former),OWID_ERE,1969,1.6613119,8.117548,4.526329,0.01989595,2.5168378,0.32828322
Ethiopia (former),OWID_ERE,1970,1.7025717,8.302541,4.4066563,0.020030254,2.513797,0.26039332
Ethiopia (former),OWID_ERE,1971,1.7257901,6.1159577,4.188321,0.020184679,2.5029004,0.22203147
Ethiopia (former),OWID_ERE,1972,1.7186763,5.695022,4.098382,0.020339364,2.501742,0.19322397
Ethiopia (former),OWID_ERE,1973,1.6473783,5.6890826,4.02124,0.020464327,2.5478086,0.17394678
Ethiopia (former),OWID_ERE,1974,1.5909158,6.0044246,3.397375,0.020527946,2.5967853,0.13343164
Ethiopia (former),OWID_ERE,1975,1.5587802,5.4147105,3.5072556,0.020510266,2.6663346,0.092296205
Ethiopia (former),OWID_ERE,1976,1.548922,5.5537004,3.6073577,0.020380551,2.5577593,0.10190276
Ethiopia (former),OWID_ERE,1977,1.6588266,5.553023,3.5300639,0.020229591,2.6197321,0.101147965
Ethiopia (former),OWID_ERE,1978,1.7567657,5.603477,3.4933386,0.020192709,2.6452448,0.09086719
Ethiopia (former),OWID_ERE,1979,1.7548686,5.528343,3.5807436,0.020287499,2.67795,0.071006246
Ethiopia (former),OWID_ERE,1980,1.7541437,5.4573364,3.6519015,0.0205163,2.71841,0.092323355
Ethiopia (former),OWID_ERE,1981,1.7226295,5.352456,3.5990653,0.020507494,2.7172432,0.102537476
Ethiopia (former),OWID_ERE,1982,1.6962644,5.242999,3.608417,0.02056078,2.7037427,0.092523515
Ethiopia (former),OWID_ERE,1983,1.6628802,5.164224,3.5529864,0.030985344,2.695725,0.092956044
Ethiopia (former),OWID_ERE,1984,1.6401082,4.586035,3.4473612,0.020893099,2.6952095,0.10446549
Ethiopia (former),OWID_ERE,1985,1.6375146,4.9550767,3.4238944,0.021266423,2.7114692,0.095698915
Ethiopia (former),OWID_ERE,1986,1.6209304,6.9560456,3.2847993,0.021469276,2.705129,0.107346386
Ethiopia (former),OWID_ERE,1987,1.5792199,4.4475985,3.1691828,0.021485984,2.675005,0.08594394
Ethiopia (former),OWID_ERE,1988,1.584392,4.2928457,3.0724356,0.021410702,2.6442215,0.08564281
Ethiopia (former),OWID_ERE,1989,1.5227138,4.7917566,3.0241308,0.021296695,2.6088452,0.095835134
Ethiopia (former),OWID_ERE,1990,1.4852257,4.7951574,2.8961902,0.02121751,2.5567102,0.0954788
Ethiopia (former),OWID_ERE,1991,1.4338664,4.5737195,2.7735372,0.020932356,2.4909503,0.08372942
Ethiopia (former),OWID_ERE,1992,1.3809873,4.3817787,2.6789074,0.020766724,2.40894,0.083066896
Europe,OWID_EUR,1961,4.579235,15.567293,3.608881,21.58917,1.8722454,13.844791
Europe,OWID_EUR,1962,4.844973,16.82519,3.6974955,22.031576,1.7825972,14.396403
Europe,OWID_EUR,1963,5.0072026,17.561941,3.6641607,22.194159,1.7321633,15.267784
Europe,OWID_EUR,1964,5.097947,17.059439,3.5794032,20.66053,1.7497773,16.089806
Europe,OWID_EUR,1965,5.469766,17.463463,3.5116825,23.572926,1.6726462,17.017048
Europe,OWID_EUR,1966,5.6282163,18.56028,3.421874,23.773394,1.6573682,16.901815
Europe,OWID_EUR,1967,5.8817787,19.757887,3.5718184,23.945753,1.6978215,17.65466
Europe,OWID_EUR,1968,6.1208696,20.644249,3.5303752,24.271307,1.7884762,18.080818
Europe,OWID_EUR,1969,6.5857587,21.042461,3.3986278,23.69354,1.9060822,18.382238
Europe,OWID_EUR,1970,7.4388156,21.251925,3.4618475,24.405668,1.9531024,19.343641
Europe,OWID_EUR,1971,7.8137064,21.298756,3.4930956,26.464342,1.9486037,18.56273
Europe,OWID_EUR,1972,8.33794,20.917948,3.3327973,28.126848,2.0395677,19.674866
Europe,OWID_EUR,1973,8.877268,21.240978,3.2863045,28.729116,2.0432844,20.012491
Europe,OWID_EUR,1974,9.141937,22.811436,3.214137,28.710382,2.0402012,20.609354
Europe,OWID_EUR,1975,9.383115,23.00833,3.2542422,29.931662,2.1068397,20.632526
Europe,OWID_EUR,1976,9.626074,23.36622,3.0919213,29.311455,2.1191468,20.097734
Europe,OWID_EUR,1977,10.321132,23.809017,3.0385146,28.752039,2.1095364,19.177748
Europe,OWID_EUR,1978,10.855708,23.501451,3.0672708,30.696886,2.1235392,19.134594
Europe,OWID_EUR,1979,11.381143,23.619692,3.0958805,31.605698,2.231227,19.142298
Europe,OWID_EUR,1980,11.678865,23.337755,3.2458854,32.081028,2.0636034,19.560665
Europe,OWID_EUR,1981,12.16631,22.721113,3.188564,31.562294,2.01716,20.26498
Europe,OWID_EUR,1982,12.3222275,22.320023,3.188959,31.432571,1.8821524,20.319942
Europe,OWID_EUR,1983,12.253739,22.967182,3.2010987,32.486732,1.931565,20.471384
Europe,OWID_EUR,1984,12.344486,23.32628,3.1654196,32.758163,1.9174017,21.252682
Europe,OWID_EUR,1985,12.746673,23.25867,3.189887,33.01396,1.9550488,22.107851
Europe,OWID_EUR,1986,13.230082,23.98548,3.293737,32.7159,1.7226933,22.570824
Europe,OWID_EUR,1987,13.775064,24.511852,3.324438,33.900467,1.7683808,22.41189
Europe,OWID_EUR,1988,14.007541,24.471605,3.38413,35.067688,1.7677343,22.147207
Europe,OWID_EUR,1989,13.937038,24.717474,3.457047,34.882084,1.7252443,21.858078
Europe,OWID_EUR,1990,14.568632,25.311695,3.5506282,34.408096,1.6500143,21.036915
Europe,OWID_EUR,1991,14.042566,24.486378,3.393049,32.67883,1.6787077,19.716566
Europe,OWID_EUR,1992,14.351327,22.529932,2.845669,34.196434,1.7271727,17.761261
Europe,OWID_EUR,1993,13.992005,21.04123,2.8312323,34.169636,1.7340677,16.654715
Europe,OWID_EUR,1994,14.564818,20.111212,2.720036,32.73693,1.7180473,16.568796
Europe,OWID_EUR,1995,14.827439,18.819843,2.6521564,32.789497,1.8373085,18.217236
Europe,OWID_EUR,1996,15.130465,18.223434,2.5920343,33.314964,1.8829898,19.132292
Europe,OWID_EUR,1997,15.579081,17.934578,2.4710207,31.778204,1.8588688,19.512783
Europe,OWID_EUR,1998,15.99964,17.508154,2.4634416,33.97226,1.9744476,20.405197
Europe,OWID_EUR,1999,15.020675,16.599201,2.4009697,33.8816,1.9103024,19.14119
Europe,OWID_EUR,2000,15.953178,16.290144,2.3721478,33.14499,2.1061566,19.132313
Europe,OWID_EUR,2001,17.878254,15.741929,2.1460147,32.77044,2.47056,20.074102
Europe,OWID_EUR,2002,18.594975,16.515387,2.1695018,33.34741,2.0786836,19.562181
Europe,OWID_EUR,2003,18.252535,16.68529,2.1202562,34.010616,1.9667047,19.76076
Europe,OWID_EUR,2004,19.033297,16.724094,2.184459,32.800716,1.5989181,19.790768
Europe,OWID_EUR,2005,19.329748,16.724392,2.1769488,33.077118,1.6168058,20.771952
Europe,OWID_EUR,2006,19.331085,16.802681,2.1712391,33.341267,1.9226816,21.487288
Europe,OWID_EUR,2007,20.355991,16.76441,2.1788962,34.459496,2.0531628,22.456062
Europe,OWID_EUR,2008,21.370153,16.597631,2.1024585,34.515438,2.163262,22.544533
Europe,OWID_EUR,2009,21.788748,16.186745,2.0346498,33.989674,2.3054905,22.229048
Europe,OWID_EUR,2010,21.80933,16.029741,1.9930348,35.12949,2.2413983,22.182037
Europe,OWID_EUR,2011,22.055784,15.444306,1.9837439,35.012386,2.287836,22.236156
Europe,OWID_EUR,2012,23.423828,15.471531,1.8945303,35.005516,2.357117,21.863672
Europe,OWID_EUR,2013,23.480505,15.109638,1.8885936,34.756084,2.4357595,22.128233
Europe,OWID_EUR,2014,23.571783,14.760277,1.8918023,33.806824,2.1462617,21.93751
Europe,OWID_EUR,2015,24.182745,14.262149,1.8450232,34.57904,2.0789266,21.117802
Europe,OWID_EUR,2016,24.790054,14.150747,1.8036604,34.32056,2.0050983,21.610027
Europe,OWID_EUR,2017,25.10767,13.933682,1.7497973,34.708595,1.8503572,21.507313
Europe,OWID_EUR,2018,25.4117,14.265325,1.7568512,35.289673,1.8290515,21.57089
Europe,OWID_EUR,2019,25.40729,14.145226,1.6796383,34.892883,1.4349537,21.571712
Europe,OWID_EUR,2020,25.608168,14.121837,1.6450915,34.21751,1.42091,21.145945
Europe,OWID_EUR,2021,25.201797,13.860543,1.614567,34.95636,1.4613845,21.554037
Europe,OWID_EUR,2022,26.254221,13.673091,1.6596674,34.556576,1.5144572,21.60171
Europe,OWID_EUR,2023,27.242353,13.448068,1.5889574,34.826897,1.5276108,21.64044
Europe (FAO),,1961,4.61,15.67,3.55,21.63,1.91,13.91
Europe (FAO),,1962,4.88,16.91,3.64,22.07,1.82,14.43
Europe (FAO),,1963,5.04,17.65,3.6,22.2,1.77,15.28
Europe (FAO),,1964,5.12,17.12,3.52,20.68,1.79,16.09
Europe (FAO),,1965,5.48,17.5,3.45,23.58,1.71,16.99
Europe (FAO),,1966,5.64,18.59,3.36,23.79,1.69,16.88
Europe (FAO),,1967,5.88,19.78,3.51,23.98,1.73,17.61
Europe (FAO),,1968,6.13,20.66,3.47,24.33,1.82,18.03
Europe (FAO),,1969,6.6,21.08,3.35,23.76,1.94,18.33
Europe (FAO),,1970,7.44,21.29,3.41,24.49,1.99,19.27
Europe (FAO),,1971,7.81,21.34,3.44,26.5,1.98,18.5
Europe (FAO),,1972,8.33,20.97,3.28,28.17,2.07,19.6
Europe (FAO),,1973,8.87,21.29,3.24,28.79,2.07,19.93
Europe (FAO),,1974,9.14,22.88,3.17,28.77,2.07,20.53
Europe (FAO),,1975,9.38,23.05,3.21,29.95,2.13,20.53
Europe (FAO),,1976,9.62,23.39,3.06,29.34,2.15,20.03
Europe (FAO),,1977,10.32,23.82,3.01,28.81,2.14,19.14
Europe (FAO),,1978,10.85,23.54,3.04,30.78,2.15,19.11
Europe (FAO),,1979,11.38,23.67,3.07,31.7,2.26,19.13
Europe (FAO),,1980,11.69,23.39,3.22,32.2,2.09,19.56
Europe (FAO),,1981,12.18,22.77,3.16,31.68,2.04,20.26
Europe (FAO),,1982,12.35,22.37,3.16,31.58,1.9,20.31
Europe (FAO),,1983,12.28,23.01,3.17,32.64,1.95,20.47
Europe (FAO),,1984,12.36,23.37,3.13,32.93,1.93,21.23
Europe (FAO),,1985,12.74,23.3,3.16,33.21,1.97,22.07
Europe (FAO),,1986,13.26,24,3.26,32.89,1.74,22.54
Europe (FAO),,1987,13.8,24.51,3.29,34.07,1.79,22.38
Europe (FAO),,1988,14.03,24.44,3.35,35.24,1.81,22.12
Europe (FAO),,1989,13.96,24.68,3.43,35.06,1.77,21.86
Europe (FAO),,1990,14.6,25.27,3.53,34.59,1.71,21.09
Europe (FAO),,1991,14.09,24.51,3.37,32.95,1.73,19.79
Europe (FAO),,1992,14.39,22.51,2.83,34.47,1.78,17.86
Europe (FAO),,1993,14.02,21.04,2.81,34.42,1.77,16.71
Europe (FAO),,1994,14.62,20.13,2.7,32.84,1.76,16.65
Europe (FAO),,1995,14.9,18.86,2.63,32.85,1.87,18.29
Europe (FAO),,1996,15.19,18.28,2.57,33.34,1.91,19.14
Europe (FAO),,1997,15.59,17.98,2.45,31.77,1.89,19.54
Europe (FAO),,1998,16,17.53,2.44,33.91,2.01,20.42
Europe (FAO),,1999,15.04,16.64,2.38,33.89,1.94,19.17
Europe (FAO),,2000,15.91,16.28,2.36,33.08,2.1,19.1
Europe (FAO),,2001,17.82,15.73,2.13,32.7,2.47,20.03
Europe (FAO),,2002,18.55,16.5,2.15,33.29,2.08,19.53
Europe (FAO),,2003,18.22,16.69,2.11,33.97,1.96,19.74
Europe (FAO),,2004,19,16.72,2.17,32.75,1.6,19.77
Europe (FAO),,2005,19.28,16.71,2.17,33.01,1.61,20.74
Europe (FAO),,2006,19.23,16.73,2.15,33.16,1.91,21.38
Europe (FAO),,2007,20.23,16.69,2.16,34.26,2.04,22.33
Europe (FAO),,2008,21.25,16.52,2.08,34.32,2.15,22.42
Europe (FAO),,2009,21.66,16.11,2.02,33.79,2.29,22.11
Europe (FAO),,2010,21.81,16.05,1.99,35.15,2.25,22.2
Europe (FAO),,2011,22.06,15.47,1.98,35.03,2.29,22.25
Europe (FAO),,2012,23.44,15.5,1.89,35.02,2.36,21.88
Europe (FAO),,2013,23.5,15.13,1.89,34.77,2.44,22.15
Europe (FAO),,2014,23.59,14.78,1.89,33.83,2.15,21.95
Europe (FAO),,2015,24.2,14.29,1.84,34.6,2.08,21.13
Europe (FAO),,2016,24.81,14.17,1.8,34.34,2.01,21.62
Europe (FAO),,2017,25.13,13.95,1.75,34.73,1.85,21.52
Europe (FAO),,2018,25.43,14.29,1.75,35.31,1.83,21.58
Europe (FAO),,2019,25.42,14.17,1.67,34.91,1.44,21.58
Europe (FAO),,2020,25.63,14.14,1.64,34.24,1.42,21.16
Europe (FAO),,2021,25.22,13.88,1.61,34.98,1.46,21.57
Europe (FAO),,2022,26.27,13.69,1.66,34.58,1.52,21.62
Europe (FAO),,2023,27.25,13.47,1.59,34.85,1.53,21.66
European Union (27),OWID_EU27,1961,4.7082086,15.146131,1.6715534,21.897348,2.2658834,12.740952
European Union (27),OWID_EU27,1962,5.1869144,16.081293,1.7196759,22.049034,2.2588177,12.660533
European Union (27),OWID_EU27,1963,5.57332,16.75718,1.6561786,21.828062,2.288876,13.54717
European Union (27),OWID_EU27,1964,6.1452484,16.331463,1.7225318,22.793283,2.3277457,13.891986
European Union (27),OWID_EU27,1965,6.5295935,16.039885,1.7791046,24.041199,2.328671,14.484333
European Union (27),OWID_EU27,1966,6.5679216,17.197704,1.8259753,24.063745,2.375631,14.319
European Union (27),OWID_EU27,1967,6.830807,17.911066,1.8544757,24.96553,2.432252,14.705339
European Union (27),OWID_EU27,1968,6.9523616,18.406052,1.8266258,26.085335,2.4696727,15.237414
European Union (27),OWID_EU27,1969,7.600995,18.81619,1.9095637,25.737192,2.5709248,14.661723
European Union (27),OWID_EU27,1970,8.379131,19.498491,2.0132284,26.693916,2.656343,15.453392
European Union (27),OWID_EU27,1971,8.662553,19.245974,2.0793858,28.505302,2.704134,15.469511
European Union (27),OWID_EU27,1972,9.42907,18.532036,2.0591152,30.19725,2.7765446,15.401437
European Union (27),OWID_EU27,1973,10.234551,19.02565,2.0953357,30.536028,2.793781,15.421671
European Union (27),OWID_EU27,1974,10.36386,19.405466,2.0392501,32.11586,2.8121164,16.01603
European Union (27),OWID_EU27,1975,10.723975,19.379555,2.0218093,33.112953,2.8789818,15.932231
European Union (27),OWID_EU27,1976,11.261339,20.471773,2.0975177,32.478897,3.0390701,15.950458
European Union (27),OWID_EU27,1977,11.67142,20.238539,2.0974994,33.131172,3.0483658,15.381663
European Union (27),OWID_EU27,1978,12.229509,20.161913,2.0693226,35.131874,3.0946624,15.3428135
European Union (27),OWID_EU27,1979,12.549665,20.124186,2.105586,36.614834,3.1770124,14.999971
European Union (27),OWID_EU27,1980,12.81145,20.505762,2.2236285,37.476048,3.0423703,15.537488
European Union (27),OWID_EU27,1981,13.270437,19.55252,2.2303257,37.19997,2.9458885,15.649451
European Union (27),OWID_EU27,1982,13.146349,19.166727,2.2855139,37.088497,2.750049,15.840653
European Union (27),OWID_EU27,1983,12.804971,19.356134,2.3509853,37.64364,2.8063145,16.772839
European Union (27),OWID_EU27,1984,12.940299,19.326784,2.3984175,37.993534,2.7981536,16.86329
European Union (27),OWID_EU27,1985,13.1771345,19.435575,2.427122,38.294594,2.836292,17.59431
European Union (27),OWID_EU27,1986,13.392227,19.614033,2.4738421,39.051365,2.3994408,17.930706
European Union (27),OWID_EU27,1987,14.043043,19.90206,2.5389078,39.99012,2.4831076,18.516356
European Union (27),OWID_EU27,1988,14.1507015,19.468836,2.5196059,41.057487,2.547498,18.706446
European Union (27),OWID_EU27,1989,14.225336,19.437885,2.6295035,40.771244,2.4715476,18.694563
European Union (27),OWID_EU27,1990,14.971344,20.125868,2.78623,40.409622,2.4518826,18.89064
European Union (27),OWID_EU27,1991,14.925095,20.228287,2.7584028,39.843597,2.4983513,18.667978
European Union (27),OWID_EU27,1992,15.521494,19.712585,2.745888,40.908913,2.5724635,19.346468
European Union (27),OWID_EU27,1993,15.639312,19.511618,2.6916027,43.686012,2.6615849,19.461588
European Union (27),OWID_EU27,1994,16.410639,18.562033,2.6216996,42.21737,2.6317062,20.22311
European Union (27),OWID_EU27,1995,16.648764,18.1004,2.612945,42.127483,2.7430918,20.382975
European Union (27),OWID_EU27,1996,17.418716,17.959608,2.594277,42.90073,2.8547063,20.553886
European Union (27),OWID_EU27,1997,17.572655,17.32233,2.5332658,41.703766,2.82364,20.34623
European Union (27),OWID_EU27,1998,18.504543,17.432543,2.554769,44.61328,2.8853865,21.880846
European Union (27),OWID_EU27,1999,17.943865,16.981514,2.5361998,44.418587,2.8870578,20.931168
European Union (27),OWID_EU27,2000,18.406654,17.083302,2.4963274,43.770943,3.147979,20.933058
European Union (27),OWID_EU27,2001,19.629803,16.119108,2.2969978,43.271828,3.6912456,22.147472
European Union (27),OWID_EU27,2002,20.170578,16.52783,2.2779706,43.562424,2.9503233,21.66581
European Union (27),OWID_EU27,2003,19.30466,16.49379,2.2286193,43.99013,2.8309486,22.085415
European Union (27),OWID_EU27,2004,19.90574,16.531204,2.2597334,42.472946,2.1793873,21.96461
European Union (27),OWID_EU27,2005,19.814928,16.418657,2.2206385,42.98593,2.120157,22.527925
European Union (27),OWID_EU27,2006,18.669857,16.617783,2.1526668,43.143867,2.5650935,23.478151
European Union (27),OWID_EU27,2007,19.594772,16.525229,2.113458,43.819027,2.7575593,23.640535
European Union (27),OWID_EU27,2008,20.584694,15.986843,1.9820064,43.211765,2.6862726,23.532553
European Union (27),OWID_EU27,2009,20.944138,16.09307,1.9223115,42.61292,2.8381772,23.480383
European Union (27),OWID_EU27,2010,20.919998,15.849999,1.9499999,43.629997,2.5999997,23.839998
European Union (27),OWID_EU27,2011,21.04,15.35,1.93,42.87,2.55,23.82
European Union (27),OWID_EU27,2012,21.809998,15.139999,1.8299999,41.949997,2.5999997,22.689999
European Union (27),OWID_EU27,2013,21.739998,14.679999,1.7799999,41.309998,2.6599998,23.039999
European Union (27),OWID_EU27,2014,21.589998,14.239999,1.7799999,40.659996,2.1399999,23.609999
European Union (27),OWID_EU27,2015,22.03,14.07,1.65,41.96,1.9,23.46
European Union (27),OWID_EU27,2016,22.64,14.19,1.6,40.9,1.94,23.89
European Union (27),OWID_EU27,2017,22.499998,13.949999,1.5599998,41.289997,1.7199999,23.879997
European Union (27),OWID_EU27,2018,22.85,14.43,1.56,42.31,1.64,23.5
European Union (27),OWID_EU27,2019,22.61,14.43,1.46,41.22,1.03,23.26
European Union (27),OWID_EU27,2020,23.21,14.07,1.41,39.74,0.94,22.74
European Union (27),OWID_EU27,2021,22.52,14.1,1.35,40.79,0.95,22.81
European Union (27),OWID_EU27,2022,23.029999,13.949999,1.4299998,39.569996,0.96999997,22.739998
European Union (27),OWID_EU27,2023,23.479998,13.409999,1.3399999,39.349995,0.96999997,22.659998
Fiji,FJI,1961,0.4777705,6.9812994,2.866623,1.5990685,0.71178055,15.327658
Fiji,FJI,1962,0.44106373,6.890396,2.8718152,1.6368365,0.52927655,13.70238
Fiji,FJI,1963,0.4514189,7.497479,3.326761,1.7860488,0.5789938,16.879143
Fiji,FJI,1964,0.53018224,7.8447328,3.5640028,2.0029106,0.59890956,18.330559
Fiji,FJI,1965,0.62837636,7.079053,3.3873415,2.1207705,0.72656024,16.504698
Fiji,FJI,1966,0.66533333,7.4165096,3.0624902,2.0938432,0.43050978,15.831019
Fiji,FJI,1967,0.86080647,7.9233327,3.1791148,2.2889626,0.45974892,19.642038
Fiji,FJI,1968,0.99798435,9.011211,3.5712185,2.2797093,0.15654656,19.020409
Fiji,FJI,1969,1.0967636,10.027554,3.7015774,2.3795855,0.2643984,18.821247
Fiji,FJI,1970,1.4319708,9.494163,3.8447435,2.657973,0.3530887,17.82117
Fiji,FJI,1971,2.0547297,10.263817,3.5785725,2.8608916,0.45223716,21.068354
Fiji,FJI,1972,2.6927674,8.640529,4.685218,3.1662211,0.798953,20.703732
Fiji,FJI,1973,3.2295005,8.529448,3.932858,3.2691262,0.5448544,25.152458
Fiji,FJI,1974,3.1958704,8.72144,4.1118207,3.355166,0.72678673,23.486162
Fiji,FJI,1975,3.045706,9.878507,7.0732517,3.3863444,0.66123885,24.846548
Fiji,FJI,1976,2.9021218,11.146558,6.3866763,3.374093,0.6928941,24.632889
Fiji,FJI,1977,3.531116,13.044123,7.112248,3.5911348,0.7502371,15.494897
Fiji,FJI,1978,3.9498873,13.521152,6.5566144,3.5519137,2.5072334,25.161879
Fiji,FJI,1979,4.2169423,12.769894,6.7173414,3.4430094,1.002144,33.63632
Fiji,FJI,1980,4.530168,12.878339,6.013848,3.5509396,0.751731,36.03363
Fiji,FJI,1981,4.6636286,13.990887,6.584529,3.5348523,0.8812377,39.725006
Fiji,FJI,1982,4.840709,13.90712,5.247408,3.571015,0.68444455,43.209282
Fiji,FJI,1983,5.9380007,13.772587,5.828773,3.5747159,0.6454348,30.812067
Fiji,FJI,1984,5.3288283,13.847029,6.2499824,3.6251879,0.68343705,35.78635
Fiji,FJI,1985,4.987572,13.142793,8.096196,3.767732,0.05902452,41.071228
Fiji,FJI,1986,5.1374507,13.761375,10.847887,3.6612833,0,39.56517
Fiji,FJI,1987,4.8097997,13.371243,10.668136,3.693926,0.019239198,33.82251
Fiji,FJI,1988,5.1363306,14.132056,8.833727,3.7736306,0.00952937,37.631485
Fiji,FJI,1989,6.4243784,14.152526,9.343691,3.9491029,0.009447615,35.475792
Fiji,FJI,1990,6.9286265,17.726364,11.541435,3.8879385,0,34.068882
Fiji,FJI,1991,7.4662743,14.998538,13.801294,3.9782417,0,33.994175
Fiji,FJI,1992,8.279835,12.6565895,16.389147,3.8746598,0.03789398,26.307898
Fiji,FJI,1993,9.9822235,13.306448,14.8157215,4.136175,0.038209468,28.8577
Fiji,FJI,1994,10.437845,11.199239,14.697797,4.3659687,0.0674653,28.701664
Fiji,FJI,1995,10.735274,11.91081,14.767074,3.9152176,0,30.748545
Fiji,FJI,1996,11.768339,12.793797,13.067251,4.0725293,0,20.411476
Fiji,FJI,1997,11.912405,12.859539,12.810718,4.6770835,0,24.264202
Fiji,FJI,1998,10.316202,12.206044,13.238639,4.140119,0,26.56495
Fiji,FJI,1999,11.331285,11.923074,14.474553,4.879826,0,29.385672
Fiji,FJI,2000,11.983309,12.311619,14.55185,4.4708076,0.009656171,34.37597
Fiji,FJI,2001,12.345781,11.012399,12.489672,4.4797826,0.067148775,35.262695
Fiji,FJI,2002,12.876348,10.213587,11.525948,4.735909,0.03803943,34.121372
Fiji,FJI,2003,14.495363,9.327206,10.694693,4.78149,0.11317135,34.347504
Fiji,FJI,2004,16.672823,9.507256,10.921636,4.5522428,0.037467018,34.881798
Fiji,FJI,2005,16.749578,9.343618,11.653906,4.657836,0,34.495934
Fiji,FJI,2006,17.576063,9.299504,12.377641,4.4637623,0.009299505,34.222176
Fiji,FJI,2007,17.409725,9.523269,9.820871,4.296631,0.083700605,33.870842
Fiji,FJI,2008,17.348934,9.164947,10.108534,4.4843774,0,34.174694
Fiji,FJI,2009,14.077165,8.480106,8.855749,4.244749,0.03756415,32.746548
Fiji,FJI,2010,17.11987,3.5799723,4.799963,4.4799657,0.099999234,31.409758
Fiji,FJI,2011,22.569975,3.629996,4.9299946,4.5399947,0.08999991,35.829964
Fiji,FJI,2012,28.86,4.04,5.38,4.48,0.09,36.07
Fiji,FJI,2013,18.719814,2.8699715,5.269948,4.349957,0.09999902,35.989647
Fiji,FJI,2014,23.849768,3.669964,5.699944,4.479956,0.13999863,35.559654
Fiji,FJI,2015,25.009865,4.069978,5.49997,4.5299754,0.11999935,36.679802
Fiji,FJI,2016,18.45006,3.3400106,4.7500153,4.7600155,0.090000294,30.9801
Fiji,FJI,2017,36.79992,4.58999,6.629986,4.61999,0.039999913,30.019936
Fiji,FJI,2018,41.69977,4.799974,6.4899645,4.209977,0.009999945,33.249817
Fiji,FJI,2019,39.95974,3.669976,5.6299634,3.7799752,0,31.039799
Fiji,FJI,2020,31.809618,3.8699534,4.96994,3.7299552,0,30.049639
Fiji,FJI,2021,31.149729,3.5199695,5.389953,3.2099721,0,28.179754
Fiji,FJI,2022,51.369553,4.6299596,6.439944,1.5099869,0,28.099756
Fiji,FJI,2023,46.8,4.95,10.07,1.34,0,27.95
Finland,FIN,1961,1.4606552,17.56788,0.49021992,13.936252,1.230552,17.467834
Finland,FIN,1962,1.4210309,18.253242,0.4203049,14.79073,1.0907913,19.243961
Finland,FIN,1963,1.5196986,19.56612,0.37992465,14.557114,1.2497522,21.465742
Finland,FIN,1964,1.4989804,21.565332,0.32977572,14.460165,1.4390213,18.487425
Finland,FIN,1965,1.5102812,20.653845,0.3900726,14.752747,1.6403054,18.143377
Finland,FIN,1966,1.5684764,20.400185,0.269738,15.774676,1.5484958,17.433067
Finland,FIN,1967,1.582185,19.742485,0.26867294,16.916443,1.452824,16.797033
Finland,FIN,1968,1.4974849,19.229294,0.22809374,17.126865,1.3487282,21.906916
Finland,FIN,1969,1.7493112,21.19052,0.2484817,18.258436,1.2523477,21.081186
Finland,FIN,1970,1.890284,20.913141,0.30004507,20.683107,1.2101818,22.283348
Finland,FIN,1971,1.8242875,20.979305,0.3508245,22.322462,1.1827797,23.014088
Finland,FIN,1972,2.132503,21.975794,0.30035254,22.996992,1.1513513,22.476381
Finland,FIN,1973,1.8011924,22.725044,0.23015237,24.456192,1.0406889,24.546251
Finland,FIN,1974,1.8706515,23.19808,0.23008013,24.078384,1.2104216,26.239138
Finland,FIN,1975,2.3699133,24.399109,0.23999123,27.319002,0.9099668,25.949053
Finland,FIN,1976,2.4708676,24.098463,0.22007729,26.099165,0.87030566,27.579685
Finland,FIN,1977,2.7102396,23.172049,0.24002121,27.232407,0.8200725,28.222494
Finland,FIN,1978,2.49882,22.189522,0.18991032,28.156704,0.7796318,27.25713
Finland,FIN,1979,2.8791316,23.023054,0.19993968,29.151205,0.68979186,27.361746
Finland,FIN,1980,3.1697626,23.988203,0.17998652,29.89776,0.5499588,26.478016
Finland,FIN,1981,3.5308464,21.595177,0.19004557,29.90717,0.58013904,26.456343
Finland,FIN,1982,3.4193738,22.415894,0.2199597,31.594213,0.51990473,26.485147
Finland,FIN,1983,3.7778273,19.95852,0.25985056,32.97104,0.4597356,27.843987
Finland,FIN,1984,3.9477127,20.787954,0.2998263,30.652239,2.7484076,28.32359
Finland,FIN,1985,4.1397786,21.748838,0.29998398,31.518316,2.9798408,28.728464
Finland,FIN,1986,4.4524827,21.532007,0.27015066,32.59818,2.351311,30.767157
Finland,FIN,1987,5.385174,22.681791,0.29027885,32.741455,2.1120288,31.099878
Finland,FIN,1988,5.6060805,21.893747,0.3103366,33.716568,2.2624538,31.39405
Finland,FIN,1989,6.7046895,21.204832,0.28019598,33.603508,2.441708,31.191818
Finland,FIN,1990,7.2206135,22.261892,0.27002296,32.522766,0.70005953,30.542597
Finland,FIN,1991,7.8823066,20.190292,0.27972698,32.45832,0.98903465,30.260466
Finland,FIN,1992,7.749004,19.801899,0.28958905,32.104443,0.7189798,32.104443
Finland,FIN,1993,7.4617524,19.048944,0.2896798,29.407495,0.78912777,31.635033
Finland,FIN,1994,8.45592,19.740475,0.32984087,29.315855,0.67967206,32.62426
Finland,FIN,1995,9.3201475,19.360308,0.44000697,32.330513,0.69001096,33.310528
Finland,FIN,1996,10.972751,19.074781,0.4101028,32.628178,0.61015296,33.788467
Finland,FIN,1997,10.892274,19.294027,0.3900814,32.86686,0.4700981,33.09691
Finland,FIN,1998,11.878744,19.56793,0.37995982,34.23638,0.6599302,32.576557
Finland,FIN,1999,12.678734,18.958105,0.35996404,33.806625,0.589941,31.316872
Finland,FIN,2000,13.64948,18.049313,0.3599863,32.668755,0.7599711,31.368807
Finland,FIN,2001,15.70009,18.080105,0.27000156,31.870186,0.8500049,31.660183
Finland,FIN,2002,16.96821,18.0381,0.2599726,32.146614,0.87990725,31.916637
Finland,FIN,2003,17.770144,18.270147,0.3100025,32.09026,1.0400083,33.70027
Finland,FIN,2004,17.989494,18.939468,0.28999183,32.93907,1.1299682,34.319035
Finland,FIN,2005,17.889734,18.999718,0.31999522,33.409504,1.209982,31.629528
Finland,FIN,2006,17.335766,19.026329,0.43014306,33.091007,1.2604191,34.09134
Finland,FIN,2007,18.801672,18.591541,0.53032917,35.20185,1.9211925,36.2425
Finland,FIN,2008,19.677097,18.315914,0.48041743,33.989532,1.651435,34.950367
Finland,FIN,2009,18.427744,18.207533,0.48046264,34.002743,1.831764,34.31304
Finland,FIN,2010,18.680012,18.39001,0.5600003,36.44002,2.0300012,35.010017
Finland,FIN,2011,18.920015,18.740015,0.57000047,34.850025,2.2700016,36.170025
Finland,FIN,2012,18.859974,19.45997,0.55999917,37.089947,1.9999971,35.71995
Finland,FIN,2013,18.939976,19.159975,0.5599993,36.22995,1.6899978,35.209953
Finland,FIN,2014,18.62998,18.22998,0.5499994,35.81996,1.7399981,35.72996
Finland,FIN,2015,18.590004,17.720003,0.55000013,36.010006,1.5100003,34.770008
Finland,FIN,2016,18.760008,18.130007,0.56000024,36.120014,1.3100004,31.650013
Finland,FIN,2017,18.990005,18.830006,0.5600002,36.19001,1.4900005,33.60001
Finland,FIN,2018,19.580036,19.310036,0.57000107,37.38007,1.680003,31.410059
Finland,FIN,2019,20.58002,17.910019,0.54000056,31.840033,1.1500012,31.950033
Finland,FIN,2020,21.059977,17.64998,0.46999946,29.999968,0.6599993,31.899963
Finland,FIN,2021,22.790005,19.320004,0.44000006,30.790005,0.7500001,31.840004
Finland,FIN,2022,23.47,17.81,0.44999996,29.209997,0.8,31.669998
Finland,FIN,2023,23.32002,17.300014,0.41000035,27.870026,0.5000004,31.490028
France,FRA,1961,10.904903,28.21051,2.2422218,25.622572,9.047909,17.769855
France,FRA,1962,11.045237,28.46158,2.2229407,26.695135,9.209326,18.190403
France,FRA,1963,11.60499,28.444191,2.1136236,26.669544,9.471427,19.31174
France,FRA,1964,12.128723,28.277023,2.2397642,27.247131,9.628986,19.587938
France,FRA,1965,12.505889,28.078127,2.4049788,28.559122,9.82033,20.542526
France,FRA,1966,9.177598,29.23792,2.5677214,28.53581,10.120433,20.732344
France,FRA,1967,9.484825,29.597466,2.6068227,29.567387,10.517528,20.934792
France,FRA,1968,9.504772,30.026667,2.6441095,30.617584,10.726671,22.074308
France,FRA,1969,11.627852,30.3144,2.7494922,29.624527,11.087952,20.186272
France,FRA,1970,11.964263,29.925625,2.8239253,30.474447,11.146024,20.63561
France,FRA,1971,12.06749,29.605707,3.0293286,31.847809,11.110859,20.8366
France,FRA,1972,13.013085,28.497261,3.208433,32.42311,11.219551,21.48255
France,FRA,1973,14.178779,28.29773,3.290434,32.076744,11.267243,21.577269
France,FRA,1974,14.309874,28.959269,3.2853792,32.394436,11.094396,22.148848
France,FRA,1975,14.051892,29.725157,3.4329052,33.24814,11.169453,22.278854
France,FRA,1976,14.843804,30.569616,3.5180116,33.636604,11.255632,22.14042
France,FRA,1977,14.962238,31.02685,3.5777085,34.384087,11.07386,23.620893
France,FRA,1978,15.64407,31.28814,3.545455,35.905243,10.766565,24.21726
France,FRA,1979,15.875399,32.791805,3.6635537,36.805702,11.100768,24.163439
France,FRA,1980,16.039982,32.699963,3.8199956,37.459957,10.849988,24.829971
France,FRA,1981,16.464203,31.559721,4.1560125,35.665783,10.429993,25.675367
France,FRA,1982,17.999807,30.92812,4.2528663,35.25087,9.064795,25.147818
France,FRA,1983,16.372688,31.217926,4.1331058,35.34105,9.623947,26.116436
France,FRA,1984,16.769423,31.850914,4.224816,35.30667,9.398467,25.358881
France,FRA,1985,17.553164,31.56972,4.0561094,35.176258,9.321059,26.264809
France,FRA,1986,17.837568,31.538017,4.356963,35.345364,6.505466,27.740665
France,FRA,1987,19.267147,31.41904,4.516987,35.88606,7.0752797,28.9307
France,FRA,1988,19.438992,29.957624,4.5350986,36.720314,6.942497,30.11745
France,FRA,1989,20.54185,29.934404,4.5615287,36.262653,6.777413,29.225723
France,FRA,1990,20.767305,32.926453,4.4686613,33.70448,6.583296,31.539972
France,FRA,1991,21.55448,34.355568,4.386666,33.787292,6.5401196,30.836266
France,FRA,1992,21.638536,30.126581,4.363572,35.067978,6.465658,30.594818
France,FRA,1993,20.985699,26.284414,4.3724356,35.646805,6.394314,30.29829
France,FRA,1994,23.03714,25.757355,4.3144813,35.591984,6.0482454,30.39069
France,FRA,1995,23.685196,27.82213,4.3063993,35.717197,6.020984,30.802717
France,FRA,1996,25.54775,27.591969,4.317789,35.330086,6.1526003,31.141928
France,FRA,1997,26.292192,27.529001,4.3487844,35.538345,5.884823,30.79059
France,FRA,1998,26.645102,27.722479,4.2995276,37.18942,5.8258104,32.39111
France,FRA,1999,25.248884,26.146002,4.226422,37.060936,5.8113303,31.797844
France,FRA,2000,26.339577,25.92149,4.2107487,37.379105,5.793513,31.15755
France,FRA,2001,27.42008,27.350437,3.4225357,37.180275,5.6710615,33.707996
France,FRA,2002,25.571085,27.940067,3.414123,35.66415,5.01667,34.190998
France,FRA,2003,24.394108,26.197758,3.3880708,37.41825,4.4941764,33.64155
France,FRA,2004,24.141834,26.166119,3.3605113,33.47548,3.7593853,33.016777
France,FRA,2005,20.719294,26.442526,3.3402133,34.299507,3.2405055,34.169884
France,FRA,2006,20.013714,25.684933,3.3090403,30.788029,3.2891064,34.685123
France,FRA,2007,20.905586,26.575405,3.29826,29.206041,3.4576924,33.550575
France,FRA,2008,24.092499,25.736526,3.3478408,34.62425,2.8895056,34.275517
France,FRA,2009,23.578094,26.009647,3.338403,34.759254,2.421588,34.579876
France,FRA,2010,23.619999,25.849998,3.7299995,34.569996,2.7899997,34.789997
France,FRA,2011,23.580002,25.300001,3.5400002,33.460003,2.6400003,35.210003
France,FRA,2012,23.750002,25.020002,3.4700003,33.480003,2.4700003,33.080006
France,FRA,2013,23.829998,23.779999,3.3799999,33.149998,2.6799998,33.949997
France,FRA,2014,25.119999,23.789999,3.3199997,33.479996,2.5999997,33.749996
France,FRA,2015,25.490002,23.760002,3.1600003,33.84,2.41,33.4
France,FRA,2016,25.800001,23.620003,2.9800003,32.830006,2.7300003,33.870003
France,FRA,2017,25.530003,22.990002,2.9200003,32.930004,2.4500003,34.660004
France,FRA,2018,26.75,23.11,2.91,33.56,2.21,34.58
France,FRA,2019,25.5,23.2,2.51,32.76,1.2,32.99
France,FRA,2020,25.720003,22.530003,2.3900003,32.330006,0.85000014,32.910004
France,FRA,2021,25.05,22.47,2.34,32.63,0.59,32.82
France,FRA,2022,24.259998,22.639997,2.3799999,32.889996,0.59999996,32.719997
France,FRA,2023,24.739996,21.649998,2.2099998,31.179996,0.5199999,32.639996
French Polynesia,PYF,1961,2.3981884,14.68298,0.8057155,7.896012,0.037916023,43.3001
French Polynesia,PYF,1962,2.7429593,12.65611,0.7699535,11.212447,0.019248836,45.83148
French Polynesia,PYF,1963,3.1795695,15.490706,0.7561171,4.8469048,0.019387618,36.76862
French Polynesia,PYF,1964,4.2268996,18.623564,0.736799,5.225456,0.18419975,42.00724
French Polynesia,PYF,1965,6.9241824,17.324982,0.7166287,7.7086,0.29052514,43.733715
French Polynesia,PYF,1966,9.315656,20.711222,0.7421277,8.45635,0.41988805,47.310642
French Polynesia,PYF,1967,9.7111,23.800951,0.7006004,9.2634945,0.5157197,40.868355
French Polynesia,PYF,1968,11.900742,17.342741,0.677829,9.402457,1.06516,47.94188
French Polynesia,PYF,1969,11.03824,25.632814,0.651023,7.802559,0.20405197,33.05642
French Polynesia,PYF,1970,14.798249,18.18429,0.62704444,8.788269,0.8489217,37.70949
French Polynesia,PYF,1971,12.322078,20.256529,0.59919125,8.369349,0.74415684,34.75309
French Polynesia,PYF,1972,11.238556,25.565054,3.9301066,8.576538,0.6195242,36.91977
French Polynesia,PYF,1973,13.3131075,24.523636,3.943548,8.604105,0.58135843,40.5013
French Polynesia,PYF,1974,13.736748,14.667396,4.488436,9.97538,0.6010433,39.135674
French Polynesia,PYF,1975,12.400805,30.528067,3.527731,8.355153,0.5081496,27.371675
French Polynesia,PYF,1976,13.613856,16.47736,2.1696167,8.23868,9.352807,37.98784
French Polynesia,PYF,1977,13.614716,16.915844,3.7406285,8.096557,9.131822,32.25926
French Polynesia,PYF,1978,14.3355465,15.621072,4.1000443,6.9535193,9.339531,39.383797
French Polynesia,PYF,1979,18.80388,12.034872,4.2960906,8.1751795,13.470136,35.10575
French Polynesia,PYF,1980,17.979486,12.005751,3.9047832,7.5084515,8.159248,36.46407
French Polynesia,PYF,1981,18.485998,10.537212,3.9212723,8.016395,11.165003,35.938557
French Polynesia,PYF,1982,18.587698,13.940774,3.8064208,7.7287726,9.119951,34.1805
French Polynesia,PYF,1983,20.34432,14.274852,3.604956,8.30203,8.862586,31.391144
French Polynesia,PYF,1984,20.200022,15.06573,4.0843153,14.661152,4.4792614,33.425884
French Polynesia,PYF,1985,22.449903,16.126804,3.7609875,15.111629,4.3120832,31.799196
French Polynesia,PYF,1986,24.641731,15.025446,4.6821227,15.335649,5.341304,31.349867
French Polynesia,PYF,1987,26.27427,16.609613,4.8566117,14.569836,4.604068,29.304796
French Polynesia,PYF,1988,27.535246,16.672983,5.635527,17.32511,4.85687,33.277836
French Polynesia,PYF,1989,26.67318,16.722965,6.0731277,16.645227,4.032557,37.3133
French Polynesia,PYF,1990,32.16115,14.856316,5.4897437,12.534105,2.5165374,41.284817
French Polynesia,PYF,1991,29.110636,32.97066,6.1254845,12.591273,4.1322713,39.815647
French Polynesia,PYF,1992,36.56804,29.640072,6.191568,14.107861,2.461124,36.73276
French Polynesia,PYF,1993,34.008057,30.393675,5.7404904,14.660478,2.396703,38.82079
French Polynesia,PYF,1994,33.69756,31.982153,5.7374043,13.132066,2.8202446,44.348583
French Polynesia,PYF,1995,34.825417,33.94462,6.059119,14.199245,2.990843,44.272224
French Polynesia,PYF,1996,35.117695,31.155302,5.778492,14.072328,2.894102,46.762085
French Polynesia,PYF,1997,36.796955,31.850288,5.318157,12.738159,2.6297505,45.22389
French Polynesia,PYF,1998,37.582634,33.441593,5.9031854,14.116738,3.5145,47.166744
French Polynesia,PYF,1999,36.68229,34.318867,5.524501,13.185929,2.9247355,47.032112
French Polynesia,PYF,2000,40.064365,32.057407,5.630508,15.037696,2.928653,47.50926
French Polynesia,PYF,2001,41.820843,33.774574,5.745923,13.4170265,3.060543,47.754345
French Polynesia,PYF,2002,42.902313,35.971104,5.4876204,14.742417,3.1739209,48.637123
French Polynesia,PYF,2003,43.32887,34.71059,5.0364,16.11846,2.3351479,48.355373
French Polynesia,PYF,2004,46.484318,36.4206,5.322632,14.114831,2.9570177,47.883972
French Polynesia,PYF,2005,42.398956,37.20103,5.1487956,13.156941,3.0067394,47.940792
French Polynesia,PYF,2006,43.830814,32.667286,4.37132,13.506006,3.136373,47.66307
French Polynesia,PYF,2007,46.428574,39.51015,4.9570646,13.446526,3.3762686,47.73614
French Polynesia,PYF,2008,45.458363,35.80618,4.409628,14.581169,3.0377436,47.437794
French Polynesia,PYF,2009,46.06874,33.993523,4.5527916,14.622032,2.9303064,47.710896
French Polynesia,PYF,2010,43.968372,35.528683,3.1998816,14.319469,2.2499168,50.428135
French Polynesia,PYF,2011,45.689327,36.90946,3.139954,14.049794,2.2499669,49.96927
French Polynesia,PYF,2012,44.798027,35.398445,3.1198626,13.989385,2.2798996,51.36774
French Polynesia,PYF,2013,47.778957,34.53925,3.119932,13.959696,2.0399554,49.658916
French Polynesia,PYF,2014,49.009823,34.809875,3.129989,14.189949,2.3299916,50.889816
French Polynesia,PYF,2015,48.558777,34.339134,3.1499207,14.189642,2.1199465,50.208733
French Polynesia,PYF,2016,48.17,29.5,3.14,19.43,1.94,50.25
French Polynesia,PYF,2017,48.258965,28.43939,3.0699341,17.919617,1.4099697,50.05893
French Polynesia,PYF,2018,49.59947,30.589672,2.9499686,20.359783,1.3599855,50.67946
French Polynesia,PYF,2019,49.118237,26.719042,2.9998925,18.129349,1.4299487,50.338196
French Polynesia,PYF,2020,49.87857,31.68909,2.2499354,12.55964,1.6999513,49.978565
French Polynesia,PYF,2021,50.976723,29.958073,2.3198507,13.779114,1.0299337,50.74674
French Polynesia,PYF,2022,51.318535,36.96895,2.6199253,13.639611,1.2199652,50.648556
French Polynesia,PYF,2023,51.70908,24.849558,1.909966,19.04966,0.9599829,50.509098
Gabon,GAB,1961,0.4959529,10.162172,0.4959529,2.4214172,31.08944,25.38112
Gabon,GAB,1962,0.5141845,10.361303,0.47537816,2.4739068,32.694374,24.292795
Gabon,GAB,1963,0.5340017,10.534397,0.5048743,2.553499,34.23436,24.166002
Gabon,GAB,1964,0.58255136,10.699526,0.58255136,2.5535166,35.67156,22.709791
Gabon,GAB,1965,0.5550593,10.292941,0.584273,2.648704,36.127544,22.552937
Gabon,GAB,1966,0.53762954,10.987193,0.5669548,2.6392725,36.549034,21.857086
Gabon,GAB,1967,0.53030115,11.106863,0.5597623,2.5827632,36.070297,20.09252
Gabon,GAB,1968,0.57263476,11.551426,0.6318729,2.6262217,35.592213,23.102852
Gabon,GAB,1969,0.59353596,12.31587,0.6232127,2.6214504,34.969154,23.691977
Gabon,GAB,1970,0.66229093,11.555492,0.5140168,2.6985884,34.29085,24.366373
Gabon,GAB,1971,0.8199653,10.21499,0.49395502,2.756269,33.71737,24.184036
Gabon,GAB,1972,0.7490241,9.944281,0.5026346,2.9172518,33.09504,24.01805
Gabon,GAB,1973,1.1202155,9.629923,0.50114906,2.8889768,32.446945,25.72565
Gabon,GAB,1974,1.8921597,9.872564,0.5196086,3.049024,31.852991,23.392193
Gabon,GAB,1975,2.818221,10.597685,0.5382019,3.3857794,29.718533,35.06141
Gabon,GAB,1976,3.4290345,8.137851,0.7913156,3.1359546,29.132137,30.470537
Gabon,GAB,1977,3.980092,12.1841545,0.838941,3.0728652,28.582523,33.830784
Gabon,GAB,1978,6.781413,11.711578,0.9158805,3.5271142,27.963587,35.134735
Gabon,GAB,1979,5.3560424,14.47395,1.0012202,3.6063368,27.2468,41.604103
Gabon,GAB,1980,6.577115,15.851042,1.0961858,3.2885575,26.638285,43.362396
Gabon,GAB,1981,7.930958,16.763601,1.3379854,3.296486,26.187672,41.51633
Gabon,GAB,1982,10.628171,18.729975,1.3648198,3.6008012,25.476637,41.564087
Gabon,GAB,1983,9.773331,19.382322,1.4113812,3.190108,24.76684,36.840916
Gabon,GAB,1984,9.829334,21.202038,1.7652289,3.2410758,24.115149,43.61948
Gabon,GAB,1985,10.200423,23.264292,1.3979787,3.5768971,23.418552,40.811337
Gabon,GAB,1986,8.994114,21.824944,1.3110391,3.8077974,22.769665,38.81061
Gabon,GAB,1987,10.708828,18.037441,1.6949223,3.3031726,22.139923,40.44701
Gabon,GAB,1988,11.365735,16.524103,1.674545,3.6570525,21.57661,38.033348
Gabon,GAB,1989,7.899946,13.981269,2.0110703,3.0983956,21.03445,32.24448
Gabon,GAB,1990,6.6519303,13.0728245,1.1648098,3.8987439,20.879938,30.679743
Gabon,GAB,1991,9.0290365,19.713717,1.5016308,5.0343137,20.0795,32.285065
Gabon,GAB,1992,8.947251,20.222712,1.0294149,5.5511436,20.270815,32.999
Gabon,GAB,1993,6.551982,21.503202,1.5682424,7.542958,19.848368,44.69972
Gabon,GAB,1994,9.715052,19.03573,1.5293993,7.7431846,19.612862,38.06184
Gabon,GAB,1995,14.028696,15.4421425,1.0096046,7.5576115,18.663261,40.30726
Gabon,GAB,1996,11.532649,11.311238,1.0589244,7.4606037,18.656322,48.72015
Gabon,GAB,1997,12.414712,8.23798,1.000876,6.1014943,18.679811,48.224903
Gabon,GAB,1998,11.874711,10.353053,1.0786437,6.9822917,18.722174,48.59675
Gabon,GAB,1999,10.468414,10.603119,0.95254874,6.88914,18.550648,46.29002
Gabon,GAB,2000,11.4855385,10.457127,1.1149142,7.4583917,18.117355,44.404343
Gabon,GAB,2001,12.668888,10.052695,1.1116422,7.206508,17.412535,41.264927
Gabon,GAB,2002,13.956779,7.900244,0.80244315,6.8398724,16.870413,32.9957
Gabon,GAB,2003,15.127269,7.1019144,0.89487934,5.7310357,16.421988,36.214054
Gabon,GAB,2004,19.964048,8.51812,1.0706869,6.3293705,16.894114,37.066612
Gabon,GAB,2005,22.915758,11.910164,1.2626281,6.039885,16.527237,35.118023
Gabon,GAB,2006,24.141148,12.759116,1.5644437,6.632492,16.08473,34.74564
Gabon,GAB,2007,25.932232,8.907522,1.4597923,6.6666946,15.964734,32.096832
Gabon,GAB,2008,28.097223,5.656354,1.4948276,5.259578,15.271232,27.82963
Gabon,GAB,2009,29.33659,6.033702,1.4170057,4.964091,15.541353,28.011003
Gabon,GAB,2010,33.11994,6.729988,1.0699981,4.9599915,17.75997,27.99995
Gabon,GAB,2011,38.799847,5.9499764,1.0799958,5.5099783,17.529932,32.489872
Gabon,GAB,2012,37.78994,6.24999,0.9599984,5.729991,17.519972,31.94995
Gabon,GAB,2013,38.44998,8.019997,0.8799996,7.999996,15.229992,32.749985
Gabon,GAB,2014,39.64,6.96,0.94,8.47,14.93,35.08
Gabon,GAB,2015,43.28,9.56,0.75,8.9,14.6,32.73
Gabon,GAB,2016,36.27,6.96,0.66,8.43,14.31,32.13
Gabon,GAB,2017,37.109966,7.0099936,0.6499993,8.579991,14.099987,27.969973
Gabon,GAB,2018,37.96,6.84,0.63,7.4,14.01,32.82
Gabon,GAB,2019,37.219986,5.949997,0.6599997,8.059997,13.899993,32.119984
Gabon,GAB,2020,34.92003,4.290004,0.62000054,8.360007,13.620012,31.54003
Gabon,GAB,2021,38.65985,4.4899826,0.6299976,10.079962,13.17995,28.259893
Gabon,GAB,2022,38.01,3.79,0.67,8.24,12.95,27.63
Gabon,GAB,2023,35.17,5.35,0.56,9.17,12.83,27.03
Gambia,GMB,1961,0.48860824,5.347034,1.8530238,0.27657074,1.4658248,11.735817
Gambia,GMB,1962,0.44781768,5.593151,1.8369664,0.26503494,1.4257052,13.087243
Gambia,GMB,1963,0.45047548,6.1534953,1.5316167,0.1801902,1.432512,12.739448
Gambia,GMB,1964,0.48964038,6.1427608,1.5668491,0.28488165,1.4155058,12.392352
Gambia,GMB,1965,0.5276779,6.2529826,1.5654444,0.36937448,1.407141,13.596499
Gambia,GMB,1966,0.5660329,6.356985,1.5761839,0.4615345,1.3846036,11.102953
Gambia,GMB,1967,0.59601575,6.4266047,1.52891,0.45780918,1.4511688,11.108352
Gambia,GMB,1968,0.58488363,6.6057444,1.4020005,0.4816689,1.4106017,12.669611
Gambia,GMB,1969,0.5734106,6.6584096,1.4035721,0.4535934,1.4720391,10.6894
Gambia,GMB,1970,0.5628918,6.9593887,1.4072293,0.4605478,1.4328153,11.309007
Gambia,GMB,1971,0.55432576,7.001561,1.4071347,0.4605168,1.3900785,11.529977
Gambia,GMB,1972,0.53882027,7.0987434,1.4283013,0.46184596,1.5309337,10.639562
Gambia,GMB,1973,0.5311133,7.058667,1.4305793,0.4625826,1.5248091,13.500558
Gambia,GMB,1974,0.5325475,6.5108223,1.4258529,0.506779,1.5289266,13.77752
Gambia,GMB,1975,0.5494793,6.4048686,1.425212,0.50655127,1.5625819,12.620853
Gambia,GMB,1976,0.57396936,6.1166286,1.4135066,0.4883023,1.5677074,13.34693
Gambia,GMB,1977,0.48722398,5.564611,1.4103853,0.47012842,1.4702199,14.334643
Gambia,GMB,1978,0.4512619,5.3129706,1.4048721,0.4512619,1.472987,15.657937
Gambia,GMB,1979,0.5088557,5.037671,1.3908722,0.46645105,1.4502387,11.805452
Gambia,GMB,1980,0.58376205,4.7716203,1.3790321,0.48223823,1.4044131,15.228576
Gambia,GMB,1981,0.58345467,4.7014604,1.3529383,0.48198426,1.3529383,17.943344
Gambia,GMB,1982,0.5838913,4.222634,1.3370265,0.50773156,1.3031776,9.147631
Gambia,GMB,1983,0.6014011,4.06581,1.3129178,0.49128538,1.2620952,14.51833
Gambia,GMB,1984,0.63678336,3.718815,1.2905476,0.46697447,1.2141336,15.002616
Gambia,GMB,1985,0.60511434,3.8096633,1.4147743,0.45170504,1.167615,12.937515
Gambia,GMB,1986,0.6348635,3.6633337,1.3898362,0.43754104,1.1153007,14.121422
Gambia,GMB,1987,0.67352444,4.576513,1.3643188,0.45765123,1.0707313,14.385792
Gambia,GMB,1988,0.7125202,4.952884,1.1991193,0.42577425,1.0340233,12.382211
Gambia,GMB,1989,0.7491445,3.414705,1.1411387,0.49652597,0.99305195,17.63974
Gambia,GMB,1990,0.79118955,4.0081143,0.9389942,0.40863636,0.9042166,18.519053
Gambia,GMB,1991,0.8368759,5.72009,0.88864136,0.5262828,0.8800138,20.818365
Gambia,GMB,1992,0.88112336,3.370511,0.82979584,0.39351144,0.8725688,13.832782
Gambia,GMB,1993,0.9330412,3.1553757,0.7633973,0.37321648,0.9330412,16.234917
Gambia,GMB,1994,1.0224383,3.6757078,0.70979184,0.38869554,0.9801887,16.012568
Gambia,GMB,1995,0.8684352,2.7064826,0.66608137,0.39627627,0.9696121,16.86282
Gambia,GMB,1996,0.61477417,2.8296454,0.6231957,0.38739195,0.9684798,22.3003
Gambia,GMB,1997,0.7491459,2.7693148,0.5807985,0.3619469,0.99324965,23.408707
Gambia,GMB,1998,0.58076507,2.710237,0.5386806,0.3787598,0.9763586,20.56245
Gambia,GMB,1999,1.5336075,2.460513,0.5561434,0.2949245,0.9606113,22.565939
Gambia,GMB,2000,1.8919452,3.7501056,0.48143247,0.2702779,0.98820347,19.460009
Gambia,GMB,2001,1.18647,2.0847974,0.6695081,0.24576879,0.9746004,23.246338
Gambia,GMB,2002,1.0468255,2.0681188,0.7319268,0.28936642,0.9872501,25.523819
Gambia,GMB,2003,0.94914556,2.4284444,0.87218773,0.2821784,0.9747981,25.626928
Gambia,GMB,2004,3.7433457,2.8332663,0.84139425,0.3262549,0.93583643,22.202505
Gambia,GMB,2005,4.439349,2.7670505,0.8447693,0.3275636,0.95683056,21.481277
Gambia,GMB,2006,3.8534238,2.4883096,1.1059153,0.32831863,0.6220774,24.019098
Gambia,GMB,2007,4.216968,2.3119724,0.8745663,0.476249,0.86590725,25.596218
Gambia,GMB,2008,1.9965245,2.3611073,0.8767347,0.45138812,1.1284703,25.147528
Gambia,GMB,2009,3.053433,2.2444036,0.86992395,0.40016502,0.7133376,25.332186
Gambia,GMB,2010,2.7799942,2.1899955,0.79999834,0.46999902,0.7299985,25.27995
Gambia,GMB,2011,3.7899904,1.979995,0.66999835,0.30999923,0.64999837,22.049944
Gambia,GMB,2012,3.459988,1.9999931,0.62999785,0.23999918,0.6399978,18.039938
Gambia,GMB,2013,2.4399943,2.2299948,0.6299985,0.13999967,0.6399985,21.16995
Gambia,GMB,2014,5.099988,4.9699883,0.5899986,0.28999934,0.6399985,23.809944
Gambia,GMB,2015,6.43,2.94,0.65,0.41,0.64,25.15
Gambia,GMB,2016,7.4499836,2.3999949,0.6599986,0.58999866,0.6599986,25.429945
Gambia,GMB,2017,7.629997,2.329999,0.6399997,0.32999986,0.6799997,26.10999
Gambia,GMB,2018,9.649987,2.4899967,0.6799991,0.27999964,0.6699991,20.669973
Gambia,GMB,2019,10.739969,2.8699918,0.6099983,0.47999865,0.5699984,24.76993
Gambia,GMB,2020,10.199943,2.7199848,0.529997,0.30999827,0.5999967,20.679886
Gambia,GMB,2021,11.259978,1.7899965,0.6899987,0.26999947,0.7599985,21.12996
Gambia,GMB,2022,14.759989,1.4099989,0.6399995,0.59999955,0.60999954,20.639984
Gambia,GMB,2023,15.530024,1.5400023,0.64000094,0.8400012,0.59000087,20.17003
Georgia,GEO,1992,2.3023143,9.067886,1.1511571,10.461392,0.050489347,7.3916407
Georgia,GEO,1993,1.9373717,8.449375,1.2983434,8.489948,0.071003154,3.8646002
Georgia,GEO,1994,2.4215364,6.7230844,1.4713134,9.246796,0.010217453,1.5734879
Georgia,GEO,1995,2.4893997,13.918006,1.9442005,9.865018,0.0102867745,1.2549866
Georgia,GEO,1996,5.5366406,11.757586,1.9699657,9.766883,0.020736482,1.6174455
Georgia,GEO,1997,6.551682,12.285715,1.4046807,10.283521,0.020965382,1.5828865
Georgia,GEO,1998,6.6718483,10.3052435,1.8379455,9.731549,0.08499169,2.2522798
Georgia,GEO,1999,6.5756407,10.973775,1.5738419,9.281355,0.07545818,1.3798065
Georgia,GEO,2000,6.883049,11.234276,2.0495703,9.107984,0.10960269,0.98642415
Georgia,GEO,2001,6.573154,11.300042,1.8129004,9.375921,0.11122089,0.95649964
Georgia,GEO,2002,7.6700144,12.652725,1.981887,9.640704,0.11197101,1.2540754
Georgia,GEO,2003,7.821585,13.307868,2.0671332,10.089845,0.08938954,2.0894806
Georgia,GEO,2004,7.124127,13.502447,2.2708154,10.051698,0.12244593,5.5768557
Georgia,GEO,2005,8.236125,13.504577,2.389699,10.50356,0.11114878,6.646697
Georgia,GEO,2006,6.5300817,9.567071,1.9022896,11.547232,0.36710852,6.9083147
Georgia,GEO,2007,9.749803,10.24064,1.8852594,9.549006,0.32350603,9.437452
Georgia,GEO,2008,12.551971,8.017138,1.9035105,8.028336,0.10077409,10.682053
Georgia,GEO,2009,12.981987,7.36694,1.0443985,6.5696034,0.10107083,9.107604
Georgia,GEO,2010,13.03996,8.329974,1.1299965,7.0299783,0.08999973,9.739969
Georgia,GEO,2011,13.639986,7.6599917,0.7699992,7.3399925,0.10999989,9.67999
Georgia,GEO,2012,14.310008,6.6700034,0.7800004,8.280004,0.13000005,9.070004
Georgia,GEO,2013,14.640008,6.6300035,0.8000004,9.480004,0.11000005,9.450005
Georgia,GEO,2014,15.159995,7.9099975,1.3499997,10.379997,0.10999997,9.0999975
Georgia,GEO,2015,15.53,7.56,1.32,9.93,0.22,8.57
Georgia,GEO,2016,17.109997,6.749998,1.0599997,9.549998,0.09999998,8.859998
Georgia,GEO,2017,17.71,6.91,0.56,10.15,0.14,10.47
Georgia,GEO,2018,16.379993,7.5999975,0.65999985,10.669997,0.15999995,10.009997
Georgia,GEO,2019,19.189991,7.3399963,0.8199996,10.299994,0.9899995,10.479994
Georgia,GEO,2020,19.16,6.52,1.29,9.71,0.61,10.11
Georgia,GEO,2021,18.34,6.29,1.08,11.22,0.41,10.39
Georgia,GEO,2022,18.939991,7.179996,1.3199993,12.129993,0.12999992,10.369994
Georgia,GEO,2023,20.28998,7.6599917,1.2899987,15.999983,0.17999981,10.329989
Germany,DEU,1961,5.015556,20.062223,0.7452834,37.54617,0.92656857,9.628256
Germany,DEU,1962,5.4808016,21.651182,0.79592526,36.73346,1.0075003,9.843279
Germany,DEU,1963,5.037417,21.126926,0.68508875,37.09554,1.0377079,10.548351
Germany,DEU,1964,5.477406,20.346092,0.59515095,39.229527,0.92803204,10.632019
Germany,DEU,1965,5.771806,20.17105,0.51461905,40.644814,0.92833245,11.200533
Germany,DEU,1966,5.9834065,20.85616,0.49441305,39.956646,1.0493665,10.352404
Germany,DEU,1967,6.3566294,21.08417,0.42512488,41.297844,1.1437883,10.8912945
Germany,DEU,1968,6.6462936,21.998724,0.39573348,44.403324,1.1060244,11.506712
Germany,DEU,1969,6.8550315,22.458582,0.40502402,44.12737,1.0733136,11.2697935
Germany,DEU,1970,7.542926,23.733856,0.4258103,45.511013,1.1557709,11.780752
Germany,DEU,1971,8.081629,23.595106,0.40611202,48.246105,1.2792528,11.523428
Germany,DEU,1972,8.331733,23.112207,0.43531534,49.808174,1.2958224,10.710782
Germany,DEU,1973,8.554738,23.169504,0.52520233,49.16702,1.3231058,12.443255
Germany,DEU,1974,8.137676,23.615414,0.5351077,52.218437,1.2822393,12.630562
Germany,DEU,1975,8.863085,23.195957,0.6989175,53.512775,1.2965426,12.084183
Germany,DEU,1976,8.629054,23.22425,0.7724477,53.634296,1.2908007,11.952612
Germany,DEU,1977,9.045142,23.01475,0.8037866,54.453995,1.3226867,10.713762
Germany,DEU,1978,9.6193285,23.753437,0.82364225,57.19738,1.3727372,10.748023
Germany,DEU,1979,9.619881,23.177013,0.89298475,58.835518,1.3394772,10.725964
Germany,DEU,1980,9.765292,23.291134,0.9098098,60.704536,1.3242787,11.493932
Germany,DEU,1981,9.662243,23.11281,0.8161018,61.21771,1.249341,11.324672
Germany,DEU,1982,9.785508,22.41002,0.8859307,59.629177,1.2181548,11.084202
Germany,DEU,1983,9.464048,22.496012,0.9574915,61.158512,1.2396996,11.651161
Germany,DEU,1984,9.61093,22.061684,0.89944565,61.72825,1.1723112,11.723112
Germany,DEU,1985,9.57532,22.930105,0.88153744,62.862736,1.1145875,11.034417
Germany,DEU,1986,9.769919,23.080545,0.8420595,63.39795,1.0043842,12.143918
Germany,DEU,1987,10.30064,23.374529,0.8939411,64.140274,1.0158422,11.052363
Germany,DEU,1988,10.797616,22.956362,0.8126146,64.01372,0.9345068,11.518812
Germany,DEU,1989,10.624756,22.262358,0.90143305,60.861927,0.90143305,12.539036
Germany,DEU,1990,11.2084875,21.932283,1.0299691,60.121925,0.91889405,13.975267
Germany,DEU,1991,11.532882,21.259651,0.87783086,53.931107,0.91819096,13.137194
Germany,DEU,1992,12.162831,20.099936,0.9681855,53.371227,1.1194645,13.534427
Germany,DEU,1993,11.230832,17.64845,0.9283348,54.014954,1.0897843,13.137955
Germany,DEU,1994,12.133162,16.585697,0.95122373,54.007244,1.1536118,13.9951315
Germany,DEU,1995,11.769685,15.905802,0.9833415,52.046135,1.8450326,13.888431
Germany,DEU,1996,13.502289,16.229103,1.0643697,53.208347,1.9665498,13.492153
Germany,DEU,1997,13.123113,14.805304,0.99310046,51.722294,2.016602,13.761535
Germany,DEU,1998,13.918202,14.498551,1.0181568,55.540447,2.2399447,15.007629
Germany,DEU,1999,12.767196,12.848971,0.9915277,55.627766,2.5248177,12.480982
Germany,DEU,2000,12.966234,13.292943,1.031173,53.855816,3.3283405,13.680908
Germany,DEU,2001,14.353192,10.599124,0.96912104,52.301933,4.7537937,15.342716
Germany,DEU,2002,13.398847,11.767327,0.8973352,53.075336,3.181461,13.969877
Germany,DEU,2003,13.76541,11.693966,0.8775577,54.561638,3.9081926,14.204189
Germany,DEU,2004,14.830642,12.542719,0.9192546,54.756935,1.3686681,13.707108
Germany,DEU,2005,14.724252,12.353658,0.9911537,54.370396,1.3590045,14.376837
Germany,DEU,2006,14.277479,12.473577,0.9224502,54.762794,2.0498893,15.199929
Germany,DEU,2007,15.564683,13.138483,0.9252453,56.069866,2.7654555,15.893659
Germany,DEU,2008,17.115814,12.911389,0.842941,54.52389,2.7138588,15.172937
Germany,DEU,2009,17.266567,12.898538,0.801662,54.82135,2.559152,14.727971
Germany,DEU,2010,17.950003,12.930001,0.8000001,55.670002,2.2500002,14.600001
Germany,DEU,2011,18.169998,13.699998,0.9099999,54.829994,2.2699997,14.819998
Germany,DEU,2012,17.82,13.66,0.77,53.65,2.34,14.1
Germany,DEU,2013,18,13.44,0.74,52.89,2.53,12.93
Germany,DEU,2014,17.72,13.59,0.81,49.91,2.6,13.15
Germany,DEU,2015,17.66,14.17,0.81,51.56,2.27,12.91
Germany,DEU,2016,17.82,14.54,0.8,45.73,2.41,13.67
Germany,DEU,2017,17.96,14.88,0.81,44.42,2.05,12.7
Germany,DEU,2018,18.1,14.8,0.82,45.34,1.78,12.93
Germany,DEU,2019,17.3,14.410001,0.84000003,46.490005,0.78000003,13.130001
Germany,DEU,2020,18.05,14.68,0.95,43.9,0.83,13.12
Germany,DEU,2021,17.09,14.9,0.7,41.68,0.94,13.11
Germany,DEU,2022,16.63,13.93,0.76,38.72,1.03,13.05
Germany,DEU,2023,16.769999,13.549999,0.74999994,38.669994,0.92999995,12.979999
Ghana,GHA,1961,0.7765635,4.0841494,1.1121156,1.0833541,3.6335504,16.470818
Ghana,GHA,1962,0.71464765,3.611868,1.0912863,0.72430503,3.5442662,14.505417
Ghana,GHA,1963,0.7872867,3.499052,1.2441074,0.6220537,3.4601736,16.78573
Ghana,GHA,1964,0.8982731,3.1732473,1.0447308,0.6151218,3.6419117,15.495212
Ghana,GHA,1965,0.9782294,3.1890278,0.95866483,0.45976782,3.550973,14.565836
Ghana,GHA,1966,0.9284071,3.0295389,0.8697708,0.53749883,3.8406737,17.141327
Ghana,GHA,1967,0.9449144,3.2049158,1.0033627,0.63319004,3.7504332,17.398115
Ghana,GHA,1968,0.94084716,2.686749,1.0184427,0.8147542,3.8894815,12.7644825
Ghana,GHA,1969,0.94702834,3.1116645,1.0726546,0.8503928,4.029702,18.612007
Ghana,GHA,1970,1.0305829,3.0917487,1.1365306,0.92463505,3.9200678,27.575315
Ghana,GHA,1971,0.99079645,2.9339118,1.0100352,0.827267,3.9247084,33.36964
Ghana,GHA,1972,1.0875943,2.4158068,0.92397386,0.72185457,3.9172645,37.777058
Ghana,GHA,1973,1.0875881,2.2906725,0.78922325,0.8469713,3.8113708,31.106945
Ghana,GHA,1974,1.0275738,2.727392,0.8835214,0.97955626,3.6973448,30.529505
Ghana,GHA,1975,0.9932941,1.8719774,1.0219469,0.8786833,3.9063203,32.06239
Ghana,GHA,1976,0.89880824,1.6462383,0.92719173,0.85150254,3.7749949,36.614613
Ghana,GHA,1977,1.1299531,1.4754759,0.9525224,0.80310714,4.398412,31.143747
Ghana,GHA,1978,1.0862738,1.3624451,0.920571,0.7824854,4.832998,27.7276
Ghana,GHA,1979,0.98256737,1.3282855,0.8370018,0.827904,5.1766744,23.035746
Ghana,GHA,1980,0.8864886,1.3749619,0.8412596,0.823168,5.7802672,19.973131
Ghana,GHA,1981,0.7423031,1.4665012,0.83282787,0.778513,6.1104217,19.191252
Ghana,GHA,1982,0.6178924,1.7082907,0.7814521,0.7541922,6.5696497,18.427732
Ghana,GHA,1983,0.5021397,1.7529238,0.7669042,0.6938657,7.2947197,18.93523
Ghana,GHA,1984,0.48803824,1.574614,0.67220366,0.6814119,6.8785768,19.346573
Ghana,GHA,1985,0.44682336,1.6197348,0.6888527,0.6795439,6.590645,20.451477
Ghana,GHA,1986,0.42228118,1.5671324,0.6381138,0.7507221,6.446826,23.544521
Ghana,GHA,1987,0.56606746,1.5095133,0.69814986,0.6321087,6.3022175,26.746687
Ghana,GHA,1988,0.54894936,1.4196967,0.70984834,0.74770695,6.152019,23.955015
Ghana,GHA,1989,0.7492643,1.508013,0.77771735,0.8535922,5.9941144,24.76366
Ghana,GHA,1990,1.0357891,1.7579906,0.7126989,0.8647413,5.977168,25.495615
Ghana,GHA,1991,1.2101103,2.9728692,0.70510364,0.8575584,5.9171534,22.677656
Ghana,GHA,1992,1.1758246,3.0303774,0.6882876,0.7169662,5.9460397,27.359432
Ghana,GHA,1993,0.9972126,2.579329,0.6712008,0.6999666,6.4531164,23.712566
Ghana,GHA,1994,1.0095779,2.3172219,0.6922821,0.7018971,5.9805474,20.191559
Ghana,GHA,1995,1.1463627,2.1482258,0.67433095,0.6454311,5.982279,21.13546
Ghana,GHA,1996,1.2242787,1.4267186,0.6747993,0.80975914,5.4562345,29.90325
Ghana,GHA,1997,1.281073,1.3099694,0.7320417,0.8765236,5.5962663,32.941875
Ghana,GHA,1998,1.3269031,1.2115202,0.721143,0.7692192,5.2018447,30.730307
Ghana,GHA,1999,1.8912123,1.4784096,0.768005,0.7296048,5.203234,31.296204
Ghana,GHA,2000,1.8022532,1.3516899,1.0640963,0.6422924,5.272549,29.823458
Ghana,GHA,2001,1.6454525,1.2436559,1.0331911,0.62182796,5.0702896,27.159533
Ghana,GHA,2002,2.4053152,1.2790169,1.059484,0.6681431,4.7151814,25.809414
Ghana,GHA,2003,3.7941053,1.2964782,1.1725502,0.77216715,4.6997333,21.144033
Ghana,GHA,2004,3.449117,1.3434407,1.1338258,0.6955402,4.7830296,29.365135
Ghana,GHA,2005,3.6196527,1.4288104,1.1335229,0.66677815,4.5912437,26.137703
Ghana,GHA,2006,3.8769805,1.3431308,1.1621416,0.990678,4.3437424,29.225002
Ghana,GHA,2007,5.1736193,1.8769853,1.3148425,0.9623123,3.9254718,29.002758
Ghana,GHA,2008,5.003207,1.7630349,1.4676074,1.0387611,4.288463,26.064327
Ghana,GHA,2009,4.6025777,1.1530268,1.629484,0.98150206,4.4882283,23.860985
Ghana,GHA,2010,5.8299975,1.2199996,1.4599994,0.7999997,4.1499987,22.119993
Ghana,GHA,2011,7.6199994,1.14,1.5799999,0.99999994,4.36,25.689999
Ghana,GHA,2012,7.639999,1.1299999,1.6599997,1.0499998,4.3199997,22.479996
Ghana,GHA,2013,8.139999,1.0599998,1.7099998,1.1699998,4.2699995,23.509996
Ghana,GHA,2014,6.7799997,1.1699998,1.7399999,0.8899999,4.3199997,22.669998
Ghana,GHA,2015,6.04,1.1,1.76,1.05,4.38,23.41
Ghana,GHA,2016,5.230001,1.0500001,1.7600002,0.9900001,4.1500006,24.230003
Ghana,GHA,2017,6.9799967,1.0599995,1.6599991,1.0799996,4.209998,24.099989
Ghana,GHA,2018,8.809997,0.98999965,1.5399994,0.86999965,4.1799984,23.92999
Ghana,GHA,2019,7.079999,1.4199998,1.7099998,1.0399998,3.9399996,22.389997
Ghana,GHA,2020,11.310003,1.5700005,1.7500005,1.2000004,3.740001,21.550005
Ghana,GHA,2021,13.540003,1.6800003,1.8600005,1.4400004,3.660001,24.540007
Ghana,GHA,2022,9.479999,1.4799999,1.8799998,1.3099998,3.6099994,24.079998
Ghana,GHA,2023,9.069998,1.5699998,1.8999996,1.1399997,3.6999993,23.619997
Greece,GRC,1961,1.459383,5.1128044,9.113698,4.3682213,0.8637165,16.11278
Greece,GRC,1962,2.0795481,6.4774446,9.581842,4.636696,0.9949992,15.790636
Greece,GRC,1963,2.7743108,8.851848,10.189106,4.560648,0.9779945,16.845455
Greece,GRC,1964,3.082173,9.126434,10.997754,4.5331964,0.9606773,16.161394
Greece,GRC,1965,4.3249874,11.359364,12.61371,5.5090904,0.9533035,18.20308
Greece,GRC,1966,5.180249,12.2442255,13.085891,5.7914586,0.83164537,17.965546
Greece,GRC,1967,6.0935493,13.675522,13.335882,5.20449,0.799154,17.241747
Greece,GRC,1968,5.436924,14.914132,13.098498,4.888244,0.7980807,18.91451
Greece,GRC,1969,6.719947,16.119873,13.87989,5.06996,0.8799931,17.509863
Greece,GRC,1970,7.5488234,19.912409,14.524699,6.2923617,0.9448594,14.76594
Greece,GRC,1971,9.389925,15.984989,17.261778,7.4496083,0.9852384,15.281248
Greece,GRC,1972,10.325166,15.53787,16.009018,8.610988,1.0926632,13.322471
Greece,GRC,1973,11.764548,17.767073,15.993372,10.942834,1.2425928,16.454334
Greece,GRC,1974,11.209855,16.222147,13.04803,12.043563,1.6473264,14.183078
Greece,GRC,1975,12.290798,17.247252,13.675395,11.769066,1.2240633,14.638592
Greece,GRC,1976,12.665866,22.225197,14.254093,12.6858425,1.3884505,15.432777
Greece,GRC,1977,12.009608,21.851093,13.42838,14.047845,1.3188589,14.807187
Greece,GRC,1978,11.922854,25.22836,13.8766,15.139019,1.2423815,15.820326
Greece,GRC,1979,13.03229,22.791494,13.732951,16.485546,1.341265,16.345415
Greece,GRC,1980,13.515397,21.706547,12.796174,15.463292,1.3385538,15.982731
Greece,GRC,1981,13.752681,15.837025,12.8850355,17.362885,1.1568607,17.352911
Greece,GRC,1982,14.925285,20.15262,13.073316,18.280737,1.1350784,18.499786
Greece,GRC,1983,14.844294,22.137276,13.512878,20.09047,1.0830175,16.245262
Greece,GRC,1984,14.861144,21.463894,13.542577,20.908707,1.040974,16.943092
Greece,GRC,1985,14.133405,20.932878,13.549461,19.586842,1.1678864,17.666756
Greece,GRC,1986,14.11614,21.708014,13.5230255,20.017637,0.92921376,18.267946
Greece,GRC,1987,14.366903,21.96013,13.843573,22.177362,0.7603103,18.63254
Greece,GRC,1988,14.459973,21.655415,14.075032,18.595625,0.9771586,17.04599
Greece,GRC,1989,15.005602,23.027029,14.887059,21.011795,1.4620337,19.243525
Greece,GRC,1990,15.630031,20.295269,14.639535,19.453346,1.1885955,20.166504
Greece,GRC,1991,15.619085,20.222292,14.326609,18.561956,1.5907408,20.441017
Greece,GRC,1992,14.576065,21.689262,14.785864,21.299637,1.2188348,21.309628
Greece,GRC,1993,14.759478,20.21516,14.41787,21.149557,1.3061484,22.576273
Greece,GRC,1994,15.343454,19.798006,14.383858,22.49498,1.3737392,25.222256
Greece,GRC,1995,17.003399,20.533937,14.172881,28.010971,1.4710579,22.552837
Greece,GRC,1996,15.663607,20.457342,14.564406,24.253654,1.5673784,24.599699
Greece,GRC,1997,12.402314,19.88858,14.370774,29.373901,1.652282,25.610373
Greece,GRC,1998,13.392331,20.680536,14.464126,26.988815,1.8373624,23.436579
Greece,GRC,1999,12.695164,23.31869,14.705571,32.421654,1.6532288,23.410536
Greece,GRC,2000,13.5520735,34.787052,12.879564,36.52946,1.7016512,22.345636
Greece,GRC,2001,16.382639,23.04539,12.655158,36.10681,1.9297593,22.578182
Greece,GRC,2002,15.460293,20.077118,12.524153,31.507812,1.4174465,21.119955
Greece,GRC,2003,20.925346,19.803806,12.731018,28.119383,1.737885,21.602314
Greece,GRC,2004,17.307442,17.962645,14.515268,27.095167,1.3305663,20.311295
Greece,GRC,2005,18.29048,17.858105,14.519765,29.240635,1.3976783,21.296997
Greece,GRC,2006,14.297724,19.46497,14.71913,32.0871,1.7056934,22.19408
Greece,GRC,2007,13.846603,18.465479,13.946796,28.895517,2.3545237,21.320965
Greece,GRC,2008,14.718135,18.300116,13.687566,29.41626,1.450802,22.102217
Greece,GRC,2009,14.966423,19.072699,13.397846,29.882893,2.3178973,21.32066
Greece,GRC,2010,14.900005,20.260008,13.0300045,29.380009,2.780001,18.770006
Greece,GRC,2011,13.330002,17.960003,13.330002,31.500006,2.4400005,17.670004
Greece,GRC,2012,14.950011,17.150013,12.95001,27.730022,2.7400022,15.680013
Greece,GRC,2013,15.970009,16.34001,12.6600065,28.790016,4.0400023,16.810009
Greece,GRC,2014,15.030001,14.760001,11.620001,27.870003,2.4000003,17.560001
Greece,GRC,2015,14.909998,13.949998,7.849999,27.889996,2.2099998,17.679998
Greece,GRC,2016,14.869991,14.329992,7.7499957,27.899984,2.0999987,20.149988
Greece,GRC,2017,15.049997,15.209997,6.959999,28.139996,2.1599998,19.119997
Greece,GRC,2018,27.369986,15.369991,6.719996,28.539984,1.829999,19.579988
Greece,GRC,2019,25.309998,14.739999,8.249999,28.199999,1.9799999,21.069998
Greece,GRC,2020,22.6,14.21,7.43,24.39,1.7,16.87
Greece,GRC,2021,25.759996,14.349998,7.479999,25.999996,2.0099998,18.999998
Greece,GRC,2022,26.999998,14.759999,8.5,27.319998,1.9199998,19.309998
Greece,GRC,2023,30.27,14.97,7.11,27.82,1.83,19.63
Grenada,GRD,1961,2.5864475,4.4666324,0.25769034,2.3764775,1.7561119,20.452978
Grenada,GRD,1962,2.519685,4.695777,0.26723933,2.3956096,1.6320688,24.376045
Grenada,GRD,1963,2.774349,4.993828,0.30613503,2.5160475,1.9707443,24.691704
Grenada,GRD,1964,2.9034898,5.5281677,0.33649716,2.8458045,2.2401097,26.083336
Grenada,GRD,1965,4.3973856,5.123826,0.36806312,2.644243,1.9952896,28.0406
Grenada,GRD,1966,5.5081162,6.398708,0.3678531,2.952505,2.5943325,29.554094
Grenada,GRD,1967,4.8236628,5.676037,0.42618704,3.4676127,2.683041,24.980373
Grenada,GRD,1968,5.858997,6.0236297,0.3873717,3.912454,2.5953903,20.385433
Grenada,GRD,1969,6.6834655,9.014457,0.5803299,3.104765,3.7721443,31.057322
Grenada,GRD,1970,8.18421,7.1050787,0.5156912,4.851317,3.9918318,29.967388
Grenada,GRD,1971,8.222464,6.879048,0.60024935,5.3736606,4.430412,34.461933
Grenada,GRD,1972,8.886865,6.5557275,0.25690082,5.908718,4.043809,34.415188
Grenada,GRD,1973,9.274029,4.3418455,0.46655795,5.8748217,3.722942,30.897562
Grenada,GRD,1974,9.337672,6.1275516,0.2926874,5.589385,3.2573273,30.297865
Grenada,GRD,1975,10.8175745,6.2899413,0.26247147,4.752609,4.124552,31.074749
Grenada,GRD,1976,13.167068,6.7932005,0.5125186,4.1281037,3.3080742,34.30147
Grenada,GRD,1977,14.89627,4.2574024,0.44521853,5.4632025,2.2631943,37.185024
Grenada,GRD,1978,18.230207,4.7862377,0.7391873,5.7287016,2.1806026,34.769524
Grenada,GRD,1979,19.46674,4.7991247,0.60571474,6.364664,1.8171444,27.14534
Grenada,GRD,1980,20.086512,4.132136,0.5365188,4.5368786,2.466104,27.127144
Grenada,GRD,1981,20.567049,8.764697,0.657836,4.488763,2.2250335,20.015627
Grenada,GRD,1982,20.137077,7.2115173,0.66992235,5.0441213,1.4285109,21.80203
Grenada,GRD,1983,21.734781,3.8212776,0.71775323,6.3283596,1.9915125,24.231752
Grenada,GRD,1984,21.422558,5.1812224,0.738709,5.9712305,2.2366467,28.61471
Grenada,GRD,1985,21.919603,4.660647,0.81145185,5.721776,2.039033,31.521784
Grenada,GRD,1986,22.00254,9.0695915,0.75407773,6.1049304,2.0556364,34.563614
Grenada,GRD,1987,21.335289,8.048945,1.0352994,11.540544,1.4514492,36.55013
Grenada,GRD,1988,22.047335,6.5882854,0.94687915,8.691354,1.3156637,34.027847
Grenada,GRD,1989,21.233091,5.538216,1.0078379,8.209476,2.2015877,32.299736
Grenada,GRD,1990,20.395906,5.819171,0.9122463,7.7108817,2.33343,32.802456
Grenada,GRD,1991,21.151121,6.447235,0.9332778,7.7995353,4.047378,35.37885
Grenada,GRD,1992,18.795195,5.593694,0.8495542,5.2500544,2.2241137,31.643509
Grenada,GRD,1993,25.447958,9.446083,0.9761909,4.584269,3.3592453,29.926952
Grenada,GRD,1994,24.91556,10.902957,1.0365487,8.215609,4.0022297,23.370335
Grenada,GRD,1995,21.955914,13.379536,1.0491867,7.9795938,4.3796325,20.175184
Grenada,GRD,1996,26.022717,9.327622,1.0718076,10.96913,3.5340683,29.325043
Grenada,GRD,1997,24.897776,8.996192,1.189262,7.711022,4.018555,18.845966
Grenada,GRD,1998,24.320478,10.164493,1.3431991,9.764391,4.991747,22.97728
Grenada,GRD,1999,25.074009,6.453009,1.3246646,10.6162405,2.507401,21.733961
Grenada,GRD,2000,25.90196,7.9822454,1.1769304,11.123891,2.5057228,18.384792
Grenada,GRD,2001,26.747162,5.2795424,1.2939129,8.849608,1.6244745,32.36671
Grenada,GRD,2002,32.891693,8.749793,1.2136809,12.663678,0.8467541,33.15513
Grenada,GRD,2003,32.952477,6.753478,0.9273153,11.165251,1.2832545,37.39235
Grenada,GRD,2004,31.718248,7.9224973,1.347107,12.604402,0.94203293,36.28711
Grenada,GRD,2005,37.804707,8.165366,1.3796654,15.063693,0.9479334,34.735657
Grenada,GRD,2006,33.223995,9.4631815,1.2904339,18.524271,4.320148,35.814213
Grenada,GRD,2007,31.793146,6.0688305,1.2137661,12.212934,1.5430825,37.833748
Grenada,GRD,2008,33.044155,6.123108,1.0595883,14.215362,1.1908647,37.404404
Grenada,GRD,2009,33.65844,6.327899,1.4674743,16.338503,1.1964122,34.34077
Grenada,GRD,2010,37.526634,5.0595465,1.2398889,10.2790785,1.0799032,27.66752
Grenada,GRD,2011,38.7755,4.1695166,1.2398562,8.888969,1.1098713,29.626564
Grenada,GRD,2012,37.872612,4.1991806,1.209764,10.447961,1.0997854,26.874756
Grenada,GRD,2013,40.96675,3.8596938,1.0799143,9.589239,1.0599159,29.287678
Grenada,GRD,2014,40.013687,3.4094622,1.0998266,9.528497,1.3597856,30.015266
Grenada,GRD,2015,42.995876,5.3294888,1.209884,11.958853,1.3098743,32.346897
Grenada,GRD,2016,41.78383,6.009113,1.4197903,14.697829,1.4297888,31.095407
Grenada,GRD,2017,44.48692,4.9396577,1.1799182,15.638917,1.6798836,30.657875
Grenada,GRD,2018,45.614876,6.089316,1.2698573,18.637905,1.4498372,34.216156
Grenada,GRD,2019,46.12404,5.9192348,1.259837,16.667845,1.1298538,27.876394
Grenada,GRD,2020,57.71355,5.959334,1.3898447,14.948329,1.0798793,26.916992
Grenada,GRD,2021,58.726982,6.789651,1.439926,16.029177,1.1199424,20.39895
Grenada,GRD,2022,45.712963,9.558529,4.6592827,22.396551,1.1298261,20.356867
Grenada,GRD,2023,45.69454,8.259013,3.2396126,22.147352,1.1198661,20.32757
Guatemala,GTM,1961,1.1073921,8.53403,0.8229243,2.8649957,0.19303164,0.52829707
Guatemala,GTM,1962,1.12466,7.953676,0.91188645,2.6849992,0.1823773,0.41541493
Guatemala,GTM,1963,1.152254,8.611583,0.79849184,2.5268729,0.18193485,0.4447296
Guatemala,GTM,1964,1.1799554,8.239517,0.8168922,2.2489748,0.20170178,0.5143395
Guatemala,GTM,1965,1.2079135,7.8514376,0.9663307,2.214508,0.2013189,0.6140227
Guatemala,GTM,1966,1.2459017,7.1438394,0.5626653,2.3109465,0.21099946,0.4521417
Guatemala,GTM,1967,1.2743702,7.405396,0.63216794,2.3480523,0.21072264,0.45154852
Guatemala,GTM,1968,1.3035257,8.121968,0.5514917,2.3764277,0.20054244,0.40108487
Guatemala,GTM,1969,1.3535726,7.028551,0.5213761,2.3060865,0.19050281,0.44116437
Guatemala,GTM,1970,1.404936,6.9745035,0.5720096,2.508814,0.21074039,0.45158654
Guatemala,GTM,1971,1.5072154,6.8829503,0.5526457,2.421593,0.21101014,0.46221274
Guatemala,GTM,1972,1.7510735,6.9942303,0.51324564,2.2945101,0.19120917,0.59375477
Guatemala,GTM,1973,1.8744676,5.4722357,0.5442003,2.458979,0.1713223,0.6147447
Guatemala,GTM,1974,1.9678657,4.7834272,0.5146725,2.2302477,0.2220156,0.7366882
Guatemala,GTM,1975,2.0819376,6.084109,0.4952182,2.2234287,0.24255584,0.7883065
Guatemala,GTM,1976,2.282189,7.211717,0.49701002,1.8358941,0.18257512,0.6897282
Guatemala,GTM,1977,2.2576215,5.5932064,0.5186428,1.637284,0.19321986,0.6203374
Guatemala,GTM,1978,2.053082,5.559583,0.49802485,1.920953,0.20327546,0.90457577
Guatemala,GTM,1979,2.3457778,4.32598,0.48743436,2.59965,0.22340742,1.0256431
Guatemala,GTM,1980,4.9106936,3.003234,0.3652582,2.4249086,0.19277515,0.76095456
Guatemala,GTM,1981,5.173053,1.8663563,0.27386752,2.444521,0.21300805,0.83174574
Guatemala,GTM,1982,5.4674973,2.7032607,0.2743911,2.3678937,0.21341531,0.6300833
Guatemala,GTM,1983,5.6524396,2.5313985,0.06099755,2.287408,0.2236577,0.39648408
Guatemala,GTM,1984,5.906645,2.4112892,0.27354962,2.0769506,0.22289227,0.34446988
Guatemala,GTM,1985,6.154637,2.7544525,0.31277665,2.0380929,0.22197051,0.38340363
Guatemala,GTM,1986,6.2896156,4.1193967,0.31146657,1.9290832,0.2411354,0.2411354
Guatemala,GTM,1987,6.4319468,4.981508,0.2800848,1.7305238,0.23006964,0.40012112
Guatemala,GTM,1988,6.6486015,5.0561223,0.2886369,1.6621504,0.21896592,0.67680377
Guatemala,GTM,1989,6.7024593,5.504531,0.2772066,1.68304,0.21780518,0.5445129
Guatemala,GTM,1990,6.9053135,5.1223435,0.27581853,2.4331133,0.21671455,0.91611147
Guatemala,GTM,1991,7.2418394,2.8162706,0.26494536,2.4630103,0.22569418,0.67708254
Guatemala,GTM,1992,9.389027,2.6406639,0.25428614,2.4939601,0.22494544,0.80197936
Guatemala,GTM,1993,9.04585,3.1582494,0.25343975,2.583136,0.2826828,0.80905765
Guatemala,GTM,1994,9.60669,4.448801,0.2719791,2.6129422,0.2719791,0.8159373
Guatemala,GTM,1995,9.845563,4.7824073,0.28074858,2.826848,0.21298169,1.0261844
Guatemala,GTM,1996,10.086122,4.9996276,0.28955373,2.673546,0.2026876,0.82040226
Guatemala,GTM,1997,11.9824505,5.187583,0.24061145,2.9739575,0.28873375,1.1068127
Guatemala,GTM,1998,12.918481,5.2787256,0.21114902,3.205626,0.2687351,1.3820664
Guatemala,GTM,1999,12.4622,5.709048,0.1724209,3.314313,0.2490524,1.6188407
Guatemala,GTM,2000,12.001284,5.727668,0.13409255,3.4097822,0.23945099,1.4845961
Guatemala,GTM,2001,12.323498,5.8596554,0.13426378,3.8552885,0.29729837,1.5823946
Guatemala,GTM,2002,14.478218,5.5818477,0.14410967,4.6211166,0.3554705,2.8149421
Guatemala,GTM,2003,13.347858,5.4797487,0.16371833,5.4219656,0.24076223,2.5906017
Guatemala,GTM,2004,14.668846,5.2147317,0.18348129,5.272673,0.22210895,1.4775072
Guatemala,GTM,2005,14.9385395,5.066703,0.19375537,5.4929647,0.24219422,3.0903983
Guatemala,GTM,2006,13.930726,5.2884264,0.2041488,4.656537,0.21387018,2.6733773
Guatemala,GTM,2007,16.29138,5.3654246,0.2243723,4.721574,0.2243723,2.1266592
Guatemala,GTM,2008,15.954301,5.5531545,0.23505415,4.720671,0.20567237,1.9783725
Guatemala,GTM,2009,16.168087,5.756744,0.2361741,4.9596562,0.20665234,1.5548129
Guatemala,GTM,2010,17.199991,10.929995,0.14999993,5.419997,0.1899999,1.6599991
Guatemala,GTM,2011,17.370008,11.100005,0.15000008,5.410002,0.19000009,1.6300007
Guatemala,GTM,2012,17.510014,11.230008,0.15000013,5.1000037,0.19000015,2.650002
Guatemala,GTM,2013,17.690002,11.320001,0.15000002,5.0800004,0.20000002,2.6700003
Guatemala,GTM,2014,17.960005,11.610003,0.19000006,4.850002,0.20000008,3.040001
Guatemala,GTM,2015,19.729994,12.169996,0.13999996,4.6999984,0.19999994,2.7199993
Guatemala,GTM,2016,20.389997,12.249999,0.13999999,4.5499997,0.19999999,3.2499998
Guatemala,GTM,2017,20.079996,11.749997,0.13999997,4.499999,0.16999997,3.1399994
Guatemala,GTM,2018,19.560001,11.360001,0.14000002,4.8400006,0.18000002,3.4500003
Guatemala,GTM,2019,25.639996,12.299998,0.12999998,4.2099996,0.16999999,3.4799995
Guatemala,GTM,2020,29.479998,12.0199995,0.13,3.9999998,0.16999999,3.5799997
Guatemala,GTM,2021,25.489998,11.249999,0.12999998,5.3999996,0.15999998,3.8799999
Guatemala,GTM,2022,28.900005,11.690002,0.13000003,5.020001,0.15000004,3.8300006
Guatemala,GTM,2023,29.889997,18.389997,0.11999999,5.7299995,0.13999999,3.7699997
Guinea,GIN,1961,0.2509287,2.8003643,0.49182028,0.13048293,0.8330833,1.1040863
Guinea,GIN,1962,0.24037273,2.8143642,0.5107921,0.16024849,0.811258,1.0816773
Guinea,GIN,1963,0.24980265,2.8477502,0.5195895,0.18985002,0.7993685,1.0691555
Guinea,GIN,1964,0.25933775,2.8826392,0.52865005,0.20946512,0.7879879,1.3066633
Guinea,GIN,1965,0.26890883,2.9181588,0.53781766,0.17927255,0.7668881,1.2847866
Guinea,GIN,1966,0.2686951,2.9655976,0.5473418,0.17913006,0.82598853,1.263862
Guinea,GIN,1967,0.26851934,2.7746997,0.52709347,0.19890322,0.82544833,1.4818289
Guinea,GIN,1968,0.25819746,2.909687,0.5163949,0.2085441,0.81431514,1.4598088
Guinea,GIN,1969,0.2672152,2.5929768,0.4750492,0.21773088,0.8016455,2.1476183
Guinea,GIN,1970,0.25583395,2.5484998,0.47230884,0.22631466,0.7970212,2.1057105
Guinea,GIN,1971,0.23431273,2.4993358,0.44909942,0.21478668,0.79080546,2.6164923
Guinea,GIN,1972,0.26114726,2.4567187,0.43524542,0.21278664,0.7931139,3.4722912
Guinea,GIN,1973,0.27743,2.5351362,0.48789412,0.22959723,0.8035903,3.922286
Guinea,GIN,1974,0.29318115,2.8561516,0.48233023,0.2364364,0.8038838,4.463919
Guinea,GIN,1975,0.30845252,2.9256253,0.48604634,0.25237024,0.80384594,4.7950344
Guinea,GIN,1976,0.3233425,2.8823674,0.4896329,0.258674,0.79449874,4.44365
Guinea,GIN,1977,0.3377768,2.7204726,0.49297157,0.25561488,0.78510284,4.573681
Guinea,GIN,1978,0.35219386,2.682092,0.48765308,0.26188776,0.77663267,4.4611225
Guinea,GIN,1979,0.35819665,2.5431962,0.4835655,0.2776024,0.78803265,5.668462
Guinea,GIN,1980,0.34731585,2.4935496,0.4808989,0.30278817,0.7747815,6.091386
Guinea,GIN,1981,0.34675622,2.4006202,0.47123283,0.39121217,0.78242433,6.2149386
Guinea,GIN,1982,0.32955185,2.4226515,0.47206074,0.36517906,0.76598537,6.7958937
Guinea,GIN,1983,0.3308715,2.4770648,0.54549086,0.36664137,0.7422252,7.1718636
Guinea,GIN,1984,0.32360005,2.5168893,0.5483223,0.33258894,0.7281001,7.6135902
Guinea,GIN,1985,0.3161022,2.5288177,0.514795,0.22578728,0.71348786,6.891028
Guinea,GIN,1986,0.37159503,1.6042029,0.33534187,0.21751903,0.6978736,8.2566595
Guinea,GIN,1987,0.39993906,1.9087999,0.4544762,0.21814857,0.6817143,7.4352307
Guinea,GIN,1988,0.42046207,2.4405081,0.51186687,0.20109054,0.74037886,7.8242507
Guinea,GIN,1989,0.42560142,2.3315554,0.55513227,0.15728748,0.72167194,7.882879
Guinea,GIN,1990,0.4116634,2.5635402,0.5426472,0.33681554,0.664275,8.682355
Guinea,GIN,1991,0.40783814,2.7695055,0.5595918,0.16123833,0.6544379,9.816569
Guinea,GIN,1992,0.41878292,2.8827848,0.56486994,0.2629567,0.6525222,10.6351385
Guinea,GIN,1993,0.6507136,3.1134143,0.58063674,0.20021959,0.70076853,10.95201
Guinea,GIN,1994,0.5524168,3.2531214,0.5933366,0.2762084,0.685406,10.997187
Guinea,GIN,1995,0.46690485,3.6729848,0.7677991,0.18676195,0.6744181,11.485859
Guinea,GIN,1996,0.45840204,3.6151254,0.79178536,0.18752812,0.6771848,10.647429
Guinea,GIN,1997,0.47068784,3.6609056,0.8263187,0.19873486,0.7008019,10.44927
Guinea,GIN,1998,0.53366417,3.631009,0.8685122,0.19881606,0.69062424,11.206947
Guinea,GIN,1999,0.55153817,3.7358909,0.90535516,0.19772124,0.68682116,13.1536665
Guinea,GIN,2000,0.6018244,3.849601,0.9338655,0.20752567,0.70558727,10.739453
Guinea,GIN,2001,0.59369695,3.9892268,0.9790792,0.20831472,0.6457756,12.155164
Guinea,GIN,2002,0.63615566,4.004652,1.0220206,0.20857564,0.65701324,10.376637
Guinea,GIN,2003,0.7471263,4.2440925,1.0688056,0.22828858,0.67448896,13.3133745
Guinea,GIN,2004,0.85905737,4.3780875,1.1178097,0.24840213,0.6727558,9.863634
Guinea,GIN,2005,0.9321377,4.5053325,1.1910648,0.24857005,0.6835677,9.859946
Guinea,GIN,2006,0.99638456,4.8366165,1.3285127,0.1972011,0.48781326,9.444896
Guinea,GIN,2007,1.0918077,4.9599266,1.3725584,0.20796338,0.45751944,7.6946454
Guinea,GIN,2008,1.1983439,5.012203,1.4171718,0.17714648,0.47933754,8.742701
Guinea,GIN,2009,1.2009565,5.7750344,1.4202616,0.1566465,0.49082568,12.009564
Guinea,GIN,2010,1.79,6.02,1.48,0.17,0.56,10.34
Guinea,GIN,2011,1.8499995,6.1899986,1.5399996,0.16999996,0.5399999,10.969997
Guinea,GIN,2012,1.97,6.38,1.61,0.17,0.55,11.49
Guinea,GIN,2013,2.0199993,6.569998,1.6699994,0.16999994,0.53999984,13.319995
Guinea,GIN,2014,1.9899998,6.7499995,1.6599998,0.15999998,0.53999996,11.339999
Guinea,GIN,2015,2.0099988,6.949996,1.7099991,0.1599999,0.5499997,10.949993
Guinea,GIN,2016,2.0599997,7.1899996,1.7999998,0.19999999,0.56999993,9.969999
Guinea,GIN,2017,2.1599987,7.3799953,1.7999988,0.20999986,0.49999967,11.039993
Guinea,GIN,2018,2.2999988,7.5899963,1.919999,0.1999999,0.49999973,11.089994
Guinea,GIN,2019,2.6500003,8.76,2.31,0.22000001,0.49000004,11.510001
Guinea,GIN,2020,5.119998,9.049996,1.8999993,0.57999974,0.4799998,11.019996
Guinea,GIN,2021,5.7899976,5.019998,2.0199993,0.27999988,0.46999982,11.189996
Guinea,GIN,2022,6.1600013,5.2100015,1.9800005,0.3700001,0.46000013,10.920003
Guinea,GIN,2023,5.9000006,6.3500004,2.11,0.37000003,0.45000002,10.650001
Guinea-Bissau,GNB,1961,0.24245295,3.2069914,1.0359354,8.871574,0,2.0608501
Guinea-Bissau,GNB,1962,0.24184068,3.1988926,1.0223265,8.783214,0,1.8687689
Guinea-Bissau,GNB,1963,0.24130842,3.2247581,1.0200765,8.763883,0,2.0291846
Guinea-Bissau,GNB,1964,0.26750487,3.1766205,1.0254354,8.9056835,0,1.8725342
Guinea-Bissau,GNB,1965,0.2750551,3.254819,1.054378,9.122662,0,2.0972955
Guinea-Bissau,GNB,1966,0.31528538,3.2929804,1.0626285,9.283402,0,1.7749398
Guinea-Bissau,GNB,1967,0.38508585,3.4074264,1.0619034,9.40543,0.011669267,1.8437444
Guinea-Bissau,GNB,1968,0.46144798,3.333962,1.0497942,9.240497,0.0346086,2.768688
Guinea-Bissau,GNB,1969,0.5554094,3.3903117,1.0413926,9.349392,0.011571029,2.9274704
Guinea-Bissau,GNB,1970,0.71290827,3.41261,1.0401448,9.630105,0.01168702,3.9385257
Guinea-Bissau,GNB,1971,0.6796479,3.5055525,1.0612047,9.956246,0.0119236475,3.92288
Guinea-Bissau,GNB,1972,0.84569204,3.6033835,1.115333,9.915433,0.012256406,4.436819
Guinea-Bissau,GNB,1973,1.0249741,3.512411,1.1499709,9.924749,0.012499684,4.72488
Guinea-Bissau,GNB,1974,0.7329957,3.3543873,1.1429764,9.827112,0,3.254998
Guinea-Bissau,GNB,1975,0.44220027,3.5017483,1.1114764,9.357914,0,2.8683262
Guinea-Bissau,GNB,1976,0.38643378,3.1369328,1.1024728,9.331239,0,4.637205
Guinea-Bissau,GNB,1977,0.37604678,3.0728393,1.0851636,9.422659,0,3.1158164
Guinea-Bissau,GNB,1978,0.35455662,2.9681456,1.0839304,9.11717,0,3.4949155
Guinea-Bissau,GNB,1979,0.35478452,2.8776965,1.103774,9.244107,0,1.5571097
Guinea-Bissau,GNB,1980,0.38467938,2.6927557,1.1441746,9.488758,0,4.349836
Guinea-Bissau,GNB,1981,0.40492097,2.7949421,1.14563,9.648971,0,1.5703033
Guinea-Bissau,GNB,1982,0.42653397,2.8567858,1.1605692,9.631732,0,3.1444483
Guinea-Bissau,GNB,1983,0.45968473,3.0379164,1.159205,9.663372,0,1.8887047
Guinea-Bissau,GNB,1984,0.5036626,3.0421221,1.1483507,9.599809,0,1.5915738
Guinea-Bissau,GNB,1985,0.5676685,2.939712,1.145474,9.630091,0.07095856,2.290948
Guinea-Bissau,GNB,1986,0.6226203,2.8885496,1.1533785,9.61489,0.010206889,4.0317216
Guinea-Bissau,GNB,1987,0.64707965,3.0505183,1.1606349,9.634297,0,4.837691
Guinea-Bissau,GNB,1988,0.68167275,3.2121243,1.1774347,9.471119,0,4.813022
Guinea-Bissau,GNB,1989,0.7064164,3.4281974,1.1738979,9.318464,0,5.235792
Guinea-Bissau,GNB,1990,0.78336984,3.5930564,1.1907222,9.212429,0,4.125748
Guinea-Bissau,GNB,1991,0.7744913,3.8933885,1.2140673,9.042709,0,3.5061429
Guinea-Bissau,GNB,1992,0.8317348,4.252244,1.2683955,9.013926,0,5.4166727
Guinea-Bissau,GNB,1993,0.84342456,4.0834093,1.2857082,9.082243,0,4.6182637
Guinea-Bissau,GNB,1994,0.683475,3.9784367,1.285341,9.048393,0,4.610906
Guinea-Bissau,GNB,1995,0.68199474,3.7458816,1.2723782,8.947364,0,5.0487967
Guinea-Bissau,GNB,1996,0.78444725,4.044488,1.283641,8.924361,0,5.2466283
Guinea-Bissau,GNB,1997,1.0124662,4.049865,1.2988203,8.887203,0,5.645266
Guinea-Bissau,GNB,1998,0.9949322,4.072042,1.3129001,8.851819,0,4.707978
Guinea-Bissau,GNB,1999,1.2148955,4.0771074,1.3178529,8.823436,0,4.1903605
Guinea-Bissau,GNB,2000,1.3093451,4.0929923,1.2990353,8.691165,0,3.2269688
Guinea-Bissau,GNB,2001,1.4864888,4.025907,1.2697091,8.588601,0,3.0142689
Guinea-Bissau,GNB,2002,1.4246148,3.5099204,1.2387955,8.392839,0,3.2002213
Guinea-Bissau,GNB,2003,1.4963881,3.9318886,1.2693498,8.544891,0,1.8266253
Guinea-Bissau,GNB,2004,1.6800401,3.823895,1.2368394,8.348666,0,1.1234624
Guinea-Bissau,GNB,2005,1.4409485,3.808221,1.2453912,8.398671,0,1.7394307
Guinea-Bissau,GNB,2006,1.5912712,3.788252,1.2935495,8.428604,0,1.3448808
Guinea-Bissau,GNB,2007,1.6057186,3.7637227,1.350031,8.427465,0,1.493216
Guinea-Bissau,GNB,2008,1.7636465,4.4753804,1.4170339,8.451231,0,2.711734
Guinea-Bissau,GNB,2009,1.7782222,4.0340242,1.4733843,8.454176,0,1.7375772
Guinea-Bissau,GNB,2010,2.0699973,4.0799947,1.4999981,8.739988,0,0.98999876
Guinea-Bissau,GNB,2011,2.2399943,4.06999,1.4799963,9.369976,0,1.2299969
Guinea-Bissau,GNB,2012,2.0599937,4.069988,1.4599956,9.249972,0.00999997,1.6399951
Guinea-Bissau,GNB,2013,2.199987,3.9599767,1.4099916,9.609942,0,1.7999893
Guinea-Bissau,GNB,2014,2.579991,3.9699864,1.4099951,8.869969,0,2.009993
Guinea-Bissau,GNB,2015,3.0399983,3.8999977,1.3999991,8.639996,0,1.9499989
Guinea-Bissau,GNB,2016,3.1799862,3.949983,1.4499937,8.309964,0,2.059991
Guinea-Bissau,GNB,2017,3.6399922,3.9199915,1.4199969,8.179982,0,2.3799949
Guinea-Bissau,GNB,2018,3.230005,3.8800063,1.4200022,8.050013,0,2.020003
Guinea-Bissau,GNB,2019,3.0499938,3.6599925,1.2799973,7.1699853,0,2.0999956
Guinea-Bissau,GNB,2020,2.9500015,3.660002,1.1300006,7.0500035,0,2.020001
Guinea-Bissau,GNB,2021,3.0299985,3.6799984,1.0899996,6.179997,0,2.4599988
Guinea-Bissau,GNB,2022,2.9499931,3.6499915,1.0399975,5.6399865,0,2.3999944
Guinea-Bissau,GNB,2023,3.8899949,3.6199949,1.0099987,5.4999924,0,2.3499968
Guyana,GUY,1961,3.173739,8.512738,0.5240129,2.2740185,0.6031093,25.02409
Guyana,GUY,1962,3.270839,8.201952,0.6064474,2.1772456,0.6362726,22.100533
Guyana,GUY,1963,3.317043,8.5623665,0.63943,2.257987,0.6594122,23.758821
Guyana,GUY,1964,4.1548214,8.169142,0.7125418,2.428664,0.69247025,25.179825
Guyana,GUY,1965,4.3598924,9.375786,0.767018,2.3515158,0.676187,24.806978
Guyana,GUY,1966,4.767719,9.596303,0.7405181,2.8910635,0.6999417,25.076172
Guyana,GUY,1967,4.6848335,9.053262,0.72466916,2.6333048,0.939008,26.353462
Guyana,GUY,1968,6.200577,9.11126,0.83015984,2.5929682,0.92239976,27.292784
Guyana,GUY,1969,7.9905653,8.7906475,0.7693099,2.164325,0.6051904,28.77219
Guyana,GUY,1970,8.628844,9.439402,0.75925624,2.0315235,0.5540519,29.816198
Guyana,GUY,1971,9.280287,9.249557,0.75799245,2.4276245,0.5019139,22.934393
Guyana,GUY,1972,10.668293,8.638665,0.73433757,2.3254023,0.15298699,17.74649
Guyana,GUY,1973,12.050418,7.8545613,0.76011884,2.0472534,0.060809504,18.627977
Guyana,GUY,1974,12.661034,6.6530905,0.71571124,1.6330314,0.04032176,24.414825
Guyana,GUY,1975,13.293771,7.76726,0.7335188,2.100074,0.06028921,21.63378
Guyana,GUY,1976,13.749937,7.6879206,0.75273377,3.0912266,0.03010935,23.113945
Guyana,GUY,1977,14.50251,4.767122,0.7744059,3.2685964,0.040228877,37.583828
Guyana,GUY,1978,13.343683,4.3404737,0.79558563,2.215555,0.030212112,39.114616
Guyana,GUY,1979,13.244302,2.3046696,0.8151888,2.3549898,0.010064059,39.773163
Guyana,GUY,1980,13.305001,2.9399436,0.8428507,1.8261766,0.010033937,38.259403
Guyana,GUY,1981,13.272115,2.688403,0.85948944,1.758955,0,39.766376
Guyana,GUY,1982,9.034785,2.9221418,0.8845939,1.4710101,0,39.558243
Guyana,GUY,1983,4.8967323,2.8531365,0.9181373,1.1748209,0,42.510746
Guyana,GUY,1984,5.3729725,2.078595,0.92164123,1.3824618,0,45.483974
Guyana,GUY,1985,3.7332723,2.1639335,0.94550246,1.393885,0,46.115177
Guyana,GUY,1986,4.0542684,2.1823215,0.95052236,1.4160843,0,44.732742
Guyana,GUY,1987,4.8065825,2.3887846,0.9671193,1.46035,0,44.158665
Guyana,GUY,1988,5.5384545,2.7595785,0.9841853,1.4473313,0,43.834843
Guyana,GUY,1989,3.182522,3.230742,1.0029767,1.3501608,0,42.20217
Guyana,GUY,1990,4.331296,2.9294257,1.0248156,1.1988409,0,44.212093
Guyana,GUY,1991,6.0131574,4.040996,1.0344177,1.1987644,0,47.13851
Guyana,GUY,1992,14.933972,5.6014447,1.0412325,0.8869758,0,48.39803
Guyana,GUY,1993,16.605572,5.096093,1.0384492,1.7019027,0,52.162838
Guyana,GUY,1994,16.79993,6.0898547,1.027783,0.8068577,0,55.93253
Guyana,GUY,1995,17.82575,5.0107923,1.0271165,0.95032275,0,56.520206
Guyana,GUY,1996,20.021078,3.8158271,1.0284472,0.77854407,0,56.651093
Guyana,GUY,1997,22.513506,2.8214104,1.0303444,1.6562545,0.057776317,57.03486
Guyana,GUY,1998,23.05054,3.1120646,1.0148036,1.6526803,0.009664796,49.126163
Guyana,GUY,1999,26.722874,2.5201113,1.0274299,1.579916,0.33924577,50.819016
Guyana,GUY,2000,30.320852,2.8112695,1.0311229,1.9357876,0.029182727,40.69045
Guyana,GUY,2001,24.999084,2.90596,1.0175753,1.8003255,0.009784377,36.877316
Guyana,GUY,2002,26.926197,2.4979014,1.0325971,1.7800007,0,34.587082
Guyana,GUY,2003,32.131905,2.7073007,1.0177078,1.2153211,0.009880659,39.996906
Guyana,GUY,2004,32.824806,2.6311476,1.0326012,1.1716052,0.009928858,37.68002
Guyana,GUY,2005,30.983175,2.9102983,1.0301056,0.9600984,0,33.433426
Guyana,GUY,2006,28.4843,3.1145253,1.0280957,1.0684131,0,25.692314
Guyana,GUY,2007,33.409523,3.3877501,1.0885564,2.1567657,0.010173423,23.29714
Guyana,GUY,2008,32.259037,3.085021,1.0900407,1.7276117,0,18.911179
Guyana,GUY,2009,36.396965,3.125674,1.1007357,2.6376119,0,25.493452
Guyana,GUY,2010,31.870045,3.3100045,1.1000015,1.1100016,0.13000017,31.760042
Guyana,GUY,2011,34.499493,3.199953,1.1099837,1.0299848,0.12999809,31.26954
Guyana,GUY,2012,40.68967,2.6699786,1.1299909,2.4199805,0.12999895,32.509735
Guyana,GUY,2013,38.58,3.38,1.12,2.44,0.13,25.6
Guyana,GUY,2014,39.549946,3.8199947,1.1099985,3.5499952,0.11999983,26.869965
Guyana,GUY,2015,42.099834,3.3199868,1.1099957,3.3899868,0.14999942,24.629902
Guyana,GUY,2016,43.569828,3.0699878,1.1099956,3.8999846,0.089999646,23.929907
Guyana,GUY,2017,40.57984,3.0799878,1.1199956,4.219983,0.039999843,24.529903
Guyana,GUY,2018,53.689796,3.1099882,1.079996,4.1699843,0.17999932,26.3299
Guyana,GUY,2019,48.839516,4.139959,1.0499895,5.3899465,0.049999505,25.339748
Guyana,GUY,2020,53.689598,4.3599677,1.0499921,5.5699587,0.1199991,25.339811
Guyana,GUY,2021,60.889698,3.5299826,1.0399948,5.9299707,0.20999897,25.089876
Guyana,GUY,2022,70.860176,3.260008,1.0400025,7.1300178,0.13000031,24.90006
Guyana,GUY,2023,76.84934,3.6799688,1.0799909,7.0099406,0.09999915,24.75979
Haiti,HTI,1961,0.60274327,3.455728,0.8840234,4.379935,0.8538863,1.185395
Haiti,HTI,1962,0.6036619,3.1994078,0.8753097,4.3866096,0.84512657,1.0362861
Haiti,HTI,1963,0.6049985,3.2165754,0.8772478,4.366072,0.84699786,1.2301636
Haiti,HTI,1964,0.60633177,3.2034528,0.85897,4.395905,0.86907554,1.3137188
Haiti,HTI,1965,0.60726994,3.4816809,0.79957205,4.3925858,0.8704202,1.3157514
Haiti,HTI,1966,0.6082767,3.507729,0.81103563,4.44042,0.8617254,1.8146921
Haiti,HTI,1967,0.6802414,3.7260983,0.89345133,4.9038296,0.913757,1.5026227
Haiti,HTI,1968,0.6912193,3.771211,0.88435405,4.9706793,0.9758389,1.4637585
Haiti,HTI,1969,0.7119494,3.8241854,0.89502215,5.0548406,1.0170707,1.5459473
Haiti,HTI,1970,0.7219286,3.904515,0.89478475,5.246692,1.0574728,1.169321
Haiti,HTI,1971,0.7517111,3.9718788,0.8939267,5.36356,1.1072501,0.985351
Haiti,HTI,1972,0.77059895,3.9138312,0.87199354,5.4550295,1.1660378,1.4195243
Haiti,HTI,1973,0.7993791,3.936183,0.8702101,5.4742284,1.204128,1.4773335
Haiti,HTI,1974,0.8383297,3.94924,0.7979283,5.6359997,1.2322437,1.5352544
Haiti,HTI,1975,0.8473974,4.035226,0.74651676,5.8006372,1.2811842,1.7452352
Haiti,HTI,1976,0.8571367,4.0739202,0.766381,5.8688655,1.3310829,2.0067084
Haiti,HTI,1977,0.867387,3.9738429,0.71609855,5.3656964,1.2809087,2.0877802
Haiti,HTI,1978,0.8782804,4.3611164,0.5956154,5.865298,1.3325634,2.7761736
Haiti,HTI,1979,0.9909271,3.8322587,0.65724754,5.3388724,1.3549411,2.7806628
Haiti,HTI,1980,1.0442188,4.2883935,0.64883494,3.953838,1.3787743,3.5787303
Haiti,HTI,1981,1.1188864,4.536576,0.6611601,2.7260141,1.3528353,3.0820234
Haiti,HTI,1982,1.1334063,4.9829035,0.66370636,2.9713626,1.3580455,3.4512734
Haiti,HTI,1983,1.3224931,5.11569,0.6458687,2.839772,1.3532488,3.3933737
Haiti,HTI,1984,1.4611224,5.1859555,0.65853405,2.9016657,1.3479369,4.6097383
Haiti,HTI,1985,1.3416051,5.108419,0.65016246,2.941211,1.3209649,4.375696
Haiti,HTI,1986,1.324154,4.8414383,0.6310422,3.1862457,1.3138092,4.4069505
Haiti,HTI,1987,1.3260503,4.506499,0.6215861,2.8696556,1.2742515,4.143907
Haiti,HTI,1988,1.2131937,4.2617316,0.6117814,2.51971,1.2650396,3.4944124
Haiti,HTI,1989,1.0787623,4.0453587,0.60161746,2.2301338,1.2447258,3.7756684
Haiti,HTI,1990,0.9854191,3.5163903,0.6949798,2.095312,1.1513845,3.6097457
Haiti,HTI,1991,0.9126497,3.5780017,0.6326322,2.3231084,1.0267309,2.3853345
Haiti,HTI,1992,0.88137496,3.7847278,0.5703014,2.6233866,0.98506606,2.3745277
Haiti,HTI,1993,0.83969456,3.960041,0.5908962,2.767882,1.0055602,2.6227498
Haiti,HTI,1994,1.1816717,3.752326,0.5597393,2.8919861,0.97436094,2.3840747
Haiti,HTI,1995,1.6790049,3.3269172,0.5078472,3.1818178,0.91205204,2.7050633
Haiti,HTI,1996,1.9585226,3.8341446,0.58030295,3.4818177,0.9533549,2.4766502
Haiti,HTI,1997,2.5275111,3.7601907,0.67331237,3.511583,0.95299596,2.6414561
Haiti,HTI,1998,3.4170592,4.0072784,0.75589496,3.7484102,0.9526347,2.9821608
Haiti,HTI,1999,5.048647,3.8485587,0.7345367,3.7864852,0.96213967,3.2174778
Haiti,HTI,2000,2.892685,4.855578,0.8678055,3.8741317,0.95045364,2.417458
Haiti,HTI,2001,2.9905686,4.7952223,0.8559213,4.5477266,0.94873214,2.835884
Haiti,HTI,2002,3.839353,4.89955,0.8440401,4.7554455,0.93667865,2.2233253
Haiti,HTI,2003,4.2413073,4.867747,0.8318302,4.8780165,0.9242557,2.8035758
Haiti,HTI,2004,2.889543,4.8056583,0.75824887,4.3240676,0.91194797,3.145708
Haiti,HTI,2005,3.362517,4.854698,0.807413,4.558306,0.9402784,3.209211
Haiti,HTI,2006,3.2496812,4.818493,0.72328323,4.1359577,0.9372121,4.3091383
Haiti,HTI,2007,3.410436,4.72995,0.8120086,4.526948,1.0251608,4.557398
Haiti,HTI,2008,3.4079113,4.641636,0.8595622,4.6011863,1.0415871,4.5708485
Haiti,HTI,2009,4.111755,4.5551796,0.7558373,4.2730002,0.9977053,4.9784484
Haiti,HTI,2010,6.0199943,4.6999955,0.6099995,4.0099964,0.9499991,3.9299965
Haiti,HTI,2011,7.709997,4.709998,0.63999975,4.3099985,0.93999964,5.0699983
Haiti,HTI,2012,8.09,4.74,0.64,4.19,0.8999999,3.5899997
Haiti,HTI,2013,7.6499968,4.659998,0.6599997,4.159998,0.89999956,4.9599977
Haiti,HTI,2014,8.479999,4.4999995,0.67999995,5.5899997,0.92999995,5.4599996
Haiti,HTI,2015,8.789992,4.459996,0.6899994,5.109996,0.91999924,5.849995
Haiti,HTI,2016,10.019999,4.429999,0.7399999,5.0299993,0.91999984,4.689999
Haiti,HTI,2017,9.099993,4.409996,0.7099994,4.5499964,0.92999923,6.5799947
Haiti,HTI,2018,10.239988,4.529995,0.67999923,4.989994,0.91999894,6.1199927
Haiti,HTI,2019,9.859995,4.369998,0.5399998,4.019998,0.85999966,5.1199975
Haiti,HTI,2020,11.000004,4.3400016,0.6100002,4.740001,0.8800003,4.8800015
Haiti,HTI,2021,12.269999,4.349999,0.57999986,4.069999,0.84999985,5.549999
Haiti,HTI,2022,9.990006,4.4100027,0.61000043,4.0100026,0.8300005,5.4800034
Haiti,HTI,2023,10.099999,4.4299994,0.59999996,4.7599998,0.8199999,5.419999
High-income countries,OWID_HIC,1961,7.532687,21.550577,3.1589444,20.633343,1.8005632,18.791763
High-income countries,OWID_HIC,1962,7.7668066,22.289333,3.1515634,21.084879,1.7945398,18.98826
High-income countries,OWID_HIC,1963,8.087474,23.26998,3.0558023,21.175703,1.747951,19.44654
High-income countries,OWID_HIC,1964,8.542255,23.946192,3.0071614,21.734272,1.77406,19.104872
High-income countries,OWID_HIC,1965,9.072931,23.610996,2.9119904,21.642763,1.7777332,19.99163
High-income countries,OWID_HIC,1966,9.519207,24.574482,2.99979,21.84247,1.7850237,20.132399
High-income countries,OWID_HIC,1967,10.003147,25.038488,3.0084386,22.906887,1.7781311,20.58486
High-income countries,OWID_HIC,1968,10.164006,25.63737,3.003537,23.66885,1.7725785,21.81623
High-income countries,OWID_HIC,1969,10.839685,25.963657,3.0119135,23.375107,1.7975489,21.174381
High-income countries,OWID_HIC,1970,11.559499,26.524004,2.9852962,24.222765,1.8034955,22.181791
High-income countries,OWID_HIC,1971,11.834298,26.26176,3.094259,26.042778,1.8126681,22.612366
High-income countries,OWID_HIC,1972,12.6597805,26.118141,3.1199286,26.199554,1.8335361,23.427559
High-income countries,OWID_HIC,1973,12.824069,25.437248,2.8103468,25.747082,1.8497232,23.799929
High-income countries,OWID_HIC,1974,12.968719,26.495213,2.4934247,26.908955,1.8534114,24.206835
High-income countries,OWID_HIC,1975,12.938,27.872623,2.5633895,25.547344,1.8455517,23.91086
High-income countries,OWID_HIC,1976,13.887613,29.44723,2.468997,25.794302,1.8891184,24.745045
High-income countries,OWID_HIC,1977,14.393989,28.709398,2.3276064,26.699343,1.8744751,23.91736
High-income countries,OWID_HIC,1978,15.147369,28.147886,2.3063574,27.775778,1.9038044,24.264833
High-income countries,OWID_HIC,1979,16.029005,26.22354,2.31966,29.963383,1.9438366,24.02693
High-income countries,OWID_HIC,1980,16.475508,25.911312,2.3732908,30.869846,1.8639047,24.184319
High-income countries,OWID_HIC,1981,17.01978,25.734257,2.376926,30.25009,1.7982866,24.919224
High-income countries,OWID_HIC,1982,17.315298,25.635902,2.4231608,29.271275,1.6966424,24.639036
High-income countries,OWID_HIC,1983,17.514578,25.696815,2.4709952,30.017591,1.7088298,25.590168
High-income countries,OWID_HIC,1984,17.776102,25.760284,2.5070763,30.105238,1.6802152,26.374088
High-income countries,OWID_HIC,1985,18.420996,25.924276,2.5410917,30.454336,1.7025636,26.982872
High-income countries,OWID_HIC,1986,19.201218,26.204441,2.5682428,30.26418,1.4954304,27.226675
High-income countries,OWID_HIC,1987,20.428164,25.887377,2.5796356,30.901226,1.5170319,28.508589
High-income countries,OWID_HIC,1988,21.029474,25.598888,2.554918,31.949913,1.4700055,28.331152
High-income countries,OWID_HIC,1989,21.487492,24.964064,2.5740228,31.740656,1.4199317,29.030624
High-income countries,OWID_HIC,1990,22.481354,25.073816,2.6861484,31.17109,1.4083648,28.714426
High-income countries,OWID_HIC,1991,23.064962,25.125978,2.6350827,30.889751,1.4468809,27.58546
High-income countries,OWID_HIC,1992,22.063723,25.074165,2.567516,29.989313,1.352988,26.631927
High-income countries,OWID_HIC,1993,22.075457,24.09094,2.5140233,30.400612,1.3540115,26.26699
High-income countries,OWID_HIC,1994,22.888905,24.035973,2.4230993,29.759531,1.3578547,26.47034
High-income countries,OWID_HIC,1995,23.33146,23.637554,2.365569,29.935974,1.3904979,27.212587
High-income countries,OWID_HIC,1996,23.852974,23.486195,2.2792337,29.868029,1.4356177,27.224659
High-income countries,OWID_HIC,1997,24.43506,23.184006,2.2104356,28.876097,1.3753952,27.177235
High-income countries,OWID_HIC,1998,24.953865,23.11061,2.215066,30.827671,1.439874,27.116861
High-income countries,OWID_HIC,1999,25.223225,22.924603,2.1582525,31.12963,1.4086406,26.960312
High-income countries,OWID_HIC,2000,25.882315,22.651415,2.1528296,30.489653,1.5200704,26.792118
High-income countries,OWID_HIC,2001,27.088385,22.089058,1.9775218,30.293913,1.7187626,27.646994
High-income countries,OWID_HIC,2002,27.922117,22.676926,2.0011604,30.897366,1.5288006,27.366144
High-income countries,OWID_HIC,2003,27.826881,22.64374,1.9419978,31.360537,1.4496411,27.743238
High-income countries,OWID_HIC,2004,28.512377,22.348673,1.9560236,30.761114,1.2340397,27.576805
High-income countries,OWID_HIC,2005,29.377594,22.32849,1.9574823,30.740759,1.2195708,27.416765
High-income countries,OWID_HIC,2006,29.472025,22.368097,1.9713764,31.03622,1.4329039,27.838444
High-income countries,OWID_HIC,2007,30.02964,22.548944,2.008741,31.820642,1.5018556,27.84556
High-income countries,OWID_HIC,2008,30.234085,22.050459,1.9332014,31.650518,1.5609192,27.32394
High-income countries,OWID_HIC,2009,29.895386,21.620203,1.8147603,31.252432,1.627633,27.05756
High-income countries,OWID_HIC,2010,30.403679,21.448584,1.7459563,31.513136,1.5734093,27.097546
High-income countries,OWID_HIC,2011,30.827137,20.813204,1.7126426,31.101818,1.6001596,27.088478
High-income countries,OWID_HIC,2012,31.027159,20.850365,1.6984746,31.133856,1.6309353,26.634209
High-income countries,OWID_HIC,2013,31.373346,20.542912,1.6780999,30.999767,1.6807367,26.214312
High-income countries,OWID_HIC,2014,31.48183,20.64527,1.6937135,30.225077,1.4893562,26.532475
High-income countries,OWID_HIC,2015,32.850636,19.719776,1.6699827,30.969177,1.4474019,26.039135
High-income countries,OWID_HIC,2016,33.571507,19.849426,1.643903,30.887665,1.399134,25.963833
High-income countries,OWID_HIC,2017,33.674843,19.976608,1.5754396,31.214985,1.316665,26.076597
High-income countries,OWID_HIC,2018,34.206684,20.288769,1.6099539,32.165024,1.3115349,25.901451
High-income countries,OWID_HIC,2019,35.002277,20.314543,1.6061865,32.108242,1.1636872,25.764505
High-income countries,OWID_HIC,2020,35.70986,20.675123,1.7104979,31.153208,1.1463337,25.468943
High-income countries,OWID_HIC,2021,34.604027,20.507467,1.6788732,31.554537,1.1738931,25.632454
High-income countries,OWID_HIC,2022,35.74274,20.281664,1.7017671,30.860546,1.1690898,25.538832
High-income countries,OWID_HIC,2023,37.101357,20.865404,1.7987751,31.699808,1.2873479,23.498117
Honduras,HND,1961,1.2094595,7.0616827,0.09753706,3.6771472,0,1.3947799
Honduras,HND,1962,1.215528,6.479549,0.088223815,3.6955974,0,1.0488831
Honduras,HND,1963,1.3197743,6.1655126,0.07879249,3.8115866,0,1.0440004
Honduras,HND,1964,1.680231,6.0685987,0.07906969,3.8151126,0,1.640696
Honduras,HND,1965,1.7223135,5.5331798,0.06928848,3.8405614,0,1.5738382
Honduras,HND,1966,1.908898,5.133254,0.049453318,3.6595454,0,0.6132211
Honduras,HND,1967,1.8654994,6.395998,0.06909257,3.6915174,0,1.6878328
Honduras,HND,1968,1.8502331,7.3418827,0.06889166,3.6709414,0,2.5391498
Honduras,HND,1969,1.8151613,5.9164453,0.068681784,3.777498,0,1.7857264
Honduras,HND,1970,1.7902689,5.6349444,0.06848023,3.82511,0,1.4869992
Honduras,HND,1971,1.7661812,6.8500514,0.058547445,3.6884892,0,1.0928857
Honduras,HND,1972,1.7427855,6.1922436,0.05841739,3.6802957,0,1.2365015
Honduras,HND,1973,1.7112169,6.349004,0.058336936,3.1988087,0,0.7778259
Honduras,HND,1974,1.6929368,6.654993,0.038918085,2.8799386,0,1.1578132
Honduras,HND,1975,2.005011,6.1999617,0.058398385,2.7252579,0,1.0414379
Honduras,HND,1976,1.8094923,5.4576626,0.058370717,2.8893507,0,1.0993152
Honduras,HND,1977,2.0822861,6.3636217,0.058381848,2.5785317,0,1.5373888
Honduras,HND,1978,2.3464298,7.993439,0.05841734,2.7358787,0,1.4701697
Honduras,HND,1979,2.309691,6.802381,0.04872766,2.7579854,0,1.9588519
Honduras,HND,1980,2.3217776,8.409126,0.048776835,2.868078,0,1.5511035
Honduras,HND,1981,2.509271,8.660402,0.048818503,3.3782406,0,1.2009352
Honduras,HND,1982,3.0191765,6.888413,0.04885399,2.7749066,0,1.3190577
Honduras,HND,1983,3.2661455,4.6449676,0.048894398,2.2002478,0,1.6330727
Honduras,HND,1984,3.1714523,5.7262335,0.039153732,2.7897034,0,1.556361
Honduras,HND,1985,4.058281,6.018803,0.049013056,2.44085,0,2.166377
Honduras,HND,1986,3.7291873,3.788069,0.049068253,2.5122945,0.0098136505,2.7772632
Honduras,HND,1987,3.537932,7.7048297,0.049137946,2.4863799,0,2.2112076
Honduras,HND,1988,4.437495,7.153124,0.03935694,2.5188441,0,2.381095
Honduras,HND,1989,4.213842,7.118242,0.049227122,2.6681101,0,1.8903215
Honduras,HND,1990,5.6518416,6.2229342,0.039385658,2.6683784,0,2.185904
Honduras,HND,1991,6.130543,5.3433146,0.049201794,2.5978549,0,2.6175356
Honduras,HND,1992,6.771795,6.290201,0.049142197,2.5357373,0,3.6070373
Honduras,HND,1993,7.455304,4.5026116,0.02942883,2.5210698,0.00980961,3.403935
Honduras,HND,1994,8.440908,9.604834,0.04890445,1.42801,0,1.8388072
Honduras,HND,1995,8.9049,9.966862,0.03897111,1.6562723,0.16562723,3.244345
Honduras,HND,1996,9.384939,10.402932,0.038780738,1.628791,0.16481814,4.246491
Honduras,HND,1997,10.286081,10.151118,0.048200943,1.7352339,0.0771215,4.4152064
Honduras,HND,1998,10.004337,8.872495,0.038367543,1.8991935,0,2.791239
Honduras,HND,1999,11.478409,8.358343,0.038165946,2.6429918,0.038165946,3.8833852
Honduras,HND,2000,12.988149,8.26691,0.037921604,2.5123062,0.066362806,2.7967184
Honduras,HND,2001,11.029037,8.222331,0.047092393,3.0233314,0.10360326,3.3153043
Honduras,HND,2002,15.971163,8.032391,0.03744704,2.5370371,0.07489408,1.872352
Honduras,HND,2003,17.307323,8.695557,0.03724007,2.7371452,0.07448014,2.7092152
Honduras,HND,2004,18.713844,8.662101,0.027792836,2.3531268,0.07411423,2.3438625
Honduras,HND,2005,19.972736,8.957749,0.027675847,3.394904,0.055351693,4.7325697
Honduras,HND,2006,17.82954,9.337533,0.03676194,4.3287187,0,4.3195276
Honduras,HND,2007,18.396658,9.546473,0.027485045,4.745751,0,4.406769
Honduras,HND,2008,18.94332,9.302606,0.036552474,4.9711366,0.0091381185,3.079546
Honduras,HND,2009,19.117586,6.9775543,0.027362958,4.7793965,0.018241972,2.0795848
Honduras,HND,2010,17.519999,7.079999,0.029999996,4.9999995,0.07999999,3.0999994
Honduras,HND,2011,18.989985,6.969994,0.029999975,4.749996,0.06999994,4.869996
Honduras,HND,2012,18.909998,6.1299996,0.029999996,4.4399996,0.05999999,3.2699997
Honduras,HND,2013,18.23001,6.5600033,0.040000018,5.3300023,0.06000003,2.030001
Honduras,HND,2014,18.519987,6.7199945,0.029999977,4.3299966,0.11999991,1.479999
Honduras,HND,2015,20.450008,7.040003,0.03000001,5.090002,0.06000002,2.0400007
Honduras,HND,2016,21.41,7.11,0.03,5.49,0.06,2.48
Honduras,HND,2017,21.23999,6.7799973,0.029999986,5.4899974,0.059999973,2.9799986
Honduras,HND,2018,22.620003,6.4800005,0.030000003,6.0200005,0.050000004,3.6000001
Honduras,HND,2019,22.759983,6.3399954,0.029999977,6.1599956,0.049999963,4.6999965
Honduras,HND,2020,20.230003,6.300001,0.030000005,6.840001,0.05000001,4.620001
Honduras,HND,2021,25.189999,6.3099995,0.029999996,8.369999,0.049999997,4.5399995
Honduras,HND,2022,23.949978,6.219994,0.029999971,7.1299934,0.049999952,4.4699955
Honduras,HND,2023,24.159992,6.239998,0.019999994,7.2099977,0.05999998,4.3899984
Hong Kong,HKG,1961,8.495804,6.7337112,0.20977294,19.414486,5.9051085,33.752464
Hong Kong,HKG,1962,9.345611,8.852501,0.30525863,28.952608,2.7121055,39.084846
Hong Kong,HKG,1963,10.544806,9.370194,0.36039212,36.773342,2.4693532,43.153618
Hong Kong,HKG,1964,10.498093,10.545222,0.34168875,34.451653,0.12960608,42.958527
Hong Kong,HKG,1965,8.589305,10.088242,0.24653572,29.830822,0.11833715,35.580036
Hong Kong,HKG,1966,8.631297,9.575344,0.3275269,32.3481,0.46239087,37.010536
Hong Kong,HKG,1967,11.388822,11.388822,0.34817895,34.537106,0.9771474,41.81517
Hong Kong,HKG,1968,14.955861,12.759099,0.45978737,43.57762,1.3027308,59.24871
Hong Kong,HKG,1969,14.325028,11.964523,0.39341757,38.369785,1.6662393,53.51636
Hong Kong,HKG,1970,15.080954,12.763249,0.4550744,35.63338,1.3228906,56.45039
Hong Kong,HKG,1971,15.665576,10.935778,0.47197568,39.75642,1.6368518,53.875523
Hong Kong,HKG,1972,16.431572,11.412187,0.4149886,42.279438,1.580909,52.990093
Hong Kong,HKG,1973,16.078327,12.257636,0.38305113,40.436447,1.0902225,49.37431
Hong Kong,HKG,1974,15.924578,11.063907,0.35279065,37.621204,1.2347673,50.429462
Hong Kong,HKG,1975,15.444299,12.098361,0.4317339,36.31471,1.2265167,49.28635
Hong Kong,HKG,1976,17.341408,12.820994,0.43427542,38.08793,1.3817854,47.523552
Hong Kong,HKG,1977,20.253553,12.841531,0.48815748,39.36143,1.6637204,44.053722
Hong Kong,HKG,1978,20.54131,12.314715,0.46318638,38.071907,5.2259507,44.345062
Hong Kong,HKG,1979,21.44463,11.163793,0.5378918,39.661915,4.6076016,48.95831
Hong Kong,HKG,1980,23.953728,11.477828,0.77401495,43.222626,5.255154,48.813866
Hong Kong,HKG,1981,24.085611,11.991906,0.5293541,45.575356,5.4564195,44.618446
Hong Kong,HKG,1982,25.596233,12.843806,0.5584264,47.953594,4.8227735,49.07045
Hong Kong,HKG,1983,23.841824,14.048383,0.646832,48.219303,5.993303,50.392258
Hong Kong,HKG,1984,23.378662,13.817865,0.7447357,47.3511,4.8810377,49.29345
Hong Kong,HKG,1985,26.316324,14.207401,0.41166323,48.174637,5.030324,48.39553
Hong Kong,HKG,1986,27.397572,14.433549,0.56365323,49.531025,5.706989,53.58732
Hong Kong,HKG,1987,29.730034,14.129628,0.64917165,48.708164,5.5179596,54.42899
Hong Kong,HKG,1988,27.800701,16.336494,0.5015591,55.488808,2.548739,56.236027
Hong Kong,HKG,1989,31.58685,14.037452,0.5061333,53.412556,2.4377031,52.989056
Hong Kong,HKG,1990,35.249985,15.28576,0.6147647,54.00552,2.4798985,61.862
Hong Kong,HKG,1991,37.624294,15.357705,0.5514623,50.20388,2.278684,70.25421
Hong Kong,HKG,1992,46.234547,14.994156,0.5028841,46.470592,2.5965238,69.336426
Hong Kong,HKG,1993,45.163113,14.835263,0.54608333,42.281006,2.518051,63.426567
Hong Kong,HKG,1994,49.05413,15.984604,0.420121,50.55456,2.600749,62.818096
Hong Kong,HKG,1995,55.580524,14.432237,0.4276955,48.85675,2.4766552,59.897263
Hong Kong,HKG,1996,55.556797,13.85933,0.40821302,46.118114,2.2401934,58.513855
Hong Kong,HKG,1997,52.73748,11.615876,0.45100465,48.788685,2.335202,64.303246
Hong Kong,HKG,1998,52.189495,11.675163,0.5963936,52.694912,2.2541656,59.4473
Hong Kong,HKG,1999,54.21793,12.821808,0.7326748,52.31501,2.2997847,54.950607
Hong Kong,HKG,2000,53.91815,13.171158,0.9174955,54.244373,2.089851,64.000404
Hong Kong,HKG,2001,46.725006,12.932815,0.70209616,55.56735,1.9231329,67.94052
Hong Kong,HKG,2002,45.263214,12.2302885,0.88155353,53.886227,1.8441696,68.83211
Hong Kong,HKG,2003,45.788834,13.47382,0.81567967,56.654488,1.7018502,65.30472
Hong Kong,HKG,2004,47.460804,14.919113,0.8410775,61.819202,1.7822833,68.66798
Hong Kong,HKG,2005,53.261322,16.302856,1.028288,58.77215,2.1064928,67.96684
Hong Kong,HKG,2006,51.251026,17.888004,1.196522,62.548183,1.894493,69.0094
Hong Kong,HKG,2007,54.205925,18.403553,1.1340568,61.020214,2.089052,63.964787
Hong Kong,HKG,2008,52.830517,20.177427,1.1413695,60.61168,2.223189,63.906765
Hong Kong,HKG,2009,54.026928,21.979746,1.7258464,59.958286,2.1126742,68.76605
Hong Kong,HKG,2010,57.11005,19.750017,1.9700017,53.620045,2.4200022,70.75006
Hong Kong,HKG,2011,57.52001,17.870005,2.2200005,55.250008,2.6800005,70.85001
Hong Kong,HKG,2012,49.04001,28.330004,1.6300002,56.74001,2.8800006,67.07001
Hong Kong,HKG,2013,45.330063,24.190033,1.4100019,56.370075,2.7100036,65.63009
Hong Kong,HKG,2014,42.24999,32.179993,1.8099995,50.649986,3.3999991,67.219986
Hong Kong,HKG,2015,37.849995,29.819996,1.4199998,55.469994,3.1899996,69.73999
Hong Kong,HKG,2016,39.52002,31.990017,0.68000036,58.77003,3.0000014,69.520035
Hong Kong,HKG,2017,46.190006,33.280003,1.1900003,59.270008,2.8300004,65.22001
Hong Kong,HKG,2018,40.32,35.24,0.98,56.35,3.39,66.2
Hong Kong,HKG,2019,56.569946,33.78997,0.9099992,51.66995,2.5599976,65.98994
Hong Kong,HKG,2020,53.94,32.28,1.19,55.74,2.12,65.87
Hong Kong,HKG,2021,49.449974,32.449986,1.3299993,52.139973,2.0599988,68.71996
Hong Kong,HKG,2022,39.999985,18.899992,0.48999983,49.81998,2.0599992,68.88998
Hong Kong,HKG,2023,41.439953,17.45998,0.4499995,46.01995,2.0699978,69.109924
Hungary,HUN,1961,9.404204,19.648785,0.94042045,46.870956,1.14051,1.9608768
Hungary,HUN,1962,9.796748,20.514132,0.9706687,49.033775,0.840579,2.1314683
Hungary,HUN,1963,10.406648,21.173872,0.8413459,48.397423,0.6410254,2.5941498
Hungary,HUN,1964,11.023519,20.363445,0.6914753,48.894318,0.7014966,2.5354092
Hungary,HUN,1965,11.021299,18.883629,0.98279107,50.36303,0.6819367,3.0386295
Hungary,HUN,1966,11.619385,17.118023,1.0535711,48.022778,0.6020407,3.8129244
Hungary,HUN,1967,12.2184105,18.167112,1.0834059,49.886826,0.5517345,4.1530557
Hungary,HUN,1968,12.124758,19.134853,0.7822424,55.599384,0.65186864,6.187738
Hungary,HUN,1969,13.024624,19.341417,0.74197245,53.532307,0.521386,4.120955
Hungary,HUN,1970,14.23245,19.839172,0.65194446,54.733246,0.96287185,3.4703507
Hungary,HUN,1971,14.744005,19.672056,0.43158084,58.27345,0.9534925,3.5329406
Hungary,HUN,1972,14.439183,17.853176,0.4618932,64.725296,1.1246096,3.7453513
Hungary,HUN,1973,15.038409,19.89048,0.331508,63.7299,1.3461235,3.817365
Hungary,HUN,1974,15.540833,19.235294,0.40157193,67.81546,1.1344407,3.6944618
Hungary,HUN,1975,15.356926,14.665263,0.43103644,72.76496,1.7341698,4.07981
Hungary,HUN,1976,16.491491,20.919947,0.27051657,63.300877,1.7032526,4.218055
Hungary,HUN,1977,16.192347,18.187565,0.17044576,67.54665,1.313435,4.170908
Hungary,HUN,1978,17.019659,20.564165,0.25102744,69.03254,1.3957125,3.865822
Hungary,HUN,1979,17.398655,17.298141,0.1809219,69.83585,1.1056337,4.0204864
Hungary,HUN,1980,18.026608,19.716602,0.41243914,70.19513,1.2171985,3.9433205
Hungary,HUN,1981,18.92441,19.025072,0.47311026,72.798584,1.1576102,3.9660733
Hungary,HUN,1982,20.210455,18.892601,0.31185868,72.743546,1.1367751,4.899199
Hungary,HUN,1983,19.93527,16.217503,0.34163266,77.55061,0.7736975,5.5666027
Hungary,HUN,1984,21.026545,15.014658,0.38138837,76.24757,0.87317866,5.018268
Hungary,HUN,1985,20.971058,15.62805,0.36087865,76.245636,0.67163527,4.3906903
Hungary,HUN,1986,22.524023,17.796883,0.35052946,74.7429,0.6009077,4.5668983
Hungary,HUN,1987,22.534828,17.471495,0.29019094,76.68045,0.35023043,5.5736675
Hungary,HUN,1988,20.53485,15.683703,0.2700638,75.89792,0.2600614,5.651335
Hungary,HUN,1989,22.063944,15.769967,0.48030353,77.97928,0.15009487,5.153257
Hungary,HUN,1990,22.748148,13.054676,0.36012903,70.8954,0.2901039,4.4716015
Hungary,HUN,1991,20.204073,16.037357,0.43965346,67.80656,0.3297401,3.327377
Hungary,HUN,1992,22.935669,17.589008,0.31980014,64.97939,0.6096191,3.297939
Hungary,HUN,1993,21.975119,17.952353,0.09006197,57.149323,1.1007574,3.1121411
Hungary,HUN,1994,22.716183,15.251006,0.070142604,52.63701,1.2826076,3.316743
Hungary,HUN,1995,23.656748,11.131408,0.18050931,49.078472,0.9928012,3.1187994
Hungary,HUN,1996,23.354033,8.506967,0.14044522,49.195953,0.99314827,3.1299217
Hungary,HUN,1997,24.737732,9.720544,0.17053588,46.61648,0.7323011,3.6615055
Hungary,HUN,1998,27.022207,7.1918793,0.23070185,45.80936,0.8425632,3.911901
Hungary,HUN,1999,28.01071,7.6246915,0.33107215,47.022274,1.1838336,3.7621834
Hungary,HUN,2000,34.14154,12.50084,0.34111443,46.07051,1.5550804,4.183668
Hungary,HUN,2001,34.02781,9.898452,0.16046122,43.59531,1.1432862,4.3123956
Hungary,HUN,2002,37.171635,10.501538,0.26078317,48.64609,0.9929821,4.413254
Hungary,HUN,2003,34.171288,11.999078,0.09029407,41.68576,0.76248324,4.61503
Hungary,HUN,2004,34.09856,8.988617,0.20063876,46.397713,0.94300216,5.0661287
Hungary,HUN,2005,33.43032,6.3289924,0.12036119,43.68108,0.6720167,5.2056217
Hungary,HUN,2006,29.439037,7.851078,0.110296115,46.344425,1.1430688,5.3142676
Hungary,HUN,2007,27.744225,6.748053,0.100268245,47.88811,1.0026824,5.073573
Hungary,HUN,2008,28.402973,5.7969346,0.13038087,45.663395,1.0029298,5.816993
Hungary,HUN,2009,27.471115,5.686792,0.11032576,44.661873,0.8826061,5.2755775
Hungary,HUN,2010,23.370005,5.730001,0.11000002,40.63001,1.8400004,5.310001
Hungary,HUN,2011,24.930012,6.440003,0.14000006,41.670017,1.6700008,5.3800025
Hungary,HUN,2012,25.819998,5.9999995,0.13999999,39.219997,2.0299997,5.0099998
Hungary,HUN,2013,23.400013,5.5300035,0.11000006,35.16002,1.9800011,5.150003
Hungary,HUN,2014,25.249992,5.229998,0.13999996,40.01999,1.1899997,5.559998
Hungary,HUN,2015,24.729998,4.9299994,0.13999999,44.979996,1.0299999,5.8499994
Hungary,HUN,2016,24.840004,5.2900004,0.13000001,47.870007,1.1500001,5.710001
Hungary,HUN,2017,25.139978,5.489995,0.13999988,49.53996,1.049999,6.2699947
Hungary,HUN,2018,26.509985,5.8099966,0.14999992,53.93997,1.0699995,6.4699965
Hungary,HUN,2019,27.33001,6.1100025,0.16000006,51.41002,0.16000006,6.2900023
Hungary,HUN,2020,27.480001,5.7700005,0.080000006,47.870003,0.23000003,6.4300003
Hungary,HUN,2021,25.340004,5.7400007,0.10000002,50.010006,0.4600001,6.450001
Hungary,HUN,2022,24.210003,5.590001,0.12000002,48.500008,0.36000007,6.460001
Hungary,HUN,2023,24.079987,4.4299974,0.13999993,47.209976,0.46999976,6.4599967
Iceland,ISL,1961,1.3998905,10.889149,60.62526,1.3998905,9.779235,60.20529
Iceland,ISL,1962,1.3748081,14.059169,56.005867,1.5353695,9.653762,61.254223
Iceland,ISL,1963,1.3424685,13.594997,51.7752,1.5628736,9.236984,62.014027
Iceland,ISL,1964,1.3196998,13.576911,48.119053,1.6896156,9.307882,64.47533
Iceland,ISL,1965,1.2976749,14.034855,48.433224,1.7169238,7.7860503,65.87198
Iceland,ISL,1966,1.2760475,13.38853,48.56956,2.2530215,8.463784,70.89042
Iceland,ISL,1967,1.2585263,9.691644,48.705963,2.2098534,5.539498,65.59202
Iceland,ISL,1968,1.2405778,5.3493714,44.492085,2.3819096,6.69912,69.91896
Iceland,ISL,1969,1.231568,7.7866883,41.982567,1.9864,8.501793,66.17692
Iceland,ISL,1970,1.4664848,8.1604395,45.341316,1.9952173,5.397063,72.196945
Iceland,ISL,1971,1.5963933,8.313293,45.61267,1.9377604,6.847423,73.624855
Iceland,ISL,1972,1.7967678,7.618697,50.731087,2.0577507,6.243517,75.3739
Iceland,ISL,1973,2.1161098,9.958755,48.90119,2.6376157,5.7465925,76.24013
Iceland,ISL,1974,1.9974637,7.7002225,49.926605,2.7864618,6.4817696,78.14078
Iceland,ISL,1975,2.0497272,10.728572,57.102406,2.7496343,5.7392364,80.859245
Iceland,ISL,1976,2.1380951,9.031953,45.36958,3.0872495,5.255318,82.73629
Iceland,ISL,1977,2.2516024,8.746224,45.712536,3.2423077,5.6940527,85.490845
Iceland,ISL,1978,2.9555416,11.291171,50.033813,3.4865372,5.5303693,83.50658
Iceland,ISL,1979,2.572675,14.324896,48.21013,3.9841428,4.714903,86.18962
Iceland,ISL,1980,3.1279833,9.643782,44.08158,4.60703,6.875567,85.334984
Iceland,ISL,1981,3.3435607,11.051769,50.19345,4.815128,8.008529,86.29189
Iceland,ISL,1982,3.3776493,9.784223,47.974575,4.1946616,7.9110723,86.962006
Iceland,ISL,1983,4.362108,11.622329,44.726543,5.348064,7.6386685,88.06877
Iceland,ISL,1984,4.440469,11.734812,45.622074,5.987149,5.9073205,89.85713
Iceland,ISL,1985,6.329128,13.406969,43.58513,6.7484074,8.984566,90.86391
Iceland,ISL,1986,8.728798,14.046341,45.09879,7.685355,6.4312177,90.59891
Iceland,ISL,1987,6.811327,13.451868,34.769913,8.167564,5.043195,90.02404
Iceland,ISL,1988,3.964218,11.722473,34.75698,9.900535,9.369969,90.86668
Iceland,ISL,1989,5.112532,11.430944,29.887882,10.623702,10.723362,89.80318
Iceland,ISL,1990,5.973701,11.50713,30.899145,9.936157,5.7035336,90.436035
Iceland,ISL,1991,6.050765,11.672892,27.831524,10.077962,10.008184,90.572075
Iceland,ISL,1992,6.144312,12.955835,25.712502,10.137617,10.207326,90.55142
Iceland,ISL,1993,5.6917653,12.933122,29.59122,10.857067,10.29087,90.04512
Iceland,ISL,1994,5.0796237,13.286703,28.087334,12.061617,10.238928,90.228065
Iceland,ISL,1995,7.3557844,11.447876,28.225452,12.465908,10.36996,90.87438
Iceland,ISL,1996,6.5350027,11.584321,18.982626,13.832924,9.124911,90.958
Iceland,ISL,1997,8.093542,12.623509,25.27722,14.485829,9.462599,90.96175
Iceland,ISL,1998,10.370603,12.615889,26.933361,14.206718,9.373817,91.54322
Iceland,ISL,1999,11.1921425,13.306325,28.145683,16.99362,10.390556,91.901825
Iceland,ISL,2000,11.29822,12.946501,29.868855,17.092178,10.369188,91.45464
Iceland,ISL,2001,13.559485,12.941787,24.96699,18.600706,10.042587,90.7021
Iceland,ISL,2002,16.734491,12.752938,24.887192,20.436634,9.659503,91.33619
Iceland,ISL,2003,20.206757,12.5766535,22.579899,20.687393,10.043299,91.35097
Iceland,ISL,2004,18.90342,12.645736,23.656853,18.973618,10.168736,91.16764
Iceland,ISL,2005,20.049992,11.885923,24.44218,17.87891,9.314642,90.82526
Iceland,ISL,2006,22.544071,12.143687,24.673674,19.206043,10.241902,90.36449
Iceland,ISL,2007,25.532307,11.939216,24.269882,20.590256,9.864532,89.92578
Iceland,ISL,2008,25.078594,11.775359,22.451035,21.97418,8.894775,88.70446
Iceland,ISL,2009,23.563377,11.500821,19.759336,20.518173,10.121117,89.424545
Iceland,ISL,2010,25.699759,12.189885,21.669796,19.419817,10.959897,90.26915
Iceland,ISL,2011,26.180084,13.530043,21.830069,19.600063,8.980028,91.34029
Iceland,ISL,2012,26.399094,11.929591,21.87925,20.569294,8.679703,92.10684
Iceland,ISL,2013,26.989918,12.409962,21.859934,21.499935,10.5799675,91.809715
Iceland,ISL,2014,26.939426,15.759664,21.719536,19.699581,12.129742,91.65805
Iceland,ISL,2015,27.658998,15.869425,21.669214,19.779284,11.739574,92.50665
Iceland,ISL,2016,27.27992,15.869953,21.639935,20.029942,11.819964,92.28973
Iceland,ISL,2017,32.599335,16.849657,21.339565,19.939594,12.019755,92.70811
Iceland,ISL,2018,29.559162,16.829523,19.889437,20.289427,11.799666,91.47741
Iceland,ISL,2019,31.639212,16.379591,19.109524,21.089474,11.139723,90.04776
Iceland,ISL,2020,29.98869,13.799397,20.169119,20.12912,11.299506,88.59613
Iceland,ISL,2021,29.29945,14.919721,17.249676,20.059624,10.479803,87.15837
Iceland,ISL,2022,31.30934,16.179659,14.639692,21.669544,11.0097685,85.3982
Iceland,ISL,2023,31.540083,17.260044,17.190044,21.230055,10.830028,83.81021
India,IND,1961,0.17459191,2.3621259,0.8010687,0.34918383,0.11297124,1.9102409
India,IND,1962,0.17397,2.3537118,0.8289159,0.33770648,0.112568825,1.9750712
India,IND,1963,0.17344163,2.3261583,0.81619596,0.32647836,0.11222694,2.111907
India,IND,1964,0.17297177,2.3300314,0.80381,0.3154191,0.111922905,2.513178
India,IND,1965,0.17270947,2.326498,0.7924316,0.3047814,0.11175318,2.539845
India,IND,1966,0.17268738,2.3262005,0.77201414,0.29458433,0.12189697,2.5192041
India,IND,1967,0.17269671,2.3466434,0.76189727,0.3047589,0.12190356,2.44823
India,IND,1968,0.17274623,2.357478,0.7417926,0.31500784,0.12193851,2.6318395
India,IND,1969,0.17289875,2.3595593,0.7221065,0.30511546,0.13221669,2.705357
India,IND,1970,0.17290746,2.359678,0.7018008,0.31530184,0.12205232,2.8580585
India,IND,1971,0.17295732,2.3705325,0.6816553,0.34591463,0.13226147,2.9199262
India,IND,1972,0.1628935,2.3415942,0.66175485,0.35632956,0.13235098,2.5146687
India,IND,1973,0.16294171,2.3524709,0.65176684,0.35643497,0.142574,2.9227667
India,IND,1974,0.16293758,2.3727784,0.6415667,0.35642594,0.14257039,3.3605876
India,IND,1975,0.16285877,2.3818095,0.6514351,0.34607488,0.13232274,3.2877114
India,IND,1976,0.16281778,2.391386,0.641095,0.34598777,0.12211333,3.134242
India,IND,1977,0.16277999,2.3806574,0.6307725,0.34590748,0.12208499,3.2759473
India,IND,1978,0.16283306,2.3712566,0.6411552,0.35619733,0.1221248,3.1548905
India,IND,1979,0.17300844,2.3712332,0.63097197,0.37654778,0.13230057,3.083621
India,IND,1980,0.19320981,2.3693624,0.6609809,0.37625068,0.14236513,3.1625395
India,IND,1981,0.20324253,2.3677752,0.6605382,0.3963229,0.14226976,3.0791242
India,IND,1982,0.21324499,2.5284762,0.70066214,0.40618095,0.15231785,2.9346573
India,IND,1983,0.22316656,2.5156958,0.6897875,0.40575737,0.14201508,3.0634682
India,IND,1984,0.23300834,2.4820454,0.67876345,0.4052319,0.14183116,3.3229015
India,IND,1985,0.24282329,2.478821,0.6778817,0.4654113,0.15176456,3.2578793
India,IND,1986,0.26271346,2.4553607,0.6769925,0.4648008,0.15156548,3.2232924
India,IND,1987,0.38347512,2.4623141,0.71649295,0.45411527,0.14128031,3.178807
India,IND,1988,0.38298133,2.428908,0.71557033,0.46360898,0.15117684,3.3762827
India,IND,1989,0.41258562,2.3950093,0.7044145,0.46290097,0.15094596,3.6931446
India,IND,1990,0.45203874,2.370692,0.6931261,0.48217463,0.14063427,3.7669895
India,IND,1991,0.5916162,2.3263552,0.6918902,0.48131487,0.14038351,3.8806012
India,IND,1992,0.6005269,2.3120284,0.6805971,0.4904303,0.14012294,3.9734862
India,IND,1993,0.65927684,2.2575238,0.67925495,0.48946312,0.1398466,4.0755296
India,IND,1994,0.66807026,2.2036347,0.67804146,0.4786175,0.13959678,4.197874
India,IND,1995,0.6668624,2.1299787,0.67681557,0.467799,0.1393444,4.180331
India,IND,1996,0.6754672,2.0959349,0.6754672,0.46686703,0.13906677,4.479937
India,IND,1997,0.66418356,2.0421164,0.67409676,0.4659198,0.13878462,4.54024
India,IND,1998,0.72217584,2.0379207,0.6628189,0.45506972,0.13849948,4.5111256
India,IND,1999,0.77994776,1.9844239,0.6516019,0.444274,0.13821858,4.6204495
India,IND,2000,0.85712117,1.8423178,0.6403778,0.4433385,0.13792755,4.403829
India,IND,2001,0.8944681,1.8577415,0.63890576,0.43249008,0.13761048,4.7377324
India,IND,2002,1.0300118,1.775544,0.6278167,0.42181435,0.1373349,4.6007195
India,IND,2003,1.116506,1.7139345,0.61701643,0.4211382,0.13711476,4.6619024
India,IND,2004,1.182982,1.7500311,0.6257095,0.39106843,0.13687395,4.692821
India,IND,2005,1.2494794,1.6301801,0.64426285,0.3709392,0.13666181,4.939348
India,IND,2006,1.3256893,1.608373,0.653097,0.34117004,0.1267203,5.0980554
India,IND,2007,1.4991536,1.6257055,0.66196394,0.32124722,0.12655193,5.032873
India,IND,2008,1.5851064,1.6337292,0.62237304,0.3209111,0.12641951,5.8250227
India,IND,2009,1.7286029,1.5538003,0.5923864,0.31076005,0.12624627,5.4285903
India,IND,2010,1.7899998,1.4199998,0.60999995,0.29999998,0.14,5.5499997
India,IND,2011,1.9300001,1.17,0.6,0.27,0.14,5
India,IND,2012,1.94,1.07,0.5,0.25,0.14,5.81
India,IND,2013,2.09,0.84,0.52,0.26,0.14,5.79
India,IND,2014,2.34,0.9200001,0.55,0.28,0.14,6.2800007
India,IND,2015,2.48,0.98,0.56,0.29,0.14,6.53
India,IND,2016,2.58,0.91999996,0.57,0.29,0.14,6.89
India,IND,2017,2.79,0.85,0.56,0.28,0.14,7.32
India,IND,2018,2.9799998,1.05,0.57,0.27,0.14,7.7499995
India,IND,2019,3.1499999,1.04,0.58,0.26,0.14,8.24
India,IND,2020,3.2200003,2.01,0.59,0.23000002,0.14,8.32
India,IND,2021,3.31,2.24,0.58,0.23,0.14,8.88
India,IND,2022,3.53,2.31,1.71,0.26,0.14,8.81
India,IND,2023,3.52,2.32,1.89,0.26,0.14,8.73
Indonesia,IDN,1961,0.60045433,1.7012873,0.3902953,1.0307798,0.010007571,10.287784
Indonesia,IDN,1962,0.58826333,1.7348784,0.38885203,1.1167033,0.009970565,10.140065
Indonesia,IDN,1963,0.5861276,1.6391703,0.36757153,1.2020583,0.009934366,9.666138
Indonesia,IDN,1964,0.58400196,1.7025143,0.36623853,1.1680039,0.0098983385,10.046813
Indonesia,IDN,1965,0.57407707,1.7024356,0.35632372,1.1382563,0.009897881,10.432366
Indonesia,IDN,1966,0.56523454,1.6560379,0.34707382,1.1106362,0.009916395,11.463353
Indonesia,IDN,1967,0.5749887,1.6456574,0.35688958,0.9814463,0,10.984267
Indonesia,IDN,1968,0.5247411,1.5841242,0.27722174,1.2573985,0,10.395815
Indonesia,IDN,1969,0.5237369,1.670029,0.3162185,1.0771194,0,10.543911
Indonesia,IDN,1970,0.51284903,1.7752467,0.34518686,1.0947355,0.009862482,10.28657
Indonesia,IDN,1971,0.6005667,1.7032465,0.32489675,1.2503601,0.0098453555,10.061954
Indonesia,IDN,1972,0.6488278,1.7203766,0.35390607,1.3074863,0.0098307235,9.860216
Indonesia,IDN,1973,0.647955,1.826055,0.3632475,1.09956,0.019635,9.689873
Indonesia,IDN,1974,0.68652844,1.9418948,0.34326422,1.1180606,0.019615099,9.944856
Indonesia,IDN,1975,0.7154168,1.9404455,0.38220894,1.0094236,0.019600458,9.947233
Indonesia,IDN,1976,0.7247337,1.9685334,0.38195422,1.1066879,0.019587396,10.45967
Indonesia,IDN,1977,0.743912,1.8891449,0.39153263,1.0767148,0.019576631,10.904183
Indonesia,IDN,1978,0.79233867,1.8390083,0.4010603,1.0075418,0.019563917,11.0047035
Indonesia,IDN,1979,0.97745496,1.8082918,0.42030564,1.2120442,0.00977455,11.289605
Indonesia,IDN,1980,1.1916888,1.7582293,0.3614138,1.1819209,0.01953588,11.789904
Indonesia,IDN,1981,1.2399081,1.7768763,0.37099615,1.3375387,0.009763056,11.979271
Indonesia,IDN,1982,1.288101,1.7857763,0.38057524,1.3759259,0.00975834,12.061308
Indonesia,IDN,1983,1.6579037,1.5701323,0.5558853,1.7651796,0.019504748,12.951153
Indonesia,IDN,1984,1.7152255,1.6372606,0.47753435,2.0563214,0.009745599,13.26376
Indonesia,IDN,1985,1.9092633,1.6657348,0.4773158,2.2112386,0.009741139,13.452514
Indonesia,IDN,1986,2.0164413,1.6365321,0.5455107,2.4255743,0.0097412625,13.774146
Indonesia,IDN,1987,2.2017498,1.6074721,0.53582406,2.406337,0.009742255,13.970394
Indonesia,IDN,1988,2.2890084,1.5876952,0.5454658,2.6104438,0.009740462,14.493807
Indonesia,IDN,1989,2.4537053,1.6455406,0.525794,2.7458131,0.009736925,14.751442
Indonesia,IDN,1990,2.7743924,1.6743702,0.4964702,2.9788213,0.00973471,14.533922
Indonesia,IDN,1991,3.1242027,1.6837603,0.5061013,3.0852718,0.009732719,14.754801
Indonesia,IDN,1992,3.4055817,1.829284,0.52543265,3.084484,0.009730234,15.568374
Indonesia,IDN,1993,3.618272,2.081479,0.5738657,3.2194839,0.009726537,16.165506
Indonesia,IDN,1994,4.1892924,1.9925869,0.50543666,3.363098,0.009719936,17.03905
Indonesia,IDN,1995,4.3894105,1.8451062,0.4758432,2.8647702,0.009711085,17.800419
Indonesia,IDN,1996,4.6751575,2.0368943,0.48497486,2.948647,0.009699496,18.254454
Indonesia,IDN,1997,4.358681,2.0921671,0.5230418,3.0704489,0.009685959,18.45175
Indonesia,IDN,1998,2.9506364,1.9058208,0.3869687,2.9603105,0.009674218,18.448732
Indonesia,IDN,1999,2.939273,1.7983711,0.36740914,2.5815327,0.009668661,19.027925
Indonesia,IDN,2000,3.8485086,1.9532632,0.36744553,1.9145846,0.00966962,19.948423
Indonesia,IDN,2001,4.2181563,1.847862,0.4256855,1.9059101,0.00967467,20.897287
Indonesia,IDN,2002,4.967141,1.752539,0.57126963,2.091428,0.009682536,20.401104
Indonesia,IDN,2003,5.0502143,1.8901954,0.63975847,2.161608,0.00969331,20.346256
Indonesia,IDN,2004,5.330241,2.2136521,0.54370403,2.1262712,0.009709001,20.573374
Indonesia,IDN,2005,4.987999,1.8376838,0.5153293,2.391906,0.029169584,21.449368
Indonesia,IDN,2006,5.5089955,2.024507,0.6034589,2.530634,0.029199623,21.987316
Indonesia,IDN,2007,5.680247,1.8317091,0.50664294,2.5234716,0.04871567,23.519924
Indonesia,IDN,2008,5.774195,2.0385249,0.47793168,2.6627622,0.019507416,24.530575
Indonesia,IDN,2009,5.897629,2.1774359,0.5272715,2.6656501,0.009764287,24.947752
Indonesia,IDN,2010,6.6199994,2.5299997,0.41999996,0.85999995,0.009999999,27.439999
Indonesia,IDN,2011,6.78,2.41,0.42,1.38,0.01,30.21
Indonesia,IDN,2012,6.9399996,2.31,0.42999998,1.39,0.01,30.639997
Indonesia,IDN,2013,7.1,2.41,0.44,1.41,0.01,34.79
Indonesia,IDN,2014,7.2400002,2.55,0.46000004,1.5300001,0.01,36.63
Indonesia,IDN,2015,7.37,2.5,0.47,1.52,0.01,38.27
Indonesia,IDN,2016,7.5199995,2.8299997,0.44999996,1.3199999,0.009999999,39.279995
Indonesia,IDN,2017,7.66,2.67,0.46,1.19,0.01,42.58
Indonesia,IDN,2018,7.83,2.74,0.47,0.8,0.01,42.46
Indonesia,IDN,2019,14.55,2.88,0.53,0.87,0.01,42.37
Indonesia,IDN,2020,13.400001,2.5400002,0.43000004,1.03,0.010000001,39.280003
Indonesia,IDN,2021,12.63,2.84,0.38,0.91,0.01,41.07
Indonesia,IDN,2022,14.88,2.97,0.43,0.97,0.01,40.76
Indonesia,IDN,2023,15.95,3.01,0.41,0.56,0.01,40.42
Iran,IRN,1961,1.9250457,4.0538,7.791852,0.050927136,0.67223823,0.48890048
Iran,IRN,1962,1.8761256,4.0767703,8.021705,0.0507061,0.649038,0.6591792
Iran,IRN,1963,1.9079198,3.4928055,7.359119,0.05047407,0.6056888,0.54511994
Iran,IRN,1964,1.91867,3.4556153,7.102093,0.050226968,0.57258743,0.36163417
Iran,IRN,1965,1.8590356,3.4282215,6.8864274,0.049974076,0.5597096,0.4797511
Iran,IRN,1966,1.8007308,3.3228955,6.814921,0.049743947,0.53723466,0.4675931
Iran,IRN,1967,2.4284308,3.3403313,6.7896943,0.049559813,0.525334,0.3667426
Iran,IRN,1968,2.6680782,3.3202748,6.7986584,0.03952708,0.51385206,0.64231503
Iran,IRN,1969,2.8960683,3.388597,6.8559985,0.03940229,0.55163205,0.65013784
Iran,IRN,1970,3.1507347,3.6120572,6.831499,0.049076863,0.53003013,0.765599
Iran,IRN,1971,3.4245818,3.8355315,6.4382133,0.048922595,0.50879496,0.6164247
Iran,IRN,1972,3.728929,4.060823,6.3255134,0.039046377,0.48807973,0.41974857
Iran,IRN,1973,3.7124956,4.0243063,6.3044214,0.03897633,0.4774601,0.54566866
Iran,IRN,1974,3.8052707,4.2724137,6.38429,0.04866075,0.45741105,2.0437515
Iran,IRN,1975,4.0753465,4.551938,6.8181815,0.05835818,0.44741276,1.8480091
Iran,IRN,1976,4.4569087,5.3327203,6.8021374,0.07784993,0.43790585,2.1116796
Iran,IRN,1977,4.9079895,5.8136306,7.702817,0.0779046,0.4284753,2.1131623
Iran,IRN,1978,5.8457384,6.0308533,7.316916,0.077943176,0.41894457,1.9388366
Iran,IRN,1979,5.947765,5.3724895,7.2055707,0.029251302,0.4095182,1.6088216
Iran,IRN,1980,5.6125617,6.032284,8.404201,0,0.40996101,1.0249026
Iran,IRN,1981,6.7898703,5.354848,8.49456,0,0.39487186,1.1749847
Iran,IRN,1982,5.895807,5.25868,9.176538,0,0.38037467,1.6546297
Iran,IRN,1983,6.0973716,6.392713,8.059963,0,0.36203143,1.8482658
Iran,IRN,1984,5.657159,5.5520425,8.036606,0,0.36312842,1.662746
Iran,IRN,1985,5.310914,4.735725,7.9759574,0,0.34511358,1.6584624
Iran,IRN,1986,6.1025167,5.381747,7.5921073,0,0.33635917,2.1526988
Iran,IRN,1987,6.3688364,4.287643,7.4287033,0,0.3661358,2.832735
Iran,IRN,1988,6.178516,5.201943,6.275206,0,0.34808543,3.229459
Iran,IRN,1989,6.859388,4.9217076,6.452475,0,0.3778476,3.8366067
Iran,IRN,1990,6.6807876,5.9180965,6.0339484,0,0.39582703,3.7844925
Iran,IRN,1991,7.1759844,4.8670225,6.8214965,0,0.45029542,4.273016
Iran,IRN,1992,9.138911,4.669517,6.7183867,0,0.53365904,4.917287
Iran,IRN,1993,10.114732,5.2927046,6.3589296,0,0.5859437,5.042958
Iran,IRN,1994,10.192654,5.139968,6.22615,0,0.5333929,4.4998965
Iran,IRN,1995,10.440002,4.9672637,6.153186,0,0.4957543,5.083912
Iran,IRN,1996,10.679648,6.1361566,6.526994,0,0.32244134,4.93433
Iran,IRN,1997,11.272349,6.0440235,6.555063,0,0.40293488,5.031772
Iran,IRN,1998,11.445059,6.0039654,6.8038354,0,0.42462257,4.542474
Iran,IRN,1999,11.39696,4.9849315,6.0948963,0,0.5252512,4.548874
Iran,IRN,2000,12.493771,4.286981,6.559478,0,0.34732482,4.852624
Iran,IRN,2001,13.15314,4.8469367,6.581526,0,0.36674166,4.896497
Iran,IRN,2002,13.881724,4.4114804,6.6122417,0,0.39832783,4.999014
Iran,IRN,2003,16.096844,5.262622,6.0599885,0,0.3089797,6.0599885
Iran,IRN,2004,16.581364,5.7936077,6.0798335,0,0.25661635,5.991005
Iran,IRN,2005,17.169687,5.3520985,6.12366,0,0.24416508,6.5045576
Iran,IRN,2006,18.422962,5.4833703,5.376991,0,0.26111287,6.9049845
Iran,IRN,2007,19.867092,6.3047223,4.6395054,0,0.27914035,6.949632
Iran,IRN,2008,20.90896,4.5993943,3.993198,0,0.2886649,6.4468493
Iran,IRN,2009,26.297707,4.7420516,3.2799993,0,0.32703805,6.915893
Iran,IRN,2010,21.729998,8.079999,5.0899997,0,0.16999999,8.2699995
Iran,IRN,2011,23.38,7.31,5.09,0,0.17,8.75
Iran,IRN,2012,23.789999,5.9299994,4.7999997,0,0.14999999,9.279999
Iran,IRN,2013,24.45,6.01,4.68,0,0.13,9.48
Iran,IRN,2014,25.64,5.82,4.93,0,0.16,10.05
Iran,IRN,2015,25.219997,6.5199995,4.2199993,0,0.11999999,10.289999
Iran,IRN,2016,26.839998,7.0499997,4.55,0,0.10999999,11.07
Iran,IRN,2017,25.749996,7.709999,4.5799994,0,0.09999999,11.069998
Iran,IRN,2018,25.48,6.8,4.03,0,0.1,12.04
Iran,IRN,2019,24.66,7.34,3.24,0,0.1,12.51
Iran,IRN,2020,27.809996,3.3699994,2.1299999,0,0.07999999,12.239998
Iran,IRN,2021,25.23,4.37,3.12,0,0.1,11.58
Iran,IRN,2022,24.47,3.8700001,3.3,0,0.09,11.44
Iran,IRN,2023,23.47,3.23,3.1,0,0.1,11.3
Iraq,IRQ,1961,0.5402692,5.423472,6.5247903,0.010389793,0.7896243,1.3091139
Iraq,IRQ,1962,0.5485956,5.423851,6.2726216,0,0.76596373,1.2938576
Iraq,IRQ,1963,0.58643323,5.3704934,5.926062,0,0.74075776,1.5226687
Iraq,IRQ,1964,0.67601633,5.3159466,5.67444,0,0.7067443,2.5196972
Iraq,IRQ,1965,0.7046254,4.6975026,5.51446,0,0.68420154,2.0832403
Iraq,IRQ,1966,0.8258368,4.45544,5.3832326,0,0.68309957,1.7128465
Iraq,IRQ,1967,1.1414491,4.5352216,5.2588186,0,0.6522566,1.1516405
Iraq,IRQ,1968,1.4271191,4.5158124,5.219178,0,0.69317216,1.7635115
Iraq,IRQ,1969,1.5903002,4.505851,4.9136205,0,0.7237905,2.181566
Iraq,IRQ,1970,1.8642837,4.645428,4.9001117,0,0.7029266,3.096952
Iraq,IRQ,1971,2.045538,4.5693855,4.4370875,0,0.66149235,2.4933176
Iraq,IRQ,1972,2.3882642,4.400504,3.9736652,0,0.6199325,2.865917
Iraq,IRQ,1973,2.5156357,4.3009253,3.5401485,0,0.56804675,2.2518997
Iraq,IRQ,1974,2.6639662,4.4061794,3.676881,0,0.51658654,2.116992
Iraq,IRQ,1975,2.8039198,4.2008185,3.8667774,0,0.47575536,2.3484094
Iraq,IRQ,1976,2.7216523,4.2797728,3.1364763,0,0.44517732,2.3675337
Iraq,IRQ,1977,3.6480434,4.112891,3.850151,0,0.38400456,2.112025
Iraq,IRQ,1978,4.396459,4.7292185,3.196508,0,0.30250865,2.0469751
Iraq,IRQ,1979,5.516461,4.4393415,3.583686,0,0.21139722,4.197745
Iraq,IRQ,1980,8.588374,4.6407356,4.027998,0,0.21094252,3.9175043
Iraq,IRQ,1981,10.24818,5.4550004,4.6227117,0,0.21057904,1.8751563
Iraq,IRQ,1982,12.40571,6.212876,4.098494,0,0.22045688,1.6634474
Iraq,IRQ,1983,12.295436,7.760807,4.5046644,0,0.20975155,1.5182017
Iraq,IRQ,1984,14.179523,8.052937,4.2498856,0,0.1787335,1.37029
Iraq,IRQ,1985,14.211977,8.233213,3.6249976,0,0.1291095,1.370547
Iraq,IRQ,1986,14.588154,7.903982,3.4710088,0,0.099171676,1.2793146
Iraq,IRQ,1987,14.97873,7.726183,3.2069085,0,0.10854152,1.2827634
Iraq,IRQ,1988,14.938706,8.203962,2.7609491,0,0.11832639,1.5678247
Iraq,IRQ,1989,15.447132,7.050028,2.664655,0,0.12782477,1.4159052
Iraq,IRQ,1990,10.711351,7.1442223,2.6105804,0,0.12953262,1.3750386
Iraq,IRQ,1991,1.0947554,2.9700308,1.2265315,0,0.03040987,0.86161304
Iraq,IRQ,1992,1.7228655,4.2564907,1.6417894,0,0.020269005,1.2465439
Iraq,IRQ,1993,1.9919593,3.973959,1.96208,0,0.019919593,1.2449746
Iraq,IRQ,1994,2.0378814,2.821682,1.6655762,0,0.009797506,1.450031
Iraq,IRQ,1995,1.9164386,2.0826604,1.47644,0,0.009777748,1.47644
Iraq,IRQ,1996,1.8669769,1.7301304,1.0361233,0,0.009774748,1.593284
Iraq,IRQ,1997,1.4869219,2.0543,1.2227976,0,0.009782381,1.5847458
Iraq,IRQ,1998,1.2228308,2.0543556,1.2228308,0,0.009782646,1.3500051
Iraq,IRQ,1999,2.0710704,1.9929168,1.1723042,0,0.0097692,1.1039196
Iraq,IRQ,2000,3.0306635,1.9587247,1.2765818,0,0.009744898,0.9257654
Iraq,IRQ,2001,3.2984028,2.0140688,0.98270994,0,0.009729802,1.3913616
Iraq,IRQ,2002,3.6488826,1.9700085,0.9510386,0,0.029113425,1.0771967
Iraq,IRQ,2003,1.1235303,1.4140985,1.2107008,0.009685606,0.04842803,0.7942197
Iraq,IRQ,2004,2.6985567,1.847399,0.8705021,0.009672246,0.029016737,1.2767365
Iraq,IRQ,2005,4.0765615,1.8889031,1.108285,0,0.06746083,1.8792659
Iraq,IRQ,2006,4.364081,1.9319639,1.3043208,0,0.068648465,3.2951262
Iraq,IRQ,2007,7.298728,1.5791976,1.6601822,0,0.060738374,3.3203645
Iraq,IRQ,2008,7.710241,1.9605749,1.9097829,0,0.08126736,3.1389515
Iraq,IRQ,2009,11.770894,2.3682277,2.0069728,0.010034863,0.05017432,2.9201453
Iraq,IRQ,2010,10.1554,2.573159,1.5867814,0,0.060040373,2.6589308
Iraq,IRQ,2011,14.272451,2.821897,1.3723512,0,0.051463168,2.6503532
Iraq,IRQ,2012,13.088798,2.8990915,1.7240158,0,0.05146316,3.3022194
Iraq,IRQ,2013,14.564078,2.8218973,1.6553987,0,0.042885978,3.1821396
Iraq,IRQ,2014,5.051968,2.9591324,1.5696268,0.06861756,0.042885978,3.645308
Iraq,IRQ,2015,11.86226,2.4959636,1.501009,0.10292633,0.06004036,2.17003
Iraq,IRQ,2016,13.3546915,2.4873865,1.4752775,0.09434914,0.12865792,3.2850654
Iraq,IRQ,2017,14.838548,2.8990922,1.4667006,0.1886983,0.16296671,3.2421799
Iraq,IRQ,2018,14.246719,2.9419775,1.423814,0.23158424,0.08577193,2.8733597
Iraq,IRQ,2019,14.932896,3.0963671,1.3980827,0.25731584,0.1629667,2.7103937
Iraq,IRQ,2020,14.281029,2.7361252,1.3466196,0.29162464,0.59182644,2.5645814
Iraq,IRQ,2021,11.38194,3.070636,1.3037338,0.34308785,0.09434915,2.3758833
Iraq,IRQ,2022,14.349646,3.1907163,1.2694248,0.35166496,0.06861755,2.3244197
Iraq,IRQ,2023,15.413217,3.808274,1.3637738,0.4117053,0.07719475,2.2729564
Ireland,IRL,1961,5.216094,16.04875,10.552328,23.89792,1.4416844,7.1083045
Ireland,IRL,1962,5.256497,16.86084,11.183823,24.290022,0.09011138,7.289009
Ireland,IRL,1963,6.108507,17.91495,11.335787,24.874643,0.060083676,8.131325
Ireland,IRL,1964,6.819131,17.503437,11.124896,26.986135,0.16021453,8.601518
Ireland,IRL,1965,7.314689,17.36113,10.616805,29.268763,0.11007056,9.566133
Ireland,IRL,1966,8.404515,17.218763,10.752983,28.021715,0.1399087,9.62372
Ireland,IRL,1967,8.3643675,18.55532,11.009423,26.161104,0.13973883,10.370618
Ireland,IRL,1968,9.574417,19.13886,10.7413,26.778448,0.17952032,9.783857
Ireland,IRL,1969,10.203462,19.318686,11.01215,29.27255,0.1697249,10.023752
Ireland,IRL,1970,10.075434,19.620583,10.745795,31.276869,0.17009173,11.166022
Ireland,IRL,1971,11.218264,22.196136,11.098068,31.020504,0.17027722,10.30678
Ireland,IRL,1972,11.637073,20.63254,10.9266405,31.709272,0.17010339,11.2768545
Ireland,IRL,1973,12.882356,18.583397,10.251874,30.705614,0.16002925,9.5617485
Ireland,IRL,1974,10.876327,30.897972,10.816292,31.02805,0.16009311,12.207101
Ireland,IRL,1975,10.262509,33.90132,10.803168,26.732586,0.15018307,13.71672
Ireland,IRL,1976,11.670233,32.716724,9.20596,28.96021,0.15026052,15.897563
Ireland,IRL,1977,12.293374,30.47795,9.337754,27.752768,0.11020955,12.924574
Ireland,IRL,1978,13.4554,25.579277,7.7488694,29.383633,0.15017189,14.927086
Ireland,IRL,1979,14.629501,24.976221,7.715011,30.43977,0.16010398,11.217285
Ireland,IRL,1980,13.941257,26.151115,7.746255,30.864923,0.2101697,15.8427925
Ireland,IRL,1981,15.178352,27.05271,8.049733,31.468048,0.22026633,14.687759
Ireland,IRL,1982,16.65093,32.039516,7.2033806,32.05955,0.2003722,14.987841
Ireland,IRL,1983,16.920471,27.465694,7.2172627,33.7808,0.2505994,10.795823
Ireland,IRL,1984,17.635277,33.07616,6.793589,32.6954,0.3006013,11.262528
Ireland,IRL,1985,18.66439,30.223305,6.9053245,32.30491,0.31023923,13.590479
Ireland,IRL,1986,20.457594,27.559814,6.8025494,33.583218,0.30966085,16.951433
Ireland,IRL,1987,22.178793,28.143091,6.7735233,32.478943,0.2697421,16.044659
Ireland,IRL,1988,22.580544,27.621826,6.9255013,34.747776,0.22049354,13.941205
Ireland,IRL,1989,21.97786,21.816998,7.3996816,34.84687,0.1910244,14.81947
Ireland,IRL,1990,24.166245,23.000639,9.003308,34.003567,0.13062835,15.193083
Ireland,IRL,1991,24.976418,23.394745,9.159687,35.647705,0.15015882,11.762441
Ireland,IRL,1992,23.54752,21.074081,9.255441,36.50314,0.03989414,14.122527
Ireland,IRL,1993,23.95204,19.484716,9.752329,32.507763,0.17949073,17.779552
Ireland,IRL,1994,26.836344,17.954172,7.6632447,31.132557,0.1298855,17.724375
Ireland,IRL,1995,25.772177,15.441304,11.440966,31.862692,0.13001098,20.631742
Ireland,IRL,1996,26.026373,16.977634,8.938754,32.625454,0.24996516,17.36758
Ireland,IRL,1997,24.854513,19.068117,9.424128,35.02817,0.3997509,16.969425
Ireland,IRL,1998,25.831604,20.027983,10.618328,37.728527,1.3784846,23.264427
Ireland,IRL,1999,32.713097,19.270044,9.7649555,42.46806,0.30983993,21.418934
Ireland,IRL,2000,30.95148,17.826612,8.38311,37.213806,0.7802894,24.31902
Ireland,IRL,2001,28.13197,25.029547,3.1624696,38.720234,3.3426101,24.579193
Ireland,IRL,2002,27.532875,26.871607,5.4905443,40.31743,1.0920974,20.529427
Ireland,IRL,2003,27.61437,23.58623,5.1532097,42.25029,0.85384566,21.657541
Ireland,IRL,2004,27.956388,27.775505,6.0394645,39.151,1.4470598,23.384083
Ireland,IRL,2005,32.23106,26.04702,5.1433606,35.79339,1.7511443,22.654802
Ireland,IRL,2006,27.838226,27.462032,4.7618017,35.985756,4.0391164,20.35398
Ireland,IRL,2007,25.520285,23.381386,4.717297,33.99775,2.6565318,22.043354
Ireland,IRL,2008,26.775616,21.4787,4.22007,32.761326,1.6298201,20.615284
Ireland,IRL,2009,25.309776,22.158215,4.0367246,31.710173,2.0329528,21.885857
Ireland,IRL,2010,22.679981,21.99998,3.509997,30.269974,1.7899984,22.47998
Ireland,IRL,2011,21.169987,21.869987,2.7699983,29.74998,1.6299989,20.809986
Ireland,IRL,2012,25.189972,22.219975,2.9899967,31.529966,0.9499989,20.719976
Ireland,IRL,2013,26.270023,22.240019,4.1000032,32.320026,1.7400014,20.670017
Ireland,IRL,2014,24.650023,18.960016,3.290003,30.490028,1.3300012,21.69002
Ireland,IRL,2015,26.539963,20.04997,3.3399951,29.609959,1.8999972,20.959969
Ireland,IRL,2016,27.079966,19.859976,3.3499956,26.759966,2.469997,20.969973
Ireland,IRL,2017,23.66001,20.040009,3.370001,28.50001,0.9200004,23.160007
Ireland,IRL,2018,24.200006,23.390005,3.3800008,29.780006,1.1600002,18.820004
Ireland,IRL,2019,27.889984,19.27999,3.559998,29.209982,1.0099994,20.28999
Ireland,IRL,2020,28.670046,20.250032,2.9000046,29.080046,0.5600009,20.090033
Ireland,IRL,2021,30.500013,23.220009,3.9100018,27.580011,2.5700011,19.91001
Ireland,IRL,2022,29.990028,23.130022,4.1500044,28.61003,2.5200024,19.59002
Ireland,IRL,2023,36.20001,23.140003,4.290001,31.110006,3.6500008,19.270004
Israel,ISR,1961,21.718958,8.687584,1.1998198,1.9330429,0.1888605,20.919079
Israel,ISR,1962,24.792366,13.211502,1.2091131,2.0077932,0.16639172,22.01917
Israel,ISR,1963,24.155342,14.16878,1.3462548,1.7324755,0.14345337,20.171753
Israel,ISR,1964,25.318216,18.400312,1.3792025,1.1602814,0.10946052,17.535576
Israel,ISR,1965,24.532549,17.53098,1.3202342,1.3743421,0.11903751,17.833982
Israel,ISR,1966,25.804598,22.929138,1.3099321,1.3631814,0.12779826,18.924793
Israel,ISR,1967,26.585827,15.842812,1.400354,1.525759,0.114954434,17.264067
Israel,ISR,1968,25.445036,21.048775,1.4244301,1.772852,0.112724684,18.138428
Israel,ISR,1969,25.713114,20.41331,1.4609723,1.682637,0.11083238,15.395625
Israel,ISR,1970,27.000044,19.678,1.382832,1.7111304,0.10943276,15.967233
Israel,ISR,1971,30.284422,19.33468,1.2429436,1.7361753,0.09864633,18.476456
Israel,ISR,1972,34.19822,15.636006,1.3005375,1.9902163,0.088673,16.798607
Israel,ISR,1973,33.184517,19.081593,1.2793791,2.1620517,0.079341345,16.63193
Israel,ISR,1974,36.86015,12.370049,1.2200049,2.3400092,0.08000032,16.620068
Israel,ISR,1975,37.864605,15.779432,1.20684,2.564535,0.080455996,13.657406
Israel,ISR,1976,38.53424,15.383433,1.2104998,2.4815245,0.08069998,13.355846
Israel,ISR,1977,37.39588,21.480162,1.1714616,2.8781598,0.08079045,13.855563
Israel,ISR,1978,38.348476,12.708799,1.261795,2.553873,0.070660524,15.222295
Israel,ISR,1979,38.435387,22.37359,1.17968,2.4702702,0.05041368,20.256216
Israel,ISR,1980,35.551514,13.151946,1.0263952,2.495549,0.050313488,19.189564
Israel,ISR,1981,37.45535,15.301206,1.0033578,2.4281259,0.04013431,16.555403
Israel,ISR,1982,41.133812,16.291512,1.0000927,2.4902308,0.03000278,14.291325
Israel,ISR,1983,42.835556,12.778843,1.0374703,2.224576,0.019951353,15.991011
Israel,ISR,1984,41.63613,17.721739,1.0155153,2.070855,0,15.242687
Israel,ISR,1985,39.78212,16.9074,1.0243895,2.1283436,0.0099455295,17.742825
Israel,ISR,1986,33.837166,14.3807955,1.1146361,2.0003736,0,20.590912
Israel,ISR,1987,34.230515,17.32422,1.2637427,2.099604,0.01990146,20.737322
Israel,ISR,1988,38.244507,19.535683,1.464429,2.1717381,0.019924203,19.95409
Israel,ISR,1989,37.49273,16.705671,1.3604618,1.9506623,0.020006793,21.807404
Israel,ISR,1990,38.585526,14.095892,1.3165406,2.0193553,0.0197976,21.173534
Israel,ISR,1991,39.681255,17.09227,1.2527856,1.9520148,0.019423032,21.88976
Israel,ISR,1992,42.210728,13.992667,1.212116,1.8618102,0.019393856,22.739298
Israel,ISR,1993,44.408962,14.910824,1.3822657,1.7057747,0.019606605,23.380878
Israel,ISR,1994,47.54482,19.59009,1.3957567,1.6630293,0.009898984,21.263018
Israel,ISR,1995,46.01381,17.186722,1.443844,1.9018909,0.009957544,24.186876
Israel,ISR,1996,46.375416,18.973122,1.3666233,1.8753663,0.009975352,22.654024
Israel,ISR,1997,45.875744,20.101175,1.2164402,2.0839014,0.0099708205,23.770437
Israel,ISR,1998,45.513573,19.033672,1.3140402,2.0307891,0.009954849,23.592993
Israel,ISR,1999,46.16834,18.665483,1.3870317,1.446476,0.009907369,20.74603
Israel,ISR,2000,57.26453,22.81134,1.4564617,2.4110346,0.009840957,20.114918
Israel,ISR,2001,65.10945,20.828367,1.4394782,2.5068462,0.009792368,21.778227
Israel,ISR,2002,68.634026,24.369133,1.2697343,2.5687704,0.009767187,20.852945
Israel,ISR,2003,68.35395,25.170187,1.308303,2.6751866,0.009763455,21.879902
Israel,ISR,2004,69.46045,25.177458,1.2808726,2.70841,0.009777653,22.79171
Israel,ISR,2005,71.39712,23.586374,1.4134157,2.7581234,0.0098153865,20.887142
Israel,ISR,2006,69.16984,28.037287,1.5702461,2.5380707,0.009875761,19.31699
Israel,ISR,2007,67.59344,27.00353,1.5626814,2.5978332,0.009953384,24.166819
Israel,ISR,2008,68.79599,29.430956,1.6556795,2.5587773,0.0100344205,22.065691
Israel,ISR,2009,67.197296,25.336521,1.746302,2.705254,0.010094231,21.147415
Israel,ISR,2010,65.789955,29.44998,1.9499987,2.5499983,0.009999993,22.319984
Israel,ISR,2011,66.00998,29.839989,1.9899992,2.4199991,0.009999996,24.359991
Israel,ISR,2012,65.979996,28.029997,1.9899997,2.0699997,0.009999998,21.109997
Israel,ISR,2013,66.00009,29.410042,2.0100029,2.0100029,0.010000014,23.290033
Israel,ISR,2014,70.63006,27.860025,2.1000018,1.7100016,0.010000009,23.71002
Israel,ISR,2015,73.93995,27.879978,1.8599987,1.7399987,0.009999992,23.199984
Israel,ISR,2016,77.43004,30.350014,1.7500008,1.7100009,0.010000004,24.330011
Israel,ISR,2017,74.72003,31.070013,1.8200009,1.5500007,0.010000004,25.71001
Israel,ISR,2018,76.64003,29.840012,1.7200007,1.3800006,0.0100000035,24.380009
Israel,ISR,2019,69.90003,31.500013,1.7500007,1.3700006,0.010000004,23.27001
Israel,ISR,2020,74.83,30.18,5.07,1.47,0.01,22.61
Israel,ISR,2021,70.07996,33.94998,4.939997,1.3299993,0.009999994,25.609985
Israel,ISR,2022,70.330055,36.12003,5.0700045,1.1500009,0.010000008,25.16002
Israel,ISR,2023,72.81999,30.059996,4.709999,1.1299999,0.009999998,24.749996
Italy,ITA,1961,5.37547,14.865128,0.8208353,7.888027,2.0721085,12.022235
Italy,ITA,1962,6.2093186,16.50477,0.8713077,8.392595,2.1832767,11.026548
Italy,ITA,1963,7.190935,18.758526,0.85129464,8.162413,2.263442,11.387317
Italy,ITA,1964,8.465874,18.26267,0.84058315,9.606666,2.2315483,12.488664
Italy,ITA,1965,10.034592,18.33012,0.7995691,9.584834,2.2687771,14.052426
Italy,ITA,1966,10.703468,21.556705,0.8686583,9.365535,2.3363912,13.589011
Italy,ITA,1967,10.355539,23.753891,0.8978791,10.315634,2.364415,13.019248
Italy,ITA,1968,10.713888,23.52267,0.9476903,11.402211,2.463995,12.788831
Italy,ITA,1969,10.9578285,24.520388,1.0379,11.247244,2.6745884,12.474759
Italy,ITA,1970,11.735424,25.807945,1.1186106,12.864022,2.8764274,13.493241
Italy,ITA,1971,12.158236,26.1962,1.1198375,14.247932,3.1195471,13.618023
Italy,ITA,1972,13.161567,25.343018,1.1201334,14.8517685,3.4204073,13.251577
Italy,ITA,1973,14.686608,27.393673,1.0597552,15.916325,3.4791965,12.827038
Italy,ITA,1974,15.148907,25.281487,0.91932684,17.367281,3.617351,12.520831
Italy,ITA,1975,15.619858,23.27998,1.0786091,18.276432,3.9049644,12.493889
Italy,ITA,1976,16.37563,23.91441,1.0983654,18.901869,4.0240116,13.529864
Italy,ITA,1977,16.573914,24.151987,1.3378943,19.798838,4.3231955,12.929649
Italy,ITA,1978,17.28216,24.151094,1.3877643,22.07444,4.542682,13.218705
Italy,ITA,1979,17.652792,25.221128,1.4577533,22.95462,4.722721,13.918548
Italy,ITA,1980,18.068586,26.131184,1.4251561,24.765825,4.86347,14.729935
Italy,ITA,1981,18.003536,25.756302,1.3933084,25.049696,4.7969623,13.724089
Italy,ITA,1982,18.531404,25.76463,1.4047999,24.579018,4.712556,15.323279
Italy,ITA,1983,18.622602,26.891556,1.5959381,26.55242,4.8077636,16.378315
Italy,ITA,1984,18.247387,26.023489,1.437431,28.259491,4.831365,17.259153
Italy,ITA,1985,17.973564,25.981787,1.5077823,27.859026,5.0625544,19.760937
Italy,ITA,1986,18.058708,26.368908,1.4682689,28.236708,5.074017,18.987612
Italy,ITA,1987,18.70731,27.316868,1.5081707,29.454275,5.1737247,21.533882
Italy,ITA,1988,19.154692,26.88045,1.5671113,30.054598,5.4200087,19.993145
Italy,ITA,1989,19.328043,26.997427,1.6854693,30.867027,5.275818,21.103271
Italy,ITA,1990,19.541418,27.084944,1.7638097,31.748575,5.112059,21.245438
Italy,ITA,1991,19.434664,27.423695,1.7731266,32.035816,5.428955,23.010801
Italy,ITA,1992,19.630299,25.974543,1.7628428,33.135468,5.657032,21.811443
Italy,ITA,1993,19.39039,26.550991,1.7129673,34.19959,5.636857,21.163113
Italy,ITA,1994,18.858988,26.775597,1.7261777,33.749752,5.615038,21.101034
Italy,ITA,1995,18.27006,25.286318,1.6076858,32.63007,5.6169763,20.929688
Italy,ITA,1996,18.58652,25.349781,1.6435025,35.698868,5.836924,21.365534
Italy,ITA,1997,18.561373,24.072092,1.6213847,35.183052,5.649978,21.306786
Italy,ITA,1998,18.421665,24.393303,1.5699153,37.817074,5.574193,22.24709
Italy,ITA,1999,18.291708,25.554737,1.569848,36.81194,5.6832466,22.335556
Italy,ITA,2000,18.845354,24.80542,1.5323043,37.262856,5.7710166,22.407463
Italy,ITA,2001,18.246264,23.875854,1.5471394,39.716568,6.577838,24.354969
Italy,ITA,2002,18.035206,24.093674,1.4520295,39.725517,6.0784955,23.863352
Italy,ITA,2003,15.013287,24.72482,1.4231553,40.189106,5.171466,24.564465
Italy,ITA,2004,15.764421,23.56651,1.4121877,39.701504,5.3182387,24.147408
Italy,ITA,2005,15.450106,23.671448,1.4537739,38.790695,5.404028,25.265587
Italy,ITA,2006,13.534125,24.413713,1.4881505,40.542046,5.510179,26.454891
Italy,ITA,2007,15.910912,24.203505,1.4089359,41.20131,5.565297,26.186079
Italy,ITA,2008,17.12935,23.030128,1.3671312,39.14418,5.7600455,25.151194
Italy,ITA,2009,17.441519,23.714434,1.3370156,39.899357,5.709961,25.332926
Italy,ITA,2010,17.67,23.32,1.24,42.11,6.22,27.09
Italy,ITA,2011,18.24,21.709997,1.1799998,40.359997,6.2099996,27.889997
Italy,ITA,2012,19.129995,20.889996,1.1099998,40.00999,6.359999,26.099997
Italy,ITA,2013,18.710001,18.740002,0.92000014,40.510002,6.0900006,26.350004
Italy,ITA,2014,18.39,19.63,0.96000004,36.55,3.4400003,28.060001
Italy,ITA,2015,18.520002,17.420002,0.8900001,36.780003,2.5500002,29.430004
Italy,ITA,2016,18.690002,17.270002,0.9400001,36.140003,2.5300002,29.840004
Italy,ITA,2017,18.960001,16.22,0.87000006,40.430004,2.2300003,29.900002
Italy,ITA,2018,19.060001,17.090002,0.88000005,38.220005,2.2100003,29.520002
Italy,ITA,2019,19.500002,17.340002,0.89000005,36.310005,1.1900002,29.080002
Italy,ITA,2020,20.740002,16.080002,0.77000004,33.140003,1.0800002,29.180004
Italy,ITA,2021,20.92,15.84,0.81,35.58,1.11,29.27
Italy,ITA,2022,20.250002,16.05,0.8600001,33.970005,1.1100001,29.330002
Italy,ITA,2023,20.469997,14.489999,0.86999995,34.13,1.24,29.389997
Jamaica,JAM,1961,2.418861,9.191671,1.6981391,3.9590337,0.49364507,32.175785
Jamaica,JAM,1962,3.1167076,9.112659,1.7018212,3.987407,0.47492683,33.185516
Jamaica,JAM,1963,3.6994314,9.898211,1.4480349,4.086235,0.5851647,38.194397
Jamaica,JAM,1964,4.1248612,10.784275,1.3815799,4.264013,0.9939424,33.287132
Jamaica,JAM,1965,4.3572087,9.848485,1.452403,4.018978,0.8057852,31.24656
Jamaica,JAM,1966,5.8322716,10.032303,1.4033281,3.244574,0.8559306,34.386513
Jamaica,JAM,1967,7.4234996,9.722198,1.7414376,3.6122394,1.0249604,32.888294
Jamaica,JAM,1968,7.479939,9.648325,1.9893454,4.038371,1.0344596,34.19685
Jamaica,JAM,1969,8.9409,10.164183,1.8498415,4.1571703,0.7657945,31.62632
Jamaica,JAM,1970,11.055633,11.523333,2.0499194,4.4381747,1.1941278,26.718609
Jamaica,JAM,1971,14.401256,9.063031,2.3802907,3.7845623,0.9660594,26.28279
Jamaica,JAM,1972,11.650346,11.600516,2.371927,4.793684,0.85708284,38.857742
Jamaica,JAM,1973,14.932452,10.656069,1.6447629,4.9043837,0.22926998,27.03392
Jamaica,JAM,1974,16.57233,11.210988,1.6044168,2.9298048,0.16941048,23.508196
Jamaica,JAM,1975,19.64181,12.83544,1.7937726,3.2487216,0.099654034,26.069494
Jamaica,JAM,1976,22.296108,12.9952755,1.3045065,3.515197,0.04979033,23.869482
Jamaica,JAM,1977,23.596409,10.440889,0.9844267,3.9774816,0.04971852,16.446888
Jamaica,JAM,1978,24.040026,12.645848,0.94372,3.606004,0.09933895,20.17574
Jamaica,JAM,1979,23.150618,8.213454,0.635624,2.9000347,0.05958975,21.710533
Jamaica,JAM,1980,25.268093,7.392631,0.67567056,3.9944055,0.22853564,17.60718
Jamaica,JAM,1981,24.918451,7.8878546,0.45813298,3.714861,0.119512945,18.833248
Jamaica,JAM,1982,25.424986,8.095667,0.5590103,3.2941678,0.06987629,19.755026
Jamaica,JAM,1983,24.473698,8.898617,0.47045553,3.0329366,0.1201163,17.707146
Jamaica,JAM,1984,26.50348,8.740936,0.30072027,3.147539,0.060144052,19.657082
Jamaica,JAM,1985,23.244188,7.5107403,0.3409415,3.1687503,0.020055382,16.204748
Jamaica,JAM,1986,26.325401,8.287441,0.50105447,2.6555886,0.32067484,19.310638
Jamaica,JAM,1987,27.99622,8.1576395,0.6906468,3.0128217,0.6205812,18.07693
Jamaica,JAM,1988,25.83823,8.835717,0.79870886,3.5742218,0.5990316,21.375444
Jamaica,JAM,1989,25.373777,8.6870575,0.82686436,3.7956064,0.7272422,22.225716
Jamaica,JAM,1990,30.816113,7.979793,0.71549827,3.2694294,0.5763736,18.950766
Jamaica,JAM,1991,32.310326,7.963532,0.66445416,1.8743557,0.19834453,17.12705
Jamaica,JAM,1992,32.818447,8.528642,0.55406487,2.6812782,0.05936409,17.185905
Jamaica,JAM,1993,33.610485,8.343378,1.036751,3.2781081,0.4443219,19.31319
Jamaica,JAM,1994,28.232422,8.053733,1.2322112,3.6473453,0.06900383,22.702261
Jamaica,JAM,1995,24.687435,8.990678,1.5657369,3.2791846,0.049237005,20.797712
Jamaica,JAM,1996,38.66586,7.8060145,1.4962349,3.238561,0.0393746,19.342773
Jamaica,JAM,1997,40.591423,8.429466,1.6740762,3.2693722,0.039390028,21.310005
Jamaica,JAM,1998,40.23255,7.7013783,2.4159255,3.4118783,0.01972184,22.167347
Jamaica,JAM,1999,40.79901,8.487854,1.9169309,3.3595698,0.019762173,23.477463
Jamaica,JAM,2000,40.782066,7.8019595,2.1386082,3.0395958,0.019801926,19.5247
Jamaica,JAM,2001,43.347015,6.2534056,1.6477227,3.1664069,0.019852081,25.658815
Jamaica,JAM,2002,43.72394,8.267258,2.1986327,2.7756493,0.039794255,26.493027
Jamaica,JAM,2003,48.932,7.731874,2.072461,3.377713,0.089673795,24.919352
Jamaica,JAM,2004,50.12293,6.853991,1.9554328,3.691378,0.03990679,25.25102
Jamaica,JAM,2005,48.30868,7.1864147,2.036151,4.4915094,0.029943395,26.979
Jamaica,JAM,2006,46.99332,5.140518,2.4754338,5.230352,0.4292083,28.96657
Jamaica,JAM,2007,52.587215,5.2587214,2.9736223,3.751953,0.059871588,30.364876
Jamaica,JAM,2008,51.364697,5.745983,2.493916,4.3294387,0.029926993,26.774683
Jamaica,JAM,2009,48.6652,4.438617,1.8352935,3.9897683,0.029923262,25.604338
Jamaica,JAM,2010,52.449944,4.819995,1.4799985,3.619996,0.019999979,24.059975
Jamaica,JAM,2011,52.34994,5.859994,1.2999985,3.8699956,0.019999977,25.289974
Jamaica,JAM,2012,53.079964,5.079996,1.3799989,3.8999972,0.019999985,23.819983
Jamaica,JAM,2013,52.98002,4.3400016,1.1700003,3.9700015,0.030000009,24.760008
Jamaica,JAM,2014,53.319885,4.1999907,1.2899972,3.5299923,0.019999957,23.31995
Jamaica,JAM,2015,54.209885,4.3699903,1.1399976,3.5099926,0.019999957,23.42995
Jamaica,JAM,2016,52.729828,4.559985,1.0999964,3.8199875,0.029999902,25.209917
Jamaica,JAM,2017,53.109905,4.129993,1.0399982,3.5799935,0.029999945,27.619951
Jamaica,JAM,2018,57.41994,5.0599947,0.92999905,3.4999964,0.079999916,26.95997
Jamaica,JAM,2019,57.6499,5.3799906,1.0199982,3.2299943,0.03999993,27.65995
Jamaica,JAM,2020,55.4399,4.4899917,0.9699983,2.4199958,0.019999964,26.919952
Jamaica,JAM,2021,51.79,6.35,0.81,2.66,0.02,27.87
Jamaica,JAM,2022,55.429802,5.2699814,1.1699958,2.7499902,0.009999964,27.859901
Jamaica,JAM,2023,56.7901,5.66001,1.150002,3.3500059,0.0100000175,27.85005
Japan,JPN,1961,1.3348019,1.507654,0.26888096,2.0838275,2.141445,48.91713
Japan,JPN,1962,1.5474164,1.5089713,0.25950462,3.2486134,2.6719365,49.200153
Japan,JPN,1963,1.7995104,1.8861178,0.5100216,2.8291767,2.3384013,50.155334
Japan,JPN,1964,1.7826383,2.389699,0.62633234,3.4111023,2.3126118,45.741535
Japan,JPN,1965,2.0449185,2.2281895,0.54016715,3.9451497,2.3342938,50.03298
Japan,JPN,1966,2.38775,1.6433905,0.9086983,5.4328556,2.3490818,50.664764
Japan,JPN,1967,2.8567567,1.6559504,0.9490242,5.7425647,2.1110947,53.852283
Japan,JPN,1968,3.2359116,1.7923462,1.0366544,5.6386247,1.9086065,56.783466
Japan,JPN,1969,3.8998988,2.415609,1.2126551,5.8595495,1.9111445,56.111977
Japan,JPN,1970,4.5968323,2.8280723,1.0301569,6.9001074,1.7007307,59.583885
Japan,JPN,1971,5.1426086,3.1751711,1.1882542,7.8989687,1.6752437,62.928776
Japan,JPN,1972,5.8364677,3.5233524,1.366397,8.559503,1.7177563,64.1621
Japan,JPN,1973,6.2830048,3.6056437,1.1921098,9.849563,1.7393078,65.5465
Japan,JPN,1974,6.5495806,3.4116473,0.791815,10.117637,1.5738544,66.82527
Japan,JPN,1975,6.5610104,3.578733,1.1342432,10.1593,1.4080261,66.61723
Japan,JPN,1976,7.3649497,3.599338,1.1639163,10.416562,1.281286,67.810356
Japan,JPN,1977,8.041746,4.0600057,1.2620257,10.94734,1.2228932,65.48838
Japan,JPN,1978,8.942272,4.6081076,1.1740401,11.750185,1.1251217,66.41153
Japan,JPN,1979,9.67721,4.911991,0.9882691,13.121474,1.0665479,64.20814
Japan,JPN,1980,9.901002,4.867258,0.6561495,13.181749,0.9499478,64.79232
Japan,JPN,1981,10.07272,5.2621617,0.72649246,13.0964985,0.88357186,64.530205
Japan,JPN,1982,10.55074,5.319701,0.69944215,12.944606,0.8866168,63.994034
Japan,JPN,1983,10.960844,5.564432,0.67208064,13.105573,0.8697514,66.92144
Japan,JPN,1984,11.418049,5.976635,0.61451304,13.2715,0.85238904,68.250595
Japan,JPN,1985,11.807033,6.156737,0.6454643,14.081054,0.81427807,69.67043
Japan,JPN,1986,12.555044,6.466245,0.6456312,14.342945,0.61583287,70.15527
Japan,JPN,1987,13.090316,6.887551,0.61531436,15.124824,0.51607007,71.89254
Japan,JPN,1988,13.78152,7.4162426,0.62463003,15.3877125,0.4065053,72.595894
Japan,JPN,1989,13.654872,8.115631,0.554915,15.706076,0.39636785,72.37677
Japan,JPN,1990,13.492987,8.341479,0.5151507,15.246481,0.3764563,71.249306
Japan,JPN,1991,13.697508,8.34924,0.51501834,15.183138,0.3565512,66.7444
Japan,JPN,1992,14.141807,9.041646,0.53477424,15.389614,0.3268065,66.39123
Japan,JPN,1993,13.728888,10.034173,0.4457431,15.214698,0.3268783,67.75295
Japan,JPN,1994,13.748734,10.727578,0.37640625,15.105778,0.2872574,70.774284
Japan,JPN,1995,14.649993,11.242558,0.3764028,17.086706,0.28725475,70.942024
Japan,JPN,1996,14.720772,10.629467,0.32690814,17.97004,0.25756398,69.572
Japan,JPN,1997,14.40977,10.596875,0.28720504,16.360785,0.21787968,66.294846
Japan,JPN,1998,14.362987,10.779664,0.27716306,16.293228,0.21777098,64.282036
Japan,JPN,1999,15.012013,10.974504,0.23750053,17.268269,0.20781296,65.52046
Japan,JPN,2000,15.428883,11.301978,0.20782971,17.665525,0.18803641,67.09931
Japan,JPN,2001,15.571026,10.294893,0.20787765,18.065557,0.17818086,69.163864
Japan,JPN,2002,16.042988,8.902867,0.19806157,18.934687,0.15844925,67.340935
Japan,JPN,2003,15.776943,9.523644,0.17838253,18.958097,0.15856224,65.773605
Japan,JPN,2004,14.857787,8.311633,0.21820515,20.372427,0.1785315,62.158714
Japan,JPN,2005,16.746775,8.517328,0.24817389,20.667921,0.18861216,60.673553
Japan,JPN,2006,17.253124,8.442806,0.24831784,19.388657,0.16885613,57.57994
Japan,JPN,2007,17.057575,8.54369,0.17882141,19.938587,0.14901784,56.229397
Japan,JPN,2008,17.226751,8.464356,0.17882442,20.16742,0.13908565,55.82302
Japan,JPN,2009,16.848936,8.6927,0.17882128,19.630602,0.12914869,53.815266
Japan,JPN,2010,17.349188,8.864475,0.1399128,19.827642,0.1399128,52.857056
Japan,JPN,2011,17.827581,8.923784,0.13990255,20.096,0.13990255,51.264286
Japan,JPN,2012,18.179394,9.014741,0.13991837,20.248186,0.11993002,51.629875
Japan,JPN,2013,19.67311,9.156793,0.14994748,19.913025,0.11995798,48.642963
Japan,JPN,2014,18.028606,8.979305,0.14998841,20.558409,0.12998994,49.29619
Japan,JPN,2015,18.056461,8.588317,0.14997062,20.086063,0.12997453,47.81063
Japan,JPN,2016,18.256124,8.54882,0.14980409,20.982557,0.1298302,45.51048
Japan,JPN,2017,18.90995,9.260592,0.1495252,21.721025,0.119620144,45.98398
Japan,JPN,2018,19.180107,9.659691,0.14922282,21.756687,0.119378254,44.488297
Japan,JPN,2019,19.678,9.719859,0.14892533,22.011162,0.13899697,44.369816
Japan,JPN,2020,22.76735,9.61861,0.13882531,21.54767,0.10907703,44.513344
Japan,JPN,2021,25.98752,9.459021,0.1288965,21.833086,0.10906628,44.737003
Japan,JPN,2022,27.666552,9.400677,0.14874491,22.579475,0.11899592,44.980457
Jordan,JOR,1961,1.1770513,1.4086024,7.911328,0,0.96479607,3.183827
Jordan,JOR,1962,1.437478,1.2861645,10.100174,0,0.87005246,3.0830119
Jordan,JOR,1963,1.8821086,1.9939171,8.981944,0,0.5217727,3.503331
Jordan,JOR,1964,2.253004,1.6851737,8.883796,0,0.51287895,2.949054
Jordan,JOR,1965,2.8552563,1.6060816,9.36881,0,0.7316594,2.998019
Jordan,JOR,1966,3.014755,1.5676727,10.181258,0,0.5857239,2.3256683
Jordan,JOR,1967,2.5251536,1.270829,6.7172394,0,0.3465897,1.6834358
Jordan,JOR,1968,2.7679772,1.32108,7.580483,0,0.41939047,1.2057476
Jordan,JOR,1969,5.9602838,0.9177782,7.226185,0,0.3797703,1.4557861
Jordan,JOR,1970,5.5090113,0.94107866,6.5558286,0,0.38066104,1.3428875
Jordan,JOR,1971,6.6209245,0.86727756,6.494005,0,0.5499809,1.9460863
Jordan,JOR,1972,7.471786,0.8877369,6.1296124,0,0.81375885,1.4901298
Jordan,JOR,1973,8.979538,1.1171725,6.818968,0,0.72721606,2.3924356
Jordan,JOR,1974,10.409795,0.69258714,4.417866,0.010493744,0.3987623,2.7703485
Jordan,JOR,1975,11.821829,0.8675612,4.6931925,0,0.36583906,2.665399
Jordan,JOR,1976,12.15165,0.8017798,3.1967065,0,0.3748581,2.4782286
Jordan,JOR,1977,12.060814,0.7978373,4.3829246,0.010361524,0.55952233,3.0980957
Jordan,JOR,1978,13.086411,0.78312385,8.088845,0.010304261,0.26791078,3.3488848
Jordan,JOR,1979,12.4813795,0.76918936,8.225199,0.020511715,0.2666523,2.8408725
Jordan,JOR,1980,13.517387,0.7452941,7.0547695,0.010209507,0.4083803,3.2976708
Jordan,JOR,1981,12.982067,6.5419035,8.861584,0.010174033,1.6990635,3.1641243
Jordan,JOR,1982,15.720199,4.0898905,9.590438,0.010148611,1.4309542,3.6737971
Jordan,JOR,1983,19.105701,4.424585,6.864688,0.020249816,1.8629831,4.070213
Jordan,JOR,1984,21.479012,4.235298,6.8268976,0.010084043,1.0689086,4.0033655
Jordan,JOR,1985,20.610964,7.1507425,10.445693,0.010015045,1.1116701,5.2879443
Jordan,JOR,1986,22.82505,6.00607,7.591831,0.009911007,1.7443372,3.1021454
Jordan,JOR,1987,21.310946,5.743583,8.522421,0.009784639,0.9686793,5.009735
Jordan,JOR,1988,22.574524,5.5397015,12.51025,0,0.15468624,2.7940204
Jordan,JOR,1989,17.569977,2.203432,8.756248,0.009580139,0.2874042,2.9411027
Jordan,JOR,1990,17.476473,3.8476055,5.4608183,0,0.25032616,2.7535875
Jordan,JOR,1991,21.579605,2.9549963,7.319716,0,0.1355503,2.9459598
Jordan,JOR,1992,18.77984,1.1153648,7.254405,0,0.09974807,2.7566738
Jordan,JOR,1993,19.907295,5.4044485,7.824623,0,0.12737758,3.5938673
Jordan,JOR,1994,21.492132,5.03608,5.454994,0.009106835,0.07285468,3.3877428
Jordan,JOR,1995,22.408632,3.9453743,4.3271847,0.0090907235,0.09999796,4.209005
Jordan,JOR,1996,20.875454,2.4463422,4.2403264,0,0.09060527,4.8111396
Jordan,JOR,1997,20.043537,4.528288,4.0502014,0.009020493,0.09020494,3.563095
Jordan,JOR,1998,19.199099,3.577973,4.770631,0,0.08967351,4.116014
Jordan,JOR,1999,21.471424,4.2212586,4.0876746,0.008905609,0.08905609,3.6334884
Jordan,JOR,2000,22.379555,5.6015253,4.2033563,0.008849171,0.106190056,3.504272
Jordan,JOR,2001,21.691511,6.4626107,4.6073575,0.008792668,0.09671935,3.9567003
Jordan,JOR,2002,20.070944,7.0278864,4.312765,0.008730293,0.08730294,4.199271
Jordan,JOR,2003,22.160421,5.286211,4.261953,0.017360298,0.095481634,4.1751513
Jordan,JOR,2004,23.711035,6.916801,5.1334953,0.008656822,0.08656822,4.899761
Jordan,JOR,2005,24.146193,5.856255,4.58769,0.017377611,0.060821645,4.353092
Jordan,JOR,2006,20.719707,8.083473,3.8516862,0.00844668,0.08446681,4.975095
Jordan,JOR,2007,23.337343,7.514011,4.987249,0.008284466,0.124267004,4.9706798
Jordan,JOR,2008,23.898123,7.1288457,4.8624983,0.016913038,0.11839126,6.114063
Jordan,JOR,2009,24.13803,4.898575,5.495751,0.017309451,0.06058308,6.0063796
Jordan,JOR,2010,29.709974,4.749996,4.5099964,0.019999983,0.08999993,5.9399953
Jordan,JOR,2011,30.289955,6.62999,4.369993,0.01999997,0.07999988,5.139992
Jordan,JOR,2012,30.789988,5.7899976,6.489997,0.019999992,0.04999998,6.679997
Jordan,JOR,2013,30.409992,5.8499985,5.1699986,0.009999997,0.079999976,5.9399986
Jordan,JOR,2014,29.129982,4.4399977,4.959997,0.009999994,0.07999995,5.6799965
Jordan,JOR,2015,26.270002,5.7600007,5.0600004,0.010000001,0.080000006,5.6100006
Jordan,JOR,2016,24.800001,6.3800006,4.8700004,0.010000001,0.110000014,5.7400002
Jordan,JOR,2017,24.170008,6.5500026,4.5600014,0.0100000035,0.08000003,5.130002
Jordan,JOR,2018,25.609999,6.5699997,5.68,0.01,0.09,4.95
Jordan,JOR,2019,22.019993,7.589998,4.4699984,0.009999997,0.089999974,4.9799986
Jordan,JOR,2020,24.519997,7.399999,4.4499993,0.009999998,0.08999999,5.739999
Jordan,JOR,2021,28.490011,7.840003,4.390002,0.0100000035,0.10000004,4.9300017
Jordan,JOR,2022,26.60998,6.8399944,4.389996,0.009999991,0.08999993,4.8399963
Jordan,JOR,2023,23.139978,7.109994,4.7499957,0.009999991,0.07999993,4.7699957
Kazakhstan,KAZ,1992,6.1099405,24.384132,13.434451,12.75763,3.5788116,3.9496734
Kazakhstan,KAZ,1993,4.620068,22.261164,15.243458,11.38879,3.8546672,3.4489129
Kazakhstan,KAZ,1994,2.7724493,24.69328,14.065559,9.19529,4.3897114,2.3565817
Kazakhstan,KAZ,1995,2.3607724,24.499985,11.4785595,6.3852386,3.8199902,2.2027678
Kazakhstan,KAZ,1996,2.58607,21.48212,10.082872,6.6378913,4.5279565,2.6981022
Kazakhstan,KAZ,1997,3.4792328,18.139027,9.121231,5.5103526,4.400759,1.673793
Kazakhstan,KAZ,1998,3.465774,16.98704,7.615208,5.4123044,4.5672255,1.4622717
Kazakhstan,KAZ,1999,2.7829156,17.504824,6.401655,6.4111533,4.226612,2.6879354
Kazakhstan,KAZ,2000,3.450974,16.060663,6.149692,9.31857,3.5261996,3.686054
Kazakhstan,KAZ,2001,4.224999,15.245515,6.2346773,12.403924,3.55199,2.9257183
Kazakhstan,KAZ,2002,5.1929197,15.746876,6.4911494,12.720785,3.3623219,2.7085373
Kazakhstan,KAZ,2003,5.9189134,17.119896,6.0968556,12.605787,3.9428205,2.3694384
Kazakhstan,KAZ,2004,7.5308385,18.01384,6.4120245,12.617209,4.183799,2.388056
Kazakhstan,KAZ,2005,9.61304,18.461943,6.688563,13.707308,4.103702,3.037683
Kazakhstan,KAZ,2006,13.3134575,19.119183,7.148419,14.079359,4.217189,3.2338085
Kazakhstan,KAZ,2007,12.709087,20.57887,7.604617,14.4042635,4.214265,4.488902
Kazakhstan,KAZ,2008,11.865646,20.319447,7.989409,15.855612,4.3311505,5.364182
Kazakhstan,KAZ,2009,11.253935,20.509064,8.127842,15.497844,4.6228285,3.7039466
Kazakhstan,KAZ,2010,13.4400015,16.570002,8.570001,7.770001,5.270001,5.010001
Kazakhstan,KAZ,2011,15.280004,15.880004,8.770002,10.080002,5.4300013,4.680001
Kazakhstan,KAZ,2012,18.169994,15.709995,8.869997,9.979997,5.5499983,4.5899987
Kazakhstan,KAZ,2013,16.979998,16.159998,8.999999,9.689999,5.6199994,4.4699993
Kazakhstan,KAZ,2014,15.819995,16.299994,9.079997,8.739997,5.359998,3.629999
Kazakhstan,KAZ,2015,16.209995,16.449997,9.069997,7.9999976,5.2699986,3.9999988
Kazakhstan,KAZ,2016,16.54,16.27,9.05,7.57,5.56,3.12
Kazakhstan,KAZ,2017,18.159998,17.439999,8.979999,7.3399997,5.5299997,3.3899999
Kazakhstan,KAZ,2018,19.650005,17.440006,8.950003,7.080002,5.5900016,2.7900007
Kazakhstan,KAZ,2019,20.000004,19.590004,8.960002,7.310002,6.0900016,3.670001
Kazakhstan,KAZ,2020,21.160004,19.730003,8.790001,7.9200015,6.300001,3.8200006
Kazakhstan,KAZ,2021,21.809992,19.999992,8.819997,8.499997,6.589998,4.0399985
Kazakhstan,KAZ,2022,22.229996,17.879997,7.049999,6.679999,8.469999,3.9899995
Kazakhstan,KAZ,2023,23.389988,18.779991,7.1799965,6.699997,8.839996,3.9299982
Kenya,KEN,1961,0.9001839,13.105003,3.8100808,0.28261587,1.7794333,1.9573766
Kenya,KEN,1962,0.92535514,11.738494,3.5350647,0.2599312,1.7259432,2.4849424
Kenya,KEN,1963,0.92921025,10.0457945,3.5206745,0.15486838,1.7138766,2.570815
Kenya,KEN,1964,0.9739747,10.754731,3.537066,0.17429021,1.7018926,2.5938485
Kenya,KEN,1965,1.007696,11.29841,3.3691654,0.1730387,1.6794933,2.7584407
Kenya,KEN,1966,1.1220134,10.047579,3.2043087,0.20216458,1.6476413,3.052685
Kenya,KEN,1967,1.1649262,10.13285,3.1734197,0.15063702,1.6369221,2.791806
Kenya,KEN,1968,1.1481602,10.732802,2.9552646,0.18969603,1.6174083,2.6757126
Kenya,KEN,1969,1.3709557,10.659677,2.58296,0.19868924,1.6292517,2.9207318
Kenya,KEN,1970,1.346027,11.124517,2.2664719,0.08907532,1.5340749,3.3848622
Kenya,KEN,1971,1.5128808,10.906585,2.1556082,0.12854543,1.5029927,2.1556082
Kenya,KEN,1972,1.663062,10.750507,1.9996341,0.1880844,1.4749776,2.3857021
Kenya,KEN,1973,1.7453959,10.88889,1.8644001,0.18842342,1.4379683,2.251164
Kenya,KEN,1974,1.7799916,10.580509,1.9291531,0.17899358,1.4220045,2.5059102
Kenya,KEN,1975,1.9363141,9.172539,2.165877,0.189639,1.387359,2.066067
Kenya,KEN,1976,1.9052246,9.61637,2.2862694,0.19052245,1.3737671,3.0082493
Kenya,KEN,1977,2.0236764,12.444099,2.5472145,0.1912928,1.3591857,3.0405486
Kenya,KEN,1978,2.0501003,12.664167,2.8984177,0.20198034,1.4138623,3.1609924
Kenya,KEN,1979,2.0157855,12.266915,2.765374,0.20259151,1.3776222,3.3225007
Kenya,KEN,1980,2.0108445,11.943197,2.21396,0.21327136,1.3710302,3.0365782
Kenya,KEN,1981,2.0462604,9.885168,2.2193272,0.22396879,1.3438127,3.3900728
Kenya,KEN,1982,2.0207162,10.613862,2.1942122,0.24493529,1.3369384,4.6843877
Kenya,KEN,1983,2.1668782,10.885496,1.8500234,0.23508586,1.400294,5.4683013
Kenya,KEN,1984,1.698292,10.414827,2.291671,0.23530552,1.4834479,4.910724
Kenya,KEN,1985,2.1296368,9.767661,2.549421,0.24572732,1.4948412,5.4776716
Kenya,KEN,1986,2.2746987,9.959492,2.0595245,0.23566698,1.4857266,5.93266
Kenya,KEN,1987,2.1429095,10.6427765,1.9993654,0.22556943,1.4149356,6.028856
Kenya,KEN,1988,1.876339,11.155501,2.3684933,0.24607722,1.3944377,5.92636
Kenya,KEN,1989,1.9676182,10.278755,2.3570426,0.24595228,1.3834816,5.7798786
Kenya,KEN,1990,0.77837014,9.319959,2.4580112,0.2458011,1.3621478,7.6608014
Kenya,KEN,1991,0.7584788,10.341961,2.51118,0.2972417,1.363212,7.0005546
Kenya,KEN,1992,0.7701333,10.258176,2.4336212,0.3183218,1.2014079,5.288249
Kenya,KEN,1993,0.5760931,9.649559,2.3660965,0.31890866,1.1418988,5.6683445
Kenya,KEN,1994,0.5974482,9.363456,2.2764838,0.2575208,1.163994,6.5616293
Kenya,KEN,1995,0.7523993,8.987564,2.2365842,0.2885915,1.154366,5.998581
Kenya,KEN,1996,0.72154945,9.225525,2.102801,0.34015903,1.1854026,5.4425445
Kenya,KEN,1997,0.7209797,9.331537,2.090841,0.3707896,1.1432679,4.8099647
Kenya,KEN,1998,0.6683141,9.346116,1.850716,0.32901618,1.1515566,5.356795
Kenya,KEN,1999,0.5022871,9.379442,2.2244143,0.33827502,1.1788371,6.1607056
Kenya,KEN,2000,0.5513155,8.371827,2.1133757,0.40838182,1.031164,6.156356
Kenya,KEN,2001,0.904266,8.920736,2.3978288,0.40641168,1.1176322,4.409567
Kenya,KEN,2002,0.60682553,9.759776,2.376733,0.42477784,1.173196,3.0139
Kenya,KEN,2003,0.6145818,10.185937,2.2870502,0.42315468,1.2090135,2.4583273
Kenya,KEN,2004,0.5418908,10.08519,2.1775982,0.42147058,1.3547269,2.9001193
Kenya,KEN,2005,0.5498389,11.066757,2.109382,0.41987696,1.2196426,3.7289076
Kenya,KEN,2006,0.5776895,11.653392,2.171316,0.41832688,1.3247019,4.0836673
Kenya,KEN,2007,0.61536497,11.68201,2.2232542,0.3870844,2.4416094,3.3051054
Kenya,KEN,2008,0.61314714,11.669575,2.1361256,0.35602093,2.482257,3.3723092
Kenya,KEN,2009,0.6208968,11.944872,2.1485002,0.3843647,2.1386447,3.2720277
Kenya,KEN,2010,0.65,11.1,2.09,0.29,2.13,3.33
Kenya,KEN,2011,0.49999994,10.709998,2.2499998,0.25999996,2.0499997,4.3899994
Kenya,KEN,2012,0.5299999,9.349999,2.1799998,0.24999997,2.0699997,3.7299995
Kenya,KEN,2013,0.82999986,9.419999,1.9899998,0.27999997,2.0899997,3.9899995
Kenya,KEN,2014,0.97,10.14,2.19,0.29,2.2,4.13
Kenya,KEN,2015,0.90000004,10.450001,2.0700002,0.32000002,2.1500003,3.9600003
Kenya,KEN,2016,0.8300001,10.790002,1.9200003,0.30000007,2.1300006,3.5300007
Kenya,KEN,2017,2.1700006,11.030003,0.9500002,0.28000006,2.1500006,3.1400008
Kenya,KEN,2018,2.64,10.47,1.12,0.3,2.09,3.14
Kenya,KEN,2019,1.74,6.42,1.89,0.32,2.15,3.02
Kenya,KEN,2020,1.33,4.66,2.83,0.47,1.82,2.88
Kenya,KEN,2021,1.6900002,4.7100005,2.0400002,0.42000002,1.3700001,2.9800003
Kenya,KEN,2022,1.7500001,4.09,1.4000001,1.1,1.05,2.9200003
Kenya,KEN,2023,1.7099998,4.2799997,1.8699998,0.7199999,1.5999998,2.8599994
Kiribati,KIR,1961,1.9409684,1.3994664,0,10.260409,0,33.094917
Kiribati,KIR,1962,1.9773213,6.595779,0,10.006659,0,32.27977
Kiribati,KIR,1963,1.9696134,6.8794775,0,9.763048,0,32.470284
Kiribati,KIR,1964,1.9953556,7.072506,0,11.396959,0,36.46317
Kiribati,KIR,1965,1.9834617,6.0712414,0,11.111651,0,39.28534
Kiribati,KIR,1966,2.0198717,4.1973224,0,9.34728,0,41.32142
Kiribati,KIR,1967,2.057583,6.65261,0,9.248219,0,41.80602
Kiribati,KIR,1968,2.1398866,7.0775046,0,9.164461,0,45.005672
Kiribati,KIR,1969,2.18127,4.8735366,0,9.030152,0,45.22703
Kiribati,KIR,1970,2.2256215,6.0344167,0,8.8489485,0,45.193115
Kiribati,KIR,1971,2.2702482,6.0897875,0,8.728184,0,46.018543
Kiribati,KIR,1972,2.338618,7.4851155,0,8.562111,0,45.98769
Kiribati,KIR,1973,3.2523546,7.254064,0,8.412861,0,46.846268
Kiribati,KIR,1974,3.4001794,6.4319425,0,8.358456,0,48.492855
Kiribati,KIR,1975,3.2964547,6.459163,0,8.512563,0,48.919704
Kiribati,KIR,1976,3.2944975,7.985927,0,8.648056,0,51.56535
Kiribati,KIR,1977,3.400846,10.735506,0,8.671311,0,52.873848
Kiribati,KIR,1978,3.6387322,8.745114,0,8.666956,0,55.979156
Kiribati,KIR,1979,4.0855927,9.54479,0,8.699495,0,56.643574
Kiribati,KIR,1980,3.4796467,9.117214,0,8.68563,0,60.286907
Kiribati,KIR,1981,3.640987,5.7498755,0.12617281,8.552714,0.18024687,61.193813
Kiribati,KIR,1982,3.5745733,5.876382,0.0180534,8.322618,0.541602,61.986347
Kiribati,KIR,1983,3.7413335,5.7820606,0.07353972,8.190487,0.33092877,62.90404
Kiribati,KIR,1984,4.0738754,5.949881,0,8.019006,0.34945205,63.26002
Kiribati,KIR,1985,3.9711323,5.4812813,0,7.8490453,0.19576003,65.46775
Kiribati,KIR,1986,4.4089956,3.6193244,0,7.8685055,0.64865816,65.946915
Kiribati,KIR,1987,4.646088,6.1506257,0,8.014739,0.45420006,67.87453
Kiribati,KIR,1988,4.3401217,5.4822593,0,7.595213,0.24746308,68.27126
Kiribati,KIR,1989,4.3193374,8.912169,0.028292602,7.4786777,0.028292602,69.26029
Kiribati,KIR,1990,4.437974,4.494871,0.06637996,7.3302436,0.0758628,69.80327
Kiribati,KIR,1991,5.4764676,5.759246,0.075407475,7.2862473,0.5655561,69.912155
Kiribati,KIR,1992,5.565128,6.3453736,0.037602212,7.0222135,0.43242547,69.949524
Kiribati,KIR,1993,6.3439565,4.7673516,0.037538204,7.8267155,0.19707556,70.71259
Kiribati,KIR,1994,6.3723717,5.079155,0.065597944,7.909237,0.15930928,71.53924
Kiribati,KIR,1995,9.372439,7.0527134,0.16836716,8.352882,0.44897908,71.09771
Kiribati,KIR,1996,10.8263855,6.257972,0.094388716,7.7681904,0.28316614,71.61272
Kiribati,KIR,1997,10.23158,4.9656014,0.08448094,8.072623,0.51627237,70.15672
Kiribati,KIR,1998,12.382109,4.8744044,0.42954525,7.6851244,0.16808292,70.268
Kiribati,KIR,1999,12.669758,3.764675,0.39041072,8.059193,0.09295493,70.63645
Kiribati,KIR,2000,12.342495,4.1672306,0.7866233,9.242825,0.22474952,70.59008
Kiribati,KIR,2001,14.475705,4.815938,0.3346984,10.003763,1.1342556,70.32385
Kiribati,KIR,2002,15.013492,4.305545,0.41937125,11.071402,0.27026147,69.951126
Kiribati,KIR,2003,16.78317,5.9392285,0.24015543,11.555171,0.4248904,69.54347
Kiribati,KIR,2004,16.985723,5.603251,0.63904846,10.965701,0.30563188,69.73038
Kiribati,KIR,2005,21.948086,5.746341,0.88122797,9.454843,0.09179459,69.67209
Kiribati,KIR,2006,20.57464,5.702403,0.79097855,9.583716,0.42308155,68.189705
Kiribati,KIR,2007,19.678492,5.566462,0.8654892,9.6114855,0.22776031,68.10944
Kiribati,KIR,2008,16.186502,4.10131,0.3098767,9.770231,0.45570105,66.11311
Kiribati,KIR,2009,14.758967,2.2629814,0.11720621,8.646212,0,67.02392
Kiribati,KIR,2010,13.327915,4.6192775,0.09998436,8.24871,0.059990615,72.71863
Kiribati,KIR,2011,13.828751,10.819022,0.02999729,8.329247,0,73.143394
Kiribati,KIR,2012,13.12848,6.179284,0.09998842,8.569008,0.03999537,73.521484
Kiribati,KIR,2013,14.239123,5.219679,0.17998894,9.389422,0.129992,74.38542
Kiribati,KIR,2014,15.098823,7.2094374,0.15998751,7.969378,0.039996877,74.75417
Kiribati,KIR,2015,16.327763,4.189426,0.08998767,8.918778,0.06999041,75.69963
Kiribati,KIR,2016,17.46882,4.1897173,0.01999865,11.509223,0.0399973,76.76482
Kiribati,KIR,2017,19.96701,3.5794642,0.049992517,12.748092,0.3099536,76.228584
Kiribati,KIR,2018,21.816961,3.8994572,0.09998608,10.69851,0.13998051,76.72932
Kiribati,KIR,2019,21.438616,2.3998451,0.1099929,11.379266,0.22998515,77.29501
Kiribati,KIR,2020,10.679153,3.959686,0.07999365,13.648917,,75.95397
Kiribati,KIR,2021,15.389162,7.0296173,0.119993456,16.579096,0.009999455,74.61594
Kiribati,KIR,2022,23.887619,5.4494567,0.22997709,14.208585,0.12998705,73.41268
Kiribati,KIR,2023,25.658064,4.0396953,0.5099615,14.84888,0.01999849,72.27454
Kuwait,KWT,1961,9.25198,3.4705584,23.04894,,4.6899433,7.222513
Kuwait,KWT,1962,9.040532,3.506578,21.36141,,4.211374,7.535227
Kuwait,KWT,1963,8.600988,3.6083066,21.819538,,3.7958672,5.8768954
Kuwait,KWT,1964,8.663326,4.1995726,21.426018,,2.8513365,8.572228
Kuwait,KWT,1965,8.998541,7.121148,23.259335,,3.3293679,8.073717
Kuwait,KWT,1966,8.607834,3.627787,23.911686,,2.9190164,8.393337
Kuwait,KWT,1967,11.596774,3.8251626,19.079166,,2.845548,8.443347
Kuwait,KWT,1968,13.045254,3.4378517,19.68867,,2.3693302,7.7862697
Kuwait,KWT,1969,12.093561,3.0280201,18.575562,,2.41686,7.9450803
Kuwait,KWT,1970,11.058338,3.2257347,18.16793,,1.7333689,7.0632467
Kuwait,KWT,1971,10.815937,2.8113964,17.727674,,1.9614393,7.1826043
Kuwait,KWT,1972,15.166598,4.917369,16.984707,,2.3456416,5.9630165
Kuwait,KWT,1973,13.900283,4.5512524,17.000824,,2.3799257,5.148604
Kuwait,KWT,1974,16.860685,2.7593672,17.517223,,1.8744668,7.088719
Kuwait,KWT,1975,15.794634,5.8255777,18.08495,,1.0928897,6.87095
Kuwait,KWT,1976,21.971754,3.5566127,18.415142,,1.1981162,8.273606
Kuwait,KWT,1977,26.81516,5.062284,19.548635,,1.457041,15.8406515
Kuwait,KWT,1978,25.38212,6.1792717,19.76628,,1.1268628,9.393601
Kuwait,KWT,1979,24.192541,8.189372,21.032213,,1.3099331,9.7832775
Kuwait,KWT,1980,25.701881,6.6600766,20.399332,,1.1844186,12.964828
Kuwait,KWT,1981,23.090157,8.666766,19.252407,,1.1549625,11.2131405
Kuwait,KWT,1982,33.358173,12.645287,18.23822,,1.0061841,11.367161
Kuwait,KWT,1983,32.273495,10.272945,18.422634,,0.6957052,11.456549
Kuwait,KWT,1984,31.338087,7.7756147,18.242788,,0.1631248,13.503107
Kuwait,KWT,1985,26.768465,6.045965,19.270372,,0.17352468,11.872742
Kuwait,KWT,1986,33.483818,8.17467,19.36981,,0.13855374,11.481486
Kuwait,KWT,1987,33.67704,9.426952,19.826529,,0.14028203,11.400253
Kuwait,KWT,1988,31.759125,10.003467,20.430012,,0.13162456,12.306896
Kuwait,KWT,1989,32.823734,9.628915,20.279219,,0.13928036,11.19814
Kuwait,KWT,1990,25.70059,0.953685,17.557585,,0.25676134,5.868831
Kuwait,KWT,1991,13.423086,3.033884,6.038169,,0.8879661,6.1861634
Kuwait,KWT,1992,26.934471,7.6526265,12.34593,,1.3756233,10.843148
Kuwait,KWT,1993,28.139236,9.961816,16.157707,,0.57856375,10.750767
Kuwait,KWT,1994,32.51698,9.485769,20.179539,,0.712918,12.139409
Kuwait,KWT,1995,35.690514,9.903551,20.269268,,0.83944386,13.053824
Kuwait,KWT,1996,35.295403,9.563561,20.226383,,0.842766,12.797218
Kuwait,KWT,1997,35.73647,9.663947,24.0592,,0.51248205,10.9085455
Kuwait,KWT,1998,37.403362,9.822351,22.847235,,0.5975574,11.689718
Kuwait,KWT,1999,38.952324,9.147243,20.112452,,0.4497075,12.764039
Kuwait,KWT,2000,48.334675,8.892722,19.394325,,0.34127772,10.433348
Kuwait,KWT,2001,56.831768,7.191522,17.776575,,0.43405622,9.420993
Kuwait,KWT,2002,45.384453,7.3768377,20.400635,,0.3579059,9.057007
Kuwait,KWT,2003,54.988888,12.997556,20.980621,,0.52150685,11.904397
Kuwait,KWT,2004,72.20145,10.830727,22.485971,,0.25448135,10.861264
Kuwait,KWT,2005,86.8289,12.656347,24.019344,,0.56455725,12.143113
Kuwait,KWT,2006,63.094185,10.384528,22.486183,,0.5417126,12.316297
Kuwait,KWT,2007,72.09939,10.126719,22.056688,,1.2531052,13.386831
Kuwait,KWT,2008,77.062195,9.721943,20.911348,,0.40762863,11.301504
Kuwait,KWT,2009,89.532455,10.011486,19.299128,,0.77481973,18.045145
Kuwait,KWT,2010,70.99991,10.469987,14.399981,,0.5499993,14.91998
Kuwait,KWT,2011,67.509895,10.139984,14.369977,,0.69999886,14.089978
Kuwait,KWT,2012,58.86009,9.160013,14.320022,,0.59000087,16.020025
Kuwait,KWT,2013,53.209923,12.639982,13.84998,,0.53999925,13.22998
Kuwait,KWT,2014,46.76001,11.780003,13.590004,,0.64000016,13.630004
Kuwait,KWT,2015,47.069817,12.099953,13.359947,,0.5699977,14.169945
Kuwait,KWT,2016,46.20993,9.589986,13.14998,,0.43999934,13.08998
Kuwait,KWT,2017,45.239937,9.599987,12.599982,,0.53999925,14.32998
Kuwait,KWT,2018,46.44001,9.490003,12.180003,,1.3800004,14.250004
Kuwait,KWT,2019,45.739887,11.6299715,12.949967,0.30999923,2.419994,14.119965
Kuwait,KWT,2020,45.279938,11.589985,13.149982,0,2.259997,14.259981
Kuwait,KWT,2021,45.18992,12.329978,13.689975,0,2.4499958,14.389975
Kuwait,KWT,2022,40.52996,11.959989,13.8699875,,2.089998,13.669988
Kuwait,KWT,2023,36.809994,9.489998,14.259996,,1.9799995,12.969997
Kyrgyzstan,KGZ,1992,4.8259726,19.089836,15.110353,4.0767794,2.607582,0.18486588
Kyrgyzstan,KGZ,1993,2.0066571,19.004799,17.417006,4.4419208,1.2078907,0.07792844
Kyrgyzstan,KGZ,1994,1.5439119,17.627958,16.279476,3.810922,2.8435342,0.22474667
Kyrgyzstan,KGZ,1995,0.67219377,16.619747,11.368842,5.815937,2.2309039,0.2045807
Kyrgyzstan,KGZ,1996,0.7305737,15.644017,11.231353,5.9030356,2.77618,0.33119342
Kyrgyzstan,KGZ,1997,1.2609968,19.335285,8.856303,5.1417394,3.7927656,0.5474095
Kyrgyzstan,KGZ,1998,2.1132927,19.294851,8.630096,6.369365,3.7056339,0.9829267
Kyrgyzstan,KGZ,1999,1.0747329,19.207151,9.01198,5.5610027,4.1411724,0.77893484
Kyrgyzstan,KGZ,2000,1.321294,20.065918,8.1939945,4.624529,3.9047194,0.857855
Kyrgyzstan,KGZ,2001,1.3079835,19.757435,8.300286,4.927066,3.6289167,0.8064259
Kyrgyzstan,KGZ,2002,1.5841401,20.505814,8.145609,4.292824,2.3762102,0.958307
Kyrgyzstan,KGZ,2003,2.2620692,18.290724,8.184225,4.135801,1.611603,1.2523903
Kyrgyzstan,KGZ,2004,2.479091,18.25074,8.276499,4.7556105,0.9453344,1.3215388
Kyrgyzstan,KGZ,2005,3.2771857,17.202822,8.514915,3.3348486,1.2205354,1.4127457
Kyrgyzstan,KGZ,2006,3.1555352,15.575645,8.46607,5.7530794,0.6830579,1.7605578
Kyrgyzstan,KGZ,2007,3.826313,14.010489,8.531905,5.623521,0.78265494,2.3093152
Kyrgyzstan,KGZ,2008,5.1459007,14.036928,8.492195,5.3015423,0.7392977,2.3832624
Kyrgyzstan,KGZ,2009,6.22279,14.513341,8.80749,5.4912705,1.1119092,1.8434283
Kyrgyzstan,KGZ,2010,10.719994,13.839992,8.739995,5.359997,1.4299991,2.0499988
Kyrgyzstan,KGZ,2011,8.33999,14.249982,8.619988,4.789994,1.4499981,2.289997
Kyrgyzstan,KGZ,2012,7.1299987,14.329997,8.489998,4.819999,1.4499998,2.5599995
Kyrgyzstan,KGZ,2013,5.639996,14.599991,8.409994,4.289997,1.4699991,2.4999983
Kyrgyzstan,KGZ,2014,3.6299987,15.429995,8.479997,5.769998,1.4899994,2.9699988
Kyrgyzstan,KGZ,2015,3.6900024,14.490009,8.540006,3.1200018,1.480001,1.8300012
Kyrgyzstan,KGZ,2016,4.27,14.55,8.6,2.81,1.49,1.05
Kyrgyzstan,KGZ,2017,3.1200008,14.070004,8.670003,2.740001,1.5100005,1.1000004
Kyrgyzstan,KGZ,2018,5.889997,14.669993,8.699996,2.669999,1.4999993,0.9499995
Kyrgyzstan,KGZ,2019,5.7499943,15.169986,8.659991,2.2499979,1.5499985,0.90999913
Kyrgyzstan,KGZ,2020,5.589998,15.149993,8.699996,2.089999,1.4599994,0.7299997
Kyrgyzstan,KGZ,2021,7.509997,15.319993,9.549996,2.039999,3.2999985,1.5099993
Kyrgyzstan,KGZ,2022,7.9399977,15.769996,9.529997,1.4199996,3.699999,1.4799995
Kyrgyzstan,KGZ,2023,8.729996,16.189993,9.589996,1.1799995,4.269998,1.4599994
Land Locked Developing Countries (FAO),,1961,1.01,7.93,3.81,1.12,1.97,2.7
Land Locked Developing Countries (FAO),,1962,1.03,7.71,3.72,1.13,1.9,3.11
Land Locked Developing Countries (FAO),,1963,1.04,7.58,3.83,1.16,1.95,3.49
Land Locked Developing Countries (FAO),,1964,1.06,7.39,3.85,1.23,1.96,3.42
Land Locked Developing Countries (FAO),,1965,1.09,7.43,3.87,1.26,1.99,3.62
Land Locked Developing Countries (FAO),,1966,1.15,7.89,4,1.3,1.99,3.93
Land Locked Developing Countries (FAO),,1967,1.21,7.75,4.21,1.36,2.06,3.97
Land Locked Developing Countries (FAO),,1968,1.21,7.87,4.42,1.4,2.09,4.14
Land Locked Developing Countries (FAO),,1969,1.29,7.72,4.41,1.4,1.98,4.46
Land Locked Developing Countries (FAO),,1970,1.32,7.73,4.36,1.42,1.92,4.61
Land Locked Developing Countries (FAO),,1971,1.31,7.61,4.22,1.41,1.9,4.77
Land Locked Developing Countries (FAO),,1972,1.33,7.82,3.87,1.46,1.93,5.25
Land Locked Developing Countries (FAO),,1973,1.34,7.22,3.67,1.47,1.94,5.2
Land Locked Developing Countries (FAO),,1974,1.35,6.87,3.82,1.48,1.96,4.91
Land Locked Developing Countries (FAO),,1975,1.47,6.8,4.02,1.54,1.89,4.96
Land Locked Developing Countries (FAO),,1976,1.53,7.01,4.22,1.61,1.84,4.49
Land Locked Developing Countries (FAO),,1977,1.57,7.43,4.24,1.65,1.89,5.05
Land Locked Developing Countries (FAO),,1978,1.52,7.33,4.53,1.71,1.9,5.03
Land Locked Developing Countries (FAO),,1979,1.51,7.35,4.44,1.76,1.8,4.55
Land Locked Developing Countries (FAO),,1980,1.52,7.77,4.46,1.91,1.78,4.58
Land Locked Developing Countries (FAO),,1981,1.48,7.89,4.58,2.01,1.74,4.15
Land Locked Developing Countries (FAO),,1982,1.48,7.98,4.54,2.06,1.72,4.18
Land Locked Developing Countries (FAO),,1983,1.5,7.79,4.36,2.15,1.73,4.06
Land Locked Developing Countries (FAO),,1984,1.47,7.89,3.81,2.04,1.67,4.39
Land Locked Developing Countries (FAO),,1985,1.49,7.86,3.46,2,1.62,3.92
Land Locked Developing Countries (FAO),,1986,1.56,7.45,3.52,2.04,1.62,4.26
Land Locked Developing Countries (FAO),,1987,1.57,7.49,3.52,2.16,1.6,4.39
Land Locked Developing Countries (FAO),,1988,1.66,7.81,3.57,2.14,1.57,4.3
Land Locked Developing Countries (FAO),,1989,1.71,7.65,3.63,2.25,1.6,4.36
Land Locked Developing Countries (FAO),,1990,1.79,8.04,3.77,2.47,1.6,4.51
Land Locked Developing Countries (FAO),,1991,1.83,8.7,3.69,2.43,1.68,4.07
Land Locked Developing Countries (FAO),,1992,2.68,11.18,4.61,3.66,1.54,3.84
Land Locked Developing Countries (FAO),,1993,1.98,9.46,4.03,2.56,1.36,2.75
Land Locked Developing Countries (FAO),,1994,1.98,9.62,3.85,2.5,1.36,2.64
Land Locked Developing Countries (FAO),,1995,1.96,9.53,3.6,2.33,1.3,2.72
Land Locked Developing Countries (FAO),,1996,1.96,9.47,3.46,2.22,1.36,2.54
Land Locked Developing Countries (FAO),,1997,2.02,9.44,3.33,2.1,1.39,2.61
Land Locked Developing Countries (FAO),,1998,2.17,9.29,3.38,2.17,1.39,2.45
Land Locked Developing Countries (FAO),,1999,2.09,8.69,3.35,2.14,1.4,2.67
Land Locked Developing Countries (FAO),,2000,2.05,8.44,3.26,2.25,1.35,2.82
Land Locked Developing Countries (FAO),,2001,2.14,8.38,3.15,2.39,1.33,2.56
Land Locked Developing Countries (FAO),,2002,2.26,8.9,3.09,2.39,1.3,2.52
Land Locked Developing Countries (FAO),,2003,2.38,8.85,3.12,2.41,1.34,2.68
Land Locked Developing Countries (FAO),,2004,2.55,8.83,3.24,2.45,1.35,3.05
Land Locked Developing Countries (FAO),,2005,2.84,8.86,3.25,2.49,1.37,3.16
Land Locked Developing Countries (FAO),,2006,2.97,8.97,3.31,2.61,1.3,3.06
Land Locked Developing Countries (FAO),,2007,3.11,9.15,3.44,2.66,1.32,3.35
Land Locked Developing Countries (FAO),,2008,3.3,9.2,3.53,2.67,1.36,3.41
Land Locked Developing Countries (FAO),,2009,3.34,8.92,3.71,2.54,1.37,3.5
Land Locked Developing Countries (FAO),,2010,3.69,10.36,3.73,1.83,1.3,3.78
Land Locked Developing Countries (FAO),,2011,3.79,10.42,3.7,1.97,1.33,3.99
Land Locked Developing Countries (FAO),,2012,3.93,10.21,3.74,2.08,1.33,4.04
Land Locked Developing Countries (FAO),,2013,3.82,10.36,3.86,2.04,1.3,4.23
Land Locked Developing Countries (FAO),,2014,3.88,10.15,3.86,2.1,1.35,4.42
Land Locked Developing Countries (FAO),,2015,4.18,10.19,3.92,2.1,1.32,4.32
Land Locked Developing Countries (FAO),,2016,4.07,10.21,3.86,2.16,1.34,4.42
Land Locked Developing Countries (FAO),,2017,4.26,10.32,3.97,2.13,1.3,4.62
Land Locked Developing Countries (FAO),,2018,4.41,10.37,3.98,2.06,1.28,4.64
Land Locked Developing Countries (FAO),,2019,4.68,10.34,4.04,2.71,1.27,4.96
Land Locked Developing Countries (FAO),,2020,5.07,10.23,3.91,2.83,1.28,5.05
Land Locked Developing Countries (FAO),,2021,5.14,10.22,3.76,2.52,1.31,5.3
Land Locked Developing Countries (FAO),,2022,5.18,10.19,3.83,2.41,1.42,5.18
Land Locked Developing Countries (FAO),,2023,5.18,10.11,3.88,2.42,1.41,5.07
Laos,LAO,1961,2.0692368,2.7589824,0.029988939,4.14847,0,5.5279613
Laos,LAO,1962,2.3000848,2.8301044,0.030001108,4.05015,0,7.750286
Laos,LAO,1963,2.2409194,2.7811408,0.030012311,3.961625,0,7.112918
Laos,LAO,1964,2.7625809,2.7725902,0.03002805,5.08475,0,6.5461154
Laos,LAO,1965,2.9759996,2.9158783,0.0300606,5.6413727,0,6.9940996
Laos,LAO,1966,3.468414,2.7967849,0.030072954,6.0546885,0,7.949284
Laos,LAO,1967,3.8697457,3.3484328,0.030075744,6.035199,0.070176736,7.6993904
Laos,LAO,1968,3.9116693,2.8986473,0.030089762,5.9076233,0.01002992,7.7230387
Laos,LAO,1969,3.7142425,2.93124,0.030115478,4.6980147,0.010038493,7.2377534
Laos,LAO,1970,3.4496534,4.0530915,0.030171895,4.4553833,0,7.7038903
Laos,LAO,1971,3.0670834,3.2890434,0.03026727,4.257596,0,7.4255705
Laos,LAO,1972,2.4302762,3.0479712,0.03037845,4.4251275,0.01012615,7.554108
Laos,LAO,1973,1.8278549,2.7722466,0.030464247,4.183757,0.010154749,7.1489434
Laos,LAO,1974,1.6657964,2.2549195,0.030471886,3.71757,0,7.049163
Laos,LAO,1975,1.3990439,2.0782897,0.020275999,3.9943717,0,7.5832233
Laos,LAO,1976,1.1710206,2.3016613,0.02019001,4.6941776,0,7.177549
Laos,LAO,1977,1.1440476,1.9870301,0.020071011,3.9740603,0,7.0549607
Laos,LAO,1978,1.2066609,2.3634593,0.029917208,3.2809207,0,6.9407926
Laos,LAO,1979,1.2493843,2.687168,0.019831497,3.8373947,0,7.4368114
Laos,LAO,1980,1.2342163,3.011488,0.029621193,5.045477,0,7.2868137
Laos,LAO,1981,1.4183408,3.092771,0.029548766,5.3483267,0,7.131102
Laos,LAO,1982,1.4457039,3.088102,0.03933888,5.330418,0,6.953147
Laos,LAO,1983,1.6225064,3.1270125,0.03933349,5.506688,0,7.3455286
Laos,LAO,1984,1.7010648,3.3529658,0.039330978,5.6046643,0,7.148405
Laos,LAO,1985,1.5046424,3.80586,0.04917132,4.2287335,0,6.952825
Laos,LAO,1986,1.4452677,4.139168,0.049158763,4.99453,0,6.754414
Laos,LAO,1987,1.7402031,4.0014844,0.049158283,4.8470063,0,7.0787926
Laos,LAO,1988,1.484933,3.4615657,0.04916997,4.926831,0,6.873961
Laos,LAO,1989,1.7117795,3.6596665,0.05902688,5.155014,0,6.6798754
Laos,LAO,1990,1.6145326,3.888661,0.07875769,5.0700264,0,6.497509
Laos,LAO,1991,1.6750389,4.0989184,0.059119016,4.9265847,0,6.542505
Laos,LAO,1992,1.7362034,4.271455,0.04932396,4.9521255,0,6.5798163
Laos,LAO,1993,1.9155427,4.3938994,0.059243586,5.2430573,0,6.6550293
Laos,LAO,1994,1.9757869,4.514673,0.06915254,5.314867,0,8.239032
Laos,LAO,1995,2.0553534,5.7609186,0.059289042,5.849852,0,9.090986
Laos,LAO,1996,2.1249936,5.4854484,0.06918584,5.8709126,0,8.173813
Laos,LAO,1997,2.1468282,5.7875314,0.06925251,5.9260364,0,8.468594
Laos,LAO,1998,2.150454,5.896406,0.07927941,5.9855957,0,8.225239
Laos,LAO,1999,2.0335777,7.062963,0.07935914,5.912256,0,11.844351
Laos,LAO,2000,2.1924164,6.0713067,0.07936349,5.277672,0,13.948133
Laos,LAO,2001,2.4172502,6.2313533,0.08916087,5.716202,0,15.48427
Laos,LAO,2002,2.371817,6.6905007,0.088943146,5.6231833,0,17.343912
Laos,LAO,2003,3.1359417,6.981908,0.08875307,6.2324376,0,17.454771
Laos,LAO,2004,3.3612666,6.8408184,0.11828504,6.397249,0,17.35833
Laos,LAO,2005,3.3643763,6.91621,0.12826067,6.649822,0,15.568872
Laos,LAO,2006,3.440784,6.9211173,0.13842234,7.2078495,0,15.236345
Laos,LAO,2007,3.3558695,6.9698825,0.16878633,7.5953846,0,15.865914
Laos,LAO,2008,3.394485,7.0785,0.16972426,8.246602,0,15.874208
Laos,LAO,2009,3.5348606,7.089806,0.22092879,8.726687,0,17.393122
Laos,LAO,2010,3.6999953,7.119991,0.21999972,8.959989,0,17.939978
Laos,LAO,2011,3.5999987,7.2199974,0.2599999,8.609997,0,20.299992
Laos,LAO,2012,3.8799994,7.499999,0.25999996,9.129999,0,20.939997
Laos,LAO,2013,4.109997,7.4399943,0.2699998,9.3799925,0,21.679983
Laos,LAO,2014,4.64,9.47,0.29,10.84,0.02,22.57
Laos,LAO,2015,4.710002,8.400003,0.31000012,11.190004,0,23.52001
Laos,LAO,2016,5.2,7.74,0.32,12.33,0,23.84
Laos,LAO,2017,5.37,7.68,0.33,12.66,0,25
Laos,LAO,2018,5.5100055,7.760008,0.34000033,12.270012,0,26.400024
Laos,LAO,2019,5.7800045,8.100006,0.35000023,13.05001,0.020000014,27.35002
Laos,LAO,2020,6.0999966,8.549995,0.3699998,13.569992,0.04999997,28.679983
Laos,LAO,2021,6.169998,8.869997,0.37999988,13.6799965,0.059999984,29.329992
Laos,LAO,2022,6.5100017,8.990002,0.4000001,13.550003,0.31000006,28.910007
Laos,LAO,2023,7.4099894,9.309987,0.4199994,13.639981,0.28999957,28.51996
Latvia,LVA,1992,8.287833,30.535173,1.4878159,25.043236,0.78884196,33.770424
Latvia,LVA,1993,5.0301423,32.826187,1.4829903,26.152733,0.4809698,30.4013
Latvia,LVA,1994,5.1076097,30.66569,0.87129813,24.276169,0.2403581,30.805899
Latvia,LVA,1995,4.793954,25.020636,0.4403632,26.932213,0.15012382,27.332542
Latvia,LVA,1996,5.3502026,11.500435,0.30001137,20.320768,0.13000491,25.010946
Latvia,LVA,1997,7.045124,11.278203,0.17012374,18.093159,0.18013102,19.30404
Latvia,LVA,1998,8.787404,11.562901,0.14027783,15.390481,0.2003969,16.322329
Latvia,LVA,1999,7.402914,9.83716,0.110192224,16.679096,0.1202097,17.360285
Latvia,LVA,2000,10.341689,10.702096,0.16018106,15.687733,0.16018106,13.435186
Latvia,LVA,2001,11.964189,9.567339,0.16045852,17.991413,0.23065913,11.823788
Latvia,LVA,2002,15.738323,8.059626,0.17041497,22.083776,0.37090316,10.11463
Latvia,LVA,2003,16.602867,10.225606,0.1899184,25.239157,0.26988405,9.665848
Latvia,LVA,2004,18.838448,10.610964,0.17950878,25.4703,0.23934503,13.333513
Latvia,LVA,2005,19.715696,9.151585,0.20889486,30.240019,0.23873699,12.832112
Latvia,LVA,2006,21.058752,7.5839224,0.2277157,31.008936,0.34652388,13.9005575
Latvia,LVA,2007,21.288212,8.694491,0.25600994,33.33052,0.275703,19.505987
Latvia,LVA,2008,21.932636,7.5497746,0.31416488,37.21872,0.3927061,23.837261
Latvia,LVA,2009,20.60686,6.586307,0.28593248,36.84585,0.305652,26.68046
Latvia,LVA,2010,21.43996,5.40999,0.29999945,37.329933,0.6199989,27.85995
Latvia,LVA,2011,20.93,4.86,0.37,42.7,0.44,25.51
Latvia,LVA,2012,20.829908,4.929978,0.35999843,38.42983,0.35999843,21.139906
Latvia,LVA,2013,20.910063,5.2000155,0.35000104,35.620106,0.39000115,24.080072
Latvia,LVA,2014,20.90997,4.759993,0.35999948,35.629948,0.42999935,23.199966
Latvia,LVA,2015,20.499958,5.1299896,0.36999926,38.269924,0.53999895,22.709953
Latvia,LVA,2016,20.479967,5.269992,0.36999944,39.67994,0.61999905,25.61996
Latvia,LVA,2017,20.959902,5.589974,0.36999828,41.709805,0.659997,24.279888
Latvia,LVA,2018,21.030045,5.730012,0.38000077,43.770092,0.6400013,23.450048
Latvia,LVA,2019,24.079912,6.069978,0.4399984,40.90985,0.38999856,24.079912
Latvia,LVA,2020,25.280014,5.550003,0.4000002,37.59002,0.3800002,24.250013
Latvia,LVA,2021,24.49996,4.979992,0.3199995,42.68993,0.35999945,24.44996
Latvia,LVA,2022,28.810017,5.5900035,0.34000018,47.08003,0.26000014,24.500013
Latvia,LVA,2023,32.47002,7.7900043,0.36000022,41.580025,0.46000025,24.490013
Least Developed Countries (FAO),,1961,0.9,4.89,2.18,0.59,1.2,5.84
Least Developed Countries (FAO),,1962,0.93,4.87,2.21,0.6,1.19,6.12
Least Developed Countries (FAO),,1963,0.94,4.9,2.18,0.63,1.2,6.16
Least Developed Countries (FAO),,1964,0.98,4.88,2.19,0.68,1.23,6.57
Least Developed Countries (FAO),,1965,1.02,4.82,2.19,0.7,1.23,6.81
Least Developed Countries (FAO),,1966,1.09,5.01,2.2,0.74,1.26,6.83
Least Developed Countries (FAO),,1967,1.14,5.11,2.23,0.78,1.27,7.04
Least Developed Countries (FAO),,1968,1.16,5.18,2.25,0.77,1.29,7.29
Least Developed Countries (FAO),,1969,1.22,5.11,2.19,0.8,1.26,7.24
Least Developed Countries (FAO),,1970,1.27,5.07,2.15,0.82,1.24,7.59
Least Developed Countries (FAO),,1971,1.26,4.75,2.1,0.83,1.23,7.77
Least Developed Countries (FAO),,1972,1.23,4.62,1.98,0.83,1.23,7.99
Least Developed Countries (FAO),,1973,1.21,4.5,1.93,0.81,1.21,8.11
Least Developed Countries (FAO),,1974,1.17,4.49,1.89,0.76,1.2,7.88
Least Developed Countries (FAO),,1975,1.19,4.59,1.98,0.75,1.2,7.42
Least Developed Countries (FAO),,1976,1.21,4.56,2.09,0.73,1.16,7.41
Least Developed Countries (FAO),,1977,1.26,4.65,2.13,0.72,1.16,7.7
Least Developed Countries (FAO),,1978,1.4,4.98,2.16,0.73,1.14,7.38
Least Developed Countries (FAO),,1979,1.47,4.87,2.15,0.73,1.12,7.02
Least Developed Countries (FAO),,1980,1.36,4.69,2.13,0.74,1.14,7
Least Developed Countries (FAO),,1981,1.48,4.82,2.11,0.75,1.12,6.98
Least Developed Countries (FAO),,1982,1.5,4.84,2.04,0.78,1.1,7.1
Least Developed Countries (FAO),,1983,1.5,4.69,1.98,0.8,1.08,7.13
Least Developed Countries (FAO),,1984,1.54,4.67,1.85,0.85,1.05,7.35
Least Developed Countries (FAO),,1985,1.6,4.69,1.81,0.85,1.05,7.29
Least Developed Countries (FAO),,1986,1.62,4.79,1.76,0.85,1.04,7.53
Least Developed Countries (FAO),,1987,1.59,4.42,1.76,0.89,1.05,7.54
Least Developed Countries (FAO),,1988,1.67,4.41,1.8,0.89,1.02,7.67
Least Developed Countries (FAO),,1989,1.5,4.44,1.83,0.93,1.01,7.57
Least Developed Countries (FAO),,1990,1.45,4.4,1.85,0.89,1,7.52
Least Developed Countries (FAO),,1991,1.46,4.37,1.86,0.89,0.97,7.02
Least Developed Countries (FAO),,1992,1.51,4.28,1.87,0.95,0.98,7.14
Least Developed Countries (FAO),,1993,1.51,4.23,1.74,0.97,0.83,7.11
Least Developed Countries (FAO),,1994,1.48,4.13,1.78,1.02,0.85,6.84
Least Developed Countries (FAO),,1995,1.5,4.1,1.83,1.24,0.84,7.01
Least Developed Countries (FAO),,1996,1.51,4.17,1.86,1.26,0.84,6.73
Least Developed Countries (FAO),,1997,1.6,4.24,1.97,1.29,0.86,7.26
Least Developed Countries (FAO),,1998,1.67,4.3,2.08,1.24,0.87,7.12
Least Developed Countries (FAO),,1999,1.76,4.37,2.16,1.22,0.87,7.63
Least Developed Countries (FAO),,2000,1.97,4.35,2.15,1.18,0.87,8.08
Least Developed Countries (FAO),,2001,2.05,4.24,2.14,1.2,0.88,8.47
Least Developed Countries (FAO),,2002,2.33,4.43,2.12,1.29,0.9,8.58
Least Developed Countries (FAO),,2003,2.56,4.5,2.14,1.32,0.93,8.95
Least Developed Countries (FAO),,2004,2.63,4.42,2.19,1.4,0.9,9.59
Least Developed Countries (FAO),,2005,2.82,4.61,2.27,1.53,0.88,9.74
Least Developed Countries (FAO),,2006,2.84,4.63,2.24,1.58,0.91,10.35
Least Developed Countries (FAO),,2007,3.04,4.61,2.26,1.69,0.92,10.87
Least Developed Countries (FAO),,2008,3.25,4.69,2.33,1.8,0.91,11.13
Least Developed Countries (FAO),,2009,3.45,4.56,2.34,1.87,0.92,12.09
Least Developed Countries (FAO),,2010,3.58,4.17,1.79,1.76,0.88,11.6
Least Developed Countries (FAO),,2011,3.73,4.11,1.82,1.83,0.88,11.85
Least Developed Countries (FAO),,2012,3.86,4.25,2.13,1.85,0.99,11.76
Least Developed Countries (FAO),,2013,3.99,4.3,2.2,1.9,0.97,11.94
Least Developed Countries (FAO),,2014,4.33,4.45,2.31,2.19,1,12.23
Least Developed Countries (FAO),,2015,4.25,4.34,2.25,2.15,0.98,12.24
Least Developed Countries (FAO),,2016,4.19,4.27,2.23,2.15,0.98,12.24
Least Developed Countries (FAO),,2017,4.23,4.22,2.22,2.2,0.93,12.39
Least Developed Countries (FAO),,2018,4.36,4.18,2.23,2.27,0.92,12.02
Least Developed Countries (FAO),,2019,4.29,4.27,2.19,2.56,0.89,11.9
Least Developed Countries (FAO),,2020,3.56,3.93,2.09,1.86,0.86,11.65
Least Developed Countries (FAO),,2021,3.55,3.79,2.02,1.75,0.86,11.83
Least Developed Countries (FAO),,2022,3.53,3.77,2.03,1.88,0.85,11.56
Least Developed Countries (FAO),,2023,3.42,3.74,2.04,1.75,0.84,11.3
Lebanon,LBN,1961,3.5584486,7.3689117,10.211638,0.5141101,0,3.991914
Lebanon,LBN,1962,5.443597,7.883135,10.544449,0.48387527,0,4.1028595
Lebanon,LBN,1963,5.460385,8.66408,10.074511,0.5037255,0,4.2111454
Lebanon,LBN,1964,6.171608,8.573911,9.971067,0.5126254,0,3.6386352
Lebanon,LBN,1965,7.1407933,8.5429125,9.82485,0.5608477,0,3.6755555
Lebanon,LBN,1966,8.445519,8.405729,9.927713,0.59685653,0,3.481663
Lebanon,LBN,1967,7.273865,8.5256,9.432369,0.69978917,0.009856186,4.100173
Lebanon,LBN,1968,7.7362404,8.692295,8.341092,0.780453,0.019511325,4.282736
Lebanon,LBN,1969,7.841211,8.508343,7.8508797,0.80249137,0.009668571,3.85776
Lebanon,LBN,1970,7.903365,8.403943,8.172907,0.7219883,0.009626511,3.4847968
Lebanon,LBN,1971,7.938662,8.814321,7.938662,0.7120739,0.01924524,3.7239542
Lebanon,LBN,1972,8.600053,7.6562614,7.1747355,0.799333,0.019261036,3.553661
Lebanon,LBN,1973,8.636373,9.041203,6.477279,0.84821516,0,3.7013025
Lebanon,LBN,1974,8.295554,9.739096,5.369976,0.77951264,0,3.8783162
Lebanon,LBN,1975,8.244892,7.5944834,4.648513,0.81301147,0,3.538991
Lebanon,LBN,1976,9.042822,8.690257,4.916856,0.80994725,0,3.4780087
Lebanon,LBN,1977,9.868632,8.35909,6.7740703,1.198199,1.3397186,5.2079206
Lebanon,LBN,1978,12.468129,8.72123,5.2142806,0.7936781,0.41529664,0.6183306
Lebanon,LBN,1979,16.326118,10.546962,4.812954,0.8668735,0.6501552,0.57791567
Lebanon,LBN,1980,17.798569,10.358908,4.3081026,1.194238,0.7607738,0.5926959
Lebanon,LBN,1981,17.414005,10.337121,4.6078,0.9737237,0.39122826,0.52163774
Lebanon,LBN,1982,18.704416,11.079631,4.4284062,0.94771343,0.38770092,0.4997034
Lebanon,LBN,1983,17.276463,11.6147175,4.4797173,1.3619027,0.3768787,0.48822924
Lebanon,LBN,1984,16.537937,9.322152,4.077384,1.759535,0.15226746,0.47372097
Lebanon,LBN,1985,16.474476,8.328763,2.654221,1.9137017,0.14976797,0.5325083
Lebanon,LBN,1986,17.333645,7.81109,2.2305813,1.8087986,0,0.5677843
Lebanon,LBN,1987,17.489447,7.2846384,2.0125492,1.759994,0,0.5603568
Lebanon,LBN,1988,18.642416,7.53268,2.9512653,1.8773756,0,0.51763034
Lebanon,LBN,1989,17.473118,7.145677,2.6729844,1.8680516,0,0.5087783
Lebanon,LBN,1990,17.104383,5.6012154,2.729183,1.9698234,0,0.41351256
Lebanon,LBN,1991,16.284351,6.113195,2.7153087,1.9652234,0,2.6853054
Lebanon,LBN,1992,16.499556,9.096971,2.6733646,2.0859776,0,2.1612835
Lebanon,LBN,1993,17.273949,9.734155,3.2497807,2.4145565,0,2.6271589
Lebanon,LBN,1994,16.321268,9.246679,3.7170274,2.248572,0,3.2734315
Lebanon,LBN,1995,15.146848,8.408108,2.5653152,2.128829,0,3.606757
Lebanon,LBN,1996,14.484335,8.349613,2.3214512,1.9561081,0,5.137638
Lebanon,LBN,1997,19.96548,13.302792,2.4843924,3.583548,0.060227692,6.7756157
Lebanon,LBN,1998,20.264559,11.856369,2.0257113,2.7928004,0.052132275,6.0473437
Lebanon,LBN,1999,20.172321,13.324562,2.055069,2.5150485,0.022257065,6.150369
Lebanon,LBN,2000,20.003246,14.144992,2.0025663,2.4807909,0.022416785,5.477168
Lebanon,LBN,2001,19.689117,10.954503,4.37875,2.3114307,0.030513937,7.1250043
Lebanon,LBN,2002,20.528028,13.926921,3.4580984,2.3789196,0.007877218,6.112721
Lebanon,LBN,2003,20.319199,16.046623,3.5305831,2.103673,0.016307544,6.498556
Lebanon,LBN,2004,21.937696,15.661405,2.8825698,2.0781317,0,7.7427163
Lebanon,LBN,2005,20.869184,17.29283,2.4411397,2.1167924,0.02560636,7.161246
Lebanon,LBN,2006,22.593454,16.848484,2.1039135,1.8720536,0,8.183794
Lebanon,LBN,2007,22.69936,16.69121,2.5810266,1.9827753,0.0085464455,8.050752
Lebanon,LBN,2008,22.895964,17.142227,2.7621336,1.7167723,0.008498873,8.311897
Lebanon,LBN,2009,21.548508,21.114645,3.3262799,1.5823224,0.025521329,9.425878
Lebanon,LBN,2010,17.65,19.16,2.84,1.51,0.03,10.42
Lebanon,LBN,2011,19.290009,17.040009,2.530001,1.4200006,0.020000007,9.940003
Lebanon,LBN,2012,20.849993,14.349996,2.0899992,1.3899995,0,9.9299965
Lebanon,LBN,2013,16.589996,14.379997,2.0099995,1.1999998,0,9.519999
Lebanon,LBN,2014,16.719992,12.639995,1.7999991,1.0899996,0.009999995,9.319996
Lebanon,LBN,2015,18.3,12.4,1.6,1.04,0.01,8.17
Lebanon,LBN,2016,21.659996,11.869998,1.3799998,1.1099999,0.019999996,9.189999
Lebanon,LBN,2017,22.820004,13.1900015,1.3000002,1.1800001,0.010000002,9.450001
Lebanon,LBN,2018,23.73,14.92,1.45,1.24,0.02,10.18
Lebanon,LBN,2019,21.819958,14.609972,1.6199969,1.1599977,0.00999998,8.749983
Lebanon,LBN,2020,20.61,12.69,1.42,0.71,0,5.03
Lebanon,LBN,2021,23.459963,12.369981,1.3699979,0.639999,0,4.7899923
Lebanon,LBN,2022,21.219994,13.699996,1.3799995,0.9199997,0.009999997,4.7699986
Lebanon,LBN,2023,22.469984,13.98999,0.7599995,0.9699994,0.009999993,4.739997
Lesotho,LSO,1961,0.60484976,10.898709,4.2567735,2.145505,3.549213,0
Lesotho,LSO,1962,0.60919476,10.886535,4.8171506,2.1547441,3.4972289,0
Lesotho,LSO,1963,0.6021054,10.269241,4.738792,2.1631193,3.4565306,0
Lesotho,LSO,1964,0.6067332,7.733091,4.3684793,2.151145,3.3977058,0
Lesotho,LSO,1965,0.61173594,8.92479,4.5334005,2.130152,3.3536239,0
Lesotho,LSO,1966,0.5289615,5.2140484,4.318053,2.1050508,3.4004667,0
Lesotho,LSO,1967,0.6268039,6.756734,4.504489,2.1035113,3.3464956,0
Lesotho,LSO,1968,0.63759613,6.031032,3.5956242,2.059122,3.5747194,0
Lesotho,LSO,1969,0.64781326,6.632374,3.794335,2.015419,3.125956,0
Lesotho,LSO,1970,0.6581161,8.160641,4.2220683,1.9439738,3.0982082,0
Lesotho,LSO,1971,0.67855275,7.9530373,4.20104,1.9358711,3.0235512,0
Lesotho,LSO,1972,0.6583223,7.8114357,4.2054024,2.0142696,2.967363,0
Lesotho,LSO,1973,0.6494713,7.9487524,4.177942,2.0259626,2.9953227,0
Lesotho,LSO,1974,0.63161665,7.933488,4.182068,2.0001194,2.8805547,0.0095699495
Lesotho,LSO,1975,0.6059078,7.4129033,4.0993447,2.016537,2.8401928,0.018934619
Lesotho,LSO,1976,0.59218794,6.9464583,3.5437279,1.9927593,2.7917433,0.018799616
Lesotho,LSO,1977,0.5810851,6.973021,3.5802338,1.9775636,2.7086065,0.01874468
Lesotho,LSO,1978,0.56101215,7.3492594,3.7400808,1.9635425,2.636757,0.018700404
Lesotho,LSO,1979,0.5408693,7.6840744,3.8979893,1.9396693,2.5644667,0.9884853
Lesotho,LSO,1980,0.53895754,7.6754994,4.042182,1.9235209,2.4903557,1.7283812
Lesotho,LSO,1981,0.5278532,7.4547696,4.0468745,1.5557779,2.417012,1.7039473
Lesotho,LSO,1982,1.797305,7.8528404,4.0554576,1.6774846,3.3641863,2.0738134
Lesotho,LSO,1983,3.2368774,7.986743,4.15384,1.5680058,3.7412066,2.7783961
Lesotho,LSO,1984,3.1692624,7.704586,4.1437197,1.5299886,3.3058686,2.1401627
Lesotho,LSO,1985,2.1779814,7.708788,4.3559628,1.5544099,2.5485091,1.9610869
Lesotho,LSO,1986,2.458557,7.528209,3.974966,1.8214855,2.620068,1.8035399
Lesotho,LSO,1987,2.9804008,7.308228,3.90843,1.7579012,2.7483935,1.7668245
Lesotho,LSO,1988,2.93931,7.2461543,3.89836,1.7227378,2.8949096,0.017760182
Lesotho,LSO,1989,2.900469,6.4022546,3.899716,1.6889926,2.829726,0.017685786
Lesotho,LSO,1990,2.913967,5.2186494,3.779327,1.571776,2.9846087,0.017660405
Lesotho,LSO,1991,2.8629878,5.699466,3.5964077,1.157566,3.0485518,0.017672764
Lesotho,LSO,1992,2.7204673,6.7258463,3.2610164,1.0102061,3.1458173,0.017722914
Lesotho,LSO,1993,2.626119,7.0237546,3.2403636,1.3709229,3.0534196,0.017804194
Lesotho,LSO,1994,2.8008652,5.8343897,3.3825142,1.0111749,2.9082465,0.017896902
Lesotho,LSO,1995,2.8223042,4.2244678,2.9571276,1.4381168,2.6335514,0.01797646
Lesotho,LSO,1996,2.841098,4.437525,2.5795364,1.3709426,2.5795364,0.018038718
Lesotho,LSO,1997,2.8550806,4.9034877,2.8278892,1.6767935,2.7009969,0.018127495
Lesotho,LSO,1998,2.8998103,4.8786116,2.1247036,1.6231642,2.73567,0.0182378
Lesotho,LSO,1999,3.0310926,4.8773036,3.20561,1.6716936,2.8106494,0.018370258
Lesotho,LSO,2000,3.1953387,5.056971,3.0471492,1.6949189,2.8896976,0.6483296
Lesotho,LSO,2001,3.2745936,5.070942,3.0874739,1.9460441,3.0032701,0.85139436
Lesotho,LSO,2002,3.392589,5.046358,2.9106336,2.164075,3.0901856,1.6821194
Lesotho,LSO,2003,3.5108914,5.0415254,2.8221061,2.2385519,3.195198,1.0331779
Lesotho,LSO,2004,3.6569076,5.1410108,2.8227057,2.386205,3.2980068,0.7275015
Lesotho,LSO,2005,3.7670345,5.2758207,3.047156,2.6329799,3.4120262,0.5719581
Lesotho,LSO,2006,3.8599203,8.816976,3.6205456,2.852551,3.5407538,0.57848936
Lesotho,LSO,2007,3.915459,5.3274274,2.9641325,3.4347887,3.635068,0.70097727
Lesotho,LSO,2008,3.5197327,5.284613,3.319178,3.6099823,3.6902044,0.7921906
Lesotho,LSO,2009,3.7471654,5.2540684,3.3352785,3.7672575,3.7773035,0.9041418
Lesotho,LSO,2010,6.289981,0.9499971,0.21999934,0.27999917,4.1499877,0.8799974
Lesotho,LSO,2011,6.6499834,1.2299969,0.3299992,0.4499989,4.489989,1.8099954
Lesotho,LSO,2012,6.969955,2.689983,0.34999776,0.45999706,4.559971,1.4499907
Lesotho,LSO,2013,7.089969,2.1399908,1.2699944,1.8599919,2.7899878,1.4799936
Lesotho,LSO,2014,10.539995,3.9199984,0.6699997,5.2499976,2.5999987,2.889999
Lesotho,LSO,2015,9.489983,2.9299946,0.6399988,4.979991,3.0799942,1.4499974
Lesotho,LSO,2016,7.509986,3.2399938,0.50999904,5.19999,2.6799948,1.9899962
Lesotho,LSO,2017,6.22998,3.9899874,0.67999786,4.7299848,3.1999898,2.3199925
Lesotho,LSO,2018,8.509957,2.599987,1.4099929,4.599977,3.7499812,1.7599912
Lesotho,LSO,2019,0.8999983,1.609997,0.34999934,3.8599927,2.619995,1.9199964
Lesotho,LSO,2020,1.7000023,1.9800026,0.49000067,4.3900056,3.3100045,2.340003
Lesotho,LSO,2021,1.269995,2.1799915,0.43999827,4.409982,2.739989,1.9699923
Lesotho,LSO,2022,0.8699993,1.9299984,0.49999958,5.2199955,2.639998,1.9399985
Lesotho,LSO,2023,7.4999804,2.399994,0.5699985,5.6499853,2.6699932,1.919995
Liberia,LBR,1961,1.0295695,2.65727,0.5589092,1.872836,5.196875,8.354222
Liberia,LBR,1962,0.9969575,2.7856164,0.5766715,1.7984332,4.3103747,8.229787
Liberia,LBR,1963,1.0629884,3.452274,0.575379,1.7358892,3.1011956,6.9630613
Liberia,LBR,1964,1.157149,2.2948499,0.5834364,1.8378247,3.724269,7.1568203
Liberia,LBR,1965,1.1354252,2.3096685,0.59197384,1.8632619,3.8332734,7.9770904
Liberia,LBR,1966,1.1043726,2.3734324,0.60062367,1.8793709,3.6134295,11.392475
Liberia,LBR,1967,1.103546,2.2845337,0.6001742,1.9457259,3.436481,10.667612
Liberia,LBR,1968,1.1414448,2.0604048,0.6094155,1.9056326,3.8112652,10.911439
Liberia,LBR,1969,1.1318525,2.4184883,0.60945904,1.9444647,3.4729493,10.563957
Liberia,LBR,1970,1.1521283,2.2268023,0.60995024,1.9169865,3.9501538,13.360815
Liberia,LBR,1971,1.2407833,2.8596182,0.62039167,1.9290304,3.9743843,14.094524
Liberia,LBR,1972,1.2809187,2.8626592,0.6210515,1.8728584,4.2212095,11.799978
Liberia,LBR,1973,1.2828321,2.4684799,0.6219792,1.8756559,3.8484962,14.548482
Liberia,LBR,1974,1.3334723,1.8493412,0.62293595,1.8396077,3.718149,14.823929
Liberia,LBR,1975,1.3258852,1.7938446,0.62394595,1.8133429,3.899662,14.672479
Liberia,LBR,1976,1.3079482,1.5812509,0.6442133,1.825271,4.4606895,13.762739
Liberia,LBR,1977,1.5326371,1.8938318,0.66381735,1.8254976,4.6174355,14.88708
Liberia,LBR,1978,1.5033644,2.1379015,0.68334746,1.8352761,4.7443843,14.408871
Liberia,LBR,1979,1.505697,1.9945598,0.6061897,1.9358963,4.634418,17.022198
Liberia,LBR,1980,1.4619958,1.4718078,0.5887232,2.060531,6.6427593,13.334579
Liberia,LBR,1981,1.5602276,1.3331059,0.5924915,2.103345,6.5766554,12.027577
Liberia,LBR,1982,1.5331655,1.2544081,0.59733725,2.0608134,7.2775583,13.410221
Liberia,LBR,1983,1.6807064,1.5706602,0.6202607,2.0308535,7.0129476,15.996723
Liberia,LBR,1984,1.662843,1.2546002,0.6073858,2.0213,4.8491287,17.345345
Liberia,LBR,1985,1.8336533,0.9021182,0.58833796,2.0984054,7.128695,12.904212
Liberia,LBR,1986,1.8642496,0.76482034,0.602296,1.9789726,6.6061354,14.110935
Liberia,LBR,1987,2.050754,0.8590996,0.56349546,2.2077937,7.916649,14.078149
Liberia,LBR,1988,2.7136729,1.0198443,0.5498291,2.1993165,4.36316,13.036271
Liberia,LBR,1989,2.766877,0.86570996,0.5347032,2.1388128,3.7089732,12.026579
Liberia,LBR,1990,2.364338,0.84170425,0.60527045,2.21302,2.9790657,8.691305
Liberia,LBR,1991,2.946114,0.9925976,0.6969302,2.238624,3.4318533,8.933378
Liberia,LBR,1992,3.0545638,1.7720387,0.6363675,2.2713423,3.6223996,6.0993376
Liberia,LBR,1993,2.5690084,1.7033644,0.61432815,2.0477605,3.3694966,4.4957647
Liberia,LBR,1994,2.5919182,1.21144,0.61041546,2.0848038,3.737621,4.6297665
Liberia,LBR,1995,2.627368,0.8246484,0.6136918,2.0232651,3.806807,5.1972027
Liberia,LBR,1996,2.7373016,0.6104773,0.59078455,1.9003568,3.9385633,5.031515
Liberia,LBR,1997,3.1461525,0.5782648,0.5488615,2.0778327,4.204671,4.9593554
Liberia,LBR,1998,3.075201,0.51732355,0.49816337,1.8010522,3.8703463,5.0678544
Liberia,LBR,1999,3.4205894,0.6996661,0.46644402,1.632554,3.9259038,6.2969947
Liberia,LBR,2000,3.1802828,0.6222292,0.45432612,1.8370577,3.516089,5.629693
Liberia,LBR,2001,2.8444989,0.71609765,0.43761522,1.7802982,2.6754203,4.386098
Liberia,LBR,2002,3.096013,0.5060791,0.42669412,1.8457001,2.4013948,4.0684786
Liberia,LBR,2003,3.0944235,0.4406299,0.4306156,1.8927058,2.4935648,4.466385
Liberia,LBR,2004,4.8326473,0.49436265,0.43382844,2.7845733,2.4112792,5.054606
Liberia,LBR,2005,4.388376,0.5745504,0.4160537,2.5359464,2.417074,4.4973426
Liberia,LBR,2006,3.713928,0.48484698,0.42666534,2.0848422,1.9587818,3.5199893
Liberia,LBR,2007,4.3484445,0.4415639,0.42236546,2.2462163,2.361407,4.502032
Liberia,LBR,2008,4.7101994,0.44218197,0.43256932,2.624254,2.3262618,3.5759065
Liberia,LBR,2009,4.3510365,0.3682392,0.44576323,2.6455078,2.3451023,3.4692006
Liberia,LBR,2010,5.5699906,0.60999894,0.46999916,2.809995,2.0599964,4.7899914
Liberia,LBR,2011,7.650006,0.7600006,0.48000035,3.4100027,2.0400014,5.1800036
Liberia,LBR,2012,7.879989,0.759999,0.46999937,3.589995,2.109997,5.249993
Liberia,LBR,2013,8.479989,0.6999991,0.4599994,3.5299954,1.8599976,6.419992
Liberia,LBR,2014,10.25998,0.9199982,0.46999907,5.569989,1.8599963,6.999986
Liberia,LBR,2015,11.039987,1.0399987,0.49999937,5.049994,1.9699975,6.2599926
Liberia,LBR,2016,11.490006,0.88000053,0.46000028,5.3500032,1.8400011,5.6500034
Liberia,LBR,2017,12.929981,0.66999906,0.44999933,5.2999926,1.7399975,4.089994
Liberia,LBR,2018,11.120005,0.7100003,0.45000017,4.570002,1.8800007,4.290002
Liberia,LBR,2019,10.530003,0.60000014,0.44000012,4.990001,1.7700005,4.2200007
Liberia,LBR,2020,10.909979,0.48999906,0.39999923,4.8699903,1.6199969,4.679991
Liberia,LBR,2021,12.259983,0.68999904,0.38999945,4.669994,1.5999979,4.9599934
Liberia,LBR,2022,4.2599945,1.2699983,1.2399985,4.0999947,1.6699978,4.8499937
Liberia,LBR,2023,3.5299966,0.3599997,3.4799967,2.3999977,2.5399976,4.7499957
Libya,LBY,2010,18.290009,5.8200026,7.1500034,0,0.83000034,20.59001
Libya,LBY,2011,23.069963,2.689996,7.3299885,0,0.80999875,16.749973
Libya,LBY,2012,20.17001,5.860003,7.880004,0.040000018,0.8400004,22.740011
Libya,LBY,2013,19.859982,5.209995,6.9799933,0.00999999,0.88999915,22.569979
Libya,LBY,2014,31.82995,4.9599924,7.259989,0.019999968,0.8899986,18.919971
Libya,LBY,2015,31.999975,3.4999971,6.969994,0.019999983,0.8299993,15.789988
Libya,LBY,2016,29.22,2.75,7.02,0.01,0.88,15.95
Libya,LBY,2017,27.399996,2.7499995,6.939999,0.019999996,0.89999986,21.159996
Libya,LBY,2018,36.55996,2.8599966,6.869992,0,0.90999895,18.479977
Libya,LBY,2019,29.389956,2.8899958,6.319991,0.049999926,0.6599991,19.699972
Libya,LBY,2020,31.599987,3.3999987,5.999997,0.029999986,0.80999964,16.459991
Libya,LBY,2021,36.750008,4.3400006,5.710001,0.070000015,0.48000008,13.180002
Libya,LBY,2022,32.28998,3.709998,5.6799965,0.04999997,0.89999944,13.019993
Libya,LBY,2023,31.280006,5.640001,5.940001,0.010000002,0.80000013,12.880002
Lithuania,LTU,1992,8.210964,37.403294,0.4589361,18.36742,0.07981497,27.216906
Lithuania,LTU,1993,5.6374097,39.691353,0.4390195,7.9223065,0.07982173,24.235872
Lithuania,LTU,1994,6.2016864,25.425915,0.4793574,21.2615,0.08987951,17.74621
Lithuania,LTU,1995,6.9918537,20.255371,0.4401167,24.656538,0.120031826,16.284319
Lithuania,LTU,1996,7.663344,19.854572,0.39068025,23.020084,0.16027908,31.925592
Lithuania,LTU,1997,8.582953,19.060974,0.3308849,22.480118,0.3509385,21.998833
Lithuania,LTU,1998,9.3796015,22.149904,0.34107643,19.722242,0.18056987,21.828892
Lithuania,LTU,1999,8.619761,18.652763,0.9922749,26.11988,0.27062044,29.277119
Lithuania,LTU,2000,9.753281,14.619927,0.2698141,24.363214,0.08993804,36.734688
Lithuania,LTU,2001,11.144565,11.024945,0.23923929,19.15908,0.06977813,41.886814
Lithuania,LTU,2002,13.220917,12.446136,0.23839368,26.551096,0.07946456,42.553272
Lithuania,LTU,2003,14.925301,13.599926,0.1978171,31.611172,0.07912684,37.189613
Lithuania,LTU,2004,20.45183,11.49922,0.1974115,37.61676,0.12831748,41.57486
Lithuania,LTU,2005,23.220879,12.782862,0.21766482,38.576145,0.11872626,38.952106
Lithuania,LTU,2006,25.309261,7.875093,0.18820977,45.24959,0.14858666,36.82968
Lithuania,LTU,2007,26.002714,7.7099924,0.25667068,49.11295,0.14807925,42.942978
Lithuania,LTU,2008,26.118935,6.3970757,0.25548995,50.19395,0.11791843,42.971443
Lithuania,LTU,2009,23.898087,4.9031773,0.24515887,46.178123,0.09806354,43.030285
Lithuania,LTU,2010,22.959991,3.8399987,0.21999992,45.319984,0.75999975,33.99999
Lithuania,LTU,2011,23.489983,3.5299976,0.20999984,45.03997,0.6899995,33.499977
Lithuania,LTU,2012,25.249968,3.5499952,0.21999972,45.279938,0.6799991,27.189964
Lithuania,LTU,2013,27.380009,4.4900017,0.24000008,46.45002,0.78000027,30.830011
Lithuania,LTU,2014,26.48999,4.0399985,0.22999991,47.489983,0.8499997,33.259987
Lithuania,LTU,2015,26.889898,3.949985,0.19999924,48.80982,0.8199969,27.609896
Lithuania,LTU,2016,27.490011,4.480002,0.19000007,46.70002,0.48000017,29.340012
Lithuania,LTU,2017,28.369932,4.919988,0.18999954,47.75988,0.59999853,31.789923
Lithuania,LTU,2018,29.059948,5.60999,0.3799993,48.879913,0.60999894,27.56995
Lithuania,LTU,2019,29.730032,5.5700064,0.44000047,47.570053,0.6800007,29.120033
Lithuania,LTU,2020,26.999943,5.819988,0.45999902,48.679897,0.5699988,29.109938
Lithuania,LTU,2021,25.48,5.75,0.42,50.39,0.65,29.12
Lithuania,LTU,2022,26.849972,5.3599944,0.3699996,49.999947,0.5399994,28.889967
Lithuania,LTU,2023,27.509962,4.439994,0.3799995,48.039936,0.4999993,28.509962
Low Income Food Deficit Countries (FAO),,1961,0.42,3.45,1.31,0.41,0.63,3.26
Low Income Food Deficit Countries (FAO),,1962,0.42,3.4,1.33,0.41,0.62,3.33
Low Income Food Deficit Countries (FAO),,1963,0.43,3.38,1.33,0.4,0.62,3.54
Low Income Food Deficit Countries (FAO),,1964,0.45,3.39,1.33,0.41,0.64,3.92
Low Income Food Deficit Countries (FAO),,1965,0.46,3.38,1.32,0.4,0.63,4.03
Low Income Food Deficit Countries (FAO),,1966,0.47,3.42,1.32,0.4,0.64,4.1
Low Income Food Deficit Countries (FAO),,1967,0.48,3.44,1.33,0.42,0.66,4.1
Low Income Food Deficit Countries (FAO),,1968,0.49,3.46,1.33,0.43,0.68,4.16
Low Income Food Deficit Countries (FAO),,1969,0.52,3.48,1.29,0.43,0.67,4.23
Low Income Food Deficit Countries (FAO),,1970,0.53,3.48,1.28,0.45,0.66,4.41
Low Income Food Deficit Countries (FAO),,1971,0.53,3.39,1.26,0.48,0.66,4.7
Low Income Food Deficit Countries (FAO),,1972,0.53,3.32,1.21,0.49,0.66,4.64
Low Income Food Deficit Countries (FAO),,1973,0.53,3.35,1.2,0.48,0.63,4.85
Low Income Food Deficit Countries (FAO),,1974,0.53,3.31,1.2,0.5,0.63,5.16
Low Income Food Deficit Countries (FAO),,1975,0.55,3.29,1.24,0.5,0.63,5.05
Low Income Food Deficit Countries (FAO),,1976,0.56,3.37,1.29,0.51,0.61,5.15
Low Income Food Deficit Countries (FAO),,1977,0.6,3.39,1.32,0.52,0.63,5.28
Low Income Food Deficit Countries (FAO),,1978,0.65,3.49,1.36,0.53,0.62,5.29
Low Income Food Deficit Countries (FAO),,1979,0.68,3.46,1.36,0.54,0.62,5.17
Low Income Food Deficit Countries (FAO),,1980,0.66,3.51,1.35,0.53,0.65,5.1
Low Income Food Deficit Countries (FAO),,1981,0.7,3.47,1.35,0.55,0.65,5.29
Low Income Food Deficit Countries (FAO),,1982,0.7,3.61,1.36,0.55,0.65,5.25
Low Income Food Deficit Countries (FAO),,1983,0.72,3.58,1.34,0.55,0.65,4.98
Low Income Food Deficit Countries (FAO),,1984,0.73,3.56,1.32,0.55,0.64,4.95
Low Income Food Deficit Countries (FAO),,1985,0.77,3.56,1.32,0.6,0.63,4.75
Low Income Food Deficit Countries (FAO),,1986,0.81,3.51,1.31,0.62,0.63,4.85
Low Income Food Deficit Countries (FAO),,1987,0.87,3.39,1.35,0.63,0.62,5.05
Low Income Food Deficit Countries (FAO),,1988,0.9,3.37,1.38,0.64,0.61,5.08
Low Income Food Deficit Countries (FAO),,1989,0.91,3.34,1.4,0.66,0.61,5.36
Low Income Food Deficit Countries (FAO),,1990,0.9,3.35,1.42,0.67,0.6,5.38
Low Income Food Deficit Countries (FAO),,1991,0.97,3.35,1.44,0.69,0.59,5.15
Low Income Food Deficit Countries (FAO),,1992,1.02,3.56,1.52,0.67,0.6,5
Low Income Food Deficit Countries (FAO),,1993,1.07,3.51,1.5,0.64,0.57,5.08
Low Income Food Deficit Countries (FAO),,1994,1.08,3.53,1.53,0.61,0.58,4.91
Low Income Food Deficit Countries (FAO),,1995,1.09,3.49,1.56,0.67,0.58,5.04
Low Income Food Deficit Countries (FAO),,1996,1.1,3.39,1.42,0.66,0.59,5.29
Low Income Food Deficit Countries (FAO),,1997,1.12,3.46,1.45,0.64,0.6,5.43
Low Income Food Deficit Countries (FAO),,1998,1.11,3.44,1.5,0.65,0.58,5.47
Low Income Food Deficit Countries (FAO),,1999,1.17,3.37,1.53,0.65,0.58,5.62
Low Income Food Deficit Countries (FAO),,2000,1.24,3.25,1.53,0.64,0.59,5.41
Low Income Food Deficit Countries (FAO),,2001,1.3,3.26,1.54,0.65,0.61,5.73
Low Income Food Deficit Countries (FAO),,2002,1.43,3.3,1.53,0.67,0.61,5.58
Low Income Food Deficit Countries (FAO),,2003,1.55,3.27,1.53,0.64,0.62,5.73
Low Income Food Deficit Countries (FAO),,2004,1.59,3.32,1.55,0.65,0.62,5.96
Low Income Food Deficit Countries (FAO),,2005,1.63,3.31,1.59,0.65,0.61,6.2
Low Income Food Deficit Countries (FAO),,2006,1.7,3.42,1.53,0.63,0.61,6.6
Low Income Food Deficit Countries (FAO),,2007,1.87,3.46,1.55,0.62,0.64,6.78
Low Income Food Deficit Countries (FAO),,2008,1.96,3.51,1.55,0.62,0.66,7.14
Low Income Food Deficit Countries (FAO),,2009,2.09,3.45,1.55,0.61,0.67,7.01
Low Income Food Deficit Countries (FAO),,2010,2.76,6.41,2.41,1.12,1.42,5.62
Low Income Food Deficit Countries (FAO),,2011,2.82,6.35,2.44,1.13,1.42,5.92
Low Income Food Deficit Countries (FAO),,2012,2.82,6.33,2.73,1.1,1.5,5.68
Low Income Food Deficit Countries (FAO),,2013,2.8,6.37,2.78,1.1,1.49,5.91
Low Income Food Deficit Countries (FAO),,2014,2.94,6.32,2.9,1.2,1.52,5.99
Low Income Food Deficit Countries (FAO),,2015,2.91,6.35,2.8,1.22,1.5,5.97
Low Income Food Deficit Countries (FAO),,2016,2.87,6.3,2.75,1.24,1.48,5.97
Low Income Food Deficit Countries (FAO),,2017,2.94,6.22,2.67,1.25,1.42,6.01
Low Income Food Deficit Countries (FAO),,2018,3.07,6.18,2.67,1.17,1.4,5.91
Low Income Food Deficit Countries (FAO),,2019,3.24,6.06,2.67,1.52,1.36,5.95
Low Income Food Deficit Countries (FAO),,2020,3.41,5.92,2.7,1.6,1.29,5.71
Low Income Food Deficit Countries (FAO),,2021,3.61,5.86,2.59,1.44,1.26,5.84
Low Income Food Deficit Countries (FAO),,2022,3.49,5.87,2.63,1.57,1.24,5.69
Low Income Food Deficit Countries (FAO),,2023,3.56,5.8,2.68,1.45,1.26,5.55
Low-income countries,OWID_LIC,1961,1.1529489,4.8490853,2.4072635,1.3086858,0.9656663,7.6083336
Low-income countries,OWID_LIC,1962,1.157613,4.883186,2.3819845,1.3250651,0.9597331,7.8405495
Low-income countries,OWID_LIC,1963,1.1604525,4.948821,2.4390016,1.3597672,0.9719808,8.236216
Low-income countries,OWID_LIC,1964,1.1868397,4.9368653,2.4892926,1.4189597,0.9714407,8.262139
Low-income countries,OWID_LIC,1965,1.1859448,4.7305355,2.536618,1.4169964,0.9949056,8.641352
Low-income countries,OWID_LIC,1966,1.2193905,5.1952815,2.630044,1.456673,0.99934846,9.22983
Low-income countries,OWID_LIC,1967,1.2567968,5.238901,2.7492888,1.4928039,1.0192354,9.436189
Low-income countries,OWID_LIC,1968,1.2789572,5.253519,2.8780997,1.4901619,1.0363547,9.541208
Low-income countries,OWID_LIC,1969,1.3512477,5.080773,2.7855473,1.507073,1.0212364,9.524719
Low-income countries,OWID_LIC,1970,1.3987633,4.832026,2.7710729,1.6416193,1.0249323,8.921923
Low-income countries,OWID_LIC,1971,1.4273998,4.5982337,2.7200005,1.7476428,1.0407258,9.448775
Low-income countries,OWID_LIC,1972,1.3784577,4.5488267,2.4013004,1.8749796,1.0336443,10.120199
Low-income countries,OWID_LIC,1973,1.415839,4.3392105,2.2646465,1.8015456,1.0167996,10.534955
Low-income countries,OWID_LIC,1974,1.3728117,4.350828,2.346311,1.9108073,0.9964843,10.816213
Low-income countries,OWID_LIC,1975,1.4002266,4.5513134,2.4958498,1.9760493,0.98305094,10.8076315
Low-income countries,OWID_LIC,1976,1.4168053,4.4471006,2.6953487,1.9980451,0.96973264,10.826617
Low-income countries,OWID_LIC,1977,1.5997281,4.424739,2.8127737,2.0850048,0.9973926,11.023748
Low-income countries,OWID_LIC,1978,1.7942597,5.1334085,2.8997009,2.1483757,0.9771548,11.30261
Low-income countries,OWID_LIC,1979,1.9444822,4.7777467,2.8544133,2.2010295,0.973115,10.516713
Low-income countries,OWID_LIC,1980,1.7798772,4.8168693,2.9572594,2.2634065,1.0155514,10.097905
Low-income countries,OWID_LIC,1981,2.027313,5.0020185,3.0350118,2.388324,1.0098168,10.297135
Low-income countries,OWID_LIC,1982,1.9846067,5.050492,3.0434935,2.2978752,1.01907,10.081051
Low-income countries,OWID_LIC,1983,1.867162,4.9644027,2.8901925,2.3708203,1.0108485,9.855527
Low-income countries,OWID_LIC,1984,2.1028454,4.9215846,2.4962742,2.367983,0.9359231,9.895045
Low-income countries,OWID_LIC,1985,2.1883798,4.7968884,2.2842517,2.4033291,0.9285191,9.267372
Low-income countries,OWID_LIC,1986,2.2696552,4.7186193,2.3051243,2.4409583,0.91877735,9.924101
Low-income countries,OWID_LIC,1987,2.0899212,4.6971145,2.3077097,2.5731997,0.9357021,10.095665
Low-income countries,OWID_LIC,1988,2.320482,4.7702756,2.4159358,2.6077101,0.8743405,9.422078
Low-income countries,OWID_LIC,1989,2.1400998,4.7379694,2.489996,2.7334442,0.8709836,9.587295
Low-income countries,OWID_LIC,1990,1.9867734,4.880115,2.537906,2.8528118,0.8459606,8.289466
Low-income countries,OWID_LIC,1991,1.9961058,4.812904,2.4795105,3.0282724,0.8293923,7.304828
Low-income countries,OWID_LIC,1992,1.9307816,4.652722,2.3906384,2.4961853,0.8619695,7.207183
Low-income countries,OWID_LIC,1993,1.6819706,4.563522,2.052937,1.6984203,0.9119341,5.1156025
Low-income countries,OWID_LIC,1994,1.6203864,4.4706354,2.025145,1.5855038,0.91346663,4.9295335
Low-income countries,OWID_LIC,1995,1.5354689,4.4071074,1.9972749,1.9585308,0.9012422,4.809933
Low-income countries,OWID_LIC,1996,1.5725727,4.632666,2.024469,1.905329,0.9388088,4.460418
Low-income countries,OWID_LIC,1997,1.5618771,4.5815096,2.0919418,1.8132036,0.9392623,4.5214453
Low-income countries,OWID_LIC,1998,1.6241165,4.6515355,2.1698592,1.8235859,0.94016683,4.089064
Low-income countries,OWID_LIC,1999,1.6211276,4.5477242,2.2380774,1.8544694,0.9882339,4.1681767
Low-income countries,OWID_LIC,2000,1.7841132,4.4165144,2.1572292,1.7927552,1.0859599,4.1432066
Low-income countries,OWID_LIC,2001,1.8602375,4.307316,2.091298,1.7582887,1.2419685,3.8269768
Low-income countries,OWID_LIC,2002,2.0476973,4.671272,2.0221522,1.9147171,1.2366172,3.71365
Low-income countries,OWID_LIC,2003,2.1305816,4.7171655,2.039974,1.7023375,1.2599354,4.201379
Low-income countries,OWID_LIC,2004,2.0959606,4.6985908,2.13203,1.7660114,1.2561097,4.61803
Low-income countries,OWID_LIC,2005,2.1447194,4.8629966,2.1320882,1.8426229,1.2593932,4.790361
Low-income countries,OWID_LIC,2006,1.9029075,4.8319883,2.151578,1.7078657,1.2276514,4.712053
Low-income countries,OWID_LIC,2007,1.9875659,4.9298205,2.1644552,1.6910889,1.2712008,4.893658
Low-income countries,OWID_LIC,2008,2.03901,4.983234,2.230779,1.6455789,1.3238539,4.872035
Low-income countries,OWID_LIC,2009,2.168112,4.697949,2.288931,1.5925609,1.3399073,5.06321
Low-income countries,OWID_LIC,2010,2.3665812,3.9451025,2.4228349,1.235003,1.4732708,5.055313
Low-income countries,OWID_LIC,2011,2.3721256,3.7992063,2.4527106,1.2549932,1.4577351,5.1976347
Low-income countries,OWID_LIC,2012,2.3255506,3.99874,2.8872418,1.2022923,1.5799835,4.913477
Low-income countries,OWID_LIC,2013,2.3090708,3.993827,2.952064,1.1934333,1.5618505,5.0187445
Low-income countries,OWID_LIC,2014,2.4269092,4.1110363,3.0781507,1.2063272,1.5637288,5.1182237
Low-income countries,OWID_LIC,2015,2.343827,3.9395258,2.9375858,1.240722,1.5479326,5.188129
Low-income countries,OWID_LIC,2016,2.3352585,3.8398883,2.8805697,1.2899725,1.5339694,5.118781
Low-income countries,OWID_LIC,2017,2.4435813,3.6914372,2.8089058,1.334559,1.4633728,5.1763363
Low-income countries,OWID_LIC,2018,2.5567744,3.5963054,2.7563531,1.2687882,1.4322687,5.03285
Low-income countries,OWID_LIC,2019,2.9127674,3.7373147,2.7818553,1.6355634,1.1998746,4.8925047
Low-income countries,OWID_LIC,2020,2.771449,3.8238332,2.7734942,1.6998996,1.1464214,4.7868514
Low-income countries,OWID_LIC,2021,2.710658,3.6693275,2.6481915,1.4660535,1.136026,4.8212876
Low-income countries,OWID_LIC,2022,2.4856813,3.6378777,2.6622267,1.5723945,1.1065574,4.673718
Low-income countries,OWID_LIC,2023,2.5652676,2.3048995,1.8453052,1.7076123,0.84399104,4.7953205
Lower-middle-income countries,OWID_LMC,1961,0.56676626,3.1868641,1.004783,0.9527806,0.4917748,4.642814
Lower-middle-income countries,OWID_LMC,1962,0.5809804,3.1579301,1.0059482,0.9704334,0.48691714,4.7090473
Lower-middle-income countries,OWID_LMC,1963,0.6133214,3.1299412,0.99511373,0.9716769,0.4819389,5.0414405
Lower-middle-income countries,OWID_LMC,1964,0.6202199,3.1292772,0.99242014,0.98376155,0.49848923,5.485568
Lower-middle-income countries,OWID_LMC,1965,0.6469703,3.15792,0.9989958,1.0161161,0.49509916,5.5274425
Lower-middle-income countries,OWID_LMC,1966,0.6740098,3.1685407,1.0000222,1.0512323,0.49589032,5.636652
Lower-middle-income countries,OWID_LMC,1967,0.68334824,3.1557903,0.98429567,1.0929921,0.51035976,5.5880513
Lower-middle-income countries,OWID_LMC,1968,0.722967,3.2015307,0.96442163,1.0995048,0.5132712,5.8700824
Lower-middle-income countries,OWID_LMC,1969,0.7288987,3.2292123,0.95321167,1.1109388,0.50995564,5.908951
Lower-middle-income countries,OWID_LMC,1970,0.7300122,3.2350848,0.9371812,1.0844839,0.50020117,6.016403
Lower-middle-income countries,OWID_LMC,1971,0.7438322,3.2376258,0.9340938,1.0923344,0.5026366,6.2949133
Lower-middle-income countries,OWID_LMC,1972,0.77054876,3.2066848,0.9257205,1.0308459,0.5009689,6.351772
Lower-middle-income countries,OWID_LMC,1973,0.7703525,3.2698784,0.9278999,1.0494887,0.4787957,6.448205
Lower-middle-income countries,OWID_LMC,1974,0.77575773,3.292263,0.9204561,1.0254894,0.47638354,6.5029364
Lower-middle-income countries,OWID_LMC,1975,0.80110633,3.1548173,0.93821615,0.94516855,0.4713806,6.4521475
Lower-middle-income countries,OWID_LMC,1976,0.81791955,3.2247436,0.93995214,0.94321537,0.461394,6.498833
Lower-middle-income countries,OWID_LMC,1977,0.8505055,3.2493513,0.96824557,0.90820235,0.46781588,6.6194973
Lower-middle-income countries,OWID_LMC,1978,0.88809407,3.3009977,0.9956295,0.9320224,0.46313274,6.5882435
Lower-middle-income countries,OWID_LMC,1979,0.98034877,3.2839792,0.990209,0.9855338,0.46463743,6.5178823
Lower-middle-income countries,OWID_LMC,1980,1.0371617,3.3795757,0.97504044,1.0027996,0.47644752,6.485909
Lower-middle-income countries,OWID_LMC,1981,1.1164052,3.3375072,0.99010396,1.1058881,0.4857467,6.737763
Lower-middle-income countries,OWID_LMC,1982,1.158087,3.487909,1.0064994,1.0980451,0.50789195,6.879813
Lower-middle-income countries,OWID_LMC,1983,1.2248107,3.48691,1.0065148,1.1731516,0.51215106,6.7941966
Lower-middle-income countries,OWID_LMC,1984,1.1795751,3.4377632,1.017199,1.2598618,0.5159568,6.7320876
Lower-middle-income countries,OWID_LMC,1985,1.190828,3.4277616,1.0574851,1.1821343,0.52124953,6.5818977
Lower-middle-income countries,OWID_LMC,1986,1.218345,3.3448102,1.050734,1.2598423,0.5225383,6.664707
Lower-middle-income countries,OWID_LMC,1987,1.3622606,3.375612,1.0964739,1.2994598,0.5100516,6.823208
Lower-middle-income countries,OWID_LMC,1988,1.3414198,3.3475668,1.1551814,1.329603,0.5135799,6.9040995
Lower-middle-income countries,OWID_LMC,1989,1.3367368,3.3100665,1.1593907,1.3915666,0.5157492,7.232412
Lower-middle-income countries,OWID_LMC,1990,1.3552299,3.27857,1.1525253,1.4039917,0.502568,7.378803
Lower-middle-income countries,OWID_LMC,1991,1.4713715,3.2855992,1.1613889,1.4475118,0.499217,7.1861906
Lower-middle-income countries,OWID_LMC,1992,1.6017278,3.6042717,1.2420793,1.848979,0.49394822,6.9293194
Lower-middle-income countries,OWID_LMC,1993,1.6846457,3.5688598,1.264878,1.8161151,0.50070965,6.8832135
Lower-middle-income countries,OWID_LMC,1994,1.7370135,3.6281998,1.2862635,1.8843443,0.5124659,6.8774223
Lower-middle-income countries,OWID_LMC,1995,1.8170161,3.611292,1.3016557,1.9558214,0.50935805,7.0270653
Lower-middle-income countries,OWID_LMC,1996,1.8921925,3.4731724,1.1588942,1.9999269,0.50323355,7.221514
Lower-middle-income countries,OWID_LMC,1997,2.0664935,3.575362,1.1705335,2.0060186,0.51607835,7.3768053
Lower-middle-income countries,OWID_LMC,1998,2.0433764,3.5426414,1.1764725,2.0330496,0.4886207,7.462659
Lower-middle-income countries,OWID_LMC,1999,2.170919,3.5046532,1.1776482,2.0880022,0.49633807,7.8900456
Lower-middle-income countries,OWID_LMC,2000,2.2796135,3.4713843,1.1790118,2.1012905,0.49036685,7.864745
Lower-middle-income countries,OWID_LMC,2001,2.3608246,3.3514445,1.1929375,2.147475,0.48879984,8.283718
Lower-middle-income countries,OWID_LMC,2002,2.552588,3.3870447,1.1781319,2.288983,0.489619,8.210397
Lower-middle-income countries,OWID_LMC,2003,2.7331154,3.3532212,1.1670449,2.3429704,0.49100393,8.4779215
Lower-middle-income countries,OWID_LMC,2004,2.799046,3.4259589,1.1684315,2.3878195,0.4871863,8.870046
Lower-middle-income countries,OWID_LMC,2005,2.8770642,3.4304147,1.2017534,2.5260704,0.4862757,9.158514
Lower-middle-income countries,OWID_LMC,2006,3.0474129,3.5709114,1.1611736,2.431744,0.46626395,9.708895
Lower-middle-income countries,OWID_LMC,2007,3.389501,3.6947043,1.1855482,2.5146961,0.48230508,10.20886
Lower-middle-income countries,OWID_LMC,2008,3.609226,3.6944513,1.1806875,2.5670023,0.49510407,10.667903
Lower-middle-income countries,OWID_LMC,2009,3.8415103,3.6780748,1.1735853,2.6579053,0.4958362,10.807181
Lower-middle-income countries,OWID_LMC,2010,4.1735463,3.8353062,1.1970416,2.3363402,0.63589966,10.83798
Lower-middle-income countries,OWID_LMC,2011,4.4225492,3.7933643,1.1707184,2.3450315,0.64767516,10.695543
Lower-middle-income countries,OWID_LMC,2012,4.4711924,3.7260964,1.1151966,2.3602085,0.6412342,11.127981
Lower-middle-income countries,OWID_LMC,2013,4.6846232,3.6926348,1.1361862,2.408361,0.6445534,11.126728
Lower-middle-income countries,OWID_LMC,2014,4.8452225,3.6476803,1.2026378,2.5050166,0.6765705,11.488773
Lower-middle-income countries,OWID_LMC,2015,4.9871597,3.818519,1.1900141,2.555642,0.68078154,11.778702
Lower-middle-income countries,OWID_LMC,2016,5.093735,3.745176,1.19186,2.5994847,0.6725021,11.761672
Lower-middle-income countries,OWID_LMC,2017,5.422703,3.7673957,1.2344035,2.615118,0.66650313,12.022324
Lower-middle-income countries,OWID_LMC,2018,5.7345324,3.961603,1.2625372,2.6636875,0.6636078,12.32553
Lower-middle-income countries,OWID_LMC,2019,5.8922825,3.8253586,1.2567769,2.4125347,0.63598645,12.632475
Lower-middle-income countries,OWID_LMC,2020,5.8882685,4.073732,1.2411854,2.137447,0.6251355,12.469962
Lower-middle-income countries,OWID_LMC,2021,6.278744,4.233934,1.2446339,2.30815,0.6263671,12.653107
Lower-middle-income countries,OWID_LMC,2022,6.3384075,4.274718,1.7979852,2.4867895,0.62049574,12.499073
Lower-middle-income countries,OWID_LMC,2023,6.431204,4.2952905,1.8805087,2.4267938,0.6340323,12.330308
Luxembourg,LUX,2000,14.805179,30.000229,1.4695214,50.033703,1.8094107,24.62198
Luxembourg,LUX,2001,19.093885,34.14389,1.6434486,50.289528,2.2709472,26.912716
Luxembourg,LUX,2002,16.610514,31.042759,1.511855,44.96774,2.0589077,26.815533
Luxembourg,LUX,2003,18.558842,32.70551,1.5630581,46.179466,2.2060883,28.926468
Luxembourg,LUX,2004,17.860857,31.618944,1.637163,48.355484,3.5406115,26.135433
Luxembourg,LUX,2005,17.596874,30.25324,1.584506,49.62161,3.9169776,24.446665
Luxembourg,LUX,2006,16.30959,30.874893,1.6260318,48.07141,4.1685543,27.159657
Luxembourg,LUX,2007,17.849617,30.218477,1.6749501,46.502163,4.093221,27.879494
Luxembourg,LUX,2008,19.928364,31.869446,1.9619628,47.385883,3.505639,26.501438
Luxembourg,LUX,2009,19.022514,29.408426,1.7992918,44.69241,3.5286112,26.539555
Luxembourg,LUX,2010,18.709703,30.869514,1.7099731,41.629345,1.8099715,29.419537
Luxembourg,LUX,2011,22.529871,30.509825,1.9499888,38.26978,1.5899909,30.619825
Luxembourg,LUX,2012,19.559963,31.099943,1.8899965,38.249928,2.3399956,35.399937
Luxembourg,LUX,2013,19.979704,30.359552,1.6299759,38.819427,1.9099717,33.09951
Luxembourg,LUX,2014,18.859833,27.98975,1.8599834,37.07967,1.8399836,35.049686
Luxembourg,LUX,2015,19.97,26.379997,1.8599999,36.59,1.7599999,35.1
Luxembourg,LUX,2016,19.589968,27.679953,1.5599973,36.88994,1.6999972,34.36994
Luxembourg,LUX,2017,18.79981,26.509733,1.3299867,36.159637,1.7599822,31.999678
Luxembourg,LUX,2018,19.409712,27.269596,1.2999806,36.699455,1.7999732,33.399506
Luxembourg,LUX,2019,19.259783,29.04967,1.1799866,34.129616,0.96998906,32.62963
Luxembourg,LUX,2020,18.530088,28.640135,1.1300054,35.670166,0.86000407,31.88015
Luxembourg,LUX,2021,18.799824,30.549713,1.0999898,34.29968,0.82999223,31.459705
Luxembourg,LUX,2022,19.69985,30.619766,1.0799918,33.189743,1.2299906,30.829763
Luxembourg,LUX,2023,19.90997,29.819954,0.96999854,31.519953,0.79999876,30.289955
Macao,MAC,1961,10.711916,4.4018807,0.010096056,10.964317,4.179767,5.189373
Macao,MAC,1962,11.135329,6.4226627,0.010178546,13.23211,1.0687473,6.188556
Macao,MAC,1963,11.299968,6.9418535,0.010376462,15.419423,2.3658335,8.788864
Macao,MAC,1964,9.94071,7.2559295,0.008773795,14.029299,2.2636392,9.308997
Macao,MAC,1965,10.239463,5.844442,0,13.403254,2.220888,9.787493
Macao,MAC,1966,10.909789,6.2801437,0,15.95206,2.9461381,12.17242
Macao,MAC,1967,9.5095415,4.506355,0,12.708444,4.236148,9.980225
Macao,MAC,1968,9.059408,4.1713705,0,13.561548,8.021159,13.184839
Macao,MAC,1969,9.749487,4.4333296,0,13.578271,7.763125,12.532313
Macao,MAC,1970,9.585401,5.840951,0,15.182572,8.483518,15.5433655
Macao,MAC,1971,9.6212845,5.7072153,0,17.285536,7.6064067,15.559874
Macao,MAC,1972,11.17587,9.055987,0.009297729,18.967365,12.821568,18.66984
Macao,MAC,1973,12.572332,7.589889,0.010106376,21.263817,15.9276495,19.576052
Macao,MAC,1974,14.432259,7.4598794,0,21.075861,15.429933,25.746786
Macao,MAC,1975,10.110426,8.704047,0.022147702,23.144348,16.909771,17.419167
Macao,MAC,1976,11.87857,9.152341,0.03245511,21.561012,16.974022,20.857819
Macao,MAC,1977,14.573864,9.378697,0.010537863,22.277042,17.977594,24.964197
Macao,MAC,1978,18.553286,9.578864,0.020489547,25.079206,18.809406,20.335876
Macao,MAC,1979,20.011528,9.683322,0,29.563858,22.339153,33.76567
Macao,MAC,1980,23.809547,13.144229,0.3398508,33.445316,10.715296,41.071968
Macao,MAC,1981,22.25443,9.66022,0.4391009,39.030083,5.588557,43.760395
Macao,MAC,1982,25.634695,10.177895,0.3499276,44.720745,2.929394,30.35372
Macao,MAC,1983,24.071064,12.789638,0.33180666,48.946507,1.5383762,29.95309
Macao,MAC,1984,22.654404,11.134873,0.37453663,46.138866,1.1843456,37.36256
Macao,MAC,1985,32.94444,12.610749,0.41663232,39.762985,1.3108675,35.180027
Macao,MAC,1986,24.18465,10.913208,0.45939606,39.028248,2.051969,33.617584
Macao,MAC,1987,22.770048,10.450815,0.5338334,34.83263,1.098465,24.556335
Macao,MAC,1988,21.779072,12.641934,0.6989037,35.58242,0.77084965,23.320772
Macao,MAC,1989,23.061644,14.321198,0.45138448,37.89578,1.1284612,30.15043
Macao,MAC,1990,23.181622,12.344392,0.52289367,40.447365,1.6609564,30.666176
Macao,MAC,1991,25.199255,13.720047,0.47872472,38.51188,1.7824857,39.73415
Macao,MAC,1992,25.761467,14.987751,0.67018396,40.799988,1.5434539,38.30203
Macao,MAC,1993,26.038141,13.276524,0.656254,43.171417,1.9586658,37.416576
Macao,MAC,1994,25.843548,13.896434,0.6430743,45.969765,1.4670132,41.870163
Macao,MAC,1995,25.684631,13.226638,0.66881865,46.28824,1.2977078,41.346966
Macao,MAC,1996,24.636332,11.512211,0.5870531,44.357338,1.4228575,38.029106
Macao,MAC,1997,22.789959,9.419718,0.54592675,47.187923,1.5583727,34.96909
Macao,MAC,1998,19.046535,8.710669,0.6936824,46.209156,1.0504333,33.455307
Macao,MAC,1999,21.889446,7.704769,0.7507211,43.01829,1.0569363,32.567467
Macao,MAC,2000,22.680899,7.66567,0.6420986,45.016052,1.07675,33.833656
Macao,MAC,2001,23.173248,8.383698,0.6199213,45.224735,1.2103226,39.438805
Macao,MAC,2002,24.817795,8.821076,0.7302215,45.22505,0.983365,42.401527
Macao,MAC,2003,23.643122,9.086112,0.7018902,49.045776,1.1345621,53.08405
Macao,MAC,2004,23.577806,11.203504,0.7043834,53.171425,1.3516545,50.106407
Macao,MAC,2005,27.036188,12.3845005,0.7084955,53.666172,0.5856896,49.79306
Macao,MAC,2006,27.625248,12.142654,0.9529201,46.768562,0.8680064,53.693745
Macao,MAC,2007,26.590687,16.150751,1.1799204,50.425076,0.8589821,60.10042
Macao,MAC,2008,32.464756,15.469338,1.1469302,57.85836,0.5592469,57.30859
Macao,MAC,2009,31.757442,13.78404,0.87397087,56.466118,0.4654845,52.637745
Macao,MAC,2010,31.380054,9.350017,0.8500015,54.750095,0.35000062,56.4301
Macao,MAC,2011,33.329193,10.029756,0.8199801,57.418602,0.739982,57.878593
Macao,MAC,2012,34.17,10.8,0.72,62.03,1,53.32
Macao,MAC,2013,34.829304,10.889782,0.7199856,61.198772,0.97998035,53.328934
Macao,MAC,2014,34.949543,12.96983,0.74999017,64.929146,0.7799897,63.259167
Macao,MAC,2015,33.49973,12.249902,0.6799945,64.51948,0.749994,63.18949
Macao,MAC,2016,33.219635,13.289853,0.5799936,66.69926,0.51999426,57.89936
Macao,MAC,2017,32.949593,15.379809,0.6799916,66.93917,1.61998,59.66926
Macao,MAC,2018,32.95965,16.239828,0.6999926,65.04932,1.229987,63.259327
Macao,MAC,2019,33.289406,12.069783,0.6799878,60.088924,0.94998294,68.858765
Macao,MAC,2020,36.810055,11.550017,0.690001,55.49008,1.0500015,60.390087
Macao,MAC,2021,47.48973,13.379924,1.0899938,52.459698,1.2599927,62.83964
Macao,MAC,2022,49.02,12.4,0.57,48.48,1.45,61.95
Macao,MAC,2023,42.63964,18.389845,0.80999315,57.70951,1.6799858,61.119484
Madagascar,MDG,1961,4.7598066,17.81442,0.5875074,2.9076643,0.3883524,5.7257085
Madagascar,MDG,1962,4.7821674,17.91573,0.6263546,2.9925828,0.37780115,5.855918
Madagascar,MDG,1963,4.766824,17.597523,0.68523085,3.187813,0.36744264,6.7033453
Madagascar,MDG,1964,4.762017,17.212706,0.7738277,3.373095,0.35715124,7.9962196
Madagascar,MDG,1965,4.7388325,13.730718,0.81293774,2.9245932,0.34698564,7.722909
Madagascar,MDG,1966,4.73497,17.889864,0.8816157,3.229289,0.33679703,9.222295
Madagascar,MDG,1967,4.7198668,17.583237,0.96970016,3.0773137,0.32653168,9.330891
Madagascar,MDG,1968,4.823125,17.414642,1.0970632,3.06387,0.31627047,9.883452
Madagascar,MDG,1969,4.974156,16.166006,1.0560213,2.9311993,0.30595008,7.3329325
Madagascar,MDG,1970,5.1744576,14.79402,1.0447475,2.8681278,0.2956833,7.2738085
Madagascar,MDG,1971,5.412823,12.518384,1.0333571,3.4740484,0.2952449,7.5189033
Madagascar,MDG,1972,4.8741794,13.502263,1.0416592,3.8423471,0.28498226,7.321096
Madagascar,MDG,1973,5.181433,13.100783,0.9911454,3.3070889,0.28458628,7.7525234
Madagascar,MDG,1974,4.733697,13.005416,1.0388651,2.9401844,0.2646166,7.477869
Madagascar,MDG,1975,4.8846846,13.675159,1.0180504,3.0639405,0.2545126,7.2829766
Madagascar,MDG,1976,4.664254,13.650521,1.0853925,2.522804,0.25423607,7.108832
Madagascar,MDG,1977,4.6596355,9.416957,0.8889451,2.5105371,0.24421568,7.1408668
Madagascar,MDG,1978,4.9169936,17.746056,0.8780346,2.5072765,0.23414256,6.760866
Madagascar,MDG,1979,4.858885,13.875573,0.837403,2.7848518,0.23369385,6.57264
Madagascar,MDG,1980,3.7781126,14.092651,1.0392238,3.2730691,0.23309693,6.0702324
Madagascar,MDG,1981,3.727178,14.2407255,1.1617179,3.8143072,0.24202456,5.9150805
Madagascar,MDG,1982,3.444243,13.969927,1.1287855,3.2126973,0.24119349,5.8079395
Madagascar,MDG,1983,3.153024,13.717577,0.84593326,3.2876043,0.24032195,6.1137905
Madagascar,MDG,1984,3.028868,13.054804,0.8338972,4.083221,0.24921064,6.268606
Madagascar,MDG,1985,3.788385,12.666216,0.8514299,3.8457844,0.25829896,6.227875
Madagascar,MDG,1986,3.9959085,12.484825,0.83168435,3.9481108,0.27722812,7.446921
Madagascar,MDG,1987,3.1457713,12.477908,0.8127373,4.159302,0.26772523,7.773593
Madagascar,MDG,1988,3.4252503,12.35195,0.84196097,4.4394307,0.26789668,8.400474
Madagascar,MDG,1989,3.188037,12.110711,0.73717374,4.499632,0.27763686,7.8408475
Madagascar,MDG,1990,3.4286566,11.837484,0.7470257,4.472577,0.27774033,7.958698
Madagascar,MDG,1991,3.4099889,11.513502,0.7375538,4.4253225,0.2873586,7.2031226
Madagascar,MDG,1992,3.3340485,11.161397,0.73770607,4.387914,0.28741798,7.5590925
Madagascar,MDG,1993,3.334087,10.787879,0.7377146,4.359223,0.297002,7.6549864
Madagascar,MDG,1994,3.3045738,10.4405365,0.72796404,4.3198924,0.2969327,6.618726
Madagascar,MDG,1995,3.398847,10.005057,0.71806633,4.2605267,0.28722653,6.204093
Madagascar,MDG,1996,3.4729717,9.921409,0.6505842,4.563657,0.27745503,5.6639094
Madagascar,MDG,1997,3.5366516,9.7688055,0.6117451,4.51162,0.28675553,8.029155
Madagascar,MDG,1998,3.6093283,9.548488,0.56336075,3.2751312,0.28645465,6.6648445
Madagascar,MDG,1999,3.672543,9.243361,0.51510996,2.499237,0.2861722,6.906289
Madagascar,MDG,2000,3.8989913,8.951474,0.44805035,1.2869531,0.28598958,7.2164707
Madagascar,MDG,2001,3.9272342,6.9679813,0.49567035,1.1152582,0.3050279,6.0528975
Madagascar,MDG,2002,3.8240278,6.3606644,0.48634765,1.2397096,0.32423177,6.589534
Madagascar,MDG,2003,3.7215595,6.355278,0.5152929,1.3645717,0.3339861,6.469788
Madagascar,MDG,2004,3.6086183,6.1766562,0.53461015,1.4988177,0.32458472,6.358042
Madagascar,MDG,2005,3.503409,6.9877257,0.45821148,2.1383204,0.34365866,6.5772443
Madagascar,MDG,2006,3.4730594,6.802998,0.45798582,2.9196596,0.3625721,6.5644636
Madagascar,MDG,2007,3.38444,6.6258755,0.45761442,3.1174984,0.37181172,7.1216245
Madagascar,MDG,2008,3.333255,7.1998305,0.5904623,2.5904152,0.3238019,5.5808215
Madagascar,MDG,2009,3.291189,7.1055436,0.5802385,2.5397327,0.33292374,5.86897
Madagascar,MDG,2010,3.1799996,1.9199997,0.55999994,1.0699999,0.33999994,5.419999
Madagascar,MDG,2011,3.1499996,1.8599997,0.5599999,1.0599997,0.33999994,5.059999
Madagascar,MDG,2012,3.1099992,1.7999996,0.5499999,1.0499997,0.33999994,4.699999
Madagascar,MDG,2013,3.01,1.7699999,0.55,1.01,0.34,3.9699998
Madagascar,MDG,2014,2.9499993,1.6999996,0.51999986,0.9699998,0.3199999,3.479999
Madagascar,MDG,2015,3.0799994,1.6799997,0.53999996,0.9699999,0.31999993,4.2399993
Madagascar,MDG,2016,3.21,1.65,0.53,0.97,0.32,5.29
Madagascar,MDG,2017,3.139999,1.5999994,0.5199998,0.9599996,0.30999988,5.639998
Madagascar,MDG,2018,3.07,1.35,0.51,0.96,0.3,4.11
Madagascar,MDG,2019,3.029999,1.3299997,0.16999996,0.9499997,0.2899999,3.8499987
Madagascar,MDG,2020,3,1.17,0.16,0.93,0.29,3.47
Madagascar,MDG,2021,2.9699993,1.1599997,0.14999998,0.89999974,0.27999994,3.849999
Madagascar,MDG,2022,2.9499998,0.78999996,0.18999998,0.87999994,0.27,3.7599998
Madagascar,MDG,2023,2.9099994,0.95999974,0.18999995,1.0099998,0.26999995,3.6699991
Malawi,MWI,1961,0.6115957,1.1261126,0.59217995,1.1164048,0,3.8249
Malawi,MWI,1962,0.6405259,1.2131171,0.5337716,1.1354777,0,5.0950923
Malawi,MWI,1963,0.6596876,1.3387778,0.47536314,1.3387778,0,5.5394354
Malawi,MWI,1964,0.6692327,1.3190674,0.5043493,1.3578634,0,5.2762694
Malawi,MWI,1965,0.69852775,1.3000377,0.47538695,1.2709323,0,8.25621
Malawi,MWI,1966,0.7278589,1.3489652,0.4755345,1.2033933,0,7.7153044
Malawi,MWI,1967,0.7474498,1.6016781,0.61154985,1.3492925,0.00970714,6.901777
Malawi,MWI,1968,0.7481702,1.661521,0.62185574,1.370026,0,7.530285
Malawi,MWI,1969,1.217325,1.6945163,0.57457733,1.6263461,0,8.453105
Malawi,MWI,1970,1.2806139,1.7791737,0.547438,1.3197167,0,9.971193
Malawi,MWI,1971,1.2177022,1.6497899,0.54993004,1.2569828,0.009820178,12.402885
Malawi,MWI,1972,1.233978,1.5992355,0.53307855,1.4314146,0.029615473,13.968631
Malawi,MWI,1973,1.2804782,1.6477472,0.47645703,1.3797401,0.019852376,13.400354
Malawi,MWI,1974,1.3071101,1.7660953,0.52883077,1.3669777,0,13.420328
Malawi,MWI,1975,1.3331767,1.7942754,0.5412898,1.1727946,0.010023885,12.45969
Malawi,MWI,1976,1.368897,1.6507287,0.55359805,1.3890278,0,13.457465
Malawi,MWI,1977,1.4233108,1.8573701,0.59556973,1.2718947,0,11.628753
Malawi,MWI,1978,1.442765,1.8463358,0.55490965,1.402408,0,11.370604
Malawi,MWI,1979,1.4759129,1.8172805,0.44176984,1.1546258,0,9.508092
Malawi,MWI,1980,1.4334433,1.9311666,0.42804208,1.2642173,0,9.406971
Malawi,MWI,1981,1.4053212,2.564957,0.44223395,1.2677374,0,7.2821193
Malawi,MWI,1982,1.3739398,2.660799,0.46443036,1.1707516,0,8.069478
Malawi,MWI,1983,1.3363289,2.1667619,0.40089867,1.202696,0,9.22067
Malawi,MWI,1984,1.3094623,2.0875487,0.43648747,1.0153078,0,8.786682
Malawi,MWI,1985,1.2870203,1.3632882,0.46714073,0.9724153,0,8.103461
Malawi,MWI,1986,1.2704861,2.0463555,0.43642655,1.4256601,0,9.174656
Malawi,MWI,1987,1.22842,1.8770258,0.43240386,1.5035862,0,10.593894
Malawi,MWI,1988,1.2063042,1.8490072,0.4053973,1.1469777,0,8.978067
Malawi,MWI,1989,1.2204531,1.7165723,0.38697293,1.1212293,0,7.749381
Malawi,MWI,1990,1.1875725,1.7813586,0.35627174,1.0787116,0,7.7785993
Malawi,MWI,1991,1.3146507,1.7463268,0.34337887,1.1282449,0,6.484956
Malawi,MWI,1992,1.1747296,1.6946918,0.36589935,1.3384213,0,6.8654275
Malawi,MWI,1993,1.2389407,1.7345171,0.3716822,1.0769254,0.009530313,6.6235676
Malawi,MWI,1994,1.2987517,1.482903,0.3392262,1.1339847,0,5.795922
Malawi,MWI,1995,1.3546951,1.4823112,0.33376545,1.5313944,0.009816631,5.310797
Malawi,MWI,1996,1.3828647,2.1772764,0.47076246,1.3926723,0,6.1787577
Malawi,MWI,1997,1.3987532,1.1426435,0.5713217,1.8223193,0,5.4374065
Malawi,MWI,1998,1.4077803,1.3284688,0.5650949,1.8043382,0,3.866439
Malawi,MWI,1999,1.4155254,1.3158407,0.5781724,1.8441706,0,4.286451
Malawi,MWI,2000,1.3506029,1.5406877,0.78034824,1.8808395,0,4.7821345
Malawi,MWI,2001,1.3935901,1.6843392,0.9324021,1.7244425,0,3.5992723
Malawi,MWI,2002,0.80313504,1.867289,0.84329176,1.1043108,0,3.5639117
Malawi,MWI,2003,0.92433697,1.8687682,0.8439598,1.0850912,0,4.5413074
Malawi,MWI,2004,1.2668806,1.769611,1.0557338,0.9149693,0,4.695502
Malawi,MWI,2005,1.2482054,1.6609185,0.84555846,0.9462202,0,4.7612996
Malawi,MWI,2006,0.8469562,1.824989,1.1595234,1.2805171,0,5.8883624
Malawi,MWI,2007,1.0101393,1.9697719,1.333384,1.8485552,0,5.3032317
Malawi,MWI,2008,1.3656077,2.063585,1.4667639,2.4378626,0,5.684974
Malawi,MWI,2009,1.4880958,2.0954816,1.5589573,2.925576,0,5.2437654
Malawi,MWI,2010,1.6099993,2.179999,1.6699992,2.1499991,0,7.099997
Malawi,MWI,2011,3.6599984,2.239999,1.8999991,2.899999,0,5.7699976
Malawi,MWI,2012,4.7400007,2.2800004,1.9700004,4.2400007,0,8.360002
Malawi,MWI,2013,4.5200014,1.9100004,2.0800004,4.420001,0,7.420002
Malawi,MWI,2014,4.6800013,2.5400007,2.2500007,6.1800017,0,7.6300025
Malawi,MWI,2015,5.770001,2.5500004,2.4100006,7.4500012,0,8.930002
Malawi,MWI,2016,4.69,2.55,2.63,9.29,0,9.56
Malawi,MWI,2017,7.2200027,2.6000009,2.680001,10.400003,0,12.000005
Malawi,MWI,2018,10.309998,2.6099992,2.869999,10.259997,0,12.069996
Malawi,MWI,2019,5.5400004,2.9000003,2.6800003,14.200002,0,9.690001
Malawi,MWI,2020,5.3200016,2.8900008,3.060001,17.930006,0,9.570003
Malawi,MWI,2021,7.1699986,3.0399992,3.2299993,15.519998,0,9.239998
Malawi,MWI,2022,6.6,3.22,3.49,16.3,0,9
Malawi,MWI,2023,4.66,3.23,2.91,17.43,0,8.77
Malaysia,MYS,1961,3.6134102,2.3125825,0.4232852,6.9067755,0.34069297,21.122963
Malaysia,MYS,1962,3.8460658,2.099744,0.4157909,7.328315,0.32223794,22.4735
Malaysia,MYS,1963,4.2786794,2.1236477,0.41845274,6.66386,0.3870688,24.51087
Malaysia,MYS,1964,4.723229,2.1459658,0.43129706,6.5956893,0.56804985,22.448486
Malaysia,MYS,1965,5.1673093,2.1662545,0.4121167,6.646703,0.6762941,21.25043
Malaysia,MYS,1966,5.598066,2.1098769,0.42409587,6.9021606,0.6255414,24.777802
Malaysia,MYS,1967,6.041392,2.010252,0.38290516,6.5306597,0.6169027,27.983982
Malaysia,MYS,1968,6.497481,1.8350849,0.37341842,6.166739,0.544124,30.332247
Malaysia,MYS,1969,6.9417315,1.8076314,0.6524586,6.8240757,0.5561942,27.884584
Malaysia,MYS,1970,7.352117,1.8112358,0.4072601,6.9984436,0.23578216,25.207258
Malaysia,MYS,1971,7.4021254,1.898806,0.40765327,6.7155514,0.33255926,26.486736
Malaysia,MYS,1972,7.4490585,1.9964336,0.42934057,7.159254,0.46154112,24.075272
Malaysia,MYS,1973,7.9456663,1.503234,0.25769728,6.8719273,0.36507115,30.805563
Malaysia,MYS,1974,8.503414,1.8037546,0.25767922,7.2150183,0.27915248,37.223907
Malaysia,MYS,1975,9.938108,1.7922937,0.32196894,9.938108,0.25757515,32.046642
Malaysia,MYS,1976,9.983411,1.9194741,0.39676282,10.78766,0.25735965,35.193935
Malaysia,MYS,1977,9.597462,2.0030415,0.4284581,9.693865,0.17138323,46.691223
Malaysia,MYS,1978,9.940956,2.7286801,0.2889191,9.652038,0.27821836,46.526672
Malaysia,MYS,1979,10.223283,2.3205569,0.2887329,9.560266,0.34220192,47.191784
Malaysia,MYS,1980,10.740415,2.4720001,0.51144826,10.516656,0.5221035,45.774624
Malaysia,MYS,1981,10.889615,2.4869382,0.29631606,10.836701,0.47622225,45.283447
Malaysia,MYS,1982,12.38566,2.6705923,0.30491015,9.778153,0.83061737,47.650097
Malaysia,MYS,1983,13.060943,2.3927646,0.39705265,10.156189,0.86724657,45.243103
Malaysia,MYS,1984,14.118524,2.8465602,0.42594513,9.734405,0.71683455,50.88486
Malaysia,MYS,1985,15.937366,3.0903194,0.42375615,10.149477,0.5787889,46.33412
Malaysia,MYS,1986,16.345078,2.7996607,0.4117148,10.179648,0.555815,47.4913
Malaysia,MYS,1987,18.256989,2.91455,0.4207625,10.806413,0.62601256,47.033043
Malaysia,MYS,1988,18.403708,3.1031294,0.43013674,10.23111,0.010241351,44.160706
Malaysia,MYS,1989,18.765429,3.5076523,0.39882925,11.821709,0.010226391,47.685665
Malaysia,MYS,1990,20.689238,3.6252117,0.42889827,13.193728,0.010211864,48.536987
Malaysia,MYS,1991,24.61349,3.9985447,0.43861586,13.056472,0.020400736,48.512955
Malaysia,MYS,1992,28.387547,4.0072937,0.5098338,13.694137,0.010196676,51.697147
Malaysia,MYS,1993,31.933237,4.088515,0.4690067,13.937655,0.020391595,50.724094
Malaysia,MYS,1994,32.970722,4.404252,0.48936132,14.640059,0.020390056,52.881607
Malaysia,MYS,1995,33.19164,4.8523407,0.5606696,14.281783,0.010193992,57.412563
Malaysia,MYS,1996,33.322495,5.3430185,0.71376204,13.643052,0.020393202,55.76521
Malaysia,MYS,1997,33.675247,5.172176,0.62229335,13.353803,0.02040306,59.974796
Malaysia,MYS,1998,33.45079,4.5308576,0.6122781,11.970036,0.051023174,56.839813
Malaysia,MYS,1999,33.605858,4.9087205,0.63272494,7.3273625,0.01020524,64.03789
Malaysia,MYS,2000,32.06035,5.679903,0.62203604,7.2298946,0.010197312,64.02892
Malaysia,MYS,2001,32.90945,5.593386,0.7118855,8.217193,0.010169793,60.71367
Malaysia,MYS,2002,33.3151,5.723026,0.6280135,8.417407,0.020258497,63.206516
Malaysia,MYS,2003,33.79703,5.7084813,0.5244541,8.31058,0.010085656,59.101944
Malaysia,MYS,2004,34.20595,6.8391814,0.68291384,8.295395,0.010042851,53.97028
Malaysia,MYS,2005,35.18943,6.5217476,0.6401715,7.9321256,0.01000268,53.984467
Malaysia,MYS,2006,36.59364,6.1587334,0.67766,8.38106,0.009965588,54.37225
Malaysia,MYS,2007,36.767178,5.9192967,0.73494625,7.577892,0.009931706,56.292908
Malaysia,MYS,2008,35.917362,5.2088594,0.72290254,7.2587333,0.009902774,57.396477
Malaysia,MYS,2009,38.13065,5.572865,0.7311915,7.5391774,0.0098809665,59.09806
Malaysia,MYS,2010,44.80001,6.650002,0.85000026,8.700002,0.010000003,60.010014
Malaysia,MYS,2011,45.56001,7.1100016,0.72000015,7.9000015,0.010000002,55.27001
Malaysia,MYS,2012,47.109993,7.2899985,0.8499999,7.6399984,0.009999998,59.599987
Malaysia,MYS,2013,48.939983,7.8799977,0.9999997,7.5999975,0.009999997,58.25998
Malaysia,MYS,2014,51.98001,7.890002,1.1700002,7.610002,0.010000003,56.190014
Malaysia,MYS,2015,53.06001,8.560001,1.2300003,7.8800015,0.010000002,56.460007
Malaysia,MYS,2016,56.219997,7.9799995,1.2099999,7.0399995,0.009999999,56.259995
Malaysia,MYS,2017,52.259995,7.5499997,1.33,7.5999994,0.01,55.689995
Malaysia,MYS,2018,51.050007,7.6500015,1.2300003,7.8100014,0.010000002,53.930008
Malaysia,MYS,2019,50.33002,7.240002,1.0600003,7.450002,0.020000007,52.46002
Malaysia,MYS,2020,51.090008,7.460001,1.2300001,7.090001,0.020000001,49.90001
Malaysia,MYS,2021,49.43999,7.099999,0.9599998,6.459999,0.009999998,52.289993
Malaysia,MYS,2022,49.979992,8.759998,1.3499998,6.859999,0.009999998,51.659992
Malaysia,MYS,2023,51.90001,8.750002,1.1700002,7.2400007,0.020000003,51.030006
Maldives,MDV,1961,0,0,0,0,4.2840023,12.842271
Maldives,MDV,1962,0,0,0,0,4.2773204,16.697247
Maldives,MDV,1963,0,0,0,0,4.280305,16.290565
Maldives,MDV,1964,0,0,0,0,4.267877,19.864313
Maldives,MDV,1965,0,0,0,0,4.229513,69.156425
Maldives,MDV,1966,0,0,0,0,4.149344,68.18149
Maldives,MDV,1967,0,0,0,0,4.0876822,76.41328
Maldives,MDV,1968,0,0,0,0,4.0467906,70.63743
Maldives,MDV,1969,0,0,0,0,4.0100017,75.26179
Maldives,MDV,1970,0,0,0,0,3.9776049,109.078865
Maldives,MDV,1971,0,0,0,0,3.9750655,84.1265
Maldives,MDV,1972,0,0,0,0,3.9679646,84.40773
Maldives,MDV,1973,0,0,0,0,3.967519,93.97885
Maldives,MDV,1974,0,0,0,0,3.956286,96.04516
Maldives,MDV,1975,0,0,0,0,3.9122994,90.862686
Maldives,MDV,1976,0,0,0,0,3.9003925,98.080376
Maldives,MDV,1977,0,0,0,0,3.8503911,75.92373
Maldives,MDV,1978,0,0,0,0,3.8143294,93.105156
Maldives,MDV,1979,0,0,0,0,3.7132418,76.0326
Maldives,MDV,1980,0,0,0,0,3.606076,82.75291
Maldives,MDV,1981,0,0,0,0,3.5730548,94.568726
Maldives,MDV,1982,0,0,0,0,4.1453247,92.36123
Maldives,MDV,1983,0,0,0,0,4.1809525,119.44351
Maldives,MDV,1984,0,0,0,0,4.227738,139.95734
Maldives,MDV,1985,0,0,0,0,4.1699004,145.40471
Maldives,MDV,1986,0,0,0,0,3.8395727,121.26489
Maldives,MDV,1987,0,0,0,0,3.8151903,117.55615
Maldives,MDV,1988,0,0,0,0,3.6865513,136.90292
Maldives,MDV,1989,3.2018516,1.986691,0.086797185,0.48220658,3.5490406,97.50217
Maldives,MDV,1990,1.7393625,0.91292506,0,0.13453633,3.555603,88.98617
Maldives,MDV,1991,1.0342953,2.049437,0,0.39264914,3.5817263,91.55429
Maldives,MDV,1992,1.0035253,1.3667059,0,0.33450845,3.68915,131.52872
Maldives,MDV,1993,3.4016488,2.111698,0.09555194,0.62108755,3.3443177,156.87717
Maldives,MDV,1994,4.1924644,3.0395367,0.1333966,0.62886965,3.430198,173.55849
Maldives,MDV,1995,4.0473776,2.758708,0.17182265,0.59183353,3.5128186,142.81326
Maldives,MDV,1996,3.0519452,2.5161805,0.17221007,0.70797473,2.994542,148.24416
Maldives,MDV,1997,4.1405845,2.6679516,0.25818887,1.0614431,3.1556416,149.61568
Maldives,MDV,1998,4.226829,4.8224277,0.29779932,0.893398,3.2085474,162.60803
Maldives,MDV,1999,4.1191974,3.522491,0.3657231,0.9913021,3.5032425,174.42104
Maldives,MDV,2000,5.8563957,3.2524774,0.38719973,1.0551193,3.0782378,176.96964
Maldives,MDV,2001,6.6694098,2.6076617,0.35867465,0.84337014,3.208684,177.92201
Maldives,MDV,2002,8.064061,2.7268362,0.54342645,0.9121801,2.852989,183.62962
Maldives,MDV,2003,10.772183,3.0014467,0.45653075,1.0101957,2.816892,134.628
Maldives,MDV,2004,11.178903,3.6258526,0.6707341,0.8845914,3.246742,124.056656
Maldives,MDV,2005,12.418734,2.8202293,0.60294557,0.6612951,2.158934,162.74667
Maldives,MDV,2006,11.304602,4.7496705,0.7819579,0.89780354,2.3072586,105.9022
Maldives,MDV,2007,10.89664,4.6415133,0.6644293,0.9491847,2.7146683,133.82556
Maldives,MDV,2008,10.554528,5.1371593,0.88732755,1.0087514,2.5405588,126.68236
Maldives,MDV,2009,10.428331,4.5664144,0.5972172,1.1117429,2.4439967,145.44536
Maldives,MDV,2010,12.699577,6.1197963,0.6399787,0.9099698,0.17999403,173.32423
Maldives,MDV,2011,13.069546,7.0397553,0.6599771,0.9599666,0.10999618,169.75409
Maldives,MDV,2012,13.069966,7.059982,0.65999836,0.9699975,0.10999972,164.72957
Maldives,MDV,2013,13.619761,8.619849,0.66998833,0.9199839,0.12999773,160.7472
Maldives,MDV,2014,13.949899,7.419946,0.73999465,1.0099926,0.14999892,154.25888
Maldives,MDV,2015,15.009474,10.579629,0.93996704,0.89996845,0.12999544,145.4949
Maldives,MDV,2016,17.00977,8.8598795,3.1199577,0.93998724,0.23999675,137.33813
Maldives,MDV,2017,15.709761,8.579869,1.579976,1.0299842,0.17999727,98.04851
Maldives,MDV,2018,16.009798,10.119872,1.2199845,0.9999873,0.15999797,96.63878
Maldives,MDV,2019,16.029772,9.72986,1.1499835,1.179983,0.18999727,85.98876
Maldives,MDV,2020,14.969791,7.8898897,0.7399897,0.4499937,0.15999776,83.52883
Maldives,MDV,2021,18.159544,11.839703,1.3199669,0.6999824,1.7299565,81.25796
Maldives,MDV,2022,20.439766,14.79983,1.7699797,0.82999045,0.18999782,80.01908
Maldives,MDV,2023,17.499367,9.059673,2.0399263,0.81997037,0.19999278,79.737114
Mali,MLI,1961,1.4660156,5.3002105,4.0879283,0.056385215,2.1802282,8.298024
Mali,MLI,1962,1.515496,5.631658,4.013258,0.10290405,2.1703398,10.159436
Mali,MLI,1963,1.5556601,5.5705676,4.4899893,0.10246863,2.3474631,9.743835
Mali,MLI,1964,1.6049688,5.8725157,4.731411,0.14843641,2.3471508,9.073176
Mali,MLI,1965,1.654112,6.237573,4.916132,0.13861275,2.6798463,8.945142
Mali,MLI,1966,1.5562224,6.8510623,4.8620443,0.12891783,2.6796494,10.525221
Mali,MLI,1967,1.5787724,7.3431273,4.956611,0.13768364,2.817925,10.51903
Mali,MLI,1968,1.6470197,7.2102866,5.3711143,0.15555187,2.982936,10.632427
Mali,MLI,1969,1.7522643,7.6296506,5.5123315,0.1642748,3.0208306,10.860388
Mali,MLI,1970,1.8396182,7.267403,5.4277844,0.1639264,3.1237082,10.755392
Mali,MLI,1971,1.9191306,6.8306503,4.8296604,0.1546219,3.2288692,10.941773
Mali,MLI,1972,1.7178029,5.789632,3.5355837,0.12724465,3.126583,10.797618
Mali,MLI,1973,1.5072348,4.8576546,2.5241644,0.08171755,3.0507884,12.103277
Mali,MLI,1974,1.5870156,5.3505096,3.1468253,0.090686604,3.1105506,10.918667
Mali,MLI,1975,1.6298622,5.858449,4.3010254,0.090547904,3.1601217,9.851612
Mali,MLI,1976,1.554948,6.0118628,4.945096,0.12656553,3.20934,9.555697
Mali,MLI,1977,1.4702443,5.9350963,5.384882,0.16235827,3.256185,9.651297
Mali,MLI,1978,1.583102,5.9456277,6.179495,0.17989796,3.3101225,9.885392
Mali,MLI,1979,1.4619732,5.184175,6.1618133,0.18835238,3.291682,10.843716
Mali,MLI,1980,1.4667509,4.910038,6.457281,0.20570287,3.20181,10.866477
Mali,MLI,1981,1.5886984,5.7746506,6.140587,0.22313179,3.123845,9.264432
Mali,MLI,1982,1.7643224,5.8008785,5.925628,0.1871251,3.0385554,8.901809
Mali,MLI,1983,1.9122648,5.5589094,5.452178,0.21346211,2.86395,7.533434
Mali,MLI,1984,2.102182,6.9984035,4.0890546,0.20400923,2.7408197,6.5549054
Mali,MLI,1985,2.3873804,6.472453,3.7225447,0.22105372,2.6614869,6.3575053
Mali,MLI,1986,2.625013,7.3465133,3.8230057,0.19379291,2.6162043,6.9853535
Mali,MLI,1987,2.6049008,7.0955048,3.8064883,0.22803846,2.5259647,6.718364
Mali,MLI,1988,2.6105804,7.508693,4.2170916,0.20954491,2.5494633,6.373658
Mali,MLI,1989,2.5912943,7.6956224,4.608678,0.1913036,2.4434688,7.9564905
Mali,MLI,1990,2.576918,7.904283,5.032365,0.19955929,2.4207408,7.921636
Mali,MLI,1991,2.5615501,7.945147,4.3763433,0.22576374,2.3010538,7.5283527
Mali,MLI,1992,2.5526025,5.645346,4.0597706,0.19166298,2.3348038,7.3354654
Mali,MLI,1993,2.5198708,5.363475,4.156037,0.18374057,2.511121,6.8246503
Mali,MLI,1994,2.4079037,5.9933953,4.060042,0.17575939,2.6451788,6.3273377
Mali,MLI,1995,2.5152404,5.312894,4.4215283,0.17650811,2.682923,13.149854
Mali,MLI,1996,2.4722497,5.236916,4.4748607,0.16836108,2.738083,9.756083
Mali,MLI,1997,2.444043,6.6300216,4.585913,0.16886114,2.8262024,8.922978
Mali,MLI,1998,2.641553,6.759529,4.9540234,0.16898823,2.8372235,8.627294
Mali,MLI,1999,2.6036801,6.531416,5.3495407,0.16883932,2.8080647,8.424193
Mali,MLI,2000,2.5298998,4.873386,5.681179,0.16866,2.9471116,8.876842
Mali,MLI,2001,2.2877913,5.621937,5.932296,0.19508298,3.1479297,7.927462
Mali,MLI,2002,2.648115,6.9701214,5.9870424,0.19484457,2.603832,8.103763
Mali,MLI,2003,2.662383,7.412216,6.430407,0.18574765,2.6800735,8.340955
Mali,MLI,2004,2.6674824,5.891426,6.4655533,0.1943199,2.7646422,8.2056
Mali,MLI,2005,2.5666013,7.955582,6.147495,0.17639871,2.5666013,8.2731
Mali,MLI,2006,2.4581263,7.56821,6.4580884,0.17620978,1.9647391,8.237807
Mali,MLI,2007,2.3589852,7.6490974,6.6808577,0.16724148,2.394194,7.4906583
Mali,MLI,2008,2.6468072,8.503198,6.498307,0.1670742,2.5852537,7.4743724
Mali,MLI,2009,2.6352828,8.933608,6.8780875,0.16690123,2.6177142,7.2382426
Mali,MLI,2010,2.6587725,9.02814,7.430928,0.16556458,2.6490333,7.4017105
Mali,MLI,2011,2.5517004,9.09652,7.596666,0.16556835,2.6685724,7.67458
Mali,MLI,2012,2.5126967,9.972875,7.411482,0.15582617,2.6782622,5.3078284
Mali,MLI,2013,2.6587636,9.203412,7.4114256,0.13634685,2.6003294,6.7978644
Mali,MLI,2014,2.6590307,8.970576,7.3829494,0.15584062,2.6395507,5.990124
Mali,MLI,2015,2.415961,8.660441,7.2965918,0.11690134,2.7082143,6.2737055
Mali,MLI,2016,2.8939848,9.178902,7.483435,0.12667273,2.7185917,7.980382
Mali,MLI,2017,2.7583442,9.220472,7.914401,0.1364552,2.6511295,8.723386
Mali,MLI,2018,2.2233703,9.020252,7.820803,0.13652274,2.437906,8.113351
Mali,MLI,2019,2.284357,4.0806036,2.4015038,0.06833547,1.7279112,8.766464
Mali,MLI,2020,2.609773,3.313532,0.97744304,0.048872154,1.4954878,9.031573
Mali,MLI,2021,2.4851289,2.5340488,0.8609896,0.06848781,1.5067317,8.903415
Mali,MLI,2022,2.497055,2.6635253,0.8225593,0.058754236,1.4492712,8.636872
Malta,MLT,1961,2.942165,16.565052,1.6177177,8.97786,0.3216515,10.122561
Malta,MLT,1962,3.2568934,16.529915,1.3877198,6.419384,0.4153719,9.685718
Malta,MLT,1963,3.4589088,18.225065,1.5884663,8.816458,0.5169565,10.310932
Malta,MLT,1964,3.8875406,16.693005,2.0421298,7.943697,0.9554919,9.732903
Malta,MLT,1965,3.6662931,18.17206,1.9784853,7.35134,0.33756152,8.242126
Malta,MLT,1966,3.664367,18.086939,1.6348714,8.465628,0.3100618,8.597168
Malta,MLT,1967,3.7231796,20.657032,1.7481935,9.175653,0.3590884,10.18677
Malta,MLT,1968,6.193994,21.231165,1.8949662,9.201428,0.58451694,8.343509
Malta,MLT,1969,6.170211,23.037333,1.6716857,11.344923,0.5728811,9.241229
Malta,MLT,1970,6.46454,21.255333,1.5155652,13.284583,0.96360004,10.72122
Malta,MLT,1971,8.172472,21.582035,2.106019,13.027497,3.0099297,10.259853
Malta,MLT,1972,7.629246,20.595253,1.5963873,12.102843,4.557129,11.4345875
Malta,MLT,1973,10.220294,17.575949,1.219782,13.537731,0.37887165,11.236779
Malta,MLT,1974,7.4727306,17.288761,0.8764313,14.760948,1.245455,14.290443
Malta,MLT,1975,8.654643,21.290237,1.1545682,11.333241,0.4987735,11.314768
Malta,MLT,1976,8.756095,29.134424,0.98320556,12.484857,0.23188812,12.18804
Malta,MLT,1977,9.968443,25.430273,1.1584696,15.359064,1.111757,14.649034
Malta,MLT,1978,9.975551,32.342678,0.8871351,13.316463,1.1230752,15.10961
Malta,MLT,1979,12.981928,17.19486,1.9063038,12.162218,11.0660925,15.688879
Malta,MLT,1980,11.52029,23.348557,0.6929498,15.591371,8.998723,24.455353
Malta,MLT,1981,12.836254,17.33526,0.65104395,14.361835,7.9777174,19.336977
Malta,MLT,1982,11.063513,24.069027,1.0788887,13.721502,8.434948,12.093361
Malta,MLT,1983,9.669161,20.031096,1.10844,15.181671,7.640319,11.648519
Malta,MLT,1984,9.225371,19.11968,0.85863847,16.473877,7.198585,11.901128
Malta,MLT,1985,9.3378,28.153969,0.9438206,21.717915,5.391826,16.938568
Malta,MLT,1986,9.331844,19.239979,1.2739029,20.847523,3.8419294,14.761098
Malta,MLT,1987,9.498505,25.9815,1.3482403,22.443638,5.43351,14.84078
Malta,MLT,1988,9.692492,23.50988,1.1074231,21.183277,4.947844,14.508258
Malta,MLT,1989,9.923052,27.754013,1.4452034,22.105505,6.228623,19.235453
Malta,MLT,1990,9.713573,24.951551,2.0079474,27.265278,1.1415743,15.727223
Malta,MLT,1991,9.69098,37.41312,1.5350021,30.526075,1.8113024,18.123257
Malta,MLT,1992,9.845759,32.498177,1.4138552,30.285189,1.6597431,22.642174
Malta,MLT,1993,9.991803,31.10385,1.9080857,28.549477,1.1489549,17.285616
Malta,MLT,1994,10.646058,22.309452,1.5927982,26.913155,1.0687163,22.443043
Malta,MLT,1995,11.605294,32.63281,1.575519,29.111061,0.9782634,26.155674
Malta,MLT,1996,15.337167,29.737635,1.4513694,28.852402,1.8425187,26.06289
Malta,MLT,1997,13.15841,28.852022,1.9193625,30.31977,3.5923898,29.016247
Malta,MLT,1998,12.72176,25.279367,1.7235932,30.501444,3.5703003,29.270308
Malta,MLT,1999,13.7073345,29.613981,1.8310543,29.900402,3.5905032,31.230219
Malta,MLT,2000,15.3750515,27.209862,1.8772459,28.352535,3.6320627,28.883059
Malta,MLT,2001,17.546501,16.713854,2.4674768,33.935417,4.1327696,29.80265
Malta,MLT,2002,18.82334,21.45173,1.5871451,29.256037,4.114446,29.124617
Malta,MLT,2003,20.53763,20.911041,2.119362,32.436337,3.5928237,30.478449
Malta,MLT,2004,23.635906,21.574926,1.306962,33.247105,3.9309397,30.653286
Malta,MLT,2005,21.617304,21.265884,1.7570962,32.882797,3.8656113,30.101566
Malta,MLT,2006,21.78028,21.489206,1.8267331,33.312786,4.255686,30.913944
Malta,MLT,2007,24.143663,20.799301,1.2754763,40.152397,4.951258,31.455053
Malta,MLT,2008,24.829784,20.609425,1.6379017,33.330795,5.1146746,31.411537
Malta,MLT,2009,25.683578,20.375975,1.4877377,31.926046,5.770009,31.574215
Malta,MLT,2010,22.729784,19.299816,1.3399873,31.449703,4.8899536,31.5797
Malta,MLT,2011,22.429737,19.359774,1.3499842,30.879637,5.039941,31.169634
Malta,MLT,2012,22.75968,19.459724,1.3599808,30.039577,5.109928,32.59954
Malta,MLT,2013,23.30962,19.69968,1.3799775,31.149492,5.269914,33.15946
Malta,MLT,2014,24.739202,25.579176,2.079933,37.748783,4.5798526,33.668915
Malta,MLT,2015,24.34011,20.810093,1.120005,31.22014,3.5000157,32.95015
Malta,MLT,2016,24.379677,19.179747,1.2299838,28.329626,3.489954,33.729553
Malta,MLT,2017,23.709898,19.939915,1.2699945,30.929867,3.6899843,33.479855
Malta,MLT,2018,23.68,18.28,1.18,28.49,3.5,33.28
Malta,MLT,2019,22.820135,18.37011,0.9600057,23.270138,0.7200043,31.830189
Malta,MLT,2020,25.309902,23.31991,0.85999674,24.02991,0.63999754,28.369892
Malta,MLT,2021,24.359861,17.4199,0.9599945,24.989857,0.72999585,31.60982
Malta,MLT,2022,25.499807,18.569859,0.8799933,23.509823,0.68999475,31.37976
Malta,MLT,2023,27.239796,18.209864,0.9599928,24.13982,1.2299908,31.099768
Marshall Islands,MHL,2019,48.69787,12.064517,0.49977288,20.840528,0.02998637,41.371197
Marshall Islands,MHL,2020,63.383286,13.154455,0.7596798,26.11899,0.13994102,41.112675
Marshall Islands,MHL,2021,70.60098,16.01342,0.9895933,30.507463,0.1399425,41.81282
Marshall Islands,MHL,2022,71.95487,12.645583,0.72974515,25.780996,0.21992318,43.164925
Marshall Islands,MHL,2023,74.173706,18.480957,1.0394914,31.524576,0.39980438,44.548203
Mauritania,MRT,1961,1.7009386,11.8857,15.95543,0,8.327294,13.357064
Mauritania,MRT,1962,1.7046522,12.183557,15.875227,0,8.418681,11.692032
Mauritania,MRT,1963,1.697199,12.3937435,15.830047,0,8.328847,12.760423
Mauritania,MRT,1964,1.6994048,13.228084,15.315624,0,8.465553,12.818968
Mauritania,MRT,1965,1.6885606,14.064346,15.113142,0,8.631586,9.040616
Mauritania,MRT,1966,1.7205405,14.20495,14.939327,0,8.686631,6.777251
Mauritania,MRT,1967,1.7500881,14.304612,14.943867,0,8.980991,8.163585
Mauritania,MRT,1968,1.7809168,14.289238,15.2216,0,10.475981,6.7674837
Mauritania,MRT,1969,1.7993876,10.147708,15.043716,0,9.467708,6.5593953
Mauritania,MRT,1970,1.8178148,9.872615,14.730569,0,9.47562,11.147175
Mauritania,MRT,1971,1.8365222,12.709569,14.160004,0,9.558264,11.0191345
Mauritania,MRT,1972,1.8452034,8.621374,12.582828,0,9.715986,10.74805
Mauritania,MRT,1973,1.7916667,6.8020835,12.458333,0,8.739584,11.84375
Mauritania,MRT,1974,1.7384149,6.5580926,10.8885145,0,7.9946265,9.837138
Mauritania,MRT,1975,1.7687608,7.92821,11.3928995,0.02080895,7.584862,8.146704
Mauritania,MRT,1976,1.8304607,8.434679,12.542816,0.031201035,7.488248,7.311443
Mauritania,MRT,1977,1.8721039,9.838946,12.740707,0.020801155,7.259603,7.623623
Mauritania,MRT,1978,1.8415312,11.20525,12.921931,0,7.199659,9.613417
Mauritania,MRT,1979,1.8627588,11.415902,12.8103695,0,7.107621,7.2012796
Mauritania,MRT,1980,1.8419913,11.645131,12.571331,0,8.367012,6.649901
Mauritania,MRT,1981,1.9882153,13.199252,11.419227,0,8.150641,8.619069
Mauritania,MRT,1982,1.9556452,11.921114,11.432202,0.010402367,7.728959,9.081266
Mauritania,MRT,1983,1.9239794,10.680686,10.826283,0,7.6127186,8.871104
Mauritania,MRT,1984,1.923056,9.604885,10.342922,0.020789795,7.5674853,9.750414
Mauritania,MRT,1985,1.9724342,10.080177,10.132083,0,7.453725,8.813666
Mauritania,MRT,1986,2.0317802,8.635066,10.055239,0,10.542452,9.225941
Mauritania,MRT,1987,2.028468,8.527844,9.7904625,0,10.483867,9.128105
Mauritania,MRT,1988,1.9935803,8.583758,9.606372,0,10.525691,8.098274
Mauritania,MRT,1989,2.0175676,8.660021,10.398232,0,10.718974,9.156652
Mauritania,MRT,1990,2.0427885,8.731106,10.535397,0,10.867219,7.2793784
Mauritania,MRT,1991,1.9984336,9.826494,10.561669,0,9.640113,8.470045
Mauritania,MRT,1992,1.9070821,8.745919,9.586677,0,8.848451,8.069213
Mauritania,MRT,1993,1.7832043,4.265506,9.301032,0.010131842,7.538091,8.054814
Mauritania,MRT,1994,1.8039558,4.1521215,9.342275,0,8.626739,7.911203
Mauritania,MRT,1995,1.7060615,4.1591554,9.156199,0,8.590878,6.854531
Mauritania,MRT,1996,1.6922449,4.32236,10.816094,0,8.247146,6.860728
Mauritania,MRT,1997,1.6634568,5.1854672,10.945956,0,8.183797,9.559743
Mauritania,MRT,1998,1.6590225,5.4613786,12.004727,0,8.047805,7.501667
Mauritania,MRT,1999,2.0575678,5.5213127,12.810686,0,6.9274893,7.434127
Mauritania,MRT,2000,2.6318927,8.030381,13.086931,0,8.185808,9.294519
Mauritania,MRT,2001,2.8339617,8.210154,13.440479,0,8.35602,8.929063
Mauritania,MRT,2002,3.6137686,8.015423,13.908807,0.010505141,8.572195,10.326554
Mauritania,MRT,2003,3.7047875,8.214044,13.707714,0,8.732714,10.468672
Mauritania,MRT,2004,2.971219,8.370531,13.695296,0,8.711316,10.819923
Mauritania,MRT,2005,2.9543324,8.167231,13.369424,0,8.670323,10.468612
Mauritania,MRT,2006,2.3852599,7.961611,13.3338175,0.2363771,7.961611,9.057541
Mauritania,MRT,2007,3.4881904,6.373484,12.768499,0.04306408,7.7515345,11.056704
Mauritania,MRT,2008,3.0646257,6.301301,11.785368,0.04301229,7.2583246,8.408903
Mauritania,MRT,2009,4.0893006,7.3222036,11.507849,0.010704976,7.1509237,9.506019
Mauritania,MRT,2010,4.7899885,7.649982,12.91997,0,7.169983,8.7699795
Mauritania,MRT,2011,4.839996,7.7099934,12.91999,0,7.189994,8.809993
Mauritania,MRT,2012,4.9799933,7.31999,12.309983,0,7.13999,9.419987
Mauritania,MRT,2013,5.109995,7.0899925,12.609986,0.019999979,7.2699924,9.28999
Mauritania,MRT,2014,5.2699986,7.229998,13.049996,0.009999997,7.109998,8.959998
Mauritania,MRT,2015,5.2900014,7.230002,13.060003,0,7.120002,8.730001
Mauritania,MRT,2016,5.270006,7.1200085,12.860015,0,7.050009,8.630011
Mauritania,MRT,2017,5.229996,7.1499953,12.929992,0,6.4899955,9.319993
Mauritania,MRT,2018,5.2200055,7.1100082,12.820014,0.010000011,6.3800073,7.4600086
Mauritania,MRT,2019,6.1499944,6.5099945,12.399988,0,6.429994,8.539992
Mauritania,MRT,2020,5.939992,6.769991,12.449984,0.009999987,5.439993,8.299989
Mauritania,MRT,2021,7.079994,6.649995,12.37999,0.009999991,6.1999946,8.059994
Mauritania,MRT,2022,10.859991,6.609995,12.659989,0,6.359995,7.8299937
Mauritania,MRT,2023,11.309996,6.339998,12.569995,0,6.3099976,7.5999966
Mauritius,MUS,1961,0.6863211,4.0689034,0.8431945,0.7451486,0.078436695,10.686999
Mauritius,MUS,1962,0.7323585,4.067559,0.91049975,0.78184223,0.07917389,12.054225
Mauritius,MUS,1963,0.7166447,4.3595886,0.98538643,0.77636504,0.079627186,10.759624
Mauritius,MUS,1964,0.8393773,4.3867455,1.1891179,0.8293847,0.06994811,12.490734
Mauritius,MUS,1965,0.87038374,3.9117248,1.0104455,0.89039254,0.070030876,11.825213
Mauritius,MUS,1966,0.8615082,3.3158047,1.1219642,1.1419992,0.2404209,11.059361
Mauritius,MUS,1967,0.78073597,3.6434348,1.2912172,1.2211512,0.23021702,11.310662
Mauritius,MUS,1968,0.79971176,3.4987388,0.9696505,1.1795747,0.21992072,10.2962885
Mauritius,MUS,1969,0.85921794,3.1571264,1.1589451,1.1489542,0.20980902,10.150761
Mauritius,MUS,1970,0.98796666,3.2632837,1.4769603,1.2274737,0.22952761,10.358681
Mauritius,MUS,1971,0.97869974,3.0060062,1.4480761,1.1285007,0.20972136,10.26636
Mauritius,MUS,1972,1.1977367,2.585115,2.01619,1.4871897,0.2595096,12.775858
Mauritius,MUS,1973,1.2897718,1.8296764,1.3097683,1.7296941,0.42992395,13.857549
Mauritius,MUS,1974,2.4642859,2.2939897,1.28223,1.6829269,0.7212544,18.041378
Mauritius,MUS,1975,2.8326037,3.4955537,2.13952,1.4263465,0.5323688,14.836014
Mauritius,MUS,1976,2.8826993,4.596192,2.1267467,1.3506354,0.39309534,17.316355
Mauritius,MUS,1977,3.5175679,6.2163916,3.0930338,1.506085,0.5660454,20.10472
Mauritius,MUS,1978,3.973859,7.461123,2.64586,1.845006,0.5676941,19.696959
Mauritius,MUS,1979,7.101379,7.7709374,1.9478068,1.4405655,0.31448963,18.341848
Mauritius,MUS,1980,6.155052,6.549866,2.0044413,1.0022206,0.344197,17.068123
Mauritius,MUS,1981,6.135065,5.1159177,1.7557588,0.8778794,0.36326045,18.808817
Mauritius,MUS,1982,6.143488,5.3793225,1.7897558,0.91498756,0.42230195,15.755885
Mauritius,MUS,1983,6.5005736,4.45725,2.1334705,0.9815967,0.410668,14.02281
Mauritius,MUS,1984,6.150189,4.934106,2.2826471,0.7874634,0.637945,14.573057
Mauritius,MUS,1985,5.85773,5.709057,2.3886852,0.7929246,0.5847818,13.013874
Mauritius,MUS,1986,6.6403747,6.7191925,2.6994996,0.8275838,0.5812791,14.45316
Mauritius,MUS,1987,7.3983345,7.1729546,4.801568,1.2640862,0.62714356,15.090641
Mauritius,MUS,1988,9.779192,6.80546,3.197981,1.2382427,0.6239963,15.697408
Mauritius,MUS,1989,11.198967,6.668829,2.7414136,1.2540509,0.69021404,17.041483
Mauritius,MUS,1990,13.992304,8.727008,3.5683768,1.5320748,0.55271053,17.725525
Mauritius,MUS,1991,13.196899,8.074992,4.8798513,2.1494584,0.65839267,18.744825
Mauritius,MUS,1992,14.815626,8.10063,4.815805,1.6957061,0.9108364,21.569382
Mauritius,MUS,1993,15.552779,7.786085,4.1596894,2.055604,1.0568908,19.411884
Mauritius,MUS,1994,16.701853,8.278057,4.72199,2.5553157,1.0007509,17.595728
Mauritius,MUS,1995,16.888899,6.6192803,4.2246585,1.7716309,0.91501814,18.076475
Mauritius,MUS,1996,17.71849,6.1659174,4.617132,2.035824,0.91563386,17.85486
Mauritius,MUS,1997,18.03249,5.5979714,4.6812305,2.233337,0.78995764,19.495375
Mauritius,MUS,1998,16.08833,7.912453,4.234285,2.4000783,0.8975903,19.503075
Mauritius,MUS,1999,17.729187,7.6455903,4.476181,2.2624705,0.8776825,16.003078
Mauritius,MUS,2000,17.775507,8.405623,4.6167617,2.3668208,0.9253003,22.703947
Mauritius,MUS,2001,22.997576,6.7250633,4.6034083,2.3357675,0.9537717,19.18249
Mauritius,MUS,2002,24.376593,7.393618,3.9737055,2.487209,0.96185046,20.21829
Mauritius,MUS,2003,24.69855,7.454154,3.7900836,2.5396466,0.9596375,18.485138
Mauritius,MUS,2004,27.095629,7.9226418,4.0338726,2.370021,0.84159935,19.28907
Mauritius,MUS,2005,26.938082,7.8151317,3.9268622,2.4699674,0.7911614,18.920336
Mauritius,MUS,2006,28.552364,7.655693,3.851921,2.638566,0.8474226,19.259605
Mauritius,MUS,2007,31.568573,6.2176156,4.026555,2.8060956,0.8264528,18.941143
Mauritius,MUS,2008,33.17918,6.9083304,3.674848,2.7729273,0.796377,20.427551
Mauritius,MUS,2009,34.661724,6.226254,4.2020025,3.0891433,0.91139317,19.964308
Mauritius,MUS,2010,35.67,6.1,3.72,2.48,0.71,21
Mauritius,MUS,2011,35.93,6.44,3.78,3.04,0.73,21.32
Mauritius,MUS,2012,37.059887,6.1299815,3.849988,3.6699889,0.73999774,22.669931
Mauritius,MUS,2013,37.979763,6.129962,3.839976,3.7599766,0.74999535,23.059856
Mauritius,MUS,2014,37.779823,6.3899703,3.9299817,3.3399844,0.7699964,27.369873
Mauritius,MUS,2015,38.11991,6.7299848,3.949991,2.9299934,0.7799982,25.179943
Mauritius,MUS,2016,38.219795,6.4099655,3.9999785,2.809985,0.7699958,27.63985
Mauritius,MUS,2017,37.249886,6.5899796,4.0799875,2.839991,0.75999767,27.769915
Mauritius,MUS,2018,39.269817,6.7999682,4.4099793,4.019981,0.7599964,28.549866
Mauritius,MUS,2019,41.040035,6.660005,3.700003,4.1300035,0.7600006,29.110023
Mauritius,MUS,2020,39.909657,6.0999475,3.3299713,3.2799718,0.809993,29.17975
Mauritius,MUS,2021,41.60974,6.539959,2.7999825,3.5299778,0.7199955,29.259817
Mauritius,MUS,2022,46.409855,6.5799794,3.7599883,4.2899866,0.7099978,29.339909
Mauritius,MUS,2023,49.129963,7.5599937,2.8799977,4.2699966,0.7099994,29.399975
Mexico,MEX,1961,3.5733113,9.001793,0.7905556,11.141563,1.0856963,2.5824816
Mexico,MEX,1962,3.814723,10.411454,0.7587295,10.790819,0.9800256,2.4974844
Mexico,MEX,1963,3.8432205,10.339842,0.75811476,10.487253,0.95817274,3.064047
Mexico,MEX,1964,3.8807142,10.800796,0.7677294,10.201335,0.9570325,3.102468
Mexico,MEX,1965,4.085023,10.71137,0.7560968,9.913268,0.93461955,3.3499286
Mexico,MEX,1966,4.1092753,10.43043,0.7233163,9.633735,0.88055897,3.3125792
Mexico,MEX,1967,4.132765,10.462696,0.72192603,9.62568,0.8370157,3.9967499
Mexico,MEX,1968,4.136091,10.037333,0.6997933,9.358429,0.80424,3.9167533
Mexico,MEX,1969,4.1624436,9.754098,0.7615499,9.347242,0.7302533,3.6616986
Mexico,MEX,1970,4.317042,9.165894,0.7403623,9.426585,0.7090794,4.014641
Mexico,MEX,1971,4.45383,8.646896,0.75099707,9.6065035,0.75099707,4.422538
Mexico,MEX,1972,4.56135,8.318983,0.9080948,10.573565,0.7724025,4.4256573
Mexico,MEX,1973,4.8892283,7.9502196,0.87755376,11.5126705,0.6686124,4.6176047
Mexico,MEX,1974,5.16501,8.280745,0.8468943,12.546582,0.69006205,4.454037
Mexico,MEX,1975,5.2624383,9.583286,0.8265062,13.736742,0.7741957,4.812567
Mexico,MEX,1976,5.4749603,10.834769,0.8060649,14.959309,0.79559654,4.417654
Mexico,MEX,1977,5.676828,11.374603,0.79601276,16.1821,0.7645912,4.2419105
Mexico,MEX,1978,5.959825,10.840807,0.78556573,16.926323,0.67034936,7.3947916
Mexico,MEX,1979,6.28023,9.65062,0.7954958,17.77305,0.64895713,8.980729
Mexico,MEX,1980,6.617121,11.049442,0.7944727,18.58648,0.658576,10.54767
Mexico,MEX,1981,7.046279,12.244866,0.84555346,18.967539,0.8664313,14.082119
Mexico,MEX,1982,7.1922045,12.341406,0.8338788,19.387682,0.8651492,12.1016655
Mexico,MEX,1983,7.272505,13.150854,0.7595034,20.65225,0.8323325,9.623844
Mexico,MEX,1984,7.5409064,12.557791,0.7166977,19.797476,0.79979306,10.26228
Mexico,MEX,1985,8.341656,12.4606085,0.80926514,17.253946,0.9026419,9.970561
Mexico,MEX,1986,9.684445,16.268623,0.8606091,12.54623,0.8606091,10.078459
Mexico,MEX,1987,9.474822,16.275131,0.7878408,11.724315,0.89150405,10.791345
Mexico,MEX,1988,9.446012,16.258339,0.8398759,11.447197,1.0679903,11.042812
Mexico,MEX,1989,8.645764,14.82131,0.8614627,9.80822,1.1001812,11.022571
Mexico,MEX,1990,10.289309,14.093235,0.85224575,9.696894,1.1432565,12.82526
Mexico,MEX,1991,11.783822,15.739523,0.93687636,10.545064,1.1346614,12.012836
Mexico,MEX,1992,12.45526,16.210615,1.0118595,10.723625,1.1474696,11.2243395
Mexico,MEX,1993,14.387954,15.621803,1.0351799,10.592295,1.2233943,11.021005
Mexico,MEX,1994,15.31101,16.882984,1.0375018,11.422998,1.2470981,11.538278
Mexico,MEX,1995,16.640308,16.062883,0.9133796,10.750583,1.0498617,10.204656
Mexico,MEX,1996,16.233152,15.339489,0.85160977,10.2929125,1.019829,11.007845
Mexico,MEX,1997,18.578817,16.105152,0.92630935,10.568348,1.0105193,11.905181
Mexico,MEX,1998,20.23582,17.328438,1.0007304,11.187113,1.4326246,9.754488
Mexico,MEX,1999,21.450434,17.668163,1.0535576,11.610206,1.2958759,9.703266
Mexico,MEX,2000,22.507225,18.062653,1.1796018,12.512205,1.6008881,10.163533
Mexico,MEX,2001,23.48861,18.226824,1.2417814,12.765092,1.9363371,10.249958
Mexico,MEX,2002,24.750214,18.749207,1.2506478,12.968902,1.6605239,10.803915
Mexico,MEX,2003,25.687016,17.785742,1.2067021,12.9064665,1.16473,10.472075
Mexico,MEX,2004,26.62407,17.141668,1.3621129,13.579219,1.0373014,10.687347
Mexico,MEX,2005,28.600912,17.298687,1.1930128,13.332441,0.99417734,11.637107
Mexico,MEX,2006,29.008303,17.9172,1.1498786,13.328138,0.9199029,12.251434
Mexico,MEX,2007,29.09892,18.004175,1.1585295,13.43268,0.85585064,12.869071
Mexico,MEX,2008,29.509079,18.082514,1.1457814,13.936868,0.7812146,13.072324
Mexico,MEX,2009,29.552805,17.411518,1.0498886,15.072659,0.7484355,12.203655
Mexico,MEX,2010,31.71,16.92,0.93,16.35,0.62,12.59
Mexico,MEX,2011,31.85,16.62,0.9,16.1,0.62,11.28
Mexico,MEX,2012,32.06,15.78,0.91,16.4,0.63,11.9
Mexico,MEX,2013,32.09,15.85,0.91,16.41,0.64,13.15
Mexico,MEX,2014,31.629997,15.429999,0.93999994,15.719999,0.6399999,14.909999
Mexico,MEX,2015,32.6,14.96,0.95,16.82,0.64,15.27
Mexico,MEX,2016,33.260002,14.9800005,0.93000007,17.280003,0.6600001,15.950001
Mexico,MEX,2017,34.150005,15.140001,0.9200001,17.790003,0.6600001,14.850001
Mexico,MEX,2018,34.96,15.26,0.93,18.77,0.66,16.63
Mexico,MEX,2019,36.99,15.11,0.9,18.97,0.66,13.97
Mexico,MEX,2020,36.36,14.879999,0.8299999,19.72,0.61,13.859999
Mexico,MEX,2021,38.23,15.1,0.84,20.13,0.63,13.77
Mexico,MEX,2022,38.49,15.06,0.84,21.77,0.6,13.66
Mexico,MEX,2023,38.58,15.78,0.86,22.41,0.58,13.55
Micronesia (FAO),,1961,2.76,1.99,0,14.59,0,47.06
Micronesia (FAO),,1962,2.8,9.34,0,14.17,0,45.71
Micronesia (FAO),,1963,2.78,9.71,0,13.78,0,45.83
Micronesia (FAO),,1964,2.81,9.96,0,16.05,0,51.35
Micronesia (FAO),,1965,2.79,8.54,0,15.63,0,55.26
Micronesia (FAO),,1966,2.82,5.86,0,13.05,0,57.69
Micronesia (FAO),,1967,2.83,9.15,0,12.72,0,57.5
Micronesia (FAO),,1968,2.83,9.36,0,12.12,0,59.52
Micronesia (FAO),,1969,2.86,6.39,0,11.84,0,59.3
Micronesia (FAO),,1970,2.91,7.89,0,11.57,0,59.09
Micronesia (FAO),,1971,2.96,7.94,0,11.38,0,60
Micronesia (FAO),,1972,3.04,9.73,0,11.13,0,59.78
Micronesia (FAO),,1973,4.21,9.39,0,10.89,0,60.64
Micronesia (FAO),,1974,4.43,8.38,0,10.89,0,63.18
Micronesia (FAO),,1975,4.19,8.21,0,10.82,0,62.18
Micronesia (FAO),,1976,4.08,9.89,0,10.71,0,63.86
Micronesia (FAO),,1977,4.02,12.69,0,10.25,0,62.5
Micronesia (FAO),,1978,4.19,10.07,0,9.98,0,64.46
Micronesia (FAO),,1979,4.64,10.84,0,9.88,0,64.33
Micronesia (FAO),,1980,3.87,10.14,0,9.66,0,67.05
Micronesia (FAO),,1981,4.04,6.38,0.14,9.49,0.2,67.9
Micronesia (FAO),,1982,3.96,6.51,0.02,9.22,0.6,68.67
Micronesia (FAO),,1983,4.07,6.29,0.08,8.91,0.36,68.43
Micronesia (FAO),,1984,4.43,6.47,0,8.72,0.38,68.79
Micronesia (FAO),,1985,4.26,5.88,0,8.42,0.21,70.23
Micronesia (FAO),,1986,4.69,3.85,0,8.37,0.69,70.15
Micronesia (FAO),,1987,4.91,6.5,0,8.47,0.48,71.73
Micronesia (FAO),,1988,4.56,5.76,0,7.98,0.26,71.73
Micronesia (FAO),,1989,4.58,9.45,0.03,7.93,0.03,73.44
Micronesia (FAO),,1990,4.68,4.74,0.07,7.73,0.08,73.61
Micronesia (FAO),,1991,5.81,6.11,0.08,7.73,0.6,74.17
Micronesia (FAO),,1992,5.92,6.75,0.04,7.47,0.46,74.41
Micronesia (FAO),,1993,6.76,5.08,0.04,8.34,0.21,75.35
Micronesia (FAO),,1994,6.8,5.42,0.07,8.44,0.17,76.34
Micronesia (FAO),,1995,10.02,7.54,0.18,8.93,0.48,76.01
Micronesia (FAO),,1996,11.47,6.63,0.1,8.23,0.3,75.87
Micronesia (FAO),,1997,10.9,5.29,0.09,8.6,0.55,74.74
Micronesia (FAO),,1998,13.26,5.22,0.46,8.23,0.18,75.25
Micronesia (FAO),,1999,13.63,4.05,0.42,8.67,0.1,75.99
Micronesia (FAO),,2000,13.18,4.45,0.84,9.87,0.24,75.38
Micronesia (FAO),,2001,15.57,5.18,0.36,10.76,1.22,75.64
Micronesia (FAO),,2002,16.11,4.62,0.45,11.88,0.29,75.06
Micronesia (FAO),,2003,18.17,6.43,0.26,12.51,0.46,75.29
Micronesia (FAO),,2004,18.34,6.05,0.69,11.84,0.33,75.29
Micronesia (FAO),,2005,23.91,6.26,0.96,10.3,0.1,75.9
Micronesia (FAO),,2006,22.37,6.2,0.86,10.42,0.46,74.14
Micronesia (FAO),,2007,21.6,6.11,0.95,10.55,0.25,74.76
Micronesia (FAO),,2008,17.76,4.5,0.34,10.72,0.5,72.54
Micronesia (FAO),,2009,16.37,2.51,0.13,9.59,0,74.34
Micronesia (FAO),,2010,13.33,4.62,0.1,8.25,0.06,72.73
Micronesia (FAO),,2011,13.83,10.82,0.03,8.33,0,73.15
Micronesia (FAO),,2012,13.13,6.18,0.1,8.57,0.04,73.53
Micronesia (FAO),,2013,14.24,5.22,0.18,9.39,0.13,74.39
Micronesia (FAO),,2014,15.1,7.21,0.16,7.97,0.04,74.76
Micronesia (FAO),,2015,16.33,4.19,0.09,8.92,0.07,75.71
Micronesia (FAO),,2016,17.47,4.19,0.02,11.51,0.04,76.77
Micronesia (FAO),,2017,19.97,3.58,0.05,12.75,0.31,76.24
Micronesia (FAO),,2018,21.82,3.9,0.1,10.7,0.14,76.74
Micronesia (FAO),,2019,35.02,7.87,0.45,15.93,0.21,59.65
Micronesia (FAO),,2020,33.24,8.57,0.45,17.86,0.14,59.2
Micronesia (FAO),,2021,36.33,10.64,0.44,20.51,0.18,58.91
Micronesia (FAO),,2022,37.66,8.56,0.44,17.87,0.23,58.65
Micronesia (FAO),,2023,38.33,8.68,0.57,18.9,0.2,58.4
Micronesia (country),FSM,2019,40.445232,6.6392174,0.1899776,17.667917,0.009998821,49.73414
Micronesia (country),FSM,2020,41.576252,6.8293843,0.18998286,18.578325,0.009999098,49.505535
Micronesia (country),FSM,2021,42.684265,8.7288265,0.119983874,19.857332,0.009998657,49.42336
Micronesia (country),FSM,2022,38.455883,6.6892843,0.12998608,18.448027,0.00999893,49.214733
Micronesia (country),FSM,2023,37.614655,7.448941,0.11998295,18.487373,0.31995454,48.983044
Middle Africa (FAO),,1961,0.55,4.73,1.32,0.86,3.99,9.52
Middle Africa (FAO),,1962,0.56,5.1,1.32,0.86,4.05,9.31
Middle Africa (FAO),,1963,0.58,5.29,1.35,0.86,4.07,8.91
Middle Africa (FAO),,1964,0.64,5.11,1.35,0.85,4.1,10.05
Middle Africa (FAO),,1965,0.66,5.39,1.35,0.89,4.12,9.48
Middle Africa (FAO),,1966,0.72,5.21,1.5,0.89,4.07,10.12
Middle Africa (FAO),,1967,0.77,5.65,1.5,0.85,4.06,10.61
Middle Africa (FAO),,1968,0.8,5.67,1.52,0.92,4.04,11.23
Middle Africa (FAO),,1969,0.86,5.39,1.52,0.94,3.97,11.12
Middle Africa (FAO),,1970,0.9,5.86,1.52,0.97,3.94,11.56
Middle Africa (FAO),,1971,0.91,5.81,1.47,1.01,3.86,10.13
Middle Africa (FAO),,1972,0.89,5.95,1.56,1.03,3.78,9.1
Middle Africa (FAO),,1973,0.92,5.92,1.35,1.03,3.75,8.52
Middle Africa (FAO),,1974,0.93,5.75,1.4,1.05,3.63,8.42
Middle Africa (FAO),,1975,0.95,6.35,1.45,1.13,3.5,8.04
Middle Africa (FAO),,1976,1.02,6.11,1.51,1.32,3.47,9.53
Middle Africa (FAO),,1977,1.04,7,1.54,1.44,3.4,11.44
Middle Africa (FAO),,1978,1.13,7.06,1.63,1.53,3.33,11.32
Middle Africa (FAO),,1979,1.09,7.07,1.68,1.6,3.36,12
Middle Africa (FAO),,1980,1.14,7.37,1.66,1.73,3.33,10.84
Middle Africa (FAO),,1981,1.21,7.32,1.62,1.64,3.31,12.09
Middle Africa (FAO),,1982,1.36,7.9,1.59,1.54,3.28,15
Middle Africa (FAO),,1983,1.64,7.34,1.45,1.5,3.28,14.99
Middle Africa (FAO),,1984,1.59,7.59,1.32,1.72,3.24,16.36
Middle Africa (FAO),,1985,1.63,7.46,1.35,1.87,3.25,17.23
Middle Africa (FAO),,1986,1.76,8.32,1.52,1.94,3.21,17.31
Middle Africa (FAO),,1987,2.03,8.69,1.56,1.87,3.18,16.17
Middle Africa (FAO),,1988,1.93,8.66,1.59,1.82,3.11,16.42
Middle Africa (FAO),,1989,1.83,8.66,1.62,1.86,3.1,15.54
Middle Africa (FAO),,1990,1.86,8.22,1.63,1.86,3.03,14.15
Middle Africa (FAO),,1991,1.99,8.73,1.66,1.77,2.91,10.74
Middle Africa (FAO),,1992,2.3,9.13,1.64,1.81,2.93,11.58
Middle Africa (FAO),,1993,1.91,8.46,1.66,1.79,2.9,11.57
Middle Africa (FAO),,1994,1.66,7.38,1.66,1.75,2.88,11.04
Middle Africa (FAO),,1995,1.91,7.03,1.69,1.8,2.83,10.97
Middle Africa (FAO),,1996,1.96,7.59,1.7,1.96,2.76,11.51
Middle Africa (FAO),,1997,2.33,7.11,1.81,1.85,2.75,11.54
Middle Africa (FAO),,1998,2.65,7.3,1.81,2.04,2.8,11.33
Middle Africa (FAO),,1999,2.42,7.39,1.78,1.77,2.78,12.1
Middle Africa (FAO),,2000,2.79,8.04,1.89,1.93,2.74,12.58
Middle Africa (FAO),,2001,2.48,7.98,1.91,1.99,2.68,14.03
Middle Africa (FAO),,2002,3.6,7.89,1.93,2.1,2.69,13.38
Middle Africa (FAO),,2003,4.61,7.83,1.93,2.04,2.64,13.2
Middle Africa (FAO),,2004,4.75,7.55,1.91,2.35,2.66,13.39
Middle Africa (FAO),,2005,4.33,8.05,1.93,2.39,2.67,12.49
Middle Africa (FAO),,2006,5.03,7.86,1.92,2.65,2.67,12.63
Middle Africa (FAO),,2007,5.33,7.87,1.93,2.96,2.67,13.93
Middle Africa (FAO),,2008,5.84,7.84,2.02,3.14,2.63,14.14
Middle Africa (FAO),,2009,5.64,7.37,1.93,3.24,2.7,14.78
Middle Africa (FAO),,2010,3.76,4.56,1.88,1.88,2.48,9.92
Middle Africa (FAO),,2011,4.24,4.61,1.9,1.94,2.49,11.14
Middle Africa (FAO),,2012,4.43,4.72,1.89,1.93,2.46,11.55
Middle Africa (FAO),,2013,4.57,4.84,1.95,2.08,2.4,11.75
Middle Africa (FAO),,2014,4.98,5.06,1.97,2.87,2.39,12.15
Middle Africa (FAO),,2015,4.05,4.91,1.99,2.51,2.36,11.39
Middle Africa (FAO),,2016,3.76,4.58,1.97,2.31,2.31,11.21
Middle Africa (FAO),,2017,4.25,4.6,2.14,2.43,2.22,10.51
Middle Africa (FAO),,2018,4.68,4.49,2.08,2.31,2.19,9.93
Middle Africa (FAO),,2019,4.28,4.52,2.15,2.37,2.19,9.44
Middle Africa (FAO),,2020,3.55,4.5,2.21,2.11,2.06,8.5
Middle Africa (FAO),,2021,4.04,4.5,2.26,2.44,2.01,9.11
Middle Africa (FAO),,2022,4.47,4.56,2.29,2.64,1.95,8.84
Middle Africa (FAO),,2023,4.03,4.65,2.34,2.27,1.91,8.57
Moldova,MDA,1992,9.247988,11.066137,0.8157099,24.422157,0.3538019,0.6879481
Moldova,MDA,1993,6.019233,9.786172,0.71798044,16.611902,0.33440185,0.53110886
Moldova,MDA,1994,5.399058,8.5952215,0.80641663,12.391281,0.3343679,2.2422316
Moldova,MDA,1995,5.6028748,3.5779765,0.61926514,12.306666,0.25556973,2.1526835
Moldova,MDA,1996,4.133572,5.537612,0.5694707,12.646178,0.22582461,3.897929
Moldova,MDA,1997,3.4990702,3.5088716,0.4116553,12.388865,0.20582765,3.1364217
Moldova,MDA,1998,3.9593048,4.174378,0.7429806,12.503581,0.18574515,3.7833354
Moldova,MDA,1999,4.1112795,0.93526745,0.5747998,12.674823,0.18510501,2.951938
Moldova,MDA,2000,4.9555902,1.8910764,0.48489138,11.52102,0.067884795,4.1506705
Moldova,MDA,2001,8.670786,2.372651,0.4629563,10.570836,0.086804315,6.664642
Moldova,MDA,2002,9.024511,1.2071002,0.54606915,11.1417265,0.15328255,6.993517
Moldova,MDA,2003,10.350221,0.5707843,0.37100974,10.797336,0.08561764,7.2489595
Moldova,MDA,2004,12.685357,2.7054527,0.45406199,11.58804,0.08513663,9.554222
Moldova,MDA,2005,17.027994,4.7504606,0.5194341,12.485306,0.19832936,11.446438
Moldova,MDA,2006,14.423082,5.0509214,0.5875369,15.579204,0.21795723,11.3337755
Moldova,MDA,2007,11.711189,3.8624039,0.43869278,17.891035,0.23841998,11.52999
Moldova,MDA,2008,13.943666,3.695216,0.5003938,12.827403,0.21170509,15.1754055
Moldova,MDA,2009,11.669057,3.1603696,0.45703807,12.894308,0.21393271,13.302726
Moldova,MDA,2010,15.496149,2.4490297,0.2328303,16.970741,0.19833691,12.236525
Moldova,MDA,2011,15.564474,1.8821756,0.15469936,19.38039,0.20626579,11.851689
Moldova,MDA,2012,16.280745,2.1068192,0.17985041,20.520075,0.19697903,12.204135
Moldova,MDA,2013,18.363403,1.6042378,0.35839355,21.102552,0.19626313,13.422691
Moldova,MDA,2014,19.823278,2.1770737,0.30615103,20.018875,0.22110906,13.72577
Moldova,MDA,2015,19.747381,1.9331913,0.44090328,23.367874,0.39850873,11.293907
Moldova,MDA,2016,21.587444,2.2830434,0.40587437,23.684462,0.35514006,12.911879
Moldova,MDA,2017,19.171207,1.9820651,0.19398935,21.735243,0.31206983,13.494911
Moldova,MDA,2018,20.321192,2.3476655,0.03365829,23.434584,0.3029246,14.010262
Moldova,MDA,2019,21.36172,2.3418152,0.10911683,23.015259,0.2769889,14.487358
Moldova,MDA,2020,22.618063,2.7037878,0.20927149,25.639942,0.20090063,14.891761
Moldova,MDA,2021,20.807676,0.8763762,0,9.8905325,0.283779,16.534298
Moldova,MDA,2022,22.74295,1.0193388,0.008355236,11.404897,0.31749895,16.45146
Moldova,MDA,2023,22.64861,0.87882626,0,10.093948,0.28457233,16.30432
Mongolia,MNG,1961,0.19459185,43.452362,58.620796,0.30161738,38.63621,0.24323982
Mongolia,MNG,1962,0.27181438,31.27807,53.30474,0.2912297,33.607906,0.24269141
Mongolia,MNG,1963,0.30150294,32.708206,55.34038,0.36958423,32.669304,0.26259935
Mongolia,MNG,1964,0.29311842,32.28211,53.757915,0.3615127,33.630447,0.25403595
Mongolia,MNG,1965,0.32294452,32.343384,52.42466,0.44037887,34.30062,0.25444114
Mongolia,MNG,1966,0.3134659,40.241184,51.81003,0.43101558,31.963726,0.35264912
Mongolia,MNG,1967,0.3331838,43.1473,56.219864,0.2547876,32.162037,0.35278285
Mongolia,MNG,1968,0.1668305,36.8401,59.715504,0.32384744,29.597692,0.3532881
Mongolia,MNG,1969,0.15742804,36.690575,59.970245,0.31485608,26.45775,0.35421312
Mongolia,MNG,1970,0.1579896,33.069202,57.518093,0.22711007,24.547638,0.39497405
Mongolia,MNG,1971,0.1980338,31.71511,52.478954,0.2970507,23.08084,0.3762642
Mongolia,MNG,1972,0.1886337,34.996513,53.04578,0.28791457,23.847271,0.31769884
Mongolia,MNG,1973,0.16897106,33.67494,49.945854,0.35782108,23.974012,0.38763946
Mongolia,MNG,1974,0.18894151,29.027382,56.085796,0.34805015,27.386576,0.41766015
Mongolia,MNG,1975,0.13921915,32.099957,59.635517,0.40771323,26.938906,0.6762073
Mongolia,MNG,1976,0.15885605,34.739834,56.45347,0.32764062,25.754538,1.916201
Mongolia,MNG,1977,0.17837295,32.969265,48.29943,0.2576498,29.015333,0.83240706
Mongolia,MNG,1978,0.18818398,32.159653,59.06006,0.36646354,29.574598,1.3866187
Mongolia,MNG,1979,0.17841089,34.403564,58.300713,0.5451444,23.669176,1.3975519
Mongolia,MNG,1980,0.17880014,31.359556,56.421375,0.5860671,22.74735,1.192001
Mongolia,MNG,1981,0.16903864,28.060413,60.99312,0.8054194,21.378416,0.98440146
Mongolia,MNG,1982,0.16929881,24.926762,60.08116,0.72698903,19.578909,0.766824
Mongolia,MNG,1983,0.15946701,26.900091,58.883198,0.81726843,20.122744,0.9169353
Mongolia,MNG,1984,0.15971361,25.983408,56.17926,1.0181743,19.634792,1.18787
Mongolia,MNG,1985,0.16004005,26.076525,50.582657,1.1402854,20.405106,0.9502378
Mongolia,MNG,1986,0.18045965,27.05892,51.631508,1.2231153,20.061096,1.403575
Mongolia,MNG,1987,0.1809074,27.015501,51.307343,1.5075616,19.055576,1.1959989
Mongolia,MNG,1988,0.22144885,27.590513,47.863148,1.9024469,16.981102,1.1072443
Mongolia,MNG,1989,0.19150358,25.56069,47.73479,2.590338,18.404503,0.98775536
Mongolia,MNG,1990,0.11098699,26.657057,57.884758,3.6423912,19.5438,0.90807533
Mongolia,MNG,1991,0.18124437,33.5,57.152386,1.7520288,25.917944,0.050345656
Mongolia,MNG,1992,0.040086996,29.473965,49.707874,0.78169644,25.585527,0.05010875
Mongolia,MNG,1993,0.04976875,27.143877,47.330082,0.30856624,16.80193,0.0995375
Mongolia,MNG,1994,0.009892689,26.44316,49.3942,0.30667338,11.643696,0.07914151
Mongolia,MNG,1995,0.05903112,28.826864,47.736504,0.27547857,12.888462,0.05903112
Mongolia,MNG,1996,0.039213546,32.831543,48.301285,0.13724741,16.597134,0.039213546
Mongolia,MNG,1997,0.048888028,35.19938,46.619625,0.10755366,20.532972,0.078220844
Mongolia,MNG,1998,0.07811694,35.982613,48.256737,0.1171754,19.949114,0.019529235
Mongolia,MNG,1999,0.029284634,35.102512,48.88582,0.12690008,22.539408,0.03904618
Mongolia,MNG,2000,0.04881512,29.386702,46.68678,0.40028396,21.781305,0.22454955
Mongolia,MNG,2001,0.10743818,27.152557,41.783684,0.21487635,15.998521,0.39068428
Mongolia,MNG,2002,0.13680395,19.650911,37.738346,0.12703224,15.810628,0.2638362
Mongolia,MNG,2003,0.20560241,19.747622,35.255917,0.13706827,13.804733,0.29371774
Mongolia,MNG,2004,0.17668705,18.404902,38.57667,0.07852758,15.381589,0.17668705
Mongolia,MNG,2005,0.25630143,16.521585,37.66645,0.12815072,15.023207,0.21687044
Mongolia,MNG,2006,0.55441874,16.503859,35.75011,0.12870435,12.880336,0.1980067
Mongolia,MNG,2007,0.52736294,16.66666,40.99501,0.15920392,12.378104,0.447761
Mongolia,MNG,2008,0.80956,18.96969,45.28539,0.14991853,14.721998,0.5197175
Mongolia,MNG,2009,0.761901,18.736752,55.538578,0.18045026,12.611467,0.40100056
Mongolia,MNG,2010,1.779994,14.799951,46.479843,0.18999936,4.919984,0.6199979
Mongolia,MNG,2011,2.0899975,16.98998,41.529953,0.16999981,8.31999,0.889999
Mongolia,MNG,2012,2.2899976,19.239979,39.87996,0.23999973,12.999986,1.1399988
Mongolia,MNG,2013,2.5399935,18.249954,48.939877,0.4399989,11.929971,0.8999977
Mongolia,MNG,2014,2.689999,16.959993,45.229984,0.44999984,12.019997,0.8699997
Mongolia,MNG,2015,2.720002,19.560013,55.100037,0.2900002,12.030008,0.55000037
Mongolia,MNG,2016,2.7299955,23.199963,49.17992,0.29999954,11.909981,0.5499991
Mongolia,MNG,2017,2.7899902,21.849924,53.549812,0.37999865,12.139957,0.59999794
Mongolia,MNG,2018,3.849995,24.759968,51.429935,1.1299986,10.969986,0.73999906
Mongolia,MNG,2019,4.3499894,24.729939,64.339836,1.0199975,16.40996,1.0999973
Mongolia,MNG,2020,4.3600054,29.560036,66.98009,1.3400017,18.160023,1.0800014
Mongolia,MNG,2021,6.129989,30.709944,65.089874,2.9199948,16.889969,1.059998
Mongolia,MNG,2022,7.1299896,29.789957,67.0399,2.8299959,24.809963,1.0499984
Mongolia,MNG,2023,7.649982,33.27992,69.39984,2.1999948,23.609945,1.0299976
Montenegro,MNE,2006,9.042667,11.563713,2.1316946,36.783897,0.009733764,8.010888
Montenegro,MNE,2007,11.074255,12.352428,2.214851,34.36434,0.019514104,9.620454
Montenegro,MNE,2008,12.989263,13.556564,1.9366522,39.97524,0.17605929,11.228669
Montenegro,MNE,2009,12.224478,13.418542,1.7617341,41.8314,0.009787412,10.4235935
Montenegro,MNE,2010,14.120045,12.970042,1.9700063,49.120155,0,10.470034
Montenegro,MNE,2011,14.290023,11.250018,1.9900031,44.94007,0.010000016,11.220018
Montenegro,MNE,2012,14.439862,11.769889,2.0899801,52.4995,0,10.919896
Montenegro,MNE,2013,14.800024,12.46002,2.4500039,50.88008,0.010000016,12.040019
Montenegro,MNE,2014,14.87007,12.72006,2.300011,45.800217,0.010000047,11.880056
Montenegro,MNE,2015,15.299879,12.909898,1.9399847,51.61959,0.009999921,12.069904
Montenegro,MNE,2016,15.760101,13.310085,2.3100147,54.71035,0.010000064,13.480086
Montenegro,MNE,2017,16.299946,13.749955,2.4199922,53.659824,0.029999902,14.269954
Montenegro,MNE,2018,17.129776,14.939805,2.4199686,55.049282,0.039999478,14.519812
Montenegro,MNE,2019,16.329973,15.5099745,2.449996,50.799915,0.04999992,15.989973
Montenegro,MNE,2020,15.989894,15.739896,2.0199866,51.579662,0.14999902,9.769936
Montenegro,MNE,2021,16.37989,12.719915,1.7399884,56.699623,0.06999953,12.499917
Montenegro,MNE,2022,21.670036,14.540024,1.7100029,54.50009,0.0600001,12.28002
Montenegro,MNE,2023,21.899895,14.339932,1.6199923,58.969723,0.029999856,11.919944
Morocco,MAR,1961,2.158612,5.6251516,5.465648,0.18077047,0.38280806,1.2334926
Morocco,MAR,1962,2.0644302,5.5335236,4.4693847,0.14897949,0.4043729,1.5323606
Morocco,MAR,1963,2.022286,5.406954,3.8742743,0.08514888,0.37252635,2.18194
Morocco,MAR,1964,2.1193023,4.9521384,3.961711,0.08519808,0.3727416,2.3003483
Morocco,MAR,1965,2.011748,5.4711027,4.3534656,0.085153356,0.38319013,2.575889
Morocco,MAR,1966,2.0198848,5.825773,4.401222,0.053154863,0.2657743,2.1687183
Morocco,MAR,1967,2.0055282,5.8043594,4.6265097,0.053056303,0.2971153,1.9418608
Morocco,MAR,1968,2.011779,6.0671024,4.9447412,0.084706485,0.31764936,1.8741311
Morocco,MAR,1969,1.9956642,6.2298512,4.677668,0.12670884,0.30621302,2.4708223
Morocco,MAR,1970,2.061896,6.0804896,4.6813455,0.115718655,0.32611623,2.4195719
Morocco,MAR,1971,2.0114756,5.7934694,4.7667785,0.13619366,0.32476953,5.0286894
Morocco,MAR,1972,2.3575408,5.820831,4.7359447,0.14604236,0.3546743,6.363274
Morocco,MAR,1973,2.139709,5.619333,4.6429605,0.10386937,0.30122116,4.8818603
Morocco,MAR,1974,2.152112,5.4009733,4.480118,0.062080152,0.35178754,4.5525446
Morocco,MAR,1975,2.5160007,4.8670177,3.8668044,0.030934434,0.30934435,3.5471487
Morocco,MAR,1976,2.6430912,4.5971274,3.044183,0.030853204,0.31881645,4.7205405
Morocco,MAR,1977,3.036279,5.159623,3.4260714,0.041030794,0.2564425,5.0980763
Morocco,MAR,1978,3.160842,5.1862364,3.702993,0.030687787,0.1636682,6.597874
Morocco,MAR,1979,3.0712006,5.479185,3.6629932,0.030609973,0.17345652,7.12192
Morocco,MAR,1980,2.777566,5.697571,3.6525497,0.0305227,0.15261352,7.6815467
Morocco,MAR,1981,2.597095,6.7463603,4.0072365,0.030434705,0.09130412,7.7405605
Morocco,MAR,1982,2.6516228,7.5095577,2.874278,0.030362094,0.26313815,7.7524543
Morocco,MAR,1983,2.8077598,6.039714,2.7875602,0.030299567,0.20199712,7.7869887
Morocco,MAR,1984,2.96481,5.5665817,2.8236282,0.030253159,0.3731223,7.6137123
Morocco,MAR,1985,3.6166315,4.029673,3.0121806,0.020148365,0.4634124,9.328693
Morocco,MAR,1986,4.4232535,4.7960563,2.96227,0.020151496,0.8161356,9.944763
Morocco,MAR,1987,5.599498,5.347268,3.6522849,0.030267553,1.039186,8.152061
Morocco,MAR,1988,5.323702,5.394415,4.7276893,0.030305702,1.2425338,7.313776
Morocco,MAR,1989,5.7649026,6.533557,5.2895513,0.030341594,1.3350302,6.887542
Morocco,MAR,1990,6.7418146,6.104076,5.0006857,0.030368535,1.3159698,7.7439766
Morocco,MAR,1991,6.4849024,6.221453,4.843412,0.03039798,1.3679092,7.3259134
Morocco,MAR,1992,6.724018,5.9633827,5.172322,0.030425422,1.369144,9.14791
Morocco,MAR,1993,6.1816344,6.069979,4.79102,0.030451398,1.4312158,7.9985676
Morocco,MAR,1994,6.8285956,5.0808005,4.7962756,0.030484803,1.4531089,9.145441
Morocco,MAR,1995,7.5113688,4.980475,5.0109673,0.030492702,1.5144709,7.816296
Morocco,MAR,1996,9.286227,4.1046343,4.206234,0.030479956,1.2191983,6.5531907
Morocco,MAR,1997,9.158768,4.7519984,5.2901525,0.030461531,1.5027689,7.412306
Morocco,MAR,1998,9.0568495,4.452359,4.9594617,0.020284098,1.3894607,7.2008543
Morocco,MAR,1999,9.961761,4.8492723,5.213727,0.020247482,1.5894275,7.9673843
Morocco,MAR,2000,9.444265,4.9595017,5.171619,0.020201636,1.5454252,8.1816635
Morocco,MAR,2001,9.527747,5.05595,5.05595,0.020143228,1.5107422,8.4601555
Morocco,MAR,2002,10.259501,5.8525333,4.527432,0.020077301,1.5459522,9.737492
Morocco,MAR,2003,11.46604,5.102688,4.292261,0.02001054,1.4707748,10.625597
Morocco,MAR,2004,11.492653,4.7246466,4.276104,0.019935217,1.5350118,10.625471
Morocco,MAR,2005,12.86047,5.2295275,4.515057,0.019846404,1.4587107,12.572697
Morocco,MAR,2006,13.068262,5.254963,4.6326647,0.029633248,1.4717847,11.853299
Morocco,MAR,2007,13.540636,5.418221,4.552879,0.019666864,1.4356811,11.190445
Morocco,MAR,2008,15.503567,6.0035925,4.52473,0.029381365,1.5082433,11.11595
Morocco,MAR,2009,17.049114,6.288448,4.862806,0.01952934,1.4939946,12.45972
Morocco,MAR,2010,19.310005,6.6500025,4.7300014,0.030000009,1.6700006,14.310005
Morocco,MAR,2011,19.590004,6.750001,4.8000007,0.030000003,1.6900003,13.860002
Morocco,MAR,2012,19.629995,6.779999,4.819999,0.019999996,1.8499995,16.809996
Morocco,MAR,2013,19.859999,6.8599997,4.8699994,0,1.8299999,17.649998
Morocco,MAR,2014,20.439999,6.9299994,4.9299994,0.019999998,1.8399999,17.039999
Morocco,MAR,2015,20.2,7.02,4.99,0.02,1.94,20.24
Morocco,MAR,2016,20.340002,7.0800004,5.0200005,0.020000001,1.9400002,20.410002
Morocco,MAR,2017,20.589998,7.179999,5.0899997,0.019999998,1.8699998,19.549997
Morocco,MAR,2018,20.370003,7.1100006,5.0300007,0.020000001,1.8400002,19.06
Morocco,MAR,2019,23.409994,8.119998,5.279999,0.019999994,1.7699995,18.779997
Morocco,MAR,2020,17.460001,7.8000007,4.9800005,0.020000001,1.8100001,16.040003
Morocco,MAR,2021,17.55,7.7799997,5.6799994,0.02,1.7699999,17.05
Morocco,MAR,2022,17.929996,6.899998,5.1099987,0.019999994,1.8199996,16.879995
Morocco,MAR,2023,18.779993,7.0099974,5.0799975,0.01999999,1.8999991,16.709991
Mozambique,MOZ,1961,0.60483354,3.6974733,0.39941838,0.95860416,0,4.55337
Mozambique,MOZ,1962,0.6281774,3.7462215,0.39974925,1.0050838,0,4.511456
Mozambique,MOZ,1963,0.63995934,3.7254775,0.39997455,1.0399339,0,4.3654366
Mozambique,MOZ,1964,0.6632967,3.7510571,0.40026525,1.0749981,0,4.3800454
Mozambique,MOZ,1965,0.6750441,3.7642293,0.41189137,1.5331513,0,4.7481923
Mozambique,MOZ,1966,1.0645273,3.720122,0.3777355,1.1789925,0,4.990687
Mozambique,MOZ,1967,1.3056518,3.6878936,0.37795183,1.1796677,0,5.108076
Mozambique,MOZ,1968,1.4207367,3.6893322,0.38955683,1.3519912,0,5.7860646
Mozambique,MOZ,1969,1.5471457,3.7360704,0.37819117,1.0887321,0,6.0395985
Mozambique,MOZ,1970,1.7873671,3.780969,0.38955438,1.0999182,0,5.6485386
Mozambique,MOZ,1971,1.8517408,3.760634,0.38863695,1.2459244,0,5.6923885
Mozambique,MOZ,1972,1.8076723,3.7404034,0.4092843,1.3301739,0,4.752245
Mozambique,MOZ,1973,1.840389,3.6920688,0.36130336,1.4000505,0,4.5953274
Mozambique,MOZ,1974,1.6367136,3.7106314,0.41478357,1.4797684,0,3.7778935
Mozambique,MOZ,1975,1.5806185,3.7957108,0.3450646,1.1353738,0,3.1167126
Mozambique,MOZ,1976,1.5476723,3.239057,0.19898644,0.7185621,0,3.404879
Mozambique,MOZ,1977,1.5901117,3.322785,0.19739318,0.7347413,0,3.0266953
Mozambique,MOZ,1978,1.5849528,3.7452652,0.20626098,0.8250439,0,3.3870223
Mozambique,MOZ,1979,1.6962122,3.3924243,0.18250385,0.8158995,0,3.9077294
Mozambique,MOZ,1980,1.7458606,3.406035,0.19279443,0.8140209,0,3.930864
Mozambique,MOZ,1981,1.7634633,3.3226228,0.18279803,0.7849562,0,3.688219
Mozambique,MOZ,1982,1.8192943,3.164926,0.18300593,0.8073791,0,4.0153656
Mozambique,MOZ,1983,1.8294203,3.056208,0.18294203,0.95775527,0,4.519744
Mozambique,MOZ,1984,1.8757582,3.0440874,0.19293514,0.8360522,0,3.6764863
Mozambique,MOZ,1985,1.870805,2.9762807,0.26573935,0.83973634,0,3.4014637
Mozambique,MOZ,1986,1.9189049,2.506111,0.3774895,0.84935135,0.010485819,4.0265546
Mozambique,MOZ,1987,1.9818565,2.3365045,0.46938705,0.88662004,0.010430824,3.9219897
Mozambique,MOZ,1988,2.0648339,2.2838314,0.5839934,0.90727544,0.010428453,3.7646716
Mozambique,MOZ,1989,2.0548868,2.158669,0.68496233,0.92366123,0.020756433,2.926657
Mozambique,MOZ,1990,2.1241226,1.1708579,0.78747964,0.9532649,0.010361575,3.0773876
Mozambique,MOZ,1991,2.1227956,1.1654564,0.96774507,0.8740923,0.010405861,2.4557831
Mozambique,MOZ,1992,2.1398537,1.0751973,1.0646563,0.8959979,0,2.3085122
Mozambique,MOZ,1993,2.0456247,1.0917065,1.1023055,0.8797247,0,1.6004629
Mozambique,MOZ,1994,2.1482697,1.0484378,1.1306683,0.832583,0.020557605,1.3773596
Mozambique,MOZ,1995,1.9526231,0.9212376,1.1415335,7.229712,0,1.4920044
Mozambique,MOZ,1996,1.9365319,0.9483017,1.2078369,7.0773253,0,1.9664782
Mozambique,MOZ,1997,2.005851,0.84824544,1.2474197,6.985551,0,1.7164496
Mozambique,MOZ,1998,2.111282,0.8805347,1.3608264,6.8741746,0,1.2907839
Mozambique,MOZ,1999,1.8967674,0.78279287,1.3749055,6.834384,0,1.3247265
Mozambique,MOZ,2000,1.9758217,0.7762157,1.4012204,6.7742457,0.100807235,1.9153373
Mozambique,MOZ,2001,1.9355794,0.64857113,1.4086155,6.424908,0.060803544,1.6518296
Mozambique,MOZ,2002,2.2827318,0.7337352,1.3451812,6.11446,0.040763065,1.661095
Mozambique,MOZ,2003,1.4449382,0.8915576,1.2502302,5.0931506,0.040991154,4.724231
Mozambique,MOZ,2004,1.504056,1.1228912,1.2362105,5.4599295,0.04120701,4.5636764
Mozambique,MOZ,2005,1.6762822,1.2106482,1.2416905,5.825598,0.04138968,4.656339
Mozambique,MOZ,2006,1.713494,1.0696356,1.048866,4.1331553,0.031154435,5.2651
Mozambique,MOZ,2007,1.5934895,1.4476801,1.0623264,4.6034145,0.031244894,4.5617547
Mozambique,MOZ,2008,1.6379234,1.1997527,1.137157,5.1432877,0.06259579,6.0404944
Mozambique,MOZ,2009,1.9926761,1.1684803,0.897226,4.235741,0.02086572,7.1986732
Mozambique,MOZ,2010,2.2500007,0.6900002,0.11000003,4.300001,0.020000005,7.480002
Mozambique,MOZ,2011,2.3599994,0.72999984,0.10999997,4.669999,0.019999994,9.119998
Mozambique,MOZ,2012,2.57,0.54,0.12,4.85,0.02,9.46
Mozambique,MOZ,2013,2.6999996,0.48999995,0.11999998,4.4799995,0.019999996,10.389998
Mozambique,MOZ,2014,3.2199998,0.6499999,0.12999998,4.6699996,0.019999998,11.109999
Mozambique,MOZ,2015,3.8799994,0.6599999,0.08999998,4.719999,0.019999996,12.259997
Mozambique,MOZ,2016,3.839999,0.71999985,0.08999998,4.329999,0.019999994,12.009997
Mozambique,MOZ,2017,4.129999,0.6999998,0.07999998,4.719999,0.019999996,12.679997
Mozambique,MOZ,2018,4.349999,0.6199999,0.07999998,3.859999,0.009999998,13.019998
Mozambique,MOZ,2019,4.5200005,0.57000005,0.080000006,3.0100002,0.020000001,14.350001
Mozambique,MOZ,2020,4.9000006,0.6200001,0.08000001,3.6300006,0.010000002,14.630002
Mozambique,MOZ,2021,5.7100005,0.75000006,0.11000001,3.6000001,0.010000001,13.660001
Mozambique,MOZ,2022,5.9500012,0.71000016,0.12000003,6.6000013,0.010000003,13.260003
Mozambique,MOZ,2023,6.0899997,0.74999994,0.11999999,3.3699996,0.009999999,12.869999
Myanmar,MMR,1961,0.8998153,2.6302295,0.07910464,1.097577,0,14.950777
Myanmar,MMR,1962,0.91944355,2.5902603,0.069205426,1.0578544,0,14.5232525
Myanmar,MMR,1963,0.9786384,2.6986694,0.079081886,1.1961136,0,14.017265
Myanmar,MMR,1964,0.9690051,2.8575764,0.08899026,1.2854148,0,13.575958
Myanmar,MMR,1965,1.0686377,2.909069,0.10884272,1.3061128,0,13.189759
Myanmar,MMR,1966,1.3177106,2.7444046,0.10898358,1.555493,0,12.5727415
Myanmar,MMR,1967,1.5087266,2.7792332,0.119109996,1.8859082,0,13.05247
Myanmar,MMR,1968,1.4622699,2.8549078,0.11936896,1.6910604,0,13.2797985
Myanmar,MMR,1969,1.5552404,2.8512743,0.09969491,2.073654,0,13.578445
Myanmar,MMR,1970,1.7382714,2.8471684,0.099900655,2.2078044,0,13.836241
Myanmar,MMR,1971,1.7418637,2.8530526,0.10010711,2.152303,0,13.844813
Myanmar,MMR,1972,1.7053025,2.8588893,0.09028072,1.9560822,0,13.8731365
Myanmar,MMR,1973,1.690627,2.8579648,0.10063256,1.9321451,0,13.887294
Myanmar,MMR,1974,1.5161583,2.8099465,0.0909695,1.8092822,0,12.755945
Myanmar,MMR,1975,1.5941634,2.7923243,0.09138516,1.94955,0,13.98193
Myanmar,MMR,1976,1.6526636,2.7748427,0.09181465,2.162745,0,14.159859
Myanmar,MMR,1977,1.6190532,2.7769837,0.09222455,2.1416588,0,14.356288
Myanmar,MMR,1978,1.6461903,2.8088121,0.09259821,2.2326458,0,14.620228
Myanmar,MMR,1979,1.8183371,2.8721461,0.09298315,2.3245788,0,14.959955
Myanmar,MMR,1980,1.981727,2.9051497,0.09337981,2.3137443,0,15.034149
Myanmar,MMR,1981,2.313774,2.959963,0.11464646,2.3033516,0,15.081222
Myanmar,MMR,1982,2.5764287,2.99536,0.12567943,2.29365,0,14.4950285
Myanmar,MMR,1983,2.6895397,2.994214,0.13657819,2.2587934,0,14.246157
Myanmar,MMR,1984,2.8186078,2.9868827,0.1472407,2.2296448,0,14.703035
Myanmar,MMR,1985,2.9259856,2.9996614,0.15787692,2.1997516,0,15.271961
Myanmar,MMR,1986,2.886353,2.9495578,0.1474779,2.2016342,0,16.412182
Myanmar,MMR,1987,3.0581224,2.9526699,0.1476335,2.203957,0,15.575334
Myanmar,MMR,1988,3.2094855,2.956105,0.14780526,2.1854062,0,15.751818
Myanmar,MMR,1989,2.082046,2.6316216,0.12682514,1.902377,0,16.63523
Myanmar,MMR,1990,1.9571303,1.6185995,0.16926531,1.3435434,0,16.03789
Myanmar,MMR,1991,2.0123158,1.6204437,0.15886703,1.3874387,0,15.410102
Myanmar,MMR,1992,2.163129,1.6117433,0.16965719,1.495104,0,15.714497
Myanmar,MMR,1993,2.2502868,1.6134132,0.16983297,1.6027987,0,15.348656
Myanmar,MMR,1994,2.3163745,1.6150868,0.17000914,2.4545069,0,15.534585
Myanmar,MMR,1995,2.6811566,1.6172056,0.18087168,2.6279593,0,14.256944
Myanmar,MMR,1996,2.9734237,1.7265041,0.18117636,2.7815897,0,11.883038
Myanmar,MMR,1997,3.2135093,1.8789954,0.19217,2.7330842,0,14.903851
Myanmar,MMR,1998,3.3894048,2.0315044,0.20315044,2.5554187,0,15.482202
Myanmar,MMR,1999,3.9057553,1.819119,0.22471468,2.7286782,0,14.488747
Myanmar,MMR,2000,5.338395,2.0433538,0.25675648,2.6317542,0,18.807413
Myanmar,MMR,2001,6.195721,2.1150908,0.26705694,2.7987564,0,19.965176
Myanmar,MMR,2002,7.1069,2.2375546,0.2770306,4.0595636,0,21.23546
Myanmar,MMR,2003,8.838771,2.6027634,0.3187057,4.5999856,0.010623523,21.810095
Myanmar,MMR,2004,10.755138,2.5112982,0.40265542,5.3828673,0.010596195,29.298481
Myanmar,MMR,2005,12.79956,2.729162,0.45486036,6.706546,0,29.05817
Myanmar,MMR,2006,14.679145,3.0753284,0.50727063,7.5033784,0,35.699173
Myanmar,MMR,2007,16.275826,3.3164241,0.5492167,8.2804985,0,40.282932
Myanmar,MMR,2008,17.766256,3.5426762,0.59220856,9.284984,0,45.610634
Myanmar,MMR,2009,20.399734,3.6753416,0.7626069,10.665904,0.010591762,50.46975
Myanmar,MMR,2010,20.730001,5.8400006,0.96000004,11.410001,0.010000001,45.650005
Myanmar,MMR,2011,21.309998,6.0999994,1.0999999,11.959999,0.019999998,45.439995
Myanmar,MMR,2012,23.27,6.49,1.2,12.88,0.02,46.2
Myanmar,MMR,2013,25.220001,6.8800006,1.32,14.100001,0.02,45.410004
Myanmar,MMR,2014,28.869997,7.299999,1.4999998,15.719998,0,47.349995
Myanmar,MMR,2015,30.92,7.87,1.73,16.4,0.01,47.79
Myanmar,MMR,2016,30.949999,8.73,1.7899998,16.46,0,48.28
Myanmar,MMR,2017,32.02,8.55,1.7800001,16.96,0,47.290005
Myanmar,MMR,2018,32.22,8.69,2.41,19.52,0,44.85
Myanmar,MMR,2019,30.009996,9.169999,1.7799997,20.139997,0,41.489998
Myanmar,MMR,2020,12.399999,2.6199996,0.20999998,5.0599995,0,41.199997
Myanmar,MMR,2021,12.26,2.63,0.22,5.18,0,40.91
Myanmar,MMR,2022,12.19,2.7,0.21999998,5.94,0,40.63
Myanmar,MMR,2023,12.09,2.65,0.22,5.91,0,40.35
Namibia,NAM,1961,0.29669657,12.645413,21.689545,1.350481,2.6498075,9.617062
Namibia,NAM,1962,0.4523191,13.898532,22.472034,1.4494771,2.6830745,11.688336
Namibia,NAM,1963,0.5463379,13.82338,23.50284,1.4019238,2.700765,9.370212
Namibia,NAM,1964,0.64999944,14.619829,23.461885,1.4547607,2.71349,7.7587237
Namibia,NAM,1965,0.80648774,14.806288,23.129656,1.4165233,2.729651,7.5685773
Namibia,NAM,1966,0.88834715,18.500345,22.611534,1.4564761,2.7270193,7.375347
Namibia,NAM,1967,0.940003,18.75874,21.54776,1.4978069,2.7270417,7.1791434
Namibia,NAM,1968,1.0107456,17.162046,21.01938,1.5367458,2.7228248,6.992709
Namibia,NAM,1969,1.0606079,17.742014,20.645813,1.565169,2.7184515,6.7961283
Namibia,NAM,1970,1.1115276,17.41393,20.264793,1.5952477,2.7067754,8.573171
Namibia,NAM,1971,1.1535919,17.726175,19.87886,1.6170887,2.688281,8.322342
Namibia,NAM,1972,1.1969006,16.25102,19.68695,1.6405793,2.67239,8.079079
Namibia,NAM,1973,1.239185,16.419199,19.496508,1.6625731,2.653921,7.8378444
Namibia,NAM,1974,1.2595206,17.261627,19.57419,1.8066895,2.6326046,7.670687
Namibia,NAM,1975,1.2854112,9.182979,20.155249,1.9332585,2.6119556,8.0004
Namibia,NAM,1976,1.3204879,13.368661,17.821468,1.9960864,2.5897942,8.659944
Namibia,NAM,1977,1.3569709,15.3654,19.201647,2.071166,2.5813055,9.396769
Namibia,NAM,1978,1.394059,16.236687,19.978094,2.080838,2.5831091,9.553404
Namibia,NAM,1979,1.4409665,17.651838,20.111776,1.8217933,2.5937397,10.127936
Namibia,NAM,1980,1.4656626,17.082195,20.622494,1.7753098,2.652643,10.187387
Namibia,NAM,1981,1.5106176,14.408166,14.668617,1.8335772,2.7191114,10.428471
Namibia,NAM,1982,1.5483884,13.234535,12.585886,1.8413267,2.7724524,10.54578
Namibia,NAM,1983,1.5643086,8.895701,10.491298,2.002315,2.7948983,10.939732
Namibia,NAM,1984,1.5751654,10.045591,11.412125,1.8255228,2.816521,11.255652
Namibia,NAM,1985,1.592202,11.134939,11.082563,1.8645523,2.8282535,11.124464
Namibia,NAM,1986,1.5953294,11.4419985,12.14986,2.0179331,2.8314457,11.251826
Namibia,NAM,1987,1.5909181,11.072362,9.748377,2.1461377,2.8294852,11.157781
Namibia,NAM,1988,1.5845913,10.811871,11.146036,2.3499382,2.8134577,10.251335
Namibia,NAM,1989,1.5416043,6.884424,11.129115,2.3018475,2.7136457,10.263283
Namibia,NAM,1990,6.0142016,8.008601,9.434649,2.025401,2.6247544,10.550687
Namibia,NAM,1991,6.5653124,8.802074,10.02401,2.2056963,1.7293487,10.593555
Namibia,NAM,1992,7.1694436,10.18434,5.563571,1.730198,1.7405585,11.313631
Namibia,NAM,1993,3.575361,4.102365,6.096714,1.5706788,1.9530151,12.245095
Namibia,NAM,1994,4.127699,1.5994834,6.655915,1.8574646,2.2805538,11.671069
Namibia,NAM,1995,3.3654375,2.7357085,4.3461633,2.1679199,2.075009,13.740483
Namibia,NAM,1996,3.2005513,3.3973489,5.4896193,1.6986744,2.7033782,13.786194
Namibia,NAM,1997,9.719986,2.5184548,6.088,2.5288615,3.8921573,13.757839
Namibia,NAM,1998,6.70623,1.6295512,4.084324,2.5905685,3.0501857,14.060102
Namibia,NAM,1999,7.9972315,8.896267,9.607131,2.6761978,5.509204,13.621428
Namibia,NAM,2000,8.526467,19.80812,9.288318,2.8908587,4.143216,13.650697
Namibia,NAM,2001,10.52294,18.695894,2.9426796,3.73294,3.015467,13.476018
Namibia,NAM,2002,8.008218,14.845765,4.527285,1.8647856,2.703939,14.286329
Namibia,NAM,2003,10.8169,13.069129,4.008555,3.533314,3.4713259,14.47419
Namibia,NAM,2004,9.787651,10.8808975,4.6411414,5.311528,4.0120087,14.470047
Namibia,NAM,2005,10.441223,11.152421,4.7928615,2.6077287,4.236271,14.461041
Namibia,NAM,2006,10.162498,10.234647,5.6172028,2.597312,4.4113083,14.7799425
Namibia,NAM,2007,10.999799,10.8039255,5.77309,3.350454,4.628781,14.783235
Namibia,NAM,2008,15.860403,12.137643,6.2699122,3.2174547,4.692122,13.096691
Namibia,NAM,2009,7.6543083,11.151358,7.190098,3.218523,4.724627,13.78188
Namibia,NAM,2010,9.479978,9.939977,5.3299875,3.3999922,5.0499883,12.6699705
Namibia,NAM,2011,10.499947,9.88995,5.519972,3.6499815,5.0099745,11.499942
Namibia,NAM,2012,15.209958,4.4799876,1.9899945,3.8299892,3.989989,12.999964
Namibia,NAM,2013,12.470028,3.9500089,1.7000039,3.9500089,4.3200097,12.220027
Namibia,NAM,2014,12.119984,5.699992,2.849996,4.009995,4.759994,11.459985
Namibia,NAM,2015,12.089975,3.7599921,3.5199926,4.1799912,4.69999,12.489974
Namibia,NAM,2016,11.279958,4.419984,3.5699868,4.169985,4.7899823,12.609953
Namibia,NAM,2017,10.889983,7.3099885,3.4699945,4.029994,4.889992,12.059981
Namibia,NAM,2018,9.310012,8.2900095,4.610006,3.440004,4.7000055,11.400013
Namibia,NAM,2019,8.319971,2.7999904,3.7399874,4.259986,4.6499844,10.809963
Namibia,NAM,2020,9.29,8.45,3.86,4.26,4.48,10.5
Namibia,NAM,2021,8.869994,4.879997,3.5299976,5.3799963,4.249997,10.199993
Namibia,NAM,2022,15.059958,4.8099866,5.1199856,3.959989,4.0699887,9.919972
Namibia,NAM,2023,7.7699685,5.00998,3.8999844,3.5299857,3.979984,9.669961
Nauru,NRU,2019,52.434044,31.84779,6.9785595,31.099018,3.0050738,24.579706
Nauru,NRU,2020,51.10025,27.53087,6.2366056,29.676264,3.033485,25.585049
Nauru,NRU,2021,47.331287,31.154772,5.7216935,40.760826,2.636173,26.391685
Nauru,NRU,2022,49.857048,21.170528,5.3999324,33.457623,3.7629843,26.181187
Nauru,NRU,2023,53.260334,15.853312,4.582286,34.961143,0.55905885,26.016201
Nepal,NPL,1961,0.3387735,3.9053056,1.4868392,0.3293631,0,0.14115563
Nepal,NPL,1962,0.33813125,3.888509,1.5497681,0.3287387,0,0.14088802
Nepal,NPL,1963,0.3469369,4.050723,1.5752811,0.32818356,0,0.14065011
Nepal,NPL,1964,0.3370317,4.0256567,1.5915385,0.3183077,0,0.14979187
Nepal,NPL,1965,0.33649886,4.0379863,1.6077168,0.3178045,0,0.14020786
Nepal,NPL,1966,0.33602738,3.9296532,1.6147982,0.31735918,0,0.1400114
Nepal,NPL,1967,0.34495646,4.0182767,1.6315508,0.33563334,0,0.1584935
Nepal,NPL,1968,0.3352585,4.05104,1.6390415,0.3352585,0,0.14900377
Nepal,NPL,1969,0.3349379,4.0843816,1.646778,0.3442417,0,0.15816511
Nepal,NPL,1970,0.3346073,4.1454124,1.6544471,0.34390193,0,0.14871435
Nepal,NPL,1971,0.34368184,4.28209,1.662677,0.34368184,0,0.16719659
Nepal,NPL,1972,0.3435626,4.4384575,1.6713855,0.3435626,0,0.16713856
Nepal,NPL,1973,0.3434597,4.5206723,1.670885,0.3434597,0,0.16708851
Nepal,NPL,1974,0.3341196,4.668393,1.6705978,0.35268176,0,0.15777868
Nepal,NPL,1975,0.334054,4.9087377,1.6795492,0.3618918,0,0.17630626
Nepal,NPL,1976,0.3340582,5.0572696,1.6795702,0.35261697,0,0.19486727
Nepal,NPL,1977,0.33395004,5.278266,1.6790265,0.34322643,0,0.20408058
Nepal,NPL,1978,0.33361313,5.393412,1.6773326,0.33361313,0,0.22240874
Nepal,NPL,1979,0.34253484,5.434269,1.6756433,0.36105022,0,0.23144245
Nepal,NPL,1980,0.3422114,5.8175936,1.6648121,0.36995825,0,0.23122391
Nepal,NPL,1981,0.33276847,6.3595753,1.6638423,0.3789863,0,0.24033277
Nepal,NPL,1982,0.3234784,6.987134,1.6451188,0.39741635,0,0.26802498
Nepal,NPL,1983,0.3233214,7.1130705,1.6350825,0.38798568,0,0.27713263
Nepal,NPL,1984,0.32322046,7.1477895,1.6161022,0.41556916,0,0.286281
Nepal,NPL,1985,0.31405517,7.195558,1.6072235,0.41566125,0,0.554215
Nepal,NPL,1986,0.3234558,7.171478,1.6080375,0.41587177,0.009241595,0.5175293
Nepal,NPL,1987,0.32387036,7.115895,1.5915916,0.4256582,0,0.5829666
Nepal,NPL,1988,0.33364204,7.136232,1.6589422,0.4633917,0,0.65801615
Nepal,NPL,1989,0.34325033,7.0598245,1.6420354,0.4916829,0,0.66794664
Nepal,NPL,1990,0.4638,6.947724,1.632576,0.51018,0,0.751356
Nepal,NPL,1991,0.47264674,6.830209,1.6125596,0.5097171,0,0.77847695
Nepal,NPL,1992,0.45294142,6.664709,1.5991604,0.5084036,0,0.8042021
Nepal,NPL,1993,0.4431015,6.508054,1.5785491,0.4892579,0,0.8031215
Nepal,NPL,1994,0.4434768,6.624435,1.5521687,0.48967227,0,0.78532356
Nepal,NPL,1995,0.43496054,6.7372613,1.5269891,0.4997419,0,0.95321137
Nepal,NPL,1996,0.43637797,6.675655,1.5319653,0.5199397,0,0.98417157
Nepal,NPL,1997,0.475462,6.945474,1.6128417,0.5313987,0,1.0068607
Nepal,NPL,1998,0.49630794,6.976404,1.6293883,0.55249375,0,1.0488017
Nepal,NPL,1999,0.5172807,6.940966,1.6270828,0.5737113,0,1.0721817
Nepal,NPL,2000,0.52891594,6.913687,1.6245276,0.6044754,0,1.3034
Nepal,NPL,2001,0.5499673,6.8935556,1.6309376,0.61634266,0,1.3464717
Nepal,NPL,2002,0.57095844,6.899081,1.6367476,0.61853826,0,1.3893323
Nepal,NPL,2003,0.59193665,6.9504824,1.6516943,0.61103135,0,1.4511995
Nepal,NPL,2004,0.6226512,7.0024314,1.6667894,0.5939135,0,1.5518384
Nepal,NPL,2005,0.59602284,7.1426606,1.6919358,0.59602284,0,1.624643
Nepal,NPL,2006,0.5982617,7.18879,1.7175901,0.5982617,0,1.7465382
Nepal,NPL,2007,0.6102806,7.333054,1.7824068,0.60059357,0,1.8017808
Nepal,NPL,2008,0.6224282,7.4496875,1.8089321,0.6127028,0,1.9061865
Nepal,NPL,2009,0.625208,7.6001854,1.8853929,0.625208,0,1.963544
Nepal,NPL,2010,0.6199999,7.759999,1.9199996,0.6199999,0,1.9799995
Nepal,NPL,2011,1.3299996,7.839998,2.0199993,0.6499998,0,2.1599994
Nepal,NPL,2012,1.4800003,7.830001,2.0600002,0.66000015,0,2.2900002
Nepal,NPL,2013,1.5700002,7.940001,2.1100001,0.6700001,0,2.3300002
Nepal,NPL,2014,1.5699998,7.789999,2.2299998,0.6699999,0,2.6699996
Nepal,NPL,2015,1.64,7.9,2.28,0.7,0,2.78
Nepal,NPL,2016,1.9799993,7.8199973,2.439999,0.8399997,0,2.819999
Nepal,NPL,2017,2.0600002,7.9400005,2.5100002,0.88000005,0,3.0600002
Nepal,NPL,2018,2.16,8.17,2.6200001,1.01,0,3.5600002
Nepal,NPL,2019,2.5299995,9.899998,3.1099992,1.0599997,0,3.6599994
Nepal,NPL,2020,8.809998,6.5399976,2.679999,1.0199996,0,3.6199987
Nepal,NPL,2021,7.7199984,6.3899984,2.4999995,1.0699998,0,4.309999
Nepal,NPL,2022,6.920001,6.530001,2.6000004,1.2100003,0,4.2800007
Nepal,NPL,2023,6.799999,3.9199994,2.6599996,1.0999999,0,4.2799997
Net Food Importing Developing Countries (FAO),,1961,1.2,5.9,2.35,0.78,1.37,5.61
Net Food Importing Developing Countries (FAO),,1962,1.23,5.83,2.32,0.79,1.38,5.82
Net Food Importing Developing Countries (FAO),,1963,1.27,5.83,2.27,0.81,1.4,5.96
Net Food Importing Developing Countries (FAO),,1964,1.33,5.89,2.29,0.85,1.39,6.39
Net Food Importing Developing Countries (FAO),,1965,1.39,5.84,2.32,0.83,1.29,6.25
Net Food Importing Developing Countries (FAO),,1966,1.45,5.97,2.36,0.85,1.33,6.66
Net Food Importing Developing Countries (FAO),,1967,1.52,6.03,2.35,0.86,1.35,6.6
Net Food Importing Developing Countries (FAO),,1968,1.54,6.25,2.36,0.86,1.32,6.69
Net Food Importing Developing Countries (FAO),,1969,1.61,6.21,2.32,0.89,1.29,6.69
Net Food Importing Developing Countries (FAO),,1970,1.7,6.1,2.27,0.9,1.28,6.71
Net Food Importing Developing Countries (FAO),,1971,1.74,5.89,2.25,0.92,1.26,6.95
Net Food Importing Developing Countries (FAO),,1972,1.79,5.78,2.17,0.93,1.26,7.21
Net Food Importing Developing Countries (FAO),,1973,1.83,5.63,2.14,0.96,1.25,7.45
Net Food Importing Developing Countries (FAO),,1974,1.89,5.54,2.14,0.9,1.28,7.22
Net Food Importing Developing Countries (FAO),,1975,2.07,5.55,2.21,0.9,1.23,6.89
Net Food Importing Developing Countries (FAO),,1976,2.1,5.65,2.25,0.91,1.2,7.04
Net Food Importing Developing Countries (FAO),,1977,2.22,5.79,2.3,0.96,1.19,7.23
Net Food Importing Developing Countries (FAO),,1978,2.38,6.05,2.37,0.92,1.18,7.3
Net Food Importing Developing Countries (FAO),,1979,2.47,5.85,2.37,0.9,1.15,7.19
Net Food Importing Developing Countries (FAO),,1980,2.5,5.81,2.3,0.88,1.17,7.29
Net Food Importing Developing Countries (FAO),,1981,2.75,5.9,2.32,0.89,1.16,7.22
Net Food Importing Developing Countries (FAO),,1982,2.79,5.92,2.25,0.88,1.2,7.18
Net Food Importing Developing Countries (FAO),,1983,2.85,5.86,2.22,0.89,1.18,7.04
Net Food Importing Developing Countries (FAO),,1984,3.02,5.71,2.17,0.92,1.18,7.4
Net Food Importing Developing Countries (FAO),,1985,3.05,5.67,2.2,0.95,1.18,7.51
Net Food Importing Developing Countries (FAO),,1986,3.1,5.82,2.16,0.98,1.16,7.98
Net Food Importing Developing Countries (FAO),,1987,3.21,5.64,2.2,1,1.14,7.91
Net Food Importing Developing Countries (FAO),,1988,3.27,5.64,2.3,1.02,1.13,8
Net Food Importing Developing Countries (FAO),,1989,2.95,5.64,2.31,1.03,1.15,7.98
Net Food Importing Developing Countries (FAO),,1990,2.86,5.7,2.34,0.97,1.14,8.03
Net Food Importing Developing Countries (FAO),,1991,3.03,5.61,2.37,0.98,1.1,7.32
Net Food Importing Developing Countries (FAO),,1992,3.07,5.55,2.38,1.03,1.1,7.45
Net Food Importing Developing Countries (FAO),,1993,3.2,5.52,2.33,1.08,0.99,7.49
Net Food Importing Developing Countries (FAO),,1994,3.27,5.47,2.37,1.09,1,7.44
Net Food Importing Developing Countries (FAO),,1995,3.45,5.45,2.43,1.23,1,7.71
Net Food Importing Developing Countries (FAO),,1996,3.6,5.29,2.13,1.24,1,7.57
Net Food Importing Developing Countries (FAO),,1997,3.85,5.58,2.21,1.22,1.03,7.89
Net Food Importing Developing Countries (FAO),,1998,3.75,5.59,2.27,1.17,0.98,7.95
Net Food Importing Developing Countries (FAO),,1999,4.03,5.61,2.33,1.2,0.99,8.37
Net Food Importing Developing Countries (FAO),,2000,4.28,5.66,2.31,1.17,0.99,8.64
Net Food Importing Developing Countries (FAO),,2001,4.56,5.36,2.29,1.16,0.98,8.96
Net Food Importing Developing Countries (FAO),,2002,4.78,5.57,2.25,1.21,0.99,8.81
Net Food Importing Developing Countries (FAO),,2003,4.78,5.6,2.23,1.23,1,9.12
Net Food Importing Developing Countries (FAO),,2004,5.01,5.64,2.27,1.31,1,9.6
Net Food Importing Developing Countries (FAO),,2005,5.21,5.87,2.35,1.42,0.98,9.55
Net Food Importing Developing Countries (FAO),,2006,5.4,6.4,2.22,1.51,1,10.06
Net Food Importing Developing Countries (FAO),,2007,5.77,6.53,2.27,1.69,1.03,10.46
Net Food Importing Developing Countries (FAO),,2008,6.07,6.56,2.34,1.77,1.1,10.6
Net Food Importing Developing Countries (FAO),,2009,6.33,6.49,2.37,1.77,1.09,11.28
Net Food Importing Developing Countries (FAO),,2010,6.68,5.83,1.9,1.64,0.98,10.83
Net Food Importing Developing Countries (FAO),,2011,6.83,5.8,1.91,1.71,0.98,11.06
Net Food Importing Developing Countries (FAO),,2012,6.9,5.88,2.1,1.66,1.05,11.1
Net Food Importing Developing Countries (FAO),,2013,7.16,5.96,2.15,1.74,1.04,11.18
Net Food Importing Developing Countries (FAO),,2014,7.54,6.04,2.23,1.93,1.09,11.68
Net Food Importing Developing Countries (FAO),,2015,7.26,6.02,2.22,1.9,1.09,11.75
Net Food Importing Developing Countries (FAO),,2016,7.16,5.83,2.19,1.89,1.09,11.73
Net Food Importing Developing Countries (FAO),,2017,7.39,5.83,2.26,1.91,1.03,11.81
Net Food Importing Developing Countries (FAO),,2018,7.65,5.92,2.26,1.97,1.04,11.76
Net Food Importing Developing Countries (FAO),,2019,7.72,5.63,2.27,2.15,1,11.81
Net Food Importing Developing Countries (FAO),,2020,7.38,5.28,2.25,1.64,0.96,11.45
Net Food Importing Developing Countries (FAO),,2021,7.78,5.22,2.2,1.66,0.94,11.4
Net Food Importing Developing Countries (FAO),,2022,7.54,5.12,2.19,1.78,0.94,11.17
Net Food Importing Developing Countries (FAO),,2023,7.59,5.08,2.2,1.59,0.95,10.96
Netherlands,NLD,1961,1.9095463,20.04029,0.22874774,21.601742,1.2630854,10.721307
Netherlands,NLD,1962,2.7728565,20.910719,0.21864818,24.399149,1.0534866,10.0578165
Netherlands,NLD,1963,2.912091,23.157583,0.1788998,22.322718,1.0336431,13.019929
Netherlands,NLD,1964,4.4317346,18.710663,0.17885923,21.940065,1.5799233,13.27533
Netherlands,NLD,1965,3.7529168,18.36745,0.21842372,25.595291,1.5388944,12.271441
Netherlands,NLD,1966,5.6068087,20.502066,0.23816532,25.751627,1.3793741,13.247947
Netherlands,NLD,1967,5.9984,21.709442,0.19862252,28.283846,1.3804265,12.473495
Netherlands,NLD,1968,4.862807,21.927382,0.26849857,29.524897,1.4817142,12.410599
Netherlands,NLD,1969,5.73659,21.246262,0.24855241,27.420303,1.8392879,13.431773
Netherlands,NLD,1970,6.9396143,21.781853,0.25812587,28.453413,2.184142,13.333194
Netherlands,NLD,1971,6.9107113,20.811455,0.27761826,31.88644,2.1912012,12.978654
Netherlands,NLD,1972,7.1788034,19.5434,0.2776333,32.12614,2.2408974,12.7711315
Netherlands,NLD,1973,9.125282,19.223665,0.22838031,30.404371,2.2738736,12.2531
Netherlands,NLD,1974,7.7056074,22.052952,0.26845342,33.397594,2.1476274,12.975248
Netherlands,NLD,1975,7.157351,21.770275,0.2882822,34.067005,2.2267315,13.032343
Netherlands,NLD,1976,8.193595,23.059404,0.3082542,34.46481,2.4163153,10.967883
Netherlands,NLD,1977,7.2607713,22.599028,0.23903774,34.98915,2.1911793,11.523611
Netherlands,NLD,1978,8.095023,20.008265,0.39876962,37.03573,2.332802,11.215395
Netherlands,NLD,1979,8.122054,21.834873,0.49828556,39.484146,2.5711534,9.726535
Netherlands,NLD,1980,7.9870872,22.270346,0.586847,39.189445,2.218083,9.747628
Netherlands,NLD,1981,8.630478,18.631506,0.57602733,40.510612,2.2147257,13.586301
Netherlands,NLD,1982,11.263338,18.722569,0.47675502,41.954445,1.9566822,13.2994795
Netherlands,NLD,1983,9.7288685,18.831673,0.42731497,40.40611,1.4409459,13.982143
Netherlands,NLD,1984,11.860044,19.773365,0.43741986,40.381805,1.6403245,12.357112
Netherlands,NLD,1985,12.832785,19.502653,0.42742816,43.110603,1.7395332,12.942127
Netherlands,NLD,1986,13.947381,17.96073,0.54637176,42.10043,1.7086536,10.649282
Netherlands,NLD,1987,13.546224,19.649467,0.48627472,41.899017,1.865707,11.93854
Netherlands,NLD,1988,13.396173,18.750675,0.7238494,45.255463,1.5666878,12.622744
Netherlands,NLD,1989,13.304781,15.594948,0.80304563,43.186012,1.4772074,13.73109
Netherlands,NLD,1990,18.336504,18.247347,1.0203457,44.89521,1.5949093,10.629426
Netherlands,NLD,1991,17.530474,20.458815,1.127807,44.706665,1.4344914,10.684487
Netherlands,NLD,1992,19.255848,20.28388,1.0972275,43.493702,1.9077919,13.1865
Netherlands,NLD,1993,18.581678,22.347435,1.2750194,57.64274,1.6110711,13.27404
Netherlands,NLD,1994,20.288214,19.862864,1.2958342,41.02156,1.6618332,13.749691
Netherlands,NLD,1995,18.406872,21.309572,1.2086321,49.504383,1.5652777,17.208149
Netherlands,NLD,1996,21.347961,21.923325,1.3491277,50.63197,1.6169692,16.715296
Netherlands,NLD,1997,18.755013,18.219154,1.0915616,47.324154,1.7564217,15.192553
Netherlands,NLD,1998,18.862741,21.320942,1.1894529,51.84032,1.4075192,22.06435
Netherlands,NLD,1999,14.041173,18.038801,1.1181484,53.502907,1.25668,21.996847
Netherlands,NLD,2000,12.4341755,16.651327,0.84935594,53.864967,5.194898,21.372164
Netherlands,NLD,2001,13.798682,17.662313,1.468574,48.768486,7.145746,22.137028
Netherlands,NLD,2002,11.956604,17.363667,1.162174,47.727924,1.4379442,19.638771
Netherlands,NLD,2003,10.606877,16.028608,1.1730654,37.90283,0.4041654,18.631039
Netherlands,NLD,2004,22.47655,17.351185,1.1455535,35.610916,0.9184179,20.116316
Netherlands,NLD,2005,20.484295,16.038935,0.7821456,37.721195,0.9405548,20.25658
Netherlands,NLD,2006,15.002036,16.878532,0.89356935,39.31705,7.7939105,21.13788
Netherlands,NLD,2007,14.362818,18.918339,0.9548688,34.77314,4.316803,20.847967
Netherlands,NLD,2008,26.858232,16.258131,0.944662,36.58328,5.886736,21.279755
Netherlands,NLD,2009,22.314072,17.99618,0.95291406,35.535755,9.687961,22.512596
Netherlands,NLD,2010,15.930008,18.79001,0.91000044,33.590015,4.040002,24.21001
Netherlands,NLD,2011,12.25,14.81,0.96,33.6,4.94,22.65
Netherlands,NLD,2012,24.409998,15.209999,1.0399998,38.339996,5.3899994,23.889997
Netherlands,NLD,2013,23.609993,17.439995,0.9299997,35.90999,5.5699983,22.639992
Netherlands,NLD,2014,19.630005,16.180004,0.9800003,29.750008,3.8000011,22.760006
Netherlands,NLD,2015,21.89,15.860001,0.9800001,27.500002,3.4800003,21.27
Netherlands,NLD,2016,21.059996,15.829997,0.98999983,27.479994,3.2099993,20.859997
Netherlands,NLD,2017,15.789993,15.569994,0.9999996,29.839989,1.2199996,21.109993
Netherlands,NLD,2018,9.989997,15.579995,0.9999997,28.63999,2.2799993,19.759995
Netherlands,NLD,2019,5.2000012,15.300004,0.9500002,26.670008,3.510001,19.690006
Netherlands,NLD,2020,8.129999,16.339998,1.0899999,29.369999,3.9999998,19.569998
Netherlands,NLD,2021,11.699997,16.549995,0.8099998,30.129992,2.5099993,19.469994
Netherlands,NLD,2022,13.5199995,16.609999,0.98999995,30.499998,2.4399998,19.279999
Netherlands,NLD,2023,14.7599945,16.879993,0.8399997,36.69999,2.3899992,19.079992
Netherlands Antilles,ANT,1961,9.049043,29.987267,1.907244,28.847065,0.45608008,17.973701
Netherlands Antilles,ANT,1962,10.072969,31.707775,2.4129944,29.715773,0.5339392,20.957115
Netherlands Antilles,ANT,1963,10.45052,35.64447,2.5511565,31.822859,0.5327716,26.361948
Netherlands Antilles,ANT,1964,11.588309,33.73281,2.227735,29.972233,0.5416053,19.753265
Netherlands Antilles,ANT,1965,11.682025,32.082283,2.4851038,31.17583,0.5397971,21.500223
Netherlands Antilles,ANT,1966,11.975904,29.322079,2.6340866,30.976042,0.5513205,21.797577
Netherlands Antilles,ANT,1967,13.591137,29.104872,2.63846,31.75356,0.6647283,23.408663
Netherlands Antilles,ANT,1968,14.0364065,29.80319,2.7991383,32.0425,0.5292916,24.805456
Netherlands Antilles,ANT,1969,14.130571,28.56744,2.1747196,30.52775,0.5411273,21.369427
Netherlands Antilles,ANT,1970,16.868738,34.260777,2.534415,35.666504,0.77982,25.71354
Netherlands Antilles,ANT,1971,17.635002,33.13367,1.6433315,35.280273,0.54435354,30.607048
Netherlands Antilles,ANT,1972,20.415401,31.586872,1.9068191,37.4835,0.8290518,23.783424
Netherlands Antilles,ANT,1973,17.84533,33.952953,1.9041957,37.230663,0.42662305,24.21346
Netherlands Antilles,ANT,1974,20.22155,33.012856,1.6825165,36.545094,1.316752,29.114851
Netherlands Antilles,ANT,1975,20.359379,39.550594,1.5540714,32.81281,1.3037511,24.635683
Netherlands Antilles,ANT,1976,23.645416,46.525406,1.7273772,34.195866,2.3066175,26.469212
Netherlands Antilles,ANT,1977,24.41406,51.24168,2.4651291,38.565346,2.3929286,25.301096
Netherlands Antilles,ANT,1978,28.348053,39.05141,3.0975335,34.44089,1.7787815,25.741219
Netherlands Antilles,ANT,1979,28.488697,55.518513,2.553041,38.50837,0.89153814,27.840305
Netherlands Antilles,ANT,1980,27.15911,50.261925,3.8655295,39.197475,0.8735093,28.122982
Netherlands Antilles,ANT,1981,32.880146,55.73316,2.40611,53.407585,1.9228743,27.876646
Netherlands Antilles,ANT,1982,31.344273,41.210243,2.9306846,49.831673,1.224464,29.808674
Netherlands Antilles,ANT,1983,34.005764,48.28215,3.5816722,48.06081,0.67407876,31.017683
Netherlands Antilles,ANT,1984,32.921513,43.939274,3.3144505,44.283894,0.66897166,29.708422
Netherlands Antilles,ANT,1985,21.55603,25.99641,2.3009243,30.144129,1.0394527,21.919333
Netherlands Antilles,ANT,1986,23.171331,20.9905,2.9582572,32.066296,1.676009,23.231909
Netherlands Antilles,ANT,1987,25.237534,31.002096,3.2839925,28.2102,5.3628507,26.59331
Netherlands Antilles,ANT,1988,23.375343,30.051157,2.9881263,25.16422,2.2186089,23.6052
Netherlands Antilles,ANT,1989,24.54967,26.321812,2.9135213,24.45956,2.703267,26.522053
Netherlands Antilles,ANT,1990,24.183954,17.725569,2.7793052,24.253937,4.7088227,27.933018
Netherlands Antilles,ANT,1991,27.964096,20.231487,2.7954042,23.831324,4.9170957,19.115335
Netherlands Antilles,ANT,1992,28.16512,24.00114,2.4619153,23.058926,3.150846,21.508831
Netherlands Antilles,ANT,1993,32.63651,26.999292,2.8032613,25.79205,3.2943435,21.61785
Netherlands Antilles,ANT,1994,32.22527,24.14318,2.247316,23.359713,3.4843705,20.091827
Netherlands Antilles,ANT,1995,36.844128,23.476269,3.0015793,24.528368,4.352805,24.394276
Netherlands Antilles,ANT,1996,41.448116,21.620623,3.060689,16.395811,3.709926,17.766422
Netherlands Antilles,ANT,1997,43.197826,26.011152,3.5955386,14.998533,3.513355,20.18638
Netherlands Antilles,ANT,1998,52.55231,27.999516,3.2034204,14.486353,3.1628706,20.680307
Netherlands Antilles,ANT,1999,63.685017,19.042969,2.7233062,18.1352,0.25215796,24.721567
Netherlands Antilles,ANT,2000,68.17455,6.403358,3.0905795,17.93748,0.23229846,23.755043
Netherlands Antilles,ANT,2001,63.112286,6.0593457,2.6705632,20.82837,0.1618523,24.621782
Netherlands Antilles,ANT,2002,63.232014,2.0670648,2.3493955,19.541323,0.16133188,19.24891
Netherlands Antilles,ANT,2003,60.41061,2.2771633,2.661751,18.004772,0.2327767,22.457891
Netherlands Antilles,ANT,2004,61.42954,2.7848868,2.6734915,18.613169,0.6886265,23.443684
Netherlands Antilles,ANT,2005,64.38761,3.8023782,2.5484023,20.42767,0.6371006,21.823223
Netherlands Antilles,ANT,2006,59.342075,4.680901,2.3911097,19.58481,0.70922744,26.20089
Netherlands Antilles,ANT,2007,55.569214,3.6674669,2.0768805,20.768805,0.56734294,24.000633
Netherlands Antilles,ANT,2008,63.265408,3.4016924,2.6525102,21.41244,0.21260577,26.525103
Netherlands Antilles,ANT,2009,63.981712,4.992558,2.8254032,24.213402,0.54685223,28.679361
New Caledonia,NCL,1961,1.570243,28.303629,1.4622887,6.7814865,7.1249776,4.848125
New Caledonia,NCL,1962,1.5656707,28.143175,1.4198009,7.682484,6.8947864,9.374576
New Caledonia,NCL,1963,3.6034338,28.798174,1.3769218,7.1482754,8.075989,13.622737
New Caledonia,NCL,1964,4.4785805,27.981306,1.1883953,6.354477,9.202697,9.929483
New Caledonia,NCL,1965,5.8991337,27.786484,1.0938791,6.895345,7.7645884,9.659344
New Caledonia,NCL,1966,6.709031,25.315804,1.0004696,7.3858194,8.719779,8.347055
New Caledonia,NCL,1967,8.042354,26.619608,0.98338705,7.1368585,10.86594,5.0727196
New Caledonia,NCL,1968,10.314126,28.805393,0.8977291,6.3036194,10.567832,4.927752
New Caledonia,NCL,1969,12.251414,29.029686,0.9824247,5.3359146,12.492205,4.767649
New Caledonia,NCL,1970,17.130472,31.42827,0.88341004,5.290858,8.968533,4.570687
New Caledonia,NCL,1971,15.199962,34.892334,0.88515747,4.9111958,8.527968,4.3686805
New Caledonia,NCL,1972,16.17628,35.384422,0.81736785,5.284378,9.314192,4.1723776
New Caledonia,NCL,1973,16.372366,29.002207,0.7295556,6.708122,7.494526,6.367031
New Caledonia,NCL,1974,16.506922,21.402405,0.679142,6.621634,14.318576,6.602769
New Caledonia,NCL,1975,16.573677,22.59793,2.9516044,5.279368,14.776644,6.1359854
New Caledonia,NCL,1976,15.8375845,18.587101,3.464762,5.26681,14.304915,18.772879
New Caledonia,NCL,1977,17.699654,18.474482,2.9219365,4.873006,14.030896,20.50023
New Caledonia,NCL,1978,15.15963,17.948252,2.891559,3.8273385,13.802749,13.653024
New Caledonia,NCL,1979,17.001255,17.965197,3.0902781,5.1693645,11.217615,16.566538
New Caledonia,NCL,1980,21.447945,17.457851,2.7011333,4.426068,9.534527,21.83653
New Caledonia,NCL,1981,18.596838,17.14218,2.728677,4.886899,8.642396,18.026382
New Caledonia,NCL,1982,19.732834,18.080423,2.8725011,4.7458715,8.559861,20.741571
New Caledonia,NCL,1983,22.001238,15.263419,3.1910927,4.4502287,8.5256,17.416447
New Caledonia,NCL,1984,21.816296,14.975349,3.276756,4.5893745,6.908015,16.958649
New Caledonia,NCL,1985,24.11115,16.298328,2.8541298,4.4205375,5.323865,18.114595
New Caledonia,NCL,1986,23.369978,16.556545,2.7465746,5.1173024,5.936456,19.746428
New Caledonia,NCL,1987,29.302786,16.287855,3.0809677,5.21173,5.921984,23.659143
New Caledonia,NCL,1988,20.985277,16.044172,2.989657,5.123753,3.7010224,17.861038
New Caledonia,NCL,1989,22.720192,15.229914,3.0114565,5.706422,3.6540284,20.792477
New Caledonia,NCL,1990,30.128633,17.219099,3.0454247,5.861006,4.165911,23.798367
New Caledonia,NCL,1991,29.446238,16.758638,3.0936105,6.092325,3.416257,24.872248
New Caledonia,NCL,1992,35.87455,16.296295,3.1873777,6.4882526,3.300875,21.630663
New Caledonia,NCL,1993,30.385103,16.861647,2.8165967,6.3444552,3.2433538,19.0713
New Caledonia,NCL,1994,33.34475,17.920675,3.06401,5.938884,3.3666282,21.514267
New Caledonia,NCL,1995,32.878258,15.675178,2.8388858,6.0644636,3.2915986,19.966516
New Caledonia,NCL,1996,31.126907,16.838837,2.7390172,6.569876,3.0025654,23.15458
New Caledonia,NCL,1997,34.220684,19.850264,2.692682,11.101409,0.066136055,21.087952
New Caledonia,NCL,1998,36.273975,19.250498,2.4157486,9.851725,0.066055626,24.468893
New Caledonia,NCL,1999,34.92532,16.760384,2.771402,9.784745,0.103691906,22.736809
New Caledonia,NCL,2000,29.874949,15.266908,2.2119133,10.240688,0.16001076,24.048676
New Caledonia,NCL,2001,32.76057,15.684851,2.4810069,11.540441,0.046988767,24.659704
New Caledonia,NCL,2002,34.834717,15.582224,2.299786,10.428825,0.046934407,21.383316
New Caledonia,NCL,2003,36.116848,15.145172,2.3716855,10.775295,0.046686724,20.374084
New Caledonia,NCL,2004,38.234074,15.562659,2.1671891,12.6761875,0.04670666,22.129616
New Caledonia,NCL,2005,37.209183,15.498363,2.361298,11.656567,0.03748092,21.382866
New Caledonia,NCL,2006,34.000088,13.317014,2.5115833,13.288899,0.06560105,23.241516
New Caledonia,NCL,2007,39.720818,14.824712,2.211941,14.231723,0.07530012,24.227814
New Caledonia,NCL,2008,38.689167,13.972919,2.0902884,15.959636,0,26.025032
New Caledonia,NCL,2009,41.098064,14.943034,2.3803065,16.45434,0.00944566,24.681509
New Caledonia,NCL,2010,36.76,21.949999,2.6899998,15.569999,0.089999996,25.699999
New Caledonia,NCL,2011,37.468597,23.579117,1.949927,15.9994,0.079997,27.22898
New Caledonia,NCL,2012,37.408623,23.589132,1.7099371,17.079372,0.04999816,27.089003
New Caledonia,NCL,2013,36.72841,23.188995,1.4599367,16.739275,0.049997836,25.018917
New Caledonia,NCL,2014,37.66826,21.778994,1.8499146,15.56928,0.04999769,24.958845
New Caledonia,NCL,2015,36.938828,20.259357,0.7899749,15.359512,0.049998414,25.989176
New Caledonia,NCL,2016,36.44846,23.249016,1.819923,16.679295,0,26.26889
New Caledonia,NCL,2017,36.10949,22.65968,1.8299742,16.729763,0.019999716,23.569666
New Caledonia,NCL,2018,35.208633,23.48909,1.6899345,18.779272,1.0599588,21.65916
New Caledonia,NCL,2019,37.499207,22.919514,1.549967,19.059595,1.7999618,24.079489
New Caledonia,NCL,2020,42.98894,21.349474,1.2999679,19.85951,1.0599738,25.259377
New Caledonia,NCL,2021,35.987854,21.748703,1.2799237,25.32849,1.2699243,22.868637
New Caledonia,NCL,2022,37.108707,21.819239,1.3499529,26.519077,1.2099578,22.719208
New Caledonia,NCL,2023,38.108818,20.90935,1.0899662,28.939102,0.5499829,22.499302
New Zealand,NZL,1961,2.6636882,46.94875,42.110214,15.26383,0.39905438,20.551302
New Zealand,NZL,1962,3.310107,56.949795,43.579754,15.015124,0.4486591,20.010195
New Zealand,NZL,1963,2.7921486,51.116264,43.40794,14.937995,0.5484578,19.146164
New Zealand,NZL,1964,3.0619714,49.22094,42.717995,15.858418,0.6881955,17.514078
New Zealand,NZL,1965,3.4887254,42.213577,40.538986,15.470005,0.76751953,18.211147
New Zealand,NZL,1966,3.711105,53.308586,37.40953,13.053539,0.7760488,19.918587
New Zealand,NZL,1967,3.7431211,52.11577,38.880802,12.728598,0.44679165,19.638977
New Zealand,NZL,1968,3.797087,54.18304,39.660675,13.011484,0.46718088,17.255873
New Zealand,NZL,1969,4.3269086,62.231712,39.829494,12.561993,0.29909506,14.197045
New Zealand,NZL,1970,5.086061,45.244957,40.268814,13.339669,0.28977558,16.067556
New Zealand,NZL,1971,6.130314,44.88552,41.059082,15.015263,0.33055615,17.549526
New Zealand,NZL,1972,6.295209,47.30945,44.156822,13.403674,0.391568,12.198849
New Zealand,NZL,1973,6.7247643,49.19115,42.4965,11.954021,0.3713676,16.139435
New Zealand,NZL,1974,9.215382,44.135773,38.27235,12.057041,0.69040316,15.408998
New Zealand,NZL,1975,8.370029,72.30112,37.455887,11.2995405,0.4683231,15.115876
New Zealand,NZL,1976,8.511709,92.72393,33.291122,10.918056,0.3977434,14.855715
New Zealand,NZL,1977,8.37407,55.614964,30.313736,12.421868,0.51716346,15.385613
New Zealand,NZL,1978,11.15279,72.56284,33.040142,11.9992075,0.43814534,18.073494
New Zealand,NZL,1979,10.40144,48.743023,31.324102,11.469533,0.73868185,13.925151
New Zealand,NZL,1980,9.642069,57.45232,31.276709,11.512469,0.6801459,14.553122
New Zealand,NZL,1981,11.879352,50.031506,29.20758,10.567215,0.31050584,11.498732
New Zealand,NZL,1982,10.923259,54.295906,26.091671,13.085884,0.40048614,15.278546
New Zealand,NZL,1983,9.839962,38.69053,27.891544,12.547199,0.3796127,16.333338
New Zealand,NZL,1984,12.397727,48.472916,28.069572,13.705378,0.38930058,16.919603
New Zealand,NZL,1985,14.214218,48.994537,27.148054,14.86441,0.42012465,13.964144
New Zealand,NZL,1986,13.408666,56.091747,35.662838,14.582049,0.3008676,12.405773
New Zealand,NZL,1987,14.099214,42.87967,40.130074,13.898513,0.58203155,19.508093
New Zealand,NZL,1988,15.669802,50.10517,27.620663,14.423455,0.3417404,13.549001
New Zealand,NZL,1989,17.047853,26.675707,30.819212,14.194783,0.4133424,20.868752
New Zealand,NZL,1990,16.564966,39.091724,30.029005,13.614082,0.80024,22.846851
New Zealand,NZL,1991,16.769999,34.549763,30.708698,13.582313,1.3562514,20.185375
New Zealand,NZL,1992,19.120367,26.459097,29.513596,13.864249,3.768537,20.538527
New Zealand,NZL,1993,20.520445,37.698963,30.915344,14.255574,1.3666996,20.011675
New Zealand,NZL,1994,20.261017,20.441114,32.32758,14.477873,2.1911914,21.201529
New Zealand,NZL,1995,23.96369,45.667034,34.835365,15.882446,2.160333,27.07417
New Zealand,NZL,1996,23.152866,36.159534,30.588099,16.76415,1.5249197,20.172794
New Zealand,NZL,1997,23.324894,37.72911,27.815037,16.142654,1.9371186,26.662699
New Zealand,NZL,1998,25.071938,26.570696,28.119081,16.45656,2.421834,25.597992
New Zealand,NZL,1999,24.799408,33.079147,27.944115,18.430378,2.8859665,23.684826
New Zealand,NZL,2000,26.692934,20.082207,26.002857,17.971975,1.7401912,22.7525
New Zealand,NZL,2001,30.780039,26.021482,24.8469,17.779337,1.8672823,27.56751
New Zealand,NZL,2002,33.702583,25.690575,23.845507,19.072393,2.627217,26.342365
New Zealand,NZL,2003,35.87586,25.479956,23.910576,19.712229,2.5489953,26.279642
New Zealand,NZL,2004,35.687023,26.048632,23.112167,20.225643,3.965225,26.867645
New Zealand,NZL,2005,37.230976,16.645966,23.05441,21.834707,4.1489944,27.623304
New Zealand,NZL,2006,34.885483,25.568676,23.026821,21.675833,4.062968,25.008268
New Zealand,NZL,2007,34.42914,31.903334,23.113127,22.7523,3.9891696,28.4955
New Zealand,NZL,2008,33.607113,34.349926,22.836376,21.993187,4.316326,26.741144
New Zealand,NZL,2009,30.592304,27.679708,20.980736,21.904732,3.685941,25.681065
New Zealand,NZL,2010,23.07002,21.00002,24.010023,21.82002,1.9500018,26.260025
New Zealand,NZL,2011,24.130005,21.190006,20.660006,19.430006,3.500001,25.490007
New Zealand,NZL,2012,26.249989,20.249992,24.98999,22.80999,2.469999,24.81999
New Zealand,NZL,2013,24.889961,23.279964,19.36997,22.559965,2.4099963,25.71996
New Zealand,NZL,2014,28.380024,19.330017,17.020016,24.14002,3.160003,24.91002
New Zealand,NZL,2015,27.309969,16.57998,16.009983,25.72997,2.7799969,24.409973
New Zealand,NZL,2016,26.230011,25.030012,20.70001,25.88001,2.600001,23.68001
New Zealand,NZL,2017,25.510006,21.200005,12.340003,25.550005,2.4400005,24.400005
New Zealand,NZL,2018,24.690052,20.470041,13.600028,26.310053,2.930006,25.330051
New Zealand,NZL,2019,27.199945,17.499964,12.469975,26.639946,3.7299924,25.509949
New Zealand,NZL,2020,24.730024,17.710016,12.290011,23.470022,2.5600023,25.110025
New Zealand,NZL,2021,26.200033,19.150023,9.740011,27.480032,2.1500027,24.92003
New Zealand,NZL,2022,26.179995,21.639996,13.019998,24.479994,2.4599996,24.809994
New Zealand,NZL,2023,25.960012,17.69001,11.540007,22.46001,1.900001,24.610014
Nicaragua,NIC,1961,1.0861682,10.891576,0.01992969,3.3681178,0.6576798,2.3417385
Nicaragua,NIC,1962,1.2664262,9.602901,0.01994372,2.7921207,0.63819903,1.7849629
Nicaragua,NIC,1963,1.385608,10.446885,0.019936806,3.0303943,0.667883,2.2428906
Nicaragua,NIC,1964,1.4938939,11.532861,0.019918583,3.585345,0.64735395,2.0316956
Nicaragua,NIC,1965,1.6920549,11.077983,0.019906526,4.6183143,0.67682195,2.637615
Nicaragua,NIC,1966,1.7701576,10.790006,0.01988941,5.767929,0.65635055,2.6452918
Nicaragua,NIC,1967,1.7483727,11.185612,0.019867871,5.0265713,0.6755076,2.8212376
Nicaragua,NIC,1968,1.8156573,12.451639,0.019843249,5.1890097,0.67467046,2.797898
Nicaragua,NIC,1969,1.6356661,13.015938,0.019826256,5.7496147,0.5947877,2.0520175
Nicaragua,NIC,1970,1.7531514,13.104064,0.01980962,6.4975557,0.33676356,2.0800102
Nicaragua,NIC,1971,1.8209885,13.974108,0.019793354,6.2942867,0.53442055,1.870472
Nicaragua,NIC,1972,2.2401686,13.540134,0.019824501,6.3537526,0.5451738,1.9824501
Nicaragua,NIC,1973,2.4827473,13.118836,0.019861978,4.6675644,0.6753073,3.0190206
Nicaragua,NIC,1974,3.1180794,11.528949,0.019860378,5.908462,0.6156717,1.211483
Nicaragua,NIC,1975,3.62545,14.303144,0.009932739,6.098702,0.28804943,1.5197091
Nicaragua,NIC,1976,4.0237103,15.200682,0.009935086,6.457806,0.039740343,1.4008471
Nicaragua,NIC,1977,3.578909,16.93023,0.009941414,7.0683455,0.19882828,2.356115
Nicaragua,NIC,1978,2.9860506,13.865228,0.009953502,6.1910777,0.069674514,3.1851206
Nicaragua,NIC,1979,2.26532,11.735756,0.009979384,6.606352,0.109773226,1.2174848
Nicaragua,NIC,1980,3.0877159,11.431543,0.009992608,3.287568,0.65951216,0.84937173
Nicaragua,NIC,1981,3.4282787,10.504725,0.009994982,3.8380728,0.63967884,0.62968385
Nicaragua,NIC,1982,3.0884302,10.264783,0.009994919,4.0179577,0.63967484,0.94951737
Nicaragua,NIC,1983,3.2297382,10.379159,0.0099991895,3.999676,0.73994005,0.999919
Nicaragua,NIC,1984,2.0510712,11.33592,0.0100052245,3.9420588,1.5007838,0.82042843
Nicaragua,NIC,1985,2.802659,10.119601,0.0100094965,3.403229,0.9308832,0.6606268
Nicaragua,NIC,1986,2.700597,8.641911,0.010002211,3.8908603,0.58012825,0.3500774
Nicaragua,NIC,1987,2.8362193,5.6324916,0.009986687,3.6751013,0.94873536,0.92876196
Nicaragua,NIC,1988,2.6517522,4.9047446,0.009968992,2.7115662,0.91714734,0.78755045
Nicaragua,NIC,1989,1.6416888,3.2634785,0.009949629,3.203781,0.7959704,0.59697783
Nicaragua,NIC,1990,1.7098492,7.127685,0.009940984,2.5250099,0.6064,0.3578754
Nicaragua,NIC,1991,3.7599127,6.4754057,0.009946859,2.8746424,0.5470773,1.0046328
Nicaragua,NIC,1992,4.9428887,6.15868,0.009965502,2.3219619,0.57799906,1.3054807
Nicaragua,NIC,1993,5.335524,5.335524,0.009991618,1.9783404,0.4396312,1.0491198
Nicaragua,NIC,1994,5.960048,4.547667,0.010016888,1.2120435,0.42070928,0.66111463
Nicaragua,NIC,1995,6.382009,4.2948112,0.06020763,1.1539795,0.4013842,0.82283765
Nicaragua,NIC,1996,6.245476,5.420791,0.010057127,1.1565696,0.4022851,1.2470838
Nicaragua,NIC,1997,6.3718076,5.222462,0.010081974,1.1695089,0.383115,1.199755
Nicaragua,NIC,1998,6.9450364,4.8220997,0.010109223,1.2434345,0.3437136,2.6385071
Nicaragua,NIC,1999,7.5912657,4.8040853,0.010135201,1.2364945,0.34459683,2.8682618
Nicaragua,NIC,2000,9.790405,5.037387,0.010156021,1.1374744,0.3757728,3.1280546
Nicaragua,NIC,2001,11.294547,4.94518,0.010175267,1.4652386,0.3764849,3.6630962
Nicaragua,NIC,2002,11.048565,3.7813816,0.010192403,1.5288604,0.36692652,3.7100348
Nicaragua,NIC,2003,12.042365,5.1129026,0.010205394,1.4797821,0.37759957,2.7044294
Nicaragua,NIC,2004,12.880453,5.229811,0.010214475,1.5321714,0.3779356,2.5740478
Nicaragua,NIC,2005,13.560639,5.228198,0.010211324,1.5827553,0.39824164,4.1457977
Nicaragua,NIC,2006,15.773022,5.148918,0.0101958765,1.9576083,0.42822683,5.128526
Nicaragua,NIC,2007,16.613174,5.323952,0.010179641,2.3209581,0.45808384,4.3161674
Nicaragua,NIC,2008,16.648476,5.2953944,0.010163904,2.5003207,0.4675396,4.7363796
Nicaragua,NIC,2009,16.254534,5.2692714,0.010152739,2.5787954,0.44672048,5.756603
Nicaragua,NIC,2010,17.309998,3.1499996,0.009999998,2.8599994,0.42999995,6.5299993
Nicaragua,NIC,2011,18.169996,2.4699996,0.009999998,3.1599994,0.4399999,5.749999
Nicaragua,NIC,2012,19.11,2.61,0.01,3.48,0.44,5.48
Nicaragua,NIC,2013,19.75996,3.3099933,0.009999979,3.6399927,0.44999906,5.769988
Nicaragua,NIC,2014,21.859991,4.699998,0.009999995,3.8299983,0.4599998,7.049997
Nicaragua,NIC,2015,20.52001,3.2500014,0.010000004,4.5300026,0.46000022,5.8900027
Nicaragua,NIC,2016,21.170021,1.5400014,0.010000009,5.0800047,0.47000045,6.6300063
Nicaragua,NIC,2017,21.839983,3.6399972,0.009999991,5.1999955,0.4699996,7.429994
Nicaragua,NIC,2018,20.70002,1.6900016,0.010000009,5.2000046,0.4400004,7.330007
Nicaragua,NIC,2019,20.73,2.46,0.01,5.44,0.35,6.58
Nicaragua,NIC,2020,22.840012,1.970001,0.010000004,5.5300026,0.2900001,5.9300027
Nicaragua,NIC,2021,23.479982,2.3799984,0.009999992,6.3099957,0.28999978,7.529995
Nicaragua,NIC,2022,24.469955,2.839995,0.009999982,6.079989,0.2599995,7.4399867
Nicaragua,NIC,2023,26.139965,3.0899959,0.009999987,6.769991,0.25999963,7.33999
Niger,NER,1961,1.045377,5.654539,5.654539,0.076027416,2.0337336,0.057020564
Niger,NER,1962,1.0441723,4.936087,5.961275,0.094924755,2.135807,0.44614634
Niger,NER,1963,1.043077,5.9076085,6.3532867,0.09482518,2.1904614,1.630993
Niger,NER,1964,1.1182927,6.0084543,6.4159675,0.10424763,2.2460625,1.2794027
Niger,NER,1965,1.1840383,5.815996,6.299084,0.12313998,2.349132,1.051426
Niger,NER,1966,1.2504277,6.375286,7.0573373,0.15156698,2.4155989,0.8241455
Niger,NER,1967,1.3073227,7.398689,7.644996,0.16104701,2.4725451,0.5020877
Niger,NER,1968,1.3266752,8.983486,8.377007,0.16109627,2.5396354,0.6254326
Niger,NER,1969,1.3273898,7.139461,9.035732,0.16118306,2.6452982,0.20858982
Niger,NER,1970,1.3380572,6.3012056,9.508747,0.16132605,2.7899916,0.10438744
Niger,NER,1971,1.320379,6.1269383,9.033672,0.17098434,3.068219,0.14248694
Niger,NER,1972,1.303007,5.582957,9.083005,0.17119801,3.252762,2.111442
Niger,NER,1973,1.2851865,5.0265074,7.092325,0.16183831,3.0654078,1.9420596
Niger,NER,1974,1.2958874,5.355064,6.536608,0.15245733,3.0967896,1.5055162
Niger,NER,1975,1.3066093,6.113405,6.494897,0.1525967,2.7944272,1.106326
Niger,NER,1976,1.3550503,4.8762727,7.051987,0.15268172,2.6719303,0.8683774
Niger,NER,1977,1.317204,8.294566,9.229973,0.15271929,2.6439528,0.6681469
Niger,NER,1978,1.306998,7.9755497,9.37795,0.16218224,2.6712368,1.4023994
Niger,NER,1979,1.2861769,6.24034,9.470073,0.20007196,2.658099,0.40014392
Niger,NER,1980,1.2930707,8.661672,9.460333,0.20917319,2.8713775,1.5117518
Niger,NER,1981,1.3474478,9.062061,9.508048,0.20875952,2.894166,1.4613166
Niger,NER,1982,1.3069537,8.618318,9.07291,0.20835492,2.765438,1.1554228
Niger,NER,1983,1.2573118,8.233974,9.292764,0.17961597,2.8076813,0.519941
Niger,NER,1984,1.2362579,8.097017,5.898177,0.18874167,2.481953,0.47185415
Niger,NER,1985,1.2056545,7.1868315,4.0314074,0.18838352,2.0627997,0.320252
Niger,NER,1986,1.175057,5.8000817,6.157299,0.17860867,2.5005214,0.42302054
Niger,NER,1987,1.191367,6.444639,5.984978,0.17823602,2.6360168,0.4315188
Niger,NER,1988,1.1614432,6.4722357,6.481602,0.1685966,2.6413465,0.412125
Niger,NER,1989,1.1418356,6.7293425,6.5795937,0.16846755,2.8358703,0.8516971
Niger,NER,1990,1.1135876,6.672168,5.6240854,0.16844182,2.8260794,0.55211484
Niger,NER,1991,1.1050463,6.2182264,5.5814204,0.15920158,2.7251565,0.561888
Niger,NER,1992,1.0973352,7.3249474,5.4304028,0.15944189,3.1607008,0.39391524
Niger,NER,1993,1.0807799,7.7064304,5.4978805,0.15036938,3.2423398,0.25374833
Niger,NER,1994,1.0643197,7.874082,5.3121796,0.15070014,3.2588906,0.30140027
Niger,NER,1995,1.0474374,6.3978615,5.4447875,0.14154561,3.1894944,0.45294592
Niger,NER,1996,1.0308768,9.467042,5.390823,0.14186378,2.9034784,0.50125194
Niger,NER,1997,1.0149772,9.267596,5.463803,0.14228652,2.9595597,0.73040414
Niger,NER,1998,0.9891284,9.501339,5.639934,0.1331519,2.9673853,0.6752704
Niger,NER,1999,0.9816923,9.893171,5.718596,0.12390291,2.9736698,0.74341744
Niger,NER,2000,0.9548523,10.245564,5.538143,0.124130785,2.7308774,1.1744683
Niger,NER,2001,0.9464284,10.898266,5.2770553,0.12427847,2.9157643,0.6022726
Niger,NER,2002,0.9186316,11.492465,5.473513,0.11482895,2.889862,0.40190133
Niger,NER,2003,0.90011555,11.644048,5.6496615,0.11490837,3.1216774,3.29404
Niger,NER,2004,0.88138235,12.138168,5.8056273,0.10538267,3.1902208,3.2572827
Niger,NER,2005,0.85298026,12.353838,6.0091977,0.10542452,3.1627357,3.3448327
Niger,NER,2006,0.73823726,12.406221,5.944248,0.10546247,3.1063492,2.1475995
Niger,NER,2007,0.7192674,12.965995,6.0514364,0.09590232,2.934611,2.0810804
Niger,NER,2008,0.70035124,13.153172,5.833062,0.095938526,3.0412512,2.072272
Niger,NER,2009,1.0174054,8.926293,6.1620216,0.086383484,3.0426183,2.0636055
Niger,NER,2010,0.9299998,3.6399994,2.2399995,0.08999999,2.6299996,2.6099994
Niger,NER,2011,0.91999966,3.1999989,2.259999,0.08999997,2.449999,3.1799989
Niger,NER,2012,1.01,3.32,2.32,0.09,2.6,2.75
Niger,NER,2013,1.0300001,3.2900002,2.2100003,0.080000006,2.6400003,2.5900002
Niger,NER,2014,1.0399996,4.509999,2.449999,0.07999997,2.809999,2.6399992
Niger,NER,2015,1.0700003,2.9600005,2.3200004,0.08000001,2.7000005,1.7800003
Niger,NER,2016,1.0799996,2.8499987,2.239999,0.07999997,2.6399992,2.1099992
Niger,NER,2017,1.07,2.79,2.27,0.07,2.57,1.49
Niger,NER,2018,1.0999998,3.0399995,2.1399999,0.069999985,2.4999995,1.6199998
Niger,NER,2019,1.1899998,2.5199995,2.1599996,0.069999985,2.2699995,1.9299995
Niger,NER,2020,0.99999976,2.8399992,2.2999995,0.069999985,2.3599994,2.1799996
Niger,NER,2021,0.90999985,2.6599996,2.0199995,0.059999987,2.3699994,1.9899997
Niger,NER,2022,0.88999975,2.5799992,1.9099994,0.05999998,2.4099994,1.9299994
Niger,NER,2023,0.97000027,2.6300008,1.7200004,0.060000014,2.2700005,1.8700005
Nigeria,NGA,1961,0.6521863,3.4616044,0.27090818,0.47158086,1.735819,3.4616044
Nigeria,NGA,1962,0.69224346,3.1602418,0.29094288,0.48156065,1.7055273,3.2104044
Nigeria,NGA,1963,0.7323499,3.1902363,0.31099787,0.4815451,1.6653434,4.283745
Nigeria,NGA,1964,0.7624496,3.541378,0.3310637,0.48154715,1.6352539,5.0662775
Nigeria,NGA,1965,0.7924012,3.6711247,0.35106382,0.48145893,1.5948328,4.6641335
Nigeria,NGA,1966,0.8123382,3.3997858,0.3810969,0.49141446,1.5645031,4.623307
Nigeria,NGA,1967,0.8227588,3.2609344,0.4113794,0.5016822,1.7257868,4.3245006
Nigeria,NGA,1968,0.85331225,3.0317683,0.4316756,0.4919094,1.8672479,3.342976
Nigeria,NGA,1969,0.98407346,3.6350467,0.48199517,0.5121198,1.8275651,3.1630933
Nigeria,NGA,1970,1.0143036,3.504871,0.5222157,0.5121731,1.7875845,3.8463197
Nigeria,NGA,1971,1.0543917,3.2937193,0.5422587,0.5121332,1.7472779,5.7439246
Nigeria,NGA,1972,1.0741494,2.7907805,0.53205526,0.50193894,1.7065924,6.0734615
Nigeria,NGA,1973,1.1037141,3.7726953,0.57192457,0.49165446,1.3344907,6.1105623
Nigeria,NGA,1974,1.1132007,3.6504958,0.60173005,0.4713552,1.2937195,6.378339
Nigeria,NGA,1975,1.2931569,2.9672437,0.69168854,0.5012236,1.423475,7.6586967
Nigeria,NGA,1976,1.3133925,4.1106176,0.8622272,0.5213466,1.3835738,9.273955
Nigeria,NGA,1977,1.6346161,3.4597704,0.92260545,0.5515576,1.4139931,10.198802
Nigeria,NGA,1978,1.7947887,3.7800858,1.0427823,0.56149817,1.3736652,12.633709
Nigeria,NGA,1979,1.7729895,4.157009,1.1218916,0.5308951,1.3322464,13.963544
Nigeria,NGA,1980,1.7983738,5.355158,1.1789339,0.5195302,1.3587713,13.337939
Nigeria,NGA,1981,1.8815991,4.549687,1.2444439,0.5077331,1.3141328,16.526215
Nigeria,NGA,1982,1.7454334,5.1668797,1.3090751,0.49586177,1.2793233,17.484085
Nigeria,NGA,1983,1.823776,5.233444,1.3579202,0.47576764,1.2389783,12.231194
Nigeria,NGA,1984,1.6547937,5.2814674,1.4169791,0.60444564,1.2088913,8.709963
Nigeria,NGA,1985,1.6108778,5.198293,1.4626375,0.7115534,1.1760397,6.038321
Nigeria,NGA,1986,1.6189828,3.277453,1.5597517,0.87859434,1.1451342,5.834261
Nigeria,NGA,1987,1.6973708,2.9901357,1.588818,1.0263171,1.115133,8.743433
Nigeria,NGA,1988,1.736167,2.5746567,1.6276566,1.0752398,1.0851043,7.6351886
Nigeria,NGA,1989,1.793989,2.306557,1.7151322,1.2124211,1.0645648,9.49237
Nigeria,NGA,1990,1.7918172,2.106862,1.6933657,1.1026567,0.9648246,10.642607
Nigeria,NGA,1991,1.6524521,2.065565,1.7114683,1.0721267,0.95409447,9.413075
Nigeria,NGA,1992,1.5819939,2.0536442,1.6999066,1.1005175,0.9433007,5.8563256
Nigeria,NGA,1993,1.5699081,2.3254263,1.7268989,1.1087476,1.0695,6.4268117
Nigeria,NGA,1994,1.5578464,2.4592419,1.9007686,1.1267443,1.1267443,5.0164614
Nigeria,NGA,1995,1.5262936,2.4068477,2.0057065,1.2327757,1.1055845,6.2030144
Nigeria,NGA,1996,1.4951808,2.4724233,2.0912988,1.2410978,1.1336012,7.114325
Nigeria,NGA,1997,1.4643382,2.5284238,2.303892,1.2495686,1.1617084,6.7261934
Nigeria,NGA,1998,1.4334573,2.4866095,2.4183497,1.2481804,1.1409149,7.840133
Nigeria,NGA,1999,1.4023718,2.4249344,2.53206,1.2952461,1.1102109,7.4111447
Nigeria,NGA,2000,1.2639416,2.2070367,2.6640003,1.2444965,0.9528176,6.4752703
Nigeria,NGA,2001,1.4166305,2.454846,2.8235579,1.2710861,0.95088893,9.314831
Nigeria,NGA,2002,1.452271,2.7012239,2.7883604,1.4425892,0.95849884,8.607126
Nigeria,NGA,2003,1.4781165,2.2703097,2.7436934,1.3042204,0.96608925,8.994291
Nigeria,NGA,2004,1.4944198,2.304299,2.7381628,1.3208743,0.96414185,9.998151
Nigeria,NGA,2005,1.5111997,2.1176045,2.7143838,1.337941,0.972173,10.751656
Nigeria,NGA,2006,1.5573816,1.7400374,2.720611,1.3554988,0.67294264,14.477881
Nigeria,NGA,2007,1.6037495,2.1415339,2.708128,1.3636672,0.7874698,16.383213
Nigeria,NGA,2008,1.6502918,2.0820544,2.6865215,1.3816397,0.86352473,15.61061
Nigeria,NGA,2009,1.888933,2.0423489,2.6751893,1.3999199,0.8917298,13.586893
Nigeria,NGA,2010,1.45,1.85,2.75,1.41,0.93,13.4
Nigeria,NGA,2011,1.14,2.05,2.29,1.4199998,0.9499999,14.549999
Nigeria,NGA,2012,1.15,1.64,2.06,1.42,0.94,12.8
Nigeria,NGA,2013,1.18,2.09,2.13,1.42,0.93,12.82
Nigeria,NGA,2014,1.36,2.12,2.57,1.49,0.96,11.77
Nigeria,NGA,2015,1.1,2.12,2.06,1.4899999,0.9599999,10.67
Nigeria,NGA,2016,1.23,1.79,2.06,1.44,0.94,8.73
Nigeria,NGA,2017,1.37,1.51,2.07,1.48,0.93,8.69
Nigeria,NGA,2018,1.36,1.55,2.08,1.48,0.93,8.55
Nigeria,NGA,2019,1.2,1.57,2.02,1.46,0.85,8.55
Nigeria,NGA,2020,1.13,1.57,1.92,1.45,0.82,8.77
Nigeria,NGA,2021,1.5700002,1.5100001,1.9400002,1.6600001,0.81000006,7.2000003
Nigeria,NGA,2022,1.6,1.45,1.92,1.66,0.79,7.05
Nigeria,NGA,2023,1.43,1.4,1.87,1.64,0.78,6.9
North America,OWID_NAM,1961,13.186679,33.769634,1.7439952,23.106215,1.1267775,11.132666
North America,OWID_NAM,1962,13.080401,34.041092,1.7320523,23.425768,1.0765882,11.386388
North America,OWID_NAM,1963,13.322415,35.46553,1.6466224,23.891752,1.0943378,11.335401
North America,OWID_NAM,1964,13.635036,37.827057,1.4665874,23.681643,1.0204649,11.067234
North America,OWID_NAM,1965,14.356272,37.785484,1.3279084,21.296066,0.9580676,10.902907
North America,OWID_NAM,1966,15.178624,38.715965,1.3466958,21.297718,1.0056102,11.40319
North America,OWID_NAM,1967,15.651143,39.048878,1.3323991,23.08105,1.0131184,10.935082
North America,OWID_NAM,1968,15.439674,39.79157,1.2937888,23.533451,0.9879326,11.962823
North America,OWID_NAM,1969,16.04954,39.58855,1.2197875,22.973259,0.9840728,11.272314
North America,OWID_NAM,1970,16.62541,39.990055,1.1804597,23.58435,0.9934912,12.056362
North America,OWID_NAM,1971,16.64607,39.476143,1.1365267,25.501293,0.9944449,11.966505
North America,OWID_NAM,1972,17.190145,39.799587,1.1900507,23.837448,0.987238,13.07873
North America,OWID_NAM,1973,16.604322,37.380188,1.0357567,22.11018,0.99618596,12.927986
North America,OWID_NAM,1974,16.609898,39.317944,0.90246594,23.61886,1.0308917,12.463911
North America,OWID_NAM,1975,16.288511,41.144974,0.8370011,19.981457,0.9771524,11.958307
North America,OWID_NAM,1976,17.3527,44.029446,0.76737356,21.141987,0.95398045,13.005218
North America,OWID_NAM,1977,17.635693,42.601105,0.7102921,22.308672,0.90209556,12.869674
North America,OWID_NAM,1978,18.330187,40.379032,0.66916835,22.411072,0.91139144,13.878525
North America,OWID_NAM,1979,19.613974,35.79971,0.6678485,25.160133,0.92005724,14.003109
North America,OWID_NAM,1980,20.080915,35.434616,0.67024577,26.702389,0.8952413,14.017798
North America,OWID_NAM,1981,20.87775,35.887104,0.68093127,25.660475,0.93476313,15.756714
North America,OWID_NAM,1982,21.1266,35.755665,0.70230305,23.502695,0.9560431,14.722939
North America,OWID_NAM,1983,21.591072,36.227978,0.6932248,24.677504,0.91321546,14.867509
North America,OWID_NAM,1984,22.20612,35.820587,0.700116,24.26506,0.8735952,15.909539
North America,OWID_NAM,1985,23.060846,36.040943,0.68768144,23.888865,0.8722908,15.901867
North America,OWID_NAM,1986,24.196243,36.945602,0.70046437,21.885494,0.82986975,15.998351
North America,OWID_NAM,1987,25.741543,35.629307,0.6511434,21.80442,0.8177919,17.64106
North America,OWID_NAM,1988,26.560835,35.221493,0.6751359,22.890802,0.85993904,16.986479
North America,OWID_NAM,1989,27.473618,33.269104,0.69182235,22.304817,0.8526829,18.386597
North America,OWID_NAM,1990,28.974813,32.518616,0.7047304,21.410614,0.8221341,18.314112
North America,OWID_NAM,1991,30.258259,32.31285,0.71833134,21.671265,0.7639388,17.376291
North America,OWID_NAM,1992,31.079361,32.21553,0.71274805,22.799314,0.7456433,17.717592
North America,OWID_NAM,1993,31.844824,31.211212,0.70025563,22.541025,0.74895287,18.22009
North America,OWID_NAM,1994,32.56276,32.348217,0.66408837,22.945896,0.77069056,18.041796
North America,OWID_NAM,1995,32.63898,32.074806,0.6325976,22.531435,0.74178904,17.46792
North America,OWID_NAM,1996,33.385166,32.33519,0.5938444,21.155235,0.70472324,17.069513
North America,OWID_NAM,1997,34.321007,31.95439,0.6009122,21.007687,0.654169,17.240774
North America,OWID_NAM,1998,35.131496,32.531334,0.65331864,22.977192,0.76788896,17.304739
North America,OWID_NAM,1999,37.045597,32.943752,0.66886294,23.491194,0.7467793,17.302977
North America,OWID_NAM,2000,37.17593,32.794876,0.6849808,22.801369,0.7965063,17.580057
North America,OWID_NAM,2001,37.597218,32.27439,0.7129996,22.637878,0.8496762,17.420252
North America,OWID_NAM,2002,39.00954,32.858307,0.73013717,23.129232,0.85508794,18.16306
North America,OWID_NAM,2003,39.266125,31.743488,0.70070934,23.006657,0.73477995,18.9004
North America,OWID_NAM,2004,41.039375,31.773241,0.73119867,23.098463,0.71053946,19.38468
North America,OWID_NAM,2005,41.923534,31.526264,0.66625935,22.420557,0.69870734,18.739614
North America,OWID_NAM,2006,42.303444,31.75849,0.68689865,22.276953,0.702428,19.350084
North America,OWID_NAM,2007,42.25634,31.485365,0.70822173,22.983948,0.69966185,18.532972
North America,OWID_NAM,2008,41.620926,30.624638,0.68100643,22.76362,0.81161493,17.91044
North America,OWID_NAM,2009,40.002197,29.819128,0.6322724,22.909319,0.814848,17.635096
North America,OWID_NAM,2010,41.565422,29.202871,0.57495666,22.396872,0.74823505,17.537603
North America,OWID_NAM,2011,41.93196,27.945969,0.5477634,21.673779,0.73920345,17.376606
North America,OWID_NAM,2012,40.90091,27.828098,0.5584376,21.839785,0.7421018,17.128298
North America,OWID_NAM,2013,41.184944,27.347374,0.5678129,22.032837,0.75168335,17.462303
North America,OWID_NAM,2014,41.49504,27.731186,0.5947285,20.816227,0.7397451,18.19985
North America,OWID_NAM,2015,43.770176,26.199646,0.59466743,21.464493,0.74977845,18.230825
North America,OWID_NAM,2016,44.5719,26.50174,0.59085286,21.583475,0.7784953,18.416643
North America,OWID_NAM,2017,44.925854,26.956196,0.6082353,21.723124,0.72092676,18.683462
North America,OWID_NAM,2018,45.872154,27.02977,0.62268347,23.737007,0.7657725,19.103443
North America,OWID_NAM,2019,47.376015,27.212563,0.6558736,24.194965,0.75342786,18.483786
North America,OWID_NAM,2020,47.732204,27.759933,0.6315181,24.046148,0.6720638,18.57764
North America,OWID_NAM,2021,45.22804,27.80299,0.6918206,24.052654,0.7414262,18.621805
North America,OWID_NAM,2022,46.275177,27.985151,0.6969293,24.499731,0.653069,18.506998
North America,OWID_NAM,2023,46.928528,27.941734,0.6250706,24.65229,0.65210736,18.365635
North Korea,PRK,1961,1.3718165,1.6831509,0.06810437,4.0862617,0,28.526001
North Korea,PRK,1962,1.345693,1.6264491,0.077449955,4.075804,0,28.375729
North Korea,PRK,1963,1.3152679,1.6032828,0.086404465,4.099412,0,29.127905
North Korea,PRK,1964,1.3911586,1.5817282,0.10481332,4.2687607,0,28.099499
North Korea,PRK,1965,1.3478822,1.5472169,0.113905534,4.1575522,0,29.226263
North Korea,PRK,1966,1.2894298,1.5169762,0.11377321,4.418193,0,30.462778
North Korea,PRK,1967,1.297728,1.4871773,0.123142056,4.6415086,0,31.42017
North Korea,PRK,1968,1.3167921,1.458892,0.12315322,4.5093026,0,31.366179
North Korea,PRK,1969,1.2996219,1.4608889,0.13280809,4.7336593,0,30.318188
North Korea,PRK,1970,1.3201209,1.4435854,0.1424591,5.5938935,0,25.35772
North Korea,PRK,1971,1.3411446,1.4457729,0.14267495,5.7830915,0,27.32701
North Korea,PRK,1972,1.3810116,1.4381568,0.15238748,6.2574115,0,28.886953
North Korea,PRK,1973,1.4505211,1.4314353,0.16222934,6.117,0,28.351961
North Korea,PRK,1974,1.5219944,1.4645605,0.17230125,6.9016223,0,32.316055
North Korea,PRK,1975,1.5919163,1.5056077,0.17261744,7.3650103,0,33.1905
North Korea,PRK,1976,1.6305492,1.525043,0.18223783,7.8266354,0,35.39251
North Korea,PRK,1977,1.6957511,1.5712044,0.18202978,8.287145,0,34.614403
North Korea,PRK,1978,1.7397542,1.6059269,0.18162268,8.459794,0,35.98041
North Korea,PRK,1979,1.7738996,1.6403803,0.19074188,8.8981085,0,34.190483
North Korea,PRK,1980,1.9813669,1.6860671,0.20004186,9.049513,0,31.139849
North Korea,PRK,1981,1.9812571,1.7050242,0.20003077,9.458598,0,34.22431
North Korea,PRK,1982,1.9923409,1.7158917,0.2097201,9.323011,0,34.842136
North Korea,PRK,1983,2.0527303,1.8140405,0.21959439,9.709891,0,32.9678
North Korea,PRK,1984,2.0940583,1.8358867,0.21992394,9.571472,0,32.90253
North Korea,PRK,1985,2.1342556,1.9141306,0.22969566,9.934338,0,32.09997
North Korea,PRK,1986,2.2207422,1.9622937,0.22973196,10.041201,0,33.875893
North Korea,PRK,1987,2.3061733,2.0478055,0.2296604,10.152904,0,34.48734
North Korea,PRK,1988,2.3912168,2.0564463,0.2295568,10.502223,0,30.05281
North Korea,PRK,1989,2.4672277,1.8552022,0.24863534,10.720009,0,32.7338
North Korea,PRK,1990,2.5060601,1.6834604,0.25825813,10.78945,0,22.79367
North Korea,PRK,1991,2.584252,1.4644095,0.2775678,12.050272,0,17.984482
North Korea,PRK,1992,1.9256378,1.4753643,0.26824805,8.430654,0,16.439774
North Korea,PRK,1993,1.5438188,1.4766963,0.2589013,7.191703,0,17.528578
North Korea,PRK,1994,1.1509707,1.4578962,0.35488263,6.100145,0,17.216604
North Korea,PRK,1995,1.0464705,1.900928,0.20161356,5.136346,0,14.487375
North Korea,PRK,1996,1.0673976,1.0000842,0.20194006,4.6446214,0.6250526,12.597215
North Korea,PRK,1997,0.8853734,0.8661262,0.2405906,3.6954715,0.5581702,11.096039
North Korea,PRK,1998,0.98208314,0.8858005,0.32736105,4.8237615,0.55843943,10.542952
North Korea,PRK,1999,1.1273979,0.86722916,0.40470695,5.714077,1.040675,9.606973
North Korea,PRK,2000,1.2932358,0.8492892,0.47289965,5.9932795,2.267988,9.361483
North Korea,PRK,2001,1.5384343,0.89983886,0.48378435,6.163412,3.8218963,9.211254
North Korea,PRK,2002,1.728261,0.9029679,0.50488526,8.379153,3.8157675,7.8839774
North Korea,PRK,2003,1.8591481,0.9052397,0.5061555,6.823366,3.8059003,6.726028
North Korea,PRK,2004,1.9199725,0.8771448,0.50679475,6.870968,3.800961,6.2179823
North Korea,PRK,2005,1.8838445,0.87847674,0.5270861,7.037575,3.8067327,8.003899
North Korea,PRK,2006,1.8277186,0.87965065,0.5571121,6.1771026,4.183228,8.972437
North Korea,PRK,2007,1.790322,0.88048613,0.57720757,5.341616,4.5393953,11.426754
North Korea,PRK,2008,1.7229999,0.8810795,0.6069659,4.483716,4.9829946,11.248448
North Korea,PRK,2009,1.714383,0.8718862,0.62697434,4.4378033,5.3782644,10.3450775
North Korea,PRK,2010,1.7000003,0.8800001,0.63000005,4.5600004,5.9900002,9.670001
North Korea,PRK,2011,1.7099996,0.8799997,0.6299998,4.5799985,5.999998,9.839997
North Korea,PRK,2012,1.7299995,0.88999975,0.6399998,4.6299987,6.0199986,10.179997
North Korea,PRK,2013,1.7399995,0.88999975,0.6399998,4.7199984,6.0399985,10.5999975
North Korea,PRK,2014,1.8999997,0.9199999,0.6399999,4.5599995,6.0099993,10.509999
North Korea,PRK,2015,1.8699996,0.91999984,0.6299999,4.669999,5.9599986,11.119998
North Korea,PRK,2016,1.8400004,0.9200002,0.6200001,4.960001,6.0600014,10.920002
North Korea,PRK,2017,1.6600001,0.82,0.58,5.04,5.94,12.08
North Korea,PRK,2018,1.5399998,0.80999994,0.56999993,4.9899993,5.8999996,12.299999
North Macedonia,MKD,1992,5.65782,5.030263,4.8341513,6.4030447,0.039222322,2.4219785
North Macedonia,MKD,1993,7.9481363,5.3349147,5.8181143,11.231919,0.13805695,2.9090571
North Macedonia,MKD,1994,12.124257,5.859563,5.6421766,17.49964,0.0494061,3.8339133
North Macedonia,MKD,1995,10.600081,4.930957,4.0746827,16.918793,0.039368916,3.9664185
North Macedonia,MKD,1996,10.735866,7.2717338,3.8272285,15.632756,0.058880437,4.3178988
North Macedonia,MKD,1997,8.033829,7.1979957,2.8418317,11.278827,0.039333306,4.0513306
North Macedonia,MKD,1998,9.326144,7.30087,2.3414156,12.833328,0.009879391,4.356811
North Macedonia,MKD,1999,12.741747,13.278033,2.135211,5.4919615,0.02979364,4.5882206
North Macedonia,MKD,2000,12.029201,9.555533,1.1969354,8.039416,0.039897844,4.1792994
North Macedonia,MKD,2001,12.082394,9.623941,1.2592072,6.765741,0.05996225,3.5777476
North Macedonia,MKD,2002,13.16694,10.897467,0.84980255,11.437342,0.13996747,4.7388983
North Macedonia,MKD,2003,13.607273,11.357724,1.4897015,10.407914,0,4.8390303
North Macedonia,MKD,2004,15.815595,11.496798,1.9194653,9.867251,0.01999443,5.288527
North Macedonia,MKD,2005,13.821262,11.081013,1.980181,10.020916,0.030002741,4.6904287
North Macedonia,MKD,2006,12.889348,11.466107,2.074724,10.5841,0.080182575,5.6027575
North Macedonia,MKD,2007,19.117,13.234847,1.7424874,15.027695,0.443176,6.1541033
North Macedonia,MKD,2008,15.822292,9.578518,1.2163198,11.048238,0.11149598,5.970103
North Macedonia,MKD,2009,17.282312,9.92076,1.11137,11.959971,0.1325487,5.740379
North Macedonia,MKD,2010,17.59,9.17,1.02,9.26,0.15,5.7
North Macedonia,MKD,2011,17.100042,8.520021,1.610004,8.510021,0.12000029,5.9000144
North Macedonia,MKD,2012,19.04002,7.850008,1.4900016,10.010011,0.15000015,5.390005
North Macedonia,MKD,2013,19.23,8.33,0.99,10.01,0.27,5.78
North Macedonia,MKD,2014,18.679888,8.38995,1.1599929,10.449937,0.17999892,6.3999615
North Macedonia,MKD,2015,19.76004,8.460017,0.82000166,10.890022,0.14000028,6.760014
North Macedonia,MKD,2016,19.119923,8.179967,0.6099975,12.129951,0.039999835,6.689973
North Macedonia,MKD,2017,21.340033,8.290012,0.59000087,12.27002,0.12000018,6.6600103
North Macedonia,MKD,2018,21.52,8.88,0.73,12.19,0.34,6.92
North Macedonia,MKD,2019,22.119967,9.729984,0.7699988,13.679978,0.3699994,7.539988
North Macedonia,MKD,2020,22.389988,8.329995,0.68999964,13.599994,0.28999984,7.0699964
North Macedonia,MKD,2021,20.990011,9.870006,0.21000011,17.54001,0.5100003,7.930004
North Macedonia,MKD,2022,20.489933,9.8299675,0.90999705,16.469946,0.41999862,7.9699736
North Macedonia,MKD,2023,22.63,9.95,1.1,17.28,0.51,8.01
Northern Africa (FAO),,1961,1.92,5.87,3.45,0.29,1.34,2.79
Northern Africa (FAO),,1962,1.85,5.67,3.15,0.14,1.32,2.88
Northern Africa (FAO),,1963,1.83,5.51,2.92,0.06,1.33,2.79
Northern Africa (FAO),,1964,1.86,5.41,3,0.05,1.32,3.02
Northern Africa (FAO),,1965,1.88,5.52,3.13,0.05,1.32,2.65
Northern Africa (FAO),,1966,1.83,5.76,3.22,0.04,1.41,2.9
Northern Africa (FAO),,1967,1.84,5.66,3.13,0.03,1.41,2.44
Northern Africa (FAO),,1968,1.84,6.16,3.15,0.03,1.32,2.31
Northern Africa (FAO),,1969,1.85,6,3.17,0.04,1.3,2.36
Northern Africa (FAO),,1970,1.91,5.81,3.1,0.04,1.26,2.21
Northern Africa (FAO),,1971,1.95,5.9,3.16,0.04,1.23,2.77
Northern Africa (FAO),,1972,2.07,5.95,3.13,0.04,1.24,3.03
Northern Africa (FAO),,1973,2,5.9,3.19,0.04,1.21,2.81
Northern Africa (FAO),,1974,2.03,5.9,3.12,0.03,1.16,3.08
Northern Africa (FAO),,1975,2.13,6.07,3.1,0.03,1.15,3.2
Northern Africa (FAO),,1976,2.19,6.31,3.01,0.03,1.15,3.65
Northern Africa (FAO),,1977,2.41,6.49,3.09,0.03,1.11,3.52
Northern Africa (FAO),,1978,2.49,6.48,3.05,0.03,1.07,4
Northern Africa (FAO),,1979,2.64,6.38,3.09,0.03,1.05,4.09
Northern Africa (FAO),,1980,3.08,6.79,3.18,0.03,1.09,4.37
Northern Africa (FAO),,1981,3.51,7.32,3.21,0.03,1.09,4.69
Northern Africa (FAO),,1982,3.56,7.36,2.9,0.03,1.25,4.9
Northern Africa (FAO),,1983,3.92,7.58,2.98,0.03,1.25,5.13
Northern Africa (FAO),,1984,4.76,7.13,3.08,0.03,1.35,5.24
Northern Africa (FAO),,1985,4.73,6.99,3.12,0.03,1.42,5.64
Northern Africa (FAO),,1986,4.8,7.07,2.97,0.03,1.35,5.91
Northern Africa (FAO),,1987,5.23,6.81,3.2,0.03,1.34,5.65
Northern Africa (FAO),,1988,4.8,6.66,3.52,0.03,1.42,5.88
Northern Africa (FAO),,1989,4.76,6.73,3.59,0.04,1.47,5.78
Northern Africa (FAO),,1990,4.82,6.83,3.55,0.02,1.45,6.12
Northern Africa (FAO),,1991,4.95,6.96,3.57,0.02,1.48,5.75
Northern Africa (FAO),,1992,5.1,6.82,3.86,0.03,1.53,6.33
Northern Africa (FAO),,1993,5.07,6.75,4.01,0.03,1.52,5.87
Northern Africa (FAO),,1994,5.33,7.16,4.19,0.02,1.59,6.74
Northern Africa (FAO),,1995,5.63,7.23,4.4,0.02,1.64,6.39
Northern Africa (FAO),,1996,5.99,6.81,4.27,0.02,1.63,6.56
Northern Africa (FAO),,1997,6.7,7.28,4.57,0.02,1.7,6.61
Northern Africa (FAO),,1998,6.78,7.52,4.82,0.05,1.71,7.43
Northern Africa (FAO),,1999,7.15,7.7,4.93,0.02,1.81,8.19
Northern Africa (FAO),,2000,7.27,8.09,4.97,0.02,1.85,8.72
Northern Africa (FAO),,2001,7.36,6.72,4.99,0.01,1.88,9.13
Northern Africa (FAO),,2002,7.47,7.32,4.91,0.01,1.83,9
Northern Africa (FAO),,2003,7.71,7.57,4.76,0.01,1.78,9.67
Northern Africa (FAO),,2004,7.79,8.17,4.75,0.01,1.78,9.8
Northern Africa (FAO),,2005,7.89,8.63,5.21,0.01,1.67,10.26
Northern Africa (FAO),,2006,8.06,9.25,5.16,0.02,1.93,10.79
Northern Africa (FAO),,2007,8.71,9.51,5.24,0.03,1.87,10.79
Northern Africa (FAO),,2008,8.63,8.64,5.34,0.02,1.85,10.81
Northern Africa (FAO),,2009,9.19,9.06,5.24,0.01,1.8,11.1
Northern Africa (FAO),,2010,12.15,8.61,3.7,0.01,0.96,14.98
Northern Africa (FAO),,2011,11.95,8.44,3.71,0.01,0.99,14.62
Northern Africa (FAO),,2012,10.64,8.78,4.5,0.01,1.48,13.12
Northern Africa (FAO),,2013,11.26,8.81,4.53,0.01,1.48,13.04
Northern Africa (FAO),,2014,11.71,8.88,4.79,0.01,1.61,14.33
Northern Africa (FAO),,2015,11.53,9.68,4.59,0.01,1.64,14.34
Northern Africa (FAO),,2016,11.37,8.82,4.53,0.01,1.62,14.28
Northern Africa (FAO),,2017,12.42,8.17,4.31,0.01,1.55,14.22
Northern Africa (FAO),,2018,13.14,8.7,4.16,0.01,1.51,15.1
Northern Africa (FAO),,2019,13.02,7.56,4.06,0.01,1.4,15.91
Northern Africa (FAO),,2020,13.82,6.78,4.07,0.01,1.36,14.47
Northern Africa (FAO),,2021,15.46,6.38,4.14,0.01,1.4,13.22
Northern Africa (FAO),,2022,13.97,6.23,4.1,0.01,1.4,13.01
Northern Africa (FAO),,2023,14.56,6.17,4.08,0.01,1.39,12.82
Northern America (FAO),,1961,16.21,40.82,2.07,27.56,1.12,13.21
Northern America (FAO),,1962,16.09,41.14,2.06,28.17,1.01,13.57
Northern America (FAO),,1963,16.46,43.18,1.96,28.98,1,13.28
Northern America (FAO),,1964,16.93,46.4,1.74,28.9,1,12.88
Northern America (FAO),,1965,17.93,46.65,1.55,25.9,1.02,12.89
Northern America (FAO),,1966,19.09,48.3,1.61,26.07,1.04,13.46
Northern America (FAO),,1967,19.8,48.98,1.59,28.63,1.03,12.69
Northern America (FAO),,1968,19.59,50.06,1.55,29.43,1.02,14.2
Northern America (FAO),,1969,20.5,50.17,1.44,28.81,1.04,13.39
Northern America (FAO),,1970,21.34,51.24,1.4,29.77,1.04,14.47
Northern America (FAO),,1971,21.45,51.03,1.33,32.57,1.03,14.22
Northern America (FAO),,1972,22.31,51.94,1.38,30.18,1.02,15.81
Northern America (FAO),,1973,21.47,48.99,1.19,27.66,1.02,15.64
Northern America (FAO),,1974,21.48,52,1.01,29.68,1.01,15.1
Northern America (FAO),,1975,20.89,54.43,0.92,24.33,0.99,14.24
Northern America (FAO),,1976,22.5,58.21,0.83,25.72,0.97,15.93
Northern America (FAO),,1977,22.85,56.2,0.75,26.99,0.93,15.97
Northern America (FAO),,1978,23.74,53.37,0.7,27.12,0.95,16.6
Northern America (FAO),,1979,25.53,47.39,0.7,30.92,0.95,16.58
Northern America (FAO),,1980,25.96,46.65,0.7,33.1,0.89,16.03
Northern America (FAO),,1981,27.02,47.21,0.71,31.59,0.9,17.7
Northern America (FAO),,1982,27.49,47.14,0.74,28.39,0.88,16.77
Northern America (FAO),,1983,28.11,47.7,0.75,29.82,0.85,17.71
Northern America (FAO),,1984,28.92,47.37,0.77,29.5,0.79,19.13
Northern America (FAO),,1985,30.01,47.82,0.72,29.66,0.78,19.08
Northern America (FAO),,1986,31.34,48.29,0.73,28.05,0.77,19.14
Northern America (FAO),,1987,33.7,46.39,0.67,28.19,0.75,21.44
Northern America (FAO),,1988,34.91,45.89,0.7,29.96,0.73,20.49
Northern America (FAO),,1989,36.45,43.47,0.7,29.6,0.69,22.65
Northern America (FAO),,1990,38.29,42.66,0.72,28.32,0.66,22.1
Northern America (FAO),,1991,39.73,42.32,0.71,28.55,0.68,21.22
Northern America (FAO),,1992,41.08,42.23,0.69,30.29,0.67,22.05
Northern America (FAO),,1993,41.7,41.06,0.67,29.91,0.66,22.91
Northern America (FAO),,1994,42.63,42.38,0.61,30.31,0.69,22.54
Northern America (FAO),,1995,42.25,42.22,0.6,29.95,0.7,22.03
Northern America (FAO),,1996,43.32,42.78,0.57,27.98,0.65,21.24
Northern America (FAO),,1997,43.75,41.92,0.55,27.72,0.58,21.19
Northern America (FAO),,1998,44.14,42.41,0.6,30.44,0.62,21.96
Northern America (FAO),,1999,46.54,42.94,0.59,30.93,0.68,21.93
Northern America (FAO),,2000,46.26,42.58,0.58,29.62,0.65,22.18
Northern America (FAO),,2001,46.51,41.82,0.6,29.32,0.63,21.81
Northern America (FAO),,2002,48.08,42.68,0.62,29.99,0.71,22.79
Northern America (FAO),,2003,48.34,41.36,0.59,29.84,0.7,24.07
Northern America (FAO),,2004,50.38,41.71,0.58,29.85,0.69,24.78
Northern America (FAO),,2005,51.06,41.29,0.54,28.79,0.7,23.34
Northern America (FAO),,2006,51.38,41.4,0.58,28.5,0.72,24.15
Northern America (FAO),,2007,51.18,41,0.59,29.34,0.74,22.61
Northern America (FAO),,2008,50.24,39.67,0.55,28.81,0.76,21.66
Northern America (FAO),,2009,47.55,38.74,0.52,28.75,0.74,21.57
Northern America (FAO),,2010,49.67,37.84,0.49,27.73,0.73,21.63
Northern America (FAO),,2011,50.08,36.11,0.46,26.64,0.73,21.7
Northern America (FAO),,2012,48.29,36.27,0.47,26.95,0.73,21.22
Northern America (FAO),,2013,48.66,35.53,0.49,27.14,0.74,21.34
Northern America (FAO),,2014,49.12,36.32,0.51,25.49,0.73,21.75
Northern America (FAO),,2015,52.22,34.03,0.52,26.08,0.73,21.72
Northern America (FAO),,2016,52.93,34.57,0.52,26,0.72,21.72
Northern America (FAO),,2017,53.04,35.35,0.55,26.01,0.72,22.27
Northern America (FAO),,2018,54.03,35.44,0.58,28.78,0.72,22.27
Northern America (FAO),,2019,55.23,35.68,0.64,29.49,0.77,22.24
Northern America (FAO),,2020,55.57,36.14,0.64,28.99,0.77,22.06
Northern America (FAO),,2021,51.02,36.17,0.74,28.72,0.88,22.07
Northern America (FAO),,2022,52.42,36.48,0.74,28.81,0.76,21.97
Northern America (FAO),,2023,53.21,35.87,0.61,28.8,0.77,21.83
Northern Europe (FAO),,1961,5.39,22.6,8.88,24.62,1.51,20.71
Northern Europe (FAO),,1962,5.52,22.99,8.74,25.41,1.22,21.57
Northern Europe (FAO),,1963,5.4,23.53,8.44,25,1.01,21.28
Northern Europe (FAO),,1964,5.94,21.84,8.45,25.82,1.36,22.08
Northern Europe (FAO),,1965,6.16,20.46,8.26,27.32,1.37,22.55
Northern Europe (FAO),,1966,6.6,22.17,8.36,26.38,1.18,21.59
Northern Europe (FAO),,1967,7.09,22.24,8.46,25.76,1.1,21.89
Northern Europe (FAO),,1968,7.94,21.73,8.27,26.29,1.14,22.93
Northern Europe (FAO),,1969,8.15,22.46,7.77,26.51,0.95,22.54
Northern Europe (FAO),,1970,8.53,22.37,7.62,26.96,0.95,22.65
Northern Europe (FAO),,1971,8.71,22.09,7.89,28.25,0.87,21.22
Northern Europe (FAO),,1972,9.76,21.55,7.39,28.27,0.76,21.02
Northern Europe (FAO),,1973,9.94,20.54,6.61,27.47,0.65,21.05
Northern Europe (FAO),,1974,9.68,23.05,6.17,27.16,0.61,20.31
Northern Europe (FAO),,1975,9.34,23.63,6.63,25.65,0.58,19.96
Northern Europe (FAO),,1976,10.17,22.43,6.05,26.21,0.56,20.62
Northern Europe (FAO),,1977,10.23,21.9,5.65,27.24,0.58,20.11
Northern Europe (FAO),,1978,10.59,22.8,5.6,28.06,0.64,19.46
Northern Europe (FAO),,1979,11.17,22.78,5.71,29.23,0.67,19.38
Northern Europe (FAO),,1980,11.29,21.86,6.03,29.27,0.67,19.58
Northern Europe (FAO),,1981,11.31,21.5,5.59,28.67,0.73,20.44
Northern Europe (FAO),,1982,12.11,20.23,5.94,28.2,0.76,20.51
Northern Europe (FAO),,1983,12.18,20.03,5.77,28.63,0.66,20.07
Northern Europe (FAO),,1984,12.46,21.35,5.65,27.8,0.81,20.46
Northern Europe (FAO),,1985,13.43,20.96,5.73,28.24,0.9,21.21
Northern Europe (FAO),,1986,14.64,21.18,5.47,28.72,0.79,21.17
Northern Europe (FAO),,1987,15,21.82,5.43,29.44,0.82,21.39
Northern Europe (FAO),,1988,15.62,20.98,5.5,29.61,0.75,21.93
Northern Europe (FAO),,1989,14.84,20.93,5.46,29.02,0.74,22.26
Northern Europe (FAO),,1990,15.81,20.25,5.9,28.7,0.65,21.76
Northern Europe (FAO),,1991,16.38,20.49,5.72,28.68,0.73,21.22
Northern Europe (FAO),,1992,18.26,21.15,5.28,28.14,0.67,22.51
Northern Europe (FAO),,1993,18.28,19.01,5.26,27.23,0.65,22.43
Northern Europe (FAO),,1994,19.62,18.21,4.98,28.17,0.6,22.76
Northern Europe (FAO),,1995,19.91,17.88,5.17,28.16,0.57,23.03
Northern Europe (FAO),,1996,20.78,16.46,5.12,28.51,0.58,23.79
Northern Europe (FAO),,1997,20.78,17.5,4.84,27.75,0.53,23.99
Northern Europe (FAO),,1998,22.48,17.57,5.04,29.03,0.58,23.04
Northern Europe (FAO),,1999,22.83,17.72,5.13,26.6,0.56,23.24
Northern Europe (FAO),,2000,23.19,17.76,5.14,26.17,0.67,24
Northern Europe (FAO),,2001,23.98,18.05,4.13,26.91,1.11,24.83
Northern Europe (FAO),,2002,24.44,19.63,4.46,27.02,1.17,24.44
Northern Europe (FAO),,2003,24.86,20.9,4.29,28.25,0.85,23.78
Northern Europe (FAO),,2004,25.83,21.72,4.45,28.2,0.73,25.46
Northern Europe (FAO),,2005,26.32,20.83,4.45,29.23,0.81,24.97
Northern Europe (FAO),,2006,26.2,21.31,4.5,29.49,0.88,25.77
Northern Europe (FAO),,2007,25.38,21.31,4.65,30.53,1.07,25.95
Northern Europe (FAO),,2008,25.39,20.55,4.44,28.86,0.9,25.64
Northern Europe (FAO),,2009,25.38,19.46,4.15,28.26,1.05,24.74
Northern Europe (FAO),,2010,25.51,19.51,3.7,28,1.19,24.24
Northern Europe (FAO),,2011,25.72,19.15,3.6,28.14,1.58,24.73
Northern Europe (FAO),,2012,26.35,19.05,3.34,28.09,1.59,24.27
Northern Europe (FAO),,2013,26.49,18.77,3.55,27.62,1.5,24.97
Northern Europe (FAO),,2014,26.22,18.35,3.53,27.88,1.44,24.05
Northern Europe (FAO),,2015,27.51,18.8,3.77,29.06,1.49,23.62
Northern Europe (FAO),,2016,29.12,18.78,3.62,29.09,1.51,24.14
Northern Europe (FAO),,2017,28.83,18.59,3.46,28.64,1.21,23.76
Northern Europe (FAO),,2018,29.69,18.57,3.4,29.26,1,22.59
Northern Europe (FAO),,2019,29.63,17.66,3.27,28.46,0.99,22.75
Northern Europe (FAO),,2020,29.28,19.57,3.18,28.1,0.93,22.66
Northern Europe (FAO),,2021,29.29,18.31,3.25,28.93,1.12,22.56
Northern Europe (FAO),,2022,30.6,17.66,3.22,29.07,1.03,22.38
Northern Europe (FAO),,2023,32.76,17.46,3.03,28.28,1.11,22.2
Norway,NOR,1961,0.69025594,15.42572,4.281588,15.015568,2.7410164,40.675083
Norway,NOR,1962,0.7400323,13.880607,4.4501944,15.220665,3.0501332,39.861744
Norway,NOR,1963,0.69009465,13.581863,4.30059,14.842036,3.2104404,42.00576
Norway,NOR,1964,0.72013277,14.342644,4.3808074,15.562869,3.0305586,40.557472
Norway,NOR,1965,0.9001999,14.473214,4.621026,15.603465,2.9006443,43.17959
Norway,NOR,1966,0.94030356,14.874803,4.86157,16.155216,3.000969,41.54341
Norway,NOR,1967,1.0802537,14.023294,5.031182,16.623905,2.7106366,36.02846
Norway,NOR,1968,1.2896318,14.985722,4.8786073,17.085123,3.0291352,41.048283
Norway,NOR,1969,1.439512,14.505082,4.83836,17.154184,1.8793628,41.985764
Norway,NOR,1970,1.660278,13.282224,4.7207904,17.882994,1.9503266,43.29725
Norway,NOR,1971,1.9010934,14.84854,4.462567,18.34055,1.9110992,35.680523
Norway,NOR,1972,1.9500432,15.4203415,4.610102,18.970419,2.4100535,43.590965
Norway,NOR,1973,2.1396775,16.457518,4.5193186,19.087122,2.1196804,43.933376
Norway,NOR,1974,2.419221,16.874565,5.018384,21.14319,2.04934,43.31605
Norway,NOR,1975,2.179256,18.313745,5.2482076,20.483006,1.8793582,42.54547
Norway,NOR,1976,2.0493793,18.344444,5.058468,21.883371,2.2493188,39.198128
Norway,NOR,1977,2.5891933,19.473934,5.278356,21.113424,2.029368,39.51769
Norway,NOR,1978,2.7581856,19.607103,5.4364243,20.256676,1.9886918,40.693233
Norway,NOR,1979,2.8182695,19.807838,5.6565266,20.71728,1.6190059,41.6944
Norway,NOR,1980,3.0780375,19.987257,5.4465275,21.726149,1.8288342,43.46229
Norway,NOR,1981,3.0265448,18.978334,5.6835117,19.957216,2.1075938,42.47151
Norway,NOR,1982,2.5058873,18.180162,6.050071,17.311588,2.2263463,43.588463
Norway,NOR,1983,2.684571,16.905811,5.768335,19.490583,2.0358827,42.63378
Norway,NOR,1984,2.7460344,17.015429,6.061247,19.441923,2.1668708,41.779667
Norway,NOR,1985,3.076737,18.300592,6.143485,19.67913,2.2476163,43.134254
Norway,NOR,1986,3.5772061,19.165033,6.3750215,20.763784,2.4281037,42.49681
Norway,NOR,1987,3.9245389,18.943638,6.2513013,21.550013,2.3766928,44.28837
Norway,NOR,1988,4.3801236,18.528223,5.956569,19.286514,2.4245334,42.254723
Norway,NOR,1989,4.7621975,18.429804,5.391167,18.98889,1.7571211,43.418865
Norway,NOR,1990,4.728394,18.123844,5.4981327,19.763288,1.6594363,44.69482
Norway,NOR,1991,4.820432,18.581665,5.7405143,20.29182,1.8101622,44.52399
Norway,NOR,1992,5.3896794,18.80888,5.8396525,20.66877,1.7298971,44.327366
Norway,NOR,1993,5.357683,19.141722,5.8974495,21.520693,1.7692348,44.56073
Norway,NOR,1994,6.036564,20.338423,6.2564387,22.187372,1.4591695,49.991543
Norway,NOR,1995,6.8115764,19.8746,6.3014584,23.205372,1.5403564,50.541695
Norway,NOR,1996,7.438247,20.632877,6.3270154,24.447105,2.3425972,53.08886
Norway,NOR,1997,7.603805,20.497213,5.7003493,23.06187,1.4626555,52.395126
Norway,NOR,1998,7.5648093,20.981073,5.3504744,24.137253,1.5530403,53.013783
Norway,NOR,1999,8.748248,20.369207,5.194898,22.07081,1.4013213,48.6759
Norway,NOR,2000,10.072547,20.925291,5.481386,22.955807,1.4003541,49.842606
Norway,NOR,2001,9.862948,20.346085,5.5716662,24.047192,1.7505234,49.40477
Norway,NOR,2002,10.697604,20.305452,5.62874,22.904871,2.429456,50.108776
Norway,NOR,2003,10.739012,20.908606,5.4644084,23.505949,1.5384258,47.551342
Norway,NOR,2004,11.860334,20.942932,5.785285,24.290205,1.5087705,51.797787
Norway,NOR,2005,12.432366,21.294054,5.7210884,25.084774,1.5302912,52.39997
Norway,NOR,2006,13.504622,20.116678,5.560138,24.454588,1.4827034,51.423763
Norway,NOR,2007,14.927891,20.532114,5.61425,23.118681,1.4035625,52.352886
Norway,NOR,2008,17.656597,20.943407,6.0826073,23.077833,1.3928869,53.490868
Norway,NOR,2009,17.005934,19.55983,5.278049,22.955008,1.2919703,53.25121
Norway,NOR,2010,20.05,18.72,5.14,24.96,2.77,54.18
Norway,NOR,2011,20.030006,19.070004,5.1300015,25.380005,2.5900006,52.71001
Norway,NOR,2012,20.20003,19.550026,5.160007,23.310032,2.4200034,52.78007
Norway,NOR,2013,20.209976,19.679977,5.1599936,22.819973,2.2899973,51.67994
Norway,NOR,2014,20.450012,16.87001,5.190003,22.840014,1.1400006,50.88003
Norway,NOR,2015,20.439974,18.799974,5.209993,23.519968,1.1399984,50.129932
Norway,NOR,2016,20.410023,18.81002,5.220006,23.480026,1.1800013,51.600056
Norway,NOR,2017,20.759972,18.239975,5.249993,22.889969,1.0399985,51.54993
Norway,NOR,2018,20.669996,17.899996,5.269999,25.829994,1.6199996,51.07999
Norway,NOR,2019,20.219988,17.32999,4.5799975,24.809986,1.669999,50.67997
Norway,NOR,2020,20.07998,17.949984,4.629996,25.719976,1.4299986,50.379955
Norway,NOR,2021,21.720032,19.180029,4.7200065,27.60004,1.7400025,50.110073
Norway,NOR,2022,21.360016,18.620014,4.5100036,25.690018,1.7100012,49.670033
Norway,NOR,2023,21.330011,18.43001,4.3000026,24.870014,1.4800009,49.100025
Oceania,OWID_OCE,1961,4.1750703,40.11649,42.318604,10.869954,1.9782847,14.835399
Oceania,OWID_OCE,1962,4.1777854,48.114002,41.453754,11.578801,1.750789,13.951649
Oceania,OWID_OCE,1963,4.106228,48.88295,39.73569,11.144589,2.1820545,11.706022
Oceania,OWID_OCE,1964,4.6506667,50.961353,38.30737,10.998464,1.974681,14.365033
Oceania,OWID_OCE,1965,5.5154843,47.571465,36.415924,11.2720375,1.8070761,14.5534935
Oceania,OWID_OCE,1966,5.2946467,46.854633,35.30831,11.428573,1.8372446,16.11046
Oceania,OWID_OCE,1967,6.4632244,43.138824,35.279186,11.549529,1.5713739,15.533343
Oceania,OWID_OCE,1968,7.2692227,45.128033,35.76758,11.891982,1.4418997,14.970919
Oceania,OWID_OCE,1969,7.6279225,47.813305,37.493755,12.399903,1.641929,14.456266
Oceania,OWID_OCE,1970,8.521147,42.908554,35.455666,12.834467,1.3750116,14.659122
Oceania,OWID_OCE,1971,10.067946,43.277554,38.219437,13.37154,1.0552019,16.032454
Oceania,OWID_OCE,1972,10.545157,44.351486,40.23793,13.4754305,0.968642,13.722
Oceania,OWID_OCE,1973,10.320572,45.852993,32.813206,14.530544,1.4004751,15.033111
Oceania,OWID_OCE,1974,12.398116,39.33656,24.526134,13.637184,1.6434468,16.982807
Oceania,OWID_OCE,1975,11.847556,67.06496,26.5276,11.829621,1.7362783,15.043773
Oceania,OWID_OCE,1976,12.562741,75.933304,23.620756,11.249423,1.7313746,14.904221
Oceania,OWID_OCE,1977,13.249341,69.91698,18.97903,12.115712,1.5797238,15.881623
Oceania,OWID_OCE,1978,14.976653,74.30919,18.872229,12.7292,1.6783366,15.818462
Oceania,OWID_OCE,1979,16.039974,56.029434,19.324026,12.385245,1.6649525,14.750219
Oceania,OWID_OCE,1980,17.903494,50.111538,20.62298,13.459841,2.3307314,16.027008
Oceania,OWID_OCE,1981,17.473446,48.030407,20.561186,13.848518,2.0084443,17.19774
Oceania,OWID_OCE,1982,16.457224,52.2136,19.409506,13.936553,2.4664304,18.454836
Oceania,OWID_OCE,1983,17.580818,43.666615,20.299019,14.212366,2.1703186,16.815308
Oceania,OWID_OCE,1984,17.036932,44.72025,21.479353,15.010718,1.942239,18.548388
Oceania,OWID_OCE,1985,19.42694,44.99942,22.615187,15.296757,2.356427,18.730877
Oceania,OWID_OCE,1986,19.649134,44.673573,24.196978,15.658735,2.7406814,18.658676
Oceania,OWID_OCE,1987,20.549242,42.8008,23.572153,15.795421,3.098163,20.301722
Oceania,OWID_OCE,1988,20.796442,42.0531,21.941706,16.157055,2.9122396,19.750963
Oceania,OWID_OCE,1989,21.171383,40.077496,21.595331,16.45332,2.8291402,20.744741
Oceania,OWID_OCE,1990,21.722437,42.571213,22.604065,16.58293,3.05804,21.780985
Oceania,OWID_OCE,1991,21.657846,40.365574,21.896246,16.400854,3.4800808,21.583725
Oceania,OWID_OCE,1992,23.072836,38.06714,21.21615,17.391932,3.5520172,22.220411
Oceania,OWID_OCE,1993,23.91589,38.865307,21.184568,16.904387,3.3192377,21.351784
Oceania,OWID_OCE,1994,24.551409,36.175606,20.756268,17.44498,3.665207,21.790144
Oceania,OWID_OCE,1995,24.799128,39.22421,19.991,17.855055,3.5926666,21.431238
Oceania,OWID_OCE,1996,25.177517,38.716503,17.900234,17.278715,3.3218112,21.876081
Oceania,OWID_OCE,1997,28.29658,34.930878,17.683685,17.571821,2.409064,22.716547
Oceania,OWID_OCE,1998,29.935396,35.026188,17.802586,18.095367,2.5821028,22.689903
Oceania,OWID_OCE,1999,28.648705,38.36863,17.0622,17.938679,2.5804787,22.895182
Oceania,OWID_OCE,2000,30.15947,34.101105,18.127314,17.92063,2.627709,23.195032
Oceania,OWID_OCE,2001,30.262043,37.35748,15.809411,17.00524,2.9724762,23.642952
Oceania,OWID_OCE,2002,32.318394,34.65059,15.256212,18.811018,3.4890237,24.610565
Oceania,OWID_OCE,2003,33.516376,39.660587,14.4425,19.672401,3.1538413,26.13832
Oceania,OWID_OCE,2004,33.441444,33.27992,13.949571,19.377352,3.1288702,28.45926
Oceania,OWID_OCE,2005,35.742306,36.066135,13.949845,20.81982,3.2390547,27.0318
Oceania,OWID_OCE,2006,35.88856,32.169815,14.542091,20.68766,3.4267015,26.836496
Oceania,OWID_OCE,2007,37.10174,39.229866,14.989546,21.751602,2.8669977,27.803968
Oceania,OWID_OCE,2008,35.610657,35.36206,13.517751,21.343933,2.6723487,27.792574
Oceania,OWID_OCE,2009,35.811447,34.82711,12.401418,20.747551,2.5387497,26.730713
Oceania,OWID_OCE,2010,32.766716,26.909742,9.671963,18.816422,11.399366,25.724964
Oceania,OWID_OCE,2011,33.41273,28.904076,8.601578,19.317856,12.05271,25.28068
Oceania,OWID_OCE,2012,33.89326,25.642921,9.554726,20.216234,11.711758,24.955376
Oceania,OWID_OCE,2013,33.65011,25.184864,8.860259,19.877422,11.785294,24.856573
Oceania,OWID_OCE,2014,34.190083,24.188498,9.262654,20.200327,11.151093,24.169046
Oceania,OWID_OCE,2015,34.166958,22.544615,9.593433,21.272358,11.184401,23.59595
Oceania,OWID_OCE,2016,35.31038,24.074085,10.168425,21.01682,10.961164,24.27088
Oceania,OWID_OCE,2017,35.73431,20.040745,7.969618,20.863464,10.854447,23.935616
Oceania,OWID_OCE,2018,34.37654,19.849236,8.488721,21.098833,10.830704,24.21176
Oceania,OWID_OCE,2019,35.22889,18.045406,7.5034842,22.558313,10.5660515,22.919823
Oceania,OWID_OCE,2020,34.243797,24.455994,7.8344507,19.596025,10.410105,21.885487
Oceania,OWID_OCE,2021,34.37185,17.594904,6.7653346,21.00581,10.563588,21.54915
Oceania,OWID_OCE,2022,35.486507,18.590229,8.046413,21.21841,10.698043,21.312815
Oceania,OWID_OCE,2023,37.564354,18.564447,8.364254,19.97951,10.670967,21.070915
Oceania (FAO),,1961,4.2,40.31,42.52,10.93,1.99,14.91
Oceania (FAO),,1962,4.2,48.37,41.68,11.64,1.76,14.03
Oceania (FAO),,1963,4.13,49.15,39.95,11.2,2.2,11.77
Oceania (FAO),,1964,4.67,51.21,38.49,11.05,1.99,14.43
Oceania (FAO),,1965,5.54,47.73,36.53,11.31,1.81,14.6
Oceania (FAO),,1966,5.29,46.86,35.31,11.43,1.84,16.11
Oceania (FAO),,1967,6.43,42.87,35.06,11.48,1.56,15.44
Oceania (FAO),,1968,7.18,44.54,35.3,11.73,1.42,14.78
Oceania (FAO),,1969,7.5,46.96,36.83,12.18,1.61,14.2
Oceania (FAO),,1970,8.4,42.26,34.92,12.64,1.35,14.44
Oceania (FAO),,1971,10,42.99,37.97,13.29,1.05,15.92
Oceania (FAO),,1972,10.53,44.28,40.17,13.45,0.96,13.69
Oceania (FAO),,1973,10.31,45.84,32.8,14.52,1.4,15.03
Oceania (FAO),,1974,12.42,39.4,24.56,13.66,1.65,17.01
Oceania (FAO),,1975,11.88,67.23,26.6,11.86,1.74,15.08
Oceania (FAO),,1976,12.59,76.11,23.68,11.28,1.73,14.94
Oceania (FAO),,1977,13.28,70.09,19.03,12.15,1.59,15.92
Oceania (FAO),,1978,15.02,74.51,18.92,12.76,1.69,15.86
Oceania (FAO),,1979,16.08,56.16,19.37,12.42,1.67,14.79
Oceania (FAO),,1980,17.95,50.25,20.68,13.5,2.34,16.07
Oceania (FAO),,1981,17.56,48.25,20.65,13.91,2.02,17.27
Oceania (FAO),,1982,16.57,52.56,19.54,14.03,2.48,18.58
Oceania (FAO),,1983,17.7,43.97,20.44,14.31,2.18,16.93
Oceania (FAO),,1984,17.14,44.99,21.6,15.1,1.95,18.66
Oceania (FAO),,1985,19.52,45.2,22.72,15.37,2.37,18.81
Oceania (FAO),,1986,19.71,44.82,24.28,15.71,2.75,18.72
Oceania (FAO),,1987,20.61,42.92,23.64,15.84,3.11,20.36
Oceania (FAO),,1988,20.86,42.18,22.01,16.2,2.92,19.81
Oceania (FAO),,1989,21.25,40.22,21.67,16.51,2.84,20.81
Oceania (FAO),,1990,21.83,42.79,22.72,16.67,3.08,21.9
Oceania (FAO),,1991,21.81,40.65,22.05,16.52,3.5,21.73
Oceania (FAO),,1992,23.21,38.3,21.34,17.5,3.58,22.35
Oceania (FAO),,1993,24.01,39.02,21.27,16.97,3.33,21.43
Oceania (FAO),,1994,24.61,36.26,20.8,17.49,3.67,21.84
Oceania (FAO),,1995,24.84,39.3,20.03,17.89,3.6,21.47
Oceania (FAO),,1996,25.23,38.8,17.94,17.32,3.33,21.92
Oceania (FAO),,1997,28.35,34.99,17.72,17.6,2.42,22.75
Oceania (FAO),,1998,29.95,35.04,17.81,18.1,2.58,22.7
Oceania (FAO),,1999,28.63,38.35,17.05,17.93,2.58,22.88
Oceania (FAO),,2000,30.11,34.05,18.1,17.89,2.62,23.16
Oceania (FAO),,2001,30.21,37.3,15.78,16.98,2.96,23.6
Oceania (FAO),,2002,32.27,34.6,15.23,18.79,3.49,24.58
Oceania (FAO),,2003,33.48,39.62,14.42,19.65,3.15,26.11
Oceania (FAO),,2004,33.37,33.21,13.92,19.33,3.13,28.4
Oceania (FAO),,2005,35.59,35.92,13.89,20.73,3.23,26.91
Oceania (FAO),,2006,35.67,31.97,14.45,20.56,3.41,26.67
Oceania (FAO),,2007,36.85,38.96,14.88,21.6,2.85,27.61
Oceania (FAO),,2008,35.37,35.13,13.43,21.2,2.66,27.61
Oceania (FAO),,2009,35.6,34.61,12.33,20.62,2.52,26.57
Oceania (FAO),,2010,32.77,26.91,9.67,18.82,11.4,25.73
Oceania (FAO),,2011,33.42,28.9,8.6,19.32,12.05,25.28
Oceania (FAO),,2012,33.89,25.64,9.56,20.22,11.71,24.95
Oceania (FAO),,2013,33.65,25.18,8.86,19.88,11.79,24.85
Oceania (FAO),,2014,34.19,24.18,9.26,20.2,11.15,24.17
Oceania (FAO),,2015,34.17,22.54,9.59,21.27,11.19,23.6
Oceania (FAO),,2016,35.31,24.07,10.17,21.02,10.96,24.27
Oceania (FAO),,2017,35.73,20.04,7.97,20.86,10.85,23.94
Oceania (FAO),,2018,34.38,19.85,8.49,21.1,10.83,24.21
Oceania (FAO),,2019,35.24,18.05,7.5,22.56,10.57,22.94
Oceania (FAO),,2020,34.25,24.45,7.83,19.6,10.38,21.9
Oceania (FAO),,2021,34.38,17.6,6.77,21,10.56,21.57
Oceania (FAO),,2022,35.49,18.59,8.05,21.21,10.7,21.33
Oceania (FAO),,2023,37.57,18.57,8.36,19.98,10.67,21.09
Oman,OMN,1990,15.6583185,4.4738054,12.590273,0.12313225,2.2676857,23.189909
Oman,OMN,1991,16.534052,5.701397,12.879048,0.07126746,2.2805588,23.47754
Oman,OMN,1992,17.639063,5.4063377,12.516737,0.07100256,2.231509,24.871183
Oman,OMN,1993,18.916592,6.2987905,12.415593,0.09099377,2.2849545,23.334845
Oman,OMN,1994,19.166843,5.713583,11.680428,0.060782798,2.2185721,23.816727
Oman,OMN,1995,20.467373,6.951184,11.097504,0.040650196,2.2052732,25.213284
Oman,OMN,1996,20.741823,7.445266,11.581524,0.030265307,2.2497213,25.554008
Oman,OMN,1997,19.337015,7.8441668,11.8209305,0.059651457,2.1971622,26.525015
Oman,OMN,1998,20.923729,7.8048825,11.70244,0,2.236944,26.286533
Oman,OMN,1999,21.084572,7.539156,11.164121,0,2.7283645,25.480804
Oman,OMN,2000,12.924651,4.7278275,12.319258,0.009609406,2.7578993,25.618675
Oman,OMN,2001,24.432787,7.8502817,12.172782,0.14537558,2.8784363,26.002844
Oman,OMN,2002,30.801064,10.240686,12.808266,0.46413913,2.923089,26.564558
Oman,OMN,2003,28.591583,8.863492,12.734321,0.17181227,2.8500621,27.530388
Oman,OMN,2004,23.68894,7.674314,13.473596,1.1680532,2.7664418,27.73614
Oman,OMN,2005,21.57196,8.386818,14.661551,0.020505665,2.686242,27.887707
Oman,OMN,2006,21.57958,12.029296,13.411038,0.020319756,2.7025275,28.518778
Oman,OMN,2007,24.888304,11.969185,14.279027,0,2.6998162,28.428064
Oman,OMN,2008,27.672905,12.295776,16.315361,0.0098761255,2.972714,28.462994
Oman,OMN,2009,30.273706,11.555985,15.831204,0.31741762,2.6583726,29.162745
Oman,OMN,2010,26.64,13.1,15.13,0.01,3.11,30.25
Oman,OMN,2011,25.579983,12.539991,14.11999,0.009999993,2.9499981,29.779982
Oman,OMN,2012,26.490046,13.490023,12.510022,0.010000017,2.4900043,27.100046
Oman,OMN,2013,26.039967,14.399981,12.129984,0.009999987,3.5199952,27.099964
Oman,OMN,2014,24.439976,12.799987,12.759987,0.0099999895,2.3099976,27.47997
Oman,OMN,2015,23.02001,10.410005,12.250006,0.010000004,2.5500011,28.540014
Oman,OMN,2016,21.48,8.95,12.12,0.01,2.52,28.81
Oman,OMN,2017,22.270014,9.480005,11.980007,0.010000006,2.5000017,29.12002
Oman,OMN,2018,21.76001,9.540004,12.100005,0.15000007,2.510001,29.780012
Oman,OMN,2019,25.539957,9.129985,12.07998,0.23999959,3.529994,30.959948
Oman,OMN,2020,19.96999,8.769997,11.899994,0.04999998,3.6899984,31.429987
Oman,OMN,2021,22.649954,11.099978,12.749974,0.05999988,3.8399923,31.579937
Oman,OMN,2022,19.730003,9.260002,12.580003,0.48000008,3.4700007,30.050005
Oman,OMN,2023,15.060009,5.6900034,11.9500065,1.2400007,3.6500022,28.150017
Pakistan,PAK,1961,0.20889328,5.152701,2.218248,0,0.20889328,1.0245718
Pakistan,PAK,1962,0.2186654,5.158516,2.2562294,0,0.20872606,0.9641157
Pakistan,PAK,1963,0.21849272,5.0849214,2.2941735,0,0.19862975,1.2315044
Pakistan,PAK,1964,0.22820711,5.0503225,2.3316813,0,0.19844097,1.4783852
Pakistan,PAK,1965,0.22796465,4.965665,2.3787618,0,0.18831863,1.4966375
Pakistan,PAK,1966,0.22768337,4.9397388,2.4154234,0,0.18808624,1.7620711
Pakistan,PAK,1967,0.23724955,4.942699,2.4021518,0,0.17793716,1.6607468
Pakistan,PAK,1968,0.23689277,4.915525,2.388669,0,0.17766958,1.5496737
Pakistan,PAK,1969,0.23652713,4.9177933,2.3652716,0,0.16754006,1.6852559
Pakistan,PAK,1970,0.23615979,4.8707952,2.4009578,0,0.17711985,1.2693589
Pakistan,PAK,1971,0.23609275,4.8497386,2.4592996,0,0.16723236,1.3476962
Pakistan,PAK,1972,0.22619753,4.809156,2.5471807,0,0.16718946,1.2490036
Pakistan,PAK,1973,0.24555883,4.8522425,2.6913247,0,0.15715764,1.2376164
Pakistan,PAK,1974,0.29444423,4.779811,2.8364794,0,0.16685173,1.2464805
Pakistan,PAK,1975,0.32379454,4.660679,2.9828343,0,0.15699129,1.3442379
Pakistan,PAK,1976,0.36301926,4.591703,3.139626,0,0.1569813,1.7267944
Pakistan,PAK,1977,0.40225053,4.503244,3.325925,0,0.14716484,2.1682284
Pakistan,PAK,1978,0.45132908,4.385741,3.483083,0,0.14717253,2.28608
Pakistan,PAK,1979,0.5092373,4.3089314,3.6430054,0,0.14689538,1.8019167
Pakistan,PAK,1980,0.56373984,4.616835,3.3435605,0,0.13607514,1.6134623
Pakistan,PAK,1981,0.6267502,4.5897403,3.3651664,0,0.13499235,1.9670314
Pakistan,PAK,1982,0.65338254,4.5640693,3.4110413,0,0.13451993,1.9121048
Pakistan,PAK,1983,0.8259581,4.5619774,3.4574988,0,0.13445829,1.8343952
Pakistan,PAK,1984,0.90521175,4.6512475,3.5823274,0,0.12518886,1.8489431
Pakistan,PAK,1985,1.0517583,4.747386,3.714926,0,0.12543906,2.016674
Pakistan,PAK,1986,1.2538278,5.3721704,3.6361008,0,0.11573795,1.9000314
Pakistan,PAK,1987,1.2908932,5.4622126,3.7570775,0,0.115602374,1.9170728
Pakistan,PAK,1988,1.4428593,5.54058,3.886101,0,0.11542874,1.9430505
Pakistan,PAK,1989,1.5651168,5.626739,4.032816,0,0.11522332,1.8627771
Pakistan,PAK,1990,1.3867775,5.7383895,4.1698966,0,0.11476779,2.0084362
Pakistan,PAK,1991,1.293944,5.794205,4.3194895,0,0.11417152,2.1216874
Pakistan,PAK,1992,1.4050595,5.914541,4.4999876,0,0.113923736,2.1550574
Pakistan,PAK,1993,2.1221433,6.0443187,4.6800838,0,0.10421239,2.5484667
Pakistan,PAK,1994,2.2943814,6.175001,4.8720193,0,0.10386088,2.1433108
Pakistan,PAK,1995,2.3251529,6.288267,5.073916,0,0.10354931,2.033332
Pakistan,PAK,1996,2.600608,5.173051,3.1263626,0,0.10327324,1.9809685
Pakistan,PAK,1997,2.746329,5.8019714,3.0462694,0,0.1031045,2.1464481
Pakistan,PAK,1998,1.9748746,5.774871,3.032509,0,0.10295555,2.3024607
Pakistan,PAK,1999,2.091445,5.7608104,3.0251257,0,0.10270488,2.4462435
Pakistan,PAK,2000,2.1452336,5.7113366,2.990326,0,0.10215399,2.2195277
Pakistan,PAK,2001,2.1576154,5.6890974,3.0059087,0,0.10142637,1.973204
Pakistan,PAK,2002,2.2010782,5.6861186,3.00814,0,0.100882754,1.9717993
Pakistan,PAK,2003,2.2528684,5.673215,3.009905,0,0.100330174,1.7512175
Pakistan,PAK,2004,2.237328,5.7065454,2.9982007,0,0.09963809,1.8025436
Pakistan,PAK,2005,2.214885,5.7082806,3.0072012,0,0.09903956,1.5666258
Pakistan,PAK,2006,2.8835127,7.2625117,2.193977,0,0.1074601,1.8268217
Pakistan,PAK,2007,3.0298917,7.3214974,2.1680162,0,0.10662375,1.6970947
Pakistan,PAK,2008,3.1991656,7.29727,2.1680295,0,0.11457066,1.6568681
Pakistan,PAK,2009,3.3777885,7.3068748,2.152684,0,0.11375971,1.6451405
Pakistan,PAK,2010,3.57,7.35,2.09,0,0.12,1.69
Pakistan,PAK,2011,3.7799997,7.43,2.09,0,0.11,1.7
Pakistan,PAK,2012,4.04,7.48,2.11,0,0.11,1.67
Pakistan,PAK,2013,4.32,7.61,2.13,0,0.11,1.72
Pakistan,PAK,2014,4.62,7.6900005,2.15,0,0.11,1.7
Pakistan,PAK,2015,4.96,7.7799997,2.17,0,0.10999999,1.8099998
Pakistan,PAK,2016,5.3400006,8,2.2000003,0,0.11000001,1.7200001
Pakistan,PAK,2017,5.73,9.1,3.12,0,0.11,1.68
Pakistan,PAK,2018,6.13,9.25,3.14,0,0.11,1.56
Pakistan,PAK,2019,6.58,9.33,3.14,0,0.13,1.45
Pakistan,PAK,2020,7.04,9.47,3.14,0,0.12,1.42
Pakistan,PAK,2021,7.5499997,9.63,3.17,0,0.11999999,1.39
Pakistan,PAK,2022,8.13,9.14,3.18,0,0.12,1.37
Pakistan,PAK,2023,8.72,9.22,3.18,0,0.12,1.35
Panama,PAN,1961,3.6515846,18.540365,0.01008725,4.3476048,0,6.6273236
Panama,PAN,1962,3.2891524,19.946793,0,4.0963063,0,7.920198
Panama,PAN,1963,3.1979506,19.803082,0.010088172,4.7212644,0,7.3744535
Panama,PAN,1964,3.3384905,20.212494,0,3.6915033,0,6.8585305
Panama,PAN,1965,3.6984887,21.092472,0.0100776255,3.60779,0,7.699306
Panama,PAN,1966,3.8097434,21.09469,0,4.4447007,0,8.839008
Panama,PAN,1967,3.475764,21.176973,0,4.201141,0,6.498167
Panama,PAN,1968,3.707155,21.165033,0.01007379,4.4526153,0,6.185307
Panama,PAN,1969,4.372787,21.803482,0.010075546,5.380342,0,9.209049
Panama,PAN,1970,4.558623,21.653458,0.010085449,5.899987,0,10.720832
Panama,PAN,1971,5.529025,24.083548,0.010089462,5.569383,0,10.069283
Panama,PAN,1972,5.189092,24.097984,0.010095511,5.340525,0,11.135347
Panama,PAN,1973,4.992006,24.06066,0.010105275,5.3760066,0,12.692225
Panama,PAN,1974,5.2991943,24.898125,0.010112966,5.2688556,0.38429272,15.260467
Panama,PAN,1975,4.9206157,26.779894,0.010124723,4.880117,0.2531181,17.455023
Panama,PAN,1976,6.1319075,27.578379,0.010135384,4.935932,0.26351997,16.99704
Panama,PAN,1977,5.529137,27.76743,0.010145206,4.9407153,0.25363016,16.851189
Panama,PAN,1978,6.1937494,24.80546,0.010153688,4.975307,0.2538422,16.753584
Panama,PAN,1979,6.451135,23.965714,0,5.1812267,0.32509658,16.325943
Panama,PAN,1980,9.799836,25.12987,0.02033161,5.6928506,0.32530576,15.106385
Panama,PAN,1981,10.909738,26.110165,0,5.7141404,0.23385273,10.340357
Panama,PAN,1982,9.86955,27.718088,0.010164315,5.946124,0.17279336,11.963399
Panama,PAN,1983,10.557602,29.112154,0.01016131,6.4625936,0.24387144,9.988568
Panama,PAN,1984,11.423758,28.066902,0,5.828655,0.0812356,10.063061
Panama,PAN,1985,10.91683,26.470268,0,6.5744476,0.78122294,11.647324
Panama,PAN,1986,11.205439,25.990532,0,7.6460633,0.5273147,15.119736
Panama,PAN,1987,12.323866,24.718674,0,6.4254365,0.7905111,13.671788
Panama,PAN,1988,9.473763,22.331738,0,5.4512134,0.9828396,9.473763
Panama,PAN,1989,9.9575,22.619633,0,5.5206895,0.96232206,11.760589
Panama,PAN,1990,10.239327,24.55008,0,6.4312296,1.0431758,10.867258
Panama,PAN,1991,14.475179,22.309998,0,6.6302395,1.1640878,16.489557
Panama,PAN,1992,13.26692,21.706747,0,7.468335,1.1840043,17.96246
Panama,PAN,1993,16.472372,20.742235,0,7.5177956,1.1635888,13.568458
Panama,PAN,1994,15.409453,21.338501,0,7.982967,1.2141396,13.568008
Panama,PAN,1995,21.361385,21.32091,0,7.133954,0.6880977,12.2542095
Panama,PAN,1996,19.025005,21.920774,0,7.614052,1.2150083,11.431203
Panama,PAN,1997,22.190357,23.193024,0,7.828912,0.982412,9.6722
Panama,PAN,1998,27.526793,23.584259,0,9.243164,0.7094534,9.212759
Panama,PAN,1999,24.829805,22.385368,0,10.710897,0.75057423,8.256317
Panama,PAN,2000,27.146526,21.280846,0,10.401939,0.6291905,10.736832
Panama,PAN,2001,28.921171,20.119959,0,8.313949,0.7816533,12.658723
Panama,PAN,2002,28.729872,18.686094,0,8.256411,0.86321634,12.806067
Panama,PAN,2003,27.20974,17.73002,0,7.8540435,1.0566889,12.568501
Panama,PAN,2004,26.9632,17.73841,0.020318914,7.589114,1.422324,10.951895
Panama,PAN,2005,28.94556,17.688389,0,7.6402464,1.1175892,13.634589
Panama,PAN,2006,29.321552,17.769714,0,8.717218,1.1887115,14.01054
Panama,PAN,2007,29.420963,17.508368,0,10.480647,1.2186799,13.842173
Panama,PAN,2008,29.261168,18.167704,0.010149555,11.712586,1.3295916,14.290574
Panama,PAN,2009,29.08518,19.53891,0.010144813,11.14915,1.3492602,14.223029
Panama,PAN,2010,28.749945,20.199963,0.00999998,11.049979,0.6199988,14.239972
Panama,PAN,2011,29.719927,21.10995,0.009999976,11.589972,0.84999794,14.379965
Panama,PAN,2012,30.639992,22.019995,0.019999994,12.159997,0.7799998,14.889997
Panama,PAN,2013,31.279976,20.619986,0.009999992,12.31999,0.7699994,14.20999
Panama,PAN,2014,32.06,21.01,0.01,12.34,0.8,14.18
Panama,PAN,2015,32.589966,19.65998,0.0099999895,12.809988,0.81999916,14.789985
Panama,PAN,2016,33.150043,18.110023,0.010000013,14.230018,0.84000105,14.870019
Panama,PAN,2017,33.79005,16.640024,0.010000015,13.91002,0.7800011,14.860022
Panama,PAN,2018,54.15,16.23,0.01,14.19,1.06,15.609999
Panama,PAN,2019,56.43003,16.490007,0.030000014,16.66001,0.90000045,15.680009
Panama,PAN,2020,52.540024,13.970006,0.0100000035,10.520005,1.0200005,15.470007
Panama,PAN,2021,49.299885,15.659964,0.0099999765,12.499971,1.0699975,15.279964
Panama,PAN,2022,47.559948,15.959982,0.009999989,13.189984,0.5899993,15.089983
Panama,PAN,2023,50.010017,15.480005,0.0100000035,12.060005,0.44000018,14.890006
Papua New Guinea,PNG,2010,2.2699988,1.8599991,2.149999,10.399994,47.249977,15.519993
Papua New Guinea,PNG,2011,2.4100003,1.8200003,2.1600003,10.680002,48.460007,14.9400015
Papua New Guinea,PNG,2012,2.6699982,1.5399989,2.2199984,10.429993,47.179966,15.149988
Papua New Guinea,PNG,2013,2.59,1.25,2.2,9.98,46.99,15.22
Papua New Guinea,PNG,2014,3.2200003,1.11,1.9400002,9.850001,46.490005,15.030001
Papua New Guinea,PNG,2015,2.630001,0.9700004,2.450001,9.750004,46.630016,15.200005
Papua New Guinea,PNG,2016,2.930001,0.8400002,2.3200006,9.790003,45.650017,16.430006
Papua New Guinea,PNG,2017,3.3299973,0.86999935,1.5499988,9.869992,45.169964,15.899987
Papua New Guinea,PNG,2018,2.9199975,0.85999924,1.4499987,9.579991,44.70996,15.4099865
Papua New Guinea,PNG,2019,3.8299983,0.81999964,1.4899993,9.359996,43.08998,13.619994
Papua New Guinea,PNG,2020,3.110002,0.89000064,1.350001,9.060007,42.88003,11.180008
Papua New Guinea,PNG,2021,2.9600008,0.84000015,1.4200003,8.950002,42.98001,7.370002
Papua New Guinea,PNG,2022,3.4999976,0.8999994,2.3799984,8.769995,42.71997,7.229995
Papua New Guinea,PNG,2023,3.9700007,0.80000013,2.4200006,8.680001,42.600006,7.100001
Paraguay,PRY,1961,2.9866748,51.738552,0.8533356,13.389243,1.4019085,0.3149215
Paraguay,PRY,1962,2.986226,48.248444,0.8255437,13.290235,1.2230277,0.30575693
Paraguay,PRY,1963,2.9924383,39.442993,0.817048,14.134931,1.3072768,0.3472454
Paraguay,PRY,1964,2.987438,42.407295,0.82870704,14.896266,1.3607166,0.33762142
Paraguay,PRY,1965,3.228293,42.98241,0.7686411,15.331828,0.5739187,0.32795355
Paraguay,PRY,1966,3.0613017,45.775707,0.7499162,15.902332,1.6539248,0.31845757
Paraguay,PRY,1967,3.1327107,40.632496,0.74195784,16.508562,2.5556326,0.36067393
Paraguay,PRY,1968,3.039966,42.0632,0.70312136,16.895594,3.9602277,0.43428084
Paraguay,PRY,1969,2.9250731,40.235317,0.69496423,17.322243,2.8213472,0.6016108
Paraguay,PRY,1970,2.9032927,42.373505,0.66598827,17.742344,1.6961889,0.7492368
Paraguay,PRY,1971,3.0448797,41.304,0.63608783,18.165,1.293031,0.8967796
Paraguay,PRY,1972,3.1100712,38.030533,0.6261888,18.629118,1.4819801,1.0019021
Paraguay,PRY,1973,3.9123769,29.431505,0.6259803,19.092398,2.1909308,1.0537335
Paraguay,PRY,1974,3.9403462,35.17124,0.6984212,19.64961,1.1883584,1.0319955
Paraguay,PRY,1975,3.9287627,27.501337,0.7294785,20.394133,0.6982151,1.0421121
Paraguay,PRY,1976,3.94052,31.617983,0.7401506,21.297573,0.4691095,1.0528903
Paraguay,PRY,1977,4.10111,37.045647,0.7304776,21.893456,0.19827248,1.0644102
Paraguay,PRY,1978,4.3565927,32.940857,0.8357972,23.391872,0.18805437,1.0656414
Paraguay,PRY,1979,4.5818195,35.357418,0.88916594,26.05779,0.1255293,1.0565382
Paraguay,PRY,1980,4.809126,34.732574,0.90105623,28.047995,0.14668357,1.2153782
Paraguay,PRY,1981,4.8578234,33.46967,0.91280913,29.933846,0.13639677,1.1960948
Paraguay,PRY,1982,4.82305,31.985544,0.9141729,30.493446,0.13660054,1.1348354
Paraguay,PRY,1983,4.7464027,29.930752,0.88403064,30.351719,0.13681427,1.1681833
Paraguay,PRY,1984,4.774305,31.386047,0.8853015,30.395351,0.13701095,1.6125134
Paraguay,PRY,1985,4.7794533,31.831367,0.89680684,30.438679,0.14770935,2.2367415
Paraguay,PRY,1986,5.9093876,21.25269,0.8758557,29.736883,0.14773469,3.640605
Paraguay,PRY,1987,6.067471,23.20412,0.87582624,29.049997,0.10552124,2.7646563
Paraguay,PRY,1988,6.2008123,30.265871,0.8647391,28.68403,0.105455995,2.7313101
Paraguay,PRY,1989,6.2383184,24.299936,0.8535537,29.073515,0.094839305,2.9821692
Paraguay,PRY,1990,6.1289697,21.20918,0.8530009,29.275831,0.09477788,3.2540402
Paraguay,PRY,1991,4.4921665,42.438873,0.7995425,29.08862,0.08416237,3.408576
Paraguay,PRY,1992,4.7404957,47.142178,0.75679755,29.735838,0.07357754,4.4672074
Paraguay,PRY,1993,5.071676,44.122528,0.7455258,29.065008,0.084002905,4.7986665
Paraguay,PRY,1994,6.904594,35.142075,0.74502456,38.11168,0.041973215,5.0577726
Paraguay,PRY,1995,7.3815575,36.823906,0.68153584,37.893394,0.062911004,5.074821
Paraguay,PRY,1996,7.3561482,36.581642,0.670646,33.029316,0.115267284,5.3966045
Paraguay,PRY,1997,7.6345267,39.429348,0.65977395,32.831608,0.09425342,6.409232
Paraguay,PRY,1998,7.759284,37.738815,0.6911104,32.503128,0.09424232,6.146693
Paraguay,PRY,1999,8.389214,38.5841,0.6912461,32.163887,0.0837874,5.8651175
Paraguay,PRY,2000,6.8384347,35.39834,0.6397922,30.867352,0.08390717,5.768618
Paraguay,PRY,2001,7.3582635,33.14903,0.62108374,27.717178,0.08421475,5.2213144
Paraguay,PRY,2002,7.2637587,40.91423,0.6247256,28.642078,0.074119985,4.966039
Paraguay,PRY,2003,7.317935,29.335745,0.60805,28.941046,0.0746728,4.768392
Paraguay,PRY,2004,7.955969,19.70715,0.72033775,27.480347,0.021502618,4.7843323
Paraguay,PRY,2005,7.900031,14.01199,0.65020835,27.742222,0,4.627316
Paraguay,PRY,2006,8.467761,15.274747,0.6227901,28.080187,0.48075026,4.403236
Paraguay,PRY,2007,5.596842,14.31161,0.58392245,26.640087,0.5398529,4.3849273
Paraguay,PRY,2008,6.754139,13.108362,0.5665479,25.61685,0.55543905,4.3546424
Paraguay,PRY,2009,6.5246735,12.556919,0.6043437,25.539118,0.6267268,4.2080226
Paraguay,PRY,2010,6.249997,13.129993,0.6299997,5.699997,0.16999991,4.189998
Paraguay,PRY,2011,6.9499974,19.619993,0.62999976,5.9099975,0.14999995,4.3099985
Paraguay,PRY,2012,7.0699987,11.119998,0.63999987,5.8699985,0.16999997,4.369999
Paraguay,PRY,2013,7.2299914,24.249971,0.6299993,5.999993,0.13999984,4.609995
Paraguay,PRY,2014,9.899985,16.269976,0.669999,5.2799926,0.21999967,4.8499928
Paraguay,PRY,2015,10.479989,14.229986,0.58999944,5.569995,0.14999986,4.8199954
Paraguay,PRY,2016,10.410002,16.030003,0.66000015,6.930001,0.110000014,4.7600007
Paraguay,PRY,2017,10.230003,27.62001,0.3900001,7.5500026,0.120000035,5.090002
Paraguay,PRY,2018,10.789996,24.329992,0.3999999,8.629997,0.12999995,5.239998
Paraguay,PRY,2019,11.040002,23.280005,0.38000005,8.630001,0.17000003,5.280001
Paraguay,PRY,2020,10.829999,23.619999,0.38999993,9.569999,0.20999996,5.4699993
Paraguay,PRY,2021,10.7599945,14.769992,0.38999978,9.889995,0.21999988,5.4599967
Paraguay,PRY,2022,10.47,10.66,0.39,10.44,0.31,5.4
Paraguay,PRY,2023,9.68,6.82,0.4,9.8,0.25,5.33
Peru,PER,1961,2.0484526,6.5745573,3.814024,3.9018147,4.9455504,12.94427
Peru,PER,1962,2.067393,6.504487,3.7252085,3.9495015,4.973446,12.648156
Peru,PER,1963,2.145289,6.6211414,3.393457,4.0272923,4.924413,10.862963
Peru,PER,1964,2.389117,7.411138,3.3447638,4.134635,5.0610275,9.858764
Peru,PER,1965,3.2665167,6.776803,3.4030278,3.6955516,3.247015,7.9176464
Peru,PER,1966,3.2367895,6.7368116,3.7145083,3.5585186,3.1685438,10.441571
Peru,PER,1967,3.4894662,6.861967,3.1873057,3.5284545,3.0021105,13.509498
Peru,PER,1968,3.5668178,6.685347,3.1575108,3.430382,2.923621,10.593253
Peru,PER,1969,3.810294,6.743538,3.128144,3.644629,3.0891643,10.719497
Peru,PER,1970,4.1829205,6.91941,3.0394585,3.449932,3.059005,11.141423
Peru,PER,1971,4.5007515,6.814863,3.0495286,3.892807,2.4611952,12.374615
Peru,PER,1972,5.2830224,6.3337345,2.5334938,3.8198802,2.3861978,13.00134
Peru,PER,1973,5.696749,6.237891,2.3711858,3.6994433,2.3908637,23.485563
Peru,PER,1974,6.9239907,5.809445,2.574304,3.7184393,2.3178601,17.181755
Peru,PER,1975,8.306897,5.775272,2.1558378,3.5996559,2.2547295,14.754633
Peru,PER,1976,8.726756,5.741809,2.2015226,3.5303693,2.2015226,15.61891
Peru,PER,1977,8.689106,5.6071577,2.127539,3.3901436,2.2170146,18.680586
Peru,PER,1978,7.0122676,5.358807,1.9423184,3.2073157,2.13157,21.026842
Peru,PER,1979,6.842522,5.0171847,1.8851845,3.102076,2.0747004,27.030954
Peru,PER,1980,4.861036,3.7231345,1.3774599,2.5153615,1.8765396,26.870451
Peru,PER,1981,6.028868,4.222204,1.2576778,2.6351347,1.8865167,20.611942
Peru,PER,1982,6.6045785,4.629191,1.2570648,2.5440595,1.8157603,15.86296
Peru,PER,1983,6.487393,4.8132267,1.3253813,2.4414918,1.8136797,10.9717655
Peru,PER,1984,5.57263,4.3386903,1.0747215,2.248954,1.7713002,17.42442
Peru,PER,1985,6.0518103,3.984854,1.2123495,2.1762667,1.6495903,17.141827
Peru,PER,1986,7.078918,4.964178,1.9261011,2.3331635,1.6878206,26.379642
Peru,PER,1987,8.146847,5.0012307,2.093769,2.4906924,1.6571538,24.063461
Peru,PER,1988,8.289043,4.283334,1.5170139,2.7564044,1.6161652,22.110725
Peru,PER,1989,5.605697,3.9616234,1.020118,2.6839998,1.5846493,27.216352
Peru,PER,1990,6.6557837,4.143794,1.2164359,2.4130926,1.6021352,27.097841
Peru,PER,1991,7.735699,3.9518259,0.98795646,2.4600117,1.5412121,16.301281
Peru,PER,1992,8.281646,3.691699,0.94760185,2.5664217,1.5299822,16.800192
Peru,PER,1993,7.7091875,3.6081364,0.8773883,2.6025903,1.4688861,17.675924
Peru,PER,1994,8.81115,3.4358563,0.82696825,2.6384225,1.4373497,18.547716
Peru,PER,1995,9.998785,3.5197294,0.8258583,2.674208,1.3862622,22.258848
Peru,PER,1996,9.938422,3.6434333,0.8249283,2.7104788,1.3748806,21.723114
Peru,PER,1997,10.426373,3.7664413,0.8729512,2.7267466,1.3633733,21.813972
Peru,PER,1998,7.4627624,3.7901433,0.85204774,2.193778,1.2242064,18.294542
Peru,PER,1999,7.7752833,3.7067075,0.890001,2.6993437,1.0856056,18.61178
Peru,PER,2000,7.908016,3.4408178,0.90907973,2.737014,1.1045808,20.771982
Peru,PER,2001,7.853522,3.4328597,0.89000064,2.7482436,1.1051656,21.985949
Peru,PER,2002,8.365305,3.526358,0.8619986,2.6839502,1.1264755,17.86688
Peru,PER,2003,8.579183,3.7202635,0.86380786,2.6699517,1.1190238,19.563286
Peru,PER,2004,8.432094,3.8274033,0.9051956,2.7844603,1.1610117,19.540419
Peru,PER,2005,9.401749,3.9659004,0.8977536,2.9398963,1.1542546,18.379284
Peru,PER,2006,10.183379,4.067414,0.9005709,3.0876715,1.1776698,20.327173
Peru,PER,2007,10.971493,4.0510125,0.88367677,3.276554,1.2113322,22.08199
Peru,PER,2008,11.034138,4.0667825,0.87714916,3.2793417,1.2559181,22.018438
Peru,PER,2009,11.184372,4.0852494,0.8611066,3.2641945,1.2616212,22.308668
Peru,PER,2010,28.049997,4.31,0.92999995,3.4899998,1.2299999,22.399998
Peru,PER,2011,30.050007,4.430001,0.94000024,3.5000007,1.2500002,22.750006
Peru,PER,2012,32.730003,4.5800004,0.95000005,3.6600003,1.2600001,23.450003
Peru,PER,2013,33.720016,4.750002,0.94000036,3.8100014,1.2500005,22.87001
Peru,PER,2014,34.890007,4.750001,0.9300002,4.0300007,1.2300003,24.240004
Peru,PER,2015,34.96,4.7000003,0.90000004,4.28,1.2200001,25.090002
Peru,PER,2016,36.949993,4.549999,0.8799998,4.379999,1.2399998,23.479994
Peru,PER,2017,38.190002,4.4,0.84000003,4.59,1.2300001,24.410002
Peru,PER,2018,40.689987,4.3899984,0.81999975,4.6599984,1.2199997,25.409992
Peru,PER,2019,44.31,4.44,0.80999994,4.82,1.18,26.859999
Peru,PER,2020,42.86,4.25,0.77,4.58,1.16,27.43
Peru,PER,2021,43.879997,4.3099995,0.77999985,4.7799997,1.1499999,26.479996
Peru,PER,2022,44.180008,4.2700005,0.7800001,4.840001,1.1400002,26.220003
Peru,PER,2023,43.690006,4.3800006,0.7700001,5.4700007,1.1300001,25.940004
Philippines,PHL,1961,2.1509554,2.3585036,0.094340146,7.150983,0.21698233,21.78314
Philippines,PHL,1962,2.0972471,2.8435647,0.10391765,7.859953,0.21728237,19.933296
Philippines,PHL,1963,2.2891388,2.7337236,0.12297026,7.9646893,0.23648128,22.21978
Philippines,PHL,1964,2.3671873,2.4808123,0.12309374,8.162062,0.22724998,22.885967
Philippines,PHL,1965,2.5109158,2.766745,0.07580123,8.925595,0.23687884,24.445896
Philippines,PHL,1966,2.6921444,3.0618403,0.1042732,9.469902,0.23698455,24.845459
Philippines,PHL,1967,2.5979145,2.6642845,0.104295835,9.794327,0.27496174,26.007587
Philippines,PHL,1968,3.4614143,2.5035982,0.06638329,10.166126,0.26553315,31.18118
Philippines,PHL,1969,3.03653,2.4576912,0.08540241,10.476028,0.21825059,29.387915
Philippines,PHL,1970,2.5505524,2.2174578,0.13323781,9.821529,0.22840767,31.958042
Philippines,PHL,1971,2.7266839,2.2196164,0.08610581,9.739524,0.21048087,31.859148
Philippines,PHL,1972,2.8582678,2.5406826,0.15398076,8.103237,0.22134735,33.375328
Philippines,PHL,1973,2.9928288,3.2155962,0.20339614,8.901003,0.22276722,33.976845
Philippines,PHL,1974,3.0619593,5.3242984,0.21453217,9.059109,0.22428364,35.202778
Philippines,PHL,1975,3.2353778,3.2059653,0.22549604,7.676669,0.2353002,36.72644
Philippines,PHL,1976,3.1353965,2.6144686,0.22606306,7.5288825,0.29486486,32.73983
Philippines,PHL,1977,3.0401366,2.813848,0.2262885,6.513173,0.26564303,33.569405
Philippines,PHL,1978,2.943598,3.1700287,0.24612023,6.9701247,0.25596502,33.058872
Philippines,PHL,1979,4.3842006,2.8965282,0.22659916,8.098456,0.23645128,31.576097
Philippines,PHL,1980,4.705888,2.7623658,0.2959678,8.602797,0.22690862,32.003983
Philippines,PHL,1981,5.1865754,2.2129388,0.29637575,9.237044,0.23710059,33.48058
Philippines,PHL,1982,5.866451,1.8962265,0.30616158,7.742925,0.22715214,34.941925
Philippines,PHL,1983,5.43171,1.7547083,0.3253111,8.665105,0.22673197,36.977024
Philippines,PHL,1984,3.45426,1.5942739,0.3050771,10.598969,0.21650633,34.75911
Philippines,PHL,1985,3.4535477,1.6136234,0.3345317,7.192431,0.2066225,32.341343
Philippines,PHL,1986,3.5174956,1.7538214,0.3448525,8.128667,0.2069115,32.88908
Philippines,PHL,1987,3.6078608,1.9517934,0.34501398,8.62535,0.20700839,33.643795
Philippines,PHL,1988,3.4390538,2.0003664,0.42372298,9.518986,0.20693447,33.5628
Philippines,PHL,1989,3.618767,2.3467755,0.44371802,10.4816065,0.19720802,34.284615
Philippines,PHL,1990,3.863517,2.197868,0.43366006,11.334297,0.19711822,35.126465
Philippines,PHL,1991,4.4760947,2.1591735,0.3845103,13.132506,0.21690327,35.996082
Philippines,PHL,1992,4.683056,2.2478669,0.40422165,12.826644,0.18732223,34.644753
Philippines,PHL,1993,5.417446,2.3639765,0.4235458,13.04127,0.19699804,32.051582
Philippines,PHL,1994,5.551015,2.6818402,0.43382707,13.359902,0.18733442,31.383446
Philippines,PHL,1995,5.989185,2.9008572,0.43414187,13.764271,0.18747036,31.169415
Philippines,PHL,1996,6.6461463,3.2836301,0.42401233,14.446001,0.18735428,29.089218
Philippines,PHL,1997,7.0704365,3.7617085,0.4234384,14.869581,0.1871007,28.84305
Philippines,PHL,1998,6.841432,3.680828,0.41225272,14.988332,0.18649529,26.83569
Philippines,PHL,1999,7.088198,4.419125,0.4301803,15.476714,0.17598286,28.82208
Philippines,PHL,2000,7.2556105,4.6712866,0.42909524,15.525446,0.17553897,28.11549
Philippines,PHL,2001,7.7055984,4.3739743,0.41888842,15.898276,0.17534864,28.182423
Philippines,PHL,2002,8.059451,4.473141,0.409307,16.430754,0.1656719,29.362906
Philippines,PHL,2003,8.101413,4.3967957,0.41920668,16.81701,0.17548187,29.646685
Philippines,PHL,2004,8.209145,4.6700478,0.38998312,16.077053,0.16574283,30.096947
Philippines,PHL,2005,7.9370036,4.2025166,0.4192766,16.215277,0.1657605,31.943024
Philippines,PHL,2006,8.0330515,4.1190133,0.50755614,17.579012,0.17569253,32.376225
Philippines,PHL,2007,8.96809,4.6353025,0.54647774,17.916664,0.1854121,34.808678
Philippines,PHL,2008,9.583124,4.659953,0.5849313,17.762413,0.18522824,34.540195
Philippines,PHL,2009,9.715839,4.273801,0.5841186,17.796148,0.1947062,35.407322
Philippines,PHL,2010,10.890001,4.5300007,0.58000004,17.850002,0.23000002,32.710003
Philippines,PHL,2011,10.959999,4.31,0.51,17.6,0.22999999,29.569998
Philippines,PHL,2012,11.14,4.03,0.51,17.45,0.22,29.29
Philippines,PHL,2013,11.320001,3.9300005,0.5400001,17.570002,0.20000002,27.830002
Philippines,PHL,2014,12.380001,4.3100004,0.51,17.270002,0.16000001,28.750002
Philippines,PHL,2015,12.870001,4.22,0.51,17.78,0.17,28.990002
Philippines,PHL,2016,13.65,4.44,0.51,18.56,0.16,27.8
Philippines,PHL,2017,13.82,4.58,0.52,18.41,0.17,25.47
Philippines,PHL,2018,14.890001,4.56,0.52,18.71,0.16,25.610003
Philippines,PHL,2019,16.68,3.5099998,0.31,15.729999,0.15999998,26.609999
Philippines,PHL,2020,16.249998,3.0199997,0.26999998,14.259998,0.15999998,25.519999
Philippines,PHL,2021,15.410001,3.6700003,0.29000002,13.840001,0.16000001,26.760002
Philippines,PHL,2022,15.96,3.85,0.28,15.05,0.16,26.56
Philippines,PHL,2023,15.750001,3.3600001,0.26,14.110001,0.16,26.34
Poland,POL,1961,1.6635054,9.319639,0.8016894,34.302284,0.65137255,6.6440005
Poland,POL,1962,1.9751887,10.427392,0.7519754,33.147076,0.51134324,6.256435
Poland,POL,1963,1.9559742,12.628572,0.66202205,30.763964,0.47143993,7.633315
Poland,POL,1964,2.0364752,13.6634445,0.58185005,31.309551,0.5116268,8.818038
Poland,POL,1965,2.1771896,11.788929,0.612021,34.905266,0.36119273,8.959586
Poland,POL,1966,2.5979352,11.6556015,0.6018383,35.69904,0.3209804,9.830026
Poland,POL,1967,2.707412,13.216181,0.6417569,35.266544,0.3309059,9.315502
Poland,POL,1968,2.866652,13.671726,0.6916049,35.51241,0.38088384,11.165911
Poland,POL,1969,3.28672,13.627864,0.6713727,34.95146,0.44090146,10.751983
Poland,POL,1970,3.4594736,14.198883,0.66181237,34.50449,0.4412082,11.501496
Poland,POL,1971,3.2312703,13.998826,0.64224005,38.474194,0.44154003,12.112246
Poland,POL,1972,3.9629118,12.54086,0.6621574,44.344482,0.47153634,12.440533
Poland,POL,1973,4.713074,12.86569,0.6317525,46.44885,0.4612796,13.196608
Poland,POL,1974,5.0205045,14.500339,0.57119507,47.90022,0.47098544,14.450234
Poland,POL,1975,6.268589,17.113447,0.48065856,49.547886,0.43058997,16.692871
Poland,POL,1976,7.294759,22.224499,0.45029375,41.37699,0.40026113,15.39004
Poland,POL,1977,8.551848,21.764706,0.47010162,40.408737,0.5001081,12.922793
Poland,POL,1978,9.738016,18.87554,0.5204284,43.78605,0.4303543,13.7713375
Poland,POL,1979,10.775452,18.446451,0.55078983,45.8157,0.4306175,11.957146
Poland,POL,1980,11.230318,20.196539,0.49088812,44.41035,0.44079748,11.370572
Poland,POL,1981,11.668884,16.771515,0.47116628,37.8938,0.29071963,12.370622
Poland,POL,1982,5.536535,15.867388,0.47140786,38.023556,0.50149775,11.6347475
Poland,POL,1983,5.245916,17.593378,0.4513694,37.68433,0.5316129,13.360535
Poland,POL,1984,6.7778053,17.646357,0.561475,34.48058,0.561475,13.976716
Poland,POL,1985,7.0459023,18.09083,0.8619454,36.9534,0.6314251,14.19203
Poland,POL,1986,7.6345243,19.166462,1.0319632,42.16021,0.6111627,13.375446
Poland,POL,1987,8.1623955,18.878672,0.76115596,43.38589,0.43065405,14.391857
Poland,POL,1988,8.115023,19.445997,0.66122407,45.033363,0.31057492,14.39665
Poland,POL,1989,8.439956,17.962471,0.5513035,46.600185,0.2505925,12.720075
Poland,POL,1990,7.6188827,18.044722,0.71176404,46.495235,0.3107702,10.34564
Poland,POL,1991,8.20188,17.14574,0.69184566,51.73802,0.40106994,9.2045555
Poland,POL,1992,9.045801,14.160389,0.6819451,52.178825,0.22062929,8.514285
Poland,POL,1993,9.378351,13.039418,0.44133416,50.542793,0.22066708,7.944015
Poland,POL,1994,10.651211,10.380418,0.21061715,47.18827,0.28082287,9.949153
Poland,POL,1995,10.310904,10.250724,0.14042087,48.50538,0.25075155,10.631866
Poland,POL,1996,10.402667,10.543108,0.11034651,49.50546,0.25078753,9.650304
Poland,POL,1997,12.556792,9.888975,0.07020571,43.357037,0.15044081,10.530856
Poland,POL,1998,13.305513,9.425156,0.030080285,46.78487,0.21056199,10.227297
Poland,POL,1999,14.06748,9.09423,0.040106855,49.020607,0.30080146,8.823509
Poland,POL,2000,14.545243,8.059528,0.030072864,47.956196,0.29070437,9.633341
Poland,POL,2001,17.070137,6.371248,0.030053055,47.163265,0.23040676,9.757225
Poland,POL,2002,19.616438,5.9680433,0.030040486,48.24502,0.16021593,8.601593
Poland,POL,2003,18.282213,6.6280527,0.04004866,50.08085,0.1702068,8.800693
Poland,POL,2004,19.349072,6.0190434,0.04006019,47.691654,0.17025581,9.52431
Poland,POL,2005,20.443676,4.5096345,0.030064229,47.922382,0.1002141,9.760853
Poland,POL,2006,20.295269,5.136519,0.040129054,50.632835,0.1103549,9.821586
Poland,POL,2007,19.857658,4.6304407,0.040177356,51.1056,0.14062075,10.938286
Poland,POL,2008,18.64476,4.3923235,0.040204335,50.79818,0.09045976,11.307469
Poland,POL,2009,21.548237,4.1709504,0.050252415,48.976006,0.17085822,12.130933
Poland,POL,2010,26.769997,2.6799998,0.029999996,53.29999,0.17999999,11.839999
Poland,POL,2011,26.819998,2.7099998,0.039999995,53.649998,0.17999999,10.2699995
Poland,POL,2012,28.440004,3.4800005,0.050000004,49.600002,0.12000001,10.470001
Poland,POL,2013,29.419996,2.8399994,0.029999996,46.359993,0.13999999,10.739998
Poland,POL,2014,27.409998,0.24999997,0.029999996,50.699997,0.12999998,11.0199995
Poland,POL,2015,30.459995,0.36999995,0.029999996,53.929993,0.11999998,10.079999
Poland,POL,2016,33.54,0.44000003,0.030000001,53.800003,0.13,12.400001
Poland,POL,2017,33.269997,0.17999999,0.029999997,54.369995,0.13999999,12.319999
Poland,POL,2018,30.18,0.78,0.03,57.93,0.14,11.51
Poland,POL,2019,30.179996,1.0599998,0.049999993,53.789993,0.109999985,11.299998
Poland,POL,2020,32.510006,1.4400003,0.030000005,54.470013,0.11000002,11.320002
Poland,POL,2021,30.479998,0.25999996,0.019999998,56.899998,0.099999994,11.359999
Poland,POL,2022,33.300003,0.15000002,0.040000003,53.63001,0.13000001,11.260001
Poland,POL,2023,30.949995,0.18999997,0.029999994,52.01999,0.10999998,11.149998
Portugal,PRT,1961,1.6019118,6.227432,2.332784,9.090849,0.8309917,55.826622
Portugal,PRT,1962,2.6663468,6.3952227,2.3756547,8.6004715,0.8820996,55.201393
Portugal,PRT,1963,3.4800205,6.5087414,2.356786,8.745181,0.8925701,56.1918
Portugal,PRT,1964,4.009099,6.0336943,2.7863238,8.539382,0.952161,59.966103
Portugal,PRT,1965,4.2697005,7.7194586,2.8897977,8.679392,0.90993625,56.416042
Portugal,PRT,1966,4.3041873,8.299509,2.6602268,8.847496,0.89670557,55.177288
Portugal,PRT,1967,4.3444276,8.877312,2.6780717,10.265943,0.8430967,70.899475
Portugal,PRT,1968,4.3897476,9.105761,2.293742,10.81618,0.75139827,57.42265
Portugal,PRT,1969,5.357942,10.507904,2.4462323,11.300207,0.9309548,64.58251
Portugal,PRT,1970,5.8703227,11.040607,2.5701413,10.940601,1.0500578,66.23365
Portugal,PRT,1971,6.8755627,11.623215,2.4189937,11.994595,1.1643288,65.36302
Portugal,PRT,1972,7.6208344,12.165369,2.417093,12.964407,1.0787027,64.40254
Portugal,PRT,1973,8.394727,11.55897,2.735024,12.547173,1.0480931,52.30484
Portugal,PRT,1974,10.074242,13.4723,2.7684176,13.572243,1.0194173,51.800396
Portugal,PRT,1975,10.034038,13.365378,2.6810791,14.265741,1.0004026,43.60755
Portugal,PRT,1976,11.49708,12.707826,2.7516944,14.508935,0.96059155,41.81575
Portugal,PRT,1977,13.799979,14.150233,2.832048,15.070899,1.1308178,37.617203
Portugal,PRT,1978,11.931978,11.871918,2.7027133,15.735797,1.1311355,27.437544
Portugal,PRT,1979,11.403788,11.634066,2.3628566,16.950493,1.14138,25.490818
Portugal,PRT,1980,14.462041,11.651644,2.4603472,15.152138,1.1301595,28.794064
Portugal,PRT,1981,13.305146,12.52543,2.379132,17.43364,1.1295879,29.769138
Portugal,PRT,1982,12.586377,12.796316,2.5592632,17.654917,1.0397006,29.971373
Portugal,PRT,1983,13.214994,11.187297,2.6569831,17.270391,1.1686729,39.724895
Portugal,PRT,1984,10.522565,10.123605,2.5433686,17.414595,1.1968794,44.16485
Portugal,PRT,1985,10.585821,10.91445,2.4597347,18.31357,1.2049712,54.721626
Portugal,PRT,1986,12.436019,11.76004,2.5647423,17.356745,1.2028444,55.072376
Portugal,PRT,1987,13.162548,12.369026,2.9459507,19.669428,1.130769,57.004642
Portugal,PRT,1988,13.741836,13.672532,3.158246,19.295992,1.2870594,58.650314
Portugal,PRT,1989,13.920343,15.028431,3.3044739,22.42887,1.216917,58.768192
Portugal,PRT,1990,13.040743,15.835187,3.7259266,28.390371,1.3674943,59.04999
Portugal,PRT,1991,14.428467,16.10018,4.0499215,27.264828,1.2736853,61.62448
Portugal,PRT,1992,18.510061,16.581097,3.927891,29.294271,1.2693185,57.768982
Portugal,PRT,1993,19.184977,16.68782,3.5000298,33.265324,1.2535923,59.139473
Portugal,PRT,1994,21.520306,16.70563,3.6487021,34.788315,0.90463686,57.98722
Portugal,PRT,1995,20.784302,16.144321,3.452308,33.72794,0.72468275,57.79344
Portugal,PRT,1996,22.663918,13.024199,3.6362996,36.856567,0.71517247,62.50205
Portugal,PRT,1997,24.693285,14.501765,3.30318,35.468903,0.886219,57.211483
Portugal,PRT,1998,27.359882,13.996908,3.3508055,38.841167,0.965998,61.592434
Portugal,PRT,1999,26.336042,15.98651,3.356062,40.52395,1.2359151,60.42921
Portugal,PRT,2000,26.689054,16.185814,3.5578725,40.218994,0.90199584,53.678776
Portugal,PRT,2001,28.340885,14.035486,3.3089356,40.247055,1.019672,55.112278
Portugal,PRT,2002,24.629618,15.744186,3.2446802,40.433704,0.9783959,54.870037
Portugal,PRT,2003,21.558514,16.925282,3.1254354,40.271187,0.9586,52.802883
Portugal,PRT,2004,22.982573,18.174128,2.8990633,38.997395,1.0796511,53.93257
Portugal,PRT,2005,23.858175,17.413265,2.9722643,39.68023,1.0508004,54.731693
Portugal,PRT,2006,23.488705,18.13216,3.0737562,41.700962,1.1814438,56.849472
Portugal,PRT,2007,26.432981,18.406002,3.0426455,45.099213,1.1510007,60.182327
Portugal,PRT,2008,27.795553,18.730478,2.7515395,42.50378,1.0906103,56.591663
Portugal,PRT,2009,28.722853,18.438251,2.4611013,42.88919,1.1305059,57.255623
Portugal,PRT,2010,31.950005,17.670002,2.4900002,45.220005,1.1300001,57.210007
Portugal,PRT,2011,31.58,17.15,2.38,43.37,1.29,56.83
Portugal,PRT,2012,30.029987,16.339993,2.199999,41.329983,1.3399994,53.07998
Portugal,PRT,2013,29.930037,17.65002,2.1900027,40.48005,1.3000015,54.77007
Portugal,PRT,2014,30.119993,18.919994,2.0499995,40.189987,1.3899996,53.069984
Portugal,PRT,2015,29.880014,18.87001,2.2500012,39.830025,1.3600007,54.23003
Portugal,PRT,2016,30.18998,19.239986,2.3099985,38.16997,1.5599989,60.299957
Portugal,PRT,2017,30.480005,19.880003,2.3400004,38.730007,1.4100002,60.07001
Portugal,PRT,2018,31.449984,20.839989,2.399999,41.57998,1.2499994,57.77997
Portugal,PRT,2019,31.129974,21.629982,2.3799982,40.27997,0.89999926,57.499954
Portugal,PRT,2020,30.310001,20.470001,2.08,37.330006,0.6700001,53.260002
Portugal,PRT,2021,30.710009,20.470005,2.2200007,38.84001,0.79000026,53.700016
Portugal,PRT,2022,32.74999,21.399992,2.2599993,39.719986,0.61999977,53.56998
Portugal,PRT,2023,34.940018,22.430012,2.010001,39.29002,0.6500003,53.49003
Qatar,QAT,2019,54.519863,10.409973,14.479963,0.13999964,0.68999827,23.449942
Qatar,QAT,2020,55.940098,11.46002,13.640024,1.4100025,0.6400011,23.41004
Qatar,QAT,2021,54.269844,13.179963,13.439961,0.23999931,0.5599984,23.309933
Qatar,QAT,2022,55.129696,17.339905,10.5699415,0.21999878,0.34999806,22.689875
Qatar,QAT,2023,48.279903,13.249973,9.269982,0.12999974,0.49999902,22.029957
Romania,ROU,1961,3.4000878,7.3349075,2.835088,14.276333,0.56499976,2.5525882
Romania,ROU,1962,3.5933325,8.014343,2.8766847,14.131083,0.5551497,2.4123778
Romania,ROU,1963,3.736939,6.5648923,2.7067556,13.089386,0.5352912,3.6359403
Romania,ROU,1964,3.9678235,6.559055,2.6114755,15.263973,0.5364659,3.1783075
Romania,ROU,1965,4.0183783,5.6053834,2.6043158,18.504887,0.52900165,3.1231444
Romania,ROU,1966,4.120357,7.4617414,2.5419118,18.090622,0.52273184,2.5316622
Romania,ROU,1967,4.299927,6.588433,2.9760833,19.436903,0.5131178,3.0684445
Romania,ROU,1968,4.4945292,8.325093,3.0440218,18.785088,0.49031225,3.473045
Romania,ROU,1969,5.1932387,7.7796755,3.5028906,18.868769,0.45822695,3.5436218
Romania,ROU,1970,5.39501,8.473518,4.246919,21.112677,0.43688405,6.4516597
Romania,ROU,1971,6.5014467,7.6171403,3.9556386,22.506569,0.43613452,6.146454
Romania,ROU,1972,8.426217,7.4337063,3.726981,27.000355,0.4354896,6.1778755
Romania,ROU,1973,8.922913,7.739261,3.6015384,27.385855,0.4249006,5.918258
Romania,ROU,1974,10.298247,7.4583974,3.5877113,30.369219,0.4244616,5.7201257
Romania,ROU,1975,11.457763,8.6412735,3.0385785,31.516418,0.41389275,6.2891507
Romania,ROU,1976,10.56839,8.783462,3.3480015,31.594244,0.41345802,5.6674004
Romania,ROU,1977,11.556023,8.954405,3.5293262,32.863068,0.43360293,5.9595194
Romania,ROU,1978,12.375455,9.226073,2.9071217,35.430542,0.4037669,5.592171
Romania,ROU,1979,14.003746,9.760187,3.5160923,37.050316,0.42435595,6.769488
Romania,ROU,1980,14.397617,11.020648,3.3163052,34.05279,0.42464882,8.017775
Romania,ROU,1981,15.250762,8.798516,2.599102,33.85912,0.36407658,8.12093
Romania,ROU,1982,15.502353,6.360718,2.9730542,31.9755,0.3134853,9.364109
Romania,ROU,1983,16.493574,5.652918,3.033766,30.48935,0.33371428,9.293437
Romania,ROU,1984,15.844855,6.8195605,3.6930857,34.209106,0.36424956,8.752107
Romania,ROU,1985,17.827484,6.2497487,3.292007,31.724817,0.3950408,8.2755995
Romania,ROU,1986,16.328611,4.871183,3.2271588,31.104532,0.4262285,8.697091
Romania,ROU,1987,17.24019,5.5331345,3.4480379,32.31391,0.47804654,9.459219
Romania,ROU,1988,14.91949,5.258508,3.2305179,31.500097,0.5299272,9.8647995
Romania,ROU,1989,11.031485,10.226043,3.772319,31.23888,0.6627047,6.8819337
Romania,ROU,1990,17.575207,16.067307,4.6357794,35.425507,0.9067788,5.5935006
Romania,ROU,1991,14.391767,13.0991535,4.010153,33.38401,0.7429978,4.061043
Romania,ROU,1992,12.738689,10.105553,4.2089524,31.475645,0.5998266,2.856801
Romania,ROU,1993,14.176801,9.972506,3.848859,28.668415,0.6093181,1.4115869
Romania,ROU,1994,11.776706,10.752204,3.4386766,28.462908,0.64918965,2.383743
Romania,ROU,1995,13.55073,9.030441,3.2331212,28.267006,0.6790568,3.0000122
Romania,ROU,1996,13.102128,7.7011733,3.1007357,26.427185,0.6890524,2.2191541
Romania,ROU,1997,11.981117,8.007684,2.787485,27.40858,0.689269,1.7130363
Romania,ROU,1998,14.083906,7.270094,2.4943419,30.145033,0.659074,3.072299
Romania,ROU,1999,13.27829,6.7557993,2.5562484,27.601395,0.7405005,2.2620769
Romania,ROU,2000,13.049187,7.0780406,2.366117,24.961012,0.7006956,2.6403022
Romania,ROU,2001,16.020107,6.7988763,2.3205745,23.33806,0.6717453,3.226413
Romania,ROU,2002,19.572214,7.215657,2.4529147,25.520533,0.684772,3.444301
Romania,ROU,2003,19.648563,8.359122,3.0434196,29.344322,0.7094458,3.999629
Romania,ROU,2004,19.514746,7.4332027,3.3024955,24.204496,0.67292225,4.317055
Romania,ROU,2005,21.212992,10.278136,2.3245685,30.698898,0.61502033,5.305854
Romania,ROU,2006,19.573025,10.132659,2.0559018,32.29654,0.5244647,5.790091
Romania,ROU,2007,20.032082,7.943211,2.5738957,33.07034,1.3502403,5.6013875
Romania,ROU,2008,19.421968,7.6542907,2.3959415,34.74115,1.1767677,6.742561
Romania,ROU,2009,22.001472,7.976332,3.3332338,35.70713,0.7986982,6.815558
Romania,ROU,2010,18.319996,6.5999985,3.4799993,32.339993,0.9099998,6.7899985
Romania,ROU,2011,18.08,5.84,3.5100002,31.300001,0.47000003,5.2
Romania,ROU,2012,18.689999,5.7199993,3.5299997,29.809998,0.48999998,5.6699996
Romania,ROU,2013,18.940006,5.9700017,3.600001,27.54001,0.5600002,5.850002
Romania,ROU,2014,18.319992,6.729997,3.6699984,31.379986,0.84999967,6.6299973
Romania,ROU,2015,20.450003,7.2200003,3.7400002,34.020004,0.77000004,7.2200003
Romania,ROU,2016,21.620003,6.5600004,3.8400002,35.770004,0.51000005,7.4600005
Romania,ROU,2017,22.889994,5.2999988,3.969999,35.229992,0.3799999,8.299998
Romania,ROU,2018,19.219995,5.1699986,3.929999,35.819992,0.3899999,8.429998
Romania,ROU,2019,23.489996,4.2599998,2.2699997,35.799995,0.13999999,8.009999
Romania,ROU,2020,25.050005,5.200001,2.5600004,35.20001,0.15000004,8.170002
Romania,ROU,2021,22.330002,5.1300006,2.8100002,38.110004,0.19000001,8.640001
Romania,ROU,2022,23.449993,4.6799984,3.1599991,39.53999,0.16999994,8.669997
Romania,ROU,2023,25.379997,4.6099997,2.9799998,39.279995,0.19999999,8.699999
Russia,RUS,1992,9.962101,28.657276,2.35813,19.554493,0.6295008,18.725151
Russia,RUS,1993,9.8267145,27.008394,2.5119414,19.151041,0.59281814,14.338162
Russia,RUS,1994,10.790857,25.797678,2.1882856,15.779747,0.6223564,12.0957985
Russia,RUS,1995,11.584212,22.58721,1.8739167,16.574644,0.61127764,18.218079
Russia,RUS,1996,9.698984,21.642363,1.6331967,16.362026,0.6913532,20.450027
Russia,RUS,1997,11.838085,21.793295,1.462234,13.120045,0.7211017,22.734734
Russia,RUS,1998,10.245581,19.81079,1.2907029,14.718017,1.0505722,21.92194
Russia,RUS,1999,6.651537,17.04394,0.9902288,15.49358,0.7301687,19.494503
Russia,RUS,2000,9.83303,15.104654,0.97029895,13.244081,0.72022194,17.895514
Russia,RUS,2001,14.655285,16.33589,0.9403391,13.0347,0.63022727,17.736395
Russia,RUS,2002,15.874348,17.439844,0.957247,14.817387,0.8076772,16.831593
Russia,RUS,2003,16.058666,17.748007,0.9341056,15.889731,0.79498345,17.211391
Russia,RUS,2004,15.618119,17.467241,1.0140345,14.693559,0.9146194,16.582447
Russia,RUS,2005,17.329947,17.897324,1.1048961,14.552774,0.9954018,18.554289
Russia,RUS,2006,19.836452,17.123775,1.1967695,16.016764,1.416177,18.539953
Russia,RUS,2007,22.00817,17.504683,1.2481947,17.89412,1.3879925,22.377634
Russia,RUS,2008,22.40897,18.872288,1.328753,19.971258,2.2179186,21.809532
Russia,RUS,2009,22.791588,17.368347,1.3383316,19.765362,2.4069993,22.771612
Russia,RUS,2010,22.24,17.63,1.35,21.79,2.72,22.51
Russia,RUS,2011,22.97,16.64,1.38,22.6,2.84,22.41
Russia,RUS,2012,26.430002,17.6,1.3900001,24.480001,2.9800003,23.940002
Russia,RUS,2013,27.159998,17.389997,1.3799999,25.379997,3.2699997,23.069998
Russia,RUS,2014,28.64,17.22,1.39,24.15,3.42,22.47
Russia,RUS,2015,29.440002,15.170001,1.3800001,23.980001,3.7900002,20.110003
Russia,RUS,2016,29.810003,14.070002,1.3700002,25.270004,3.3000004,20.480001
Russia,RUS,2017,31.7,13.89,1.38,26.45,3.34,19.96
Russia,RUS,2018,31.130001,13.950001,1.3800001,25.900002,3.5900002,21.440002
Russia,RUS,2019,31.2,13.81,1.4,26.99,3.37,21.79
Russia,RUS,2020,30.68,13.49,1.48,28.13,3.58,21.13
Russia,RUS,2021,31.24,13.23,1.48,28.29,3.72,22.74
Russia,RUS,2022,34.020004,12.780002,1.4400002,29.280005,3.9900005,22.780003
Russia,RUS,2023,34.68,12.86,1.48,31.75,4,22.8
Rwanda,RWA,1961,0.10607747,1.3018599,0.76182914,0.34716263,1.3018599,0.16393791
Rwanda,RWA,1962,0.11491457,1.34067,0.73736846,0.37347233,1.2736365,0.15321942
Rwanda,RWA,1963,0.11425938,1.53298,0.6760346,0.30469167,1.2473315,0.15234584
Rwanda,RWA,1964,0.123262465,1.5550034,0.6068306,0.22756147,1.2326247,0.2654884
Rwanda,RWA,1965,0.12277635,1.5394267,0.57610446,0.16055371,1.1994306,0.2644414
Rwanda,RWA,1966,0.075396985,1.7152816,0.49008042,0.17906785,1.3194473,0.25446486
Rwanda,RWA,1967,0.13183877,1.8080745,0.5650233,0.22600931,1.3654729,0.21659225
Rwanda,RWA,1968,0.103624105,1.6674061,0.5181205,0.16956672,1.384795,0.21666859
Rwanda,RWA,1969,0.14144295,1.6690269,0.49033555,0.12258389,1.3484228,0.20744966
Rwanda,RWA,1970,0.122630015,1.6413556,0.53768545,0.10376386,1.3111979,0.22639388
Rwanda,RWA,1971,0.122642435,1.6320878,0.5471739,0.075472265,1.3396327,0.21698278
Rwanda,RWA,1972,0.1132801,1.6425616,0.5380805,0.16048016,1.3027213,0.18880019
Rwanda,RWA,1973,0.13216895,1.5388241,0.6514041,0.16049086,1.3028082,0.27377853
Rwanda,RWA,1974,0.13226396,1.8611428,0.5479506,0.21729077,1.2942972,0.34955475
Rwanda,RWA,1975,0.13244271,2.2988272,0.62437284,0.24596503,1.2582058,0.28380582
Rwanda,RWA,1976,0.16118966,2.190283,0.6352769,0.20859838,1.2515904,0.22756186
Rwanda,RWA,1977,0.16164483,2.1869593,0.67510486,0.3613237,1.2551246,0.2947641
Rwanda,RWA,1978,0.18127683,2.242108,0.67740285,0.41025808,1.2307742,0.16219506
Rwanda,RWA,1979,0.20107523,2.2309775,0.68940085,0.45960054,1.2064514,0.22022526
Rwanda,RWA,1980,0.19206977,2.3048375,0.72026163,0.47057095,1.1812291,0.3457256
Rwanda,RWA,1981,0.20189838,2.442009,0.7114515,0.5287815,1.1440909,0.23074101
Rwanda,RWA,1982,0.20167011,2.3144047,0.72985375,0.52818364,1.1235906,0.2496868
Rwanda,RWA,1983,0.19192892,2.2551649,0.6717512,0.48941875,1.1035913,0.24950759
Rwanda,RWA,1984,0.19234964,2.2120206,0.6443713,0.29814193,1.0963929,0.2019671
Rwanda,RWA,1985,0.1935342,2.3127337,0.68704635,0.299978,1.1224983,0.299978
Rwanda,RWA,1986,0.18633819,2.0791419,0.6570873,0.30402547,1.1180291,0.30402547
Rwanda,RWA,1987,0.17977348,1.8576592,0.64918196,0.34955955,1.0786409,0.4694085
Rwanda,RWA,1988,0.21234846,1.9414716,0.6471572,0.41458508,1.081966,0.2527958
Rwanda,RWA,1989,0.19103906,1.9405545,0.6535546,0.3820781,1.0657967,0.25136718
Rwanda,RWA,1990,0.18587008,1.9173967,0.64565396,0.36195752,1.07609,0.38152277
Rwanda,RWA,1991,0.18530712,1.9086633,0.6671057,0.3520835,1.0747813,0.5837174
Rwanda,RWA,1992,0.18740728,1.7292581,0.67296255,0.34925902,1.0648141,0.7155551
Rwanda,RWA,1993,0.1900104,1.5048825,0.6612362,0.34201872,1.003255,0.5016275
Rwanda,RWA,1994,0.21925816,1.5348072,0.8011356,0.41321734,1.1806209,0.5481454
Rwanda,RWA,1995,0.22958986,1.8367189,0.4092689,0.39928675,1.3575749,0.63885874
Rwanda,RWA,1996,0.21214032,1.7059617,0.43311983,0.38008475,1.2374852,0.47731575
Rwanda,RWA,1997,0.1919129,1.7439041,0.33376157,0.3421056,1.0930691,0.6174589
Rwanda,RWA,1998,0.22179772,1.9340762,0.34600443,0.28390107,1.3219144,0.8694471
Rwanda,RWA,1999,0.27950332,2.1781983,0.4047979,0.36624575,1.3975167,0.83851004
Rwanda,RWA,2000,0.17376809,2.0954387,0.41908774,0.39864445,1.441253,0.8892838
Rwanda,RWA,2001,0.19027184,2.346686,0.4228263,0.40168497,1.5010333,0.8985059
Rwanda,RWA,2002,0.2139953,2.353948,0.49218917,0.46008986,1.5835651,0.95227903
Rwanda,RWA,2003,0.23381257,2.7526114,0.5101365,0.4569973,1.562293,1.0096452
Rwanda,RWA,2004,0.26239532,2.6029618,0.6612362,0.68222785,1.5743719,0.93412733
Rwanda,RWA,2005,0.26033923,2.6450467,0.66646844,0.70812273,1.5516219,0.7601906
Rwanda,RWA,2006,0.20778018,3.0751467,0.7168416,0.6752855,1.4960173,1.173958
Rwanda,RWA,2007,0.23910517,3.2643054,0.7381072,0.6341485,1.4866103,1.6529444
Rwanda,RWA,2008,0.2398231,3.76418,0.7716048,0.58391714,1.3138136,2.0228558
Rwanda,RWA,2009,0.24073505,3.516825,0.8687395,0.69080496,1.371143,2.1875489
Rwanda,RWA,2010,1.3299987,2.5899973,1.9499981,0.6599994,1.5899985,2.7499974
Rwanda,RWA,2011,1.2499987,2.3799975,1.899998,0.7099992,1.5299983,4.309995
Rwanda,RWA,2012,1.2499996,2.559999,1.8699994,0.7399998,1.5199995,4.6299987
Rwanda,RWA,2013,1.28,2.62,1.92,0.75,1.55,4.67
Rwanda,RWA,2014,1.4300002,2.8400004,2.0700002,0.9000001,1.6000003,5.130001
Rwanda,RWA,2015,1.4299991,3.1399984,2.2299988,1.1599994,1.629999,5.6599965
Rwanda,RWA,2016,1.5199995,2.6199992,1.9499995,1.2399997,1.6099995,5.6699986
Rwanda,RWA,2017,1.4899998,2.4499996,2.1999996,1.1899998,1.5799997,5.699999
Rwanda,RWA,2018,1.5,2.65,2.05,0.87,1.53,5.15
Rwanda,RWA,2019,1.4899998,2.7099996,1.7199997,1.1599997,1.4299997,4.629999
Rwanda,RWA,2020,1.5100002,3.2600005,1.3100002,0.86000013,1.4300002,5.440001
Rwanda,RWA,2021,1.01,2.91,1.23,0.55,1.29,5.38
Rwanda,RWA,2022,0.8400003,2.5800009,0.9700004,0.45000017,1.2800004,5.260002
Rwanda,RWA,2023,0.89999974,2.5499992,0.9199998,0.6399998,1.4299996,5.1499987
Saint Kitts and Nevis,KNA,1961,3.5749388,3.6486487,1.9348893,3.740786,1.4465603,10.8353815
Saint Kitts and Nevis,KNA,1962,3.9502227,3.6787622,2.0219152,3.9595838,1.4696327,11.008204
Saint Kitts and Nevis,KNA,1963,4.0734367,4.006659,2.0605676,4.1974525,1.6694412,13.097959
Saint Kitts and Nevis,KNA,1964,4.7566285,4.1357837,2.101322,4.37457,1.7097119,13.372048
Saint Kitts and Nevis,KNA,1965,5.0855107,4.022438,2.1453004,4.7215757,1.7430565,13.685866
Saint Kitts and Nevis,KNA,1966,6.0292087,4.134864,2.2020555,4.7022057,2.0001202,16.02981
Saint Kitts and Nevis,KNA,1967,6.852918,4.42685,2.2617528,4.8231397,2.1264346,16.45087
Saint Kitts and Nevis,KNA,1968,7.912409,4.914842,2.4136252,4.70073,4.5839415,16.924574
Saint Kitts and Nevis,KNA,1969,7.410273,5.208306,2.8153005,4.7659016,2.7750819,17.485027
Saint Kitts and Nevis,KNA,1970,9.275856,5.30337,2.8634162,5.363865,3.3171268,22.403208
Saint Kitts and Nevis,KNA,1971,10.396129,5.461698,2.8751018,5.6507187,5.023967,22.612823
Saint Kitts and Nevis,KNA,1972,12.324874,5.593136,2.8864577,5.6031237,3.5556362,39.161938
Saint Kitts and Nevis,KNA,1973,12.328861,5.332483,2.616124,4.791216,4.019409,39.021347
Saint Kitts and Nevis,KNA,1974,10.306451,5.1884184,2.7148702,5.7112823,3.8712037,40.511894
Saint Kitts and Nevis,KNA,1975,13.958009,5.042633,2.501146,5.173742,1.3715962,42.5094
Saint Kitts and Nevis,KNA,1976,16.619232,6.180372,2.6400607,5.371158,1.8106163,52.821445
Saint Kitts and Nevis,KNA,1977,16.392097,7.161399,2.677917,4.747216,1.2780967,48.516956
Saint Kitts and Nevis,KNA,1978,21.044939,7.530587,2.686588,4.711705,1.302588,50.526173
Saint Kitts and Nevis,KNA,1979,21.273779,6.7916293,2.7665899,6.2722692,1.6979073,50.897266
Saint Kitts and Nevis,KNA,1980,21.115803,8.165446,2.9592218,7.051976,1.2639388,56.2854
Saint Kitts and Nevis,KNA,1981,26.592543,11.343602,2.6673067,5.666768,1.2984246,56.57709
Saint Kitts and Nevis,KNA,1982,25.194246,13.471292,2.5568168,5.6694636,0.1920139,59.26156
Saint Kitts and Nevis,KNA,1983,28.071066,14.832487,2.6395938,5.8375635,0.030456852,39.29949
Saint Kitts and Nevis,KNA,1984,28.120281,12.340628,2.6615086,6.2400913,0.24920492,40.690178
Saint Kitts and Nevis,KNA,1985,28.331503,15.1181555,2.6968062,5.6743207,2.6667304,38.356804
Saint Kitts and Nevis,KNA,1986,35.875797,18.27578,2.6929543,5.153931,5.254791,34.433502
Saint Kitts and Nevis,KNA,1987,36.016727,17.21548,3.1913557,5.441162,4.975343,27.3743
Saint Kitts and Nevis,KNA,1988,40.377274,16.516161,2.794275,4.91992,4.8700223,31.595268
Saint Kitts and Nevis,KNA,1989,35.583538,12.538196,2.8957503,4.5045,3.6900704,27.911814
Saint Kitts and Nevis,KNA,1990,41.824947,12.414722,4.0031147,3.7497528,3.9524422,26.623245
Saint Kitts and Nevis,KNA,1991,40.09435,10.731761,4.3861127,4.9445295,7.4320245,16.925116
Saint Kitts and Nevis,KNA,1992,41.634018,9.470054,4.2670593,4.458272,6.3804617,12.368434
Saint Kitts and Nevis,KNA,1993,41.04735,11.785974,4.0711484,4.8344884,2.9108708,11.195658
Saint Kitts and Nevis,KNA,1994,40.67563,9.43538,5.5064836,5.6270633,3.346093,11.545528
Saint Kitts and Nevis,KNA,1995,41.63223,15.728859,5.930054,7.991357,3.6148958,30.80785
Saint Kitts and Nevis,KNA,1996,40.5615,11.455843,5.6828194,8.669557,5.923362,35.25954
Saint Kitts and Nevis,KNA,1997,40.55416,9.062665,5.6806207,8.850021,4.333878,26.418428
Saint Kitts and Nevis,KNA,1998,43.502205,11.455314,5.7976284,7.9667406,4.27825,21.471216
Saint Kitts and Nevis,KNA,1999,40.406723,13.210084,6.181513,7.855462,4.215126,29.314285
Saint Kitts and Nevis,KNA,2000,42.655064,14.580757,5.761177,9.124403,6.0151973,35.400246
Saint Kitts and Nevis,KNA,2001,44.377415,12.829967,4.69193,9.253249,6.118598,30.743694
Saint Kitts and Nevis,KNA,2002,54.63668,9.900538,4.5419993,9.135033,4.889029,33.937412
Saint Kitts and Nevis,KNA,2003,53.9013,10.223377,4,10.65974,3.6467533,31.792208
Saint Kitts and Nevis,KNA,2004,53.369015,11.736625,4.0192504,10.680018,7.5827093,33.542095
Saint Kitts and Nevis,KNA,2005,49.32801,12.719603,3.1429863,9.660992,6.8976946,33.813473
Saint Kitts and Nevis,KNA,2006,48.18424,13.199691,3.0691962,11.396806,7.0291038,37.914238
Saint Kitts and Nevis,KNA,2007,51.611248,10.302992,2.353747,7.4357,6.9114566,36.622158
Saint Kitts and Nevis,KNA,2008,53.34336,13.365772,3.1781805,8.718228,7.16179,41.06601
Saint Kitts and Nevis,KNA,2009,51.345303,12.373831,2.0272257,8.696023,7.255917,41.375343
Saint Kitts and Nevis,KNA,2010,64.411125,9.195878,2.1590323,10.605246,4.41802,40.24196
Saint Kitts and Nevis,KNA,2011,65.02255,9.7244,1.9588721,9.914291,3.9277384,38.227985
Saint Kitts and Nevis,KNA,2012,62.63537,10.064435,1.4092208,6.0366626,3.767917,35.530357
Saint Kitts and Nevis,KNA,2013,61.861084,9.975337,1.6192431,6.9867344,3.928164,38.44203
Saint Kitts and Nevis,KNA,2014,62.620747,17.901636,2.3988793,16.382345,4.158057,39.371605
Saint Kitts and Nevis,KNA,2015,61.156624,12.655163,1.9592512,15.713994,4.2283835,40.20463
Saint Kitts and Nevis,KNA,2016,61.86189,13.511676,1.9887747,18.248756,4.1374507,38.666176
Saint Kitts and Nevis,KNA,2017,57.939213,16.031483,2.0389166,20.519098,4.3277,40.318577
Saint Kitts and Nevis,KNA,2018,55.21416,8.386075,2.9286294,20.590364,2.858662,37.812305
Saint Kitts and Nevis,KNA,2019,58.227753,5.5269394,2.8284338,19.109419,0,36.249928
Saint Kitts and Nevis,KNA,2020,76.2477,5.3870115,3.0782921,18.119947,0.10993901,36.31985
Saint Kitts and Nevis,KNA,2021,75.228165,5.2670712,1.7890052,15.95113,0.1399222,36.399757
Saint Kitts and Nevis,KNA,2022,55.783726,6.486944,2.388875,17.791618,0.06996705,36.442833
Saint Kitts and Nevis,KNA,2023,62.93904,7.1065044,1.9990166,16.801735,0,36.402092
Saint Lucia,LCA,1961,2.092379,3.9511902,1.0413237,7.7174726,0,18.987123
Saint Lucia,LCA,1962,2.0731463,4.5356154,1.0706389,7.805931,0,18.784845
Saint Lucia,LCA,1963,2.5309036,4.5458922,1.0805012,7.952878,0,18.582674
Saint Lucia,LCA,1964,2.6080246,5.137316,1.1809922,8.139006,0,20.460691
Saint Lucia,LCA,1965,4.479403,5.26699,1.0829326,7.7675796,0,20.260683
Saint Lucia,LCA,1966,6.6370854,6.069898,1.2040291,8.040128,0,21.075483
Saint Lucia,LCA,1967,7.8574805,6.5412016,0.97464913,7.194317,0,21.854244
Saint Lucia,LCA,1968,9.247835,5.6369667,1.5647095,7.9439106,0,22.598019
Saint Lucia,LCA,1969,9.480885,6.9944263,1.2836591,8.652065,0,22.327583
Saint Lucia,LCA,1970,12.30656,10.472167,1.7436812,8.930066,0,25.721817
Saint Lucia,LCA,1971,11.85777,8.022318,1.6165123,9.0665245,0,29.358273
Saint Lucia,LCA,1972,12.337556,8.798257,2.6794693,8.22837,0,30.84389
Saint Lucia,LCA,1973,13.157043,9.016854,2.030285,8.409759,0,28.851942
Saint Lucia,LCA,1974,11.879865,7.6434784,1.2889003,8.482762,0,26.81712
Saint Lucia,LCA,1975,13.389922,10.320571,1.4403107,7.5392814,0,27.465233
Saint Lucia,LCA,1976,13.632895,10.779958,1.5597376,8.075097,0,29.526423
Saint Lucia,LCA,1977,16.323872,11.859307,1.8115637,10.285327,0,29.380991
Saint Lucia,LCA,1978,23.535427,12.318627,1.9852744,9.201748,0.029779116,30.434258
Saint Lucia,LCA,1979,25.717031,10.519707,2.1118362,11.121679,0.059210356,16.934162
Saint Lucia,LCA,1980,25.548105,7.5961843,1.7506831,8.901778,0,16.260582
Saint Lucia,LCA,1981,31.964878,6.872251,1.594283,8.506144,0.9308236,16.487461
Saint Lucia,LCA,1982,33.34216,9.013786,1.6612103,8.07014,0.14744471,16.503977
Saint Lucia,LCA,1983,33.746193,8.370157,1.3573228,8.2029505,0.91471756,16.88785
Saint Lucia,LCA,1984,35.233425,9.747492,1.5221308,8.635166,0.1756305,18.226542
Saint Lucia,LCA,1985,35.212967,11.04185,1.677737,8.252125,1.09248,17.899113
Saint Lucia,LCA,1986,42.822105,12.020067,1.7887591,8.609632,1.1204315,14.280587
Saint Lucia,LCA,1987,43.97702,11.021292,2.7725284,8.789504,1.9859955,14.059276
Saint Lucia,LCA,1988,40.56155,10.083322,3.344566,6.4807177,3.1758494,15.680757
Saint Lucia,LCA,1989,40.742424,13.477872,3.5562456,9.26417,3.4267466,18.86703
Saint Lucia,LCA,1990,41.287697,11.16019,5.23478,7.0364246,1.3612429,18.647024
Saint Lucia,LCA,1991,51.28999,13.314127,4.856095,10.123552,2.0367503,20.768835
Saint Lucia,LCA,1992,50.57213,14.106856,4.872731,10.427242,2.1355796,21.325718
Saint Lucia,LCA,1993,56.97485,13.855498,4.568407,12.56312,0.6211431,23.803806
Saint Lucia,LCA,1994,58.28781,14.95706,4.730605,10.4649725,2.872153,24.010801
Saint Lucia,LCA,1995,54.44555,17.751825,4.780101,12.128761,1.9041065,23.444311
Saint Lucia,LCA,1996,53.52801,15.330502,7.1601763,12.428799,2.099526,26.214365
Saint Lucia,LCA,1997,55.11187,14.893764,5.987194,13.52809,0.12865044,24.829536
Saint Lucia,LCA,1998,50.631397,16.972746,6.290598,14.302208,0.019781753,24.875555
Saint Lucia,LCA,1999,63.812298,14.064026,6.0726523,17.090462,0.039561253,28.642345
Saint Lucia,LCA,2000,62.28572,14.193187,5.6515408,15.8955765,0.029692858,27.40651
Saint Lucia,LCA,2001,62.33115,9.297085,5.357979,15.131329,0,27.18678
Saint Lucia,LCA,2002,60.771397,8.076459,5.4931803,15.776808,0.009897621,28.683306
Saint Lucia,LCA,2003,58.891922,8.2299595,6.40108,17.463816,0.029818695,29.281958
Saint Lucia,LCA,2004,60.376987,11.3926325,5.6169252,21.068432,0.02977169,34.852722
Saint Lucia,LCA,2005,58.85592,9.134534,4.996072,20.482897,0.019944398,38.183548
Saint Lucia,LCA,2006,57.328285,7.93342,5.1310177,18.669243,0.23185346,32.600613
Saint Lucia,LCA,2007,55.853985,13.17311,3.5567398,21.036444,0.030399485,32.547714
Saint Lucia,LCA,2008,57.254704,8.536454,5.27764,20.823618,0.03074353,31.922033
Saint Lucia,LCA,2009,63.209324,8.292619,3.7188015,16.193785,0.09271251,29.04992
Saint Lucia,LCA,2010,65.96576,9.17941,3.8897498,9.409394,0.12999164,27.128254
Saint Lucia,LCA,2011,70.58424,7.6093802,2.9897563,10.999104,0.11999022,24.987965
Saint Lucia,LCA,2012,69.13799,6.579809,2.5099273,9.809716,0.32999045,27.169212
Saint Lucia,LCA,2013,72.45582,6.2196407,2.2998672,9.059478,0.14999135,24.858566
Saint Lucia,LCA,2014,65.158134,7.0297985,2.679923,22.789347,0.1499957,33.929028
Saint Lucia,LCA,2015,65.86285,6.4293013,2.6997068,23.757418,0.1599826,33.746334
Saint Lucia,LCA,2016,65.01962,7.3999577,2.6999846,23.529865,0.009999942,32.859814
Saint Lucia,LCA,2017,62.465748,7.459492,2.7398136,23.448404,0.009999319,35.007614
Saint Lucia,LCA,2018,63.07573,7.1795135,2.669819,23.01844,0.25998238,36.557526
Saint Lucia,LCA,2019,33.067207,9.95916,2.2898066,20.108303,0,33.84714
Saint Lucia,LCA,2020,34.847847,6.6695886,2.6398373,17.48892,0.019998765,31.078081
Saint Lucia,LCA,2021,63.602875,9.708913,1.8397939,17.77801,0.039995518,25.057194
Saint Lucia,LCA,2022,66.55479,6.809467,3.0997572,17.568624,0,25.018042
Saint Lucia,LCA,2023,64.38605,6.9495735,2.1798663,16.808968,0,24.94847
Saint Vincent and the Grenadines,VCT,1961,1.2698228,2.4919078,0.42009175,3.694898,0.82108843,18.770464
Saint Vincent and the Grenadines,VCT,1962,1.3982352,2.5491636,0.5231492,3.7000918,0.8085033,18.471924
Saint Vincent and the Grenadines,VCT,1963,1.679203,2.6943145,0.5502473,3.718913,0.85383207,15.909739
Saint Vincent and the Grenadines,VCT,1964,1.6001649,2.8689346,0.5775743,4.0714254,0.8332219,15.698659
Saint Vincent and the Grenadines,VCT,1965,2.2978218,3.470373,0.68083614,3.9620879,0.7659406,15.48902
Saint Vincent and the Grenadines,VCT,1966,2.9387102,4.649021,0.51025844,3.9875746,0.907126,18.77562
Saint Vincent and the Grenadines,VCT,1967,3.2595742,3.4579833,0.50074613,3.8170085,0.7747394,14.124822
Saint Vincent and the Grenadines,VCT,1968,3.4034777,3.1671252,0.48215935,4.046357,0.7846907,13.906989
Saint Vincent and the Grenadines,VCT,1969,3.9663842,3.0102868,0.48278183,5.13074,0.8141027,14.824242
Saint Vincent and the Grenadines,VCT,1970,6.245246,3.1507547,0.41259885,5.4575577,1.106515,17.80739
Saint Vincent and the Grenadines,VCT,1971,7.410209,3.1275027,0.4414193,6.9500065,1.2303389,14.538661
Saint Vincent and the Grenadines,VCT,1972,8.672768,2.9630387,0.50794953,6.0483613,1.1381831,14.410715
Saint Vincent and the Grenadines,VCT,1973,9.9710245,3.1713,0.42855406,4.933133,0.95234233,13.2661295
Saint Vincent and the Grenadines,VCT,1974,9.0156355,2.9765909,0.43885636,5.018227,1.3833516,17.019995
Saint Vincent and the Grenadines,VCT,1975,10.001195,3.2508667,0.334648,4.1400743,0.2677184,14.734075
Saint Vincent and the Grenadines,VCT,1976,12.659507,2.922899,0.42166412,4.897054,0.99666065,13.042838
Saint Vincent and the Grenadines,VCT,1977,12.546245,3.5448425,0.38426477,5.168361,0.78774273,11.028398
Saint Vincent and the Grenadines,VCT,1978,13.474826,4.0260735,0.394902,5.297466,0.52011484,10.017025
Saint Vincent and the Grenadines,VCT,1979,15.83636,3.98083,0.46378604,5.6813793,0.83095,11.034243
Saint Vincent and the Grenadines,VCT,1980,16.550863,3.3625,0.5620317,5.901333,1.1822046,10.513869
Saint Vincent and the Grenadines,VCT,1981,17.049252,3.0850112,0.49975258,6.179633,1.1532753,10.139212
Saint Vincent and the Grenadines,VCT,1982,22.770178,3.0315325,0.6063065,6.7656107,1.3569716,8.93099
Saint Vincent and the Grenadines,VCT,1983,22.940723,3.2097735,0.69400513,6.699077,1.5615115,10.01488
Saint Vincent and the Grenadines,VCT,1984,22.981077,3.3409467,0.51176345,9.153807,2.2981079,11.142926
Saint Vincent and the Grenadines,VCT,1985,25.366087,3.0761292,0.68038994,8.433002,3.3444521,10.340011
Saint Vincent and the Grenadines,VCT,1986,32.546524,2.9395618,0.74930006,8.367185,0.028819235,8.761047
Saint Vincent and the Grenadines,VCT,1987,30.561544,5.010089,0.8382265,11.1667185,0.857496,9.788943
Saint Vincent and the Grenadines,VCT,1988,31.419975,4.7274976,0.9280977,8.613907,0.16435064,10.276749
Saint Vincent and the Grenadines,VCT,1989,32.237488,5.2495284,0.8460778,10.643274,0.36535177,9.614521
Saint Vincent and the Grenadines,VCT,1990,35.029377,4.790342,0.85955733,11.937223,0.85955733,14.322737
Saint Vincent and the Grenadines,VCT,1991,35.56506,5.6003423,0.827542,11.729926,0.9141452,14.809153
Saint Vincent and the Grenadines,VCT,1992,39.89869,4.9813375,0.8254239,12.74608,0.45110378,13.686681
Saint Vincent and the Grenadines,VCT,1993,42.739082,5.59382,0.6609137,10.833238,0.7758552,14.6263075
Saint Vincent and the Grenadines,VCT,1994,39.591618,5.6518464,0.70767623,10.749028,0.3920909,11.514084
Saint Vincent and the Grenadines,VCT,1995,42.611973,5.6739545,0.7737211,14.395033,0.39163658,12.178943
Saint Vincent and the Grenadines,VCT,1996,43.233986,4.324353,1.135978,12.629401,0.67776835,14.166313
Saint Vincent and the Grenadines,VCT,1997,45.258488,4.1039963,1.3075522,10.317256,0.6394599,14.010853
Saint Vincent and the Grenadines,VCT,1998,46.665314,5.924997,0.6964972,9.703256,0.9159415,14.445161
Saint Vincent and the Grenadines,VCT,1999,47.16856,5.391237,0.6953362,9.791858,0.8382135,14.944965
Saint Vincent and the Grenadines,VCT,2000,47.332798,5.1070347,0.69425243,9.386673,0.29481953,15.130898
Saint Vincent and the Grenadines,VCT,2001,43.568798,5.6899195,0.71361864,9.58152,0,15.490283
Saint Vincent and the Grenadines,VCT,2002,53.64513,8.478807,0.952675,11.4321,0.04763375,15.633396
Saint Vincent and the Grenadines,VCT,2003,55.265182,7.340056,0.94494873,12.81885,0.028634809,15.930499
Saint Vincent and the Grenadines,VCT,2004,58.712963,8.219235,0.90788263,13.087031,0.01931665,16.409494
Saint Vincent and the Grenadines,VCT,2005,56.29058,8.267194,0.9207309,15.225982,0,16.524696
Saint Vincent and the Grenadines,VCT,2006,60.081497,8.63033,0.86595196,14.925509,0.019459594,16.783901
Saint Vincent and the Grenadines,VCT,2007,62.442623,9.811016,0.9967367,15.146489,0.05863157,17.403805
Saint Vincent and the Grenadines,VCT,2008,63.83126,10.816862,1.2367736,16.27437,0.4318892,17.795797
Saint Vincent and the Grenadines,VCT,2009,62.744453,12.130727,1.1736232,16.115128,0,18.018566
Saint Vincent and the Grenadines,VCT,2010,71.4909,11.648517,1.1498536,13.708255,0.05999236,18.187685
Saint Vincent and the Grenadines,VCT,2011,71.45889,9.858467,1.1598196,11.478215,0.01999689,18.467129
Saint Vincent and the Grenadines,VCT,2012,72.26135,9.538859,0.91989005,10.658726,0.04999402,18.637772
Saint Vincent and the Grenadines,VCT,2013,73.17918,9.66857,0.92986244,10.808401,0.05999112,19.097176
Saint Vincent and the Grenadines,VCT,2014,74.01279,9.577773,0.8598001,11.807255,0.01999535,20.005348
Saint Vincent and the Grenadines,VCT,2015,74.90949,11.8283415,0.99985975,12.188291,0.019997194,19.60725
Saint Vincent and the Grenadines,VCT,2016,78.86887,12.518234,1.3198138,13.8880415,0.07998872,19.607235
Saint Vincent and the Grenadines,VCT,2017,80.32935,11.018541,1.1998411,12.048404,0.06999073,19.807375
Saint Vincent and the Grenadines,VCT,2018,79.743164,14.708738,1.1199039,12.418935,0.099991426,19.93829
Saint Vincent and the Grenadines,VCT,2019,80.9199,11.69854,1.0798652,14.4282,0.10998627,19.847523
Saint Vincent and the Grenadines,VCT,2020,83.92189,9.969037,0.79992276,14.07864,0.019998068,19.14815
Saint Vincent and the Grenadines,VCT,2021,84.333435,10.039219,0.9799238,15.368804,0.13998911,19.758463
Saint Vincent and the Grenadines,VCT,2022,95.45785,12.518406,1.0798625,18.427654,0,19.907465
Saint Vincent and the Grenadines,VCT,2023,86.20064,12.848605,0.7699164,18.637976,0,20.047823
Samoa,WSM,1961,2.7923405,14.979743,0,8.503065,0,31.161743
Samoa,WSM,1962,2.796948,15.168065,0,8.27349,0,31.196728
Samoa,WSM,1963,2.8083658,17.668072,0,9.449905,0,30.379622
Samoa,WSM,1964,2.816155,19.289677,0,9.2362,0,29.61886
Samoa,WSM,1965,2.7484453,17.07608,0,8.999421,0,28.903324
Samoa,WSM,1966,2.7581892,14.890224,0,9.513755,0,28.990969
Samoa,WSM,1967,2.694343,13.591909,0,9.325032,0,28.405788
Samoa,WSM,1968,2.6577866,14.617827,0,9.170379,0,29.509548
Samoa,WSM,1969,2.672251,15.951911,0,9.0366955,0,26.620516
Samoa,WSM,1970,2.637587,18.646418,0,8.931135,0,28.840336
Samoa,WSM,1971,2.594482,19.127945,0,8.811064,0,37.075653
Samoa,WSM,1972,2.63388,20.674433,0,8.654178,0,30.73199
Samoa,WSM,1973,2.5930374,16.493752,0,8.582445,0,25.350756
Samoa,WSM,1974,2.5394807,17.063705,0,8.361216,0,27.432415
Samoa,WSM,1975,2.481334,24.439169,0,8.202187,0,27.383291
Samoa,WSM,1976,4.575778,7.951987,5.794696,8.193835,4.7208877,32.214252
Samoa,WSM,1977,7.5271335,10.371356,10.629922,7.7952757,5.841668,32.215363
Samoa,WSM,1978,8.244633,8.263717,9.351551,7.6434617,10.353503,22.166992
Samoa,WSM,1979,7.2888784,7.564828,11.447155,7.7741694,5.147889,38.090572
Samoa,WSM,1980,9.378891,5.372927,8.182797,10.081358,6.3222075,33.879818
Samoa,WSM,1981,8.9824,4.8866515,7.400594,11.157384,4.2275653,46.559715
Samoa,WSM,1982,9.618249,4.6959686,7.807755,12.833761,7.0345235,42.159992
Samoa,WSM,1983,8.642787,4.2361026,5.6007533,14.319354,2.331278,35.016556
Samoa,WSM,1984,7.597074,4.4896135,10.818921,16.595366,1.9159497,38.48104
Samoa,WSM,1985,8.505232,6.81761,25.208857,18.343302,3.8930373,42.478214
Samoa,WSM,1986,10.918292,6.340897,18.193941,19.388884,0.64565367,34.152187
Samoa,WSM,1987,11.656995,8.689935,19.146664,20.61579,2.5445666,41.80771
Samoa,WSM,1988,11.34153,6.627049,16.92623,21.765028,0.8797814,40.85246
Samoa,WSM,1989,11.853963,8.177795,16.8835,22.728895,1.2573838,41.119335
Samoa,WSM,1990,12.919597,10.644205,18.019945,23.139576,1.9572225,36.107384
Samoa,WSM,1991,15.259597,9.149948,20.187983,20.943214,1.6653875,37.035507
Samoa,WSM,1992,17.492662,7.4355993,20.630621,19.578138,1.0329928,42.148056
Samoa,WSM,1993,24.468758,7.0771775,16.594425,20.249672,0.63189083,40.450737
Samoa,WSM,1994,24.00804,7.1145773,16.45429,19.870068,1.737167,37.612595
Samoa,WSM,1995,18.286795,7.6243663,19.591604,18.627602,0.48686886,39.631126
Samoa,WSM,1996,20.869291,8.371023,18.878504,18.69399,0.009711164,48.72091
Samoa,WSM,1997,8.427526,8.737505,16.051046,19.121767,0.029060435,48.569675
Samoa,WSM,1998,16.882198,8.363747,20.711151,18.487267,0,50.704613
Samoa,WSM,1999,21.629475,9.21738,15.809494,18.618143,0.009651707,54.725178
Samoa,WSM,2000,23.818762,11.711935,17.54864,18.097637,0.009631525,52.299183
Samoa,WSM,2001,24.05931,11.722187,20.196753,20.177536,0.009608351,53.883633
Samoa,WSM,2002,23.276093,16.57918,14.1997595,19.361565,0,51.243862
Samoa,WSM,2003,33.06659,12.516353,12.122817,18.313805,0.009598429,50.266975
Samoa,WSM,2004,26.79258,11.810646,11.724156,18.63372,0.07687971,46.790916
Samoa,WSM,2005,39.274197,10.126583,11.685999,19.627472,0.08663426,46.772873
Samoa,WSM,2006,28.48192,11.763014,13.170718,19.254704,0.11570177,46.945995
Samoa,WSM,2007,35.924477,12.948625,12.466546,18.116505,0.038566265,47.118336
Samoa,WSM,2008,38.435226,11.46415,12.378588,19.05879,0.21176434,47.50259
Samoa,WSM,2009,39.486244,10.344854,11.165875,19.327782,0.07727249,47.261787
Samoa,WSM,2010,60.995262,11.879077,8.249359,17.958605,0.019998446,46.806366
Samoa,WSM,2011,61.56494,11.639045,5.059584,18.488482,0.009999178,46.336193
Samoa,WSM,2012,60.81443,12.398864,5.1795254,19.128246,0.019998169,46.955696
Samoa,WSM,2013,60.675716,10.659247,4.38969,20.508553,0.019998588,46.556713
Samoa,WSM,2014,66.88632,13.599252,3.4798086,20.448875,0.039997797,46.957417
Samoa,WSM,2015,69.65517,14.369003,4.2497053,20.058607,0.32997712,46.046803
Samoa,WSM,2016,82.75634,12.469449,4.909783,19.189152,0.07999646,47.067917
Samoa,WSM,2017,73.00539,12.519208,4.6197076,17.578888,0.26998293,45.97709
Samoa,WSM,2018,80.03422,12.139123,3.3597572,18.088694,0.14998917,46.69663
Samoa,WSM,2019,79.63468,4.8696747,4.239717,12.399172,0.18998732,46.11692
Samoa,WSM,2020,75.25397,7.2094216,3.1997435,15.33877,0.009999198,46.186295
Samoa,WSM,2021,77.35566,10.289422,2.6398518,19.118927,0,47.24735
Samoa,WSM,2022,69.696754,11.499466,6.119715,16.539232,0,46.92782
Samoa,WSM,2023,71.98568,10.99934,8.039517,18.00892,0.0099994,46.617203
Sao Tome and Principe,STP,1961,0.539113,1.778127,0.2080787,2.629358,0,10.1863985
Sao Tome and Principe,STP,1962,0.5623578,1.8714528,0.21203654,2.8578837,0,8.647403
Sao Tome and Principe,STP,1963,0.5840332,2.1353712,0.20076141,2.8289106,0,7.12703
Sao Tome and Principe,STP,1964,0.59592843,1.4537041,0.15349671,2.329538,0,11.286523
Sao Tome and Principe,STP,1965,0.62560153,1.1424028,0.10880026,2.4480062,0,12.557364
Sao Tome and Principe,STP,1966,0.6727829,0.7636995,0.12728325,3.2275395,0,24.79296
Sao Tome and Principe,STP,1967,0.69284064,1.856813,0.12009238,2.7713625,0,22.411085
Sao Tome and Principe,STP,1968,0.7113916,2.1060936,0.12168541,2.5460331,0,16.390089
Sao Tome and Principe,STP,1969,0.71909165,2.3748949,0.10407906,2.5262825,0,16.103868
Sao Tome and Principe,STP,1970,0.7720347,1.8967272,0.1143755,2.049228,0,19.005398
Sao Tome and Principe,STP,1971,0.7853713,2.356114,0.10535469,2.8733096,0,14.491058
Sao Tome and Principe,STP,1972,0.78903544,1.9244766,0.08660145,2.2035258,0,12.951728
Sao Tome and Principe,STP,1973,0.868069,1.9936968,0.0953922,2.7091382,0,9.663229
Sao Tome and Principe,STP,1974,0.9086615,1.0999587,0.13390802,0.8225778,0,7.0875597
Sao Tome and Principe,STP,1975,0.93793964,0.9953645,0.16270381,1.6748922,0,6.9196973
Sao Tome and Principe,STP,1976,1.022611,1.1181821,0.17202802,2.7524483,0,7.2634053
Sao Tome and Principe,STP,1977,1.0289544,1.0956459,0.16196504,1.5910684,0,9.736958
Sao Tome and Principe,STP,1978,1.1800574,1.1512755,0.17269133,1.1704634,0,12.529715
Sao Tome and Principe,STP,1979,1.333181,1.0916626,0.16423245,0.7825193,0,17.679138
Sao Tome and Principe,STP,1980,1.5421609,3.8650408,0.1831316,0.5108408,0,18.737255
Sao Tome and Principe,STP,1981,1.6772501,2.515875,0.183148,0.74223137,0,21.447594
Sao Tome and Principe,STP,1982,1.8153089,3.929951,0.18346208,0.7821278,0,26.215765
Sao Tome and Principe,STP,1983,1.7801278,2.292882,0.18381754,0.812667,0,31.142561
Sao Tome and Principe,STP,1984,1.7445729,2.6839583,0.18212573,0.7956019,0,41.76431
Sao Tome and Principe,STP,1985,1.713092,2.2298906,0.17226624,0.83262014,0,42.348785
Sao Tome and Principe,STP,1986,1.6748378,3.089787,0.18288459,0.8085424,0,28.481869
Sao Tome and Principe,STP,1987,1.6359471,2.4204364,0.17220497,0.8801587,0,26.462162
Sao Tome and Principe,STP,1988,1.5896713,1.2544996,0.172374,0.8522936,0,32.971313
Sao Tome and Principe,STP,1989,1.5526294,1.7634803,0.16293025,0.8338195,0,33.95658
Sao Tome and Principe,STP,1990,1.4934996,1.0273756,0.16171652,0.8561463,0,36.871365
Sao Tome and Principe,STP,1991,2.357789,1.6895896,0.17182268,0.87820476,0,23.587433
Sao Tome and Principe,STP,1992,3.004753,1.2287807,0.16319746,1.1807816,0,24.98841
Sao Tome and Principe,STP,1993,3.0225787,1.7189105,0.1641656,0.49249682,0,23.523966
Sao Tome and Principe,STP,1994,3.0952578,1.706731,0.16392331,1.0992504,0,32.080757
Sao Tome and Principe,STP,1995,3.1703792,1.5610986,0.16381899,1.406916,0,35.076538
Sao Tome and Principe,STP,1996,3.2476234,1.3780717,0.16382672,1.9851942,0,34.914364
Sao Tome and Principe,STP,1997,3.346745,0.810163,0.16396156,1.3020477,0,26.79325
Sao Tome and Principe,STP,1998,3.4201684,0.73427343,0.16424538,1.9902674,0,25.63194
Sao Tome and Principe,STP,1999,3.500516,0.7404937,0.17310244,3.3274136,0,25.56146
Sao Tome and Principe,STP,2000,4.140208,0.7720668,0.16406418,2.6443286,0,25.584362
Sao Tome and Principe,STP,2001,4.2875686,0.7663301,0.16490649,2.6288033,0,23.17421
Sao Tome and Principe,STP,2002,4.5236506,0.82597446,0.16327402,3.8609502,0,24.971321
Sao Tome and Principe,STP,2003,8.868317,1.6914786,0.16245839,2.819131,0,26.108019
Sao Tome and Principe,STP,2004,7.7835546,1.5701143,0.16275576,2.460484,0,26.308989
Sao Tome and Principe,STP,2005,7.9681416,1.7643056,0.15341787,3.0491805,0,26.004332
Sao Tome and Principe,STP,2006,6.3158083,1.8525091,0.15357588,4.319322,0,26.434252
Sao Tome and Principe,STP,2007,7.750973,1.3254453,0.14407015,3.889894,0,26.403255
Sao Tome and Principe,STP,2008,8.660591,1.430544,0.14498758,3.5473626,0,26.726042
Sao Tome and Principe,STP,2009,8.306365,4.931297,0.14589636,2.7233984,0.25288698,26.708757
Sao Tome and Principe,STP,2010,10.639416,3.4598098,0.14999175,4.00978,0.4999725,26.888521
Sao Tome and Principe,STP,2011,8.479314,3.9096842,0.029997574,4.339649,0.4899604,26.34787
Sao Tome and Principe,STP,2012,8.859439,1.4899056,0.039997466,4.059743,0.0099993665,27.918232
Sao Tome and Principe,STP,2013,9.249617,1.3599436,0.03999834,4.619808,0.009999585,28.528818
Sao Tome and Principe,STP,2014,9.519517,1.17994,0.03999797,5.0297446,0.029998476,29.438505
Sao Tome and Principe,STP,2015,9.839115,1.3198814,0.039996404,4.7395735,0.019998202,29.977304
Sao Tome and Principe,STP,2016,9.699429,1.4999117,0.039997645,4.7897177,0.009999411,29.298273
Sao Tome and Principe,STP,2017,9.479267,1.5998764,0.049996138,4.2896686,0,28.127825
Sao Tome and Principe,STP,2018,11.789552,1.3099501,0.049998097,5.2897987,0,27.80894
Sao Tome and Principe,STP,2019,18.268717,1.4099009,0.05999578,5.1896353,0,24.638268
Sao Tome and Principe,STP,2020,17.05843,1.5298592,0.059994478,5.129528,0,26.52756
Sao Tome and Principe,STP,2021,16.70887,2.619823,0.059995946,5.359638,0.029997973,27.588137
Sao Tome and Principe,STP,2022,14.409809,2.559966,0.06999907,5.3999286,0,27.05964
Sao Tome and Principe,STP,2023,17.679081,2.1498883,0.06999636,5.2797256,0,26.518621
Saudi Arabia,SAU,1961,1.3142954,1.7801216,8.318325,,4.042706,7.403309
Saudi Arabia,SAU,1962,1.2933956,1.8240196,8.009104,,3.979679,7.0970945
Saudi Arabia,SAU,1963,1.3397996,1.7863995,7.7906866,,3.9366953,7.526035
Saudi Arabia,SAU,1964,1.5515828,1.8486943,7.510321,,3.8624506,6.420912
Saudi Arabia,SAU,1965,1.7126311,1.8773073,7.311618,,3.7710822,6.389432
Saudi Arabia,SAU,1966,2.2502155,1.9217168,7.046295,,3.7284594,6.8163466
Saudi Arabia,SAU,1967,2.7515364,1.9326266,6.8788404,,3.8161187,6.960732
Saudi Arabia,SAU,1968,3.5608296,2.025426,6.696973,,4.459204,6.451962
Saudi Arabia,SAU,1969,3.8801591,2.0542016,7.271222,,3.8964622,6.3582435
Saudi Arabia,SAU,1970,3.860549,2.0361547,7.0369506,,3.9582846,6.808901
Saudi Arabia,SAU,1971,3.970528,2.4083529,7.046059,,4.751615,6.3951535
Saudi Arabia,SAU,1972,4.5140767,2.727931,6.836066,,4.903781,6.9172544
Saudi Arabia,SAU,1973,4.8774605,2.4468322,6.643717,,6.044162,8.701649
Saudi Arabia,SAU,1974,6.894998,2.8810084,6.6036596,,9.986417,7.510044
Saudi Arabia,SAU,1975,11.270329,3.2224076,6.8496404,,8.67945,7.1896935
Saudi Arabia,SAU,1976,19.056444,3.9376836,7.3082113,,8.118434,8.134638
Saudi Arabia,SAU,1977,24.777231,6.384715,7.292187,,7.519055,10.063218
Saudi Arabia,SAU,1978,25.71919,7.1469207,8.589271,,6.3204064,10.2098875
Saudi Arabia,SAU,1979,30.09006,9.12115,9.867721,,7.011276,12.2697315
Saudi Arabia,SAU,1980,38.847973,10.2368555,10.269404,,6.3797255,13.426718
Saudi Arabia,SAU,1981,37.49452,10.957676,11.855846,,4.768467,14.011455
Saudi Arabia,SAU,1982,43.5166,11.591329,10.936452,,3.8801482,14.931204
Saudi Arabia,SAU,1983,48.520256,12.8469715,12.896131,,3.8016546,15.173846
Saudi Arabia,SAU,1984,38.675644,12.679199,12.204752,,4.090064,13.857138
Saudi Arabia,SAU,1985,40.106396,10.649446,11.431056,,4.298859,13.906157
Saudi Arabia,SAU,1986,46.631847,9.500573,10.920014,,3.9357216,11.597474
Saudi Arabia,SAU,1987,48.181587,7.8764477,10.676963,,3.7552357,11.249796
Saudi Arabia,SAU,1988,47.383266,6.9662814,9.931658,,3.7184877,10.480802
Saudi Arabia,SAU,1989,42.76464,5.2895145,9.898506,,3.619141,10.7182255
Saudi Arabia,SAU,1990,44.639732,6.823132,9.884403,,3.8989325,8.376613
Saudi Arabia,SAU,1991,47.02183,7.829472,9.809339,,3.7347484,9.044391
Saudi Arabia,SAU,1992,40.476295,7.519137,10.000895,,3.6044586,7.312323
Saudi Arabia,SAU,1993,36.79273,4.1575346,9.536163,,3.6051352,7.239344
Saudi Arabia,SAU,1994,33.824913,4.238818,9.84776,,3.8534713,7.6070375
Saudi Arabia,SAU,1995,42.515114,7.1813235,10.157242,,3.1994615,8.913783
Saudi Arabia,SAU,1996,39.614727,5.2601595,9.593659,,4.047325,8.408079
Saudi Arabia,SAU,1997,42.92221,4.415538,9.865346,,3.5403864,8.711738
Saudi Arabia,SAU,1998,46.11993,5.4403167,9.4720955,,3.1013684,9.123192
Saudi Arabia,SAU,1999,50.34578,3.855193,9.460441,,2.599719,9.054631
Saudi Arabia,SAU,2000,48.88773,5.0680866,9.588271,,2.5900786,8.791325
Saudi Arabia,SAU,2001,47.567062,3.3836365,8.336496,,2.4151318,9.967016
Saudi Arabia,SAU,2002,44.244865,4.459824,7.883896,,2.351765,9.273022
Saudi Arabia,SAU,2003,45.49291,4.500635,8.101143,,2.2746453,8.855304
Saudi Arabia,SAU,2004,42.443497,5.2599883,7.538508,,2.2906399,10.2897
Saudi Arabia,SAU,2005,47.458862,5.043705,7.9978747,,2.1375701,10.771914
Saudi Arabia,SAU,2006,44.290455,6.100874,6.9166884,,1.9390376,11.657871
Saudi Arabia,SAU,2007,44.84953,6.4997644,7.0443077,,1.8885233,11.840925
Saudi Arabia,SAU,2008,44.698338,3.939975,6.498694,,1.8567698,9.532928
Saudi Arabia,SAU,2009,46.250256,6.052366,5.355293,,1.8146033,9.227922
Saudi Arabia,SAU,2010,49.179993,7.219999,6.199999,,1.8299998,12.269999
Saudi Arabia,SAU,2011,47.010025,7.010004,6.6200037,,1.700001,11.750007
Saudi Arabia,SAU,2012,45.419987,7.2599983,6.519998,,1.6499995,13.469996
Saudi Arabia,SAU,2013,50.340008,7.0200014,6.7300014,,1.7600003,13.270003
Saudi Arabia,SAU,2014,43.06001,7.120001,6.570001,,1.5900003,13.200002
Saudi Arabia,SAU,2015,45.79999,6.929999,6.229999,,1.5699998,12.339998
Saudi Arabia,SAU,2016,47.10001,5.530001,5.260001,,1.4900004,12.830003
Saudi Arabia,SAU,2017,40.91,6.23,5.3,,1.49,12.19
Saudi Arabia,SAU,2018,38.88,6.12,5.05,,1.5,11.31
Saudi Arabia,SAU,2019,46.370003,6.1700006,4.8200006,,3.5900002,13.4800005
Saudi Arabia,SAU,2020,48.280006,6.200001,5.270001,,3.2500005,14.660002
Saudi Arabia,SAU,2021,48.219994,6.839999,7.549999,,1.9599997,13.709998
Saudi Arabia,SAU,2022,51.029995,7.1499996,5.7699995,0.14,1.8899999,13.349999
Saudi Arabia,SAU,2023,42.94,6.63,6.42,0,2.09,12.92
Senegal,SEN,1961,0.4086802,7.6793857,2.8132403,0.20909218,1.2355447,18.133995
Senegal,SEN,1962,0.8072707,7.740301,2.763715,0.28491908,1.2631413,18.187334
Senegal,SEN,1963,0.7593218,8.181692,2.6955924,0.31322026,1.2908471,17.378977
Senegal,SEN,1964,0.8157325,8.375485,2.788667,0.30352837,1.5366124,19.7578
Senegal,SEN,1965,0.75827456,8.39789,2.9098785,0.33174512,1.5449843,20.625067
Senegal,SEN,1966,0.97535884,8.437327,2.9639547,0.5018837,1.6003461,20.55829
Senegal,SEN,1967,0.9932118,9.5821295,2.837748,0.5107947,1.5323839,20.460163
Senegal,SEN,1968,1.020555,9.440133,2.6836815,0.5008279,1.6064292,17.840813
Senegal,SEN,1969,1.0577399,9.283556,2.4460232,0.8405254,1.5299451,17.613256
Senegal,SEN,1970,1.0577275,8.395712,2.200451,0.8594036,1.5488153,18.396902
Senegal,SEN,1971,1.0962589,7.645461,1.8144975,0.87889725,1.5026308,18.636402
Senegal,SEN,1972,1.1447662,7.407867,1.7881058,0.8893225,1.5137404,19.006903
Senegal,SEN,1973,1.1836818,6.960049,1.6192768,0.8806593,1.4488266,21.732399
Senegal,SEN,1974,1.2221724,5.409771,1.5348212,0.881101,1.4211307,22.974945
Senegal,SEN,1975,1.2511227,5.74379,1.5923378,0.7013869,1.4027739,23.638636
Senegal,SEN,1976,1.3270625,5.848554,1.601954,0.7014473,1.3934156,25.157314
Senegal,SEN,1977,1.6129445,6.1102133,1.6508961,0.7021052,1.3757467,24.49778
Senegal,SEN,1978,1.4440835,6.3368664,1.7766027,0.70304066,1.4060813,23.551863
Senegal,SEN,1979,1.4934949,6.46864,1.7503378,0.6849148,1.3698297,22.297783
Senegal,SEN,1980,1.5623884,5.3540382,1.6862363,0.6859266,1.2003715,23.264343
Senegal,SEN,1981,1.6034776,6.146664,1.8802685,0.6872047,1.46031,22.992723
Senegal,SEN,1982,1.711805,6.129983,2.0369525,0.66942096,1.1953945,20.857244
Senegal,SEN,1983,1.4954967,6.144958,1.8789575,0.66146976,1.1695552,21.540905
Senegal,SEN,1984,1.5568472,5.833372,1.7586608,0.63427114,1.1628304,20.613811
Senegal,SEN,1985,1.6279722,5.6545544,2.1963174,0.5683453,1.338983,20.48933
Senegal,SEN,1986,1.9687595,5.9062786,2.615362,0.58869773,1.2932048,21.453688
Senegal,SEN,1987,2.0494878,6.138796,2.590862,0.6380481,1.3244332,22.998735
Senegal,SEN,1988,2.0731776,6.0742164,2.4413118,0.32938334,1.404723,26.457232
Senegal,SEN,1989,1.8352785,5.8359914,2.4761693,0.35928732,1.5051225,26.043474
Senegal,SEN,1990,1.8005126,5.72271,2.64724,0.369835,1.4890724,27.114746
Senegal,SEN,1991,2.2538455,5.6297355,2.8978014,0.41954702,1.4928068,25.377716
Senegal,SEN,1992,2.025045,5.3316402,2.6707115,0.46957564,1.4576411,35.19861
Senegal,SEN,1993,1.8635018,5.3256917,2.657942,0.45116362,1.4711857,35.759617
Senegal,SEN,1994,1.8280635,5.110715,2.6732972,0.46193,1.4644164,30.349783
Senegal,SEN,1995,1.9987721,4.9723153,2.628927,0.45292374,1.4473867,29.32189
Senegal,SEN,1996,1.8142239,4.8412166,2.6227367,0.46341586,1.4296873,29.737495
Senegal,SEN,1997,2.0532243,4.619755,2.6257584,0.5133061,1.4412057,31.963179
Senegal,SEN,1998,2.123993,4.4258084,2.5883074,0.56310505,1.4127022,29.21231
Senegal,SEN,1999,2.253782,4.675609,2.352632,0.71172065,1.3839011,28.132734
Senegal,SEN,2000,2.3843093,4.7389383,2.374416,0.939873,1.4246496,31.37197
Senegal,SEN,2001,2.784153,4.8252044,2.4770045,0.9313537,1.4366626,29.704237
Senegal,SEN,2002,3.0774255,4.4473763,2.283251,1.0919898,1.280606,25.671686
Senegal,SEN,2003,3.494555,4.271123,2.2699673,0.95577574,1.2345437,28.504019
Senegal,SEN,2004,3.6274498,4.3869157,2.308377,0.88937473,1.2191429,27.460693
Senegal,SEN,2005,3.6113832,4.76502,2.5179367,0.8928142,1.2338893,26.523605
Senegal,SEN,2006,2.759753,5.29792,2.628816,0.92663246,1.3093718,22.591702
Senegal,SEN,2007,3.1759214,4.450336,2.6702015,0.90018153,1.2541856,23.72838
Senegal,SEN,2008,3.524729,5.119491,2.5597456,0.83293307,1.2900305,26.877327
Senegal,SEN,2009,3.2239332,5.509253,2.6015916,0.83659023,1.3058969,27.015743
Senegal,SEN,2010,5.1199965,5.8799963,3.2799978,1.0099994,1.2799991,24.569984
Senegal,SEN,2011,5.1299996,5.7299995,3.2499995,1.0199999,1.3099998,24.149996
Senegal,SEN,2012,5.1499968,5.6699963,3.2999978,1.0199993,1.1699992,24.849983
Senegal,SEN,2013,5.139997,5.5499973,3.319998,1.0299994,1.1499994,24.539988
Senegal,SEN,2014,4.679999,5.7399983,3.3499992,1.0799998,1.2099998,20.949995
Senegal,SEN,2015,5.249998,5.7799983,3.4899988,1.0599996,1.1999997,17.049994
Senegal,SEN,2016,5.550001,5.2200007,3.5700006,1.0600001,1.1800002,18.550003
Senegal,SEN,2017,6.1699996,5.2099996,3.8799999,1.0699999,1.1699998,19.599998
Senegal,SEN,2018,6.1800017,5.240001,3.8800013,1.0800004,1.1600003,19.180006
Senegal,SEN,2019,7.149997,5.199998,3.2099988,1.2099996,1.0799997,16.369995
Senegal,SEN,2020,7.2700014,5.5900016,3.4000008,1.1900003,1.0900003,11.070003
Senegal,SEN,2021,7.7800016,5.810001,3.5300007,1.0100002,1.0800003,14.440002
Senegal,SEN,2022,8.14,6.36,3.9000003,1.22,1.11,14.080001
Senegal,SEN,2023,8.289999,5.979999,3.4299996,1.2199998,1.0899999,13.749998
Serbia,SRB,2006,9.979321,9.808171,2.712058,31.333487,0.0131653305,6.3720202
Serbia,SRB,2007,9.163645,11.185424,2.6256864,36.0638,0.0131284315,8.297169
Serbia,SRB,2008,10.200602,12.269529,3.0902977,34.228973,0.026188964,8.58998
Serbia,SRB,2009,10.884026,12.857001,3.2926466,32.9134,0.026132114,7.5260496
Serbia,SRB,2010,11.449981,12.38998,3.3899946,36.82994,0.019999966,7.4599876
Serbia,SRB,2011,14.260004,10.730002,3.510001,37.550007,0.030000007,9.8600025
Serbia,SRB,2012,13.729992,10.489994,3.549998,41.669975,0.019999988,9.499995
Serbia,SRB,2013,12.569995,9.209996,4.649998,44.77998,0.039999984,7.579997
Serbia,SRB,2014,12.879995,9.999996,4.259999,44.209984,0.019999992,8.189997
Serbia,SRB,2015,11.549989,9.189991,4.5399957,40.97996,0.01999998,6.8799934
Serbia,SRB,2016,11.309996,9.849997,5.0699983,43.35998,0.009999996,5.759998
Serbia,SRB,2017,12.770005,8.410003,4.4700017,45.65002,0.020000007,7.7200027
Serbia,SRB,2018,14.790012,9.290008,5.0100045,47.67004,0.020000016,8.390008
Serbia,SRB,2019,17.609987,8.939993,5.139996,46.389965,0.019999985,8.409994
Serbia,SRB,2020,18.24999,9.099996,4.699997,47.719975,0.029999983,7.8699956
Serbia,SRB,2021,11.340002,9.770002,4.460001,50.79001,0.030000005,8.370002
Serbia,SRB,2022,12.179992,10.439992,4.4899964,52.219963,0.029999977,8.429994
Serbia,SRB,2023,17.689991,11.099994,4.7799973,50.589973,0.039999977,8.449995
Serbia and Montenegro,OWID_SRM,1992,10.901133,20.635384,2.1188116,59.87946,0.10235806,1.4330127
Serbia and Montenegro,OWID_SRM,1993,9.428158,22.448486,2.4393814,52.029846,0.13380574,0.63815045
Serbia and Montenegro,OWID_SRM,1994,8.9702,18.986578,2.5377586,56.669704,0.13465658,0.7147157
Serbia and Montenegro,OWID_SRM,1995,10.295802,22.18761,2.7747552,62.80752,0.14603975,0.7927872
Serbia and Montenegro,OWID_SRM,1996,11.281994,24.03601,2.9755864,64.68484,0.14720216,2.2606046
Serbia and Montenegro,OWID_SRM,1997,12.612598,20.780556,2.9913814,61.058132,0.15911604,2.7792268
Serbia and Montenegro,OWID_SRM,1998,10.935404,21.432108,2.9211009,61.289616,0.20330006,3.0495007
Serbia and Montenegro,OWID_SRM,1999,10.356781,18.698248,2.2631884,65.39537,0.20476466,1.8321049
Serbia and Montenegro,OWID_SRM,2000,9.474535,19.208942,2.3821688,63.72301,0.22738883,1.8407668
Serbia and Montenegro,OWID_SRM,2001,9.48986,16.767227,2.2667208,57.741734,0.20606554,3.0801373
Serbia and Montenegro,OWID_SRM,2002,10.174287,16.892134,2.0370243,64.92473,0.2708809,3.8248382
Serbia and Montenegro,OWID_SRM,2003,9.470191,16.853912,2.2594404,60.22652,0.23783584,3.135109
Serbia and Montenegro,OWID_SRM,2004,9.377695,16.543161,2.6007187,56.773365,0.28057545,5.2230206
Serbia and Montenegro,OWID_SRM,2005,9.723751,16.199057,2.3419023,59.939747,0.23742788,4.8133106
Seychelles,SYC,2010,28.823019,4.918809,1.6196078,11.1473,0.08997821,57.83599
Seychelles,SYC,2011,37.261932,3.9391472,1.6896343,11.677472,0.01999567,56.657734
Seychelles,SYC,2012,32.051952,5.208692,1.6195933,9.697564,0.019994978,53.846478
Seychelles,SYC,2013,32.984184,6.8287954,1.6197144,10.308183,0.019996474,52.750694
Seychelles,SYC,2014,19.23761,9.528816,2.2897155,13.228356,0.17997766,53.08341
Seychelles,SYC,2015,27.7556,11.238218,2.4896054,12.707986,0.19996831,52.24172
Seychelles,SYC,2016,30.485558,13.568023,3.239528,15.547735,0.19997087,52.482357
Seychelles,SYC,2017,35.245926,12.128598,3.2396255,15.438214,0.059993062,51.674026
Seychelles,SYC,2018,33.6262,11.038753,3.3596203,12.338606,0.08998983,49.90436
Seychelles,SYC,2019,30.826857,11.608816,2.4497502,12.698705,0.03999592,46.655243
Seychelles,SYC,2020,31.427649,15.088871,2.7097974,13.688975,0.20998429,45.636585
Seychelles,SYC,2021,37.38696,11.339078,2.5297942,12.708966,0.05999512,44.636368
Seychelles,SYC,2022,38.785984,11.0388565,2.6997204,12.368718,0.049994823,43.73547
Seychelles,SYC,2023,40.35653,13.918803,3.2997162,13.018881,0.0999914,42.90631
Sierra Leone,SLE,1961,0.7599939,1.8144854,0.3609971,0.45599633,0.88349295,11.086411
Sierra Leone,SLE,1962,0.78632814,1.8000282,0.36000565,0.5021131,0.86211884,13.424421
Sierra Leone,SLE,1963,0.83188164,1.833921,0.3686748,0.5388324,0.87914765,13.744953
Sierra Leone,SLE,1964,0.8765287,2.1960342,0.37700158,0.43355182,0.8765287,16.484394
Sierra Leone,SLE,1965,0.9213791,2.2094293,0.3760731,0.5076987,0.8649681,16.998505
Sierra Leone,SLE,1966,0.9752167,2.1942375,0.37508336,0.60013336,0.86269176,17.572655
Sierra Leone,SLE,1967,1.0013527,1.9465545,0.38369587,0.63637364,0.8422592,15.965491
Sierra Leone,SLE,1968,0.9993089,1.8865457,0.38291273,0.68177146,0.8312008,11.197863
Sierra Leone,SLE,1969,0.98935616,1.9973797,0.38267553,0.65334845,0.8213523,15.204352
Sierra Leone,SLE,1970,0.98954123,1.9604119,0.3827471,0.5414471,0.7841648,17.335644
Sierra Leone,SLE,1971,1.0002099,1.8975945,0.383258,0.49543104,0.72912496,16.732483
Sierra Leone,SLE,1972,1.0404289,1.9027663,0.3936758,0.48740813,0.7404855,21.680288
Sierra Leone,SLE,1973,1.1190394,1.9277569,0.39495507,0.53601044,0.73348796,29.997778
Sierra Leone,SLE,1974,1.1611538,1.8880548,0.3964915,0.49089426,0.68914,27.433437
Sierra Leone,SLE,1975,1.2328471,1.8492708,0.40778792,0.51210576,0.6733242,25.738056
Sierra Leone,SLE,1976,1.3158383,1.7544512,0.4100076,0.5148933,0.67698926,20.233397
Sierra Leone,SLE,1977,1.3709717,1.7448732,0.41225025,0.52729684,0.66151786,20.842606
Sierra Leone,SLE,1978,1.6279334,2.0614069,0.4238406,0.48163706,0.64539367,20.045734
Sierra Leone,SLE,1979,1.5677247,2.312878,0.42580175,0.48386565,0.6387027,21.773954
Sierra Leone,SLE,1980,1.6910256,1.7104627,0.42761567,0.5636752,0.631705,22.780254
Sierra Leone,SLE,1981,1.7747887,1.7065276,0.4290698,0.5460888,0.6241015,24.2912
Sierra Leone,SLE,1982,1.8471956,1.7299134,0.4398085,0.55709076,0.59618485,17.181852
Sierra Leone,SLE,1983,1.7521378,1.7325608,0.45027006,0.58730876,0.57752025,17.863976
Sierra Leone,SLE,1984,1.687733,1.5111097,0.41212082,0.50043243,0.5691192,16.808641
Sierra Leone,SLE,1985,1.7730656,1.4874051,0.3841642,0.5811715,0.5516204,16.617565
Sierra Leone,SLE,1986,1.86953,1.5233207,0.36599264,0.5935016,0.5440431,15.767358
Sierra Leone,SLE,1987,2.0644014,1.339876,0.32752526,0.5855754,0.5359504,13.964485
Sierra Leone,SLE,1988,2.0461164,1.2912385,0.33770853,0.63568664,0.5164954,13.597734
Sierra Leone,SLE,1989,2.0786366,1.31647,0.3365412,0.64338756,0.5048118,13.075616
Sierra Leone,SLE,1990,2.1097262,1.406484,0.3275374,0.57800716,0.45277226,12.918459
Sierra Leone,SLE,1991,2.071233,1.5271764,0.32452497,0.53451174,0.4581529,15.157226
Sierra Leone,SLE,1992,2.1290486,1.645174,0.33871228,0.55161715,0.49355218,16.093672
Sierra Leone,SLE,1993,2.131284,1.7856703,0.34561363,0.54722154,0.5280208,12.931709
Sierra Leone,SLE,1994,2.1213143,1.8182694,0.3598658,0.53979874,0.57767934,11.165311
Sierra Leone,SLE,1995,2.1142316,1.719575,0.31948388,0.5356053,0.58258826,12.253146
Sierra Leone,SLE,1996,2.2217486,1.3255811,0.28938743,0.5320994,0.597445,12.742381
Sierra Leone,SLE,1997,2.188527,1.3112694,0.26779446,0.5263546,0.6186976,14.340856
Sierra Leone,SLE,1998,2.1674047,1.3004427,0.26746696,0.5164879,0.6271639,12.958313
Sierra Leone,SLE,1999,2.174571,1.315942,0.26132184,0.5319766,0.62530583,12.002138
Sierra Leone,SLE,2000,1.5067767,1.3102406,0.25268927,0.52409625,0.97332156,15.648016
Sierra Leone,SLE,2001,0.4394215,1.0527807,0.18309231,0.07323692,0.8056061,15.123425
Sierra Leone,SLE,2002,2.331709,1.0031772,0.1988279,0.24401607,0.86761266,15.454351
Sierra Leone,SLE,2003,1.674864,1.0832001,0.22756305,0.1638454,1.4017884,18.00479
Sierra Leone,SLE,2004,1.4170134,1.094965,0.23923603,0.18402772,1.6010412,24.411278
Sierra Leone,SLE,2005,1.2005001,1.2005001,0.26987988,0.24196126,1.7774847,25.778181
Sierra Leone,SLE,2006,1.4271796,1.549241,0.39435223,0.23473348,1.7933637,25.595339
Sierra Leone,SLE,2007,2.1572235,1.5072305,0.38622782,0.33912686,1.7898362,24.643217
Sierra Leone,SLE,2008,2.5807807,1.4452372,0.41292492,0.4598482,1.7830848,34.019382
Sierra Leone,SLE,2009,2.8225238,1.4531804,0.54028505,0.5123393,1.7326384,32.594097
Sierra Leone,SLE,2010,3.579997,1.2999989,0.5399996,0.5099996,1.5499986,31.639975
Sierra Leone,SLE,2011,3.7199953,1.4299982,0.44999942,0.50999933,1.589998,31.179962
Sierra Leone,SLE,2012,4.2600017,1.7100006,0.5400002,0.64000016,1.7700006,30.53001
Sierra Leone,SLE,2013,5.0599947,2.2099977,0.7099992,0.969999,2.0199978,30.169968
Sierra Leone,SLE,2014,4.740003,2.1300018,0.69000053,0.8300006,1.9600015,29.710022
Sierra Leone,SLE,2015,3.7399945,1.4099979,0.44999933,1.2799982,1.5899978,28.859959
Sierra Leone,SLE,2016,3.8999953,1.4399983,0.4699994,0.769999,1.5699981,28.039967
Sierra Leone,SLE,2017,3.95,1.32,0.48,0.88,1.55,27.49
Sierra Leone,SLE,2018,3.939996,1.3199986,0.4899995,1.0999988,1.5599983,26.989971
Sierra Leone,SLE,2019,5.669997,1.4599993,0.47999975,1.2499994,1.4399993,26.339987
Sierra Leone,SLE,2020,6.6200023,1.3700005,0.47000018,1.1400005,1.4500006,25.59001
Sierra Leone,SLE,2021,7.429997,1.6299994,0.45999983,1.1199996,1.4099995,25.54999
Sierra Leone,SLE,2022,5.7600007,1.6700001,0.49000004,0.57000005,1.3900001,24.990002
Sierra Leone,SLE,2023,6.30999,1.9899969,0.48999923,0.67999893,1.3599979,24.449963
Slovakia,SVK,1993,6.871124,17.037582,0.34055135,46.82581,1.7828864,5.118286
Slovakia,SVK,1994,6.819903,12.5081625,0.3304799,46.72785,1.8627048,6.5695395
Slovakia,SVK,1995,5.919617,11.568795,0.39063463,46.445457,0.75122046,6.861147
Slovakia,SVK,1996,9.777418,11.760951,0.3606425,47.34434,0.7513385,9.1162405
Slovakia,SVK,1997,8.294215,12.451341,0.32054937,48.17256,0.7913563,8.123923
Slovakia,SVK,1998,7.9636064,11.339374,0.32054767,46.239002,0.77131784,7.8534184
Slovakia,SVK,1999,11.536912,10.6155615,0.29042572,44.445152,0.7611157,6.8400264
Slovakia,SVK,2000,12.618734,10.365389,0.32047576,33.910343,0.76113,6.9002438
Slovakia,SVK,2001,12.499861,8.713845,0.39062065,32.441547,0.79125726,6.500328
Slovakia,SVK,2002,18.295025,8.626514,0.34065217,33.333817,0.76145774,6.8431005
Slovakia,SVK,2003,18.767635,7.2946286,0.3306631,37.906017,0.7915875,7.354749
Slovakia,SVK,2004,18.320675,5.933172,0.19042276,36.801704,0.8919803,7.6970882
Slovakia,SVK,2005,20.03315,6.487211,0.28074485,38.11111,0.9023941,7.880909
Slovakia,SVK,2006,19.884249,6.1128263,0.11041229,34.9204,1.1442728,9.023695
Slovakia,SVK,2007,18.18759,6.1329074,0.1307013,34.23369,1.4879841,7.7616463
Slovakia,SVK,2008,18.190508,5.707813,0.23153386,35.736748,1.4194032,7.852018
Slovakia,SVK,2009,17.6096,5.0269966,0.18133457,36.418026,1.6823816,7.2936788
Slovakia,SVK,2010,14.849981,5.119993,0.17999978,35.679955,1.6599978,7.99999
Slovakia,SVK,2011,14.910013,4.5400043,0.13000011,34.23003,3.140003,7.890007
Slovakia,SVK,2012,11.639985,5.159993,0.14999981,29.289963,2.9099963,7.81999
Slovakia,SVK,2013,14.049994,5.289998,0.13999994,31.049988,1.6399994,8.609997
Slovakia,SVK,2014,13.61998,5.379992,0.1299998,29.659956,1.7199975,8.459988
Slovakia,SVK,2015,11.890004,5.440002,0.15000005,29.12001,1.8600006,9.470003
Slovakia,SVK,2016,13.969995,5.6099977,0.12999994,36.359985,1.3699994,9.159996
Slovakia,SVK,2017,13.9699955,6.079998,0.13999996,36.73999,2.0799992,9.719997
Slovakia,SVK,2018,14.190002,6.090001,0.11000002,35.99001,1.7600003,10.010002
Slovakia,SVK,2019,18.57001,6.0900035,0.060000032,36.48002,0.8000004,10.200006
Slovakia,SVK,2020,16.019978,6.039991,0.05999991,39.199944,0.85999876,10.919984
Slovakia,SVK,2021,13.029984,6.5499926,0.0899999,42.76995,1.1499987,10.749988
Slovakia,SVK,2022,13.820013,7.1700068,0.1100001,42.380043,1.960002,10.70001
Slovakia,SVK,2023,19.729975,6.7599916,0.12999983,41.409946,1.9799974,10.609985
Slovenia,SVN,1992,7.2558575,17.161158,0.17060798,24.406979,0.22078681,4.1447706
Slovenia,SVN,1993,16.646448,25.366495,0.18083046,40.88778,0.29133797,5.374683
Slovenia,SVN,1994,16.596054,28.706957,0.270915,42.302876,0.18061,6.120672
Slovenia,SVN,1995,23.265574,26.57205,0.32062805,37.81407,0.23045142,7.1540136
Slovenia,SVN,1996,26.472675,27.86492,0.27043596,35.27687,0.24038751,7.452013
Slovenia,SVN,1997,28.485823,25.428759,0.3608338,36.865185,0.25057903,6.805726
Slovenia,SVN,1998,25.10269,21.627089,0.47211942,38.985012,0.2009019,6.8607993
Slovenia,SVN,1999,24.566362,23.080534,0.76299286,43.671303,0.24094512,7.037606
Slovenia,SVN,2000,28.926266,24.599346,0.5208331,38.421455,0.2804486,6.6907015
Slovenia,SVN,2001,24.103828,20.21321,0.70011115,40.996513,0.42006668,7.5912056
Slovenia,SVN,2002,22.52222,19.084934,0.74940836,38.929268,0.3397318,7.71391
Slovenia,SVN,2003,23.20253,24.13183,0.8193831,44.37659,0.2897818,8.403673
Slovenia,SVN,2004,20.665041,23.417044,0.8606264,44.06207,0.28020394,9.657028
Slovenia,SVN,2005,22.815193,23.54632,0.981514,43.87768,0.24037077,9.37446
Slovenia,SVN,2006,20.289423,20.881157,1.0029374,44.650776,0.3911456,10.029374
Slovenia,SVN,2007,19.867449,21.391857,1.0530449,41.61032,0.50145,10.52042
Slovenia,SVN,2008,24.54346,21.342577,0.9733099,41.250275,0.411399,10.917125
Slovenia,SVN,2009,26.318027,20.654781,1.0141628,39.39169,0.50206083,10.884679
Slovenia,SVN,2010,24.959988,19.99999,1.0099995,39.54998,0.6399997,11.209994
Slovenia,SVN,2011,23.699944,19.789953,0.92999774,37.079914,0.39999905,11.269973
Slovenia,SVN,2012,24.959976,18.919983,0.8599992,33.48997,0.3599997,10.139991
Slovenia,SVN,2013,23.63986,18.569891,0.7999953,28.249834,0.37999776,10.649938
Slovenia,SVN,2014,24.200058,17.14004,0.8700021,29.60007,0.28000066,11.230026
Slovenia,SVN,2015,23.890045,18.020035,0.8600017,27.830053,0.2600005,11.330022
Slovenia,SVN,2016,24.019897,18.129921,0.86999625,30.16987,0.24999893,11.519951
Slovenia,SVN,2017,24.189999,17.49,0.85999995,30.789999,0.34999996,12.059999
Slovenia,SVN,2018,24.169952,14.799972,0.88999826,30.029942,0.41999918,12.099977
Slovenia,SVN,2019,29.070026,14.740013,0.8100008,29.910028,0.52000046,13.180013
Slovenia,SVN,2020,26.869987,15.119992,0.8199996,25.479986,0.30999985,11.389995
Slovenia,SVN,2021,28.049932,12.139972,0.839998,23.009945,0.419999,11.229973
Slovenia,SVN,2022,27.719986,12.219995,0.78999966,21.289991,0.31999984,11.219995
Slovenia,SVN,2023,29.830084,10.090028,0.8300023,19.340054,0.31000087,11.2100315
Small Island Developing States (FAO),,1961,3.19,10.81,0.65,4.35,2.84,9.68
Small Island Developing States (FAO),,1962,3.37,10.92,0.64,4.4,3.35,10.07
Small Island Developing States (FAO),,1963,3.54,11.14,0.64,4.42,3.72,11.82
Small Island Developing States (FAO),,1964,3.72,11.81,0.64,4.5,3.04,12.82
Small Island Developing States (FAO),,1965,3.87,11.43,0.63,4.46,2.14,10.86
Small Island Developing States (FAO),,1966,4.23,11.15,0.62,4.54,2.71,12.72
Small Island Developing States (FAO),,1967,4.46,11.03,0.65,4.45,2.91,13.48
Small Island Developing States (FAO),,1968,4.66,13.17,0.67,4.45,2.74,12.99
Small Island Developing States (FAO),,1969,4.92,12.94,0.68,4.38,2.68,13
Small Island Developing States (FAO),,1970,5.37,12.26,0.71,4.54,2.81,13.17
Small Island Developing States (FAO),,1971,5.7,11.54,0.76,4.89,2.82,14.05
Small Island Developing States (FAO),,1972,5.74,11.21,0.8,4.99,2.85,14.26
Small Island Developing States (FAO),,1973,6.12,10,0.7,5.11,3.09,14.12
Small Island Developing States (FAO),,1974,6.18,9.15,0.68,4.83,3.56,14.01
Small Island Developing States (FAO),,1975,7.68,9.05,0.77,4.65,2.99,14.43
Small Island Developing States (FAO),,1976,6.93,10.13,0.77,4.97,2.73,14.57
Small Island Developing States (FAO),,1977,7.58,10.49,0.82,6.14,2.47,13.48
Small Island Developing States (FAO),,1978,8.43,10.76,0.77,5.18,2.68,13.96
Small Island Developing States (FAO),,1979,8.97,9.6,0.75,5.04,2.61,12.8
Small Island Developing States (FAO),,1980,10.13,9.64,0.75,4.6,2.72,14.77
Small Island Developing States (FAO),,1981,10.36,9.52,0.73,4.34,2.61,15.03
Small Island Developing States (FAO),,1982,9.69,9.75,0.75,4.38,3.09,15.03
Small Island Developing States (FAO),,1983,10.2,9.81,0.76,4.46,2.76,15.03
Small Island Developing States (FAO),,1984,10.93,9.71,0.83,4.72,2.73,14.78
Small Island Developing States (FAO),,1985,10.82,9.62,0.95,5.14,2.63,15.85
Small Island Developing States (FAO),,1986,10.9,9.48,0.97,5.24,2.38,15.91
Small Island Developing States (FAO),,1987,11.12,9.1,1.07,5.43,2.25,15.45
Small Island Developing States (FAO),,1988,11.53,9.22,0.96,5.3,2.43,15.58
Small Island Developing States (FAO),,1989,12.18,9.14,1.06,5.46,2.57,15.06
Small Island Developing States (FAO),,1990,12.44,9,1.15,5.71,2.37,14.53
Small Island Developing States (FAO),,1991,13.09,7.77,1.27,5.86,1.48,12.7
Small Island Developing States (FAO),,1992,11.22,7.41,1.27,5.95,1.26,12.36
Small Island Developing States (FAO),,1993,11.48,7.17,1.2,6.98,1.18,13.06
Small Island Developing States (FAO),,1994,11.06,6.93,1.23,7.13,1.18,13.4
Small Island Developing States (FAO),,1995,11.39,6.97,1.15,6.91,1.11,13.47
Small Island Developing States (FAO),,1996,12.87,6.99,1.11,7,1.09,13.06
Small Island Developing States (FAO),,1997,13.85,6.84,1.14,6.55,1.07,13.27
Small Island Developing States (FAO),,1998,15.16,7.05,1.22,6.78,1.08,13.1
Small Island Developing States (FAO),,1999,15.93,6.78,1.34,7.26,0.75,13.01
Small Island Developing States (FAO),,2000,16.17,6.99,1.35,7.23,0.78,13.44
Small Island Developing States (FAO),,2001,16.71,6.69,1.29,7.12,0.79,13.58
Small Island Developing States (FAO),,2002,17.2,6.68,1.27,7.44,0.81,13.18
Small Island Developing States (FAO),,2003,17.02,6.33,1.23,7.4,0.82,12.81
Small Island Developing States (FAO),,2004,19.46,6.35,1.27,7.29,0.86,13.14
Small Island Developing States (FAO),,2005,19.59,6.65,1.27,8.07,0.7,13.19
Small Island Developing States (FAO),,2006,21.15,7.06,1.3,8.75,0.76,12.63
Small Island Developing States (FAO),,2007,21.51,7.06,1.4,10.51,0.76,13.52
Small Island Developing States (FAO),,2008,21.14,7.28,1.35,10.82,2.13,13.67
Small Island Developing States (FAO),,2009,22.76,7.06,1.27,10.55,2.41,13.55
Small Island Developing States (FAO),,2010,18.65,6.57,1.24,9.78,8.45,12.74
Small Island Developing States (FAO),,2011,19.33,6.13,1.24,10.24,8.64,13.11
Small Island Developing States (FAO),,2012,19.88,5.98,1.28,9.49,8.53,12.78
Small Island Developing States (FAO),,2013,20.13,5.96,1.25,9.99,8.61,12.75
Small Island Developing States (FAO),,2014,20.75,5.67,1.23,10.21,8.54,13.42
Small Island Developing States (FAO),,2015,20.98,6.06,1.24,10.3,8.84,13.27
Small Island Developing States (FAO),,2016,22.6,5.91,1.24,10.79,9.02,13.38
Small Island Developing States (FAO),,2017,23.89,5.15,1.16,10.98,8.48,14.28
Small Island Developing States (FAO),,2018,23.94,5.36,1.09,11.11,8.99,14.41
Small Island Developing States (FAO),,2019,24.3,5.35,1.04,10.7,8.28,13.92
Small Island Developing States (FAO),,2020,25.54,4.95,1.09,8.88,8.14,13.41
Small Island Developing States (FAO),,2021,25.46,5.29,1.18,9.1,8.02,12.97
Small Island Developing States (FAO),,2022,25.83,5.41,1.36,10.86,7.98,12.86
Small Island Developing States (FAO),,2023,26.15,5.13,1.42,9,8.09,12.75
Solomon Islands,SLB,1961,0.6434324,4.588689,0,4.622554,0,27.98931
Solomon Islands,SLB,1962,0.641201,4.078038,0,4.736338,0,34.197388
Solomon Islands,SLB,1963,0.6380718,4.6303315,0,4.820029,0,33.42116
Solomon Islands,SLB,1964,0.65154344,5.9073277,0,4.847483,0,32.655357
Solomon Islands,SLB,1965,0.64698523,4.773702,0,5.009764,0,31.91211
Solomon Islands,SLB,1966,0.6504866,6.003815,0,5.2302637,0,43.644135
Solomon Islands,SLB,1967,0.6620803,5.3849196,0,5.340781,0,46.26617
Solomon Islands,SLB,1968,0.7308508,6.6222215,0,5.490294,0,45.161232
Solomon Islands,SLB,1969,0.75483507,6.5329185,0,5.7960553,0,45.218216
Solomon Islands,SLB,1970,0.85169035,7.293731,0,6.3876777,0,49.832947
Solomon Islands,SLB,1971,0.9648224,6.790512,0,6.4964714,0,54.857048
Solomon Islands,SLB,1972,1.1782384,7.116186,0,6.72344,0,51.9173
Solomon Islands,SLB,1973,1.0940628,5.989051,0,6.9416404,0,53.344997
Solomon Islands,SLB,1974,1.172894,8.267472,0,6.951542,0,54.296406
Solomon Islands,SLB,1975,1.0382599,6.5179644,0,6.864051,0,55.883373
Solomon Islands,SLB,1976,0.95062983,6.4313016,0,6.7902126,0,59.453163
Solomon Islands,SLB,1977,0.9700316,6.4895115,0,6.7320194,0,56.164833
Solomon Islands,SLB,1978,1.1038551,6.9814,0,6.632814,0,59.41452
Solomon Islands,SLB,1979,1.3091179,6.4680123,0,6.6037726,0,57.581795
Solomon Islands,SLB,1980,1.2706751,7.236058,0,6.566771,0,57.839966
Solomon Islands,SLB,1981,1.3223884,6.206538,0,6.3513255,0,44.468933
Solomon Islands,SLB,1982,1.2000957,9.000717,0,6.2133985,0,55.72702
Solomon Islands,SLB,1983,1.0525061,6.6529965,0,6.179852,0,56.05319
Solomon Islands,SLB,1984,0.8279644,8.385547,0,6.017183,0,52.35431
Solomon Islands,SLB,1985,0.91143066,8.567449,0,6.025037,0,51.35672
Solomon Islands,SLB,1986,0.9655137,7.2939305,0,5.6401296,0,52.395847
Solomon Islands,SLB,1987,0.78075546,6.0270514,0,5.6081095,0,45.407593
Solomon Islands,SLB,1988,0.8150271,5.5725107,0,5.591465,0,42.078144
Solomon Islands,SLB,1989,0.48096284,8.478149,0,5.5074964,0,50.123875
Solomon Islands,SLB,1990,0.5271415,3.9159083,0,5.45968,0,42.57609
Solomon Islands,SLB,1991,0.46965116,2.6957977,0,5.973963,0,45.22741
Solomon Islands,SLB,1992,0.49657166,2.642136,0,5.7621055,0,41.815086
Solomon Islands,SLB,1993,0.5325341,3.1671767,0,5.801819,0,38.576023
Solomon Islands,SLB,1994,0.5697045,3.1847413,0,5.6316686,0,30.74536
Solomon Islands,SLB,1995,0.6718234,3.0418668,0,5.673175,0,33.031315
Solomon Islands,SLB,1996,0.7920115,4.1743665,0,5.4509025,0,40.88643
Solomon Islands,SLB,1997,0.8766074,3.170708,0,5.436831,0,43.988907
Solomon Islands,SLB,1998,0.6886546,1.6099628,0,5.21144,0,43.562057
Solomon Islands,SLB,1999,0.76379,1.4810075,0,4.983264,0,36.419743
Solomon Islands,SLB,2000,0.78568655,1.4123651,0,4.8731275,0,29.799969
Solomon Islands,SLB,2001,0.68914384,1.3499666,0,5.1072164,0,28.59475
Solomon Islands,SLB,2002,0.78887683,3.117489,0.13306357,5.103938,0.01900908,30.747187
Solomon Islands,SLB,2003,0.7366935,2.5066714,0.047837242,5.1090174,0.019134896,31.61085
Solomon Islands,SLB,2004,0.78163916,2.8563602,0.086848795,5.1240788,0.009649865,33.292038
Solomon Islands,SLB,2005,0.8931669,3.126084,0.077666685,5.223085,0.058250014,32.746216
Solomon Islands,SLB,2006,1.2915326,3.6593423,0.06849036,5.078071,0.0782747,33.491787
Solomon Islands,SLB,2007,1.5345243,4.0625553,0.049183477,4.8888373,0.029510085,34.300552
Solomon Islands,SLB,2008,2.0009356,3.9622486,0.05943373,5.3490357,0.009905621,35.29373
Solomon Islands,SLB,2009,2.315835,4.63167,0.069574445,5.0292387,0.009939207,35.3637
Solomon Islands,SLB,2010,2.3399734,4.589948,0.21999751,4.7099466,0,37.419575
Solomon Islands,SLB,2011,5.7899165,6.489906,0.049999278,4.489935,0.01999971,36.269478
Solomon Islands,SLB,2012,2.4899435,6.15986,0.05999864,4.429899,0.02999932,35.78919
Solomon Islands,SLB,2013,3.1099894,5.3399825,0.12999956,4.3999853,0.029999899,31.619896
Solomon Islands,SLB,2014,5.519955,2.7899773,0.08999927,5.4499555,0,35.41971
Solomon Islands,SLB,2015,5.499888,1.819963,0.06999858,5.7198834,0.049998984,33.119324
Solomon Islands,SLB,2016,7.159924,1.89998,0.06999926,4.409953,0,30.859674
Solomon Islands,SLB,2017,7.0999274,3.2699666,0.04999949,4.009959,0,29.2597
Solomon Islands,SLB,2018,6.859913,3.0199616,0.059999235,4.079948,0,30.02962
Solomon Islands,SLB,2019,6.309948,2.0099835,0.03999967,5.439955,0,33.489727
Solomon Islands,SLB,2020,7.289951,1.9799867,0.049999665,4.739968,0.03999973,32.759777
Solomon Islands,SLB,2021,8.459956,2.3699875,0.14999923,5.0599737,0.009999948,31.979834
Solomon Islands,SLB,2022,8.719945,1.8599881,0.06999955,4.3099723,0,31.219799
Solomon Islands,SLB,2023,9.299953,2.189989,0.079999596,4.03998,0.0099999495,30.489847
Somalia,SOM,2010,0.40213853,4.472565,6.2772846,0.009808257,3.5113559,2.4520643
Somalia,SOM,2011,0.40561774,4.5607266,6.3810596,0.009893116,3.581308,2.473279
Somalia,SOM,2012,0.40931454,4.6322427,6.489133,0.009983282,3.643898,2.4658706
Somalia,SOM,2013,0.40945494,4.653805,6.451412,0.009986706,3.6251745,2.4866898
Somalia,SOM,2014,0.42902467,4.719271,6.4752793,0.009977317,3.581857,2.444443
Somalia,SOM,2015,0.40872136,4.70528,6.419916,0.0099688135,3.5588665,2.4523282
Somalia,SOM,2016,0.40840295,4.0143027,5.697719,0.009961047,3.2473016,2.28108
Somalia,SOM,2017,0.40855944,3.816543,5.371062,0.01992973,3.1389325,2.142446
Somalia,SOM,2018,0.49866045,3.7100337,5.1062827,0.019946417,3.051802,1.9447757
Somalia,SOM,2019,0.40872967,3.568908,5.433114,0.019938033,2.990705,1.8642061
Somalia,SOM,2020,0.51643425,3.456137,4.9458513,0.019862855,2.969497,1.7578628
Somalia,SOM,2021,0.6620144,3.2211447,4.6439815,0.009880812,2.8555548,1.7390229
Somalia,SOM,2022,0.78093,3.12372,4.4087944,0.009885189,2.7876232,1.6804821
South Africa,ZAF,1961,2.0375218,21.483715,7.252733,3.2410321,0.021114217,5.7852955
South Africa,ZAF,1962,2.3035927,20.69026,7.0264835,3.2187185,0.021037376,5.7432036
South Africa,ZAF,1963,2.4829178,20.869083,6.8411202,3.1743634,0.020952893,5.9401455
South Africa,ZAF,1964,2.784903,20.766823,6.748435,3.4002934,0.010430348,6.2477784
South Africa,ZAF,1965,3.0723593,20.572351,7.36951,3.3526082,0.010379592,7.7016573
South Africa,ZAF,1966,3.5096347,19.860403,7.5044246,3.1586711,0,8.154739
South Africa,ZAF,1967,3.9196513,19.187822,7.521216,3.478434,0.010260867,9.142433
South Africa,ZAF,1968,4.344909,18.603552,8.434835,3.3351765,0.010199316,7.3027105
South Africa,ZAF,1969,4.656111,18.005657,9.281789,3.6315634,0.030432096,6.806646
South Africa,ZAF,1970,4.8076453,17.008558,8.1406765,3.4643323,0.060600564,8.655781
South Africa,ZAF,1971,4.844563,16.548061,8.480503,3.4747906,0.050359286,7.956767
South Africa,ZAF,1972,5.479211,17.674227,8.857221,3.7399387,0.050267994,8.022772
South Africa,ZAF,1973,6.3636794,18.528944,6.584501,3.914566,0.07026144,10.428805
South Africa,ZAF,1974,6.002438,20.342154,5.431255,3.4671848,0.07014536,10.311368
South Africa,ZAF,1975,6.7321105,20.146315,5.5617437,3.3410473,0.110034496,11.843714
South Africa,ZAF,1976,7.448285,19.63911,5.74097,3.4246137,0.11981155,10.08414
South Africa,ZAF,1977,7.0415964,20.039167,5.448024,3.296702,0.039839298,9.730749
South Africa,ZAF,1978,7.2487903,20.107944,5.570646,3.028604,0.06950895,9.542585
South Africa,ZAF,1979,7.032268,20.11625,5.6258144,2.9812856,0.03961841,9.132045
South Africa,ZAF,1980,7.6536937,19.355865,5.4570737,2.955094,0.07880251,8.550073
South Africa,ZAF,1981,7.8232517,17.687777,5.3229365,3.115627,0.13673599,10.186831
South Africa,ZAF,1982,8.220294,18.406101,5.1606793,3.485637,0.22269349,8.094423
South Africa,ZAF,1983,8.7401085,17.547375,4.9888654,3.40586,0.28781918,8.202847
South Africa,ZAF,1984,8.779866,18.101347,4.8365283,3.2401888,0.25655454,8.589827
South Africa,ZAF,1985,9.130021,18.28828,4.7250214,3.011966,0.25413463,8.094659
South Africa,ZAF,1986,9.454056,16.362787,3.8972335,2.8809693,0.20511757,7.458821
South Africa,ZAF,1987,9.77767,16.74853,4.3025436,2.8991392,0.14772682,8.928241
South Africa,ZAF,1988,9.832118,15.722242,4.298693,3.0273776,0.2286539,9.365664
South Africa,ZAF,1989,9.701733,14.938309,4.229193,3.2127347,0.22688805,8.367632
South Africa,ZAF,1990,13.644001,15.522197,4.1356406,3.196543,0.2528339,9.011723
South Africa,ZAF,1991,12.60448,16.374975,4.050794,2.7216275,0.27125856,7.188351
South Africa,ZAF,1992,12.612117,17.265394,4.207074,3.041478,0.2913991,8.359511
South Africa,ZAF,1993,12.628945,16.884352,3.8069863,2.818634,0.2836937,8.199663
South Africa,ZAF,1994,14.057097,15.264625,3.6410189,2.9035974,1.1890922,6.111381
South Africa,ZAF,1995,15.178828,12.388602,3.497083,3.0971506,0.6138497,7.9893465
South Africa,ZAF,1996,15.834793,11.86908,3.6383548,2.9836378,0.23382741,6.19175
South Africa,ZAF,1997,17.194056,12.045235,3.5703504,2.8468845,0.21610016,7.6762533
South Africa,ZAF,1998,15.812242,11.119454,3.4866085,2.7044773,0.23558165,6.238202
South Africa,ZAF,1999,17.212957,10.895235,3.9816787,2.8467584,0.27427238,6.175858
South Africa,ZAF,2000,19.180435,13.322652,4.393337,2.4153843,0.23773469,5.8387637
South Africa,ZAF,2001,20.131552,10.936484,3.664631,2.5068755,0.15309164,6.669054
South Africa,ZAF,2002,20.776197,11.763559,3.2510903,2.462364,0.24046524,6.7234077
South Africa,ZAF,2003,21.173038,12.55307,3.4885745,3.1310198,0.2802456,6.851522
South Africa,ZAF,2004,21.577312,13.297759,3.5428338,3.4263568,0.320311,9.589917
South Africa,ZAF,2005,22.972277,14.366201,3.5184522,3.5379453,0.3508706,8.303938
South Africa,ZAF,2006,24.75387,16.182966,3.7277567,3.4440167,0.352229,7.7099013
South Africa,ZAF,2007,27.280949,15.922884,3.2199173,4.9084105,0.50065786,7.647304
South Africa,ZAF,2008,29.984407,15.036457,3.8549976,6.09719,0.6392215,6.824919
South Africa,ZAF,2009,30.763115,14.865067,3.7580779,6.51269,0.64930147,5.046843
South Africa,ZAF,2010,32.670002,17.100002,3.1600003,4.3000007,0.6100001,5.7500005
South Africa,ZAF,2011,34.15,16.63,3.13,4.35,0.84,5.54
South Africa,ZAF,2012,34.63,16.27,3.14,4.44,0.76,7.26
South Africa,ZAF,2013,36.17,17.6,3.15,3.95,0.75,6.13
South Africa,ZAF,2014,36.43,18.11,3.26,4.4,0.83,6.99
South Africa,ZAF,2015,35.21,18.730001,3.1600003,4.03,0.83000004,6.3600006
South Africa,ZAF,2016,37.04,18.73,3.13,4.07,0.77,6.06
South Africa,ZAF,2017,36.71,17.35,3.16,3.9200003,0.81000006,6.36
South Africa,ZAF,2018,38.02,16.92,3.14,4.66,0.86,7.47
South Africa,ZAF,2019,37.72001,17.220003,2.8500004,4.110001,0.7700001,6.310001
South Africa,ZAF,2020,37.320004,16.910002,3.2300003,4.9800005,0.77000004,5.2400002
South Africa,ZAF,2021,36.41,15.9,3.36,5.49,0.79,5.75
South Africa,ZAF,2022,35.469997,15.489998,2.6699998,5.6399994,0.8199999,5.6599994
South Africa,ZAF,2023,33.949997,15.639998,2.3599997,5.4799995,0.83999985,5.5899997
South America,OWID_SAM,1961,2.071527,27.033592,2.2806582,6.4512224,0.9005781,5.480527
South America,OWID_SAM,1962,2.165091,27.005732,2.2229145,6.462815,0.8680773,6.1983213
South America,OWID_SAM,1963,2.4429932,26.781723,2.0201159,6.165647,0.8674628,6.1114993
South America,OWID_SAM,1964,2.6929078,24.185102,1.9957029,6.051765,0.919712,6.263503
South America,OWID_SAM,1965,3.268351,23.89163,2.0604284,6.3573284,0.74009347,6.059825
South America,OWID_SAM,1966,3.3455007,24.537798,2.145767,6.696109,0.71166486,6.327522
South America,OWID_SAM,1967,3.5780725,24.9431,2.0578547,6.596292,0.67917174,6.6592717
South America,OWID_SAM,1968,3.7732923,26.239346,2.2499583,6.5833406,0.6313198,6.9254723
South America,OWID_SAM,1969,4.0664334,27.167057,2.0720823,6.5998163,0.61892235,6.6539907
South America,OWID_SAM,1970,4.548299,26.087864,2.042994,6.766014,0.59554523,7.1912136
South America,OWID_SAM,1971,4.6305137,22.712812,2.0683568,7.0639744,0.56806237,7.139148
South America,OWID_SAM,1972,5.0361485,22.814947,1.7776153,6.6929293,0.42644212,7.5768533
South America,OWID_SAM,1973,5.496684,23.402073,1.5642846,6.502292,0.43540534,9.012328
South America,OWID_SAM,1974,6.1196632,24.793993,1.5886778,6.484867,0.4849016,7.893592
South America,OWID_SAM,1975,6.0900793,26.56125,1.4630246,6.6020846,0.44736832,7.766736
South America,OWID_SAM,1976,6.2498507,27.448395,1.4179319,6.5443993,0.47338885,6.91397
South America,OWID_SAM,1977,6.6078496,27.227,1.3617678,6.64395,0.46371004,7.4767756
South America,OWID_SAM,1978,7.313853,28.60978,1.2931464,6.6169214,0.45133963,8.214701
South America,OWID_SAM,1979,8.353225,28.063862,1.2670126,6.94704,0.4789842,9.17137
South America,OWID_SAM,1980,9.173505,28.20261,1.1377016,7.2219486,0.42525983,8.681539
South America,OWID_SAM,1981,9.356424,28.015156,1.146525,7.1379604,0.4251953,7.904342
South America,OWID_SAM,1982,9.8732605,25.582088,1.1100441,6.4236803,0.41232058,7.5778055
South America,OWID_SAM,1983,9.476719,24.987091,1.1181189,6.384369,0.4054551,7.115407
South America,OWID_SAM,1984,8.623237,25.75538,1.0947267,5.75755,0.42819884,7.804957
South America,OWID_SAM,1985,9.060225,26.69712,1.1112883,5.8215632,0.3981152,7.823212
South America,OWID_SAM,1986,9.848395,27.46052,1.2305683,6.167568,0.387547,8.699586
South America,OWID_SAM,1987,10.953371,26.416529,1.2085183,6.728926,0.39050156,8.541688
South America,OWID_SAM,1988,11.395395,25.986927,1.1678401,6.904695,0.35361835,7.8530517
South America,OWID_SAM,1989,10.977022,27.622034,1.095101,6.6168203,0.3655962,8.30177
South America,OWID_SAM,1990,11.747209,27.402115,1.084926,6.330337,0.40281054,8.114393
South America,OWID_SAM,1991,13.246325,28.051563,1.1127805,6.7875953,0.40900186,7.043453
South America,OWID_SAM,1992,14.591103,27.579378,1.0672697,7.0554566,0.4420683,7.0743065
South America,OWID_SAM,1993,15.902592,27.481476,1.0693091,7.952164,0.40925837,7.918186
South America,OWID_SAM,1994,17.298944,28.215849,1.1262985,8.680131,0.41277662,8.041332
South America,OWID_SAM,1995,19.83636,29.611662,1.099582,8.895338,0.40484622,9.125854
South America,OWID_SAM,1996,19.120853,30.877378,0.9370246,8.897249,0.40856242,9.684841
South America,OWID_SAM,1997,20.886232,30.211588,0.86704624,9.185194,0.38707536,9.404051
South America,OWID_SAM,1998,21.526995,29.043598,0.8233591,10.03027,0.37529168,8.884011
South America,OWID_SAM,1999,23.359459,30.044058,0.8767487,10.199984,0.40334684,8.349537
South America,OWID_SAM,2000,24.405813,30.148336,0.90485334,10.495241,0.40355963,8.288629
South America,OWID_SAM,2001,24.558672,29.323196,0.8881367,10.068241,0.37201104,8.817832
South America,OWID_SAM,2002,24.96382,29.33475,0.8497427,9.503601,0.36856943,8.18989
South America,OWID_SAM,2003,25.351583,28.386581,0.84482676,10.154018,0.3772533,8.360004
South America,OWID_SAM,2004,26.829998,28.587059,0.88039666,10.025,0.35607854,8.562174
South America,OWID_SAM,2005,24.217957,29.980452,0.8802835,8.678843,0.4465918,8.032331
South America,OWID_SAM,2006,26.487213,30.408192,0.8768178,9.496904,0.40014246,8.65061
South America,OWID_SAM,2007,28.214806,30.95902,0.9321939,9.810129,0.3890128,8.931627
South America,OWID_SAM,2008,31.702791,31.320345,0.8974299,10.311566,0.38659528,9.154933
South America,OWID_SAM,2009,30.95355,31.102818,0.8528766,10.0717125,0.5172464,9.391564
South America,OWID_SAM,2010,34.30023,31.081623,0.76266885,10.271557,0.417596,9.21108
South America,OWID_SAM,2011,36.455406,31.288155,0.7263662,10.634748,0.38301194,9.613098
South America,OWID_SAM,2012,36.412823,31.887762,0.71673113,10.459805,0.43372852,9.983357
South America,OWID_SAM,2013,37.808735,32.63141,0.6872753,10.596431,0.45199308,10.10139
South America,OWID_SAM,2014,39.5163,31.794254,0.7015887,11.09808,0.43617168,10.327379
South America,OWID_SAM,2015,40.4682,30.929842,0.6862667,11.566271,0.43484044,9.825677
South America,OWID_SAM,2016,39.83558,29.838182,0.66571003,11.843056,0.42158,9.586631
South America,OWID_SAM,2017,40.585697,30.04131,0.66187096,12.261116,0.5297425,9.750961
South America,OWID_SAM,2018,40.860634,30.310352,0.6753293,13.006495,0.6728426,9.514937
South America,OWID_SAM,2019,41.256115,29.626696,0.69011015,12.957573,0.6182833,9.689421
South America,OWID_SAM,2020,41.86139,28.617851,0.71809113,12.604863,0.60460097,9.618877
South America,OWID_SAM,2021,42.25305,27.924658,0.68038434,13.834113,0.5372837,9.929339
South America,OWID_SAM,2022,42.521175,27.702934,0.6665095,14.602507,0.53890485,9.878771
South America,OWID_SAM,2023,41.94063,29.71842,0.69380164,14.964857,0.6033278,9.817036
South America (FAO),,1961,2.08,27.15,2.29,6.48,0.9,5.5
South America (FAO),,1962,2.17,27.12,2.23,6.49,0.87,6.22
South America (FAO),,1963,2.45,26.88,2.03,6.19,0.87,6.13
South America (FAO),,1964,2.7,24.26,2,6.07,0.92,6.28
South America (FAO),,1965,3.28,23.96,2.07,6.38,0.74,6.08
South America (FAO),,1966,3.35,24.61,2.15,6.72,0.71,6.34
South America (FAO),,1967,3.59,25,2.06,6.61,0.68,6.68
South America (FAO),,1968,3.78,26.3,2.26,6.6,0.63,6.94
South America (FAO),,1969,4.07,27.22,2.07,6.61,0.62,6.67
South America (FAO),,1970,4.56,26.13,2.05,6.78,0.6,7.2
South America (FAO),,1971,4.63,22.73,2.07,7.07,0.57,7.15
South America (FAO),,1972,5.04,22.83,1.78,6.7,0.43,7.58
South America (FAO),,1973,5.5,23.42,1.57,6.51,0.43,9.02
South America (FAO),,1974,6.12,24.8,1.59,6.49,0.49,7.89
South America (FAO),,1975,6.09,26.56,1.46,6.6,0.45,7.76
South America (FAO),,1976,6.24,27.43,1.41,6.54,0.48,6.91
South America (FAO),,1977,6.6,27.2,1.36,6.64,0.46,7.47
South America (FAO),,1978,7.3,28.57,1.29,6.61,0.45,8.2
South America (FAO),,1979,8.34,28.02,1.27,6.93,0.48,9.16
South America (FAO),,1980,9.16,28.16,1.14,7.21,0.43,8.67
South America (FAO),,1981,9.34,27.96,1.15,7.13,0.43,7.89
South America (FAO),,1982,9.85,25.54,1.11,6.41,0.41,7.56
South America (FAO),,1983,9.46,24.94,1.12,6.37,0.4,7.1
South America (FAO),,1984,8.61,25.71,1.09,5.75,0.43,7.79
South America (FAO),,1985,9.05,26.66,1.11,5.81,0.4,7.81
South America (FAO),,1986,9.83,27.42,1.23,6.16,0.39,8.69
South America (FAO),,1987,10.94,26.38,1.2,6.72,0.39,8.53
South America (FAO),,1988,11.38,25.95,1.16,6.89,0.35,7.84
South America (FAO),,1989,10.96,27.59,1.1,6.61,0.36,8.29
South America (FAO),,1990,11.74,27.39,1.09,6.33,0.4,8.11
South America (FAO),,1991,13.24,28.04,1.11,6.78,0.41,7.04
South America (FAO),,1992,14.59,27.58,1.07,7.05,0.44,7.07
South America (FAO),,1993,15.91,27.49,1.07,7.96,0.41,7.92
South America (FAO),,1994,17.31,28.23,1.12,8.68,0.41,8.05
South America (FAO),,1995,19.85,29.63,1.1,8.9,0.41,9.13
South America (FAO),,1996,19.13,30.89,0.94,8.9,0.41,9.69
South America (FAO),,1997,20.89,30.21,0.87,9.18,0.39,9.4
South America (FAO),,1998,21.53,29.04,0.82,10.03,0.38,8.89
South America (FAO),,1999,23.36,30.04,0.88,10.2,0.4,8.35
South America (FAO),,2000,24.39,30.13,0.9,10.49,0.4,8.28
South America (FAO),,2001,24.52,29.28,0.89,10.05,0.37,8.81
South America (FAO),,2002,24.91,29.27,0.85,9.48,0.37,8.17
South America (FAO),,2003,25.26,28.29,0.84,10.12,0.37,8.33
South America (FAO),,2004,26.71,28.46,0.88,9.98,0.35,8.53
South America (FAO),,2005,24.09,29.83,0.88,8.63,0.45,7.99
South America (FAO),,2006,26.34,30.23,0.87,9.44,0.4,8.6
South America (FAO),,2007,28.04,30.77,0.93,9.75,0.39,8.88
South America (FAO),,2008,31.49,31.11,0.89,10.24,0.38,9.09
South America (FAO),,2009,30.72,30.87,0.84,10,0.52,9.32
South America (FAO),,2010,34.3,31.08,0.76,10.27,0.42,9.21
South America (FAO),,2011,36.46,31.29,0.73,10.63,0.39,9.61
South America (FAO),,2012,36.41,31.89,0.71,10.46,0.44,9.98
South America (FAO),,2013,37.81,32.63,0.69,10.6,0.45,10.1
South America (FAO),,2014,39.52,31.8,0.7,11.1,0.44,10.33
South America (FAO),,2015,40.47,30.93,0.69,11.57,0.44,9.83
South America (FAO),,2016,39.84,29.84,0.67,11.84,0.42,9.58
South America (FAO),,2017,40.59,30.04,0.66,12.26,0.53,9.75
South America (FAO),,2018,40.86,30.31,0.68,13,0.67,9.52
South America (FAO),,2019,41.25,29.63,0.69,12.96,0.62,9.69
South America (FAO),,2020,41.86,28.62,0.72,12.61,0.61,9.62
South America (FAO),,2021,42.25,27.93,0.68,13.83,0.54,9.93
South America (FAO),,2022,42.52,27.7,0.67,14.6,0.54,9.88
South America (FAO),,2023,41.94,29.72,0.69,14.97,0.6,9.82
South Korea,KOR,1961,0.61511874,0.7785097,0.02883369,2.3451402,0.18261337,12.696435
South Korea,KOR,1962,0.5778787,0.8860806,0.038525242,1.454328,0.16373229,13.194896
South Korea,KOR,1963,0.6075593,1.0993931,0.028931396,2.0541294,0.27967018,14.764657
South Korea,KOR,1964,0.6472981,1.6134145,0.01932233,2.289696,0.24152914,15.641427
South Korea,KOR,1965,0.6689981,1.3476918,0.01939125,2.5984275,0.17452125,17.093386
South Korea,KOR,1966,0.6511445,0.99129456,0.01943715,3.2071295,0.16521576,17.65865
South Korea,KOR,1967,0.8252288,1.048526,0.009708574,2.3688922,0.1844629,18.951138
South Korea,KOR,1968,1.1044823,1.1626129,0.009688441,1.9764419,0.17439194,20.07445
South Korea,KOR,1969,1.3542559,1.0640582,0.009673256,2.3602746,0.13542558,20.042986
South Korea,KOR,1970,1.4104153,1.1689059,0.009660378,2.5213587,0.10626417,17.8717
South Korea,KOR,1971,1.5252484,1.2066839,0.02896041,2.4326746,0.09653471,22.878725
South Korea,KOR,1972,1.6506693,1.1776706,0.10618341,2.5290956,0.06757126,29.46107
South Korea,KOR,1973,1.5546291,1.3808196,0.13518514,2.4719567,0.13518514,33.419697
South Korea,KOR,1974,1.5651015,1.5457792,0.22220576,2.5215523,0.12559456,37.9682
South Korea,KOR,1975,1.6158749,2.3512433,0.21286975,2.5254092,0.17416617,38.05531
South Korea,KOR,1976,1.7364215,2.046843,0.28131968,2.987809,0.17461222,43.87617
South Korea,KOR,1977,2.0520644,1.9548103,0.33066443,3.8415425,0.18478306,35.711758
South Korea,KOR,1978,2.2818837,3.1595314,0.5363402,4.807558,0.21453607,37.33903
South Korea,KOR,1979,2.4455795,3.9227097,0.430422,7.532385,0.22499332,40.96835
South Korea,KOR,1980,2.425309,2.5038614,0.14728597,7.6883273,0.17674316,40.91604
South Korea,KOR,1981,2.4092698,3.3434765,0.13767256,6.765623,0.118005045,45.422108
South Korea,KOR,1982,2.5838797,4.2737174,0.11789565,7.6140943,0.108071014,45.340706
South Korea,KOR,1983,3.055114,4.224113,0.15717629,9.224283,0.09823518,44.48089
South Korea,KOR,1984,2.94936,3.696531,0.098312,10.56854,0.0884808,46.32461
South Korea,KOR,1985,3.1595314,4.1142807,0.17717,10.551457,0.10827055,47.392975
South Korea,KOR,1986,4.8914313,4.989851,0.118102975,7.716061,0.1377868,49.97724
South Korea,KOR,1987,5.2766013,4.913037,0.15721717,8.853292,0.11791288,49.189327
South Korea,KOR,1988,5.500085,4.735367,0.2941222,9.784464,0.10784479,47.373276
South Korea,KOR,1989,5.6106577,4.7993603,0.28346527,10.8596525,0.097746655,47.56352
South Korea,KOR,1990,6.1609406,5.6345315,0.21446311,12.507099,0.10723156,46.382526
South Korea,KOR,1991,7.474676,7.250241,0.1854032,12.529353,0.11709676,41.784027
South Korea,KOR,1992,8.390995,8.136426,0.35248056,16.79178,0.13707577,46.60576
South Korea,KOR,1993,8.772957,7.742576,0.2551419,17.016005,0.12757096,50.096138
South Korea,KOR,1994,9.160193,8.472196,0.2358848,17.907587,0.147428,50.852837
South Korea,KOR,1995,9.645462,9.232085,0.2854269,18.434643,0.18700385,50.559933
South Korea,KOR,1996,10.349329,9.896361,0.236331,19.733639,0.20678963,51.608784
South Korea,KOR,1997,9.695515,11.762578,0.20670637,19.8635,0.19686323,50.485577
South Korea,KOR,1998,8.570228,10.685725,0.17711148,19.236273,0.13775337,42.76258
South Korea,KOR,1999,10.446796,12.158419,0.14755364,22.477337,0.17706436,52.27333
South Korea,KOR,2000,10.578317,12.937792,0.11797378,22.975395,0.16712953,47.15019
South Korea,KOR,2001,10.948426,9.819217,0.10801139,21.779022,0.21602277,54.643944
South Korea,KOR,2002,11.348596,13.388793,0.11770367,24.315619,0.21579006,52.3389
South Korea,KOR,2003,11.002242,13.532168,0.11767103,27.172201,0.2549539,52.755844
South Korea,KOR,2004,9.723823,9.488332,0.12755771,24.677511,0.23549116,53.741047
South Korea,KOR,2005,12.433583,10.271221,0.12777595,25.899204,0.21623623,54.285126
South Korea,KOR,2006,13.30864,10.816347,0.11821145,29.375544,0.21672098,58.790493
South Korea,KOR,2007,13.083579,11.177819,0.11849278,30.995737,0.21723677,58.574936
South Korea,KOR,2008,13.017161,11.136355,0.11878779,30.884827,0.19797966,58.66137
South Korea,KOR,2009,13.889928,11.707225,0.10913514,30.061771,0.18850616,58.615494
South Korea,KOR,2010,15.31,12.84,0.12,30.95,0.27,57.59
South Korea,KOR,2011,16.13,15.12,0.13,30.57,0.26,59.53
South Korea,KOR,2012,16.06,14.489999,0.14,32.37,0.26,56.349995
South Korea,KOR,2013,16.099998,14.979998,0.12999998,32.989998,0.22999997,52.489994
South Korea,KOR,2014,18.140001,15.990001,0.17000002,33.550003,0.23000002,55.630005
South Korea,KOR,2015,18.91,16.25,0.21,35.9,0.21,57.02
South Korea,KOR,2016,19.340002,16.300001,0.27000004,37.020004,0.19000001,55.450005
South Korea,KOR,2017,18.81,17.2,0.36,37.76,0.18,56.99
South Korea,KOR,2018,19.739998,17.999998,0.36999997,40.699997,0.17999999,56.889996
South Korea,KOR,2019,20.960003,19.290003,0.37000006,40.140007,0.15000002,54.640007
South Korea,KOR,2020,22.55,19.07,0.38,38,0.15,54.5
South Korea,KOR,2021,22.139997,20.319998,0.40999997,38.3,0.15,52.719997
South Korea,KOR,2022,22.199999,19.549997,0.55999994,41.369995,0.16999999,52.789997
South Korea,KOR,2023,24.579998,18.839998,0.6499999,39.709995,0.21999997,52.819992
South Sudan,SSD,2019,8.429596,13.190664,4.811185,0.0100233015,0.97226024,3.1372933
South Sudan,SSD,2020,3.4400823,12.104728,3.6086166,0.009913782,0.96163684,2.8551693
South Sudan,SSD,2021,4.65906,11.741623,3.6204162,0,0.92983365,3.0466888
South Sudan,SSD,2022,4.723251,11.951706,3.8518755,0,0.9109834,3.000304
South-eastern Asia (FAO),,1961,1.48,2.68,0.21,3.57,0.19,12.91
South-eastern Asia (FAO),,1962,1.51,2.76,0.21,3.72,0.19,13.07
South-eastern Asia (FAO),,1963,1.63,2.71,0.2,3.74,0.19,13.69
South-eastern Asia (FAO),,1964,1.66,2.72,0.2,3.87,0.21,13.97
South-eastern Asia (FAO),,1965,1.76,2.76,0.19,3.95,0.21,14.53
South-eastern Asia (FAO),,1966,1.85,2.76,0.19,4.12,0.21,15.23
South-eastern Asia (FAO),,1967,1.91,2.7,0.19,4.16,0.21,15.98
South-eastern Asia (FAO),,1968,2.07,2.66,0.16,4.27,0.2,16.96
South-eastern Asia (FAO),,1969,2.06,2.69,0.19,4.26,0.19,16.71
South-eastern Asia (FAO),,1970,2.08,2.72,0.19,4.17,0.18,16.51
South-eastern Asia (FAO),,1971,2.1,2.64,0.18,4.01,0.18,16.8
South-eastern Asia (FAO),,1972,2.18,2.66,0.2,3.82,0.18,16.96
South-eastern Asia (FAO),,1973,2.39,2.76,0.21,3.89,0.18,16.88
South-eastern Asia (FAO),,1974,2.33,3.12,0.2,3.73,0.17,16.18
South-eastern Asia (FAO),,1975,2.43,2.82,0.22,3.45,0.17,16.31
South-eastern Asia (FAO),,1976,2.38,2.75,0.22,3.46,0.16,16.47
South-eastern Asia (FAO),,1977,2.43,2.72,0.22,3.29,0.15,17.19
South-eastern Asia (FAO),,1978,2.55,2.8,0.23,3.72,0.15,16.85
South-eastern Asia (FAO),,1979,2.86,2.73,0.23,3.77,0.14,16.55
South-eastern Asia (FAO),,1980,2.96,2.62,0.23,3.91,0.13,16.39
South-eastern Asia (FAO),,1981,3.22,2.65,0.22,4.36,0.13,17.04
South-eastern Asia (FAO),,1982,3.44,2.67,0.23,4.32,0.14,17.59
South-eastern Asia (FAO),,1983,3.76,2.55,0.32,4.6,0.14,18.71
South-eastern Asia (FAO),,1984,3.48,2.58,0.28,5.15,0.13,18.44
South-eastern Asia (FAO),,1985,3.66,2.61,0.29,5.05,0.13,18.19
South-eastern Asia (FAO),,1986,3.7,2.57,0.32,5.13,0.14,18.61
South-eastern Asia (FAO),,1987,3.97,2.58,0.31,5.41,0.14,18.69
South-eastern Asia (FAO),,1988,4.04,2.57,0.33,5.59,0.11,18.67
South-eastern Asia (FAO),,1989,4.1,2.64,0.32,5.91,0.11,19.4
South-eastern Asia (FAO),,1990,4.35,2.53,0.31,6.48,0.11,19.36
South-eastern Asia (FAO),,1991,5.11,2.54,0.31,6.71,0.11,19.76
South-eastern Asia (FAO),,1992,5.75,2.77,0.32,6.93,0.11,20.4
South-eastern Asia (FAO),,1993,6.12,2.91,0.35,7.13,0.1,20.42
South-eastern Asia (FAO),,1994,6.28,2.87,0.32,7.6,0.11,21.47
South-eastern Asia (FAO),,1995,6.47,2.84,0.31,7.51,0.1,22.33
South-eastern Asia (FAO),,1996,6.84,2.92,0.33,7.64,0.1,22
South-eastern Asia (FAO),,1997,6.95,2.9,0.34,7.85,0.1,22.13
South-eastern Asia (FAO),,1998,6.49,2.72,0.28,7.83,0.1,21.97
South-eastern Asia (FAO),,1999,6.51,2.78,0.28,7.67,0.1,23.59
South-eastern Asia (FAO),,2000,6.89,2.9,0.28,7.87,0.1,24.6
South-eastern Asia (FAO),,2001,7.24,2.72,0.31,8.2,0.1,25.06
South-eastern Asia (FAO),,2002,7.77,2.71,0.37,8.92,0.1,25.45
South-eastern Asia (FAO),,2003,8.07,2.79,0.4,9.45,0.11,25.81
South-eastern Asia (FAO),,2004,8.18,3.05,0.37,9.75,0.11,26.84
South-eastern Asia (FAO),,2005,8.29,2.89,0.37,10.47,0.11,27.86
South-eastern Asia (FAO),,2006,8.9,3.04,0.43,11.24,0.11,28.41
South-eastern Asia (FAO),,2007,9.48,3.23,0.41,11.74,0.12,30.15
South-eastern Asia (FAO),,2008,9.94,3.45,0.4,11.75,0.12,30.76
South-eastern Asia (FAO),,2009,10.54,3.57,0.44,12.1,0.12,32.4
South-eastern Asia (FAO),,2010,11.49,3.54,0.42,10.05,0.12,31.96
South-eastern Asia (FAO),,2011,12.23,3.73,0.41,10.27,0.12,32.64
South-eastern Asia (FAO),,2012,12.24,3.71,0.43,10.34,0.12,33.2
South-eastern Asia (FAO),,2013,12.74,3.78,0.45,10.51,0.11,34.5
South-eastern Asia (FAO),,2014,13.12,3.49,0.48,10.74,0.1,34.73
South-eastern Asia (FAO),,2015,13.23,3.55,0.51,11.03,0.11,36.23
South-eastern Asia (FAO),,2016,13.56,3.75,0.51,11.23,0.11,36.67
South-eastern Asia (FAO),,2017,13.54,3.7,0.52,11.26,0.11,37.89
South-eastern Asia (FAO),,2018,13.88,3.74,0.57,11.44,0.11,38.2
South-eastern Asia (FAO),,2019,17.14,3.73,0.51,10.26,0.1,38.14
South-eastern Asia (FAO),,2020,15.54,3.02,0.34,9.21,0.1,36.72
South-eastern Asia (FAO),,2021,15.07,3.38,0.31,9.76,0.1,37.62
South-eastern Asia (FAO),,2022,16.24,3.68,0.35,10.53,0.11,37.35
South-eastern Asia (FAO),,2023,16.98,3.74,0.34,10.16,0.11,37.08
Southern Africa (FAO),,1961,1.76,19.74,7.06,2.86,0.36,5.15
Southern Africa (FAO),,1962,2,19.29,6.94,2.86,0.36,5.19
Southern Africa (FAO),,1963,2.16,19.52,6.83,2.83,0.4,5.31
Southern Africa (FAO),,1964,2.43,19.41,6.77,3.04,0.38,5.54
Southern Africa (FAO),,1965,2.69,19.35,7.32,3,0.38,6.8
Southern Africa (FAO),,1966,3.08,18.73,7.45,2.86,0.37,7.22
Southern Africa (FAO),,1967,3.46,18.37,7.49,3.15,0.37,8.11
Southern Africa (FAO),,1968,3.85,17.93,8.28,3.05,0.39,6.57
Southern Africa (FAO),,1969,4.15,17.48,9.11,3.33,0.38,6.17
Southern Africa (FAO),,1970,4.3,16.89,8.15,3.19,0.4,7.86
Southern Africa (FAO),,1971,4.33,16.52,8.46,3.22,0.39,7.28
Southern Africa (FAO),,1972,4.91,17.57,8.78,3.46,0.47,7.34
Southern Africa (FAO),,1973,5.7,17.9,6.79,3.62,0.48,9.46
Southern Africa (FAO),,1974,5.4,19.31,5.76,3.24,0.5,9.37
Southern Africa (FAO),,1975,6.06,18.93,5.91,3.14,0.46,10.74
Southern Africa (FAO),,1976,6.7,18.63,5.97,3.22,0.46,9.23
Southern Africa (FAO),,1977,6.35,19.05,5.75,3.11,0.38,8.97
Southern Africa (FAO),,1978,6.56,19.18,5.9,2.87,0.41,8.84
Southern Africa (FAO),,1979,6.39,19.26,5.97,2.82,0.37,8.54
Southern Africa (FAO),,1980,6.98,18.76,5.86,2.81,0.4,8.12
Southern Africa (FAO),,1981,7.2,17.4,5.58,2.96,0.44,9.68
Southern Africa (FAO),,1982,7.66,18.1,5.41,3.33,0.54,7.84
Southern Africa (FAO),,1983,8.27,17.29,5.26,3.28,0.62,8.05
Southern Africa (FAO),,1984,8.38,18.35,5.17,3.15,0.59,8.48
Southern Africa (FAO),,1985,8.75,18.53,5.1,2.97,0.53,8.06
Southern Africa (FAO),,1986,9.15,16.62,4.4,2.88,0.5,7.54
Southern Africa (FAO),,1987,9.55,17.33,4.74,2.93,0.46,9.02
Southern Africa (FAO),,1988,9.7,16.45,4.82,3.08,0.56,9.43
Southern Africa (FAO),,1989,9.66,15.63,4.81,3.3,0.57,8.52
Southern Africa (FAO),,1990,13.72,16.42,4.68,3.28,0.61,9.29
Southern Africa (FAO),,1991,12.73,17.26,4.62,2.8,0.61,7.56
Southern Africa (FAO),,1992,12.66,18.21,4.59,3.07,0.64,8.56
Southern Africa (FAO),,1993,12.49,17.5,4.2,2.84,0.62,8.38
Southern Africa (FAO),,1994,13.77,15.49,4.03,2.9,1.49,6.31
Southern Africa (FAO),,1995,14.7,12.82,3.84,3.08,0.89,8.07
Southern Africa (FAO),,1996,15.2,12.3,3.93,2.95,0.57,6.36
Southern Africa (FAO),,1997,16.73,12.16,3.89,2.9,0.63,7.97
Southern Africa (FAO),,1998,15.24,11.14,3.68,2.78,0.6,6.54
Southern Africa (FAO),,1999,16.56,10.99,4.35,2.86,0.78,6.45
Southern Africa (FAO),,2000,18.28,13.6,4.68,2.49,0.73,6.14
Southern Africa (FAO),,2001,19.17,11.26,3.78,2.56,0.6,6.81
Southern Africa (FAO),,2002,19.56,12.12,3.41,2.42,0.67,6.87
Southern Africa (FAO),,2003,20.01,12.62,3.54,3.08,0.75,7.03
Southern Africa (FAO),,2004,20.23,13.52,3.61,3.48,0.82,9.43
Southern Africa (FAO),,2005,21.38,14.29,3.61,3.43,0.87,8.23
Southern Africa (FAO),,2006,22.84,15.87,3.83,3.33,0.83,7.59
Southern Africa (FAO),,2007,25.08,15.35,3.35,4.66,1.06,7.51
Southern Africa (FAO),,2008,27.63,14.55,3.95,5.72,1.24,6.69
Southern Africa (FAO),,2009,28.02,14.39,3.89,6.09,1.26,5.16
Southern Africa (FAO),,2010,29.53,15.86,3.14,3.96,1.22,5.68
Southern Africa (FAO),,2011,30.87,15.88,3.13,4.02,1.47,5.46
Southern Africa (FAO),,2012,31.47,15.25,3.01,4.1,1.37,7.09
Southern Africa (FAO),,2013,32.78,16.09,3.02,3.75,1.28,6.05
Southern Africa (FAO),,2014,33.08,16.69,3.13,4.26,1.42,6.86
Southern Africa (FAO),,2015,31.92,17.17,3.05,3.92,1.46,6.28
Southern Africa (FAO),,2016,33.42,17.15,3.03,3.97,1.37,6.05
Southern Africa (FAO),,2017,33.04,16.06,3.05,3.82,1.42,6.28
Southern Africa (FAO),,2018,34.22,15.67,3.1,4.44,1.49,7.21
Southern Africa (FAO),,2019,33.67,15.75,2.77,3.96,1.37,6.18
Southern Africa (FAO),,2020,33.37,15.81,3.12,4.73,1.39,5.3
Southern Africa (FAO),,2021,32.52,15.37,3.21,5.22,1.39,5.65
Southern Africa (FAO),,2022,31.88,15.07,2.67,5.32,1.4,5.57
Southern Africa (FAO),,2023,30.46,15.07,2.36,5.18,1.42,5.49
Southern Asia (FAO),,1961,0.27,2.67,1.24,0.26,0.14,2.49
Southern Asia (FAO),,1962,0.28,2.68,1.27,0.26,0.14,2.58
Southern Asia (FAO),,1963,0.29,2.63,1.25,0.25,0.14,2.7
Southern Asia (FAO),,1964,0.3,2.64,1.25,0.24,0.14,3.12
Southern Asia (FAO),,1965,0.3,2.63,1.24,0.23,0.15,3.19
Southern Asia (FAO),,1966,0.31,2.65,1.23,0.23,0.15,3.29
Southern Asia (FAO),,1967,0.34,2.65,1.23,0.24,0.15,3.1
Southern Asia (FAO),,1968,0.36,2.67,1.23,0.24,0.15,3.31
Southern Asia (FAO),,1969,0.37,2.67,1.21,0.24,0.15,3.35
Southern Asia (FAO),,1970,0.39,2.66,1.2,0.24,0.15,3.41
Southern Asia (FAO),,1971,0.39,2.67,1.17,0.27,0.16,3.45
Southern Asia (FAO),,1972,0.4,2.65,1.13,0.27,0.16,3.26
Southern Asia (FAO),,1973,0.39,2.66,1.15,0.27,0.16,3.49
Southern Asia (FAO),,1974,0.4,2.67,1.17,0.27,0.16,3.85
Southern Asia (FAO),,1975,0.41,2.69,1.21,0.27,0.15,3.54
Southern Asia (FAO),,1976,0.43,2.72,1.25,0.26,0.15,3.46
Southern Asia (FAO),,1977,0.44,2.73,1.3,0.27,0.15,3.58
Southern Asia (FAO),,1978,0.51,2.74,1.31,0.27,0.15,3.49
Southern Asia (FAO),,1979,0.53,2.72,1.3,0.28,0.15,3.4
Southern Asia (FAO),,1980,0.52,2.71,1.34,0.29,0.16,3.41
Southern Asia (FAO),,1981,0.59,2.7,1.37,0.3,0.16,3.37
Southern Asia (FAO),,1982,0.58,2.83,1.44,0.31,0.16,3.31
Southern Asia (FAO),,1983,0.61,2.88,1.38,0.3,0.15,3.42
Southern Asia (FAO),,1984,0.61,2.83,1.39,0.3,0.15,3.63
Southern Asia (FAO),,1985,0.62,2.8,1.4,0.35,0.15,3.59
Southern Asia (FAO),,1986,0.7,2.88,1.37,0.34,0.15,3.58
Southern Asia (FAO),,1987,0.81,2.84,1.42,0.34,0.15,3.58
Southern Asia (FAO),,1988,0.82,2.87,1.39,0.34,0.15,3.77
Southern Asia (FAO),,1989,0.89,2.84,1.41,0.35,0.15,4
Southern Asia (FAO),,1990,0.9,2.9,1.41,0.36,0.15,4.05
Southern Asia (FAO),,1991,1.03,2.83,1.47,0.36,0.15,4.23
Southern Asia (FAO),,1992,1.14,2.83,1.48,0.37,0.16,4.34
Southern Asia (FAO),,1993,1.31,2.83,1.48,0.36,0.16,4.49
Southern Asia (FAO),,1994,1.34,2.81,1.49,0.36,0.16,4.53
Southern Asia (FAO),,1995,1.36,2.78,1.51,0.35,0.15,4.59
Southern Asia (FAO),,1996,1.4,2.71,1.34,0.35,0.14,4.87
Southern Asia (FAO),,1997,1.44,2.75,1.35,0.35,0.15,5.02
Southern Asia (FAO),,1998,1.41,2.75,1.36,0.34,0.15,5.06
Southern Asia (FAO),,1999,1.46,2.65,1.33,0.34,0.15,5.26
Southern Asia (FAO),,2000,1.58,2.5,1.33,0.33,0.14,5.14
Southern Asia (FAO),,2001,1.66,2.53,1.31,0.33,0.14,5.4
Southern Asia (FAO),,2002,1.81,2.48,1.29,0.32,0.14,5.38
Southern Asia (FAO),,2003,1.98,2.47,1.26,0.32,0.14,5.51
Southern Asia (FAO),,2004,2.07,2.54,1.28,0.3,0.14,5.58
Southern Asia (FAO),,2005,2.17,2.44,1.3,0.28,0.14,5.75
Southern Asia (FAO),,2006,2.35,2.59,1.19,0.27,0.13,6
Southern Asia (FAO),,2007,2.59,2.67,1.15,0.25,0.14,6.01
Southern Asia (FAO),,2008,2.73,2.6,1.12,0.24,0.14,6.6
Southern Asia (FAO),,2009,3.1,2.57,1.07,0.24,0.14,6.53
Southern Asia (FAO),,2010,2.86,2.53,1.12,0.22,0.13,6.56
Southern Asia (FAO),,2011,3.06,2.32,1.11,0.2,0.14,6.25
Southern Asia (FAO),,2012,3.14,2.2,1.04,0.19,0.13,6.91
Southern Asia (FAO),,2013,3.32,2.06,1.06,0.2,0.13,6.99
Southern Asia (FAO),,2014,3.59,2.13,1.1,0.21,0.14,7.44
Southern Asia (FAO),,2015,3.73,2.21,1.08,0.22,0.13,7.74
Southern Asia (FAO),,2016,3.94,2.2,1.11,0.22,0.13,8.06
Southern Asia (FAO),,2017,4.1,2.29,1.21,0.21,0.13,8.46
Southern Asia (FAO),,2018,4.27,2.42,1.19,0.21,0.13,8.83
Southern Asia (FAO),,2019,4.43,2.48,1.16,0.2,0.13,9.21
Southern Asia (FAO),,2020,4.75,2.98,1.12,0.18,0.13,9.22
Southern Asia (FAO),,2021,4.76,3.19,1.15,0.18,0.13,9.61
Southern Asia (FAO),,2022,4.93,3.16,1.96,0.21,0.13,9.52
Southern Asia (FAO),,2023,4.95,3.1,2.09,0.2,0.13,9.42
Southern Europe (FAO),,1961,3.74,9.73,2.62,9.79,1.39,17.3
Southern Europe (FAO),,1962,4.43,10.9,2.72,9.71,1.46,16.79
Southern Europe (FAO),,1963,5.59,12.29,2.64,10.04,1.47,17.55
Southern Europe (FAO),,1964,6.45,11.9,2.8,10.94,1.48,18.25
Southern Europe (FAO),,1965,7.45,12.26,2.95,11.32,1.5,19.32
Southern Europe (FAO),,1966,8.46,14.08,3.03,11.49,1.47,19.06
Southern Europe (FAO),,1967,8.77,15.55,3.05,12.77,1.49,19.88
Southern Europe (FAO),,1968,8.95,15.99,3.04,13.31,1.53,19.63
Southern Europe (FAO),,1969,9.55,16.77,3.07,12.84,1.65,18.88
Southern Europe (FAO),,1970,10.96,17.89,3.17,14.17,1.76,20.13
Southern Europe (FAO),,1971,11.2,17.66,3.35,15.64,1.88,20.12
Southern Europe (FAO),,1972,12.29,17.09,3.26,15.81,2.01,20.06
Southern Europe (FAO),,1973,13.5,18.34,3.28,17.15,2.03,19.14
Southern Europe (FAO),,1974,13.92,17.6,3.09,19.32,2.18,19.94
Southern Europe (FAO),,1975,14.3,17.46,3.19,19.1,2.31,19.08
Southern Europe (FAO),,1976,15.3,18.65,3.27,19.48,2.68,19.74
Southern Europe (FAO),,1977,15.88,18.32,3.23,20.91,2.81,18.89
Southern Europe (FAO),,1978,16.34,18.51,3.27,23.1,3,18.53
Southern Europe (FAO),,1979,16.53,18.46,3.23,24.36,3.13,17.92
Southern Europe (FAO),,1980,16.99,18.53,3.49,26.14,2.87,18.66
Southern Europe (FAO),,1981,17.76,18.34,3.42,27.09,2.88,18.3
Southern Europe (FAO),,1982,17.56,18.63,3.5,27.9,2.8,18.92
Southern Europe (FAO),,1983,17.26,18.97,3.71,28.67,2.84,20.33
Southern Europe (FAO),,1984,16.93,18.49,3.64,30.56,2.85,20.95
Southern Europe (FAO),,1985,16.89,18.51,3.71,29.64,2.96,23.16
Southern Europe (FAO),,1986,17,18.78,3.74,30.27,2.95,23.02
Southern Europe (FAO),,1987,17.75,19.28,3.91,31.81,2.98,24.3
Southern Europe (FAO),,1988,18.2,19.19,3.99,33.5,3.15,23.95
Southern Europe (FAO),,1989,18.11,19.51,4.13,34.03,3.04,24.33
Southern Europe (FAO),,1990,18.35,20.06,4.32,35.5,2.97,24.57
Southern Europe (FAO),,1991,18.26,19.78,4.3,35.03,3.1,24.98
Southern Europe (FAO),,1992,18.06,19.34,4.15,36.05,3.21,24.76
Southern Europe (FAO),,1993,17.98,19.62,4.11,37.31,3.27,25.44
Southern Europe (FAO),,1994,18.39,19.63,4.19,37.66,3.28,26.19
Southern Europe (FAO),,1995,18.64,19.18,4.12,38.17,3.31,26.03
Southern Europe (FAO),,1996,18.74,19.12,4.05,39.98,3.52,26.9
Southern Europe (FAO),,1997,18.6,18.44,3.99,39.88,3.48,26.35
Southern Europe (FAO),,1998,19.58,18.92,4.01,43.13,3.54,28.43
Southern Europe (FAO),,1999,19.06,19.6,3.94,43.77,3.36,27.64
Southern Europe (FAO),,2000,19.07,20.1,3.85,43.86,3.39,26.7
Southern Europe (FAO),,2001,19.45,18.38,3.77,44.68,3.92,28
Southern Europe (FAO),,2002,20.5,18.67,3.7,44.84,3.67,27.84
Southern Europe (FAO),,2003,19.42,18.99,3.74,44.46,3.25,28.54
Southern Europe (FAO),,2004,18.86,18.62,3.8,42.35,2.96,28.16
Southern Europe (FAO),,2005,18.97,18.58,3.79,42.42,2.98,28.59
Southern Europe (FAO),,2006,17.47,18.49,3.68,41.81,3.03,30.46
Southern Europe (FAO),,2007,19.28,18.34,3.5,43.18,3.21,30.31
Southern Europe (FAO),,2008,19.67,17.96,3.17,40.56,3.2,29.53
Southern Europe (FAO),,2009,20.74,18.15,2.96,39.24,3.48,29.36
Southern Europe (FAO),,2010,20.72,17.96,2.84,41.18,3.51,30.63
Southern Europe (FAO),,2011,21.57,16.86,2.83,40.3,3.36,31.06
Southern Europe (FAO),,2012,22.21,16.32,2.66,40.27,3.47,29.23
Southern Europe (FAO),,2013,21.63,15.39,2.57,40.66,3.46,30.1
Southern Europe (FAO),,2014,21.59,15.44,2.55,39.55,2.26,31.33
Southern Europe (FAO),,2015,21.75,14.55,2.26,40.25,1.85,31.75
Southern Europe (FAO),,2016,22.08,14.67,2.25,39.81,1.82,32.05
Southern Europe (FAO),,2017,22.45,14.25,2.11,42.19,1.71,31.94
Southern Europe (FAO),,2018,24.59,15.37,2.16,42.71,1.65,31.44
Southern Europe (FAO),,2019,24.79,15.37,2.23,41.14,1.22,31.27
Southern Europe (FAO),,2020,25,14.3,2.01,38.46,1.11,29.88
Southern Europe (FAO),,2021,24.34,14.54,1.99,40.75,1.19,29.99
Southern Europe (FAO),,2022,25.15,14.81,2.14,40,1.1,30.05
Southern Europe (FAO),,2023,26.32,14.02,1.95,40.26,1.17,30.1
Spain,ESP,1961,2.6532311,5.9872913,3.724536,7.9697056,1.4617802,25.440983
Spain,ESP,1962,3.5338545,6.727338,3.6740074,8.37914,1.4415724,25.788128
Spain,ESP,1963,5.9878454,8.360955,3.6347625,10.243421,1.3517711,27.53608
Spain,ESP,1964,6.756255,7.9373484,4.023725,10.029285,1.4213158,27.365335
Spain,ESP,1965,7.4107685,7.9108205,4.1404295,9.120946,1.4601514,29.323042
Spain,ESP,1966,9.5650215,8.875381,4.0778775,12.083712,1.2993238,29.09486
Spain,ESP,1967,10.875152,9.8665285,3.994546,12.762574,1.3281866,29.070309
Spain,ESP,1968,10.728247,10.60849,3.8921082,12.7242,1.3273088,31.755611
Spain,ESP,1969,11.5906105,11.04153,3.8735204,13.088105,1.367712,27.95324
Spain,ESP,1970,14.732711,12.094017,4.1179624,13.743201,1.439288,31.224552
Spain,ESP,1971,14.084763,11.773981,3.9713428,14.805006,1.4104769,31.210554
Spain,ESP,1972,16.277603,11.30528,3.9818597,15.627298,1.4306681,32.225048
Spain,ESP,1973,17.20205,12.128494,4.1429014,17.702398,1.4009812,31.492056
Spain,ESP,1974,17.403223,12.075298,4.46826,19.75231,1.6993384,35.186302
Spain,ESP,1975,17.761787,12.42027,4.163387,18.71028,1.8370818,34.20566
Spain,ESP,1976,19.342012,13.820002,4.153989,19.441866,3.0755494,35.38879
Spain,ESP,1977,20.17222,13.0819845,3.9645402,20.341988,3.0557916,34.123005
Spain,ESP,1978,20.695873,13.204608,3.8155522,22.843372,3.4559715,34.539738
Spain,ESP,1979,20.450552,11.968618,3.5466273,26.185099,3.5366368,32.01955
Spain,ESP,1980,20.55557,11.406444,4.8242664,31.063082,2.4470918,32.261658
Spain,ESP,1981,23.534029,11.961717,4.7926745,32.570217,2.635971,31.741484
Spain,ESP,1982,22.630617,11.8393955,5.0312443,36.3168,2.5355873,31.57505
Spain,ESP,1983,21.505356,11.506114,5.269062,35.506294,2.5247588,32.77197
Spain,ESP,1984,20.964502,11.5195055,5.355822,37.53065,2.4834259,32.68348
Spain,ESP,1985,21.736937,11.471441,5.431742,36.337856,2.5015914,33.985764
Spain,ESP,1986,20.408693,12.121709,5.518017,38.05838,2.5398815,34.303337
Spain,ESP,1987,21.627085,12.440799,5.8820095,39.75084,2.5976386,34.70485
Spain,ESP,1988,22.705595,12.392103,5.808177,45.500698,2.7151237,35.664593
Spain,ESP,1989,22.988756,12.319667,5.866508,45.629498,2.416206,35.010124
Spain,ESP,1990,23.249235,12.932821,6.4266176,47.642525,2.5069776,35.0181
Spain,ESP,1991,24.227797,13.122975,6.5416045,49.74801,2.4456453,34.86536
Spain,ESP,1992,23.753136,13.353704,6.344744,49.964863,2.6866026,36.987877
Spain,ESP,1993,23.250332,13.127737,6.3167353,52.995335,2.9062915,39.739086
Spain,ESP,1994,24.154083,13.521947,6.391117,51.79961,3.0180275,41.60144
Spain,ESP,1995,24.70411,13.296913,6.308898,52.252636,3.149528,41.593452
Spain,ESP,1996,23.73548,13.414425,5.911774,54.4335,3.5549207,41.96181
Spain,ESP,1997,23.621033,13.304588,5.917505,54.962254,3.5661783,40.785717
Spain,ESP,1998,27.26108,14.838556,6.025412,62.29846,3.8147905,45.973114
Spain,ESP,1999,25.603727,14.73976,5.7647533,63.138245,3.0242934,43.367783
Spain,ESP,2000,25.002703,14.543992,5.9609747,62.61478,3.0934217,41.52059
Spain,ESP,2001,26.166313,14.466573,5.8301077,63.479,3.804392,42.33251
Spain,ESP,2002,30.369804,15.288874,5.7927403,63.27455,3.7132952,41.955284
Spain,ESP,2003,29.97998,14.994933,5.7726045,62.86603,3.4101858,43.462574
Spain,ESP,2004,27.324404,15.469998,5.4431477,56.594906,2.252337,41.865807
Spain,ESP,2005,27.724564,15.397052,5.3198786,56.02158,2.191119,40.86141
Spain,ESP,2006,26.799904,15.055239,4.837776,56.752735,2.1676393,44.574547
Spain,ESP,2007,28.358717,14.630743,4.435343,58.80754,2.5022397,43.205338
Spain,ESP,2008,26.60659,14.404157,3.4053304,53.44803,2.4267871,41.852295
Spain,ESP,2009,29.089756,13.95131,2.7667155,47.56396,3.1984017,41.32413
Spain,ESP,2010,27.24,13.49,2.74,48.69,2.36,42.54
Spain,ESP,2011,29.19,12.9,2.69,47.82,1.92,42.63
Spain,ESP,2012,29.689999,12.359999,2.2899997,48.529995,1.9799999,40.429996
Spain,ESP,2013,28.599998,12.159999,2.1599998,48.989998,1.9499999,42.479996
Spain,ESP,2014,29.090002,11.200001,2.3800004,50.870003,1.7700001,44.310005
Spain,ESP,2015,29.490005,11.200002,2.3400004,53.09001,1.6700003,43.770008
Spain,ESP,2016,30.030003,11.54,2.16,52.28,1.58,42.25
Spain,ESP,2017,30.340006,11.470002,2.0600002,53.320007,1.6000003,41.600006
Spain,ESP,2018,33.120003,13.630001,2.0600002,56.680004,1.5400001,40.470005
Spain,ESP,2019,32.97,13.22,2.02,54.26,1.53,39.9
Spain,ESP,2020,32.500004,11.990002,1.8600003,51.54001,1.4900002,37.620003
Spain,ESP,2021,30.209993,12.779997,1.7499996,53.47999,1.5799997,36.929993
Spain,ESP,2022,31.909996,12.819998,1.8599998,52.54999,1.3399998,36.859997
Spain,ESP,2023,32.959995,11.7699995,1.5899999,53.039997,1.4399999,36.799995
Sri Lanka,LKA,1961,0.64454997,2.9772072,0.2966976,0.102309525,0.040923808,16.809454
Sri Lanka,LKA,1962,0.6437412,3.3617597,0.2758891,0.12261737,0.010218115,15.613278
Sri Lanka,LKA,1963,1.0305945,3.244842,0.26530156,0.11224297,0.010203905,16.84665
Sri Lanka,LKA,1964,1.0394932,3.4853597,0.27515998,0.11210221,0.01019111,19.149096
Sri Lanka,LKA,1965,1.0080494,3.400894,0.3054695,0.10182317,0.010182317,16.210249
Sri Lanka,LKA,1966,1.0789628,3.1656363,0.31554574,0.12214674,0.010178895,22.953407
Sri Lanka,LKA,1967,1.058306,3.0833337,0.3256326,0.13228825,0.010176019,16.200222
Sri Lanka,LKA,1968,1.1494414,3.1024745,0.2746453,0.11189252,0,18.218136
Sri Lanka,LKA,1969,1.1184162,3.1112304,0.23385066,0.11184162,0.01016742,17.996334
Sri Lanka,LKA,1970,1.1786821,2.9975104,0.23370421,0.111771576,0.010161052,14.337245
Sri Lanka,LKA,1971,1.31005,3.1380267,0.21326394,0.13202053,0,11.333456
Sri Lanka,LKA,1972,1.278866,2.9332724,0.19284488,0.11164703,0,14.087826
Sri Lanka,LKA,1973,1.2783372,2.9523504,0.21305619,0.0913098,0,11.058631
Sri Lanka,LKA,1974,1.2784945,2.8512456,0.22322918,0.08117425,0,10.775882
Sri Lanka,LKA,1975,1.1877897,2.8121176,0.23349713,0.071064346,0,10.273873
Sri Lanka,LKA,1976,1.1577835,2.559311,0.21327591,0.07109197,0,10.257556
Sri Lanka,LKA,1977,1.1682236,2.2043872,0.20316933,0.101584665,0,10.249892
Sri Lanka,LKA,1978,0.98503953,2.1224046,0.20310092,0.091395415,0,11.292411
Sri Lanka,LKA,1979,1.2068453,1.9573203,0.18254803,0.11155712,0,13.427421
Sri Lanka,LKA,1980,1.2757015,1.9338014,0.2024923,0.15186924,0.010124614,14.893309
Sri Lanka,LKA,1981,1.2843475,1.9821428,0.20225947,0.121355675,0,13.955903
Sri Lanka,LKA,1982,1.2876484,1.9365422,0.24333514,0.10138965,0,13.80927
Sri Lanka,LKA,1983,1.3180155,2.0127833,0.19412631,0.10217174,0.010217174,13.762534
Sri Lanka,LKA,1984,1.3528533,2.1067336,0.21686962,0.09294413,0.010327125,15.366762
Sri Lanka,LKA,1985,1.2070777,2.0811684,0.20811686,0.08324674,0,15.286182
Sri Lanka,LKA,1986,1.0012984,2.0130272,0.17731328,0.073011346,0,15.102919
Sri Lanka,LKA,1987,1.2024852,1.9344327,0.15684591,0.094107546,0.0104563935,15.768241
Sri Lanka,LKA,1988,1.3436373,1.6585524,0.14696033,0.09447451,0,16.533037
Sri Lanka,LKA,1989,1.4528229,1.589683,0.12633242,0.08422162,0,15.981052
Sri Lanka,LKA,1990,1.4196128,1.7268423,0.11653537,0.09534713,0,16.060694
Sri Lanka,LKA,1991,1.4898739,1.947478,0.12770347,0.12770347,0,18.293524
Sri Lanka,LKA,1992,1.7479497,2.2246633,0.14831088,0.116529986,0,17.935024
Sri Lanka,LKA,1993,2.3051314,2.0314627,0.14736,0.09473143,0,16.841143
Sri Lanka,LKA,1994,2.9216566,2.0420182,0.1780221,0.11519077,0,17.226257
Sri Lanka,LKA,1995,3.1054075,2.0875816,0.17656164,0.12463174,0,18.601288
Sri Lanka,LKA,1996,3.1596413,1.8670608,0.14362006,0.1231029,0,20.106808
Sri Lanka,LKA,1997,3.2092242,1.8121486,0.16197976,0.11136109,0,21.715414
Sri Lanka,LKA,1998,3.2165358,1.5583217,0.13984938,0.10988166,0,21.73659
Sri Lanka,LKA,1999,3.0986078,1.4506221,0.1282863,0.0888136,0,22.213268
Sri Lanka,LKA,2000,3.3505206,1.6703762,0.13675594,0.087914534,0,21.82234
Sri Lanka,LKA,2001,4.2638206,1.5734373,0.116550915,0.09712576,0,19.79423
Sri Lanka,LKA,2002,4.3859544,1.5851674,0.11669944,0.087524585,0,19.683306
Sri Lanka,LKA,2003,4.5354576,1.6421484,0.09774694,0.10752162,0,21.787792
Sri Lanka,LKA,2004,4.8147197,1.5819793,0.10808554,0.09825958,0,21.577805
Sri Lanka,LKA,2005,4.914591,1.6283283,0.09868657,0.09868657,0,16.273415
Sri Lanka,LKA,2006,3.9479647,1.4940919,0.10884113,0.118735775,0,19.007618
Sri Lanka,LKA,2007,5.0624857,1.3473543,0.09907017,0.089163154,0.0099070165,20.814642
Sri Lanka,LKA,2008,5.085891,1.2590802,0.07931214,0.009914017,0.009914017,20.63107
Sri Lanka,LKA,2009,4.803988,1.3201042,0.07940476,0.009925595,0,21.250698
Sri Lanka,LKA,2010,4.8599997,1.5999999,0.07999999,0.019999998,0,25.189999
Sri Lanka,LKA,2011,4.909999,1.3099997,0.08999999,0.019999996,0,28.539997
Sri Lanka,LKA,2012,5.99,1.36,0.09,0.06,0,28.3
Sri Lanka,LKA,2013,6.2900004,1.2700001,0.080000006,0.080000006,0,28.880001
Sri Lanka,LKA,2014,6.610002,1.1300004,0.07000002,0.07000002,0,29.810009
Sri Lanka,LKA,2015,7.5499988,1.4899998,0.08999999,0.069999985,0,31.679995
Sri Lanka,LKA,2016,8.280003,1.4700005,0.09000003,0.050000016,0,31.66001
Sri Lanka,LKA,2017,9.019999,1.3599997,0.11999997,0.04999999,0,29.709991
Sri Lanka,LKA,2018,9.640001,1.3600003,0.110000014,0.060000006,0,28.310003
Sri Lanka,LKA,2019,9.949999,1.3399999,0.13999999,0.049999997,0,28.329998
Sri Lanka,LKA,2020,9.510001,1.3200002,0.13000001,0.060000006,0,24.130001
Sri Lanka,LKA,2021,10.399996,1.2299995,0.14999996,0.089999974,0,23.009993
Sri Lanka,LKA,2022,9.980002,1.2100004,0.13000003,0.050000012,0,22.870007
Sri Lanka,LKA,2023,10.210002,1.1900003,0.13000003,0.030000005,0,22.730003
Sudan,SDN,2012,1.2855264,8.493997,8.351161,0,3.761355,1.2569592
Sudan,SDN,2013,1.3144381,8.686722,8.591473,0,3.8194907,1.1334648
Sudan,SDN,2014,1.2771796,8.663853,9.664628,0,3.84107,1.0579622
Sudan,SDN,2015,1.2970278,8.754938,8.230405,0,3.8624728,1.0490667
Sudan,SDN,2016,1.2979422,8.76111,8.093051,0,3.7411275,1.0593499
Sudan,SDN,2017,1.2952232,8.485617,7.7046733,0,3.3713896,1.1047492
Sudan,SDN,2018,1.5382671,7.833768,7.482435,0,3.2759395,1.1774391
Sudan,SDN,2019,1.6515224,7.61219,7.014224,0,3.2081296,1.1105064
Sudan,SDN,2020,1.5956665,7.4559417,7.019033,0,3.143843,1.0352837
Sudan,SDN,2021,1.6622676,6.9625263,6.687065,0,3.0775697,0.91187245
Sudan,SDN,2022,1.6041319,7.156896,6.6063657,0,3.0089338,0.89223903
Sudan (former),OWID_SDN,1961,0.6932544,8.8186035,5.7499332,,4.434789,1.2947545
Sudan (former),OWID_SDN,1962,0.66987324,8.850446,5.815717,,4.313577,1.3600457
Sudan (former),OWID_SDN,1963,0.8181224,8.868042,5.555152,,4.3734193,1.4645401
Sudan (former),OWID_SDN,1964,0.943859,8.87629,5.582825,,4.237324,1.4258294
Sudan (former),OWID_SDN,1965,0.97798216,8.8716955,5.4487576,,4.1314754,1.4769527
Sudan (former),OWID_SDN,1966,0.9034968,9.044896,5.450766,,4.7756257,1.5488515
Sudan (former),OWID_SDN,1967,0.8794932,9.545959,5.5832996,,4.782862,1.5020558
Sudan (former),OWID_SDN,1968,0.86575305,10.143085,5.6962614,,4.741966,1.5839345
Sudan (former),OWID_SDN,1969,0.8429652,9.860732,5.45967,,4.5088835,1.5389016
Sudan (former),OWID_SDN,1970,0.8309022,9.667791,5.3666506,,4.271815,1.4858487
Sudan (former),OWID_SDN,1971,0.8190629,9.653241,5.255654,,4.173321,1.4236094
Sudan (former),OWID_SDN,1972,0.807515,9.485869,5.117505,,4.047304,1.40099
Sudan (former),OWID_SDN,1973,0.7825231,9.380616,5.1974993,,3.9512587,1.4394561
Sudan (former),OWID_SDN,1974,0.777561,9.244336,5.366131,,3.6958146,1.315134
Sudan (former),OWID_SDN,1975,0.7566843,10.085931,5.670343,,3.7451084,1.2739116
Sudan (former),OWID_SDN,1976,0.7359116,10.216746,5.7630486,,3.6030998,1.3380212
Sudan (former),OWID_SDN,1977,0.7250969,10.361253,5.724449,,3.5014548,1.2402972
Sudan (former),OWID_SDN,1978,0.7308576,10.402857,5.7899113,,3.3125887,1.3383237
Sudan (former),OWID_SDN,1979,0.7265793,10.974178,5.9730477,,3.1044753,1.3493615
Sudan (former),OWID_SDN,1980,0.75976956,10.983829,5.8999386,,3.3017147,1.2006235
Sudan (former),OWID_SDN,1981,0.8308671,11.520112,5.442646,,2.9220383,1.2509685
Sudan (former),OWID_SDN,1982,0.80087364,10.746607,4.0416183,,2.7751203,1.2851228
Sudan (former),OWID_SDN,1983,0.80242807,9.713112,3.9841487,,2.5938954,1.2223032
Sudan (former),OWID_SDN,1984,0.7815894,10.697416,4.152782,,2.5425198,1.2335929
Sudan (former),OWID_SDN,1985,0.7898366,10.762713,4.1870856,,2.5978963,1.103868
Sudan (former),OWID_SDN,1986,0.7953806,9.822472,3.5360897,,2.4053075,0.9391241
Sudan (former),OWID_SDN,1987,0.7998847,8.172316,3.565751,,2.4863884,1.0697253
Sudan (former),OWID_SDN,1988,0.7885095,7.8948293,3.8159966,,2.4628754,1.1000195
Sudan (former),OWID_SDN,1989,0.79720634,8.021274,3.8876112,,2.5097237,1.2204146
Sudan (former),OWID_SDN,1990,0.8118757,8.1583605,3.9108646,,2.5049336,1.2475163
Sudan (former),OWID_SDN,1991,0.82552093,8.474023,4.5453386,,2.446725,1.2730925
Sudan (former),OWID_SDN,1992,0.8308616,8.118419,5.4756784,,2.702803,1.2713184
Sudan (former),OWID_SDN,1993,0.83597314,7.5439024,6.1136837,,2.8503664,1.4201472
Sudan (former),OWID_SDN,1994,0.8270933,7.2723694,6.919342,,3.0562108,1.5230621
Sudan (former),OWID_SDN,1995,0.8367464,7.4702296,7.752506,,3.2461727,1.502111
Sudan (former),OWID_SDN,1996,0.8796857,7.350937,7.5329404,,3.4580748,1.5065882
Sudan (former),OWID_SDN,1997,0.80072457,7.8653455,8.605255,,3.6488714,1.5304989
Sudan (former),OWID_SDN,1998,0.7812797,8.076606,9.973999,,3.81508,1.5727057
Sudan (former),OWID_SDN,1999,0.7707813,8.2960415,10.882215,,3.8539064,1.5314207
Sudan (former),OWID_SDN,2000,0.76761097,8.686124,11.13036,,3.8481548,1.6059229
Sudan (former),OWID_SDN,2001,0.7638589,9.146206,11.347325,,3.7489393,1.6985811
Sudan (former),OWID_SDN,2002,0.75979763,9.057589,11.336981,,3.6290336,1.6295661
Sudan (former),OWID_SDN,2003,0.78664744,9.240618,11.202258,,3.684298,1.6131251
Sudan (former),OWID_SDN,2004,0.9825159,8.981585,11.075633,,3.6521802,1.6474508
Sudan (former),OWID_SDN,2005,0.7908867,8.996337,11.981934,,3.2129772,1.5026847
Sudan (former),OWID_SDN,2006,0.6402429,8.756554,11.130377,,4.1862035,1.5661327
Sudan (former),OWID_SDN,2007,0.6671293,8.270441,10.938957,,4.2186117,1.7168767
Sudan (former),OWID_SDN,2008,0.65379333,8.030923,11.3096485,,3.9910667,1.707669
Sudan (former),OWID_SDN,2009,0.659285,7.795076,10.54856,,3.9847963,1.7742524
Sudan (former),OWID_SDN,2010,0.87759095,7.6186466,10.45394,,4.0600634,1.7358941
Sudan (former),OWID_SDN,2011,0.938036,7.4573865,10.233973,,4.17426,1.7072257
Suriname,SUR,1961,13.381795,14.244783,0.22940218,0.88483703,0.32771742,33.350708
Suriname,SUR,1962,12.964809,14.110991,0.25951245,0.9731717,0.3352036,27.097425
Suriname,SUR,1963,12.407336,19.024584,0.22269577,0.96501505,0.3287414,26.490192
Suriname,SUR,1964,12.949431,16.074436,0.18812734,0.87792754,0.32399708,23.150114
Suriname,SUR,1965,12.459986,13.42483,0.16599481,0.9544702,0.29049093,24.888847
Suriname,SUR,1966,12.848134,13.498804,0.13426507,1.115433,0.24787398,22.184721
Suriname,SUR,1967,13.100264,12.147703,0.13315357,1.4851745,0.17412391,20.403225
Suriname,SUR,1968,13.274567,12.87755,0.12215859,1.6389611,0.19341776,21.133436
Suriname,SUR,1969,13.238997,16.348156,0.09026589,2.19647,0.23067951,30.339369
Suriname,SUR,1970,13.009427,11.029092,0.08823274,2.215622,0.3725382,24.303219
Suriname,SUR,1971,12.901158,10.14344,0.085880496,2.5191612,0.35306424,20.849874
Suriname,SUR,1972,13.233607,9.986212,0.08446983,2.3369987,0.44112024,27.98767
Suriname,SUR,1973,14.294197,9.741369,0.093487225,2.7204783,0.30850786,21.773176
Suriname,SUR,1974,16.211054,10.151719,0.10254261,3.1322105,0.23305139,21.356829
Suriname,SUR,1975,16.926035,7.0905104,0.10235645,4.4664636,0.10235645,19.643133
Suriname,SUR,1976,16.004698,13.153393,0.10283392,3.8609464,0.08413684,15.247465
Suriname,SUR,1977,17.053053,13.037242,0.103694625,3.186253,0.07541427,16.232922
Suriname,SUR,1978,22.116001,14.559543,0.085868865,3.701902,0.59154105,17.34551
Suriname,SUR,1979,23.082727,13.909568,0.086995214,3.0641646,0,16.132778
Suriname,SUR,1980,23.379978,12.577219,0.107247606,3.0224323,0,16.243137
Suriname,SUR,1981,22.578781,16.069056,0.107518,3.0984735,0,16.020182
Suriname,SUR,1982,22.984976,17.189869,0.07818019,2.6385813,0,13.583807
Suriname,SUR,1983,22.85868,16.753263,0.07814934,3.0478241,0,14.721381
Suriname,SUR,1984,23.174446,13.33431,0.097330734,3.6109703,0,8.0005865
Suriname,SUR,1985,27.030508,13.3306465,0.08744593,4.041945,0,7.1317015
Suriname,SUR,1986,25.520157,10.060457,0.106819525,3.4473574,0,5.5254827
Suriname,SUR,1987,24.092375,5.4307785,0.12675066,3.266267,0,8.277793
Suriname,SUR,1988,25.676888,6.1456475,0.1954101,3.4392178,0.42990223,6.38014
Suriname,SUR,1989,26.619982,4.936156,0.18608522,4.044905,0.5386678,11.72337
Suriname,SUR,1990,28.376534,5.643733,0.20719999,4.0848,1.2826666,11.455199
Suriname,SUR,1991,23.256197,11.0857525,0.21892868,4.816431,1.0548382,12.9267435
Suriname,SUR,1992,21.301071,7.525108,0.19063605,3.602018,0.16053562,13.234156
Suriname,SUR,1993,18.088072,7.1078343,0.21232505,3.5286403,0.16177148,12.608065
Suriname,SUR,1994,13.662041,5.96569,0.20360717,3.8888967,0.2646893,13.590778
Suriname,SUR,1995,19.952375,8.423434,0.1928256,2.4965842,0.3755025,12.919315
Suriname,SUR,1996,22.954422,7.9167066,0.15108219,3.797199,0.20144291,13.134078
Suriname,SUR,1997,25.49613,9.848506,0.14997724,3.8494155,0.099984825,12.038173
Suriname,SUR,1998,26.947418,9.617698,0.13895538,3.9701538,0.08932847,13.389344
Suriname,SUR,1999,29.62403,8.758152,0.13792364,2.7781763,0.29555067,11.605289
Suriname,SUR,2000,27.835001,7.8576813,0.08817846,3.3605793,0.1567617,14.157542
Suriname,SUR,2001,27.95814,6.1826763,0.09721189,3.8009849,0.28191447,15.330316
Suriname,SUR,2002,28.602844,5.616172,0.11599666,4.581868,0.27065888,15.379225
Suriname,SUR,2003,26.801199,4.423592,0.105781555,4.6351557,0.25964564,15.771068
Suriname,SUR,2004,26.869387,4.7100563,0.10552061,5.362366,0.45086083,16.192617
Suriname,SUR,2005,26.90051,4.6214194,0.067395695,6.1041245,0.91465586,16.665993
Suriname,SUR,2006,28.308695,5.1365423,0.067332946,6.3581543,1.1542791,16.371527
Suriname,SUR,2007,30.339193,7.0973926,0.06722835,7.8176966,0.979613,16.230843
Suriname,SUR,2008,31.249765,8.080845,0.067100726,6.336226,1.0160967,15.624883
Suriname,SUR,2009,30.45881,7.499908,0.066963464,7.777328,0.95662093,16.14776
Suriname,SUR,2010,34.929302,9.659806,0.059998795,7.689846,0.12999739,16.689667
Suriname,SUR,2011,34.569443,9.27985,0.06999887,6.6398926,0.16999726,16.299736
Suriname,SUR,2012,34.559387,8.669846,0.069998756,7.909859,0.20999627,17.099697
Suriname,SUR,2013,33.969765,7.419948,0.28999797,8.3999405,0.12999909,17.24988
Suriname,SUR,2014,33.89941,8.249857,0.109998085,7.969861,0.099998266,16.67971
Suriname,SUR,2015,33.27977,7.23995,0.039999723,7.5299487,0.11999917,16.709885
Suriname,SUR,2016,32.199726,4.619961,0.049999576,7.519936,0.13999881,16.68986
Suriname,SUR,2017,31.699469,5.089915,0.03999933,7.11988,0.17999698,17.449707
Suriname,SUR,2018,44.559334,5.32992,0.0399994,6.189907,0.28999564,16.839748
Suriname,SUR,2019,48.799274,5.5799174,0.029999554,8.489874,0.15999763,17.309742
Suriname,SUR,2020,48.28,5.44,0.04,8.64,0.15,17.12
Suriname,SUR,2021,47.789616,4.7399616,0.03999968,7.679938,0.07999936,16.969862
Suriname,SUR,2022,44.64914,4.9899035,0.049999036,8.1598425,0.08999827,16.829676
Suriname,SUR,2023,36.639885,4.2399864,0.039999872,7.519976,0.029999904,16.669947
Sweden,SWE,1961,2.702515,19.588226,0.2802608,24.973238,3.1529338,26.044235
Sweden,SWE,1962,2.414616,20.48917,0.24045968,25.087961,2.935612,26.63091
Sweden,SWE,1963,2.698417,19.280138,0.2608135,24.797346,2.8589172,25.228693
Sweden,SWE,1964,2.7076864,19.204515,0.3108825,26.084045,2.868142,25.34194
Sweden,SWE,1965,2.8729649,18.348936,0.2902996,26.877739,2.5826654,25.676498
Sweden,SWE,1966,2.8494213,19.865967,0.34992892,25.474825,2.8494213,26.784561
Sweden,SWE,1967,3.6021037,18.380735,0.33019286,27.185877,2.491455,26.43544
Sweden,SWE,1968,3.7617905,18.598293,0.3912262,27.797123,2.4677346,27.325647
Sweden,SWE,1969,3.2317142,18.757994,0.46167344,26.706806,2.5893857,27.007896
Sweden,SWE,1970,3.2024736,18.364185,0.56043285,28.481998,2.4018552,28.672146
Sweden,SWE,1971,3.3466475,16.643328,0.48950964,29.33062,1.9979986,28.081871
Sweden,SWE,1972,3.8997955,15.169205,0.4799748,28.288517,1.8699019,27.668549
Sweden,SWE,1973,4.174527,16.037392,0.5706188,28.090462,2.0121822,26.378607
Sweden,SWE,1974,4.774889,18.348787,0.62063545,30.981722,1.8619064,26.707346
Sweden,SWE,1975,4.770209,19.17084,0.59002584,32.331417,2.0400894,27.861221
Sweden,SWE,1976,4.847999,20.131691,0.66972363,34.28585,1.8892204,27.088821
Sweden,SWE,1977,4.2670507,18.737051,0.69951653,35.075756,2.0785635,27.351097
Sweden,SWE,1978,4.897754,18.531504,0.66969293,35.1039,2.3089411,26.687763
Sweden,SWE,1979,4.980751,18.062723,0.66009957,36.695534,2.7704177,26.363977
Sweden,SWE,1980,5.1803303,18.731194,0.67004275,36.0923,2.930187,27.031725
Sweden,SWE,1981,5.4197006,18.138996,0.6799624,35.59803,3.1798244,25.018618
Sweden,SWE,1982,5.2786183,16.225752,0.70981413,34.331013,3.6690395,26.233131
Sweden,SWE,1983,5.498075,17.543858,0.719748,33.988102,3.2688556,26.070871
Sweden,SWE,1984,5.1584635,16.685032,0.7297827,31.850515,3.2390354,25.972265
Sweden,SWE,1985,5.45049,15.831424,0.72006476,32.952965,3.380304,25.752316
Sweden,SWE,1986,5.2652283,16.025913,0.6906858,32.772545,2.792773,26.45627
Sweden,SWE,1987,5.2101235,17.213448,0.73142123,32.312786,3.0960157,26.882235
Sweden,SWE,1988,5.192674,16.801008,0.7418106,33.291256,3.1777563,28.389294
Sweden,SWE,1989,5.02779,17.016365,0.7711949,33.4318,3.114826,28.093527
Sweden,SWE,1990,6.0503035,16.96085,0.7300366,32.11161,3.1001554,27.501379
Sweden,SWE,1991,6.710035,16.810087,0.5900031,31.540165,3.3900177,27.700146
Sweden,SWE,1992,7.298767,16.990408,0.6808178,33.3,3.1437764,27.953577
Sweden,SWE,1993,7.637448,17.29952,0.62141967,33.3562,3.0569837,28.344755
Sweden,SWE,1994,8.588609,17.998041,0.65065217,34.414497,2.7427492,27.998064
Sweden,SWE,1995,8.17065,17.541395,0.6900549,35.862854,2.5001988,27.842215
Sweden,SWE,1996,9.108925,18.668291,0.7006865,35.484768,2.3122654,26.375843
Sweden,SWE,1997,8.9436035,19.369463,0.7210969,36.455452,2.3335493,28.974072
Sweden,SWE,1998,8.459924,19.683088,0.7608925,38.16477,2.342748,27.872696
Sweden,SWE,1999,11.348077,20.69473,0.8405983,37.286537,2.4717593,27.829807
Sweden,SWE,2000,10.159886,19.71978,0.82999074,35.8796,2.4499726,28.119686
Sweden,SWE,2001,11.2098875,20.33166,0.9191708,35.198246,2.4577827,29.013826
Sweden,SWE,2002,13.20918,22.963806,0.90856797,36.60231,2.3463018,30.342176
Sweden,SWE,2003,12.636775,23.616596,0.9782022,36.872234,2.2658358,32.410435
Sweden,SWE,2004,12.891619,23.646286,0.8787471,37.37671,2.1768963,32.513645
Sweden,SWE,2005,13.960354,23.860605,1.0400263,36.49093,2.2400568,32.570827
Sweden,SWE,2006,13.934367,24.02477,1.1411766,36.14727,2.0721364,31.682665
Sweden,SWE,2007,14.797319,24.018112,1.1613593,36.692947,1.8521678,32.798386
Sweden,SWE,2008,16.116346,23.558514,1.2420304,36.539734,2.163537,32.49312
Sweden,SWE,2009,15.418651,23.308195,1.3916835,36.283894,2.0925312,29.996284
Sweden,SWE,2010,15.869994,23.79999,1.2599995,37.389984,2.1199992,31.169989
Sweden,SWE,2011,15.719995,24.179993,1.3499995,37.76999,2.0899992,32.799988
Sweden,SWE,2012,15.520022,23.800032,1.3600019,36.13005,1.6800023,31.810043
Sweden,SWE,2013,16.59,24.51,1.4,36.68,1.93,34.16
Sweden,SWE,2014,16.409986,23.409979,1.3699988,32.939972,1.6699985,35.02997
Sweden,SWE,2015,16.429996,24.479994,1.3799996,32.149994,1.6799995,33.179993
Sweden,SWE,2016,16.669998,23.559998,1.3799999,31.779999,1.4999999,31.919998
Sweden,SWE,2017,16.339994,23.149992,1.3699995,30.919989,1.4299995,32.31999
Sweden,SWE,2018,16.54,20.98,1.38,30.580002,0.46000004,32.99
Sweden,SWE,2019,15.930016,23.330023,1.2700012,29.140028,0.2100002,31.43003
Sweden,SWE,2020,15.180013,21.960016,1.2500011,28.160023,0.1300001,31.210024
Sweden,SWE,2021,15.519995,21.669992,1.1499995,27.889988,0.14999995,31.019989
Sweden,SWE,2022,16.590008,22.140009,1.2400006,28.370014,0.2100001,30.810013
Sweden,SWE,2023,16.879995,22.439995,1.3299997,27.379992,0.32999992,30.619993
Switzerland,CHE,1961,4.3567767,23.580187,0.68477815,26.38877,1.4687995,7.572257
Switzerland,CHE,1962,4.8872104,25.897278,0.72074014,26.647638,1.2933829,7.9676337
Switzerland,CHE,1963,5.4067016,23.757915,0.7202358,27.44789,1.3516754,8.48497
Switzerland,CHE,1964,5.6605654,25.185558,0.73231095,28.837215,1.583375,8.550225
Switzerland,CHE,1965,5.6842465,24.75783,0.7565722,28.988663,1.5629189,8.820039
Switzerland,CHE,1966,6.039011,24.875925,0.9298477,29.505169,1.6297331,8.288643
Switzerland,CHE,1967,5.970266,25.981157,1.1600517,30.091341,1.660074,8.500379
Switzerland,CHE,1968,6.138185,26.099762,0.9980788,31.908579,1.4472144,9.49173
Switzerland,CHE,1969,6.4674163,26.387856,1.0064855,33.164192,1.524676,9.696141
Switzerland,CHE,1970,6.647154,27.466919,1.0978783,34.293724,1.6068946,10.36996
Switzerland,CHE,1971,6.6390314,27.807829,1.0514302,35.96893,1.592166,10.524317
Switzerland,CHE,1972,7.180208,26.908257,1.1516372,37.262974,1.7424773,11.286046
Switzerland,CHE,1973,7.704385,27.0554,1.2206948,38.992195,1.7910193,10.826161
Switzerland,CHE,1974,7.0495768,26.098433,1.2299261,38.48769,1.5699058,10.619362
Switzerland,CHE,1975,6.497788,24.416843,1.0528823,38.0642,1.6946392,9.987341
Switzerland,CHE,1976,7.138913,26.095348,1.149486,39.969845,2.0771413,7.4414096
Switzerland,CHE,1977,7.046268,26.105515,1.2517725,42.55017,2.2814562,7.9750023
Switzerland,CHE,1978,6.974076,26.718863,1.2780774,42.589165,2.4253283,8.1012
Switzerland,CHE,1979,7.6348667,28.094707,1.3325949,42.833405,2.474819,8.676895
Switzerland,CHE,1980,8.009863,28.278908,1.3765395,44.986904,2.4937308,9.6657
Switzerland,CHE,1981,8.110483,27.203913,1.4511404,44.746807,2.375497,9.422473
Switzerland,CHE,1982,8.045538,27.31118,1.4583158,46.12048,2.4106853,9.345125
Switzerland,CHE,1983,8.265163,26.116726,1.3709046,46.084248,2.384182,10.033432
Switzerland,CHE,1984,8.843585,28.014645,1.4838898,43.88928,2.509666,10.397187
Switzerland,CHE,1985,9.188709,27.94525,1.6461856,44.84609,2.544105,10.904734
Switzerland,CHE,1986,9.662518,27.719847,1.5571824,44.868816,2.5853221,11.778688
Switzerland,CHE,1987,10.446374,27.637493,1.5564797,43.411816,2.7737267,12.4817705
Switzerland,CHE,1988,11.50946,26.04825,1.7139629,43.12809,2.3716464,13.552265
Switzerland,CHE,1989,11.538069,25.74413,1.7620691,42.9467,2.4091568,13.947225
Switzerland,CHE,1990,10.965645,26.663519,1.8491478,40.68125,2.5152388,14.137033
Switzerland,CHE,1991,11.423491,27.081207,1.8047528,39.912804,2.4393911,14.676012
Switzerland,CHE,1992,11.021256,25.590723,1.863306,39.159157,2.3687775,13.954972
Switzerland,CHE,1993,10.7549095,24.270544,1.8173115,38.372086,2.333706,14.002236
Switzerland,CHE,1994,11.3949995,22.720335,1.7814016,35.92659,2.3387115,14.669195
Switzerland,CHE,1995,11.242379,22.634258,1.7640967,36.687233,2.242496,14.521407
Switzerland,CHE,1996,12.1295805,22.921413,1.8668573,33.75318,2.3560336,14.6153965
Switzerland,CHE,1997,12.201444,22.192627,1.9302284,33.433956,2.2502663,14.781749
Switzerland,CHE,1998,12.426474,22.161545,1.8609694,35.068268,2.121105,15.147892
Switzerland,CHE,1999,12.197833,22.167889,1.7882162,34.42566,2.0879173,15.544496
Switzerland,CHE,2000,12.777899,20.269077,1.9949881,34.16417,2.1545873,15.780355
Switzerland,CHE,2001,13.422671,20.338285,1.7936754,34.15955,2.3417428,16.382236
Switzerland,CHE,2002,13.7203865,20.326868,1.8008628,34.345737,2.2485912,15.5113
Switzerland,CHE,2003,14.133807,20.196833,1.8387865,33.72434,2.037574,15.644593
Switzerland,CHE,2004,14.482715,20.003254,1.84018,33.48133,2.128641,16.024487
Switzerland,CHE,2005,14.066667,20.307442,1.7545948,33.9554,2.0935504,15.861138
Switzerland,CHE,2006,12.906013,20.809694,1.7007924,34.566105,2.2510488,16.99792
Switzerland,CHE,2007,14.908654,20.483107,1.6141852,34.178616,2.1856668,17.314894
Switzerland,CHE,2008,15.863361,21.271324,1.5823302,33.82982,2.1631856,17.776178
Switzerland,CHE,2009,15.951034,21.024544,1.5210521,33.12291,1.9513499,18.062494
Switzerland,CHE,2010,15.68,21.56,1.53,33.8,2.05,18.12
Switzerland,CHE,2011,16.059982,21.589975,1.5299983,33.089962,1.9599979,18.03998
Switzerland,CHE,2012,16.080006,20.840008,1.4700006,31.340014,1.9700009,17.000008
Switzerland,CHE,2013,16.140001,21.290005,1.4100002,31.140003,1.9000002,17.830002
Switzerland,CHE,2014,16.050003,19.760006,1.4800004,31.49001,1.6300005,16.970003
Switzerland,CHE,2015,15.9799795,19.289976,1.4799982,30.389961,1.4199982,17.319979
Switzerland,CHE,2016,15.939995,19.109995,1.4699996,29.84999,1.3799995,17.639994
Switzerland,CHE,2017,15.83,18.55,1.47,29.45,1.35,17.02
Switzerland,CHE,2018,17.649998,21.099997,1.4799998,28.459995,1.2599999,16.809998
Switzerland,CHE,2019,16.809988,19.089989,1.3599992,27.889982,1.1599993,16.17999
Switzerland,CHE,2020,17.009996,19.429996,1.3699996,28.049994,1.0699998,17.009996
Switzerland,CHE,2021,17.590002,19.720001,1.3300002,28.030003,1.0600001,16.770002
Switzerland,CHE,2022,17.9,18.57,1.26,27.709997,0.97999996,16.61
Switzerland,CHE,2023,17.51999,18.96999,1.2499994,25.269987,0.9599995,16.459991
Syria,SYR,2010,8.380001,3.5400004,7.4900007,0,0.15000002,3.0300004
Syria,SYR,2011,8.189998,3.1899993,8.179998,0,0.13999997,3.2099993
Syria,SYR,2012,6.639999,3.0599995,8.169999,0,0.12999998,2.3799999
Syria,SYR,2013,6.3299994,3.2899997,8.14,0,0.10999999,2.33
Syria,SYR,2014,6.4299994,3.2799997,8.62,0,0.14,2.53
Syria,SYR,2015,6.2900014,3.5900006,9.000002,0,0.14000003,1.5700004
Syria,SYR,2016,6.029999,3.429999,9.109998,0.029999992,0.13999997,1.4399997
Syria,SYR,2017,8.05,2.8599997,7.3599997,0.13,0.13,1.3999999
Syria,SYR,2018,7.7700005,2.58,7.19,0.16,0.120000005,1.72
Syria,SYR,2019,7.1399975,2.579999,6.229998,0.22999993,0.11999996,1.8799994
Syria,SYR,2020,6.8399997,3.0899997,7.6099997,0.17999999,0.10999999,0.97999996
Syria,SYR,2021,6.380001,2.9400005,7.900001,0.21000002,0.10000002,0.8700001
Syria,SYR,2022,5.14,2.25,8.73,0.09,0.03,0.84
Syria,SYR,2023,5.339999,1.7999997,8.879998,0.16999997,0.029999994,0.7999999
Taiwan,TWN,1961,4.2486343,0.322441,0.028450677,15.913413,0,26.497065
Taiwan,TWN,1962,4.1115394,0.5210476,0.028420778,15.309326,0,27.151318
Taiwan,TWN,1963,4.0434875,0.6912754,0.018939052,17.073555,0,27.641546
Taiwan,TWN,1964,4.102136,0.6726366,0.028421266,17.58329,0,29.160221
Taiwan,TWN,1965,4.5641613,0.38904494,0.028466702,18.351534,0,28.931658
Taiwan,TWN,1966,4.7014585,0.39971912,0.028551366,20.052576,0,30.911612
Taiwan,TWN,1967,5.0706315,0.48885107,0.028755944,22.583002,0,32.05329
Taiwan,TWN,1968,5.4794035,0.60989827,0.029042773,22.50815,0,34.406006
Taiwan,TWN,1969,5.6815057,0.6052463,0.02928611,23.09698,0,35.621674
Taiwan,TWN,1970,5.699487,0.6092555,0.029480103,25.804918,0,31.789377
Taiwan,TWN,1971,6.0399475,0.50250787,0.029559284,26.120556,0,33.195076
Taiwan,TWN,1972,7.2814045,0.36407024,0.029519208,26.03594,0,33.58302
Taiwan,TWN,1973,7.186949,0.43200237,0.029454706,28.55143,0,36.131107
Taiwan,TWN,1974,7.581327,0.382499,0.029423002,27.020124,0,35.278183
Taiwan,TWN,1975,8.145494,1.9061835,0.04912844,23.159145,0,38.791813
Taiwan,TWN,1976,8.761466,1.1813214,0.08859911,28.23358,0.029533032,35.60699
Taiwan,TWN,1977,11.286219,1.0833194,0.06893851,31.524595,0,35.601818
Taiwan,TWN,1978,12.761621,0.9558898,0.09854534,31.16989,0,36.116867
Taiwan,TWN,1979,12.886932,1.0147966,0.22660509,37.222347,0,36.76914
Taiwan,TWN,1980,13.756416,0.73853344,0.12801245,32.101585,0.068929784,35.400368
Taiwan,TWN,1981,14.993579,1.1419929,0.18705057,31.188221,0.019689532,35.13597
Taiwan,TWN,1982,15.659347,1.3090466,0.2854312,31.682863,0,34.487965
Taiwan,TWN,1983,18.502842,1.4951792,0.21640752,32.667698,0,33.011986
Taiwan,TWN,1984,18.135828,1.5137763,0.33421037,35.170727,0,35.34766
Taiwan,TWN,1985,17.593655,1.5324457,0.35364133,38.930016,0,35.18731
Taiwan,TWN,1986,17.620275,1.8072077,0.45180193,39.395164,0,32.136868
Taiwan,TWN,1987,19.941156,1.8074744,0.51080793,39.90196,0.04911615,38.123955
Taiwan,TWN,1988,20.785137,1.9832772,0.5694558,38.762268,0.009818204,38.30081
Taiwan,TWN,1989,22.411936,2.7094586,0.68718153,37.89315,0.0098168785,40.975655
Taiwan,TWN,1990,22.840307,2.5345373,0.5992511,39.285328,0.019647576,41.004494
Taiwan,TWN,1991,22.84752,2.8989327,0.74684364,40.31973,0.01965378,40.300076
Taiwan,TWN,1992,24.951986,3.133734,0.7662421,40.73854,0.049118087,36.956448
Taiwan,TWN,1993,27.288445,3.0353236,0.76619816,41.797092,0.04911527,38.938583
Taiwan,TWN,1994,28.019037,3.2715075,1.0905025,42.568897,0.06877043,33.726986
Taiwan,TWN,1995,28.05802,3.4777799,0.913654,41.831604,0.078593895,36.95878
Taiwan,TWN,1996,30.698036,3.0639112,0.9918431,43.15991,0.049101144,32.6719
Taiwan,TWN,1997,33.71421,3.7874517,1.1283859,44.409344,0.06868436,36.6382
Taiwan,TWN,1998,33.198727,3.589582,1.0984513,40.985962,0.049038004,32.884884
Taiwan,TWN,1999,34.09343,4.109651,1.1966048,39.968563,0.04904118,32.97529
Taiwan,TWN,2000,33.649635,3.6340823,1.1295121,42.666092,0.039287377,31.606695
Taiwan,TWN,2001,31.694872,3.377242,1.112619,43.16568,0.049230933,29.449944
Taiwan,TWN,2002,32.024517,3.8192563,1.3421676,42.268414,0.03947552,31.748184
Taiwan,TWN,2003,32.205433,4.1877956,1.1781269,40.917633,0.04950113,34.14588
Taiwan,TWN,2004,33.285427,3.4368124,1.3608187,41.35101,0.07946387,28.477863
Taiwan,TWN,2005,32.28232,3.983013,1.3940545,41.094738,0.07966026,29.792936
Taiwan,TWN,2006,33.460648,4.315895,1.3356351,43.487877,0.069771975,28.307487
Taiwan,TWN,2007,32.923874,4.684899,1.2559516,41.057655,0.11961444,33.50201
Taiwan,TWN,2008,34.834583,5.123026,1.3555089,40.306454,0.08970279,31.88436
Taiwan,TWN,2009,38.309986,4.5732856,0.97643137,39.62518,0.05978151,29.163414
Taiwan,TWN,2010,32.560005,5.8300004,0.94000006,38.580006,0.060000002,30.410002
Taiwan,TWN,2011,33.760002,5.7700005,0.93000007,39.210003,0.080000006,33.620003
Taiwan,TWN,2012,32.509995,5.1499996,0.92999995,38.689995,0.089999996,35.169994
Taiwan,TWN,2013,30.029999,5.81,0.93999994,38.06,0.09,33.31
Taiwan,TWN,2014,32.87001,6.0700026,0.96000034,37.480015,0.08000003,33.700016
Taiwan,TWN,2015,33.699986,5.9299974,0.95999956,39.509983,0.08999997,31.639986
Taiwan,TWN,2016,33.83,6.75,0.95,37.9,0.09,29.36
Taiwan,TWN,2017,33.49,6.94,0.92999995,38.54,0.08,29.639997
Taiwan,TWN,2018,35.770004,7.580001,0.8900001,39.270004,0.080000006,29.130003
Taiwan,TWN,2019,38.980007,8.040001,0.8300001,38.86001,0.09000002,29.940004
Taiwan,TWN,2020,41.9,8.49,4.64,38.6,0.08,29.95
Taiwan,TWN,2021,39.94,8.26,0.81,38.19,0.07,30.09
Taiwan,TWN,2022,41.860004,8.790001,0.84000003,38.950005,0.080000006,30.270004
Taiwan,TWN,2023,42.32001,9.020002,1.0300002,39.050007,0.070000015,30.400007
Tajikistan,TJK,1992,0.91896886,8.730205,3.5390077,0.50836575,0.7038911,0.36172178
Tajikistan,TJK,1993,0.31396326,6.5637946,2.2369883,0.13735893,0.17660435,0.47094488
Tajikistan,TJK,1994,0.20558861,6.9606433,2.0069366,0.08810941,0,0.23495843
Tajikistan,TJK,1995,0.09723316,8.575964,1.8960466,0.08750985,0,0.09723316
Tajikistan,TJK,1996,0.028988592,8.899498,1.7779671,0.01932573,0,0.06764005
Tajikistan,TJK,1997,0.0193393,7.8034077,0.54150045,0.0193393,0,0.0773572
Tajikistan,TJK,1998,0.03894176,5.958089,2.171003,0.06814808,0,0.07788352
Tajikistan,TJK,1999,0.078539096,6.1555014,2.130373,0.078539096,0,0.06872171
Tajikistan,TJK,2000,0.07874315,6.506153,2.0571647,0.13780051,0,0.06890026
Tajikistan,TJK,2001,0.0588915,5.820443,2.041572,0.22575076,0,0.08833726
Tajikistan,TJK,2002,0.14706796,6.1376367,2.40211,0.53924924,0,0.13726343
Tajikistan,TJK,2003,0.55899346,5.325148,2.942071,0.6962901,0,0.20594496
Tajikistan,TJK,2004,0.88322675,4.0432158,3.1109211,0.87341315,0,0.18645899
Tajikistan,TJK,2005,1.4153117,3.9215927,3.8822787,0.93371254,0,0.15725686
Tajikistan,TJK,2006,0.5617163,3.4589899,4.040416,1.143142,0,0.33505887
Tajikistan,TJK,2007,2.8762348,3.5582285,4.210571,1.5814348,0,0.31628698
Tajikistan,TJK,2008,3.4995017,3.5193288,4.8477516,2.2404742,0,0.3568897
Tajikistan,TJK,2009,3.807894,3.5792215,4.9214296,1.4018618,0,0.34797987
Tajikistan,TJK,2010,3.0199986,3.5099983,5.3599973,0.92999953,0.41999978,0.36999983
Tajikistan,TJK,2011,2.8400006,3.510001,5.3600016,0.8900002,0.46000013,0.5200001
Tajikistan,TJK,2012,2.9199975,6.429994,5.4399953,0.8899992,0.23999979,0.5099996
Tajikistan,TJK,2013,2.9999952,8.229986,5.509991,0.8199987,0.21999964,0.51999915
Tajikistan,TJK,2014,3.5599961,5.549994,5.9399934,0.8199991,0.22999975,0.59999937
Tajikistan,TJK,2015,3.5900002,11.310001,6.1700006,0.7300001,0.25000003,0.52000004
Tajikistan,TJK,2016,3.4100027,15.490012,5.8000045,0.47000036,0.22000016,0.34000027
Tajikistan,TJK,2017,4.1400037,18.430017,7.4300065,0.39000034,0.22000019,0.52000046
Tajikistan,TJK,2018,3.779994,21.459965,8.399986,0.45999926,0.20999965,0.639999
Tajikistan,TJK,2019,2.03,22.98,7.21,0.47,0.21,0.65
Tajikistan,TJK,2020,2.5699992,22.239994,6.979998,0.46999988,0.18999995,0.71999985
Tajikistan,TJK,2021,3.4199994,22.619997,7.3199987,0.27999994,0.17999998,0.9499998
Tajikistan,TJK,2022,4.049997,24.29998,5.869995,0.33999974,0.17999986,0.92999923
Tajikistan,TJK,2023,4.5599966,21.919985,5.8699956,0.38999972,0.17999989,0.9099994
Tanzania,TZA,1961,0.7025371,6.607921,1.914159,0.30545092,0.48872146,6.6384664
Tanzania,TZA,1962,0.6825369,6.356761,1.8846167,0.28523928,0.47879452,6.4484453
Tanzania,TZA,1963,0.631796,6.613477,1.8851978,0.29551747,0.4585616,6.8988047
Tanzania,TZA,1964,0.6419555,6.5418324,1.6099837,0.29550332,0.5400578,8.814151
Tanzania,TZA,1965,0.6722138,6.4980664,1.5888689,0.2851816,0.5194379,8.79989
Tanzania,TZA,1966,0.70228255,6.798909,1.6691933,0.28498423,0.5089004,8.386678
Tanzania,TZA,1967,0.7422595,7.1073885,1.62687,0.27453434,0.56940454,10.422136
Tanzania,TZA,1968,0.7508588,7.0012507,1.5828913,0.273962,0.5580707,11.942714
Tanzania,TZA,1969,0.8395053,6.9284477,1.5272928,0.27309212,0.53606963,10.893341
Tanzania,TZA,1970,0.84699297,7.1792736,1.492321,0.27224776,0.51424575,12.331814
Tanzania,TZA,1971,0.90473765,7.4389544,1.4475803,0.26136866,0.502632,12.535644
Tanzania,TZA,1972,0.9516855,6.4614434,1.4726081,0.27047905,0.4808516,10.708965
Tanzania,TZA,1973,0.94828486,6.657958,1.3375808,0.24954866,0.46915147,10.980141
Tanzania,TZA,1974,0.9546556,6.384259,1.3225958,0.24860823,0.46738347,11.366368
Tanzania,TZA,1975,0.98016256,6.8710384,1.2969828,0.23761515,0.45542908,13.306449
Tanzania,TZA,1976,0.98540795,6.828877,1.4386957,0.2364979,0.46314174,14.061771
Tanzania,TZA,1977,0.98064095,7.4332585,1.4219295,0.23535383,0.45109487,15.660836
Tanzania,TZA,1978,0.9863706,7.3245344,1.3965446,0.2343851,0.43947205,11.816916
Tanzania,TZA,1979,0.99366367,7.0628057,1.3833357,0.23380321,0.42863923,9.722317
Tanzania,TZA,1980,0.8666821,6.427081,1.3341062,0.23371203,0.43821007,11.919313
Tanzania,TZA,1981,0.9063695,6.5882344,1.3449353,0.2339018,0.4580577,11.704836
Tanzania,TZA,1982,0.8974235,6.8574862,1.3266261,0.11705524,0.46822095,11.18853
Tanzania,TZA,1983,0.8571701,6.9060636,1.2760144,0.24351422,0.4772879,11.308801
Tanzania,TZA,1984,0.81704885,7.090817,1.2255733,0.36961734,0.48633862,12.712892
Tanzania,TZA,1985,0.80596143,7.224522,1.3011909,0.35928404,0.48551896,13.351771
Tanzania,TZA,1986,0.8136013,7.322412,1.2688305,0.3486863,0.49397224,13.308193
Tanzania,TZA,1987,0.85025054,7.140172,1.2367281,0.3478298,0.4830969,14.21271
Tanzania,TZA,1988,0.86959904,7.5172014,1.2077765,0.34783965,0.4734484,15.826703
Tanzania,TZA,1989,0.9510008,7.61771,1.2033072,0.33964312,0.4755004,14.789033
Tanzania,TZA,1990,0.9662944,7.320412,1.2005476,0.34161922,0.46850637,15.792569
Tanzania,TZA,1991,1.0916202,7.4741564,1.1997988,0.34420457,0.46221757,12.155338
Tanzania,TZA,1992,1.1010417,7.4692287,1.2002347,0.337256,0.45628753,11.7841215
Tanzania,TZA,1993,1.2422488,7.4137406,1.2024969,0.3279537,0.44720954,11.219991
Tanzania,TZA,1994,1.0563587,7.236551,1.1847014,0.31592035,0.4343905,9.141946
Tanzania,TZA,1995,1.1629313,8.101098,1.2319188,0.32522658,0.4336354,10.949294
Tanzania,TZA,1996,1.054322,6.2762003,1.2035186,0.33817878,0.41775027,9.45906
Tanzania,TZA,1997,1.150288,6.11153,1.1902981,0.35008764,0.41010267,10.152541
Tanzania,TZA,1998,1.2084153,6.101998,1.1684676,0.36951542,0.39947614,8.918304
Tanzania,TZA,1999,1.2356309,7.8024106,1.185807,0.3886258,0.3985906,8.1312475
Tanzania,TZA,2000,1.251205,6.722744,1.1519029,0.38727772,0.38727772,7.4972997
Tanzania,TZA,2001,1.4474193,5.145278,1.1599181,0.37672555,0.39655322,7.8120985
Tanzania,TZA,2002,1.5662082,5.04557,1.130049,0.3667703,0.41633382,7.573311
Tanzania,TZA,2003,1.6948521,4.9259734,1.1398128,0.36672238,0.42619088,7.582233
Tanzania,TZA,2004,1.6945347,4.835865,1.1197802,0.3963824,0.42611107,6.837596
Tanzania,TZA,2005,1.8033671,5.2218375,1.1097643,0.35671,0.43597886,7.352189
Tanzania,TZA,2006,1.7644109,5.164371,0.99124205,0.3469347,0.46588376,6.482723
Tanzania,TZA,2007,1.8954564,4.3664966,1.0420048,0.32748726,0.46642122,7.958933
Tanzania,TZA,2008,1.8505307,5.1635776,1.0347053,0.34821814,0.40791267,5.064087
Tanzania,TZA,2009,1.8202513,5.1607122,1.0201408,0.36004972,0.43005937,6.100842
Tanzania,TZA,2010,1.7099999,5.4399996,1.0699999,0.35999998,0.40999997,6.3999996
Tanzania,TZA,2011,1.76,5.71,1.17,0.33,0.43,6.17
Tanzania,TZA,2012,1.82,5.82,1.21,0.3,0.44,6.7
Tanzania,TZA,2013,1.9199997,6.0499997,1.1999999,0.30999997,0.45999995,7.169999
Tanzania,TZA,2014,2.0700002,6.310001,1.3100001,0.34000003,0.48000005,6.2900004
Tanzania,TZA,2015,2.1500003,6.5300007,1.3500001,0.34000003,0.5,7.2500005
Tanzania,TZA,2016,2.03,6.64,1.21,0.3,0.5,6.91
Tanzania,TZA,2017,1.22,6.9700003,1.14,0.29,0.45000002,6.9100003
Tanzania,TZA,2018,1.4200001,7.130001,1.1700001,0.28000003,0.45000005,6.550001
Tanzania,TZA,2019,0.81,7.75,1.18,0.26,0.4,7.2
Tanzania,TZA,2020,1.44,7.9799995,1.57,0.63,0.41999996,6.9899993
Tanzania,TZA,2021,1.53,8.08,1.54,0.66,0.41,6.78
Tanzania,TZA,2022,1.58,8.16,1.48,0.7,0.39,6.58
Tanzania,TZA,2023,1.62,7.9200006,1.53,0.72,0.39,6.4
Thailand,THA,1961,3.3140194,7.107297,0.010196983,4.670218,0,8.92236
Thailand,THA,1962,3.3669653,7.233874,0.010202925,4.632128,0,10.304955
Thailand,THA,1963,3.6338496,7.1758323,0.010207443,4.4300303,0,11.677314
Thailand,THA,1964,3.8905127,7.1070786,0.01021132,5.1260824,0,12.682459
Thailand,THA,1965,4.1366787,7.057889,0.010214021,4.8210177,0,14.29963
Thailand,THA,1966,4.454838,6.988782,0.010217517,5.118976,0,15.816716
Thailand,THA,1967,4.753619,6.9617515,0.010222836,5.142087,0,20.374113
Thailand,THA,1968,5.094742,6.864602,0.010230405,5.442576,0,23.120716
Thailand,THA,1969,5.438631,6.8315763,0.010242243,5.57178,0,22.174456
Thailand,THA,1970,5.867093,6.697923,0.010257156,5.8465786,0,24.606916
Thailand,THA,1971,5.5699053,6.463968,0.010276578,4.4600353,0,25.342041
Thailand,THA,1972,5.6114955,6.198386,0.010296322,4.6127524,0,23.887468
Thailand,THA,1973,7.104798,6.3211045,0.010311753,5.372423,0,21.603123
Thailand,THA,1974,6.46449,6.5884094,0.01032666,4.7605906,0,19.868494
Thailand,THA,1975,7.0106926,6.731506,0.010340254,4.270525,0,20.856293
Thailand,THA,1976,6.5751467,6.8650746,0.010354562,4.058988,0,22.324434
Thailand,THA,1977,7.1622505,6.7787437,0.010365051,4.208211,0,22.97932
Thailand,THA,1978,7.9646564,6.8549976,0.010370647,7.259453,0,21.602057
Thailand,THA,1979,7.87507,6.619624,0.010375586,5.6858215,0,19.516478
Thailand,THA,1980,7.1701984,6.0287776,0.010376553,5.852376,0,17.723154
Thailand,THA,1981,7.7704816,6.618915,0.010374474,5.8615785,0,20.043486
Thailand,THA,1982,7.807837,6.7916775,0.010368973,5.8895764,0,20.706839
Thailand,THA,1983,8.681412,6.723432,0.01035968,4.516821,0,23.392159
Thailand,THA,1984,7.9505086,6.5322537,0.010352224,5.6005535,0,20.74586
Thailand,THA,1985,8.363085,6.3965173,0.010350352,7.5040054,0,21.228573
Thailand,THA,1986,8.388873,6.317546,0.010356632,5.3958054,0,21.728214
Thailand,THA,1987,8.512532,6.1174107,0.020736985,6.252201,0,21.130987
Thailand,THA,1988,8.94342,5.9242377,0.020750394,6.2873697,0,20.50139
Thailand,THA,1989,9.300497,5.878909,0.020736892,6.210699,0,20.89242
Thailand,THA,1990,9.375657,5.768045,0.020673996,9.179255,0,20.684334
Thailand,THA,1991,12.333567,5.7145524,0.020555943,9.219341,0,23.485167
Thailand,THA,1992,14.759808,6.844389,0.030600844,8.7110405,0,27.408157
Thailand,THA,1993,15.041421,6.999774,0.02023056,8.709256,0,28.231747
Thailand,THA,1994,13.804316,6.4252815,0.020079004,9.627883,0,29.606493
Thailand,THA,1995,13.643578,6.0482864,0.019961342,9.212159,0,31.37923
Thailand,THA,1996,14.234429,5.3876123,0.009940243,8.667892,0,31.72926
Thailand,THA,1997,13.831097,4.669854,0.009914764,8.794396,0,29.317959
Thailand,THA,1998,14.730135,4.088404,0.019798568,8.4143915,0,30.153217
Thailand,THA,1999,13.660141,3.649958,0.01978297,8.101126,0,30.861433
Thailand,THA,2000,12.348319,3.1563413,0.019788973,10.854253,0,30.999428
Thailand,THA,2001,12.009153,2.2888732,0.019817084,10.760677,0,30.32014
Thailand,THA,2002,11.843043,2.1740372,0.019854221,11.942314,0,31.468943
Thailand,THA,2003,12.138443,2.1572826,0.019882789,13.122641,0,30.639378
Thailand,THA,2004,10.86904,2.287172,0.029832678,13.1761,0,32.925335
Thailand,THA,2005,11.9464655,2.2939596,0.029791683,13.356605,0,33.674534
Thailand,THA,2006,12.341927,2.4050426,0.029691884,13.876008,0,32.51261
Thailand,THA,2007,12.180975,2.688283,0.03938876,15.341923,0,28.586395
Thailand,THA,2008,11.588765,2.9363425,0.039151233,13.154815,0,25.047003
Thailand,THA,2009,11.57786,2.9674346,0.029187882,11.684882,0,26.19126
Thailand,THA,2010,11.700002,2.4400005,0.040000007,13.030002,0,24.190004
Thailand,THA,2011,11.66,2.07,0.04,12.99,0,26.21
Thailand,THA,2012,12.990002,1.8900002,0.040000007,13.100002,0.020000003,25.620005
Thailand,THA,2013,13.809999,1.8799999,0.04,13.079999,0.029999997,26.489998
Thailand,THA,2014,16.720001,1.6400001,0.050000004,13.040001,0.010000001,23.180002
Thailand,THA,2015,13.830002,1.7400002,0.05000001,13.050002,0.020000003,23.400003
Thailand,THA,2016,13.130002,1.5700003,0.05000001,13.150002,0.020000001,27.620005
Thailand,THA,2017,12.640001,1.7100002,0.050000004,13.210001,0,27.060001
Thailand,THA,2018,11.859999,1.33,0.049999997,13.259999,0,29.679998
Thailand,THA,2019,12.270002,1.5500002,0.040000003,12.120002,0,28.690004
Thailand,THA,2020,11.539999,1.1499999,0.039999995,12.799999,0,28.639996
Thailand,THA,2021,11.679998,1.3599998,0.039999995,12.979998,0.05999999,28.609997
Thailand,THA,2022,10.720001,1.6200001,0.040000003,13.320001,0.09000001,28.610003
Thailand,THA,2023,10.229999,1.4499999,0.039999995,12.669999,0.089999996,28.619999
Togo,TGO,1961,0.56310135,1.7456142,1.0698925,1.4734486,2.9375122,3.0501323
Togo,TGO,1962,0.53985214,1.684711,1.1448588,1.545094,2.8854165,3.2018816
Togo,TGO,1963,0.637984,1.7105367,1.1927526,1.6088291,2.8293202,5.751102
Togo,TGO,1964,0.71120095,2.2259667,1.2746199,1.7549114,2.2259667,6.7795005
Togo,TGO,1965,0.7448299,2.1786273,1.3779353,1.7410398,2.1786273,7.7369204
Togo,TGO,1966,0.8616753,2.1683915,1.4487507,1.6949437,2.1305158,9.137545
Togo,TGO,1967,0.88251686,2.220839,1.4450002,1.6001679,2.0947654,11.1138935
Togo,TGO,1968,0.8865726,1.912606,1.4145316,1.7631837,2.0520668,9.005187
Togo,TGO,1969,0.8464988,1.9917618,1.2647687,1.5934095,1.9618855,11.691642
Togo,TGO,1970,0.86629325,2.1263561,1.2403744,1.2895956,1.8605616,9.686733
Togo,TGO,1971,0.8961325,1.7233317,1.0438466,1.3097322,1.8021126,9.266601
Togo,TGO,1972,1.0039858,1.8111117,1.2992758,1.3484907,1.7520536,8.779954
Togo,TGO,1973,0.9233567,2.0431724,1.2475139,1.4832646,1.7091923,10.127456
Togo,TGO,1974,1.0195442,1.9116455,1.3038403,1.4410865,1.6665627,10.509149
Togo,TGO,1975,1.0466387,2.015024,1.3889971,1.4672505,1.6237571,11.278265
Togo,TGO,1976,0.9373711,1.7478064,1.3669995,1.5134637,1.5818137,10.369667
Togo,TGO,1977,1.5207679,1.6474986,1.2478095,1.3940372,1.5500135,8.871146
Togo,TGO,1978,1.3919036,1.6157763,1.3043014,1.4113709,1.5087067,11.92365
Togo,TGO,1979,1.3826705,1.5482016,1.1392425,1.3242478,1.4703046,7.779956
Togo,TGO,1980,1.6961112,1.5498947,0.8870467,1.0917497,1.4329215,10.176666
Togo,TGO,1981,2.2168345,1.8164371,0.84962386,1.2207239,1.3867424,11.357615
Togo,TGO,1982,2.7952652,2.5196757,1.0826732,1.1712556,1.3484201,10.620039
Togo,TGO,1983,2.364467,2.2647004,0.9477821,1.1373385,1.3169184,9.916794
Togo,TGO,1984,2.1130524,3.7307003,1.051471,1.0919123,1.2840079,9.655335
Togo,TGO,1985,1.629278,3.5029476,1.1303116,1.4052522,1.2525074,11.628971
Togo,TGO,1986,2.8268557,3.9392283,1.4185305,1.0205255,1.2144254,10.092998
Togo,TGO,1987,3.2607796,3.2710013,1.5026163,1.0426316,1.2470692,12.56269
Togo,TGO,1988,4.0589523,2.66848,1.8096588,1.5642813,1.1757671,14.0580845
Togo,TGO,1989,3.5757744,2.3293617,1.7061552,1.6959387,1.1851138,13.557294
Togo,TGO,1990,2.0296373,1.4788816,2.070434,1.4074873,1.1321093,13.707702
Togo,TGO,1991,1.973172,1.2205187,1.7290683,1.6375293,1.0882959,12.042452
Togo,TGO,1992,2.3509243,1.205862,1.2565285,1.651727,1.0234627,10.3764925
Togo,TGO,1993,2.351784,1.2493854,1.154894,1.6273506,1.144395,10.205063
Togo,TGO,1994,2.4737852,1.5206817,1.0494846,1.606354,1.231538,13.953861
Togo,TGO,1995,2.4492197,1.3861542,0.80251026,1.1777099,1.2506654,12.308632
Togo,TGO,1996,2.7737036,1.5659655,1.1258576,1.0030367,1.2589135,16.928804
Togo,TGO,1997,3.0237737,1.491593,1.2683614,1.1060112,1.298802,14.479614
Togo,TGO,1998,2.8832815,1.3604217,1.3299644,1.2081357,1.2182881,10.883373
Togo,TGO,1999,2.6216066,1.4428998,1.4022548,1.2498358,1.1583843,11.644812
Togo,TGO,2000,4.078133,1.4034473,1.4848065,1.2814083,1.200049,10.2207575
Togo,TGO,2001,4.0818453,1.669383,1.4963373,1.353829,0.9364832,8.65229
Togo,TGO,2002,4.2707405,1.7021806,1.4371705,1.355629,0.9886918,7.06354
Togo,TGO,2003,4.5915756,1.5713392,1.4080832,1.3978797,0.98973966,8.540331
Togo,TGO,2004,4.0883718,1.5331395,1.4820348,1.4309301,1.0016512,7.0013366
Togo,TGO,2005,3.9811563,1.5760875,1.7603056,1.4737443,1.0029649,9.006215
Togo,TGO,2006,4.144807,1.9601055,1.7865546,1.5109148,0.6635774,7.4626937
Togo,TGO,2007,4.2936974,1.6748465,1.7459008,1.5124372,0.8120468,6.800892
Togo,TGO,2008,5.6278086,1.5632801,1.694394,1.5733658,0.87745404,5.6076374
Togo,TGO,2009,5.7321806,1.6034073,1.7236629,1.6034073,1.0121508,6.8746085
Togo,TGO,2010,6.545056,1.5687356,1.7037923,1.8804048,0.924619,11.58371
Togo,TGO,2011,6.654636,1.5468655,1.6714453,1.9413681,0.86167675,13.018586
Togo,TGO,2012,6.9019485,1.6239878,1.394964,2.102856,0.7703532,12.200729
Togo,TGO,2013,6.919293,1.2751567,1.4737467,2.2785587,0.7943599,11.633192
Togo,TGO,2014,6.7340574,1.6493714,1.7334157,2.2481878,0.840444,10.862739
Togo,TGO,2015,7.725279,1.4266932,1.6697594,2.4306624,0.8454478,13.336939
Togo,TGO,2016,7.7348866,1.0958643,1.4682454,2.5641098,0.8511568,12.533282
Togo,TGO,2017,7.6336756,0.825552,1.5010036,2.712528,0.84699494,13.219554
Togo,TGO,2018,8.0378275,0.7983883,1.5428313,2.6756797,0.84154433,9.46198
Togo,TGO,2019,8.719166,0.8870614,1.6226734,2.488099,0.8654258,10.147118
Togo,TGO,2020,5.160039,0.7371484,1.8103497,1.8753923,0.8130313,9.929822
Togo,TGO,2021,5.1523557,0.9041131,1.3071516,2.1785858,0.80607677,9.738278
Togo,TGO,2022,5.9988465,1.0089468,1.3708516,2.5114002,0.80057734,9.584994
Tonga,TON,2019,109.52134,15.997274,11.658013,27.175371,0.009998296,28.285183
Tonga,TON,2020,88.15248,15.376945,15.24697,22.505527,0.20995827,28.274382
Tonga,TON,2021,121.033936,17.197718,16.007875,25.986551,1.9697386,28.336239
Tonga,TON,2022,92.39857,14.018266,18.377726,26.626703,0.1599802,28.456478
Tonga,TON,2023,87.919075,14.408209,20.76742,32.895912,0.9398832,28.576448
Trinidad and Tobago,TTO,1961,10.672801,6.4237237,1.0322052,7.085137,1.002141,13.418668
Trinidad and Tobago,TTO,1962,11.307366,5.8586354,0.94977874,7.2783046,1.0997438,15.096483
Trinidad and Tobago,TTO,1963,11.690098,6.532116,1.0853668,7.298843,1.0455368,14.368664
Trinidad and Tobago,TTO,1964,12.492048,7.5961146,1.1671113,7.9620733,1.137439,14.668018
Trinidad and Tobago,TTO,1965,11.925126,6.993978,0.94300824,7.347606,0.9626543,14.312115
Trinidad and Tobago,TTO,1966,12.508019,6.9564886,0.9463947,7.2979712,1.0342044,14.303243
Trinidad and Tobago,TTO,1967,13.186677,6.118928,0.8229571,6.7676115,1.0262758,13.05113
Trinidad and Tobago,TTO,1968,14.094619,5.41879,0.7494071,6.696625,0.90313166,11.942475
Trinidad and Tobago,TTO,1969,13.457209,5.939536,1.0042692,4.8204927,0.8321089,12.510326
Trinidad and Tobago,TTO,1970,15.704966,6.5262437,1.0304595,4.6561503,0.98275304,11.869367
Trinidad and Tobago,TTO,1971,14.856032,5.5400224,0.88678503,5.492346,1.0870267,11.327963
Trinidad and Tobago,TTO,1972,14.302132,6.549575,1.0120333,5.3370442,0.8592736,11.791144
Trinidad and Tobago,TTO,1973,14.26883,5.9102793,0.73639405,6.6658006,0.83202964,9.0853815
Trinidad and Tobago,TTO,1974,15.125975,7.768945,1.0250027,4.3203387,0.8142545,9.742315
Trinidad and Tobago,TTO,1975,20.662071,9.664052,1.0076717,3.8099592,0.6429906,10.230268
Trinidad and Tobago,TTO,1976,18.541462,11.074843,1.2027414,3.5793583,1.828167,11.488585
Trinidad and Tobago,TTO,1977,22.398014,9.373448,1.2716292,3.6607506,1.8014747,9.537218
Trinidad and Tobago,TTO,1978,23.463074,12.66659,1.6387521,4.2511153,1.7640684,13.813716
Trinidad and Tobago,TTO,1979,20.807653,10.374874,1.2546359,3.561236,2.113579,10.924983
Trinidad and Tobago,TTO,1980,20.50546,10.8234005,1.6733229,4.5363493,4.8168488,12.15819
Trinidad and Tobago,TTO,1981,20.37626,10.523363,1.6518668,5.6163473,2.079409,14.925101
Trinidad and Tobago,TTO,1982,26.884111,12.782891,2.372989,6.1131325,1.8358927,13.915676
Trinidad and Tobago,TTO,1983,25.900259,12.768563,2.4928632,6.5756626,1.7469671,16.085836
Trinidad and Tobago,TTO,1984,24.066395,13.1172695,2.97627,5.735726,1.8921981,16.034409
Trinidad and Tobago,TTO,1985,23.511324,13.077188,2.4359467,4.9507904,1.6568382,15.878034
Trinidad and Tobago,TTO,1986,20.65622,12.084725,1.9780374,4.251304,1.3186916,15.105907
Trinidad and Tobago,TTO,1987,20.339306,7.8824625,1.9338048,4.162097,0.73622006,14.645871
Trinidad and Tobago,TTO,1988,18.093548,5.779748,1.3910578,3.8205113,0.7445099,12.304006
Trinidad and Tobago,TTO,1989,20.093088,5.22127,1.231985,3.5492904,0.6648808,14.285159
Trinidad and Tobago,TTO,1990,20.503044,5.0159755,1.2686319,3.5521696,0.19517416,11.876348
Trinidad and Tobago,TTO,1991,21.507414,6.353799,1.8613123,3.3425663,0.08770582,12.834285
Trinidad and Tobago,TTO,1992,20.242474,5.0095506,1.4980015,3.375367,0.04863641,11.925649
Trinidad and Tobago,TTO,1993,24.200445,5.294758,1.8944547,2.749388,0.058290914,6.761746
Trinidad and Tobago,TTO,1994,21.30627,4.7832384,1.1545749,2.81367,0.00970231,11.206168
Trinidad and Tobago,TTO,1995,24.53475,4.205404,1.2499932,2.8972712,0.01937974,10.184053
Trinidad and Tobago,TTO,1996,24.484322,4.0323706,0.88963574,3.2104244,0.019339906,8.084081
Trinidad and Tobago,TTO,1997,22.046097,3.5343282,1.1394827,3.2349725,0,9.415218
Trinidad and Tobago,TTO,1998,22.296297,4.9643726,1.243503,3.6341136,0.038558234,11.422877
Trinidad and Tobago,TTO,1999,23.900766,4.8686743,1.2989547,4.050814,0.009621887,11.652104
Trinidad and Tobago,TTO,2000,27.27613,5.8030233,1.5276171,3.5164018,0.009607654,12.672496
Trinidad and Tobago,TTO,2001,31.531965,4.1933866,1.861595,4.567625,0.0095958505,16.14022
Trinidad and Tobago,TTO,2002,37.850193,4.327107,1.3528205,5.248176,0,20.98311
Trinidad and Tobago,TTO,2003,38.576073,4.977867,1.7168366,5.630073,0.009591266,17.225912
Trinidad and Tobago,TTO,2004,40.405205,5.4461694,2.8860862,5.9639387,0.7383011,19.550596
Trinidad and Tobago,TTO,2005,40.12715,5.774933,1.7459099,5.1322074,0.019185822,23.310774
Trinidad and Tobago,TTO,2006,37.28595,3.8743627,2.0810316,7.019885,0.038360026,18.374453
Trinidad and Tobago,TTO,2007,40.881702,5.4975863,2.3122485,9.364126,0.07675513,18.910545
Trinidad and Tobago,TTO,2008,42.297222,6.6658893,2.3978019,6.5891595,0.076729655,19.009773
Trinidad and Tobago,TTO,2009,44.897667,6.3892837,2.5998437,7.5500994,0.019187037,19.00476
Trinidad and Tobago,TTO,2010,58.289707,6.379968,2.2299888,8.209959,0.029999848,19.159903
Trinidad and Tobago,TTO,2011,60.319565,5.149963,2.659981,7.1399484,0.049999643,21.879843
Trinidad and Tobago,TTO,2012,60.98983,6.4099817,2.5299928,7.6699786,0.009999972,22.329937
Trinidad and Tobago,TTO,2013,63.66964,6.639962,2.5899854,8.119954,0.24999858,24.55986
Trinidad and Tobago,TTO,2014,64.799774,5.5499806,2.7899902,8.75997,0.13999951,22.45992
Trinidad and Tobago,TTO,2015,52.249996,7.6499996,2.43,9.34,0.21999998,20.08
Trinidad and Tobago,TTO,2016,58.059963,6.6799955,1.9799987,7.3599954,0.019999987,20.469986
Trinidad and Tobago,TTO,2017,58.099796,2.7599905,2.4799914,8.0899725,0.05999979,19.269934
Trinidad and Tobago,TTO,2018,57.449924,6.469991,1.2899982,8.359988,0.039999947,18.759975
Trinidad and Tobago,TTO,2019,55.689697,6.729964,1.7199907,7.5399594,0.059999675,18.8699
Trinidad and Tobago,TTO,2020,45.21982,7.699969,1.3099947,7.2999706,0.1999992,19.71992
Trinidad and Tobago,TTO,2021,43.230145,6.700022,1.1800039,7.810026,0.16000053,18.14006
Trinidad and Tobago,TTO,2022,48.289906,6.7899866,1.6499968,7.3299856,0.22999954,18.039965
Trinidad and Tobago,TTO,2023,49.479736,7.169962,2.2999878,6.559965,0.23999873,17.959904
Tunisia,TUN,1961,1.8315791,3.6910503,5.8108473,0,0.77168053,3.8212132
Tunisia,TUN,1962,1.837021,3.523312,5.3980155,0,0.7630702,3.5892563
Tunisia,TUN,1963,1.8405734,3.299681,5.5980134,0,0.8010786,4.6538854
Tunisia,TUN,1964,1.8709208,3.288577,5.8827915,0,0.8197333,3.6068265
Tunisia,TUN,1965,1.8777916,3.473428,6.051743,0,0.9048426,4.621508
Tunisia,TUN,1966,1.846818,3.9867816,6.2635465,0,0.7621788,4.944391
Tunisia,TUN,1967,2.1901395,3.9207413,5.5926776,0,0.6550864,5.3286877
Tunisia,TUN,1968,2.3332322,3.8561785,4.461452,0,0.54669875,5.427937
Tunisia,TUN,1969,2.4731622,3.661059,4.985272,0,0.5647378,5.257904
Tunisia,TUN,1970,2.5733652,3.5832896,3.8260598,0,0.5438054,3.7775059
Tunisia,TUN,1971,2.758103,3.7645688,4.3548994,0,0.6193635,4.6742587
Tunisia,TUN,1972,3.1135478,4.0196576,4.7136993,0,0.6651232,4.723339
Tunisia,TUN,1973,3.571365,4.2721972,5.5010543,0,0.66243064,5.040233
Tunisia,TUN,1974,3.4794817,4.970688,5.018483,0,0.58309996,7.1119075
Tunisia,TUN,1975,3.4284446,5.752168,5.8188324,0,0.4666494,7.314015
Tunisia,TUN,1976,3.9986973,6.059784,6.297236,0,0.63637227,7.4939957
Tunisia,TUN,1977,4.8279505,6.1843295,5.472942,0,0.54065454,8.337462
Tunisia,TUN,1978,5.552935,5.4485207,4.556255,0,0.49359423,7.9829373
Tunisia,TUN,1979,5.959026,3.674415,3.6934536,0,0.6282679,8.31979
Tunisia,TUN,1980,5.99653,4.506946,4.210939,0,0.5060765,8.5173645
Tunisia,TUN,1981,5.988015,5.3365192,4.0335274,0,0.5365262,7.7413063
Tunisia,TUN,1982,7.244819,5.4841256,4.2718453,0,0.52917004,8.659146
Tunisia,TUN,1983,5.349061,6.1035395,5.3587337,0,0.53200424,8.72487
Tunisia,TUN,1984,5.742852,6.809936,5.4421287,0,0.53354204,9.438843
Tunisia,TUN,1985,5.7338085,6.6845927,5.966654,0,0.55300695,10.904908
Tunisia,TUN,1986,6.04696,6.706981,5.5616503,0,0.5726655,10.337098
Tunisia,TUN,1987,5.6825423,6.731627,5.750539,0,0.6993899,10.723978
Tunisia,TUN,1988,6.0025306,6.6640735,6.1971016,0,0.6810002,10.84736
Tunisia,TUN,1989,6.6203556,6.464353,5.577089,0,1.0237663,9.564903
Tunisia,TUN,1990,6.24453,6.361799,5.5409217,0,0.9674625,8.843975
Tunisia,TUN,1991,6.203663,6.370007,5.440436,0,1.0176355,8.571622
Tunisia,TUN,1992,7.517679,6.5486035,5.4522758,0,1.0180191,8.6825285
Tunisia,TUN,1993,7.80272,6.667067,5.707636,0,1.0769125,7.8320904
Tunisia,TUN,1994,7.7580185,6.278901,5.7499456,0,1.12648,8.776749
Tunisia,TUN,1995,7.7364736,6.1283855,5.8538337,0,1.1472337,9.481838
Tunisia,TUN,1996,7.886514,5.9050765,5.924695,0,1.1182371,8.79876
Tunisia,TUN,1997,9.020055,6.186581,5.804209,0,1.0784849,8.833772
Tunisia,TUN,1998,10.031083,6.0539155,6.1518755,0,1.1265377,8.806586
Tunisia,TUN,1999,10.903533,6.2347846,6.4207516,0,1.1745278,9.807307
Tunisia,TUN,2000,11.925426,6.564365,6.3980546,0,1.2228698,10.047098
Tunisia,TUN,2001,12.292765,6.112154,6.53267,0,1.1930926,10.855186
Tunisia,TUN,2002,12.173418,6.4631567,6.7271585,0,1.2515643,10.325406
Tunisia,TUN,2003,11.77146,5.846622,5.9737225,0,1.1243503,10.950194
Tunisia,TUN,2004,12.269653,6.1446114,6.0565515,0,1.066501,12.592539
Tunisia,TUN,2005,11.613734,5.8803716,6.2625957,0,0.9212583,12.789809
Tunisia,TUN,2006,10.281365,5.950819,6.431991,0,0.9721635,13.158576
Tunisia,TUN,2007,13.135585,5.3919854,6.523515,0,0.9150632,11.905662
Tunisia,TUN,2008,13.453669,5.568735,5.8348513,0,0.8969113,12.527189
Tunisia,TUN,2009,13.49072,5.2798357,5.566032,0,0.84872127,12.938064
Tunisia,TUN,2010,14.9699955,5.629998,5.649998,0,0.8699997,12.229996
Tunisia,TUN,2011,13.529999,5.2499995,5.5799994,0,0.84999996,12.279999
Tunisia,TUN,2012,17.300001,5.4500003,5.2100005,0,0.86000013,13.840002
Tunisia,TUN,2013,18.149992,5.4899974,5.279998,0,0.87999964,13.329994
Tunisia,TUN,2014,16.629992,5.6299977,5.4299974,0,0.88999957,13.869994
Tunisia,TUN,2015,16.619986,5.469995,5.429995,0,0.84999925,12.499989
Tunisia,TUN,2016,16.609991,5.399997,5.419997,0,0.82999957,12.709993
Tunisia,TUN,2017,16.709993,5.499998,5.459998,0,0.8199997,12.379996
Tunisia,TUN,2018,17.049992,5.2399974,5.4499974,0,0.79999965,13.469995
Tunisia,TUN,2019,17.069994,4.2299986,5.479998,0.009999996,0.7999998,16.759995
Tunisia,TUN,2020,17.580002,4.2800007,5.510001,0.010000001,0.79000014,15.260002
Tunisia,TUN,2021,19.559992,4.159998,5.8999977,0.009999996,0.7799997,16.079994
Tunisia,TUN,2022,20.119987,4.3799973,5.8399963,0.009999993,0.77999943,15.989989
Tunisia,TUN,2023,20.189993,4.3199987,5.609998,0.009999996,0.7899997,15.879994
Turkey,TUR,1961,2.2393785,3.7419918,10.169299,0.009694279,0.24235699,2.316933
Turkey,TUR,1962,2.1936545,3.9910986,9.46074,0.009663677,0.24159193,1.7008071
Turkey,TUR,1963,2.1576338,3.7951238,9.343325,0.009632293,0.22154276,3.968505
Turkey,TUR,1964,2.1416235,3.4765368,8.912227,0.009603693,0.21128124,3.4957445
Turkey,TUR,1965,2.2043447,3.54612,8.865299,0.009584107,0.21085036,3.5940404
Turkey,TUR,1966,2.1892495,3.690176,9.01512,0.019120084,0.20076087,3.0974536
Turkey,TUR,1967,2.2775261,3.401995,8.519281,0.019058796,0.20011735,4.9552865
Turkey,TUR,1968,2.4525073,3.49815,8.2986,0.019011684,0.19011685,3.450621
Turkey,TUR,1969,2.6482089,3.8346822,8.846346,0.009491787,0.18034397,4.4801235
Turkey,TUR,1970,2.8471723,3.6633615,8.807253,0.009490574,0.17083034,4.5459847
Turkey,TUR,1971,3.00857,3.2648203,8.845385,0.009490756,0.1518521,4.128479
Turkey,TUR,1972,3.3314216,2.7809303,8.599054,0.009491229,0.08542107,4.346983
Turkey,TUR,1973,3.4868681,2.9263089,8.503397,0.009501003,0.009501003,3.4298618
Turkey,TUR,1974,3.8834352,3.48367,8.604474,0.009518224,0.05710934,2.684139
Turkey,TUR,1975,4.42897,3.6367188,9.459287,0.009545193,0.047725968,2.519931
Turkey,TUR,1976,4.632193,3.0913188,9.101686,0.009570646,0.038282584,3.167884
Turkey,TUR,1977,4.325133,3.2894025,9.225671,0.009590094,0.057540566,3.346943
Turkey,TUR,1978,4.738844,2.633759,9.333504,0,0.038449038,4.633109
Turkey,TUR,1979,4.810802,3.5864098,6.3437033,0,0.057845317,5.678482
Turkey,TUR,1980,5.501688,3.103764,6.304219,0.009669047,0.048345238,7.135757
Turkey,TUR,1981,6.111741,3.259595,7.0042486,0,0.009701176,7.547515
Turkey,TUR,1982,6.1431623,3.3048658,6.5805707,0,0.009720193,8.252444
Turkey,TUR,1983,5.05248,3.2841122,6.7139688,0.009716308,0.06801416,7.4718413
Turkey,TUR,1984,5.651406,7.8556485,6.5253344,0.009710319,0.067972235,6.136922
Turkey,TUR,1985,5.5205903,7.305808,6.8206944,0.009702268,0.058213606,8.644721
Turkey,TUR,1986,5.9998245,9.498915,6.775246,0.0096927695,0.04846385,8.161312
Turkey,TUR,1987,6.535958,6.94264,6.8070793,0,0.0580974,7.3202724
Turkey,TUR,1988,7.019799,6.400974,6.67171,0,0.058014866,8.450832
Turkey,TUR,1989,7.0752454,7.084898,6.534708,0.009652449,0.057914697,5.9748664
Turkey,TUR,1990,7.4029627,6.814967,6.477592,0.009639274,0.057835646,6.014907
Turkey,TUR,1991,7.2720375,6.530386,6.376276,0.009631837,0.05779102,5.258983
Turkey,TUR,1992,7.594058,5.813449,6.2080703,0.009624915,0.048124578,7.391935
Turkey,TUR,1993,7.77652,5.661768,6.094331,0,0.048062544,7.7188444
Turkey,TUR,1994,7.946113,5.5565214,6.0555525,0,0.047983777,8.128452
Turkey,TUR,1995,8.21856,5.638872,6.0512385,0,0.047949594,9.724177
Turkey,TUR,1996,6.8893127,5.219758,5.891418,0,0.047975715,8.510892
Turkey,TUR,1997,7.5689564,6.1281652,5.984086,0,0.04802637,7.511325
Turkey,TUR,1998,7.80125,5.704243,5.8389134,0,0.03847719,7.964778
Turkey,TUR,1999,9.366678,5.492805,5.6758986,0,0.048182502,7.5068336
Turkey,TUR,2000,10.061344,5.474839,5.6969223,0,0.048279002,7.7825756
Turkey,TUR,2001,9.202051,5.0316153,5.2928724,0,0.038704734,7.566776
Turkey,TUR,2002,10.298972,4.8876476,4.955532,0,0.02909314,6.7108183
Turkey,TUR,2003,12.69539,4.286881,4.597947,0,0.029162455,6.64904
Turkey,TUR,2004,12.600755,5.3307133,4.638793,0,0.038981453,7.903489
Turkey,TUR,2005,13.08358,4.6412997,4.543588,0,0.03908463,7.338139
Turkey,TUR,2006,12.765968,4.859494,4.4969916,0,0.039189465,8.357154
Turkey,TUR,2007,14.577058,6.0803227,4.5676093,0,0.03929126,8.378861
Turkey,TUR,2008,14.276856,5.1620865,4.4639754,0,0.03933018,7.5808926
Turkey,TUR,2009,16.476944,4.473156,4.129067,0,0.029493334,7.392996
Turkey,TUR,2010,18.250002,9.670001,3.7000005,0,0.030000003,6.7600007
Turkey,TUR,2011,19.07,10.44,4.08,0,0.03,5.95
Turkey,TUR,2012,19.450003,10.750001,4.2200003,0,0.030000003,6.7200003
Turkey,TUR,2013,18.77,11.3,4.51,0,0.03,5.96
Turkey,TUR,2014,19.229998,11.649999,4.6999993,0,0.039999995,5.0399995
Turkey,TUR,2015,19.750002,12.090001,4.8600006,0,0.030000001,5.6000004
Turkey,TUR,2016,19.540003,12.160001,4.9100003,0,0.030000001,4.6900005
Turkey,TUR,2017,21.179998,12.619998,5.1999993,0,0.029999996,4.8299994
Turkey,TUR,2018,20.33,12.91,5.25,0,0.02,5.36
Turkey,TUR,2019,20.19,12.65,1.47,0.01,0.02,5.46
Turkey,TUR,2020,19.59,15.709999,5.05,0,0.02,5.86
Turkey,TUR,2021,19.61,16.94,5.5399995,0,0.02,5.3499994
Turkey,TUR,2022,20.74,18.2,6.9,0,0.02,5.33
Turkey,TUR,2023,21.64,19.71,8,0,0.02,5.32
Turkmenistan,TKM,1992,1.722189,20.311989,10.982645,1.6828247,0.75776315,8.551898
Turkmenistan,TKM,1993,1.583964,14.770464,12.077725,1.1780733,0.9899775,4.524197
Turkmenistan,TKM,1994,4.308267,12.288014,11.054237,0.96513146,0.72633606,4.0993214
Turkmenistan,TKM,1995,1.2990053,14.29905,12.770221,0.7694108,1.0092272,2.5880182
Turkmenistan,TKM,1996,0.6005885,13.493221,10.730515,0.3503433,0.7006866,2.1621187
Turkmenistan,TKM,1997,0.38993415,11.148118,13.227766,0.21996287,0.45992237,2.089647
Turkmenistan,TKM,1998,1.0762019,15.335876,13.193437,0.19929664,0.51817125,1.3153578
Turkmenistan,TKM,1999,1.4261603,14.152659,13.419772,0.31692448,0.42586732,1.6341419
Turkmenistan,TKM,2000,2.2688298,15.891631,14.66391,0.22590081,0.21607904,2.1509686
Turkmenistan,TKM,2001,1.6843336,16.989376,15.4997635,0.15577652,0.4283854,2.5995207
Turkmenistan,TKM,2002,3.3949244,18.729952,17.79442,0.11573605,0.21218278,2.5944166
Turkmenistan,TKM,2003,3.1535375,20.746454,18.816109,0.17201115,0.21023583,3.1057568
Turkmenistan,TKM,2004,3.0883298,19.64784,19.515213,0.16104788,0.15157446,3.097803
Turkmenistan,TKM,2005,2.9415035,19.97967,18.212887,0.17855771,0.12217107,3.2140388
Turkmenistan,TKM,2006,3.013435,18.957584,18.528427,0.121283755,0.14927232,3.1347187
Turkmenistan,TKM,2007,3.5758412,25.160583,24.438004,0.0741107,0.25012362,3.1033854
Turkmenistan,TKM,2008,4.6649404,24.318417,23.812357,0.11961385,0.18402132,3.1559656
Turkmenistan,TKM,2009,4.4752207,24.549782,24.138794,0.10959724,0.2557269,3.169187
Turkmenistan,TKM,2010,3.5500023,22.980015,19.790014,0.2900002,0.23000017,3.5200024
Turkmenistan,TKM,2011,3.310004,22.920029,20.320024,0.47000057,0.2500003,3.2000039
Turkmenistan,TKM,2012,3.420001,23.430008,22.290009,0.79000026,0.24000007,3.410001
Turkmenistan,TKM,2013,3.579995,22.27997,21.959969,0.95999867,0.23999967,3.2899954
Turkmenistan,TKM,2014,6.6299934,25.759974,21.33998,1.4299985,1.4999985,3.2799966
Turkmenistan,TKM,2015,4.6199975,24.409988,21.56999,1.1399994,1.4799993,3.2499983
Turkmenistan,TKM,2016,4.0099998,26.749996,18.919998,0.47999993,1.5799998,2.8099995
Turkmenistan,TKM,2017,4.3899965,27.299978,18.669987,0.30999976,1.3199991,2.599998
Turkmenistan,TKM,2018,7.5199966,25.429989,18.379992,0.34999985,1.3999994,2.419999
Turkmenistan,TKM,2019,5.2199974,23.979988,18.359993,0.10999995,1.7599992,2.339999
Turkmenistan,TKM,2020,5.5899963,24.309982,18.659986,0.089999944,1.9799986,2.2499983
Turkmenistan,TKM,2021,7.499998,23.249994,18.779995,0.079999976,2.2399993,2.4599993
Turkmenistan,TKM,2022,9.93999,22.41998,18.099983,0.06999993,1.9899981,2.4099977
Turkmenistan,TKM,2023,8.160003,23.460009,17.560007,0.08000003,1.9000007,2.3600008
Tuvalu,TUV,2019,57.25553,3.9913232,3.8316703,17.601734,0.45900217,49.981346
Tuvalu,TUV,2020,61.394222,9.119831,4.8592534,19.516836,0.1796028,51.725605
Tuvalu,TUV,2021,50.3115,5.716536,5.04811,18.646084,0.6484726,53.723465
Tuvalu,TUV,2022,47.71492,4.540002,4.969057,17.69104,1.4368358,54.8093
Tuvalu,TUV,2023,54.10633,6.5686283,3.8034155,19.975418,0.6189285,55.823357
USSR,OWID_USS,1961,3.7601743,13.005189,4.572372,16.875662,1.4439069,14.068065
USSR,OWID_USS,1962,3.7511463,14.743811,4.7541265,17.993467,1.2637552,15.546195
USSR,OWID_USS,1963,3.603096,15.857637,4.9379478,18.858545,1.1541951,16.660557
USSR,OWID_USS,1964,2.741825,15.788092,4.5797515,12.272931,1.0645913,18.198488
USSR,OWID_USS,1965,3.1055455,17.778997,4.3517838,17.899601,0.83417565,19.75891
USSR,OWID_USS,1966,3.2565475,18.654789,3.9701736,19.016628,0.7839836,20.021736
USSR,OWID_USS,1967,3.3751457,20.773218,4.319383,18.131363,0.7634258,21.406057
USSR,OWID_USS,1968,3.552922,22.552021,4.285587,17.021908,0.87317574,21.518263
USSR,OWID_USS,1969,3.7110593,22.787909,3.9918962,16.278511,1.0832281,23.359615
USSR,OWID_USS,1970,4.676121,22.266768,4.094115,16.677498,1.0536325,24.875763
USSR,OWID_USS,1971,5.201624,22.975512,3.9664896,18.888523,1.0342997,23.055847
USSR,OWID_USS,1972,5.2023864,23.119488,3.7059474,21.251448,1.2152294,26.393578
USSR,OWID_USS,1973,5.374986,23.449005,3.7876072,22.67541,1.2457912,27.256706
USSR,OWID_USS,1974,5.9587197,26.70873,3.8385007,19.91599,1.2359571,28.31648
USSR,OWID_USS,1975,6.207062,26.937443,3.806596,22.467958,1.3157363,28.614756
USSR,OWID_USS,1976,5.7579756,26.402424,3.3905852,21.72783,1.1536014,27.074522
USSR,OWID_USS,1977,6.9996305,28.188784,3.4146984,18.375282,1.0915018,25.485065
USSR,OWID_USS,1978,7.4786024,27.064941,3.5193422,20.316202,1.0598018,25.565222
USSR,OWID_USS,1979,8.254538,27.291939,3.4976854,20.426483,1.2191932,26.212652
USSR,OWID_USS,1980,8.647632,26.202824,3.6490006,20.59436,0.9497399,26.502743
USSR,OWID_USS,1981,9.370253,25.9207,3.6200976,19.520527,0.9300251,27.88075
USSR,OWID_USS,1982,9.949215,25.72797,3.4297297,20.088415,0.8699314,27.76781
USSR,OWID_USS,1983,10.280532,27.254898,3.3968716,21.849876,0.91915345,26.79532
USSR,OWID_USS,1984,10.17234,27.871614,3.2743158,22.091648,0.8684923,28.570402
USSR,OWID_USS,1985,10.638673,27.594683,3.263458,22.624645,0.9281394,29.560741
USSR,OWID_USS,1986,11.271477,29.255966,3.551014,20.747498,0.9376273,30.303316
USSR,OWID_USS,1987,11.621798,30.08112,3.558303,22.326609,0.94688743,28.865114
USSR,OWID_USS,1988,11.912322,30.697138,3.7051706,23.784803,0.97609335,27.649338
USSR,OWID_USS,1989,11.888434,31.284307,3.7537186,23.985962,0.9857245,26.863482
USSR,OWID_USS,1990,12.233822,31.784046,3.6930416,23.253222,0.826206,24.527369
USSR,OWID_USS,1991,11.117459,30.060894,3.4008687,20.415155,0.82535696,21.697939
Uganda,UGA,1961,1.3546605,7.807122,1.5329053,0.12477136,0.89122397,7.0050206
Uganda,UGA,1962,1.3509748,7.238004,1.3867621,0.12525594,0.9841538,7.5958776
Uganda,UGA,1963,1.3565912,7.1243496,1.2397985,0.11679262,0.96129316,8.265324
Uganda,UGA,1964,1.3531917,6.8922567,1.1096172,0.13531919,1.0464683,8.1462145
Uganda,UGA,1965,1.3493704,6.7377954,1.0686288,0.21734823,1.0142918,8.5762
Uganda,UGA,1966,1.3544617,6.4814177,1.3181003,0.19089729,1.0999321,8.908541
Uganda,UGA,1967,1.35889,6.466128,1.222089,0.20976155,1.1673685,10.524557
Uganda,UGA,1968,1.3526148,6.488895,1.1515504,0.21020365,1.233804,11.0768175
Uganda,UGA,1969,1.3724102,6.779706,1.0521811,0.22873503,1.1985716,12.37914
Uganda,UGA,1970,1.3910545,7.019335,1.0341393,0.31115696,1.1622627,12.482884
Uganda,UGA,1971,1.4005754,6.902182,1.2083397,0.41193396,1.1259528,13.062883
Uganda,UGA,1972,1.3854643,6.8722696,1.0001034,0.3853609,1.1010313,15.203405
Uganda,UGA,1973,1.4634138,7.0225453,1.0584439,0.3221351,1.1688902,15.2323885
Uganda,UGA,1974,1.3922588,7.0719366,1.0326687,0.2950482,1.1340915,14.678648
Uganda,UGA,1975,1.3850889,6.870041,1.1542407,0.3601231,1.1542407,15.974691
Uganda,UGA,1976,1.4992396,6.8021054,1.0180023,0.45347372,1.1198025,12.660246
Uganda,UGA,1977,1.7819504,7.0999584,1.1972479,0.58470243,1.132281,17.735975
Uganda,UGA,1978,1.5736077,7.095201,1.2756464,0.7821481,1.0987319,17.63558
Uganda,UGA,1979,1.5268047,7.2593474,1.2645315,0.61821544,1.1146612,13.834912
Uganda,UGA,1980,1.5219855,6.4849815,1.2383857,0.63337284,1.0965858,12.4878435
Uganda,UGA,1981,1.5261805,6.3145714,1.2972534,0.6486267,1.0874035,12.285753
Uganda,UGA,1982,1.6230468,6.252091,1.3637433,0.662664,1.0852324,12.254482
Uganda,UGA,1983,1.6904573,6.0856466,1.3910049,0.6858427,1.072233,12.094015
Uganda,UGA,1984,1.6795865,6.0872874,1.4271631,0.69901866,1.0582366,14.533763
Uganda,UGA,1985,1.7370299,6.0405703,1.493065,0.7123775,1.0344111,10.705179
Uganda,UGA,1986,1.8451676,3.9062593,1.4329494,0.81462187,1.0109162,12.778768
Uganda,UGA,1987,1.5978473,3.6888573,1.1441376,1.5879841,0.9863255,12.536198
Uganda,UGA,1988,1.6250159,3.894093,1.1791275,1.4070259,0.9611375,13.0100355
Uganda,UGA,1989,1.6613897,4.3275723,1.2236583,2.2781932,0.945102,12.475346
Uganda,UGA,1990,1.6866436,4.6407647,1.2375373,3.2734857,0.96807355,13.722692
Uganda,UGA,1991,1.7300094,4.6500254,1.2600069,3.3000178,0.9400051,11.180061
Uganda,UGA,1992,1.7602776,4.590724,1.2501972,3.2605143,0.92014515,13.462123
Uganda,UGA,1993,1.7886044,4.706328,1.2490253,3.237474,0.88930607,10.441853
Uganda,UGA,1994,1.7875249,4.1941924,1.2482717,3.2355201,0.86879706,9.706561
Uganda,UGA,1995,1.7664152,4.1851997,1.2445198,3.2116642,0.8530983,8.470763
Uganda,UGA,1996,1.714128,4.1239905,1.230139,3.2669263,0.8268147,7.2699194
Uganda,UGA,1997,1.6470753,4.0520077,1.2428851,3.2537315,0.80838054,8.861872
Uganda,UGA,1998,1.6187737,4.127873,1.2444323,3.22743,0.78915215,8.377153
Uganda,UGA,1999,1.5970329,4.123984,1.2432598,3.234497,0.76819307,8.743249
Uganda,UGA,2000,1.840918,4.0358586,1.2441368,3.2266638,0.74850506,7.6974645
Uganda,UGA,2001,1.9769756,4.0958877,1.2571536,3.2746825,0.8009286,7.340155
Uganda,UGA,2002,2.1032498,4.5011578,1.2091147,3.302204,0.8839746,6.502802
Uganda,UGA,2003,2.2201946,4.74592,1.3137847,3.309923,0.9064097,7.067959
Uganda,UGA,2004,1.8917279,4.9696207,1.3395478,3.527817,0.8896234,11.094728
Uganda,UGA,2005,1.8798488,5.249195,1.3148669,3.5337048,0.9656054,11.946798
Uganda,UGA,2006,1.2898084,5.5513353,1.3207638,3.549553,1.0215282,10.958212
Uganda,UGA,2007,1.4715049,5.875657,1.3160642,3.55441,1.0362711,13.782406
Uganda,UGA,2008,1.4672251,5.5671306,1.3215432,3.5692072,0.8844974,12.924068
Uganda,UGA,2009,1.650977,5.569435,1.3166019,3.5422862,0.9299807,13.928812
Uganda,UGA,2010,1.92,5.56,1.32,3.52,0.82,14.16
Uganda,UGA,2011,1.8799999,5.5699997,1.3199999,3.5199997,0.90999997,14.469999
Uganda,UGA,2012,1.8500003,5.570001,1.3000002,3.3600004,0.8200001,13.240002
Uganda,UGA,2013,1.8299994,5.629998,1.3299997,3.319999,0.76999974,13.289996
Uganda,UGA,2014,1.6599998,5.6399994,1.2499999,3.2099998,0.7699999,14.639999
Uganda,UGA,2015,1.5900003,5.0800004,1.1900002,3.2000005,0.8100001,12.640002
Uganda,UGA,2016,1.6699997,4.5199995,1.2199999,3.2799995,0.7999999,11.989999
Uganda,UGA,2017,1.6300002,4.2900004,1.1800002,3.1800005,0.79000014,11.550002
Uganda,UGA,2018,1.5999995,4.069999,1.1399996,3.1299994,0.7799998,11.959997
Uganda,UGA,2019,1.5900002,3.8700004,1.0600001,3.0300002,0.6700001,15.170002
Uganda,UGA,2020,1.84,4.86,0.88,2.98,0.68,15.01
Uganda,UGA,2021,1.92,4.97,0.85,2.97,0.66,16.34
Uganda,UGA,2022,1.88,4.88,0.95,2.93,0.64,15.85
Uganda,UGA,2023,1.8799999,4.7899995,0.75999993,2.7999997,0.61999995,15.409999
Ukraine,UKR,1992,9.545128,25.693865,0.67121893,22.3279,0.57251024,9.989317
Ukraine,UKR,1993,6.942921,21.350712,0.57119066,19.27276,0.57119066,7.4353266
Ukraine,UKR,1994,5.0920267,21.473354,0.81906635,17.437233,0.4835452,5.2893925
Ukraine,UKR,1995,4.5538325,16.502693,0.7424727,15.4137335,1.2671534,7.9692073
Ukraine,UKR,1996,6.0319176,13.928967,0.605176,15.546077,0.5654923,10.575698
Ukraine,UKR,1997,4.646376,14.008626,0.46662325,13.750494,0.48647958,9.223255
Ukraine,UKR,1998,4.8902965,12.587802,0.4066981,13.440877,0.47613436,13.609508
Ukraine,UKR,1999,5.75589,12.264702,0.37646094,12.80958,0.51515704,10.867833
Ukraine,UKR,2000,4.335839,11.987901,0.33657196,13.720257,0.4751604,12.760037
Ukraine,UKR,2001,6.178262,8.663429,0.30693293,12.059494,0.7128765,13.861486
Ukraine,UKR,2002,7.495932,11.238947,0.3366733,12.298477,0.6040315,12.961922
Ukraine,UKR,2003,8.618397,11.299895,0.3364242,12.962227,0.61347944,12.803909
Ukraine,UKR,2004,13.736711,11.086287,0.3461374,12.490616,0.64282656,12.34227
Ukraine,UKR,2005,13.322933,11.222961,0.3367879,11.460693,1.2084743,16.522419
Ukraine,UKR,2006,15.703409,12.114625,0.30732682,12.461607,0.5849123,15.723237
Ukraine,UKR,2007,17.5657,10.884391,0.32712653,15.117209,0.5650367,17.773874
Ukraine,UKR,2008,22.377491,10.201358,0.3671695,17.187502,0.5457925,21.742388
Ukraine,UKR,2009,22.93318,9.476931,0.3770925,14.696685,0.5457918,16.175283
Ukraine,UKR,2010,23.320002,8.930001,0.45000002,15.900001,0.56000006,13.410001
Ukraine,UKR,2011,22.339998,8.39,0.41999996,17.32,0.56999993,13.899999
Ukraine,UKR,2012,24.590004,8.110001,0.43000007,20.100004,0.5800001,13.970002
Ukraine,UKR,2013,24.310005,8.790002,0.4100001,19.960003,0.5800001,16.680004
Ukraine,UKR,2014,22.93,8.47,0.39,16.96,0.56,12.42
Ukraine,UKR,2015,22.789999,7.629999,0.29999998,16.089998,0.53999996,9.109999
Ukraine,UKR,2016,22.659998,7.4799995,0.28999996,16.429998,0.47999996,10.229999
Ukraine,UKR,2017,23.200003,7.2400002,0.29,16.26,0.49000004,11.440001
Ukraine,UKR,2018,24.040005,7.260001,0.31000006,16.260002,0.46000007,12.6900015
Ukraine,UKR,2019,26.110006,7.3500013,0.31000006,17.030005,0.4400001,13.3600025
Ukraine,UKR,2020,24.110003,7.0300007,0.25000003,16.390001,0.43000004,13.670001
Ukraine,UKR,2021,23.38,6.2,0.27,17.38,0.42,14.36
Ukraine,UKR,2022,22.12,6.04,0.26,17.65,0.34,15.500001
Ukraine,UKR,2023,25.170004,6.080001,0.31000006,17.490004,0.40000007,16.860004
United Arab Emirates,ARE,1961,0.553905,2.6701062,6.9806232,,43.04126,13.563572
United Arab Emirates,ARE,1962,0.5338603,2.6241868,6.6995716,,40.979424,13.993157
United Arab Emirates,ARE,1963,0.51293164,2.572673,6.8284035,,39.72816,15.203615
United Arab Emirates,ARE,1964,0.5118283,2.525579,7.0397367,,39.04998,15.388411
United Arab Emirates,ARE,1965,0.5066987,2.5597024,7.128727,,38.028614,17.096714
United Arab Emirates,ARE,1966,0.52336943,2.5897763,7.2910776,,37.556267,16.422972
United Arab Emirates,ARE,1967,0.566864,5.4827833,9.701738,,35.052643,16.531986
United Arab Emirates,ARE,1968,0.6716074,6.534558,11.635143,,31.229742,16.04597
United Arab Emirates,ARE,1969,0.64574677,3.5641866,15.22956,,25.53635,14.189656
United Arab Emirates,ARE,1970,0.6072175,3.7323637,15.528576,,21.616943,13.609768
United Arab Emirates,ARE,1971,3.8075228,4.2540336,14.759225,,18.680405,13.987977
United Arab Emirates,ARE,1972,3.2783327,9.341576,12.226842,,15.254282,14.585236
United Arab Emirates,ARE,1973,8.425163,7.4158983,15.226727,,13.901519,15.314489
United Arab Emirates,ARE,1974,16.402908,12.068317,14.485686,,12.151675,16.402908
United Arab Emirates,ARE,1975,21.501911,8.158945,22.051731,,11.791688,18.20299
United Arab Emirates,ARE,1976,35.658035,5.907601,25.80529,,7.637395,19.573986
United Arab Emirates,ARE,1977,27.676931,7.095081,26.045877,,6.962558,19.796907
United Arab Emirates,ARE,1978,33.957394,2.5036297,24.974985,,6.3765917,19.26262
United Arab Emirates,ARE,1979,42.400307,3.3607523,26.083906,,6.914418,21.575829
United Arab Emirates,ARE,1980,43.33964,14.100122,27.260904,,7.244925,23.28369
United Arab Emirates,ARE,1981,38.328594,19.640427,28.865479,,6.4376955,22.328588
United Arab Emirates,ARE,1982,43.82636,21.140123,35.520958,,5.8177457,21.576206
United Arab Emirates,ARE,1983,39.293205,20.448204,31.48374,,5.065332,21.01867
United Arab Emirates,ARE,1984,31.230646,19.41893,31.856434,,5.123625,21.247398
United Arab Emirates,ARE,1985,36.14046,14.986022,29.453936,,5.298385,19.59034
United Arab Emirates,ARE,1986,35.04809,12.758905,27.686436,,4.852663,19.994139
United Arab Emirates,ARE,1987,34.923977,12.3663025,28.745638,,4.8599086,19.949684
United Arab Emirates,ARE,1988,28.385727,10.562131,25.55385,,6.0081687,19.258667
United Arab Emirates,ARE,1989,30.13714,10.948555,22.240446,,4.7876086,19.150434
United Arab Emirates,ARE,1990,36.67715,12.729968,20.731392,,4.9378576,19.427948
United Arab Emirates,ARE,1991,35.162357,12.075768,19.682552,,6.846105,19.0645
United Arab Emirates,ARE,1992,25.634424,12.336507,20.07538,,6.425264,20.636997
United Arab Emirates,ARE,1993,29.522789,12.265368,20.159111,,6.948785,21.514507
United Arab Emirates,ARE,1994,34.4647,16.575651,23.209743,,4.726313,23.947931
United Arab Emirates,ARE,1995,42.455402,15.976181,23.684832,,4.2975736,22.88506
United Arab Emirates,ARE,1996,46.36508,14.231054,21.327557,,5.136878,22.763979
United Arab Emirates,ARE,1997,38.846867,9.751073,18.928009,,4.3060293,22.057981
United Arab Emirates,ARE,1998,44.087013,4.9166665,19.494629,,4.2918963,21.848831
United Arab Emirates,ARE,1999,43.214912,8.214112,16.640888,,4.2178183,23.48155
United Arab Emirates,ARE,2000,38.734653,7.284401,13.356179,,3.828425,21.974466
United Arab Emirates,ARE,2001,41.795372,4.9289775,12.431788,,3.7429945,22.239277
United Arab Emirates,ARE,2002,40.340443,15.635895,13.8026085,,3.7969394,20.703913
United Arab Emirates,ARE,2003,47.339165,15.943117,13.098427,,3.9295282,21.029808
United Arab Emirates,ARE,2004,39.713154,7.022297,10.549969,,3.8250866,22.818335
United Arab Emirates,ARE,2005,41.109352,6.368303,10.7442875,,3.0240545,21.239534
United Arab Emirates,ARE,2006,42.56797,6.4148855,12.537743,,4.5264363,23.371986
United Arab Emirates,ARE,2007,45.554455,18.438215,13.099482,,5.132606,25.250772
United Arab Emirates,ARE,2008,47.454185,18.813389,15.0054035,,4.681772,25.372185
United Arab Emirates,ARE,2009,49.65388,7.5947995,11.426722,,4.821547,28.492006
United Arab Emirates,ARE,2010,23.19996,3.7499933,8.369986,,3.7699933,30.259947
United Arab Emirates,ARE,2011,24.639944,3.8099914,7.6199827,,3.2499928,30.329931
United Arab Emirates,ARE,2012,26.099995,3.6599991,8.409998,,3.2099993,30.929993
United Arab Emirates,ARE,2013,24.589998,3.7299995,8.419999,,3.3199995,29.669996
United Arab Emirates,ARE,2014,26.449968,9.439988,4.9599943,,1.5099982,29.169966
United Arab Emirates,ARE,2015,33.51999,9.249997,4.769998,,1.4799995,28.33999
United Arab Emirates,ARE,2016,31.25999,8.909997,4.6499987,,1.3799995,27.04999
United Arab Emirates,ARE,2017,26.84,8.88,5.22,,2.58,27.17
United Arab Emirates,ARE,2018,32.4,8.59,8.21,0.1,2.85,27.22
United Arab Emirates,ARE,2019,34.58998,8.729995,8.269996,,2.9399984,26.219984
United Arab Emirates,ARE,2020,49.04995,17.559982,9.44999,2.0999978,3.7499962,26.029974
United Arab Emirates,ARE,2021,53.439972,17.50999,9.689995,2.5699985,3.809998,25.119987
United Arab Emirates,ARE,2022,47.53002,9.670005,9.270005,0,3.5900016,24.010012
United Arab Emirates,ARE,2023,46.43996,9.329992,8.489993,0,3.5799968,23.109982
United Kingdom,GBR,1961,6.3101063,24.929434,11.63708,25.37084,1.2138678,19.883354
United Kingdom,GBR,1962,6.4583945,25.673122,11.422534,26.686007,0.90257066,20.839355
United Kingdom,GBR,1963,6.37767,26.40315,10.99045,26.202595,0.601667,20.195953
United Kingdom,GBR,1964,6.9205523,23.92104,11.032764,27.040302,1.0731871,21.614187
United Kingdom,GBR,1965,7.290994,22.153791,10.7509575,28.893196,1.1332632,22.023415
United Kingdom,GBR,1966,8.043125,23.778364,10.871256,27.639465,0.8223644,20.539051
United Kingdom,GBR,1967,8.723792,24.135824,10.969917,26.53236,0.81221515,21.35825
United Kingdom,GBR,1968,9.825786,23.331226,10.738179,27.241488,0.8722891,21.917517
United Kingdom,GBR,1969,10.159737,24.040363,10.019325,27.540607,0.6619375,21.262234
United Kingdom,GBR,1970,10.540059,24.188984,9.797943,27.598707,0.72205925,20.99989
United Kingdom,GBR,1971,10.771086,23.806604,10.199968,29.046864,0.6412553,19.628426
United Kingdom,GBR,1972,12.024512,23.478336,9.4514065,28.764713,0.48057997,18.682547
United Kingdom,GBR,1973,12.076358,21.9998,8.371339,27.527287,0.3604883,18.725365
United Kingdom,GBR,1974,11.747401,24.597374,7.6779084,26.491793,0.31072477,17.400587
United Kingdom,GBR,1975,11.340372,24.858498,8.299547,23.814781,0.27096465,16.89013
United Kingdom,GBR,1976,12.296812,23.056522,7.6051364,24.171673,0.23106755,17.882618
United Kingdom,GBR,1977,12.437199,22.69261,6.9877553,25.417332,0.2513581,17.172785
United Kingdom,GBR,1978,12.740019,24.273405,6.988408,26.13363,0.30165792,16.259361
United Kingdom,GBR,1979,13.544797,24.406761,7.1240816,27.22022,0.31149015,16.297968
United Kingdom,GBR,1980,13.651687,22.826422,7.6389217,26.520409,0.27102613,16.080883
United Kingdom,GBR,1981,13.499546,22.653141,6.925418,26.155996,0.3011051,17.745129
United Kingdom,GBR,1982,14.622913,21.00035,7.472148,25.881351,0.28120986,17.595703
United Kingdom,GBR,1983,14.592663,21.070478,7.2511373,25.971525,0.20086253,17.143616
United Kingdom,GBR,1984,14.917859,22.502192,7.042594,25.080462,0.22070807,17.696774
United Kingdom,GBR,1985,16.110846,21.93199,7.153696,25.198242,0.2805371,18.515448
United Kingdom,GBR,1986,17.5823,22.108042,6.7585726,25.041763,0.2603302,17.942759
United Kingdom,GBR,1987,17.972397,22.798412,6.7283845,25.91229,0.29036182,18.102558
United Kingdom,GBR,1988,18.847214,21.681305,6.839876,26.027582,0.12017352,18.837198
United Kingdom,GBR,1989,17.566338,21.812704,6.8102107,25.267883,0.14021023,19.178755
United Kingdom,GBR,1990,18.718624,20.700596,7.3373,25.084957,0.20019919,18.478384
United Kingdom,GBR,1991,19.17826,21.1291,7.0830507,24.940742,0.2200948,17.897709
United Kingdom,GBR,1992,23.24593,20.555243,7.001786,24.606277,0.24006122,18.394691
United Kingdom,GBR,1993,23.741468,17.028225,6.923344,24.39178,0.19009182,18.358868
United Kingdom,GBR,1994,25.099371,16.863014,6.585082,25.009302,0.19014674,18.924606
United Kingdom,GBR,1995,25.365433,17.407454,6.6566744,23.96403,0.18018067,19.25931
United Kingdom,GBR,1996,26.299385,15.302917,6.810199,24.68697,0.16023996,20.08007
United Kingdom,GBR,1997,25.932652,16.844198,6.3528986,24.159052,0.15030518,20.96256
United Kingdom,GBR,1998,28.492643,16.376003,6.594498,24.844624,0.17037457,19.442745
United Kingdom,GBR,1999,28.177511,16.60389,6.7437644,24.409822,0.20040904,19.820456
United Kingdom,GBR,2000,28.557749,17.284954,6.823799,24.198935,0.3607295,20.421295
United Kingdom,GBR,2001,29.170345,17.44609,5.5615053,25.602964,0.8417413,21.484446
United Kingdom,GBR,2002,29.138723,19.10851,5.931955,24.168709,1.0421001,20.912146
United Kingdom,GBR,2003,29.814035,20.988039,5.680295,25.977081,0.6111076,19.645607
United Kingdom,GBR,2004,30.99421,21.907112,5.8445654,25.880217,0.38029703,21.466768
United Kingdom,GBR,2005,30.754377,20.656075,5.8532205,25.800116,0.3595835,20.905785
United Kingdom,GBR,2006,30.632303,21.670885,5.921116,26.80451,0.40869653,22.52815
United Kingdom,GBR,2007,28.865856,21.803568,6.0874925,27.25446,0.6664412,21.664312
United Kingdom,GBR,2008,27.953749,20.736996,5.7475924,25.888983,0.5757519,21.114214
United Kingdom,GBR,2009,28.71887,19.334202,5.331523,25.884642,0.7828816,19.859426
United Kingdom,GBR,2010,28.77,19.47,4.74,25.09,0.79,19.52
United Kingdom,GBR,2011,29.180002,18.720001,4.6200004,25.700003,1.4300001,20.290003
United Kingdom,GBR,2012,29.899996,18.699999,4.1699996,25.399996,1.6299998,20.229998
United Kingdom,GBR,2013,29.730001,18.060001,4.4200006,24.700003,1.4500002,20.740002
United Kingdom,GBR,2014,29.370005,18.310001,4.4300003,24.750004,1.4900002,19.020002
United Kingdom,GBR,2015,31.720001,18.64,4.81,25.58,1.54,18.95
United Kingdom,GBR,2016,33.47,18.67,4.57,26.35,1.53,19.92
United Kingdom,GBR,2017,33.259995,18.559998,4.2999997,25.589998,1.1899999,18.829998
United Kingdom,GBR,2018,34.33,18.520002,4.2,25.750002,0.9100001,17.890001
United Kingdom,GBR,2019,34.05,17.1,4.07,25.420002,1.04,18.11
United Kingdom,GBR,2020,33.69,20.21,3.97,25.13,1.08,18.05
United Kingdom,GBR,2021,33.78,17.89,4.03,25.28,1.18,17.96
United Kingdom,GBR,2022,35.620003,17.140001,3.9800003,25.990002,1.0300001,17.830002
United Kingdom,GBR,2023,38.179996,16.849998,3.6599998,24.659998,1.0899999,17.699999
United States,USA,1961,16.95845,42.519913,2.1765406,28.56323,1.2378432,13.430598
United States,USA,1962,16.767263,42.741093,2.1601994,29.20384,1.1418198,13.75327
United States,USA,1963,17.041014,44.813454,2.031379,29.998749,1.128544,13.378375
United States,USA,1964,17.44513,48.048286,1.7905558,29.712996,1.1254922,13.025014
United States,USA,1965,18.45261,47.968624,1.6125623,26.51542,1.143082,13.114826
United States,USA,1966,19.575928,49.78519,1.639815,26.644447,1.1407409,13.515742
United States,USA,1967,20.28271,50.447514,1.6063498,29.087132,1.1285115,12.860965
United States,USA,1968,20.065754,51.509205,1.5325891,29.992058,1.1164557,14.321081
United States,USA,1969,20.879442,51.605957,1.4183027,29.358866,1.1245115,13.453614
United States,USA,1970,21.656124,52.7969,1.3737093,29.938782,1.1413908,14.646165
United States,USA,1971,21.779406,52.214214,1.3486323,32.769756,1.1272151,14.140511
United States,USA,1972,22.646536,53.08284,1.3551784,30.175304,1.1042194,16.02122
United States,USA,1973,21.654295,49.76478,1.1629158,27.549074,1.1127902,15.408635
United States,USA,1974,21.708984,52.915024,1.011817,29.633215,1.1019789,14.806589
United States,USA,1975,21.189905,55.007633,0.90127194,24.164103,1.0815264,14.139956
United States,USA,1976,22.851599,58.891434,0.8211354,25.585377,1.04144,15.601573
United States,USA,1977,23.183033,56.93112,0.7510702,27.008484,1.0114412,15.43199
United States,USA,1978,24.12665,54.17229,0.6910497,27.041077,1.031567,16.1946
United States,USA,1979,25.96179,48.2076,0.67108023,30.879707,1.0416768,15.945668
United States,USA,1980,26.41642,47.38533,0.6909526,32.99549,0.9713392,15.561455
United States,USA,1981,27.598423,47.85929,0.7107319,31.44238,0.9810103,17.237753
United States,USA,1982,28.099134,47.79254,0.74050426,28.119148,0.9506473,16.491228
United States,USA,1983,28.771364,48.429127,0.75029635,29.631704,0.9403714,17.456896
United States,USA,1984,29.582605,48.25056,0.76032394,29.332499,0.87037086,19.168167
United States,USA,1985,30.632742,48.74619,0.7205349,29.461872,0.8606389,19.064152
United States,USA,1986,32.10931,49.285683,0.71109194,27.802694,0.84129184,18.889008
United States,USA,1987,34.644276,47.469177,0.65177363,28.026268,0.81221026,21.157578
United States,USA,1988,35.92084,46.96414,0.68267673,29.977541,0.81318843,20.138964
United States,USA,1989,37.677837,44.391304,0.69345707,29.788504,0.76380783,22.56248
United States,USA,1990,39.606415,43.60422,0.71317655,28.527063,0.7332661,22.018072
United States,USA,1991,41.126877,43.23184,0.7016528,28.737696,0.7517709,21.03956
United States,USA,1992,42.52753,43.127636,0.68012047,30.345373,0.75013286,21.933884
United States,USA,1993,43.04367,41.94511,0.6491505,29.960794,0.729046,22.820139
United States,USA,1994,43.843044,43.323837,0.5891003,30.30372,0.7588411,22.405783
United States,USA,1995,43.513084,43.1633,0.58963525,30.011436,0.7795178,21.946424
United States,USA,1996,44.74125,43.890087,0.55075395,28.108479,0.720987,21.028788
United States,USA,1997,45.227425,43.02831,0.53220546,27.935768,0.64266324,21.04722
United States,USA,1998,45.627472,43.64367,0.5840638,30.693563,0.6948346,21.872185
United States,USA,1999,48.261635,44.26422,0.57538444,31.131327,0.7570848,21.804043
United States,USA,2000,47.90346,43.980595,0.545966,29.866364,0.7279547,22.283503
United States,USA,2001,48.114403,43.289814,0.56640875,29.493713,0.69789654,21.735937
United States,USA,2002,49.857174,44.235477,0.58643603,30.292454,0.7987664,22.91145
United States,USA,2003,50.15949,42.521908,0.5455413,30.42908,0.77790135,24.205866
United States,USA,2004,52.348465,43.033325,0.53488886,30.236359,0.7771027,25.079224
United States,USA,2005,53.055836,42.599945,0.48397568,29.42169,0.7763777,23.503069
United States,USA,2006,53.362366,42.714073,0.5238518,29.063702,0.80592585,24.369184
United States,USA,2007,53.009003,42.15962,0.53341126,29.750257,0.8252778,22.664948
United States,USA,2008,51.895435,40.804436,0.5027653,29.24083,0.8446457,21.69935
United States,USA,2009,48.98242,39.798847,0.46219313,29.208595,0.82390946,21.512075
United States,USA,2010,51.14,38.8,0.44,28.1,0.8,21.47
United States,USA,2011,51.570004,36.930004,0.40000004,26.880001,0.8000001,21.500002
United States,USA,2012,49.58,37,0.41,27.25,0.81,21.02
United States,USA,2013,50,36.22,0.43,27.64,0.81,21.02
United States,USA,2014,50.44,36.92,0.46,25.78,0.8,21.55
United States,USA,2015,53.79,34.61,0.47,26.21,0.8,21.62
United States,USA,2016,54.510002,35.4,0.47000003,26.320002,0.8000001,21.56
United States,USA,2017,54.6,36.3,0.5,26.23,0.8,22.22
United States,USA,2018,55.57,36.3,0.53,29.38,0.79,22.09
United States,USA,2019,56.88,36.74,0.6,30.04,0.8,22.31
United States,USA,2020,57.29,37.07,0.6,29.88,0.8,22.2
United States,USA,2021,52.31,37.45,0.7,29.46,0.91,22.16
United States,USA,2022,53.750004,37.670002,0.68000007,29.580002,0.78000003,22.070002
United States,USA,2023,54.540005,37.04,0.56,29.130001,0.7900001,21.94
Upper-middle-income countries,OWID_UMC,1961,1.7961507,6.5611587,1.6871814,5.838872,0.5317842,6.5096874
Upper-middle-income countries,OWID_UMC,1962,1.8283926,6.962629,1.6985779,6.2555013,0.5011464,6.882732
Upper-middle-income countries,OWID_UMC,1963,1.8469669,7.0700064,1.6838658,7.371127,0.48482165,7.0695696
Upper-middle-income countries,OWID_UMC,1964,1.7585398,6.708439,1.6114997,7.058515,0.4669208,7.235296
Upper-middle-income countries,OWID_UMC,1965,1.9092242,6.992809,1.5939133,8.398525,0.39274466,7.577591
Upper-middle-income countries,OWID_UMC,1966,1.9610543,7.1825085,1.5508193,8.746232,0.39035982,7.7140613
Upper-middle-income countries,OWID_UMC,1967,2.0483463,7.529881,1.5902002,8.743391,0.39029503,8.066825
Upper-middle-income countries,OWID_UMC,1968,2.1260312,7.917031,1.6068014,8.407281,0.4050096,8.082395
Upper-middle-income countries,OWID_UMC,1969,2.22383,8.03486,1.5650524,7.9859858,0.43721586,8.230522
Upper-middle-income countries,OWID_UMC,1970,2.470573,7.727463,1.5426216,7.9274416,0.4285556,8.459502
Upper-middle-income countries,OWID_UMC,1971,2.59205,7.385128,1.5319914,8.74548,0.41066802,8.3076515
Upper-middle-income countries,OWID_UMC,1972,2.669255,7.40496,1.4696145,9.357273,0.42484933,8.875619
Upper-middle-income countries,OWID_UMC,1973,2.8407419,7.5258617,1.4352871,9.466255,0.4206431,9.149089
Upper-middle-income countries,OWID_UMC,1974,3.0349257,8.129603,1.4221942,9.055866,0.43227342,9.335809
Upper-middle-income countries,OWID_UMC,1975,3.1543996,8.440793,1.4695126,9.480227,0.43345025,9.445562
Upper-middle-income countries,OWID_UMC,1976,3.1687686,8.567318,1.384355,9.253171,0.40895993,9.19843
Upper-middle-income countries,OWID_UMC,1977,3.4450405,8.8216505,1.4000329,8.838004,0.39664647,9.169619
Upper-middle-income countries,OWID_UMC,1978,3.7107716,8.819062,1.4179144,9.533093,0.38975275,9.211773
Upper-middle-income countries,OWID_UMC,1979,3.996278,8.758746,1.3863885,10.512837,0.398074,9.20008
Upper-middle-income countries,OWID_UMC,1980,4.241539,8.630577,1.4455403,11.145884,0.36865073,9.326691
Upper-middle-income countries,OWID_UMC,1981,4.463093,8.583776,1.4745133,11.182802,0.37127846,9.666704
Upper-middle-income countries,OWID_UMC,1982,4.633706,8.26508,1.4782771,11.373425,0.37557602,9.828397
Upper-middle-income countries,OWID_UMC,1983,4.7168293,8.462684,1.4764943,11.770076,0.38888395,9.687098
Upper-middle-income countries,OWID_UMC,1984,4.6858277,8.744587,1.4630281,12.2635,0.3869382,10.319407
Upper-middle-income countries,OWID_UMC,1985,4.8960958,8.822312,1.4642999,13.120506,0.39365888,10.900701
Upper-middle-income countries,OWID_UMC,1986,5.3153706,9.343202,1.5111452,12.851926,0.40103728,11.707417
Upper-middle-income countries,OWID_UMC,1987,5.6869116,9.284717,1.5515097,13.510855,0.4162514,12.101067
Upper-middle-income countries,OWID_UMC,1988,6.029243,9.311284,1.5625864,14.316793,0.42393383,12.31461
Upper-middle-income countries,OWID_UMC,1989,6.014213,9.54467,1.6367136,14.527852,0.4199522,12.433414
Upper-middle-income countries,OWID_UMC,1990,6.419592,9.633356,1.6608095,14.875249,0.38945606,12.356353
Upper-middle-income countries,OWID_UMC,1991,6.829348,9.44232,1.6752001,14.930431,0.38917124,11.991393
Upper-middle-income countries,OWID_UMC,1992,6.8402233,7.463582,1.5376904,14.774017,0.46548507,11.56638
Upper-middle-income countries,OWID_UMC,1993,7.6076074,7.394503,1.5976849,14.914624,0.44801065,12.881918
Upper-middle-income countries,OWID_UMC,1994,8.113086,7.5726166,1.6262764,15.830595,0.49889454,14.570992
Upper-middle-income countries,OWID_UMC,1995,9.20785,7.762953,1.7019026,15.919365,0.56719977,16.688883
Upper-middle-income countries,OWID_UMC,1996,9.177316,7.9985723,1.6861987,15.822791,0.54565275,17.77243
Upper-middle-income countries,OWID_UMC,1997,10.067687,8.220381,1.802331,16.213202,0.5094316,17.892887
Upper-middle-income countries,OWID_UMC,1998,10.547972,8.187486,1.8697963,17.131544,0.55090266,18.196976
Upper-middle-income countries,OWID_UMC,1999,11.367999,8.410302,1.9173982,17.22993,0.5525937,18.344341
Upper-middle-income countries,OWID_UMC,2000,12.016464,8.626616,2.0027301,18.135916,0.5460423,18.949947
Upper-middle-income countries,OWID_UMC,2001,12.035532,8.388588,1.9761922,17.944555,0.60603404,18.855951
Upper-middle-income countries,OWID_UMC,2002,12.385203,8.528433,2.0081334,18.193146,0.64260674,19.317093
Upper-middle-income countries,OWID_UMC,2003,12.840597,8.491162,2.0824535,19.00528,0.64874625,19.536114
Upper-middle-income countries,OWID_UMC,2004,13.215479,8.677415,2.190968,18.952438,0.6769139,20.271814
Upper-middle-income countries,OWID_UMC,2005,13.3555565,8.88744,2.2520409,19.195902,0.72563577,20.70226
Upper-middle-income countries,OWID_UMC,2006,14.0231905,9.097706,2.2852113,19.96248,0.7222483,21.245579
Upper-middle-income countries,OWID_UMC,2007,14.942857,9.332561,2.3494282,20.306343,0.74942726,22.04424
Upper-middle-income countries,OWID_UMC,2008,16.002907,9.30477,2.3219802,21.25064,0.76667887,22.737356
Upper-middle-income countries,OWID_UMC,2009,16.427988,9.357897,2.3463848,21.7285,0.81568825,23.446806
Upper-middle-income countries,OWID_UMC,2010,17.100697,9.591639,2.2672074,22.91316,0.8090439,23.719769
Upper-middle-income countries,OWID_UMC,2011,17.801327,9.503474,2.3277183,22.216171,0.8164782,24.191324
Upper-middle-income countries,OWID_UMC,2012,18.114738,9.521172,2.4182782,22.44013,0.7912909,24.957407
Upper-middle-income countries,OWID_UMC,2013,18.570816,9.752064,2.5292344,22.685701,0.8106776,26.139162
Upper-middle-income countries,OWID_UMC,2014,18.546911,9.639012,2.583412,23.6024,0.8142889,26.989182
Upper-middle-income countries,OWID_UMC,2015,18.578619,9.611504,2.5767431,23.914557,0.81400573,27.773626
Upper-middle-income countries,OWID_UMC,2016,19.066492,9.534652,2.6349928,24.092947,0.7614863,28.241695
Upper-middle-income countries,OWID_UMC,2017,19.205528,9.652076,2.6850605,23.920048,0.65325546,28.714523
Upper-middle-income countries,OWID_UMC,2018,19.990318,9.886488,2.7052486,23.382467,0.6882099,28.954504
Upper-middle-income countries,OWID_UMC,2019,21.265444,10.208991,2.6275713,22.6922,0.67514837,29.410309
Upper-middle-income countries,OWID_UMC,2020,22.35208,10.451143,2.728883,19.179132,0.67916507,29.317549
Upper-middle-income countries,OWID_UMC,2021,22.278028,10.594783,2.8793976,22.556114,0.66376656,29.718525
Upper-middle-income countries,OWID_UMC,2022,22.87558,10.67743,2.9366198,24.599365,0.6528021,29.652784
Upper-middle-income countries,OWID_UMC,2023,23.660505,11.282076,3.0286043,25.503016,0.64792365,29.60124
Uruguay,URY,1961,2.9514213,76.21493,21.774261,7.0271935,0.26101002,4.1761603
Uruguay,URY,1962,3.0324676,68.56188,22.171154,7.3301373,0.26107335,3.3939538
Uruguay,URY,1963,2.952587,71.53496,19.39267,7.2408676,0.2611131,3.7760975
Uruguay,URY,1964,2.8436723,82.96891,18.730053,7.536234,0.27130443,4.5619335
Uruguay,URY,1965,2.9953692,73.81876,15.660353,6.7044,0.26134092,5.669088
Uruguay,URY,1966,2.986832,64.26214,20.897766,7.6229577,0.28158683,4.2439156
Uruguay,URY,1967,2.9188046,65.59258,16.657314,9.118749,0.27175078,3.6233435
Uruguay,URY,1968,3.4453216,79.645355,19.231342,7.837603,0.34251735,3.6669505
Uruguay,URY,1969,3.8489392,81.271065,17.783712,7.38553,0.17128788,4.1814394
Uruguay,URY,1970,4.3799095,85.6952,24.426807,7.8133564,0.14096262,3.5442028
Uruguay,URY,1971,5.171173,71.43247,20.172594,9.2779875,0.1606578,3.9561982
Uruguay,URY,1972,5.910737,61.39766,23.002869,7.8009734,0.21002619,6.8008485
Uruguay,URY,1973,6.8930116,65.89639,16.521347,7.4599695,0.2287724,5.3811245
Uruguay,URY,1974,6.0063066,74.292175,17.33616,9.459685,0.19790137,4.5913115
Uruguay,URY,1975,5.1529284,81.38277,11.675373,9.360003,0.29557908,5.054402
Uruguay,URY,1976,5.219287,73.905495,11.509953,9.583436,0.26538748,5.9466453
Uruguay,URY,1977,5.2338796,73.4216,11.891609,9.142105,0.2553112,6.206026
Uruguay,URY,1978,4.905209,68.39769,11.402892,9.024013,0.24575198,6.7729244
Uruguay,URY,1979,4.80712,64.64,9.653642,9.683194,0.2659677,6.698446
Uruguay,URY,1980,4.5538483,74.7977,8.208781,8.495249,0.17780754,6.7270513
Uruguay,URY,1981,4.2094827,73.056816,11.360652,8.686392,0.2575213,4.4273853
Uruguay,URY,1982,5.5496273,77.009766,11.536077,7.7535934,0.30776107,3.1868162
Uruguay,URY,1983,5.6400657,58.99688,10.941926,7.3310905,0.35809943,2.9642673
Uruguay,URY,1984,5.801595,58.45456,12.410628,6.3697925,0.2890829,3.4789634
Uruguay,URY,1985,5.6605206,55.66678,13.147982,6.4791493,0.33943158,2.765369
Uruguay,URY,1986,5.8364453,52.71789,11.103237,5.6665487,0.19987828,3.8476565
Uruguay,URY,1987,6.130209,57.51196,14.410491,6.260214,0.13000442,5.1801763
Uruguay,URY,1988,7.232458,56.949356,15.585297,6.4721994,0.23007819,3.8112953
Uruguay,URY,1989,7.5767355,53.797825,12.931496,6.6859436,0.34030253,5.8051605
Uruguay,URY,1990,7.323177,47.154846,11.841307,7.1929426,0.5910635,5.1091933
Uruguay,URY,1991,8.084892,61.549503,15.77858,7.0617423,0.7924398,5.8480053
Uruguay,URY,1992,8.360533,60.935425,17.17326,7.375759,0.85414106,5.265528
Uruguay,URY,1993,10.26996,61.982235,16.874954,7.863568,0.8558301,7.0480123
Uruguay,URY,1994,10.340976,64.03334,17.352661,8.242514,0.87772185,7.3849697
Uruguay,URY,1995,11.563968,51.82558,13.575533,8.15745,0.7884523,6.439028
Uruguay,URY,1996,11.872319,52.726467,15.741965,8.326832,0.90156686,4.781343
Uruguay,URY,1997,12.410796,50.972553,13.638684,8.656099,1.014783,5.946629
Uruguay,URY,1998,15.101822,51.504734,11.798933,10.00013,0.9349715,6.280569
Uruguay,URY,1999,17.510948,48.50594,11.999373,11.24687,0.9660512,8.084323
Uruguay,URY,2000,16.695433,40.945496,10.564284,10.80831,1.0676129,7.9105034
Uruguay,URY,2001,16.308538,43.63169,16.02403,10.679299,1.1075581,7.6004906
Uruguay,URY,2002,13.204947,40.406532,16.818293,8.860814,0.8424371,6.5973988
Uruguay,URY,2003,9.231641,26.559967,14.896281,8.755365,0.6789462,7.123868
Uruguay,URY,2004,12.230277,28.469818,12.210029,9.1727085,0.9516938,5.558296
Uruguay,URY,2005,15.340973,22.940624,9.653884,9.147915,1.0726537,6.80022
Uruguay,URY,2006,17.361107,22.159452,10.335679,9.131032,1.3160022,7.32912
Uruguay,URY,2007,14.263074,19.814327,15.093736,11.011336,1.0839126,7.5671277
Uruguay,URY,2008,20.435673,28.924337,14.837414,10.912548,1.2575798,7.6063294
Uruguay,URY,2009,19.154509,27.650703,12.901631,10.638009,0.8425141,5.9179
Uruguay,URY,2010,17.819994,33.839993,4.9399986,11.179997,0.94999975,5.4799986
Uruguay,URY,2011,19.319948,30.17992,4.3099885,13.399963,0.68999815,7.3099804
Uruguay,URY,2012,21.359962,28.559948,5.1599903,14.039974,0.70999867,6.579988
Uruguay,URY,2013,11.970018,29.770046,1.7700027,15.840024,0.78000116,7.0000105
Uruguay,URY,2014,17.089935,34.259865,2.1899917,15.59994,0.9999961,9.329964
Uruguay,URY,2015,10.079994,32.91998,1.5199991,16.06999,1.0199994,8.7199955
Uruguay,URY,2016,10.250003,26.440008,1.6800004,17.620007,0.9700003,8.300003
Uruguay,URY,2017,9.369988,31.699963,0.91999894,18.129978,0.9299989,10.269988
Uruguay,URY,2018,9.639977,26.809937,1.5499963,19.319954,1.0699975,10.809975
Uruguay,URY,2019,21.250025,28.560032,1.3900017,19.300022,1.0900013,9.07001
Uruguay,URY,2020,21.370026,20.850025,2.580003,18.57002,1.1000013,7.3900084
Uruguay,URY,2021,24.989977,16.459984,0.8099993,20.90998,1.7699984,11.899989
Uruguay,URY,2022,25.299976,15.579986,1.9399983,21.49998,1.5899986,11.91999
Uruguay,URY,2023,23.33998,21.30998,0.61999947,23.77998,0.24999979,11.92999
Uzbekistan,UZB,1992,3.1571703,16.43733,3.1371248,1.6838241,0.14031868,1.3029591
Uzbekistan,UZB,1993,1.732757,17.64808,3.3653543,1.2319602,0.09014343,0.941498
Uzbekistan,UZB,1994,2.22343,23.215813,3.2450056,0.9114059,0.090139054,0.6510042
Uzbekistan,UZB,1995,2.473601,22.642963,3.6252775,0.6809914,0.090131216,0.64093304
Uzbekistan,UZB,1996,1.431777,21.797054,3.2540388,0.4105095,0.090111844,0.32039765
Uzbekistan,UZB,1997,1.3918159,23.5307,2.7736187,0.19024822,0.040052254,0.5006532
Uzbekistan,UZB,1998,1.3219728,22.433477,3.3950665,0.68101627,0.10014945,0.5207771
Uzbekistan,UZB,1999,1.2821957,15.526589,2.985112,0.8314238,0.08013723,0.4407548
Uzbekistan,UZB,2000,1.0217261,15.916891,3.2054155,0.66111696,0.24040616,0.40067694
Uzbekistan,UZB,2001,0.6402222,16.145603,2.991038,0.49017012,0.14004861,0.3201111
Uzbekistan,UZB,2002,0.6582854,16.796251,2.8026998,0.26929858,0.1396363,0.26929858
Uzbekistan,UZB,2003,0.94418937,17.850147,2.8822625,0.56651366,0.28822622,0.23853205
Uzbekistan,UZB,2004,0.9212339,19.157703,2.67455,0.8221765,0.21792631,0.267455
Uzbekistan,UZB,2005,1.0770568,19.831678,2.796395,0.92883795,0.2173876,0.28655636
Uzbekistan,UZB,2006,1.1839075,20.708515,3.127489,0.8681988,0.17758612,0.26637918
Uzbekistan,UZB,2007,1.034216,20.378984,3.0632496,0.83722264,0.15759484,0.30534002
Uzbekistan,UZB,2008,1.0123264,21.337479,3.204062,0.8157581,0.167083,0.44227847
Uzbekistan,UZB,2009,1.0196636,22.295336,3.3433201,0.77455217,0.17648023,0.4608095
Uzbekistan,UZB,2010,1.68,25.37,4.67,1.02,0.29,0.53
Uzbekistan,UZB,2011,1.7700003,25.920004,4.790001,1.1100003,0.31000006,0.8800002
Uzbekistan,UZB,2012,1.9399996,26.449993,4.9199986,1.1599996,0.3099999,1.2599996
Uzbekistan,UZB,2013,1.8899997,26.969995,4.959999,1.1699998,0.32999995,1.6099998
Uzbekistan,UZB,2014,2.0299997,27.729996,5.0699997,1.1899999,0.5799999,1.9199997
Uzbekistan,UZB,2015,2.08,27.98,5.16,1.24,0.23,2.23
Uzbekistan,UZB,2016,2.1300006,28.270006,5.2200007,1.1400002,0.23000005,2.2000005
Uzbekistan,UZB,2017,2.1200004,28.300007,5.2700014,1.1200002,0.23000006,2.7100008
Uzbekistan,UZB,2018,2.35,29.580002,5.5,0.120000005,0.23000002,3.05
Uzbekistan,UZB,2019,2.74,29.88,5.87,0.19,0.28,4.09
Uzbekistan,UZB,2020,4.3399997,29.319998,4.8599997,0.13,0.26,4.6499996
Uzbekistan,UZB,2021,6.4900002,30.130001,4.5000005,0.21000001,0.31000003,5.4300003
Uzbekistan,UZB,2022,6.3200016,31.460007,6.9500012,0.15000004,0.28000006,5.3200016
Uzbekistan,UZB,2023,7.6499996,32.269997,7.0299997,0.12999998,0.28999996,5.2099996
Vanuatu,VUT,1961,1.4438963,18.30263,0.23898973,19.955643,0.14936858,28.14104
Vanuatu,VUT,1962,1.4659472,18.808002,0.24931073,19.396376,0.14958644,29.328915
Vanuatu,VUT,1963,1.4564421,22.754414,0.23941514,18.843966,0.13965884,29.926893
Vanuatu,VUT,1964,1.4553107,24.052496,0.23922914,18.590097,0.13955034,31.837414
Vanuatu,VUT,1965,1.4526387,23.033278,0.23878992,18.46642,0.1492437,30.923294
Vanuatu,VUT,1966,1.4583905,23.522745,0.23810455,16.915344,0.31747276,31.796879
Vanuatu,VUT,1967,1.4411858,22.768734,0.2301894,16.723759,0.14011529,33.22734
Vanuatu,VUT,1968,1.4739224,23.38358,0.22905551,16.521873,0.10954828,35.324345
Vanuatu,VUT,1969,1.5060284,23.026382,0.22788589,16.328518,0.108988896,35.71863
Vanuatu,VUT,1970,2.689406,23.229374,0.21672867,16.885134,0.18717475,43.660976
Vanuatu,VUT,1971,3.3960016,25.544266,0.22772022,16.80179,0.17821582,49.534096
Vanuatu,VUT,1972,4.044312,23.719343,0.21861145,16.68403,0.07949507,47.786476
Vanuatu,VUT,1973,4.41221,21.443542,0.20915669,16.184744,0.0697189,49.231503
Vanuatu,VUT,1974,4.4773984,29.387291,0.20941062,15.735713,0.079775475,43.906425
Vanuatu,VUT,1975,3.9187143,23.891193,0.20939693,15.046666,0.07977026,33.952217
Vanuatu,VUT,1976,3.8748767,24.93269,0.20918357,14.762383,0.07968898,52.475193
Vanuatu,VUT,1977,3.8966935,17.823397,0.20875143,15.815406,0.07952435,51.69083
Vanuatu,VUT,1978,3.5480995,16.838606,0.19821785,16.134933,0.06937625,50.327515
Vanuatu,VUT,1979,3.468128,16.41114,0.2198813,16.980833,0.06996223,45.745308
Vanuatu,VUT,1980,4.9836187,17.628174,0.21057545,17.999187,0.08021922,37.18161
Vanuatu,VUT,1981,3.9140766,11.772415,0.20123787,18.594378,0.08049514,38.41631
Vanuatu,VUT,1982,4.308184,10.445597,0.19991574,18.981998,0.06997051,33.75577
Vanuatu,VUT,1983,3.7096112,10.058946,0.33996436,21.487747,0.07999161,32.306614
Vanuatu,VUT,1984,3.9860766,14.865369,0.30969518,19.920393,0.099901676,37.223362
Vanuatu,VUT,1985,3.9386387,11.576606,0.28916585,23.23298,0.12962608,38.29952
Vanuatu,VUT,1986,4.216634,10.770318,0.22873251,21.769367,0.06961425,37.502186
Vanuatu,VUT,1987,4.420798,11.478215,0.3469236,18.823084,0.45595676,32.273808
Vanuatu,VUT,1988,3.801618,10.29893,0.21723533,15.275594,0.059245996,34.846523
Vanuatu,VUT,1989,3.7727995,9.654802,0.28716847,14.001939,2.5449069,30.222008
Vanuatu,VUT,1990,3.9412317,10.602609,0.20847824,14.931014,2.8789854,32.443188
Vanuatu,VUT,1991,4.416397,12.46339,0.20888364,16.511755,1.4124513,30.855099
Vanuatu,VUT,1992,4.531902,12.340717,0.20916468,16.524012,1.9123628,30.577887
Vanuatu,VUT,1993,4.8258348,10.624863,0.2608559,16.01254,0.95312744,31.342844
Vanuatu,VUT,1994,4.890037,10.1716795,0.22090517,15.834885,1.6969534,31.639647
Vanuatu,VUT,1995,5.387096,12.2817745,0.21106158,15.688911,1.0653584,32.7849
Vanuatu,VUT,1996,5.282988,10.032646,0.19119385,16.664053,2.545897,34.082817
Vanuatu,VUT,1997,4.749825,8.327226,0.2104353,16.413952,2.5051823,31.865915
Vanuatu,VUT,1998,5.779545,10.8903,0.19963886,16.260586,2.0562801,31.70265
Vanuatu,VUT,1999,6.094444,10.458981,0.19883992,16.354584,1.9685152,31.97346
Vanuatu,VUT,2000,6.6536045,11.023136,0.24826883,16.008375,1.9265661,32.086266
Vanuatu,VUT,2001,6.8062835,10.516104,0.23742849,15.610923,1.8796421,30.410631
Vanuatu,VUT,2002,6.7449493,8.557469,0.19808955,15.411368,1.8323284,28.871553
Vanuatu,VUT,2003,6.3438935,9.21847,0.178422,14.779288,2.08159,29.082785
Vanuatu,VUT,2004,6.2969084,8.865253,0.2082442,14.53743,2.2212718,29.749174
Vanuatu,VUT,2005,6.2371187,9.539123,0.21815042,14.8639765,2.1616724,29.7577
Vanuatu,VUT,2006,8.313691,8.363473,0.26882592,14.994513,1.1449993,30.456982
Vanuatu,VUT,2007,8.281404,11.49256,0.21871653,16.22479,1.2725325,32.86713
Vanuatu,VUT,2008,10.471205,10.590196,0.23798192,16.381088,1.5270506,34.854435
Vanuatu,VUT,2009,10.540603,8.208173,0.2580562,15.751353,2.1835525,34.420727
Vanuatu,VUT,2010,11.009723,8.9397745,0.2499937,15.09962,1.5799602,33.78915
Vanuatu,VUT,2011,11.949362,7.6595907,0.28998452,15.17919,1.6599114,35.148125
Vanuatu,VUT,2012,11.719341,9.929442,0.22998707,14.779169,1.6999044,33.518116
Vanuatu,VUT,2013,11.649313,11.069347,0.40997583,14.559142,1.509911,33.908
Vanuatu,VUT,2014,10.969705,14.299615,0.4599876,14.239616,0.3899895,33.989086
Vanuatu,VUT,2015,13.189257,10.049434,0.2999831,14.099206,0.1099938,35.098022
Vanuatu,VUT,2016,14.709621,10.229736,0.2799928,14.429629,0.10999717,34.369114
Vanuatu,VUT,2017,16.71952,9.969714,0.26999226,14.6295805,0.119996555,32.359074
Vanuatu,VUT,2018,18.079176,8.839598,0.24998862,15.549293,0.12999408,32.48852
Vanuatu,VUT,2019,16.069176,8.879544,0.15999179,13.649299,0.119993836,32.968307
Vanuatu,VUT,2020,15.809629,8.659797,0.19999531,13.439684,0.08999789,32.209244
Vanuatu,VUT,2021,18.889257,9.189639,0.08999647,12.419513,0.03999843,31.468763
Vanuatu,VUT,2022,16.879406,8.099715,0.11999577,11.869582,0.029998943,30.748919
Vanuatu,VUT,2023,19.929255,9.139658,0.06999738,11.819557,0.01999925,30.038876
Venezuela,VEN,1961,4.888084,15.343927,0.55863816,4.348067,0.27000841,9.794789
Venezuela,VEN,1962,5.0579934,15.043331,0.7838956,4.572725,0.14931345,9.780031
Venezuela,VEN,1963,5.424371,15.440752,0.52373236,4.5546007,0.02805709,9.988324
Venezuela,VEN,1964,6.3521957,15.955441,0.49655804,4.553344,0.009369019,11.336514
Venezuela,VEN,1965,6.331131,16.057625,0.5721467,3.9299912,0,11.442933
Venezuela,VEN,1966,6.596723,16.768627,0.61932254,3.744086,0,11.129037
Venezuela,VEN,1967,7.178443,16.899837,0.609933,3.8003523,0,9.364818
Venezuela,VEN,1968,7.433187,16.377415,0.55373484,4.04508,0,10.1173935
Venezuela,VEN,1969,7.6581483,18.003696,0.6107726,4.2660117,0,10.834167
Venezuela,VEN,1970,8.202293,16.771854,0.6309457,4.256529,0,9.21934
Venezuela,VEN,1971,8.55051,17.327774,0.6424693,3.8642638,0,9.740969
Venezuela,VEN,1972,9.563316,17.248123,0.63565695,4.0701017,0,10.265385
Venezuela,VEN,1973,10.582083,18.132542,0.7150056,5.920246,0,10.906219
Venezuela,VEN,1974,11.510941,19.053913,0.7475881,5.3002086,0.009584463,10.130777
Venezuela,VEN,1975,12.396926,19.723257,0.7711929,5.9671054,0.009639911,9.582071
Venezuela,VEN,1976,13.393572,20.182491,0.7273844,6.187617,0.019396916,9.145647
Venezuela,VEN,1977,13.984386,20.22027,0.7904643,6.187091,0.04879409,10.412659
Venezuela,VEN,1978,16.037743,22.397875,0.7459415,6.507358,0.0490751,12.523966
Venezuela,VEN,1979,15.748716,22.227682,0.6409934,5.946447,0.019722875,10.709521
Venezuela,VEN,1980,17.215004,21.815565,0.48479035,5.9559956,0.07914944,11.545925
Venezuela,VEN,1981,19.963722,21.252344,0.49562368,6.2745957,0.039649893,11.468732
Venezuela,VEN,1982,21.33405,21.076176,0.5058282,5.62362,0.059509203,12.45726
Venezuela,VEN,1983,19.29005,20.222319,0.43638158,5.9704933,0.009917763,11.514523
Venezuela,VEN,1984,21.312056,16.938572,0.4066051,6.039573,0,12.307241
Venezuela,VEN,1985,20.148983,17.718409,0.40674955,6.5873585,0,10.942554
Venezuela,VEN,1986,18.861618,16.578371,0.40701386,7.4255214,0,11.3765335
Venezuela,VEN,1987,19.4633,15.429559,0.4371543,7.133563,0,13.780295
Venezuela,VEN,1988,20.932852,15.87118,0.43755132,7.746647,0,13.305538
Venezuela,VEN,1989,14.121851,16.68946,0.4478388,7.1554694,0,13.315742
Venezuela,VEN,1990,12.455734,18.28036,0.33852518,5.3168364,0.0099566225,12.923696
Venezuela,VEN,1991,15.494175,15.852652,0.4480963,5.4070287,0.009957695,13.233778
Venezuela,VEN,1992,17.136337,16.757965,0.40824512,6.4124355,0.009957198,13.223159
Venezuela,VEN,1993,18.11906,17.641193,0.45795426,6.2421155,0.009955527,15.86911
Venezuela,VEN,1994,17.848967,15.360265,0.34841818,5.544827,0.0099548055,17.679735
Venezuela,VEN,1995,19.748978,13.567468,0.32848603,6.221326,0.009954121,20.595078
Venezuela,VEN,1996,20.574123,14.651722,0.30856207,5.9721694,0.009953615,19.648438
Venezuela,VEN,1997,20.341307,17.435406,0.40802032,5.732188,0.009951715,18.828646
Venezuela,VEN,1998,22.068787,16.546614,0.38804448,5.084378,0.009949858,20.765356
Venezuela,VEN,1999,26.38601,15.580878,0.34823164,5.332919,0.019898951,16.645472
Venezuela,VEN,2000,28.272497,16.818205,0.38811243,5.105171,0.019903202,15.335417
Venezuela,VEN,2001,35.11478,16.208355,0.25885576,4.729096,0.029867973,19.603348
Venezuela,VEN,2002,35.099136,16.354364,0.26892075,4.6114926,0.019920053,19.103333
Venezuela,VEN,2003,27.149273,16.11023,0.278965,4.573034,0.009963036,17.75413
Venezuela,VEN,2004,29.609976,15.752108,0.2592119,5.3636928,0.009969688,19.919437
Venezuela,VEN,2005,31.5095,15.804639,0.30930796,5.198369,0.009977676,14.228166
Venezuela,VEN,2006,31.560894,19.34603,0.3096164,6.282216,0.019975249,13.273553
Venezuela,VEN,2007,33.988148,22.68544,0.31007436,8.151955,0.020004796,15.093619
Venezuela,VEN,2008,41.29738,27.29436,0.3107327,8.991201,0.010023635,13.291341
Venezuela,VEN,2009,40.60557,25.5795,0.33167917,7.658773,0.020101767,14.483323
Venezuela,VEN,2010,44.369995,19.1,0.37999997,8.09,0.039999995,10.449999
Venezuela,VEN,2011,45.659985,20.279995,0.38999987,8.709997,0.039999988,10.239997
Venezuela,VEN,2012,39.04,24.44,0.31,7.2800007,0.04,11.92
Venezuela,VEN,2013,39.930004,26.210003,0.33000007,7.410001,0.040000007,10.970002
Venezuela,VEN,2014,43.51,25,0.33,8.77,0.04,11.02
Venezuela,VEN,2015,31.010002,18.210001,0.33000004,7.0600004,0.040000003,8.500001
Venezuela,VEN,2016,21.460001,15.050001,0.32000002,6.4600005,0.020000001,9.510001
Venezuela,VEN,2017,15.889995,14.179996,0.31999987,4.529999,0,7.979997
Venezuela,VEN,2018,15.129999,15.229999,0.28,4.68,0.01,6.5699997
Venezuela,VEN,2019,16.770002,12.450002,0.35000002,4.7200003,0,6.710001
Venezuela,VEN,2020,16.1,12.02,0.34,4.5,0.01,7.44
Venezuela,VEN,2021,19.03,13.31,0.39,8.24,0.03,8.77
Venezuela,VEN,2022,18.640003,14.320002,0.34000006,6.840001,0.010000002,8.780001
Venezuela,VEN,2023,19.039993,13.799994,0.34999985,4.7799983,0.019999992,8.749996
Vietnam,VNM,1961,1.6651304,2.0001872,0.0304597,7.482933,0.040612936,14.163761
Vietnam,VNM,1962,1.7532296,1.987673,0.030579584,7.491998,0.050965976,15.860612
Vietnam,VNM,1963,2.0733593,1.950796,0.030640775,7.374213,0.05106796,17.832932
Vietnam,VNM,1964,1.7921737,1.9867526,0.030722978,7.312069,0.051204965,17.870533
Vietnam,VNM,1965,1.9221942,2.0352645,0.03083734,7.359845,0.06167468,18.173473
Vietnam,VNM,1966,1.8180497,2.1072848,0.030989483,7.4891253,0.07230879,17.96357
Vietnam,VNM,1967,1.7972925,1.9842939,0.03116692,7.7086186,0.072722815,18.346928
Vietnam,VNM,1968,1.7982802,2.0701132,0.08364094,7.297672,0.0627307,18.725115
Vietnam,VNM,1969,1.6928724,2.060888,0.031544205,6.9712696,0.052573677,19.504833
Vietnam,VNM,1970,1.6890275,2.1851792,0.031669267,6.5133123,0.06333853,14.947893
Vietnam,VNM,1971,1.7125732,2.0825737,0.042285755,6.4802923,0.074000075,16.269445
Vietnam,VNM,1972,1.9998349,2.1162274,0.042324547,6.4015884,0.08464909,18.315948
Vietnam,VNM,1973,1.9905794,2.0011675,0.04235275,6.2999716,0.0847055,18.328154
Vietnam,VNM,1974,1.9485626,1.9803326,0.042360056,5.835098,0.08472011,12.644476
Vietnam,VNM,1975,1.533978,1.9359859,0.031737473,5.310737,0.063474946,11.732286
Vietnam,VNM,1976,1.6129116,1.8237497,0.031625718,5.239327,0.07379334,12.745164
Vietnam,VNM,1977,1.5322062,1.8155594,0.031483687,5.2892594,0.0839565,11.953307
Vietnam,VNM,1978,1.5256193,1.8809004,0.03134834,5.3710155,0.083595574,11.5466385
Vietnam,VNM,1979,1.6402762,1.9954952,0.031342857,5.4327617,0.08358095,11.58641
Vietnam,VNM,1980,1.8302453,1.9557477,0.020917088,5.553487,0.08366835,10.615421
Vietnam,VNM,1981,2.1322799,2.0068517,0.031357057,7.358456,0.07316647,10.4419
Vietnam,VNM,1982,2.2573256,2.1005669,0.031351745,8.172355,0.06270349,11.391133
Vietnam,VNM,1983,2.67424,2.2146049,0.03133875,9.0464525,0.0626775,12.7757635
Vietnam,VNM,1984,2.7143936,2.3281147,0.041759904,9.166299,0.05219988,12.569731
Vietnam,VNM,1985,2.4742281,2.4011497,0.05219891,9.427122,0.062638685,12.736533
Vietnam,VNM,1986,2.205731,2.2579997,0.05226851,10.255082,0.14635183,12.711701
Vietnam,VNM,1987,2.6925793,2.3258855,0.052384812,10.749364,0.16763139,12.928572
Vietnam,VNM,1988,2.5614023,2.4564266,0.052487753,10.466058,0.15746325,12.439597
Vietnam,VNM,1989,2.5965142,2.4808798,0.042048812,10.985251,0.16819525,14.054815
Vietnam,VNM,1990,2.5878904,2.5037315,0.04207952,10.877556,0.16831808,13.339208
Vietnam,VNM,1991,2.462829,2.4733539,0.031574734,10.324938,0.1894484,12.47202
Vietnam,VNM,1992,2.570066,2.5384667,0.03159917,11.828623,0.18959503,11.881288
Vietnam,VNM,1993,2.4142833,2.456454,0.042170886,12.334985,0.21085444,12.398241
Vietnam,VNM,1994,2.3947415,2.4791377,0.042198088,13.334597,0.22153996,15.381204
Vietnam,VNM,1995,2.4267333,2.5005903,0.052755073,13.885135,0.23212232,16.881622
Vietnam,VNM,1996,2.6897948,2.4049928,0.063289285,14.313927,0.23206072,17.003723
Vietnam,VNM,1997,3.8347878,2.2123773,0.063210785,14.675438,0.25284314,16.329453
Vietnam,VNM,1998,3.983343,2.1650887,0.063060835,15.428885,0.23122308,16.826735
Vietnam,VNM,1999,4.2695613,2.3393419,0.06294193,16.375393,0.24127743,19.417587
Vietnam,VNM,2000,4.7387524,2.400828,0.06290379,17.298542,0.25161517,21.20906
Vietnam,VNM,2001,4.9475956,2.4947624,0.06289317,18.794577,0.22012609,20.262083
Vietnam,VNM,2002,5.4597297,2.556956,0.073355295,20.811947,0.23054521,20.927217
Vietnam,VNM,2003,5.740985,2.5771575,0.07333375,22.440126,0.24095374,25.289665
Vietnam,VNM,2004,5.2791443,2.7757406,0.09427044,24.845495,0.23043883,27.13941
Vietnam,VNM,2005,4.923713,3.1742237,0.11523585,28.128023,0.26189965,28.316591
Vietnam,VNM,2006,5.5517955,3.4542184,0.12522846,30.367903,0.27132833,25.42138
Vietnam,VNM,2007,7.037387,4.398367,0.15523648,31.823477,0.28977475,30.115875
Vietnam,VNM,2008,8.985563,5.1800337,0.13334739,32.670113,0.30772477,31.059687
Vietnam,VNM,2009,10.15024,5.6820946,0.1530187,35.082085,0.3060374,35.071888
Vietnam,VNM,2010,11.87,3.36,0.19,25.24,0.3,33.83
Vietnam,VNM,2011,15.84,5.24,0.15,25.5,0.3,33.41
Vietnam,VNM,2012,12.580001,5.5700006,0.13,25.670002,0.3,34.65
Vietnam,VNM,2013,13.01,5.59,0.14,25.92,0.3,33.55
Vietnam,VNM,2014,8.71,2.54,0.11999999,26.439999,0.3,30.849998
Vietnam,VNM,2015,9.26,2.69,0.15,27.429998,0.31,35.77
Vietnam,VNM,2016,9.54,2.8,0.15,28.51,0.31,33.7
Vietnam,VNM,2017,9.75,2.82,0.18,28.69,0.31,36.32
Vietnam,VNM,2018,11.16,2.99,0.2,29.23,0.29,38.37
Vietnam,VNM,2019,13.7,3.56,0.22,25.16,0.25,39.89
Vietnam,VNM,2020,16.169998,3.9299998,0.22999999,26.859999,0.29999998,40.989998
Vietnam,VNM,2021,16.69,4.62,0.22,31.51,0.25,40.63
Vietnam,VNM,2022,18.109999,5.2399993,0.23999998,34.419994,0.25999996,40.329998
Vietnam,VNM,2023,19.65,5.92,0.24,34.37,0.29,40.06
Western Africa (FAO),,1961,0.81,3.87,1.27,0.56,2.48,6.07
Western Africa (FAO),,1962,0.85,3.68,1.29,0.55,2.43,6.01
Western Africa (FAO),,1963,0.88,3.78,1.37,0.55,2.4,6.86
Western Africa (FAO),,1964,0.91,4.02,1.39,0.56,2.5,7.4
Western Africa (FAO),,1965,0.93,4.15,1.42,0.56,2.48,7.17
Western Africa (FAO),,1966,0.95,4.1,1.47,0.57,2.48,7.49
Western Africa (FAO),,1967,0.97,4.19,1.52,0.59,2.6,7.53
Western Africa (FAO),,1968,0.99,4.11,1.58,0.61,2.72,6.39
Western Africa (FAO),,1969,1.07,4.42,1.65,0.64,2.68,6.93
Western Africa (FAO),,1970,1.11,4.27,1.69,0.64,2.65,8.26
Western Africa (FAO),,1971,1.14,4.13,1.6,0.63,2.67,9.89
Western Africa (FAO),,1972,1.15,3.66,1.5,0.62,2.63,10.63
Western Africa (FAO),,1973,1.17,3.89,1.32,0.62,2.37,10.57
Western Africa (FAO),,1974,1.18,3.75,1.35,0.62,2.37,10.9
Western Africa (FAO),,1975,1.3,3.46,1.49,0.62,2.42,11.55
Western Africa (FAO),,1976,1.34,4.07,1.61,0.64,2.39,12.66
Western Africa (FAO),,1977,1.56,3.91,1.77,0.66,2.48,12.39
Western Africa (FAO),,1978,1.65,4.14,1.91,0.67,2.49,13.5
Western Africa (FAO),,1979,1.66,4.24,1.93,0.67,2.46,13.95
Western Africa (FAO),,1980,1.69,4.87,1.98,0.66,2.57,13.42
Western Africa (FAO),,1981,1.77,4.55,2.01,0.67,2.59,15.26
Western Africa (FAO),,1982,1.73,4.88,2.03,0.66,2.61,15.27
Western Africa (FAO),,1983,1.81,4.9,2.03,0.64,2.62,12.25
Western Africa (FAO),,1984,1.68,4.95,1.81,0.7,2.52,10.31
Western Africa (FAO),,1985,1.69,4.87,1.75,0.78,2.47,9.06
Western Africa (FAO),,1986,1.73,3.75,1.91,0.86,2.49,9.45
Western Africa (FAO),,1987,1.8,3.6,1.92,0.94,2.46,11.31
Western Africa (FAO),,1988,1.87,3.43,1.99,0.97,2.37,10.82
Western Africa (FAO),,1989,1.86,3.22,2.08,1.05,2.36,11.9
Western Africa (FAO),,1990,1.83,3.41,2.06,0.99,2.27,12.37
Western Africa (FAO),,1991,1.76,3.46,2.04,0.98,2.23,11.23
Western Africa (FAO),,1992,1.74,3.35,1.97,1,2.24,10.11
Western Africa (FAO),,1993,1.75,3.35,1.99,1,2.41,9.92
Western Africa (FAO),,1994,1.71,3.31,2.07,1.01,2.46,8.49
Western Africa (FAO),,1995,1.72,3.15,2.15,1.06,2.45,9.64
Western Africa (FAO),,1996,1.68,3.23,2.22,1.05,2.4,10.79
Western Africa (FAO),,1997,1.72,3.33,2.36,1.06,2.46,10.87
Western Africa (FAO),,1998,1.71,3.3,2.45,1.04,2.23,11.08
Western Africa (FAO),,1999,1.83,3.3,2.55,1.07,2.2,11.23
Western Africa (FAO),,2000,1.85,3.14,2.66,1.06,2.14,10.35
Western Africa (FAO),,2001,1.84,3.31,2.75,1.07,2.11,11.56
Western Africa (FAO),,2002,2.12,3.51,2.75,1.19,2.11,10.85
Western Africa (FAO),,2003,2.3,3.46,2.77,1.13,2.16,11.24
Western Africa (FAO),,2004,2.26,3.45,2.79,1.16,2.12,12.26
Western Africa (FAO),,2005,2.21,3.52,2.8,1.17,2.11,12.6
Western Africa (FAO),,2006,2.17,3.36,2.83,1.22,1.87,14.64
Western Africa (FAO),,2007,2.39,3.58,2.85,1.21,1.88,15.62
Western Africa (FAO),,2008,2.59,3.62,2.83,1.22,1.98,15.44
Western Africa (FAO),,2009,2.65,3.41,2.87,1.23,2.02,14.42
Western Africa (FAO),,2010,2.76,2.92,2.64,1.2,1.87,13.3
Western Africa (FAO),,2011,2.77,2.99,2.41,1.24,1.87,14.33
Western Africa (FAO),,2012,2.86,2.81,2.29,1.26,1.82,12.91
Western Africa (FAO),,2013,2.92,2.94,2.33,1.29,1.83,13.15
Western Africa (FAO),,2014,2.97,3.07,2.6,1.31,1.91,12.64
Western Africa (FAO),,2015,2.85,2.91,2.31,1.35,1.92,12.13
Western Africa (FAO),,2016,2.76,2.72,2.28,1.23,1.85,11.32
Western Africa (FAO),,2017,2.85,2.55,2.3,1.32,1.81,11.54
Western Africa (FAO),,2018,2.94,2.59,2.3,1.28,1.79,11.42
Western Africa (FAO),,2019,3.29,2.44,2.09,1.96,1.64,11.3
Western Africa (FAO),,2020,3.54,2.39,1.95,1.95,1.6,11.27
Western Africa (FAO),,2021,3.9,2.18,1.94,1.79,1.59,10.92
Western Africa (FAO),,2022,3.71,2.18,1.94,1.65,1.6,10.67
Western Africa (FAO),,2023,3.62,2.18,1.91,1.6,1.59,10.43
Western Asia (FAO),,1961,2.51,4.09,8.3,0.15,0.66,3.24
Western Asia (FAO),,1962,2.69,4.41,7.93,0.15,0.65,2.92
Western Asia (FAO),,1963,2.69,4.37,7.8,0.15,0.62,4.23
Western Asia (FAO),,1964,2.81,4.38,7.53,0.13,0.61,4.03
Western Asia (FAO),,1965,2.91,4.35,7.53,0.15,0.62,4
Western Asia (FAO),,1966,3.08,4.59,7.59,0.2,0.61,3.73
Western Asia (FAO),,1967,3.25,4.16,7.2,0.2,0.6,4.71
Western Asia (FAO),,1968,3.5,4.46,7.16,0.23,0.63,4.05
Western Asia (FAO),,1969,3.79,4.57,7.41,0.26,0.6,4.47
Western Asia (FAO),,1970,3.99,4.46,7.36,0.26,0.59,4.73
Western Asia (FAO),,1971,4.33,4.26,7.35,0.26,0.63,4.52
Western Asia (FAO),,1972,4.88,3.85,7.06,0.29,0.6,4.71
Western Asia (FAO),,1973,5.01,4.09,6.92,0.31,0.62,4.4
Western Asia (FAO),,1974,5.62,4.13,6.85,0.3,0.86,3.89
Western Asia (FAO),,1975,6.29,4.32,7.38,0.27,0.78,3.83
Western Asia (FAO),,1976,7.17,4,7.08,0.28,0.72,4.51
Western Asia (FAO),,1977,7.73,4.56,7.39,0.31,0.78,4.8
Western Asia (FAO),,1978,8.65,4,7.47,0.28,0.63,5.38
Western Asia (FAO),,1979,9.61,5.15,6.06,0.28,0.71,6.65
Western Asia (FAO),,1980,10.9,4.74,6.11,0.29,0.7,7.62
Western Asia (FAO),,1981,11.66,5.34,6.74,0.29,0.59,7.26
Western Asia (FAO),,1982,12.93,5.62,6.46,0.3,0.53,7.42
Western Asia (FAO),,1983,12.7,5.8,6.65,0.31,0.56,7.12
Western Asia (FAO),,1984,12.81,8.21,6.47,0.32,0.55,6.33
Western Asia (FAO),,1985,12.81,7.73,6.54,0.32,0.57,7.77
Western Asia (FAO),,1986,13.69,8.53,6.35,0.31,0.54,7.32
Western Asia (FAO),,1987,14.09,7.22,6.39,0.32,0.51,6.97
Western Asia (FAO),,1988,14.72,7.01,6.35,0.34,0.51,7.43
Western Asia (FAO),,1989,14.18,6.8,6.13,0.35,0.5,6.25
Western Asia (FAO),,1990,13.6,6.52,5.96,0.36,0.57,6.17
Western Asia (FAO),,1991,12.35,5.97,5.51,0.35,0.58,6.11
Western Asia (FAO),,1992,11.23,6.15,5.25,0.88,0.51,6.84
Western Asia (FAO),,1993,11.41,6.02,5.3,0.7,0.51,6.82
Western Asia (FAO),,1994,11.53,5.84,5.27,0.73,0.51,6.94
Western Asia (FAO),,1995,12.57,6.21,5.23,0.73,0.46,7.84
Western Asia (FAO),,1996,12.22,5.56,5.07,0.7,0.56,7.23
Western Asia (FAO),,1997,12.87,6.13,5.16,0.76,0.5,6.95
Western Asia (FAO),,1998,13.67,5.8,5.17,0.73,0.47,7.21
Western Asia (FAO),,1999,14.99,5.67,5.02,0.67,0.44,7.04
Western Asia (FAO),,2000,15.84,5.98,5.05,0.71,0.44,6.93
Western Asia (FAO),,2001,16.18,5.47,4.77,0.7,0.43,7.16
Western Asia (FAO),,2002,16.59,6.12,4.64,0.7,0.43,6.78
Western Asia (FAO),,2003,17.9,6.01,4.5,0.7,0.44,6.98
Western Asia (FAO),,2004,17.87,6.33,4.39,0.71,0.45,8.01
Western Asia (FAO),,2005,19.26,6,4.47,0.73,0.42,7.69
Western Asia (FAO),,2006,18.28,6.39,4.38,0.77,0.45,8.35
Western Asia (FAO),,2007,20.32,7.14,4.59,0.72,0.49,8.44
Western Asia (FAO),,2008,20.69,6.77,4.67,0.67,0.48,7.79
Western Asia (FAO),,2009,22.83,6.38,4.44,0.6,0.48,7.93
Western Asia (FAO),,2010,21.15,8.01,4.49,0.54,0.42,7.55
Western Asia (FAO),,2011,21.82,8.23,4.72,0.55,0.4,7.25
Western Asia (FAO),,2012,21.69,8.16,4.91,0.55,0.39,7.99
Western Asia (FAO),,2013,22.17,8.44,5.01,0.55,0.42,7.79
Western Asia (FAO),,2014,20.31,8.45,4.97,0.57,0.34,7.62
Western Asia (FAO),,2015,21.83,8.53,4.92,0.58,0.34,7.3
Western Asia (FAO),,2016,22.25,8.33,4.75,0.54,0.33,7.24
Western Asia (FAO),,2017,22.19,8.64,4.69,0.56,0.38,7.28
Western Asia (FAO),,2018,22,8.71,4.79,0.58,0.38,7.15
Western Asia (FAO),,2019,23.25,8.8,3.76,0.58,0.67,7.54
Western Asia (FAO),,2020,23.63,9.98,5.14,0.62,0.72,7.54
Western Asia (FAO),,2021,23.31,10.64,5.58,0.66,0.52,7.24
Western Asia (FAO),,2022,23.76,10.73,5.86,0.59,0.47,7.1
Western Asia (FAO),,2023,23.06,10.71,6.15,0.65,0.5,6.96
Western Europe (FAO),,1961,6.65,22.83,1.13,31.74,3.71,12.61
Western Europe (FAO),,1962,7.12,23.93,1.15,31.98,3.75,12.71
Western Europe (FAO),,1963,7.1,23.8,1.06,31.87,3.83,13.62
Western Europe (FAO),,1964,7.63,22.96,1.05,33.11,3.89,13.78
Western Europe (FAO),,1965,7.77,22.66,1.07,34.64,3.92,14.27
Western Europe (FAO),,1966,7.05,23.59,1.12,34.3,4.04,13.96
Western Europe (FAO),,1967,7.33,24,1.1,35.52,4.2,14.17
Western Europe (FAO),,1968,7.45,24.61,1.1,37.51,4.24,14.83
Western Europe (FAO),,1969,8.31,25.01,1.15,37.05,4.38,14.24
Western Europe (FAO),,1970,8.9,25.65,1.2,38.21,4.49,14.65
Western Europe (FAO),,1971,9.21,25.46,1.26,40.33,4.53,14.62
Western Europe (FAO),,1972,9.69,24.78,1.33,41.49,4.61,14.44
Western Europe (FAO),,1973,10.42,24.78,1.4,41.14,4.65,15.23
Western Europe (FAO),,1974,10.1,25.67,1.41,42.82,4.57,15.56
Western Europe (FAO),,1975,10.32,25.52,1.54,43.56,4.6,15.22
Western Europe (FAO),,1976,10.59,25.87,1.62,43.86,4.69,14.93
Western Europe (FAO),,1977,10.8,25.76,1.67,44.68,4.63,14.88
Western Europe (FAO),,1978,11.36,26.09,1.7,46.77,4.59,15.09
Western Europe (FAO),,1979,11.54,26.51,1.8,48.23,4.7,15.08
Western Europe (FAO),,1980,11.74,26.65,1.87,49.46,4.59,15.74
Western Europe (FAO),,1981,11.96,25.85,1.91,49.51,4.4,16.26
Western Europe (FAO),,1982,12.78,25.26,1.97,48.91,3.94,16
Western Europe (FAO),,1983,12.02,25.34,1.95,49.49,4.09,16.69
Western Europe (FAO),,1984,12.42,25.46,1.97,49.65,3.99,16.28
Western Europe (FAO),,1985,12.61,25.63,1.91,50.39,3.96,16.34
Western Europe (FAO),,1986,13.14,25.5,2.01,50.41,3,17.2
Western Europe (FAO),,1987,13.87,25.65,2.09,50.91,3.22,17.24
Western Europe (FAO),,1988,14.17,24.67,2.09,51.73,3.22,17.94
Western Europe (FAO),,1989,14.46,24.09,2.16,49.98,3.15,18.36
Western Europe (FAO),,1990,15.26,25.14,2.22,48.91,3.14,19.66
Western Europe (FAO),,1991,15.66,25.72,2.14,46.3,3.11,19.05
Western Europe (FAO),,1992,16.17,23.71,2.17,46.55,3.2,19.45
Western Europe (FAO),,1993,15.48,21.5,2.16,48.21,3.08,19.01
Western Europe (FAO),,1994,16.81,20.51,2.16,46.19,2.99,19.66
Western Europe (FAO),,1995,16.81,20.88,2.15,45.28,3.28,19.92
Western Europe (FAO),,1996,18.45,21.14,2.21,45.7,3.35,19.71
Western Europe (FAO),,1997,18.17,19.99,2.16,44.49,3.3,19.66
Western Europe (FAO),,1998,18.64,20.05,2.17,46.99,3.38,21.38
Western Europe (FAO),,1999,17.31,18.5,2.11,47.32,3.48,20.1
Western Europe (FAO),,2000,17.69,18.49,2.14,46.84,4.02,20.39
Western Europe (FAO),,2001,19.01,17.93,1.89,45.51,4.84,22.04
Western Europe (FAO),,2002,18,18.57,1.81,45.07,3.4,21.32
Western Europe (FAO),,2003,17.47,17.79,1.82,45.28,3.45,21.37
Western Europe (FAO),,2004,18.95,18.3,1.82,43.82,2.13,21.13
Western Europe (FAO),,2005,17.8,18.15,1.81,44.07,1.97,21.88
Western Europe (FAO),,2006,16.64,18.17,1.77,42.91,2.87,22.51
Western Europe (FAO),,2007,17.65,18.9,1.77,42.62,2.96,22.57
Western Europe (FAO),,2008,19.83,18.27,1.76,43.63,2.86,22.62
Western Europe (FAO),,2009,19.25,18.45,1.73,43.8,2.99,22.53
Western Europe (FAO),,2010,19.27,18.71,1.88,45.06,2.48,23.01
Western Europe (FAO),,2011,19.09,18.39,1.87,44.11,2.52,23.2
Western Europe (FAO),,2012,20.09,18.27,1.78,43.48,2.59,22.18
Western Europe (FAO),,2013,20.09,17.96,1.73,42.89,2.76,21.91
Western Europe (FAO),,2014,20.08,17.54,1.75,40.55,2.53,22
Western Europe (FAO),,2015,20.3,17.69,1.69,41.23,2.31,21.55
Western Europe (FAO),,2016,20.42,17.84,1.61,38.98,2.43,21.93
Western Europe (FAO),,2017,19.84,17.69,1.59,37.89,2.03,21.72
Western Europe (FAO),,2018,19.91,17.9,1.6,38.47,1.93,21.68
Western Europe (FAO),,2019,18.61,17.77,1.47,38.44,1.24,21.28
Western Europe (FAO),,2020,19.44,17.69,1.49,37.43,1.15,21.2
Western Europe (FAO),,2021,19.09,17.72,1.31,36.71,1.01,21.21
Western Europe (FAO),,2022,19.01,17.31,1.36,35.31,1.05,21.1
Western Europe (FAO),,2023,19.11,16.84,1.29,35,0.97,20.99
World,OWID_WRL,1961,2.8639214,9.327632,1.9092808,7.9752254,0.88503116,8.969643
World,OWID_WRL,1962,2.932771,9.643349,1.9087865,8.241584,0.8649189,9.176093
World,OWID_WRL,1963,3.0029848,9.881108,1.8731489,8.691808,0.8424215,9.435121
World,OWID_WRL,1964,3.0634215,9.842477,1.8281709,8.666519,0.83997047,9.516371
World,OWID_WRL,1965,3.2464237,9.847814,1.795894,9.206423,0.809139,9.877417
World,OWID_WRL,1966,3.373407,10.139947,1.7952048,9.380438,0.8088285,9.982127
World,OWID_WRL,1967,3.5031664,10.35161,1.8058577,9.601636,0.8091821,10.193721
World,OWID_WRL,1968,3.5726912,10.629251,1.8060843,9.583103,0.8092837,10.540426
World,OWID_WRL,1969,3.750331,10.718051,1.7764726,9.296873,0.8290205,10.431842
World,OWID_WRL,1970,4.0066395,10.658055,1.7566054,9.414616,0.81909126,10.737004
World,OWID_WRL,1971,4.10566,10.382583,1.7666181,10.145718,0.80928874,10.826705
World,OWID_WRL,1972,4.3139687,10.296269,1.7275618,10.394986,0.81935793,11.263703
World,OWID_WRL,1973,4.403079,10.168547,1.6388142,10.296887,0.8095347,11.4717
World,OWID_WRL,1974,4.4921207,10.632998,1.5599012,10.317068,0.809569,11.63015
World,OWID_WRL,1975,4.522671,10.980809,1.5997223,10.121699,0.79986113,11.553549
World,OWID_WRL,1976,4.711186,11.338451,1.5506419,10.02485,0.8000127,11.605123
World,OWID_WRL,1977,4.9284945,11.249611,1.5308951,9.965634,0.7901395,11.417516
World,OWID_WRL,1978,5.1944957,11.1098995,1.5504483,10.458119,0.78016186,11.475292
World,OWID_WRL,1979,5.5083528,10.61197,1.530098,11.29311,0.78972805,11.332597
World,OWID_WRL,1980,5.6827955,10.467788,1.5686884,11.701034,0.7695452,11.365591
World,OWID_WRL,1981,5.896231,10.352915,1.577587,11.555824,0.74935377,11.703723
World,OWID_WRL,1982,5.999737,10.176893,1.5762856,11.368959,0.7290321,11.70392
World,OWID_WRL,1983,6.0555778,10.210787,1.5852814,11.648372,0.7384851,11.756682
World,OWID_WRL,1984,6.0550513,10.288665,1.575298,11.834426,0.7285753,12.129794
World,OWID_WRL,1985,6.232324,10.28875,1.5851567,12.188969,0.73842704,12.395728
World,OWID_WRL,1986,6.547703,10.505863,1.6049256,11.982788,0.699078,12.790174
World,OWID_WRL,1987,6.9413447,10.348019,1.6344159,12.346732,0.69905734,13.213169
World,OWID_WRL,1988,7.1680512,10.240072,1.6443193,12.839476,0.6990819,13.233325
World,OWID_WRL,1989,7.196462,10.169557,1.6834407,12.837465,0.679283,13.477369
World,OWID_WRL,1990,7.5284224,10.175672,1.712347,12.832762,0.65935206,13.36418
World,OWID_WRL,1991,7.808388,10.070264,1.7111582,12.77468,0.6687285,12.863189
World,OWID_WRL,1992,8.040083,9.740491,1.6905798,12.94473,0.7076846,12.797297
World,OWID_WRL,1993,8.360336,9.488785,1.6975799,13.040946,0.686882,13.1979475
World,OWID_WRL,1994,8.709137,9.513359,1.6967125,13.191204,0.7159538,13.848312
World,OWID_WRL,1995,9.203552,9.448588,1.7250534,13.222142,0.7449094,14.829578
World,OWID_WRL,1996,9.274263,9.430956,1.6452758,13.103447,0.7442914,15.248181
World,OWID_WRL,1997,9.744558,9.441263,1.6925789,12.963393,0.7239933,15.291912
World,OWID_WRL,1998,9.978577,9.362857,1.7298806,13.643578,0.7427736,15.353912
World,OWID_WRL,1999,10.338919,9.352865,1.7377975,13.697359,0.74198097,15.464445
World,OWID_WRL,2000,10.71683,9.332126,1.7650102,13.837291,0.7508607,15.612053
World,OWID_WRL,2001,10.947028,9.047855,1.7238648,13.664307,0.8181053,15.826443
World,OWID_WRL,2002,11.265466,9.212778,1.7316519,13.853215,0.7977273,15.86699
World,OWID_WRL,2003,11.438454,9.144932,1.7492962,14.198454,0.7871833,16.083807
World,OWID_WRL,2004,11.679358,9.145432,1.7960776,13.999697,0.74755657,16.436537
World,OWID_WRL,2005,11.881161,9.194563,1.8233945,14.073114,0.76621366,16.633625
World,OWID_WRL,2006,12.150185,9.301578,1.8215588,14.330242,0.7945097,17.07227
World,OWID_WRL,2007,12.678563,9.436335,1.8582321,14.556151,0.83233315,17.508032
World,OWID_WRL,2008,13.14676,9.299399,1.8366797,14.819105,0.8506727,17.786793
World,OWID_WRL,2009,13.275227,9.181629,1.8247402,14.887563,0.87857866,18.01569
World,OWID_WRL,2010,13.755179,9.252585,1.7713504,15.209864,0.93020636,18.188503
World,OWID_WRL,2011,14.129561,9.043712,1.7810372,14.812293,0.93999183,18.265526
World,OWID_WRL,2012,14.250831,9.039781,1.8298346,14.837571,0.9447515,18.586744
World,OWID_WRL,2013,14.518314,9.029198,1.8794255,14.856411,0.96457297,18.913586
World,OWID_WRL,2014,14.53792,8.96936,1.9390522,15.035112,0.9347226,19.380577
World,OWID_WRL,2015,14.796681,8.8203335,1.9191931,15.244162,0.9347366,19.649357
World,OWID_WRL,2016,15.095624,8.751086,1.9292167,15.254734,0.90494186,19.74961
World,OWID_WRL,2017,15.246244,8.791702,1.9492916,15.196517,0.8354106,20.00013
World,OWID_WRL,2018,15.694409,8.971076,1.9593148,15.157338,0.84538966,20.110327
World,OWID_WRL,2019,16.343801,9.0289545,1.9333522,14.7791815,0.80722433,20.350027
World,OWID_WRL,2020,16.802376,9.2482815,1.9732326,13.204713,0.7972657,20.091095
World,OWID_WRL,2021,16.64307,9.278263,2.013114,14.45057,0.79727286,20.270662
World,OWID_WRL,2022,16.981688,9.248242,2.2423,15.167914,0.7872965,20.100975
World,OWID_WRL,2023,17.320185,9.357684,2.30205,15.356966,0.7872812,19.93117
Yemen,YEM,1961,0.2566683,3.4008548,4.427528,0.07333379,0.34833553,2.3650148
Yemen,YEM,1962,0.26461086,3.330447,4.4983845,0.063871585,0.33760694,2.0347662
Yemen,YEM,1963,0.24541964,3.2268136,4.4357324,0.09998577,0.33631578,2.2087767
Yemen,YEM,1964,0.27147755,3.2124844,4.425084,0.09049252,0.38911784,2.8686128
Yemen,YEM,1965,0.26990137,3.2298195,4.4443755,0.08097041,0.3778619,2.3571384
Yemen,YEM,1966,0.28601784,3.0568156,4.0042496,0.08044252,0.3753984,2.2523904
Yemen,YEM,1967,0.24848503,2.98182,3.9935093,0.008874465,0.32835522,2.5292225
Yemen,YEM,1968,0.2200874,2.4825857,3.7590928,0,0.29931885,2.7378871
Yemen,YEM,1969,0.22669166,2.2233222,3.1824024,0,0.28772405,1.8484089
Yemen,YEM,1970,0.22436763,2.1401222,3.1152585,0,0.28477433,2.3386014
Yemen,YEM,1971,0.21336642,2.23608,3.4138627,0,0.26457438,2.1763375
Yemen,YEM,1972,0.21078897,2.2680893,3.1112452,0.0084315585,0.25294676,2.824572
Yemen,YEM,1973,0.20836598,2.1586714,3.0421433,0.008334639,0.30838165,4.3006735
Yemen,YEM,1974,0.19818687,2.3204381,3.2370524,0,0.28076476,4.0298
Yemen,YEM,1975,0.19701971,2.4709556,3.439636,0,0.27911127,5.1143036
Yemen,YEM,1976,0.27847648,2.4080026,3.2188606,0,0.24571456,7.5434365
Yemen,YEM,1977,2.0164766,2.6558473,3.2788239,0,0.45903534,6.2707505
Yemen,YEM,1978,4.4560547,3.091285,3.2310505,0,0.27130958,6.758075
Yemen,YEM,1979,6.248563,3.3430226,3.2357156,0,0.2476313,6.9419303
Yemen,YEM,1980,4.300093,3.7284045,3.25614,0,0.33141375,7.9290733
Yemen,YEM,1981,6.7632303,3.5937462,3.2942672,0,0.28284112,6.646766
Yemen,YEM,1982,5.698536,3.626341,3.2670493,0,0.30915812,5.1470647
Yemen,YEM,1983,4.219963,3.4649003,3.322277,0,0.35236272,5.285441
Yemen,YEM,1984,7.017324,3.365623,3.247826,0,0.31132013,5.1241612
Yemen,YEM,1985,6.9683075,3.4209585,3.3451245,0,0.31176224,5.628572
Yemen,YEM,1986,6.597676,3.0923975,3.0923975,0,0.2696368,4.8787413
Yemen,YEM,1987,5.00727,3.0043619,2.9959464,0,0.24405181,4.8557897
Yemen,YEM,1988,6.8800006,2.9858193,3.0194623,0,0.19344746,4.760489
Yemen,YEM,1989,5.059794,2.9431136,3.0949075,0,0.18552579,4.4779177
Yemen,YEM,1990,3.4721758,2.8779159,3.319366,0,0.1867674,4.4909067
Yemen,YEM,1991,3.312919,2.7636268,2.7893748,0,0.17165384,5.9649706
Yemen,YEM,1992,3.6366382,2.7753294,2.740529,0,0.16530174,5.411457
Yemen,YEM,1993,5.274215,2.8928807,2.6106484,0,0.1675754,5.3447733
Yemen,YEM,1994,4.921092,2.8795521,2.353566,0,0.1604704,5.224203
Yemen,YEM,1995,3.8755999,2.6644747,2.2697377,0,0.16148333,5.1495233
Yemen,YEM,1996,4.4271865,2.5375335,2.2765815,0,0.1529719,4.391193
Yemen,YEM,1997,4.4193983,2.5652313,2.3852153,0,0.15301381,4.788432
Yemen,YEM,1998,5.019662,2.7118747,2.4245238,0,0.16163492,4.7143517
Yemen,YEM,1999,5.1297555,2.6409738,2.4171624,0,0.16114417,5.1297555
Yemen,YEM,2000,6.4648194,2.8484497,2.4019842,0,0.14286894,4.3753614
Yemen,YEM,2001,6.9530797,2.9773443,2.4335778,0.008914204,0.14262727,4.510587
Yemen,YEM,2002,7.8530884,3.0984974,2.4040067,0,0.14245965,5.6449637
Yemen,YEM,2003,9.728861,3.5215988,2.0809448,0,0.1689656,7.470058
Yemen,YEM,2004,9.116273,3.4707522,2.0860019,0,0.14202566,8.193106
Yemen,YEM,2005,9.429269,3.428825,2.050225,0.008837177,0.15023202,6.530674
Yemen,YEM,2006,8.170688,3.326198,2.123852,0,0.10531498,5.7221136
Yemen,YEM,2007,9.233011,3.5886798,2.2559905,0,0.10452466,3.3099475
Yemen,YEM,2008,8.305827,3.794233,2.4027262,0.0086429,0.1037148,2.3681548
Yemen,YEM,2009,9.6026945,3.9525378,2.4692643,0.008573834,0.111459844,3.0094159
Yemen,YEM,2010,9.290003,4.2300014,2.6500008,0.030000009,0.10000003,2.5700006
Yemen,YEM,2011,8.539999,4.0899997,3.1199996,0,0.11999999,2.1499999
Yemen,YEM,2012,9.489998,4.0199995,3.4799995,0.009999998,0.109999985,4.549999
Yemen,YEM,2013,9.389998,3.9599993,3.9999993,0.009999998,0.09999998,4.699999
Yemen,YEM,2014,10.17,2.66,4.52,0,0.1,4.62
Yemen,YEM,2015,7.5800004,2.3400002,4.1500006,0,0.09000001,3.9300005
Yemen,YEM,2016,7.9699965,2.049999,3.6499987,0,0.07999997,3.2699986
Yemen,YEM,2017,7.6399994,1.9299998,3.5399997,0,0.07,3.03
Yemen,YEM,2018,8.19,1.8399999,3.3999999,0,0.07,2.56
Yemen,YEM,2019,9.399998,2.1699996,3.7399993,0,0.08999999,2.5199995
Yemen,YEM,2020,9.629998,2.6599996,3.7999992,0.009999998,0.08999998,2.3299994
Yemen,YEM,2021,9.339999,2.2699997,3.8999996,0.009999999,0.14999999,2.1499999
Yemen,YEM,2022,8.01,2.02,4.07,0.01,0.08,2.09
Yemen,YEM,2023,8.15,1.98,3.51,0,0.09,2.02
Yugoslavia,OWID_YGS,1961,3.4861,6.2589054,2.350857,21.619848,0.10046398,1.4667741
Yugoslavia,OWID_YGS,1962,3.3822048,7.5070896,2.7699957,19.199282,0.1806519,0.9634767
Yugoslavia,OWID_YGS,1963,3.4085548,6.4361534,2.1654348,18.757074,0.21052836,1.1629186
Yugoslavia,OWID_YGS,1964,3.7363322,6.210525,1.9733443,21.085733,0.1702886,1.6127331
Yugoslavia,OWID_YGS,1965,4.0869927,6.4552503,2.088463,24.54194,0.13989706,1.7087427
Yugoslavia,OWID_YGS,1966,4.575194,6.9774194,2.3922582,20.812645,0.12958065,2.3822904
Yugoslavia,OWID_YGS,1967,4.812543,7.6563177,2.2670655,24.808458,0.14914905,2.2670655
Yugoslavia,OWID_YGS,1968,5.378137,9.178555,2.6493776,25.134356,0.15876418,2.1929305
Yugoslavia,OWID_YGS,1969,6.0557237,9.554366,2.3489466,21.64599,0.16848984,2.408414
Yugoslavia,OWID_YGS,1970,7.1555877,9.70266,2.0614436,24.34089,0.18830493,2.9732358
Yugoslavia,OWID_YGS,1971,7.4067326,9.37724,2.3665898,27.290047,0.24755122,2.9706147
Yugoslavia,OWID_YGS,1972,7.169963,8.861085,2.3339465,24.417433,0.20768167,2.8778749
Yugoslavia,OWID_YGS,1973,8.210359,9.387506,2.2652676,25.758764,0.21762395,3.1456554
Yugoslavia,OWID_YGS,1974,8.804287,10.317833,2.1466634,31.200811,0.14838687,3.6701016
Yugoslavia,OWID_YGS,1975,8.866207,13.784183,2.562888,29.052662,0.15832514,3.1862934
Yugoslavia,OWID_YGS,1976,9.6532135,15.241395,2.710021,28.039816,0.08901529,2.8682706
Yugoslavia,OWID_YGS,1977,10.658578,13.525914,2.4817283,32.311905,0.1384231,3.2826047
Yugoslavia,OWID_YGS,1978,11.733664,14.009164,2.651452,35.349392,0.10882825,3.5616517
Yugoslavia,OWID_YGS,1979,12.162468,14.5771475,2.8501146,34.191475,0.11875477,2.7808409
Yugoslavia,OWID_YGS,1980,12.18711,13.9819565,2.7368937,33.497196,0.09916282,3.421117
Yugoslavia,OWID_YGS,1981,12.454834,15.130833,2.3974562,34.320427,0.10942745,3.5414703
Yugoslavia,OWID_YGS,1982,11.267441,15.202103,2.2852833,33.68309,0.099360146,3.2292047
Yugoslavia,OWID_YGS,1983,10.976735,14.97008,2.4635568,34.251385,0.09933697,3.9734786
Yugoslavia,OWID_YGS,1984,12.145853,15.115061,2.3315256,38.051693,0.19927569,3.6268177
Yugoslavia,OWID_YGS,1985,11.504684,15.223269,2.5322268,35.341515,0.26917374,3.738524
Yugoslavia,OWID_YGS,1986,13.608646,14.4273615,2.6458483,35.70397,0.27956134,4.0835924
Yugoslavia,OWID_YGS,1987,14.226464,14.176406,2.6230354,37.443336,0.27031285,4.0246577
Yugoslavia,OWID_YGS,1988,13.736767,14.328782,2.8798041,38.43084,0.33112735,4.1240406
Yugoslavia,OWID_YGS,1989,11.936697,14.930918,2.8234105,37.00577,0.32152718,3.9588034
Yugoslavia,OWID_YGS,1990,12.573453,17.956335,2.8119543,38.584026,0.33140892,4.7602367
Yugoslavia,OWID_YGS,1991,9.893001,13.903678,2.3568914,31.857641,0.29708713,2.188542
Zambia,ZMB,1961,1.2192367,8.9345665,0.38040185,0.9071121,3.8722959,8.203025
Zambia,ZMB,1962,1.2168347,8.605454,0.3893871,0.8371822,3.7478507,9.306352
Zambia,ZMB,1963,1.2344882,8.281764,0.37909478,0.70958775,3.7715075,13.3071995
Zambia,ZMB,1964,1.368999,7.301328,0.39807773,0.8544107,3.8545575,13.000636
Zambia,ZMB,1965,1.464567,7.5750117,0.3491683,0.8050268,4.2482142,12.948324
Zambia,ZMB,1966,1.7917615,8.116195,0.3680375,1.133168,4.125894,13.539905
Zambia,ZMB,1967,1.9057655,7.9229536,0.3772835,1.1125027,4.111423,13.83373
Zambia,ZMB,1968,1.7975055,8.813575,0.44454437,1.0340489,4.2908196,14.148108
Zambia,ZMB,1969,2.2232165,8.3708935,0.6572988,1.1212744,4.146782,15.649512
Zambia,ZMB,1970,2.2983108,7.670734,0.339413,1.1055167,4.0050735,16.69912
Zambia,ZMB,1971,1.9604446,7.890546,0.3316175,0.86805755,3.8623686,14.357087
Zambia,ZMB,1972,2.9531434,8.614152,0.38263318,1.2067662,3.9833095,15.207216
Zambia,ZMB,1973,2.7614808,6.9826016,0.32546028,1.2426665,3.9351103,12.890199
Zambia,ZMB,1974,3.3395548,5.9358854,0.35674772,1.248617,4.1323276,10.940263
Zambia,ZMB,1975,4.1680956,5.779627,0.2188499,1.2335175,3.9890368,13.320001
Zambia,ZMB,1976,4.778968,5.367609,0.20951633,1.1174204,4.08058,11.234067
Zambia,ZMB,1977,4.3612523,5.221499,0.24006893,1.3503878,3.8911173,10.883125
Zambia,ZMB,1978,4.060835,5.003349,0.22058855,1.373665,3.9405136,9.254692
Zambia,ZMB,1979,3.9604747,4.8953075,0.23119523,1.186132,3.8700068,9.288016
Zambia,ZMB,1980,4.1312003,4.836528,0.18136978,1.2393602,3.8591459,9.76374
Zambia,ZMB,1981,3.1389523,5.147478,0.19176878,1.2818229,3.865655,7.418424
Zambia,ZMB,1982,3.0374575,5.2777085,0.23209809,1.3118587,4.016306,10.010491
Zambia,ZMB,1983,2.6623228,4.689318,0.24202932,0.99837095,3.922892,9.066015
Zambia,ZMB,1984,2.1281173,4.306664,0.22188902,0.83712673,3.8729718,10.358183
Zambia,ZMB,1985,2.359686,4.6588674,0.24201907,0.86723506,3.8319688,10.174886
Zambia,ZMB,1986,2.287716,4.615744,0.2519511,0.8767898,3.7994225,8.062435
Zambia,ZMB,1987,2.2463467,4.63372,0.2619059,0.8965241,3.7573423,8.84436
Zambia,ZMB,1988,2.377417,4.563432,0.27199265,0.92678976,3.7273066,8.260517
Zambia,ZMB,1989,2.3981183,4.514105,0.27205542,1.2393636,3.6878624,9.118895
Zambia,ZMB,1990,2.4282115,7.0931983,0.2720403,1.2191435,3.6775818,8.473551
Zambia,ZMB,1991,2.6082842,7.2105465,0.28197667,1.1883303,3.635485,8.831913
Zambia,ZMB,1992,2.7977893,6.601978,0.27172774,1.1573589,3.6129725,9.047527
Zambia,ZMB,1993,3.0075245,6.196104,0.2916997,1.1567402,3.5808654,8.932046
Zambia,ZMB,1994,2.8460798,5.873183,0.3017046,1.1766479,3.5601141,8.930456
Zambia,ZMB,1995,2.8477907,4.9509296,0.31194884,1.1069152,3.5320656,8.754693
Zambia,ZMB,1996,3.0531995,4.6452975,0.31237358,1.1789583,3.4965687,8.111636
Zambia,ZMB,1997,3.2489111,5.468664,0.31278336,1.130056,3.4809763,7.708596
Zambia,ZMB,1998,3.4036152,5.564962,0.38379046,1.1513714,3.4440145,7.9384027
Zambia,ZMB,1999,3.434554,5.8993516,0.4545733,1.1111792,3.3941474,7.293376
Zambia,ZMB,2000,3.4887943,5.303774,0.5142442,1.0385717,3.347629,7.2095027
Zambia,ZMB,2001,3.542586,5.2687187,0.57203233,1.0336723,3.3920515,6.4629617
Zambia,ZMB,2002,3.5623038,5.5679703,0.59870654,0.8481676,3.342778,6.5857716
Zambia,ZMB,2003,3.5511203,5.396116,0.65467584,0.8034658,3.4320884,6.9633703
Zambia,ZMB,2004,3.400341,4.9477425,0.6800682,0.8279091,3.1835077,6.928811
Zambia,ZMB,2005,3.3375976,5.0504403,0.7047127,0.8515278,3.4158988,6.8220096
Zambia,ZMB,2006,3.0111725,4.769309,0.6799422,1.0781941,2.768336,5.9543514
Zambia,ZMB,2007,2.9009812,4.664701,0.6746468,1.4071206,2.6889493,6.852484
Zambia,ZMB,2008,2.9560835,4.5154414,0.6505297,1.7889566,2.2864206,6.486164
Zambia,ZMB,2009,2.9661102,5.0480914,0.6559667,1.7207242,2.3861978,7.120566
Zambia,ZMB,2010,3.0799994,11.019999,0.6699999,1.6399997,2.6799996,6.559999
Zambia,ZMB,2011,3.0500007,10.710003,0.6600002,1.8300005,2.6400008,6.2700014
Zambia,ZMB,2012,3.0699997,10.849999,0.6499999,3.3299997,2.5699997,8.159999
Zambia,ZMB,2013,3.11,11.98,0.64,2.33,2.5,9.49
Zambia,ZMB,2014,3.2,11.47,0.65,2.09,2.55,10.64
Zambia,ZMB,2015,3.2799995,11.439998,0.66999996,1.6799997,2.5499997,12.189998
Zambia,ZMB,2016,3.4499984,10.249995,0.6399997,1.6799991,2.5499988,12.339994
Zambia,ZMB,2017,3.4599986,11.509995,0.6299997,1.6799992,2.289999,12.7599945
Zambia,ZMB,2018,3.2999992,11.5599985,0.6199999,1.7699996,2.2399995,12.929997
Zambia,ZMB,2019,2.7000003,9.39,0.53,1.5400001,2.18,12.970001
Zambia,ZMB,2020,3.3100011,10.460004,0.79000026,1.6000006,2.1600008,12.350004
Zambia,ZMB,2021,3.16,9.62,0.84,1.48,2.12,13.63
Zambia,ZMB,2022,4.870001,8.950002,0.8600002,1.2100003,2.0800004,13.260003
Zambia,ZMB,2023,3.3800008,10.080002,0.8700002,1.2900002,2.0100005,12.890002
Zimbabwe,ZWE,1961,0.89763594,10.89,0.680625,1.3415219,2.1602447,1.4993479
Zimbabwe,ZWE,1962,0.89878917,10.242246,0.70125306,1.4420134,2.0938823,1.5309045
Zimbabwe,ZWE,1963,0.8903515,10.120328,0.7320668,1.5432758,2.0774868,1.4344552
Zimbabwe,ZWE,1964,0.871851,7.1333265,0.85203624,1.5059245,2.0112019,1.892313
Zimbabwe,ZWE,1965,0.89264065,6.3079944,0.89264065,1.2794516,2.0233188,1.9340549
Zimbabwe,ZWE,1966,0.9133572,7.416063,0.8637182,1.1218408,1.9557757,2.0947647
Zimbabwe,ZWE,1967,0.9143213,4.2337055,0.92425954,1.699445,1.9975933,2.01747
Zimbabwe,ZWE,1968,0.90509015,4.6646953,1.0443348,1.9892092,2.0389392,2.0488853
Zimbabwe,ZWE,1969,0.8960526,5.1572804,1.284342,1.8717544,1.981272,2.0111403
Zimbabwe,ZWE,1970,0.8982885,6.2480955,1.4172996,1.9462918,2.1059873,1.7167292
Zimbabwe,ZWE,1971,0.8917024,8.38601,1.5128884,1.5930414,2.0439022,1.7232901
Zimbabwe,ZWE,1972,0.8848515,11.93544,1.5082697,1.5082697,1.9808608,1.8601992
Zimbabwe,ZWE,1973,0.97806925,13.047645,1.5225614,1.8553066,2.0973032,1.7040589
Zimbabwe,ZWE,1974,1.0201991,7.363615,1.4242383,1.8080755,2.0302973,1.4444402
Zimbabwe,ZWE,1975,1.0015818,6.3028836,1.3253254,1.7805899,1.9626957,1.3354425
Zimbabwe,ZWE,1976,1.0340972,7.350201,1.1658939,1.6829425,1.8857068,1.317967
Zimbabwe,ZWE,1977,1.0305903,7.0304627,1.1632406,1.6938416,1.9999576,1.3571141
Zimbabwe,ZWE,1978,1.1218275,6.8867745,1.319186,1.5373192,1.9735854,1.5788683
Zimbabwe,ZWE,1979,1.1105658,6.060517,0.9201832,1.2374877,1.9567113,1.7663286
Zimbabwe,ZWE,1980,1.0765847,8.322827,0.54864407,1.2215095,1.9875408,2.7846277
Zimbabwe,ZWE,1981,1.0602721,8.219634,0.7371416,1.2319353,1.8680985,2.7062185
Zimbabwe,ZWE,1982,1.141667,9.022201,0.50516236,1.3235254,1.8589976,2.5460184
Zimbabwe,ZWE,1983,1.1843883,7.3897734,0.55676377,1.4172168,1.842382,1.9031197
Zimbabwe,ZWE,1984,1.0772432,6.412646,0.74187505,1.0670805,1.8191183,2.0325344
Zimbabwe,ZWE,1985,1.0607339,6.4357996,0.7445537,0.92814225,1.8256863,2.0194743
Zimbabwe,ZWE,1986,1.0542428,7.6355844,0.8597709,0.94165385,1.8526015,2.2006042
Zimbabwe,ZWE,1987,1.262106,6.51575,0.9440142,1.0876684,1.8367231,2.1650758
Zimbabwe,ZWE,1988,1.4292934,6.323852,0.94600713,1.1002475,1.8303181,2.3547351
Zimbabwe,ZWE,1989,1.587177,6.657899,1.0100218,1.1440043,1.824223,2.473523
Zimbabwe,ZWE,1990,1.6512505,7.3996663,1.0836331,1.1042738,1.8266958,2.5594382
Zimbabwe,ZWE,1991,1.6607813,7.241419,1.0624874,1.0418565,1.8258278,2.155921
Zimbabwe,ZWE,1992,1.5697846,7.0589013,1.0465231,1.015743,1.3953642,2.2161667
Zimbabwe,ZWE,1993,1.5587629,4.304663,0.9806787,0.7122824,1.6619923,3.0246196
Zimbabwe,ZWE,1994,1.4925928,4.5303345,1.0195881,0.8408974,1.7974182,3.5317688
Zimbabwe,ZWE,1995,1.654441,4.634556,1.028723,1.0075121,1.9619974,3.52099
Zimbabwe,ZWE,1996,1.8472278,4.8728595,1.0934739,0.9023814,2.0701692,3.4715142
Zimbabwe,ZWE,1997,1.9176412,5.350325,1.0594703,0.9429285,2.0235882,3.2525737
Zimbabwe,ZWE,1998,1.9514332,5.1053715,1.0759254,0.9704425,2.0674644,2.531589
Zimbabwe,ZWE,1999,1.9129112,6.506,1.1456445,0.99849755,2.123121,2.1546526
Zimbabwe,ZWE,2000,2.0503438,7.0868287,1.1671188,1.5771874,2.1765187,2.1554894
Zimbabwe,ZWE,2001,3.1751623,8.999799,1.1565162,2.3235462,2.2604635,1.5034709
Zimbabwe,ZWE,2002,2.698105,7.4877644,1.2967637,2.1752164,2.3111677,1.3072214
Zimbabwe,ZWE,2003,3.3049216,7.6562285,1.2432307,2.196374,2.4139395,1.1499884
Zimbabwe,ZWE,2004,3.7260199,8.273201,1.1598904,2.1760774,2.6277163,1.4780905
Zimbabwe,ZWE,2005,4.12383,8.176383,1.1913285,2.2095582,2.5964851,1.0793233
Zimbabwe,ZWE,2006,4.25931,8.21654,1.1277605,2.2051747,2.6381538,1.3593541
Zimbabwe,ZWE,2007,4.467535,8.139073,1.1840461,2.188993,2.6168416,1.0944965
Zimbabwe,ZWE,2008,4.7647185,8.029982,1.0949974,2.1702652,2.6141832,1.1344568
Zimbabwe,ZWE,2009,5.933173,7.9533935,1.0101104,2.481145,2.7949655,1.3337381
Zimbabwe,ZWE,2010,5.9499993,48.579998,1.8399999,1.6399999,2.2499998,2.6899998
Zimbabwe,ZWE,2011,6.5699997,50.429996,1.8199999,1.9099998,2.2899997,3.9899998
Zimbabwe,ZWE,2012,6.6700015,50.50001,1.8600004,2.0000005,2.2300005,4.2200007
Zimbabwe,ZWE,2013,5.0199995,49.839996,1.8699998,1.8999997,2.3499997,4.8099995
Zimbabwe,ZWE,2014,4.5999975,38.95998,1.8799992,1.6299993,2.379999,4.9999976
Zimbabwe,ZWE,2015,4.8000007,43.320004,1.7500002,1.5500002,2.5000002,5.0900006
Zimbabwe,ZWE,2016,5.1199975,43.24998,1.4199992,1.5599992,2.4799988,5.3599977
Zimbabwe,ZWE,2017,5.0699987,41.23999,1.7999995,0.73999983,2.4599996,4.899999
Zimbabwe,ZWE,2018,4.389998,41.03998,1.8199992,0.51999974,2.4299989,4.169998
Zimbabwe,ZWE,2019,7.589997,41.19998,1.7799991,0.6899997,2.409999,3.1899986
Zimbabwe,ZWE,2020,7.2800016,40.49001,1.7700003,0.6500001,2.3300004,3.5000007
Zimbabwe,ZWE,2021,7.4199953,44.309975,1.9699987,0.73999953,2.3799987,2.7199984
Zimbabwe,ZWE,2022,7.6899996,44.729996,2.2099998,0.99999994,2.3599997,2.6799998
Zimbabwe,ZWE,2023,6.4599967,45.479977,2.3099988,0.99999946,2.3299987,2.6299987